ISO-10303-21;
HEADER;
FILE_DESCRIPTION (( 'STEP AP214' ),
    '1' );
FILE_NAME ('przod.STEP',
    '2026-01-17T15:38:15',
    ( '' ),
    ( '' ),
    'SwSTEP 2.0',
    'SolidWorks 2025',
    '' );
FILE_SCHEMA (( 'AUTOMOTIVE_DESIGN' ));
ENDSEC;

DATA;
#1 = LINE ( 'NONE', #2008, #2095 ) ;
#2 = AXIS2_PLACEMENT_3D ( 'NONE', #1317, #1269, #374 ) ;
#3 = VERTEX_POINT ( 'NONE', #1396 ) ;
#4 = CIRCLE ( 'NONE', #1409, 2.507070184150944847 ) ;
#5 = DIRECTION ( 'NONE',  ( 1.000000000000000000, 0.000000000000000000, 0.000000000000000000 ) ) ;
#6 = CARTESIAN_POINT ( 'NONE',  ( -309.7996697739688443, 0.000000000000000000, 3.000000000000000000 ) ) ;
#7 = VERTEX_POINT ( 'NONE', #1181 ) ;
#8 = EDGE_CURVE ( 'NONE', #40, #735, #2373, .T. ) ;
#9 = CARTESIAN_POINT ( 'NONE',  ( -201.7996697739688443, 302.0115101775186872, 0.000000000000000000 ) ) ;
#10 = EDGE_CURVE ( 'NONE', #1113, #784, #2133, .T. ) ;
#11 = DIRECTION ( 'NONE',  ( 1.000000000000000000, 0.000000000000000000, 0.000000000000000000 ) ) ;
#12 = CARTESIAN_POINT ( 'NONE',  ( -322.9886061297115702, 307.1275784802687667, -15.00000000000000000 ) ) ;
#13 = DIRECTION ( 'NONE',  ( 0.000000000000000000, 0.000000000000000000, 1.000000000000000000 ) ) ;
#14 = LINE ( 'NONE', #1305, #1516 ) ;
#15 = DIRECTION ( 'NONE',  ( -1.000000000000000000, 0.000000000000000000, 0.000000000000000000 ) ) ;
#16 = ORIENTED_EDGE ( 'NONE', *, *, #552, .F. ) ;
#17 = ORIENTED_EDGE ( 'NONE', *, *, #1789, .T. ) ;
#18 = CARTESIAN_POINT ( 'NONE',  ( -321.7886061297115816, 309.9275784802687781, -15.00000000000000000 ) ) ;
#19 = EDGE_CURVE ( 'NONE', #117, #1871, #176, .T. ) ;
#20 = FACE_OUTER_BOUND ( 'NONE', #1044, .T. ) ;
#21 = EDGE_CURVE ( 'NONE', #1055, #1826, #2286, .T. ) ;
#22 = VERTEX_POINT ( 'NONE', #1579 ) ;
#23 = DIRECTION ( 'NONE',  ( 0.000000000000000000, 0.000000000000000000, 1.000000000000000000 ) ) ;
#24 = CARTESIAN_POINT ( 'NONE',  ( -186.6109892263183667, 224.8951998256236209, -15.00000000000000000 ) ) ;
#25 = VERTEX_POINT ( 'NONE', #2312 ) ;
#26 = DIRECTION ( 'NONE',  ( -0.000000000000000000, -0.000000000000000000, -1.000000000000000000 ) ) ;
#27 = AXIS2_PLACEMENT_3D ( 'NONE', #244, #234, #1321 ) ;
#28 = TOROIDAL_SURFACE ( 'NONE', #1368, 3.482348964793778645, 1.000000000000000000 ) ;
#29 = CARTESIAN_POINT ( 'NONE',  ( -194.9471186325385190, 231.1159884794925006, 3.000000000000000000 ) ) ;
#30 = EDGE_CURVE ( 'NONE', #1620, #68, #1096, .T. ) ;
#31 = CARTESIAN_POINT ( 'NONE',  ( -189.8109892263183553, 307.9275784802687781, -17.00000000000000000 ) ) ;
#32 = ORIENTED_EDGE ( 'NONE', *, *, #639, .T. ) ;
#33 = EDGE_CURVE ( 'NONE', #1470, #1156, #1387, .T. ) ;
#34 = VECTOR ( 'NONE', #349, 1000.000000000000000 ) ;
#35 = VECTOR ( 'NONE', #2361, 1000.000000000000000 ) ;
#36 = DIRECTION ( 'NONE',  ( -1.000000000000000000, 0.000000000000000000, -0.000000000000000000 ) ) ;
#37 = FACE_OUTER_BOUND ( 'NONE', #550, .T. ) ;
#38 = EDGE_CURVE ( 'NONE', #1122, #388, #2094, .T. ) ;
#39 = CIRCLE ( 'NONE', #801, 1.507070184150943737 ) ;
#40 = VERTEX_POINT ( 'NONE', #1378 ) ;
#41 = ORIENTED_EDGE ( 'NONE', *, *, #267, .F. ) ;
#42 = LINE ( 'NONE', #772, #1948 ) ;
#43 = ORIENTED_EDGE ( 'NONE', *, *, #252, .F. ) ;
#44 = LINE ( 'NONE', #2245, #1561 ) ;
#45 = EDGE_LOOP ( 'NONE', ( #232, #2182, #1836, #962 ) ) ;
#46 = EDGE_CURVE ( 'NONE', #197, #1165, #2113, .T. ) ;
#47 = FACE_BOUND ( 'NONE', #1534, .T. ) ;
#48 = DIRECTION ( 'NONE',  ( 0.000000000000000000, -0.000000000000000000, -1.000000000000000000 ) ) ;
#49 = EDGE_CURVE ( 'NONE', #1546, #117, #1570, .T. ) ;
#50 = ORIENTED_EDGE ( 'NONE', *, *, #1759, .T. ) ;
#51 = DIRECTION ( 'NONE',  ( 1.000000000000000000, 0.000000000000000000, 0.000000000000000000 ) ) ;
#52 = FACE_OUTER_BOUND ( 'NONE', #2320, .T. ) ;
#53 = VERTEX_POINT ( 'NONE', #1937 ) ;
#54 = DIRECTION ( 'NONE',  ( -1.000000000000000000, 0.000000000000000000, 0.000000000000000000 ) ) ;
#55 = DIRECTION ( 'NONE',  ( -0.000000000000000000, -0.000000000000000000, -1.000000000000000000 ) ) ;
#56 = ORIENTED_EDGE ( 'NONE', *, *, #1536, .T. ) ;
#57 = LINE ( 'NONE', #225, #1744 ) ;
#58 = ADVANCED_FACE ( 'NONE', ( #2152 ), #1542, .F. ) ;
#59 = VERTEX_POINT ( 'NONE', #2100 ) ;
#60 = EDGE_LOOP ( 'NONE', ( #285, #1790, #2204, #1503 ) ) ;
#61 = PLANE ( 'NONE',  #831 ) ;
#62 = DIRECTION ( 'NONE',  ( -0.000000000000000000, 0.000000000000000000, -1.000000000000000000 ) ) ;
#63 = ADVANCED_FACE ( 'NONE', ( #109 ), #1942, .T. ) ;
#64 = VECTOR ( 'NONE', #742, 1000.000000000000000 ) ;
#65 = ORIENTED_EDGE ( 'NONE', *, *, #2151, .F. ) ;
#66 = CARTESIAN_POINT ( 'NONE',  ( -318.4594675973322637, 231.1159884794925006, 2.000000000000000000 ) ) ;
#67 = FACE_OUTER_BOUND ( 'NONE', #1582, .T. ) ;
#68 = VERTEX_POINT ( 'NONE', #507 ) ;
#69 = AXIS2_PLACEMENT_3D ( 'NONE', #1062, #675, #1927 ) ;
#70 = AXIS2_PLACEMENT_3D ( 'NONE', #1747, #2153, #333 ) ;
#71 = AXIS2_PLACEMENT_3D ( 'NONE', #345, #2161, #2349 ) ;
#72 = VECTOR ( 'NONE', #2158, 1000.000000000000000 ) ;
#73 = AXIS2_PLACEMENT_3D ( 'NONE', #2327, #886, #1066 ) ;
#74 = ORIENTED_EDGE ( 'NONE', *, *, #402, .T. ) ;
#75 = ORIENTED_EDGE ( 'NONE', *, *, #150, .T. ) ;
#76 = FACE_BOUND ( 'NONE', #604, .T. ) ;
#77 = VECTOR ( 'NONE', #1399, 1000.000000000000000 ) ;
#78 = DIRECTION ( 'NONE',  ( 0.000000000000000000, -1.000000000000000000, 0.000000000000000000 ) ) ;
#79 = ORIENTED_EDGE ( 'NONE', *, *, #166, .F. ) ;
#80 = EDGE_CURVE ( 'NONE', #1628, #2231, #86, .T. ) ;
#81 = DIRECTION ( 'NONE',  ( -1.000000000000000000, 0.000000000000000000, 0.000000000000000000 ) ) ;
#82 = CARTESIAN_POINT ( 'NONE',  ( -304.6109892263183951, 224.9127446127420171, -17.00000000000000000 ) ) ;
#83 = EDGE_CURVE ( 'NONE', #419, #1428, #1004, .T. ) ;
#84 = ORIENTED_EDGE ( 'NONE', *, *, #2296, .T. ) ;
#85 = ORIENTED_EDGE ( 'NONE', *, *, #1494, .F. ) ;
#86 = LINE ( 'NONE', #496, #905 ) ;
#87 = DIRECTION ( 'NONE',  ( 0.000000000000000000, 0.000000000000000000, -1.000000000000000000 ) ) ;
#88 = CARTESIAN_POINT ( 'NONE',  ( -316.9771186325385202, 231.1159884794925006, 3.000000000000000000 ) ) ;
#89 = ORIENTED_EDGE ( 'NONE', *, *, #1242, .T. ) ;
#90 = ADVANCED_FACE ( 'NONE', ( #1029 ), #1760, .T. ) ;
#91 = CARTESIAN_POINT ( 'NONE',  ( -186.6109892263183667, 224.8951998256236209, -15.00000000000000000 ) ) ;
#92 = ORIENTED_EDGE ( 'NONE', *, *, #49, .T. ) ;
#93 = CARTESIAN_POINT ( 'NONE',  ( -304.6109892263183951, 224.0951998256236095, -15.00000000000000000 ) ) ;
#94 = ADVANCED_FACE ( 'NONE', ( #1953 ), #310, .T. ) ;
#95 = ORIENTED_EDGE ( 'NONE', *, *, #135, .T. ) ;
#96 = ORIENTED_EDGE ( 'NONE', *, *, #1923, .F. ) ;
#97 = FACE_OUTER_BOUND ( 'NONE', #1841, .T. ) ;
#98 = CARTESIAN_POINT ( 'NONE',  ( -319.3075426617661492, 303.1159884794925006, 2.000000000000000000 ) ) ;
#99 = EDGE_LOOP ( 'NONE', ( #286, #942, #588, #204 ) ) ;
#100 = ORIENTED_EDGE ( 'NONE', *, *, #1785, .T. ) ;
#101 = DIRECTION ( 'NONE',  ( -0.000000000000000000, 0.000000000000000000, 1.000000000000000000 ) ) ;
#102 = VERTEX_POINT ( 'NONE', #383 ) ;
#103 =( GEOMETRIC_REPRESENTATION_CONTEXT ( 3 ) GLOBAL_UNCERTAINTY_ASSIGNED_CONTEXT ( ( #481 ) ) GLOBAL_UNIT_ASSIGNED_CONTEXT ( ( #1108, #1146, #1529 ) ) REPRESENTATION_CONTEXT ( 'NONE', 'WORKASPACE' ) );
#104 = CARTESIAN_POINT ( 'NONE',  ( -189.8109892263183553, 224.0951998256236095, -17.00000000000000000 ) ) ;
#105 = CIRCLE ( 'NONE', #1439, 2.492872887797314974 ) ;
#106 = EDGE_CURVE ( 'NONE', #59, #257, #2189, .T. ) ;
#107 = AXIS2_PLACEMENT_3D ( 'NONE', #1731, #2248, #2123 ) ;
#108 = TOROIDAL_SURFACE ( 'NONE', #2223, 3.492872887797308756, 1.000000000000000000 ) ;
#109 = FACE_OUTER_BOUND ( 'NONE', #645, .T. ) ;
#110 = FACE_OUTER_BOUND ( 'NONE', #539, .T. ) ;
#111 = LINE ( 'NONE', #122, #1873 ) ;
#112 = CIRCLE ( 'NONE', #224, 2.000000000000001776 ) ;
#113 = ORIENTED_EDGE ( 'NONE', *, *, #2000, .T. ) ;
#114 = AXIS2_PLACEMENT_3D ( 'NONE', #1158, #1893, #1725 ) ;
#115 = CARTESIAN_POINT ( 'NONE',  ( -316.8146697739688307, 303.1159884794925006, -1.000000000000000000 ) ) ;
#116 = DIRECTION ( 'NONE',  ( 1.000000000000000000, 0.000000000000000000, 0.000000000000000000 ) ) ;
#117 = VERTEX_POINT ( 'NONE', #544 ) ;
#118 = FACE_OUTER_BOUND ( 'NONE', #1222, .T. ) ;
#119 = ADVANCED_FACE ( 'NONE', ( #142 ), #2172, .F. ) ;
#120 = DIRECTION ( 'NONE',  ( -0.000000000000000000, 0.000000000000000000, -1.000000000000000000 ) ) ;
#121 = DIRECTION ( 'NONE',  ( -0.000000000000000000, 0.000000000000000000, -1.000000000000000000 ) ) ;
#122 = CARTESIAN_POINT ( 'NONE',  ( -324.9886061297115702, 311.1275784802687667, -15.00000000000000000 ) ) ;
#123 = ADVANCED_FACE ( 'NONE', ( #1604 ), #1436, .T. ) ;
#124 = EDGE_LOOP ( 'NONE', ( #734, #968, #989, #1449 ) ) ;
#125 = ORIENTED_EDGE ( 'NONE', *, *, #697, .T. ) ;
#126 = FACE_OUTER_BOUND ( 'NONE', #249, .T. ) ;
#127 = LINE ( 'NONE', #1224, #983 ) ;
#128 = ORIENTED_EDGE ( 'NONE', *, *, #879, .F. ) ;
#129 = CARTESIAN_POINT ( 'NONE',  ( -193.4400484483875857, 231.1159884794925006, 3.000000000000000000 ) ) ;
#130 = DIRECTION ( 'NONE',  ( -0.000000000000000000, -0.000000000000000000, -1.000000000000000000 ) ) ;
#131 = PLANE ( 'NONE',  #70 ) ;
#132 = EDGE_CURVE ( 'NONE', #884, #816, #554, .T. ) ;
#133 = CARTESIAN_POINT ( 'NONE',  ( -194.9471186325385190, 231.1159884794925006, -1.000000000000000000 ) ) ;
#134 = ORIENTED_EDGE ( 'NONE', *, *, #705, .T. ) ;
#135 = EDGE_CURVE ( 'NONE', #1235, #1495, #356, .T. ) ;
#136 = CARTESIAN_POINT ( 'NONE',  ( -188.6109892263183667, 222.8951998256236209, 3.000000000000000000 ) ) ;
#137 = CARTESIAN_POINT ( 'NONE',  ( -320.9886061297115702, 224.8951998256236209, -15.00000000000000000 ) ) ;
#138 = CYLINDRICAL_SURFACE ( 'NONE', #184, 1.492872887797314085 ) ;
#139 = ORIENTED_EDGE ( 'NONE', *, *, #1316, .F. ) ;
#140 = AXIS2_PLACEMENT_3D ( 'NONE', #210, #1130, #578 ) ;
#141 = AXIS2_PLACEMENT_3D ( 'NONE', #599, #1862, #1720 ) ;
#142 = FACE_OUTER_BOUND ( 'NONE', #2370, .T. ) ;
#143 = AXIS2_PLACEMENT_3D ( 'NONE', #1711, #1519, #87 ) ;
#144 = DIRECTION ( 'NONE',  ( 1.000000000000000000, 0.000000000000000000, 0.000000000000000000 ) ) ;
#145 = DIRECTION ( 'NONE',  ( 0.000000000000000000, 0.000000000000000000, 1.000000000000000000 ) ) ;
#146 = CIRCLE ( 'NONE', #1902, 2.000000000000001776 ) ;
#147 = ORIENTED_EDGE ( 'NONE', *, *, #931, .T. ) ;
#148 = EDGE_LOOP ( 'NONE', ( #1342, #1881, #328, #2001, #2351, #786, #2034, #594, #2022, #724, #1684, #1943, #2244, #171, #1897, #1784, #723, #1443, #1226, #1176 ) ) ;
#149 = DIRECTION ( 'NONE',  ( -0.000000000000000000, 0.000000000000000000, 1.000000000000000000 ) ) ;
#150 = EDGE_CURVE ( 'NONE', #2234, #7, #1825, .T. ) ;
#151 = VECTOR ( 'NONE', #1308, 1000.000000000000000 ) ;
#152 = ORIENTED_EDGE ( 'NONE', *, *, #2119, .T. ) ;
#153 = CARTESIAN_POINT ( 'NONE',  ( -316.8146697739688307, 303.1159884794925006, 3.000000000000000000 ) ) ;
#154 = AXIS2_PLACEMENT_3D ( 'NONE', #88, #1367, #2102 ) ;
#155 = EDGE_CURVE ( 'NONE', #253, #1607, #331, .T. ) ;
#156 = ORIENTED_EDGE ( 'NONE', *, *, #10, .F. ) ;
#157 = DIRECTION ( 'NONE',  ( -0.000000000000000000, 0.000000000000000000, 1.000000000000000000 ) ) ;
#158 = CARTESIAN_POINT ( 'NONE',  ( 0.000000000000000000, 0.000000000000000000, -15.00000000000000000 ) ) ;
#159 = CARTESIAN_POINT ( 'NONE',  ( -322.9886061297115702, 307.1275784802687667, 0.000000000000000000 ) ) ;
#160 = ORIENTED_EDGE ( 'NONE', *, *, #1418, .F. ) ;
#161 = DIRECTION ( 'NONE',  ( 1.000000000000000000, 0.000000000000000000, 0.000000000000000000 ) ) ;
#162 = LINE ( 'NONE', #1950, #2098 ) ;
#163 = EDGE_CURVE ( 'NONE', #784, #1345, #1277, .T. ) ;
#164 = CARTESIAN_POINT ( 'NONE',  ( -187.6109892263183667, 224.0951998256236095, -15.00000000000000000 ) ) ;
#165 = VERTEX_POINT ( 'NONE', #1082 ) ;
#166 = EDGE_CURVE ( 'NONE', #1973, #117, #178, .T. ) ;
#167 = FACE_BOUND ( 'NONE', #646, .T. ) ;
#168 = DIRECTION ( 'NONE',  ( -1.000000000000000000, 0.000000000000000000, 0.000000000000000000 ) ) ;
#169 = DIRECTION ( 'NONE',  ( -0.000000000000000000, 0.000000000000000000, 1.000000000000000000 ) ) ;
#170 = ORIENTED_EDGE ( 'NONE', *, *, #1828, .F. ) ;
#171 = ORIENTED_EDGE ( 'NONE', *, *, #535, .T. ) ;
#172 = DIRECTION ( 'NONE',  ( -1.000000000000000000, 0.000000000000000000, 0.000000000000000000 ) ) ;
#173 = CYLINDRICAL_SURFACE ( 'NONE', #652, 2.000000000000001776 ) ;
#174 = CARTESIAN_POINT ( 'NONE',  ( -187.4109892263183497, 310.1275784802687667, -17.00000000000000000 ) ) ;
#175 = ORIENTED_EDGE ( 'NONE', *, *, #698, .T. ) ;
#176 = CIRCLE ( 'NONE', #2140, 2.000000000000001776 ) ;
#177 = EDGE_CURVE ( 'NONE', #2359, #1055, #1625, .T. ) ;
#178 = LINE ( 'NONE', #1796, #2014 ) ;
#179 = CARTESIAN_POINT ( 'NONE',  ( -321.7886061297115816, 226.0951998256236095, -17.00000000000000000 ) ) ;
#180 = DIRECTION ( 'NONE',  ( 0.000000000000000000, -0.000000000000000000, 1.000000000000000000 ) ) ;
#181 = ORIENTED_EDGE ( 'NONE', *, *, #1732, .F. ) ;
#182 = EDGE_LOOP ( 'NONE', ( #2240, #2084, #2171, #1715, #915, #1483, #2081, #692 ) ) ;
#183 = CARTESIAN_POINT ( 'NONE',  ( -186.6109892263183667, 311.1275784802687667, -15.00000000000000000 ) ) ;
#184 = AXIS2_PLACEMENT_3D ( 'NONE', #153, #504, #867 ) ;
#185 = AXIS2_PLACEMENT_3D ( 'NONE', #1974, #1430, #2002 ) ;
#186 = AXIS2_PLACEMENT_3D ( 'NONE', #774, #1283, #747 ) ;
#187 = CARTESIAN_POINT ( 'NONE',  ( -276.6109892263183383, 223.6951998256236038, -15.00000000000000000 ) ) ;
#188 = DIRECTION ( 'NONE',  ( 0.000000000000000000, 0.000000000000000000, -1.000000000000000000 ) ) ;
#189 = VECTOR ( 'NONE', #26, 1000.000000000000000 ) ;
#190 = ORIENTED_EDGE ( 'NONE', *, *, #155, .T. ) ;
#191 = AXIS2_PLACEMENT_3D ( 'NONE', #2324, #1956, #859 ) ;
#192 = LINE ( 'NONE', #2228, #1951 ) ;
#193 = EDGE_CURVE ( 'NONE', #1051, #22, #1162, .T. ) ;
#194 = EDGE_LOOP ( 'NONE', ( #1256, #805 ) ) ;
#195 = LINE ( 'NONE', #183, #151 ) ;
#196 = ADVANCED_FACE ( 'NONE', ( #1637, #167 ), #1072, .T. ) ;
#197 = VERTEX_POINT ( 'NONE', #1805 ) ;
#198 = FACE_BOUND ( 'NONE', #619, .T. ) ;
#199 = CARTESIAN_POINT ( 'NONE',  ( -197.4541888166894807, 231.1159884794925006, 2.000000000000000000 ) ) ;
#200 = ORIENTED_EDGE ( 'NONE', *, *, #1351, .F. ) ;
#201 = DIRECTION ( 'NONE',  ( -0.000000000000000000, -0.000000000000000000, -1.000000000000000000 ) ) ;
#202 = FACE_OUTER_BOUND ( 'NONE', #1020, .T. ) ;
#203 = CARTESIAN_POINT ( 'NONE',  ( -198.4541888166894807, 231.1159884794925006, -1.000000000000000000 ) ) ;
#204 = ORIENTED_EDGE ( 'NONE', *, *, #2347, .F. ) ;
#205 = LINE ( 'NONE', #930, #189 ) ;
#206 = EDGE_CURVE ( 'NONE', #505, #991, #602, .T. ) ;
#207 = DIRECTION ( 'NONE',  ( 0.000000000000000000, 0.000000000000000000, -1.000000000000000000 ) ) ;
#208 = LINE ( 'NONE', #164, #1056 ) ;
#209 = ORIENTED_EDGE ( 'NONE', *, *, #1888, .F. ) ;
#210 = CARTESIAN_POINT ( 'NONE',  ( -191.4400484483875857, 231.1159884794925006, -1.000000000000000000 ) ) ;
#211 = DIRECTION ( 'NONE',  ( -0.000000000000000000, -0.000000000000000000, -1.000000000000000000 ) ) ;
#212 = CARTESIAN_POINT ( 'NONE',  ( -322.9886061297115702, 307.1275784802687667, 0.000000000000000000 ) ) ;
#213 = ORIENTED_EDGE ( 'NONE', *, *, #639, .F. ) ;
#214 = VERTEX_POINT ( 'NONE', #2211 ) ;
#215 = DIRECTION ( 'NONE',  ( -0.000000000000000000, 0.000000000000000000, -1.000000000000000000 ) ) ;
#216 = VECTOR ( 'NONE', #1775, 1000.000000000000000 ) ;
#217 = AXIS2_PLACEMENT_3D ( 'NONE', #2201, #555, #2011 ) ;
#218 = CARTESIAN_POINT ( 'NONE',  ( -194.7846697739688580, 303.1159884794925006, -1.000000000000000000 ) ) ;
#219 = EDGE_CURVE ( 'NONE', #2199, #1235, #1398, .T. ) ;
#220 = AXIS2_PLACEMENT_3D ( 'NONE', #1320, #1140, #1877 ) ;
#221 = VERTEX_POINT ( 'NONE', #1290 ) ;
#222 = VECTOR ( 'NONE', #710, 1000.000000000000000 ) ;
#223 = EDGE_CURVE ( 'NONE', #2199, #248, #1491, .T. ) ;
#224 = AXIS2_PLACEMENT_3D ( 'NONE', #759, #1665, #1281 ) ;
#225 = CARTESIAN_POINT ( 'NONE',  ( -322.1886061297115589, 310.3275784802687554, -17.00000000000000000 ) ) ;
#226 = CARTESIAN_POINT ( 'NONE',  ( -187.4109892263183497, 308.3275784802687554, -17.00000000000000000 ) ) ;
#227 = AXIS2_PLACEMENT_3D ( 'NONE', #2138, #145, #312 ) ;
#228 = ORIENTED_EDGE ( 'NONE', *, *, #2284, .F. ) ;
#229 = LINE ( 'NONE', #1505, #455 ) ;
#230 = LINE ( 'NONE', #2051, #2186 ) ;
#231 = EDGE_LOOP ( 'NONE', ( #1721, #1046, #1980, #1634 ) ) ;
#232 = ORIENTED_EDGE ( 'NONE', *, *, #1319, .F. ) ;
#233 = CARTESIAN_POINT ( 'NONE',  ( -189.4109892263183497, 310.3275784802687554, -17.00000000000000000 ) ) ;
#234 = DIRECTION ( 'NONE',  ( -0.000000000000000000, 0.000000000000000000, 1.000000000000000000 ) ) ;
#235 = VERTEX_POINT ( 'NONE', #1350 ) ;
#236 = PLANE ( 'NONE',  #449 ) ;
#237 = EDGE_CURVE ( 'NONE', #102, #862, #976, .T. ) ;
#238 = EDGE_LOOP ( 'NONE', ( #335, #1209 ) ) ;
#239 = ORIENTED_EDGE ( 'NONE', *, *, #237, .T. ) ;
#240 = DIRECTION ( 'NONE',  ( -1.000000000000000000, 0.000000000000000000, 0.000000000000000000 ) ) ;
#241 = PLANE ( 'NONE',  #1910 ) ;
#242 = ORIENTED_EDGE ( 'NONE', *, *, #517, .F. ) ;
#243 = CARTESIAN_POINT ( 'NONE',  ( -187.6109892263183667, 224.0951998256236095, -17.00000000000000000 ) ) ;
#244 = CARTESIAN_POINT ( 'NONE',  ( -316.9771186325385202, 231.1159884794925006, 2.000000000000000000 ) ) ;
#245 = EDGE_LOOP ( 'NONE', ( #74, #829 ) ) ;
#246 = CARTESIAN_POINT ( 'NONE',  ( -187.4109892263183497, 225.6951998256236038, -15.00000000000000000 ) ) ;
#247 = ADVANCED_FACE ( 'NONE', ( #617, #47 ), #236, .T. ) ;
#248 = VERTEX_POINT ( 'NONE', #246 ) ;
#249 = EDGE_LOOP ( 'NONE', ( #1147, #1679, #1116, #569 ) ) ;
#250 = DIRECTION ( 'NONE',  ( -0.000000000000000000, 0.000000000000000000, 1.000000000000000000 ) ) ;
#251 = DIRECTION ( 'NONE',  ( -0.000000000000000000, 0.000000000000000000, 1.000000000000000000 ) ) ;
#252 = EDGE_CURVE ( 'NONE', #1161, #3, #2247, .T. ) ;
#253 = VERTEX_POINT ( 'NONE', #2236 ) ;
#254 = CARTESIAN_POINT ( 'NONE',  ( -186.6109892263183667, 224.8951998256236209, -15.00000000000000000 ) ) ;
#255 = VECTOR ( 'NONE', #1427, 1000.000000000000000 ) ;
#256 = DIRECTION ( 'NONE',  ( 0.000000000000000000, 0.000000000000000000, 1.000000000000000000 ) ) ;
#257 = VERTEX_POINT ( 'NONE', #2274 ) ;
#258 = VECTOR ( 'NONE', #840, 1000.000000000000000 ) ;
#259 = TOROIDAL_SURFACE ( 'NONE', #941, 3.507070184150951508, 1.000000000000000000 ) ;
#260 = CIRCLE ( 'NONE', #613, 1.492872887797314085 ) ;
#261 =( LENGTH_UNIT ( ) NAMED_UNIT ( * ) SI_UNIT ( .MILLI., .METRE. ) );
#262 = VECTOR ( 'NONE', #1114, 1000.000000000000000 ) ;
#263 = ORIENTED_EDGE ( 'NONE', *, *, #1036, .F. ) ;
#264 = CARTESIAN_POINT ( 'NONE',  ( -309.7996697739688443, 232.9127446127420171, 3.000000000000000000 ) ) ;
#265 = EDGE_CURVE ( 'NONE', #2196, #634, #589, .T. ) ;
#266 = CARTESIAN_POINT ( 'NONE',  ( -321.7886061297115816, 226.0951998256236095, -15.00000000000000000 ) ) ;
#267 = EDGE_CURVE ( 'NONE', #40, #221, #2046, .T. ) ;
#268 = CARTESIAN_POINT ( 'NONE',  ( -316.9771186325385202, 231.1159884794925006, -1.000000000000000000 ) ) ;
#269 = CARTESIAN_POINT ( 'NONE',  ( -321.7886061297115816, 309.9275784802687781, -17.00000000000000000 ) ) ;
#270 = ORIENTED_EDGE ( 'NONE', *, *, #1834, .F. ) ;
#271 = FACE_OUTER_BOUND ( 'NONE', #2080, .T. ) ;
#272 = ORIENTED_EDGE ( 'NONE', *, *, #1834, .T. ) ;
#273 = CARTESIAN_POINT ( 'NONE',  ( -324.1886061297115589, 308.3275784802687554, -17.00000000000000000 ) ) ;
#274 = CARTESIAN_POINT ( 'NONE',  ( -276.6109892263183383, 222.8951998256236209, 3.000000000000000000 ) ) ;
#275 = DIRECTION ( 'NONE',  ( 1.000000000000000000, 0.000000000000000000, 0.000000000000000000 ) ) ;
#276 = ORIENTED_EDGE ( 'NONE', *, *, #1339, .F. ) ;
#277 = DIRECTION ( 'NONE',  ( -1.000000000000000000, 0.000000000000000000, 0.000000000000000000 ) ) ;
#278 = DIRECTION ( 'NONE',  ( -1.000000000000000000, 0.000000000000000000, 0.000000000000000000 ) ) ;
#279 = EDGE_CURVE ( 'NONE', #359, #446, #1660, .T. ) ;
#280 = EDGE_LOOP ( 'NONE', ( #558, #2088, #1648, #1560 ) ) ;
#281 = CARTESIAN_POINT ( 'NONE',  ( -194.7846697739688580, 303.1159884794925006, 2.000000000000000000 ) ) ;
#282 = CARTESIAN_POINT ( 'NONE',  ( -323.7886061297115816, 310.1275784802687667, -15.00000000000000000 ) ) ;
#283 = CARTESIAN_POINT ( 'NONE',  ( -313.4947696677447766, 231.1159884794925006, -1.000000000000000000 ) ) ;
#284 = FACE_BOUND ( 'NONE', #1812, .T. ) ;
#285 = ORIENTED_EDGE ( 'NONE', *, *, #1053, .F. ) ;
#286 = ORIENTED_EDGE ( 'NONE', *, *, #38, .F. ) ;
#287 = CARTESIAN_POINT ( 'NONE',  ( -186.6109892263183667, 224.8951998256236209, 0.000000000000000000 ) ) ;
#288 = FACE_OUTER_BOUND ( 'NONE', #124, .T. ) ;
#289 = AXIS2_PLACEMENT_3D ( 'NONE', #731, #368, #717 ) ;
#290 = CIRCLE ( 'NONE', #902, 1.507070184150915981 ) ;
#291 = DIRECTION ( 'NONE',  ( -1.000000000000000000, 0.000000000000000000, 0.000000000000000000 ) ) ;
#292 = EDGE_CURVE ( 'NONE', #1435, #2045, #57, .T. ) ;
#293 = AXIS2_PLACEMENT_3D ( 'NONE', #2281, #636, #2092 ) ;
#294 = EDGE_CURVE ( 'NONE', #1618, #1642, #528, .T. ) ;
#295 = AXIS2_PLACEMENT_3D ( 'NONE', #179, #732, #1456 ) ;
#296 = AXIS2_PLACEMENT_3D ( 'NONE', #318, #2302, #667 ) ;
#297 = CARTESIAN_POINT ( 'NONE',  ( -316.9771186325385202, 231.1159884794925006, -1.000000000000000000 ) ) ;
#298 = LINE ( 'NONE', #2314, #1568 ) ;
#299 = VECTOR ( 'NONE', #726, 1000.000000000000000 ) ;
#300 = ORIENTED_EDGE ( 'NONE', *, *, #1081, .F. ) ;
#301 = VERTEX_POINT ( 'NONE', #2076 ) ;
#302 = TOROIDAL_SURFACE ( 'NONE', #1448, 2.492872887797310533, 1.000000000000000000 ) ;
#303 = CARTESIAN_POINT ( 'NONE',  ( -187.6109892263183667, 223.6951998256236038, -17.00000000000000000 ) ) ;
#304 = DIRECTION ( 'NONE',  ( -1.000000000000000000, 0.000000000000000000, 0.000000000000000000 ) ) ;
#305 = ORIENTED_EDGE ( 'NONE', *, *, #193, .T. ) ;
#306 = CYLINDRICAL_SURFACE ( 'NONE', #2372, 2.000000000000001776 ) ;
#307 = EDGE_CURVE ( 'NONE', #2317, #1297, #2366, .T. ) ;
#308 = MANIFOLD_SOLID_BREP ( 'Wytnij-wyci\X2\0105\X0\gni\X2\0119\X0\cie1', #1590 ) ;
#309 = EDGE_CURVE ( 'NONE', #634, #235, #644, .T. ) ;
#310 = CYLINDRICAL_SURFACE ( 'NONE', #1088, 2.000000000000001776 ) ;
#311 = CARTESIAN_POINT ( 'NONE',  ( -276.6109892263183383, 224.0951998256236095, -17.00000000000000000 ) ) ;
#312 = DIRECTION ( 'NONE',  ( -1.000000000000000000, 0.000000000000000000, 0.000000000000000000 ) ) ;
#313 = ORIENTED_EDGE ( 'NONE', *, *, #155, .F. ) ;
#314 = CARTESIAN_POINT ( 'NONE',  ( -315.4947696677447766, 231.1159884794925006, 3.000000000000000000 ) ) ;
#315 = ORIENTED_EDGE ( 'NONE', *, *, #1689, .F. ) ;
#316 = LINE ( 'NONE', #129, #1824 ) ;
#317 = ORIENTED_EDGE ( 'NONE', *, *, #1125, .T. ) ;
#318 = CARTESIAN_POINT ( 'NONE',  ( -320.3075426617661492, 303.1159884794925006, -1.000000000000000000 ) ) ;
#319 = LINE ( 'NONE', #2162, #258 ) ;
#320 = LINE ( 'NONE', #1591, #728 ) ;
#321 = ADVANCED_FACE ( 'NONE', ( #1304 ), #1852, .T. ) ;
#322 = ORIENTED_EDGE ( 'NONE', *, *, #982, .F. ) ;
#323 = ORIENTED_EDGE ( 'NONE', *, *, #1070, .T. ) ;
#324 = DIRECTION ( 'NONE',  ( 0.000000000000000000, 0.000000000000000000, 1.000000000000000000 ) ) ;
#325 = EDGE_CURVE ( 'NONE', #53, #409, #934, .T. ) ;
#326 = ORIENTED_EDGE ( 'NONE', *, *, #2010, .T. ) ;
#327 = CARTESIAN_POINT ( 'NONE',  ( -304.6109892263183951, 224.9127446127420171, -12.00000000000000000 ) ) ;
#328 = ORIENTED_EDGE ( 'NONE', *, *, #767, .F. ) ;
#329 = VECTOR ( 'NONE', #1696, 1000.000000000000000 ) ;
#330 = AXIS2_PLACEMENT_3D ( 'NONE', #199, #2362, #713 ) ;
#331 = LINE ( 'NONE', #2026, #1898 ) ;
#332 = VECTOR ( 'NONE', #1532, 1000.000000000000000 ) ;
#333 = DIRECTION ( 'NONE',  ( 0.000000000000000000, -0.000000000000000000, 1.000000000000000000 ) ) ;
#334 = CARTESIAN_POINT ( 'NONE',  ( -201.7996697739688443, 0.000000000000000000, 3.000000000000000000 ) ) ;
#335 = ORIENTED_EDGE ( 'NONE', *, *, #1464, .T. ) ;
#336 = EDGE_CURVE ( 'NONE', #1059, #1559, #979, .T. ) ;
#337 = CIRCLE ( 'NONE', #1175, 1.482348964793767099 ) ;
#338 = CARTESIAN_POINT ( 'NONE',  ( -322.1886061297115589, 308.3275784802687554, -15.00000000000000000 ) ) ;
#339 = AXIS2_PLACEMENT_3D ( 'NONE', #98, #1167, #826 ) ;
#340 = EDGE_CURVE ( 'NONE', #665, #1470, #1438, .T. ) ;
#341 = ORIENTED_EDGE ( 'NONE', *, *, #893, .F. ) ;
#342 = DIRECTION ( 'NONE',  ( 0.000000000000000000, 0.000000000000000000, -1.000000000000000000 ) ) ;
#343 = PRODUCT_DEFINITION_FORMATION_WITH_SPECIFIED_SOURCE ( 'ANY', '', #1894, .NOT_KNOWN. ) ;
#344 = DIRECTION ( 'NONE',  ( -0.000000000000000000, 0.000000000000000000, -1.000000000000000000 ) ) ;
#345 = CARTESIAN_POINT ( 'NONE',  ( -320.9886061297115702, 307.1275784802687667, 0.000000000000000000 ) ) ;
#346 = DIRECTION ( 'NONE',  ( -1.000000000000000000, 0.000000000000000000, 0.000000000000000000 ) ) ;
#347 = DIRECTION ( 'NONE',  ( 1.224646799147353207E-16, 1.000000000000000000, 0.000000000000000000 ) ) ;
#348 = ORIENTED_EDGE ( 'NONE', *, *, #2368, .F. ) ;
#349 = DIRECTION ( 'NONE',  ( 1.000000000000000000, 0.000000000000000000, 0.000000000000000000 ) ) ;
#350 = VERTEX_POINT ( 'NONE', #562 ) ;
#351 = DIRECTION ( 'NONE',  ( 1.000000000000000000, 0.000000000000000000, 0.000000000000000000 ) ) ;
#352 = EDGE_CURVE ( 'NONE', #1123, #1504, #1811, .T. ) ;
#353 = CARTESIAN_POINT ( 'NONE',  ( -304.6109892263183951, 223.6951998256236038, -17.00000000000000000 ) ) ;
#354 = VERTEX_POINT ( 'NONE', #926 ) ;
#355 = UNCERTAINTY_MEASURE_WITH_UNIT (LENGTH_MEASURE( 1.000000000000000082E-05 ), #261, 'distance_accuracy_value', 'NONE');
#356 = LINE ( 'NONE', #518, #494 ) ;
#357 = CARTESIAN_POINT ( 'NONE',  ( -319.4594675973322637, 231.1159884794925006, 3.000000000000000000 ) ) ;
#358 = FACE_OUTER_BOUND ( 'NONE', #1455, .T. ) ;
#359 = VERTEX_POINT ( 'NONE', #364 ) ;
#360 = ORIENTED_EDGE ( 'NONE', *, *, #727, .F. ) ;
#361 = CARTESIAN_POINT ( 'NONE',  ( -190.6109892263183667, 309.1275784802687667, -15.00000000000000000 ) ) ;
#362 = ORIENTED_EDGE ( 'NONE', *, *, #1952, .F. ) ;
#363 = LINE ( 'NONE', #933, #1868 ) ;
#364 = CARTESIAN_POINT ( 'NONE',  ( -276.6109892263183383, 224.0951998256236095, -15.00000000000000000 ) ) ;
#365 = ORIENTED_EDGE ( 'NONE', *, *, #1026, .F. ) ;
#366 = EDGE_CURVE ( 'NONE', #1369, #359, #208, .T. ) ;
#367 = VECTOR ( 'NONE', #600, 1000.000000000000000 ) ;
#368 = DIRECTION ( 'NONE',  ( 0.000000000000000000, 0.000000000000000000, -1.000000000000000000 ) ) ;
#369 = EDGE_CURVE ( 'NONE', #1232, #884, #749, .T. ) ;
#370 = FACE_OUTER_BOUND ( 'NONE', #1400, .T. ) ;
#371 = AXIS2_PLACEMENT_3D ( 'NONE', #2233, #950, #587 ) ;
#372 = CARTESIAN_POINT ( 'NONE',  ( -190.6109892263183667, 224.8951998256236209, -15.00000000000000000 ) ) ;
#373 = AXIS2_PLACEMENT_3D ( 'NONE', #1589, #657, #1397 ) ;
#374 = DIRECTION ( 'NONE',  ( -1.000000000000000000, 0.000000000000000000, 0.000000000000000000 ) ) ;
#375 = VECTOR ( 'NONE', #48, 1000.000000000000000 ) ;
#376 = VERTEX_POINT ( 'NONE', #2185 ) ;
#377 = TOROIDAL_SURFACE ( 'NONE', #186, 2.492872887797310533, 1.000000000000000000 ) ;
#378 = CARTESIAN_POINT ( 'NONE',  ( -188.6109892263183667, 311.1275784802687667, -15.00000000000000000 ) ) ;
#379 = DIRECTION ( 'NONE',  ( -0.000000000000000000, 0.000000000000000000, -1.000000000000000000 ) ) ;
#380 = AXIS2_PLACEMENT_3D ( 'NONE', #570, #1820, #1460 ) ;
#381 = ORIENTED_EDGE ( 'NONE', *, *, #1759, .F. ) ;
#382 = AXIS2_PLACEMENT_3D ( 'NONE', #334, #1422, #1967 ) ;
#383 = CARTESIAN_POINT ( 'NONE',  ( -191.4400484483875857, 231.1159884794925006, 0.000000000000000000 ) ) ;
#384 = FACE_OUTER_BOUND ( 'NONE', #398, .T. ) ;
#385 = DIRECTION ( 'NONE',  ( -1.000000000000000000, 0.000000000000000000, 0.000000000000000000 ) ) ;
#386 = EDGE_CURVE ( 'NONE', #1518, #1012, #889, .T. ) ;
#387 = ORIENTED_EDGE ( 'NONE', *, *, #1070, .F. ) ;
#388 = VERTEX_POINT ( 'NONE', #12 ) ;
#389 = DIRECTION ( 'NONE',  ( 1.000000000000000000, 0.000000000000000000, 0.000000000000000000 ) ) ;
#390 = ORIENTED_EDGE ( 'NONE', *, *, #1125, .F. ) ;
#391 = DIRECTION ( 'NONE',  ( -1.000000000000000000, 0.000000000000000000, -0.000000000000000000 ) ) ;
#392 = CYLINDRICAL_SURFACE ( 'NONE', #2293, 2.000000000000001776 ) ;
#393 = EDGE_LOOP ( 'NONE', ( #1080, #1352, #1474, #2229 ) ) ;
#394 = DIRECTION ( 'NONE',  ( -0.000000000000000000, 0.000000000000000000, 1.000000000000000000 ) ) ;
#395 = CARTESIAN_POINT ( 'NONE',  ( -194.9471186325385190, 231.1159884794925006, -1.000000000000000000 ) ) ;
#396 = DIRECTION ( 'NONE',  ( -1.000000000000000000, 0.000000000000000000, 0.000000000000000000 ) ) ;
#397 = ORIENTED_EDGE ( 'NONE', *, *, #279, .F. ) ;
#398 = EDGE_LOOP ( 'NONE', ( #637, #960, #263, #397, #1052, #1197, #1875, #1664 ) ) ;
#399 = EDGE_CURVE ( 'NONE', #102, #1884, #2055, .T. ) ;
#400 = DIRECTION ( 'NONE',  ( -0.000000000000000000, -0.000000000000000000, -1.000000000000000000 ) ) ;
#401 = ORIENTED_EDGE ( 'NONE', *, *, #561, .T. ) ;
#402 = EDGE_CURVE ( 'NONE', #862, #2099, #1324, .T. ) ;
#403 = FACE_OUTER_BOUND ( 'NONE', #932, .T. ) ;
#404 = CARTESIAN_POINT ( 'NONE',  ( -192.2917968861715394, 303.1159884794925006, -1.000000000000000000 ) ) ;
#405 = EDGE_LOOP ( 'NONE', ( #89, #1090, #1593, #1935, #1340, #1193, #228, #431, #387, #1643, #995, #1970, #1776, #2030, #2122, #1423, #2074, #175, #2325, #1356 ) ) ;
#406 = CARTESIAN_POINT ( 'NONE',  ( -193.2917968861715394, 303.1159884794925006, 3.000000000000000000 ) ) ;
#407 = CARTESIAN_POINT ( 'NONE',  ( -189.4109892263183497, 310.3275784802687554, -15.00000000000000000 ) ) ;
#408 = VECTOR ( 'NONE', #1745, 1000.000000000000000 ) ;
#409 = VERTEX_POINT ( 'NONE', #1263 ) ;
#410 = VECTOR ( 'NONE', #1840, 1000.000000000000000 ) ;
#411 = LINE ( 'NONE', #1005, #1706 ) ;
#412 = DIRECTION ( 'NONE',  ( -1.000000000000000000, 0.000000000000000000, 0.000000000000000000 ) ) ;
#413 = AXIS2_PLACEMENT_3D ( 'NONE', #980, #595, #631 ) ;
#414 = ORIENTED_EDGE ( 'NONE', *, *, #8, .F. ) ;
#415 = DIRECTION ( 'NONE',  ( 0.000000000000000000, -1.000000000000000000, 0.000000000000000000 ) ) ;
#416 = CARTESIAN_POINT ( 'NONE',  ( -190.6109892263183667, 309.1275784802687667, 0.000000000000000000 ) ) ;
#417 = EDGE_CURVE ( 'NONE', #1151, #1382, #1302, .T. ) ;
#418 = VECTOR ( 'NONE', #2108, 1000.000000000000000 ) ;
#419 = VERTEX_POINT ( 'NONE', #1454 ) ;
#420 = CIRCLE ( 'NONE', #1755, 3.492872887797315862 ) ;
#421 = AXIS2_PLACEMENT_3D ( 'NONE', #1447, #1639, #396 ) ;
#422 = SURFACE_STYLE_FILL_AREA ( #2035 ) ;
#423 = CARTESIAN_POINT ( 'NONE',  ( -322.9886061297115702, 226.8951998256236209, -15.00000000000000000 ) ) ;
#424 = EDGE_LOOP ( 'NONE', ( #855, #100, #160, #923, #2053, #479, #967, #1296 ) ) ;
#425 = ORIENTED_EDGE ( 'NONE', *, *, #2115, .T. ) ;
#426 = FACE_BOUND ( 'NONE', #194, .T. ) ;
#427 = DIRECTION ( 'NONE',  ( -1.000000000000000000, 0.000000000000000000, 0.000000000000000000 ) ) ;
#428 = ORIENTED_EDGE ( 'NONE', *, *, #237, .F. ) ;
#429 = CARTESIAN_POINT ( 'NONE',  ( -194.7846697739688580, 303.1159884794925006, -1.000000000000000000 ) ) ;
#430 = LINE ( 'NONE', #269, #2218 ) ;
#431 = ORIENTED_EDGE ( 'NONE', *, *, #1729, .T. ) ;
#432 = EDGE_CURVE ( 'NONE', #1538, #2234, #1, .T. ) ;
#433 = CARTESIAN_POINT ( 'NONE',  ( -187.4109892263183497, 310.1275784802687667, -15.00000000000000000 ) ) ;
#434 = EDGE_CURVE ( 'NONE', #1855, #1156, #290, .T. ) ;
#435 = ORIENTED_EDGE ( 'NONE', *, *, #924, .F. ) ;
#436 = ORIENTED_EDGE ( 'NONE', *, *, #2329, .F. ) ;
#437 = PLANE ( 'NONE',  #2018 ) ;
#438 = DIRECTION ( 'NONE',  ( -1.000000000000000000, 0.000000000000000000, 0.000000000000000000 ) ) ;
#439 = ORIENTED_EDGE ( 'NONE', *, *, #2315, .T. ) ;
#440 = CARTESIAN_POINT ( 'NONE',  ( -187.8109892263183553, 310.1275784802687667, -17.00000000000000000 ) ) ;
#441 = FACE_OUTER_BOUND ( 'NONE', #1275, .T. ) ;
#442 = EDGE_LOOP ( 'NONE', ( #466, #527, #516, #2348 ) ) ;
#443 = EDGE_CURVE ( 'NONE', #22, #1559, #2258, .T. ) ;
#444 = EDGE_CURVE ( 'NONE', #1151, #2199, #526, .T. ) ;
#445 = ORIENTED_EDGE ( 'NONE', *, *, #1351, .T. ) ;
#446 = VERTEX_POINT ( 'NONE', #2033 ) ;
#447 = DIRECTION ( 'NONE',  ( 0.000000000000000000, -0.000000000000000000, 1.000000000000000000 ) ) ;
#448 = DIRECTION ( 'NONE',  ( 0.000000000000000000, 0.000000000000000000, 1.000000000000000000 ) ) ;
#449 = AXIS2_PLACEMENT_3D ( 'NONE', #2060, #1889, #777 ) ;
#450 = EDGE_LOOP ( 'NONE', ( #1835, #134, #1231, #750 ) ) ;
#451 = CARTESIAN_POINT ( 'NONE',  ( -188.6109892263183667, 307.1275784802687667, -15.00000000000000000 ) ) ;
#452 = CIRCLE ( 'NONE', #27, 1.482348964793767099 ) ;
#453 = CARTESIAN_POINT ( 'NONE',  ( -316.9771186325385202, 231.1159884794925006, 3.000000000000000000 ) ) ;
#454 = ORIENTED_EDGE ( 'NONE', *, *, #309, .F. ) ;
#455 = VECTOR ( 'NONE', #1182, 1000.000000000000000 ) ;
#456 = VECTOR ( 'NONE', #1987, 1000.000000000000000 ) ;
#457 = AXIS2_PLACEMENT_3D ( 'NONE', #268, #1885, #2082 ) ;
#458 = AXIS2_PLACEMENT_3D ( 'NONE', #548, #1644, #1485 ) ;
#459 = ORIENTED_EDGE ( 'NONE', *, *, #1964, .F. ) ;
#460 = CARTESIAN_POINT ( 'NONE',  ( -190.6109892263183667, 307.1275784802687667, 0.000000000000000000 ) ) ;
#461 = FACE_BOUND ( 'NONE', #1610, .T. ) ;
#462 = VECTOR ( 'NONE', #2213, 1000.000000000000000 ) ;
#463 = CARTESIAN_POINT ( 'NONE',  ( -190.6109892263183667, 226.8951998256236209, -15.00000000000000000 ) ) ;
#464 = ADVANCED_FACE ( 'NONE', ( #1247 ), #392, .F. ) ;
#465 = ORIENTED_EDGE ( 'NONE', *, *, #1774, .T. ) ;
#466 = ORIENTED_EDGE ( 'NONE', *, *, #2368, .T. ) ;
#467 = CARTESIAN_POINT ( 'NONE',  ( -191.2917968861715394, 303.1159884794925006, 0.000000000000000000 ) ) ;
#468 = CARTESIAN_POINT ( 'NONE',  ( -323.7886061297115816, 310.1275784802687667, -17.00000000000000000 ) ) ;
#469 = ORIENTED_EDGE ( 'NONE', *, *, #2052, .T. ) ;
#470 = DIRECTION ( 'NONE',  ( 0.000000000000000000, 0.000000000000000000, -1.000000000000000000 ) ) ;
#471 = CARTESIAN_POINT ( 'NONE',  ( -321.7886061297115816, 307.9275784802687781, -15.00000000000000000 ) ) ;
#472 = FACE_OUTER_BOUND ( 'NONE', #2273, .T. ) ;
#473 = CARTESIAN_POINT ( 'NONE',  ( -186.6109892263183667, 309.1275784802687667, 0.000000000000000000 ) ) ;
#474 = EDGE_CURVE ( 'NONE', #1123, #816, #1285, .T. ) ;
#475 = ORIENTED_EDGE ( 'NONE', *, *, #1645, .F. ) ;
#476 = DIRECTION ( 'NONE',  ( 0.000000000000000000, -1.000000000000000000, 0.000000000000000000 ) ) ;
#477 = CARTESIAN_POINT ( 'NONE',  ( -194.9471186325385190, 231.1159884794925006, 3.000000000000000000 ) ) ;
#478 = ADVANCED_FACE ( 'NONE', ( #1106 ), #1878, .F. ) ;
#479 = ORIENTED_EDGE ( 'NONE', *, *, #1933, .T. ) ;
#480 = DIRECTION ( 'NONE',  ( -1.000000000000000000, 0.000000000000000000, 0.000000000000000000 ) ) ;
#481 = UNCERTAINTY_MEASURE_WITH_UNIT (LENGTH_MEASURE( 1.000000000000000082E-05 ), #1108, 'distance_accuracy_value', 'NONE');
#482 = CARTESIAN_POINT ( 'NONE',  ( 0.000000000000000000, 222.8951998256236209, 3.000000000000000000 ) ) ;
#483 = CARTESIAN_POINT ( 'NONE',  ( -304.6109892263183951, 223.6951998256236038, -17.00000000000000000 ) ) ;
#484 = PLANE ( 'NONE',  #1259 ) ;
#485 = VERTEX_POINT ( 'NONE', #404 ) ;
#486 = DIRECTION ( 'NONE',  ( 0.000000000000000000, 1.000000000000000000, 0.000000000000000000 ) ) ;
#487 = CYLINDRICAL_SURFACE ( 'NONE', #2058, 2.000000000000001776 ) ;
#488 = EDGE_LOOP ( 'NONE', ( #1695, #475, #2105, #139 ) ) ;
#489 = AXIS2_PLACEMENT_3D ( 'NONE', #975, #955, #1688 ) ;
#490 = CARTESIAN_POINT ( 'NONE',  ( -316.8146697739688307, 303.1159884794925006, 2.000000000000000000 ) ) ;
#491 = EDGE_CURVE ( 'NONE', #1642, #2221, #1552, .T. ) ;
#492 = CIRCLE ( 'NONE', #1788, 1.000000000000000000 ) ;
#493 = AXIS2_PLACEMENT_3D ( 'NONE', #490, #1198, #666 ) ;
#494 = VECTOR ( 'NONE', #1615, 1000.000000000000000 ) ;
#495 = AXIS2_PLACEMENT_3D ( 'NONE', #29, #1839, #1301 ) ;
#496 = CARTESIAN_POINT ( 'NONE',  ( -186.6109892263183667, 309.1275784802687667, 3.000000000000000000 ) ) ;
#497 = DIRECTION ( 'NONE',  ( -0.000000000000000000, -0.000000000000000000, -1.000000000000000000 ) ) ;
#498 = CARTESIAN_POINT ( 'NONE',  ( -201.7996697739688443, 232.9127446127420171, 0.000000000000000000 ) ) ;
#499 = AXIS2_PLACEMENT_3D ( 'NONE', #1928, #1557, #1544 ) ;
#500 = ORIENTED_EDGE ( 'NONE', *, *, #1923, .T. ) ;
#501 = CIRCLE ( 'NONE', #1833, 3.482348964793768875 ) ;
#502 = CARTESIAN_POINT ( 'NONE',  ( -323.7886061297115816, 310.1275784802687667, -17.00000000000000000 ) ) ;
#503 = DIRECTION ( 'NONE',  ( 0.000000000000000000, 0.000000000000000000, -1.000000000000000000 ) ) ;
#504 = DIRECTION ( 'NONE',  ( -0.000000000000000000, -0.000000000000000000, -1.000000000000000000 ) ) ;
#505 = VERTEX_POINT ( 'NONE', #1728 ) ;
#506 = EDGE_CURVE ( 'NONE', #2289, #354, #783, .T. ) ;
#507 = CARTESIAN_POINT ( 'NONE',  ( -319.3075426617661492, 303.1159884794925006, -1.000000000000000000 ) ) ;
#508 = ADVANCED_FACE ( 'NONE', ( #1127 ), #2134, .T. ) ;
#509 = LINE ( 'NONE', #1605, #1708 ) ;
#510 = FACE_OUTER_BOUND ( 'NONE', #2178, .T. ) ;
#511 = VERTEX_POINT ( 'NONE', #797 ) ;
#512 = ORIENTED_EDGE ( 'NONE', *, *, #2097, .T. ) ;
#513 = DIRECTION ( 'NONE',  ( -1.000000000000000000, 0.000000000000000000, 0.000000000000000000 ) ) ;
#514 = ORIENTED_EDGE ( 'NONE', *, *, #1815, .F. ) ;
#515 = LINE ( 'NONE', #327, #2183 ) ;
#516 = ORIENTED_EDGE ( 'NONE', *, *, #434, .T. ) ;
#517 = EDGE_CURVE ( 'NONE', #1059, #1051, #681, .T. ) ;
#518 = CARTESIAN_POINT ( 'NONE',  ( -189.4109892263183497, 310.3275784802687554, -17.00000000000000000 ) ) ;
#519 = CARTESIAN_POINT ( 'NONE',  ( -316.9771186325385202, 231.1159884794925006, -1.000000000000000000 ) ) ;
#520 = CARTESIAN_POINT ( 'NONE',  ( -194.9471186325385190, 231.1159884794925006, 3.000000000000000000 ) ) ;
#521 = ORIENTED_EDGE ( 'NONE', *, *, #1026, .T. ) ;
#522 = ORIENTED_EDGE ( 'NONE', *, *, #1954, .F. ) ;
#523 = LINE ( 'NONE', #1076, #1027 ) ;
#524 = ORIENTED_EDGE ( 'NONE', *, *, #1880, .F. ) ;
#525 = DIRECTION ( 'NONE',  ( -1.000000000000000000, 0.000000000000000000, 0.000000000000000000 ) ) ;
#526 = LINE ( 'NONE', #916, #937 ) ;
#527 = ORIENTED_EDGE ( 'NONE', *, *, #1261, .T. ) ;
#528 = CIRCLE ( 'NONE', #754, 3.492872887797315862 ) ;
#529 = VECTOR ( 'NONE', #2252, 1000.000000000000000 ) ;
#530 = CARTESIAN_POINT ( 'NONE',  ( -314.4947696677447766, 231.1159884794925006, 2.000000000000000000 ) ) ;
#531 = AXIS2_PLACEMENT_3D ( 'NONE', #2062, #2237, #480 ) ;
#532 = DIRECTION ( 'NONE',  ( 0.000000000000000000, -0.000000000000000000, 1.000000000000000000 ) ) ;
#533 = EDGE_CURVE ( 'NONE', #1559, #2177, #2259, .T. ) ;
#534 = AXIS2_PLACEMENT_3D ( 'NONE', #1509, #1105, #1117 ) ;
#535 = EDGE_CURVE ( 'NONE', #214, #350, #2217, .T. ) ;
#536 = AXIS2_PLACEMENT_3D ( 'NONE', #2342, #694, #513 ) ;
#537 = CARTESIAN_POINT ( 'NONE',  ( -304.6109892263183951, 224.8951998256236209, -15.00000000000000000 ) ) ;
#538 = VECTOR ( 'NONE', #994, 1000.000000000000000 ) ;
#539 = EDGE_LOOP ( 'NONE', ( #1459, #1722, #952, #1586, #575, #465, #992, #760, #630, #770, #787, #1958, #706, #326, #92, #1778, #1844, #2118, #1138, #500 ) ) ;
#540 = CARTESIAN_POINT ( 'NONE',  ( -316.8146697739688307, 303.1159884794925006, -1.000000000000000000 ) ) ;
#541 = VECTOR ( 'NONE', #1468, 1000.000000000000000 ) ;
#542 = DIRECTION ( 'NONE',  ( -0.000000000000000000, 0.000000000000000000, 1.000000000000000000 ) ) ;
#543 = ORIENTED_EDGE ( 'NONE', *, *, #535, .F. ) ;
#544 = CARTESIAN_POINT ( 'NONE',  ( -323.7886061297115816, 307.9275784802687781, -15.00000000000000000 ) ) ;
#545 = DIRECTION ( 'NONE',  ( -0.000000000000000000, -0.000000000000000000, -1.000000000000000000 ) ) ;
#546 = LINE ( 'NONE', #1457, #541 ) ;
#547 = ORIENTED_EDGE ( 'NONE', *, *, #2119, .F. ) ;
#548 = CARTESIAN_POINT ( 'NONE',  ( -189.8109892263183553, 226.0951998256236095, -15.00000000000000000 ) ) ;
#549 = ADVANCED_FACE ( 'NONE', ( #1686 ), #1347, .T. ) ;
#550 = EDGE_LOOP ( 'NONE', ( #2159, #2017, #96, #43 ) ) ;
#551 = CARTESIAN_POINT ( 'NONE',  ( -193.4400484483875857, 231.1159884794925006, 2.000000000000000000 ) ) ;
#552 = EDGE_CURVE ( 'NONE', #1559, #22, #452, .T. ) ;
#553 = EDGE_LOOP ( 'NONE', ( #2142, #1915, #239, #2306 ) ) ;
#554 = LINE ( 'NONE', #1779, #1517 ) ;
#555 = DIRECTION ( 'NONE',  ( 0.000000000000000000, -1.000000000000000000, 0.000000000000000000 ) ) ;
#556 = LINE ( 'NONE', #1854, #1912 ) ;
#557 = VERTEX_POINT ( 'NONE', #2056 ) ;
#558 = ORIENTED_EDGE ( 'NONE', *, *, #2195, .F. ) ;
#559 = DIRECTION ( 'NONE',  ( -0.000000000000000000, 0.000000000000000000, 1.000000000000000000 ) ) ;
#560 = CARTESIAN_POINT ( 'NONE',  ( -320.9886061297115702, 226.8951998256236209, -15.00000000000000000 ) ) ;
#561 = EDGE_CURVE ( 'NONE', #1929, #1113, #809, .T. ) ;
#562 = CARTESIAN_POINT ( 'NONE',  ( -324.1886061297115589, 225.6951998256236038, -17.00000000000000000 ) ) ;
#563 = ORIENTED_EDGE ( 'NONE', *, *, #982, .T. ) ;
#564 = VECTOR ( 'NONE', #641, 1000.000000000000000 ) ;
#565 = DIRECTION ( 'NONE',  ( -1.000000000000000000, 0.000000000000000000, 0.000000000000000000 ) ) ;
#566 = CARTESIAN_POINT ( 'NONE',  ( -190.6109892263183667, 309.1275784802687667, 0.000000000000000000 ) ) ;
#567 = CARTESIAN_POINT ( 'NONE',  ( -194.9471186325385190, 231.1159884794925006, -1.000000000000000000 ) ) ;
#568 = CIRCLE ( 'NONE', #373, 2.492872887797314974 ) ;
#569 = ORIENTED_EDGE ( 'NONE', *, *, #2029, .F. ) ;
#570 = CARTESIAN_POINT ( 'NONE',  ( -322.9886061297115702, 224.8951998256236209, 3.000000000000000000 ) ) ;
#571 = AXIS2_PLACEMENT_3D ( 'NONE', #2257, #1087, #11 ) ;
#572 = DIRECTION ( 'NONE',  ( -1.000000000000000000, 0.000000000000000000, 0.000000000000000000 ) ) ;
#573 = DIRECTION ( 'NONE',  ( 0.000000000000000000, 0.000000000000000000, 1.000000000000000000 ) ) ;
#574 = CIRCLE ( 'NONE', #1255, 2.000000000000001776 ) ;
#575 = ORIENTED_EDGE ( 'NONE', *, *, #386, .F. ) ;
#576 = VECTOR ( 'NONE', #1074, 1000.000000000000000 ) ;
#577 = EDGE_CURVE ( 'NONE', #1733, #1683, #2083, .T. ) ;
#578 = DIRECTION ( 'NONE',  ( 0.000000000000000000, 0.000000000000000000, -1.000000000000000000 ) ) ;
#579 = DIRECTION ( 'NONE',  ( 0.000000000000000000, -1.000000000000000000, 0.000000000000000000 ) ) ;
#580 = FACE_OUTER_BOUND ( 'NONE', #405, .T. ) ;
#581 = EDGE_CURVE ( 'NONE', #1871, #165, #430, .T. ) ;
#582 = ORIENTED_EDGE ( 'NONE', *, *, #506, .T. ) ;
#583 = VERTEX_POINT ( 'NONE', #1703 ) ;
#584 = LINE ( 'NONE', #944, #262 ) ;
#585 = ORIENTED_EDGE ( 'NONE', *, *, #1802, .T. ) ;
#586 = DIRECTION ( 'NONE',  ( 1.000000000000000000, 0.000000000000000000, 0.000000000000000000 ) ) ;
#587 = DIRECTION ( 'NONE',  ( -1.000000000000000000, 0.000000000000000000, 0.000000000000000000 ) ) ;
#588 = ORIENTED_EDGE ( 'NONE', *, *, #150, .F. ) ;
#589 = LINE ( 'NONE', #2225, #1129 ) ;
#590 = DIRECTION ( 'NONE',  ( 1.000000000000000000, 0.000000000000000000, 0.000000000000000000 ) ) ;
#591 = LINE ( 'NONE', #1110, #576 ) ;
#592 = ADVANCED_FACE ( 'NONE', ( #67 ), #1525, .F. ) ;
#593 = ORIENTED_EDGE ( 'NONE', *, *, #2086, .F. ) ;
#594 = ORIENTED_EDGE ( 'NONE', *, *, #2130, .T. ) ;
#595 = DIRECTION ( 'NONE',  ( 0.000000000000000000, 0.000000000000000000, -1.000000000000000000 ) ) ;
#596 = ADVANCED_FACE ( 'NONE', ( #441 ), #1160, .F. ) ;
#597 = ORIENTED_EDGE ( 'NONE', *, *, #1697, .T. ) ;
#598 = DIRECTION ( 'NONE',  ( 0.000000000000000000, -0.000000000000000000, -1.000000000000000000 ) ) ;
#599 = CARTESIAN_POINT ( 'NONE',  ( -322.1886061297115589, 225.6951998256236038, -17.00000000000000000 ) ) ;
#600 = DIRECTION ( 'NONE',  ( 0.000000000000000000, -1.000000000000000000, 0.000000000000000000 ) ) ;
#601 = FACE_OUTER_BOUND ( 'NONE', #2066, .T. ) ;
#602 = CIRCLE ( 'NONE', #1201, 2.482348964793767987 ) ;
#603 = ORIENTED_EDGE ( 'NONE', *, *, #1349, .F. ) ;
#604 = EDGE_LOOP ( 'NONE', ( #50, #322, #1794, #1924 ) ) ;
#605 = AXIS2_PLACEMENT_3D ( 'NONE', #1089, #1118, #2198 ) ;
#606 = CARTESIAN_POINT ( 'NONE',  ( -304.6109892263183383, 224.0951998256236095, -17.00000000000000000 ) ) ;
#607 = CARTESIAN_POINT ( 'NONE',  ( -322.1886061297115589, 225.6951998256236038, -15.00000000000000000 ) ) ;
#608 = AXIS2_PLACEMENT_3D ( 'NONE', #1882, #250, #1698 ) ;
#609 = EDGE_CURVE ( 'NONE', #1786, #1670, #1174, .T. ) ;
#610 = CARTESIAN_POINT ( 'NONE',  ( -186.6109892263183667, 309.1275784802687667, -15.00000000000000000 ) ) ;
#611 = VECTOR ( 'NONE', #1015, 1000.000000000000000 ) ;
#612 = CARTESIAN_POINT ( 'NONE',  ( -198.2775426617661765, 303.1159884794925006, -1.000000000000000000 ) ) ;
#613 = AXIS2_PLACEMENT_3D ( 'NONE', #878, #1611, #525 ) ;
#614 = EDGE_LOOP ( 'NONE', ( #1994, #190, #56, #362 ) ) ;
#615 = VECTOR ( 'NONE', #2194, 1000.000000000000000 ) ;
#616 = AXIS2_PLACEMENT_3D ( 'NONE', #744, #347, #385 ) ;
#617 = FACE_OUTER_BOUND ( 'NONE', #2275, .T. ) ;
#618 = ORIENTED_EDGE ( 'NONE', *, *, #1418, .T. ) ;
#619 = EDGE_LOOP ( 'NONE', ( #390, #603 ) ) ;
#620 = FACE_BOUND ( 'NONE', #2265, .T. ) ;
#621 = LINE ( 'NONE', #1192, #538 ) ;
#622 = ORIENTED_EDGE ( 'NONE', *, *, #417, .F. ) ;
#623 = CARTESIAN_POINT ( 'NONE',  ( -322.9886061297115702, 226.8951998256236209, 0.000000000000000000 ) ) ;
#624 = EDGE_CURVE ( 'NONE', #884, #214, #127, .T. ) ;
#625 = DIRECTION ( 'NONE',  ( 0.000000000000000000, -0.000000000000000000, 1.000000000000000000 ) ) ;
#626 = ORIENTED_EDGE ( 'NONE', *, *, #1429, .T. ) ;
#627 = ADVANCED_FACE ( 'NONE', ( #1548 ), #1023, .F. ) ;
#628 = CARTESIAN_POINT ( 'NONE',  ( -194.7846697739688580, 303.1159884794925006, 0.000000000000000000 ) ) ;
#629 = EDGE_LOOP ( 'NONE', ( #977, #650, #1185, #125 ) ) ;
#630 = ORIENTED_EDGE ( 'NONE', *, *, #853, .F. ) ;
#631 = DIRECTION ( 'NONE',  ( -1.000000000000000000, 0.000000000000000000, 0.000000000000000000 ) ) ;
#632 = CARTESIAN_POINT ( 'NONE',  ( -189.8109892263183553, 226.0951998256236095, -17.00000000000000000 ) ) ;
#633 = ORIENTED_EDGE ( 'NONE', *, *, #386, .T. ) ;
#634 = VERTEX_POINT ( 'NONE', #649 ) ;
#635 = CARTESIAN_POINT ( 'NONE',  ( -316.8146697739688307, 303.1159884794925006, 3.000000000000000000 ) ) ;
#636 = DIRECTION ( 'NONE',  ( 1.000000000000000000, 0.000000000000000000, -0.000000000000000000 ) ) ;
#637 = ORIENTED_EDGE ( 'NONE', *, *, #779, .T. ) ;
#638 = PRODUCT_DEFINITION ( 'UNKNOWN', '', #343, #2285 ) ;
#639 = EDGE_CURVE ( 'NONE', #2127, #1607, #1746, .T. ) ;
#640 = VERTEX_POINT ( 'NONE', #137 ) ;
#641 = DIRECTION ( 'NONE',  ( 0.000000000000000000, 1.000000000000000000, 0.000000000000000000 ) ) ;
#642 = PLANE ( 'NONE',  #143 ) ;
#643 = LINE ( 'NONE', #473, #1338 ) ;
#644 = CIRCLE ( 'NONE', #827, 2.000000000000001776 ) ;
#645 = EDGE_LOOP ( 'NONE', ( #946, #1876, #414, #1597 ) ) ;
#646 = EDGE_LOOP ( 'NONE', ( #1944, #1489 ) ) ;
#647 = CARTESIAN_POINT ( 'NONE',  ( -323.7886061297115816, 226.0951998256236095, -15.00000000000000000 ) ) ;
#648 = AXIS2_PLACEMENT_3D ( 'NONE', #468, #2145, #503 ) ;
#649 = CARTESIAN_POINT ( 'NONE',  ( -322.9886061297115702, 222.8951998256236209, -15.00000000000000000 ) ) ;
#650 = ORIENTED_EDGE ( 'NONE', *, *, #80, .T. ) ;
#651 = CYLINDRICAL_SURFACE ( 'NONE', #531, 1.492872887797314085 ) ;
#652 = AXIS2_PLACEMENT_3D ( 'NONE', #1045, #1416, #1068 ) ;
#653 = VECTOR ( 'NONE', #2128, 1000.000000000000000 ) ;
#654 = ADVANCED_FACE ( 'NONE', ( #288 ), #716, .F. ) ;
#655 = CIRCLE ( 'NONE', #2188, 2.000000000000001776 ) ;
#656 = DIRECTION ( 'NONE',  ( -1.000000000000000000, 0.000000000000000000, 0.000000000000000000 ) ) ;
#657 = DIRECTION ( 'NONE',  ( 0.000000000000000000, 0.000000000000000000, -1.000000000000000000 ) ) ;
#658 = CIRCLE ( 'NONE', #1217, 2.000000000000001776 ) ;
#659 = LINE ( 'NONE', #2278, #1523 ) ;
#660 = ADVANCED_FACE ( 'NONE', ( #832 ), #1373, .F. ) ;
#661 = ORIENTED_EDGE ( 'NONE', *, *, #432, .T. ) ;
#662 = ORIENTED_EDGE ( 'NONE', *, *, #2075, .F. ) ;
#663 = DIRECTION ( 'NONE',  ( -0.000000000000000000, 0.000000000000000000, -1.000000000000000000 ) ) ;
#664 = CYLINDRICAL_SURFACE ( 'NONE', #1245, 1.507070184150943737 ) ;
#665 = VERTEX_POINT ( 'NONE', #2309 ) ;
#666 = DIRECTION ( 'NONE',  ( 1.000000000000000000, 0.000000000000000000, 0.000000000000000000 ) ) ;
#667 = DIRECTION ( 'NONE',  ( -1.000000000000000000, 0.000000000000000000, 0.000000000000000000 ) ) ;
#668 = DIRECTION ( 'NONE',  ( 1.000000000000000000, 0.000000000000000000, 0.000000000000000000 ) ) ;
#669 = FACE_BOUND ( 'NONE', #2157, .T. ) ;
#670 = EDGE_CURVE ( 'NONE', #1884, #102, #1058, .T. ) ;
#671 = CARTESIAN_POINT ( 'NONE',  ( -194.7846697739688580, 303.1159884794925006, -1.000000000000000000 ) ) ;
#672 = DIRECTION ( 'NONE',  ( -0.000000000000000000, -0.000000000000000000, -1.000000000000000000 ) ) ;
#673 = FACE_OUTER_BOUND ( 'NONE', #2166, .T. ) ;
#674 = ORIENTED_EDGE ( 'NONE', *, *, #267, .T. ) ;
#675 = DIRECTION ( 'NONE',  ( 0.000000000000000000, 0.000000000000000000, -1.000000000000000000 ) ) ;
#676 = CARTESIAN_POINT ( 'NONE',  ( -187.4109892263183497, 308.3275784802687554, -15.00000000000000000 ) ) ;
#677 = ORIENTED_EDGE ( 'NONE', *, *, #1982, .T. ) ;
#678 = LINE ( 'NONE', #1223, #222 ) ;
#679 = FACE_OUTER_BOUND ( 'NONE', #393, .T. ) ;
#680 = EDGE_CURVE ( 'NONE', #22, #1270, #1585, .T. ) ;
#681 = CIRCLE ( 'NONE', #2016, 2.482348964793767987 ) ;
#682 = CARTESIAN_POINT ( 'NONE',  ( -321.7886061297115816, 307.9275784802687781, -17.00000000000000000 ) ) ;
#683 = ADVANCED_FACE ( 'NONE', ( #2121 ), #664, .F. ) ;
#684 = AXIS2_PLACEMENT_3D ( 'NONE', #2267, #1692, #51 ) ;
#685 = ORIENTED_EDGE ( 'NONE', *, *, #2283, .F. ) ;
#686 = VECTOR ( 'NONE', #144, 1000.000000000000000 ) ;
#687 = VECTOR ( 'NONE', #1126, 1000.000000000000000 ) ;
#688 = CARTESIAN_POINT ( 'NONE',  ( -194.7846697739688580, 303.1159884794925006, 2.000000000000000000 ) ) ;
#689 = FACE_OUTER_BOUND ( 'NONE', #442, .T. ) ;
#690 = CARTESIAN_POINT ( 'NONE',  ( -322.9886061297115702, 226.8951998256236209, -15.00000000000000000 ) ) ;
#691 = CIRCLE ( 'NONE', #2264, 1.507070184150943737 ) ;
#692 = ORIENTED_EDGE ( 'NONE', *, *, #2226, .F. ) ;
#693 = AXIS2_PLACEMENT_3D ( 'NONE', #2249, #1540, #1901 ) ;
#694 = DIRECTION ( 'NONE',  ( 0.000000000000000000, 0.000000000000000000, 1.000000000000000000 ) ) ;
#695 = ORIENTED_EDGE ( 'NONE', *, *, #132, .T. ) ;
#696 = CARTESIAN_POINT ( 'NONE',  ( -189.4109892263183497, 223.6951998256236038, -17.00000000000000000 ) ) ;
#697 = EDGE_CURVE ( 'NONE', #1144, #2317, #1576, .T. ) ;
#698 = EDGE_CURVE ( 'NONE', #1417, #1628, #1169, .T. ) ;
#699 = PLANE ( 'NONE',  #945 ) ;
#700 = DIRECTION ( 'NONE',  ( -0.000000000000000000, -0.000000000000000000, -1.000000000000000000 ) ) ;
#701 = ORIENTED_EDGE ( 'NONE', *, *, #336, .F. ) ;
#702 = DIRECTION ( 'NONE',  ( -0.000000000000000000, 0.000000000000000000, 1.000000000000000000 ) ) ;
#703 = ORIENTED_EDGE ( 'NONE', *, *, #1111, .T. ) ;
#704 = DIRECTION ( 'NONE',  ( 0.000000000000000000, 0.000000000000000000, -1.000000000000000000 ) ) ;
#705 = EDGE_CURVE ( 'NONE', #929, #359, #1392, .T. ) ;
#706 = ORIENTED_EDGE ( 'NONE', *, *, #352, .T. ) ;
#707 = ADVANCED_FACE ( 'NONE', ( #1922 ), #487, .F. ) ;
#708 = FACE_OUTER_BOUND ( 'NONE', #1496, .T. ) ;
#709 = FACE_OUTER_BOUND ( 'NONE', #730, .T. ) ;
#710 = DIRECTION ( 'NONE',  ( 0.000000000000000000, 1.000000000000000000, -0.000000000000000000 ) ) ;
#711 = CYLINDRICAL_SURFACE ( 'NONE', #1482, 2.000000000000001776 ) ;
#712 = AXIS2_PLACEMENT_3D ( 'NONE', #1734, #1228, #656 ) ;
#713 = DIRECTION ( 'NONE',  ( -1.000000000000000000, 0.000000000000000000, 0.000000000000000000 ) ) ;
#714 = ORIENTED_EDGE ( 'NONE', *, *, #1476, .F. ) ;
#715 = VECTOR ( 'NONE', #1850, 1000.000000000000000 ) ;
#716 = TOROIDAL_SURFACE ( 'NONE', #1595, 3.482348964793778645, 1.000000000000000000 ) ;
#717 = DIRECTION ( 'NONE',  ( -1.000000000000000000, 0.000000000000000000, -0.000000000000000000 ) ) ;
#718 = VECTOR ( 'NONE', #1587, 1000.000000000000000 ) ;
#719 = DIRECTION ( 'NONE',  ( 1.000000000000000000, 0.000000000000000000, 0.000000000000000000 ) ) ;
#720 = PLANE ( 'NONE',  #421 ) ;
#721 = ADVANCED_FACE ( 'NONE', ( #679 ), #1404, .T. ) ;
#722 = AXIS2_PLACEMENT_3D ( 'NONE', #671, #702, #1033 ) ;
#723 = ORIENTED_EDGE ( 'NONE', *, *, #1672, .T. ) ;
#724 = ORIENTED_EDGE ( 'NONE', *, *, #1093, .T. ) ;
#725 = AXIS2_PLACEMENT_3D ( 'NONE', #745, #559, #389 ) ;
#726 = DIRECTION ( 'NONE',  ( 0.000000000000000000, 1.000000000000000000, -0.000000000000000000 ) ) ;
#727 = EDGE_CURVE ( 'NONE', #68, #793, #1555, .T. ) ;
#728 = VECTOR ( 'NONE', #2337, 1000.000000000000000 ) ;
#729 = FACE_OUTER_BOUND ( 'NONE', #1652, .T. ) ;
#730 = EDGE_LOOP ( 'NONE', ( #128, #469, #820, #200 ) ) ;
#731 = CARTESIAN_POINT ( 'NONE',  ( -316.9771186325385202, 231.1159884794925006, -1.000000000000000000 ) ) ;
#732 = DIRECTION ( 'NONE',  ( 0.000000000000000000, 0.000000000000000000, 1.000000000000000000 ) ) ;
#733 = DIRECTION ( 'NONE',  ( 0.000000000000000000, 0.000000000000000000, 1.000000000000000000 ) ) ;
#734 = ORIENTED_EDGE ( 'NONE', *, *, #2356, .F. ) ;
#735 = VERTEX_POINT ( 'NONE', #2101 ) ;
#736 = CARTESIAN_POINT ( 'NONE',  ( -316.8146697739688307, 303.1159884794925006, 0.000000000000000000 ) ) ;
#737 = ADVANCED_FACE ( 'NONE', ( #781 ), #642, .F. ) ;
#738 = ORIENTED_EDGE ( 'NONE', *, *, #307, .F. ) ;
#739 = CARTESIAN_POINT ( 'NONE',  ( -324.9886061297115702, 224.8951998256236209, 3.000000000000000000 ) ) ;
#740 = CARTESIAN_POINT ( 'NONE',  ( -322.9886061297115702, 311.1275784802687667, 3.000000000000000000 ) ) ;
#741 = VERTEX_POINT ( 'NONE', #2050 ) ;
#742 = DIRECTION ( 'NONE',  ( 0.000000000000000000, 1.000000000000000000, -0.000000000000000000 ) ) ;
#743 = LINE ( 'NONE', #1467, #1095 ) ;
#744 = CARTESIAN_POINT ( 'NONE',  ( -197.2775426617661765, 303.1159884794925006, 2.000000000000000000 ) ) ;
#745 = CARTESIAN_POINT ( 'NONE',  ( -194.9471186325385190, 231.1159884794925006, 2.000000000000000000 ) ) ;
#746 = ORIENTED_EDGE ( 'NONE', *, *, #1920, .F. ) ;
#747 = DIRECTION ( 'NONE',  ( 1.000000000000000000, 0.000000000000000000, 0.000000000000000000 ) ) ;
#748 = EDGE_CURVE ( 'NONE', #816, #1716, #806, .T. ) ;
#749 = LINE ( 'NONE', #353, #788 ) ;
#750 = ORIENTED_EDGE ( 'NONE', *, *, #2210, .T. ) ;
#751 = EDGE_CURVE ( 'NONE', #1642, #1618, #1022, .T. ) ;
#752 = DIRECTION ( 'NONE',  ( -0.000000000000000000, -0.000000000000000000, -1.000000000000000000 ) ) ;
#753 = PLANE ( 'NONE',  #217 ) ;
#754 = AXIS2_PLACEMENT_3D ( 'NONE', #628, #394, #2085 ) ;
#755 = CARTESIAN_POINT ( 'NONE',  ( -194.9471186325385190, 231.1159884794925006, 2.000000000000000000 ) ) ;
#756 = CIRCLE ( 'NONE', #2096, 2.482348964793767987 ) ;
#757 = VERTEX_POINT ( 'NONE', #2242 ) ;
#758 = ORIENTED_EDGE ( 'NONE', *, *, #1772, .T. ) ;
#759 = CARTESIAN_POINT ( 'NONE',  ( -322.9886061297115702, 309.1275784802687667, -15.00000000000000000 ) ) ;
#760 = ORIENTED_EDGE ( 'NONE', *, *, #38, .T. ) ;
#761 = CIRCLE ( 'NONE', #1137, 1.492872887797314085 ) ;
#762 = CARTESIAN_POINT ( 'NONE',  ( -322.1886061297115589, 310.3275784802687554, -17.00000000000000000 ) ) ;
#763 = DIRECTION ( 'NONE',  ( 1.224646799147353207E-16, 1.000000000000000000, 0.000000000000000000 ) ) ;
#764 = CIRCLE ( 'NONE', #1636, 2.000000000000001776 ) ;
#765 = ORIENTED_EDGE ( 'NONE', *, *, #1522, .T. ) ;
#766 = ADVANCED_FACE ( 'NONE', ( #97 ), #61, .F. ) ;
#767 = EDGE_CURVE ( 'NONE', #1170, #929, #1917, .T. ) ;
#768 = CARTESIAN_POINT ( 'NONE',  ( -196.2775426617661765, 303.1159884794925006, 3.000000000000000000 ) ) ;
#769 = DIRECTION ( 'NONE',  ( -1.000000000000000000, 0.000000000000000000, -0.000000000000000000 ) ) ;
#770 = ORIENTED_EDGE ( 'NONE', *, *, #1450, .T. ) ;
#771 = ORIENTED_EDGE ( 'NONE', *, *, #1774, .F. ) ;
#772 = CARTESIAN_POINT ( 'NONE',  ( -186.6109892263183667, 311.1275784802687667, -15.00000000000000000 ) ) ;
#773 = ORIENTED_EDGE ( 'NONE', *, *, #1848, .T. ) ;
#774 = CARTESIAN_POINT ( 'NONE',  ( -316.8146697739688307, 303.1159884794925006, 2.000000000000000000 ) ) ;
#775 = CARTESIAN_POINT ( 'NONE',  ( -189.8109892263183553, 309.9275784802687781, -15.00000000000000000 ) ) ;
#776 = EDGE_CURVE ( 'NONE', #59, #2131, #411, .T. ) ;
#777 = DIRECTION ( 'NONE',  ( -1.000000000000000000, 0.000000000000000000, -0.000000000000000000 ) ) ;
#778 = DIRECTION ( 'NONE',  ( 1.000000000000000000, -0.000000000000000000, 0.000000000000000000 ) ) ;
#779 = EDGE_CURVE ( 'NONE', #419, #2009, #1135, .T. ) ;
#780 = EDGE_LOOP ( 'NONE', ( #313, #1909, #1740, #32 ) ) ;
#781 = FACE_OUTER_BOUND ( 'NONE', #947, .T. ) ;
#782 = CARTESIAN_POINT ( 'NONE',  ( -276.6109892263183383, 222.8951998256236209, -12.00000000000000000 ) ) ;
#783 = LINE ( 'NONE', #775, #1592 ) ;
#784 = VERTEX_POINT ( 'NONE', #1166 ) ;
#785 = SURFACE_STYLE_USAGE ( .BOTH. , #1514 ) ;
#786 = ORIENTED_EDGE ( 'NONE', *, *, #1053, .T. ) ;
#787 = ORIENTED_EDGE ( 'NONE', *, *, #1697, .F. ) ;
#788 = VECTOR ( 'NONE', #344, 1000.000000000000000 ) ;
#789 = FACE_BOUND ( 'NONE', #238, .T. ) ;
#790 = EDGE_CURVE ( 'NONE', #1370, #2196, #229, .T. ) ;
#791 = CARTESIAN_POINT ( 'NONE',  ( -192.2917968861715394, 303.1159884794925006, 2.000000000000000000 ) ) ;
#792 = CIRCLE ( 'NONE', #2136, 1.492872887797314085 ) ;
#793 = VERTEX_POINT ( 'NONE', #1366 ) ;
#794 = EDGE_CURVE ( 'NONE', #1359, #25, #2261, .T. ) ;
#795 = VECTOR ( 'NONE', #846, 1000.000000000000000 ) ;
#796 = DIRECTION ( 'NONE',  ( 1.000000000000000000, 0.000000000000000000, 0.000000000000000000 ) ) ;
#797 = CARTESIAN_POINT ( 'NONE',  ( -189.4109892263183497, 223.6951998256236038, -15.00000000000000000 ) ) ;
#798 = CIRCLE ( 'NONE', #457, 1.482348964793767099 ) ;
#799 = ORIENTED_EDGE ( 'NONE', *, *, #2296, .F. ) ;
#800 = CIRCLE ( 'NONE', #499, 2.000000000000001776 ) ;
#801 = AXIS2_PLACEMENT_3D ( 'NONE', #755, #1676, #1481 ) ;
#802 = DIRECTION ( 'NONE',  ( 0.000000000000000000, 0.000000000000000000, 1.000000000000000000 ) ) ;
#803 =( NAMED_UNIT ( * ) PLANE_ANGLE_UNIT ( ) SI_UNIT ( $, .RADIAN. ) );
#804 = ORIENTED_EDGE ( 'NONE', *, *, #1614, .F. ) ;
#805 = ORIENTED_EDGE ( 'NONE', *, *, #2356, .T. ) ;
#806 = LINE ( 'NONE', #2078, #1477 ) ;
#807 = DIRECTION ( 'NONE',  ( 1.000000000000000000, 0.000000000000000000, 0.000000000000000000 ) ) ;
#808 = DIRECTION ( 'NONE',  ( -1.000000000000000000, 0.000000000000000000, 0.000000000000000000 ) ) ;
#809 = LINE ( 'NONE', #416, #1361 ) ;
#810 = EDGE_CURVE ( 'NONE', #1413, #2131, #1543, .T. ) ;
#811 = EDGE_LOOP ( 'NONE', ( #1864, #1541, #1623, #435 ) ) ;
#812 = EDGE_LOOP ( 'NONE', ( #242, #1545, #1003, #1530 ) ) ;
#813 = DIRECTION ( 'NONE',  ( -0.000000000000000000, -0.000000000000000000, -1.000000000000000000 ) ) ;
#814 = DIRECTION ( 'NONE',  ( 0.000000000000000000, 1.000000000000000000, 0.000000000000000000 ) ) ;
#815 = DIRECTION ( 'NONE',  ( -0.000000000000000000, 0.000000000000000000, 1.000000000000000000 ) ) ;
#816 = VERTEX_POINT ( 'NONE', #606 ) ;
#817 = EDGE_LOOP ( 'NONE', ( #1328, #1008 ) ) ;
#818 = FACE_OUTER_BOUND ( 'NONE', #45, .T. ) ;
#819 = DIRECTION ( 'NONE',  ( -1.000000000000000000, 0.000000000000000000, 0.000000000000000000 ) ) ;
#820 = ORIENTED_EDGE ( 'NONE', *, *, #1154, .F. ) ;
#821 = DIRECTION ( 'NONE',  ( 1.000000000000000000, 0.000000000000000000, 0.000000000000000000 ) ) ;
#822 = EDGE_CURVE ( 'NONE', #511, #248, #1865, .T. ) ;
#823 = ADVANCED_FACE ( 'NONE', ( #1331 ), #1905, .T. ) ;
#824 = ORIENTED_EDGE ( 'NONE', *, *, #810, .F. ) ;
#825 = DIRECTION ( 'NONE',  ( 1.000000000000000000, 0.000000000000000000, 0.000000000000000000 ) ) ;
#826 = DIRECTION ( 'NONE',  ( -1.000000000000000000, 0.000000000000000000, 0.000000000000000000 ) ) ;
#827 = AXIS2_PLACEMENT_3D ( 'NONE', #2263, #201, #964 ) ;
#828 = ORIENTED_EDGE ( 'NONE', *, *, #33, .T. ) ;
#829 = ORIENTED_EDGE ( 'NONE', *, *, #1273, .T. ) ;
#830 = DIRECTION ( 'NONE',  ( 0.000000000000000000, 0.000000000000000000, -1.000000000000000000 ) ) ;
#831 = AXIS2_PLACEMENT_3D ( 'NONE', #1872, #814, #1315 ) ;
#832 = FACE_OUTER_BOUND ( 'NONE', #614, .T. ) ;
#833 = CIRCLE ( 'NONE', #493, 1.492872887797314085 ) ;
#834 = CYLINDRICAL_SURFACE ( 'NONE', #1405, 2.000000000000001776 ) ;
#835 = AXIS2_PLACEMENT_3D ( 'NONE', #1921, #1547, #986 ) ;
#836 = CIRCLE ( 'NONE', #1139, 2.000000000000001776 ) ;
#837 = AXIS2_PLACEMENT_3D ( 'NONE', #920, #1651, #2028 ) ;
#838 = EDGE_CURVE ( 'NONE', #1985, #59, #969, .T. ) ;
#839 = CARTESIAN_POINT ( 'NONE',  ( -276.6109892263183383, 0.000000000000000000, -15.00000000000000000 ) ) ;
#840 = DIRECTION ( 'NONE',  ( 1.000000000000000000, 0.000000000000000000, 0.000000000000000000 ) ) ;
#841 = DIRECTION ( 'NONE',  ( 0.000000000000000000, 1.000000000000000000, 0.000000000000000000 ) ) ;
#842 = EDGE_LOOP ( 'NONE', ( #771, #514, #156, #1204 ) ) ;
#843 = ORIENTED_EDGE ( 'NONE', *, *, #135, .F. ) ;
#844 = CARTESIAN_POINT ( 'NONE',  ( -316.8146697739688307, 303.1159884794925006, -1.000000000000000000 ) ) ;
#845 = DIRECTION ( 'NONE',  ( -0.000000000000000000, -0.000000000000000000, -1.000000000000000000 ) ) ;
#846 = DIRECTION ( 'NONE',  ( -0.000000000000000000, -0.000000000000000000, -1.000000000000000000 ) ) ;
#847 = DIRECTION ( 'NONE',  ( -0.000000000000000000, 0.000000000000000000, 1.000000000000000000 ) ) ;
#848 = DIRECTION ( 'NONE',  ( 1.000000000000000000, 0.000000000000000000, 0.000000000000000000 ) ) ;
#849 = PLANE ( 'NONE',  #191 ) ;
#850 = ADVANCED_FACE ( 'NONE', ( #461, #426, #789, #620, #1343, #76 ), #437, .F. ) ;
#851 = ORIENTED_EDGE ( 'NONE', *, *, #533, .T. ) ;
#852 = FACE_OUTER_BOUND ( 'NONE', #1957, .T. ) ;
#853 = EDGE_CURVE ( 'NONE', #2155, #388, #1421, .T. ) ;
#854 = DIRECTION ( 'NONE',  ( -0.000000000000000000, 0.000000000000000000, 1.000000000000000000 ) ) ;
#855 = ORIENTED_EDGE ( 'NONE', *, *, #963, .F. ) ;
#856 = CARTESIAN_POINT ( 'NONE',  ( -194.9471186325385190, 231.1159884794925006, -1.000000000000000000 ) ) ;
#857 = CARTESIAN_POINT ( 'NONE',  ( -194.7846697739688580, 303.1159884794925006, 2.000000000000000000 ) ) ;
#858 = DIRECTION ( 'NONE',  ( 1.000000000000000000, 0.000000000000000000, 0.000000000000000000 ) ) ;
#859 = DIRECTION ( 'NONE',  ( 0.000000000000000000, -0.000000000000000000, 1.000000000000000000 ) ) ;
#860 = ORIENTED_EDGE ( 'NONE', *, *, #1718, .T. ) ;
#861 = ADVANCED_FACE ( 'NONE', ( #1571 ), #28, .F. ) ;
#862 = VERTEX_POINT ( 'NONE', #1955 ) ;
#863 = LINE ( 'NONE', #2167, #653 ) ;
#864 = DIRECTION ( 'NONE',  ( -0.000000000000000000, -0.000000000000000000, -1.000000000000000000 ) ) ;
#865 = ADVANCED_FACE ( 'NONE', ( #1030 ), #2323, .T. ) ;
#866 = COLOUR_RGB ( '',0.7921568627450980005, 0.8196078431372548767, 0.9333333333333333481 ) ;
#867 = DIRECTION ( 'NONE',  ( -1.000000000000000000, 0.000000000000000000, 0.000000000000000000 ) ) ;
#868 = AXIS2_PLACEMENT_3D ( 'NONE', #1766, #845, #1960 ) ;
#869 = ORIENTED_EDGE ( 'NONE', *, *, #1036, .T. ) ;
#870 = AXIS2_PLACEMENT_3D ( 'NONE', #1225, #2345, #2353 ) ;
#871 = AXIS2_PLACEMENT_3D ( 'NONE', #243, #1702, #1194 ) ;
#872 = CARTESIAN_POINT ( 'NONE',  ( 0.000000000000000000, 302.0115101775186872, 3.000000000000000000 ) ) ;
#873 = DIRECTION ( 'NONE',  ( 0.000000000000000000, 0.000000000000000000, -1.000000000000000000 ) ) ;
#874 = DIRECTION ( 'NONE',  ( -0.000000000000000000, 0.000000000000000000, -1.000000000000000000 ) ) ;
#875 = CIRCLE ( 'NONE', #2224, 1.000000000000000000 ) ;
#876 = ORIENTED_EDGE ( 'NONE', *, *, #2239, .F. ) ;
#877 = CARTESIAN_POINT ( 'NONE',  ( -187.6109892263183667, 310.3275784802687554, -17.00000000000000000 ) ) ;
#878 = CARTESIAN_POINT ( 'NONE',  ( -194.7846697739688580, 303.1159884794925006, -1.000000000000000000 ) ) ;
#879 = EDGE_CURVE ( 'NONE', #1363, #557, #105, .T. ) ;
#880 = ORIENTED_EDGE ( 'NONE', *, *, #1890, .T. ) ;
#881 = DIRECTION ( 'NONE',  ( -7.571224402703375825E-15, 1.000000000000000000, -0.000000000000000000 ) ) ;
#882 = CARTESIAN_POINT ( 'NONE',  ( -304.6109892263183951, 224.8951998256236209, -15.00000000000000000 ) ) ;
#883 = FACE_OUTER_BOUND ( 'NONE', #1244, .T. ) ;
#884 = VERTEX_POINT ( 'NONE', #483 ) ;
#885 = ORIENTED_EDGE ( 'NONE', *, *, #1890, .F. ) ;
#886 = DIRECTION ( 'NONE',  ( 0.000000000000000000, -0.000000000000000000, 1.000000000000000000 ) ) ;
#887 = EDGE_LOOP ( 'NONE', ( #1653, #869, #1528, #585, #597, #152, #1930, #1330 ) ) ;
#888 = CARTESIAN_POINT ( 'NONE',  ( -187.8109892263183553, 310.1275784802687667, -15.00000000000000000 ) ) ;
#889 = LINE ( 'NONE', #1463, #715 ) ;
#890 = ORIENTED_EDGE ( 'NONE', *, *, #432, .F. ) ;
#891 = EDGE_CURVE ( 'NONE', #1985, #1413, #319, .T. ) ;
#892 = CARTESIAN_POINT ( 'NONE',  ( -316.9771186325385202, 231.1159884794925006, -1.000000000000000000 ) ) ;
#893 = EDGE_CURVE ( 'NONE', #793, #68, #568, .T. ) ;
#894 = CARTESIAN_POINT ( 'NONE',  ( -194.7846697739688580, 303.1159884794925006, 3.000000000000000000 ) ) ;
#895 = LINE ( 'NONE', #1627, #2268 ) ;
#896 = ORIENTED_EDGE ( 'NONE', *, *, #2130, .F. ) ;
#897 = DIRECTION ( 'NONE',  ( 0.000000000000000000, -1.000000000000000000, 0.000000000000000000 ) ) ;
#898 = ORIENTED_EDGE ( 'NONE', *, *, #1261, .F. ) ;
#899 = DIRECTION ( 'NONE',  ( -1.000000000000000000, 0.000000000000000000, 0.000000000000000000 ) ) ;
#900 = CARTESIAN_POINT ( 'NONE',  ( -194.9471186325385190, 231.1159884794925006, -1.000000000000000000 ) ) ;
#901 = ORIENTED_EDGE ( 'NONE', *, *, #893, .T. ) ;
#902 = AXIS2_PLACEMENT_3D ( 'NONE', #1823, #188, #1069 ) ;
#903 = VECTOR ( 'NONE', #2129, 1000.000000000000000 ) ;
#904 = DIRECTION ( 'NONE',  ( 1.000000000000000000, 0.000000000000000000, 0.000000000000000000 ) ) ;
#905 = VECTOR ( 'NONE', #2334, 1000.000000000000000 ) ;
#906 = FACE_OUTER_BOUND ( 'NONE', #553, .T. ) ;
#907 = CARTESIAN_POINT ( 'NONE',  ( -189.8109892263183553, 309.9275784802687781, -17.00000000000000000 ) ) ;
#908 = EDGE_CURVE ( 'NONE', #1359, #505, #492, .T. ) ;
#909 = CIRCLE ( 'NONE', #495, 2.507070184150944847 ) ;
#910 = ORIENTED_EDGE ( 'NONE', *, *, #106, .T. ) ;
#911 = ORIENTED_EDGE ( 'NONE', *, *, #1168, .T. ) ;
#912 = CIRCLE ( 'NONE', #2146, 2.000000000000001776 ) ;
#913 = CARTESIAN_POINT ( 'NONE',  ( -198.4541888166894807, 231.1159884794925006, 0.000000000000000000 ) ) ;
#914 = AXIS2_PLACEMENT_3D ( 'NONE', #203, #1279, #2004 ) ;
#915 = ORIENTED_EDGE ( 'NONE', *, *, #2164, .T. ) ;
#916 = CARTESIAN_POINT ( 'NONE',  ( -187.4109892263183497, 308.3275784802687554, -17.00000000000000000 ) ) ;
#917 = ORIENTED_EDGE ( 'NONE', *, *, #444, .F. ) ;
#918 = CARTESIAN_POINT ( 'NONE',  ( -189.4109892263183497, 308.3275784802687554, -15.00000000000000000 ) ) ;
#919 = CARTESIAN_POINT ( 'NONE',  ( -192.2917968861715394, 303.1159884794925006, 3.000000000000000000 ) ) ;
#920 = CARTESIAN_POINT ( 'NONE',  ( -194.7846697739688580, 303.1159884794925006, 3.000000000000000000 ) ) ;
#921 = EDGE_CURVE ( 'NONE', #1240, #253, #792, .T. ) ;
#922 = DIRECTION ( 'NONE',  ( -0.000000000000000000, 0.000000000000000000, 1.000000000000000000 ) ) ;
#923 = ORIENTED_EDGE ( 'NONE', *, *, #1964, .T. ) ;
#924 = EDGE_CURVE ( 'NONE', #991, #505, #756, .T. ) ;
#925 = CARTESIAN_POINT ( 'NONE',  ( -194.7846697739688580, 303.1159884794925006, -1.000000000000000000 ) ) ;
#926 = CARTESIAN_POINT ( 'NONE',  ( -189.8109892263183553, 309.9275784802687781, -15.00000000000000000 ) ) ;
#927 = CARTESIAN_POINT ( 'NONE',  ( -276.6109892263183383, 224.9127446127420171, -17.00000000000000000 ) ) ;
#928 = CARTESIAN_POINT ( 'NONE',  ( -316.9771186325385202, 231.1159884794925006, 0.000000000000000000 ) ) ;
#929 = VERTEX_POINT ( 'NONE', #311 ) ;
#930 = CARTESIAN_POINT ( 'NONE',  ( -318.3075426617661492, 303.1159884794925006, 3.000000000000000000 ) ) ;
#931 = EDGE_CURVE ( 'NONE', #1156, #1855, #1092, .T. ) ;
#932 = EDGE_LOOP ( 'NONE', ( #1969, #1726 ) ) ;
#933 = CARTESIAN_POINT ( 'NONE',  ( 0.000000000000000000, 311.1275784802687667, 3.000000000000000000 ) ) ;
#934 = LINE ( 'NONE', #740, #410 ) ;
#935 = ADVANCED_FACE ( 'NONE', ( #689 ), #1388, .F. ) ;
#936 = ORIENTED_EDGE ( 'NONE', *, *, #748, .T. ) ;
#937 = VECTOR ( 'NONE', #573, 1000.000000000000000 ) ;
#938 = CARTESIAN_POINT ( 'NONE',  ( -320.9886061297115702, 309.1275784802687667, -15.00000000000000000 ) ) ;
#939 = AXIS2_PLACEMENT_3D ( 'NONE', #1754, #1011, #116 ) ;
#940 = CARTESIAN_POINT ( 'NONE',  ( -309.7996697739688443, 302.0115101775186872, 3.000000000000000000 ) ) ;
#941 = AXIS2_PLACEMENT_3D ( 'NONE', #395, #2173, #1816 ) ;
#942 = ORIENTED_EDGE ( 'NONE', *, *, #1238, .F. ) ;
#943 = ORIENTED_EDGE ( 'NONE', *, *, #30, .F. ) ;
#944 = CARTESIAN_POINT ( 'NONE',  ( -188.6109892263183667, 311.1275784802687667, 3.000000000000000000 ) ) ;
#945 = AXIS2_PLACEMENT_3D ( 'NONE', #158, #1556, #168 ) ;
#946 = ORIENTED_EDGE ( 'NONE', *, *, #1014, .F. ) ;
#947 = EDGE_LOOP ( 'NONE', ( #974, #758, #323, #2301 ) ) ;
#948 = CIRCLE ( 'NONE', #2143, 2.492872887797314974 ) ;
#949 = DIRECTION ( 'NONE',  ( 0.000000000000000000, -0.000000000000000000, 1.000000000000000000 ) ) ;
#950 = DIRECTION ( 'NONE',  ( 0.000000000000000000, 0.000000000000000000, -1.000000000000000000 ) ) ;
#951 = VECTOR ( 'NONE', #1332, 1000.000000000000000 ) ;
#952 = ORIENTED_EDGE ( 'NONE', *, *, #1601, .F. ) ;
#953 = AXIS2_PLACEMENT_3D ( 'NONE', #567, #1084, #769 ) ;
#954 = ADVANCED_FACE ( 'NONE', ( #472 ), #1780, .T. ) ;
#955 = DIRECTION ( 'NONE',  ( -0.000000000000000000, -0.000000000000000000, -1.000000000000000000 ) ) ;
#956 = DIRECTION ( 'NONE',  ( -0.000000000000000000, 0.000000000000000000, 1.000000000000000000 ) ) ;
#957 = ORIENTED_EDGE ( 'NONE', *, *, #1339, .T. ) ;
#958 = CARTESIAN_POINT ( 'NONE',  ( -187.6109892263183667, 224.0951998256236095, -17.00000000000000000 ) ) ;
#959 = CARTESIAN_POINT ( 'NONE',  ( -194.9471186325385190, 231.1159884794925006, 2.000000000000000000 ) ) ;
#960 = ORIENTED_EDGE ( 'NONE', *, *, #1718, .F. ) ;
#961 = CARTESIAN_POINT ( 'NONE',  ( -321.7886061297115816, 224.0951998256236095, -15.00000000000000000 ) ) ;
#962 = ORIENTED_EDGE ( 'NONE', *, *, #252, .T. ) ;
#963 = EDGE_CURVE ( 'NONE', #2231, #1144, #509, .T. ) ;
#964 = DIRECTION ( 'NONE',  ( -1.000000000000000000, 0.000000000000000000, 0.000000000000000000 ) ) ;
#965 = PRODUCT_CONTEXT ( 'NONE', #1271, 'mechanical' ) ;
#966 = ADVANCED_FACE ( 'NONE', ( #2125 ), #131, .T. ) ;
#967 = ORIENTED_EDGE ( 'NONE', *, *, #609, .T. ) ;
#968 = ORIENTED_EDGE ( 'NONE', *, *, #1527, .T. ) ;
#969 = LINE ( 'NONE', #264, #1515 ) ;
#970 = DIRECTION ( 'NONE',  ( -1.000000000000000000, 0.000000000000000000, 0.000000000000000000 ) ) ;
#971 = ORIENTED_EDGE ( 'NONE', *, *, #8, .T. ) ;
#972 = FACE_OUTER_BOUND ( 'NONE', #148, .T. ) ;
#973 = CARTESIAN_POINT ( 'NONE',  ( -187.8109892263183553, 307.9275784802687781, -17.00000000000000000 ) ) ;
#974 = ORIENTED_EDGE ( 'NONE', *, *, #1257, .F. ) ;
#975 = CARTESIAN_POINT ( 'NONE',  ( -188.6109892263183667, 224.8951998256236209, -15.00000000000000000 ) ) ;
#976 = CIRCLE ( 'NONE', #140, 1.000000000000000000 ) ;
#977 = ORIENTED_EDGE ( 'NONE', *, *, #1863, .F. ) ;
#978 = ORIENTED_EDGE ( 'NONE', *, *, #879, .T. ) ;
#979 = CIRCLE ( 'NONE', #605, 1.000000000000000888 ) ;
#980 = CARTESIAN_POINT ( 'NONE',  ( -316.8146697739688307, 303.1159884794925006, -1.000000000000000000 ) ) ;
#981 = LINE ( 'NONE', #2090, #951 ) ;
#982 = EDGE_CURVE ( 'NONE', #257, #1826, #2350, .T. ) ;
#983 = VECTOR ( 'NONE', #278, 1000.000000000000000 ) ;
#984 = ORIENTED_EDGE ( 'NONE', *, *, #2038, .F. ) ;
#985 = CIRCLE ( 'NONE', #1674, 2.492872887797314974 ) ;
#986 = DIRECTION ( 'NONE',  ( -1.000000000000000000, 0.000000000000000000, 0.000000000000000000 ) ) ;
#987 = CARTESIAN_POINT ( 'NONE',  ( -318.4594675973322637, 231.1159884794925006, 3.000000000000000000 ) ) ;
#988 = CIRCLE ( 'NONE', #835, 1.000000000000000888 ) ;
#989 = ORIENTED_EDGE ( 'NONE', *, *, #206, .F. ) ;
#990 = CIRCLE ( 'NONE', #1377, 2.000000000000001776 ) ;
#991 = VERTEX_POINT ( 'NONE', #1797 ) ;
#992 = ORIENTED_EDGE ( 'NONE', *, *, #2097, .F. ) ;
#993 = DIRECTION ( 'NONE',  ( 0.000000000000000000, 1.000000000000000000, 0.000000000000000000 ) ) ;
#994 = DIRECTION ( 'NONE',  ( 1.000000000000000000, 0.000000000000000000, 0.000000000000000000 ) ) ;
#995 = ORIENTED_EDGE ( 'NONE', *, *, #1111, .F. ) ;
#996 = ADVANCED_FACE ( 'NONE', ( #110 ), #699, .T. ) ;
#997 = ORIENTED_EDGE ( 'NONE', *, *, #727, .T. ) ;
#998 = PLANE ( 'NONE',  #2061 ) ;
#999 = DIRECTION ( 'NONE',  ( 1.000000000000000000, 0.000000000000000000, 0.000000000000000000 ) ) ;
#1000 = ADVANCED_FACE ( 'NONE', ( #370 ), #2227, .F. ) ;
#1001 = ORIENTED_EDGE ( 'NONE', *, *, #1536, .F. ) ;
#1002 = DIRECTION ( 'NONE',  ( 0.000000000000000000, -1.000000000000000000, 0.000000000000000000 ) ) ;
#1003 = ORIENTED_EDGE ( 'NONE', *, *, #443, .F. ) ;
#1004 = LINE ( 'NONE', #839, #564 ) ;
#1005 = CARTESIAN_POINT ( 'NONE',  ( -0.000000000000000000, 232.9127446127420171, 0.000000000000000000 ) ) ;
#1006 = CARTESIAN_POINT ( 'NONE',  ( -323.7886061297115816, 307.9275784802687781, -17.00000000000000000 ) ) ;
#1007 = ORIENTED_EDGE ( 'NONE', *, *, #1316, .T. ) ;
#1008 = ORIENTED_EDGE ( 'NONE', *, *, #1014, .T. ) ;
#1009 = CARTESIAN_POINT ( 'NONE',  ( -316.9771186325385202, 231.1159884794925006, -1.000000000000000000 ) ) ;
#1010 = ADVANCED_FACE ( 'NONE', ( #1083 ), #1265, .T. ) ;
#1011 = DIRECTION ( 'NONE',  ( -0.000000000000000000, 0.000000000000000000, 1.000000000000000000 ) ) ;
#1012 = VERTEX_POINT ( 'NONE', #1831 ) ;
#1013 = CARTESIAN_POINT ( 'NONE',  ( -313.3217968861715121, 303.1159884794925006, 0.000000000000000000 ) ) ;
#1014 = EDGE_CURVE ( 'NONE', #1961, #1041, #985, .T. ) ;
#1015 = DIRECTION ( 'NONE',  ( -0.000000000000000000, -0.000000000000000000, -1.000000000000000000 ) ) ;
#1016 = DIRECTION ( 'NONE',  ( 0.000000000000000000, -0.000000000000000000, -1.000000000000000000 ) ) ;
#1017 = VECTOR ( 'NONE', #1094, 1000.000000000000000 ) ;
#1018 = CARTESIAN_POINT ( 'NONE',  ( -320.9886061297115702, 224.8951998256236209, 0.000000000000000000 ) ) ;
#1019 = AXIS2_PLACEMENT_3D ( 'NONE', #1622, #542, #2170 ) ;
#1020 = EDGE_LOOP ( 'NONE', ( #512, #401, #593, #1375 ) ) ;
#1021 = DIRECTION ( 'NONE',  ( -0.000000000000000000, 0.000000000000000000, 1.000000000000000000 ) ) ;
#1022 = CIRCLE ( 'NONE', #608, 3.492872887797315862 ) ;
#1023 = CYLINDRICAL_SURFACE ( 'NONE', #2295, 2.000000000000001776 ) ;
#1024 = CARTESIAN_POINT ( 'NONE',  ( -194.7846697739688580, 303.1159884794925006, 3.000000000000000000 ) ) ;
#1025 = CIRCLE ( 'NONE', #1295, 1.000000000000000000 ) ;
#1026 = EDGE_CURVE ( 'NONE', #1985, #2359, #1446, .T. ) ;
#1027 = VECTOR ( 'NONE', #897, 1000.000000000000000 ) ;
#1028 = CIRCLE ( 'NONE', #154, 2.482348964793767987 ) ;
#1029 = FACE_OUTER_BOUND ( 'NONE', #1608, .T. ) ;
#1030 = FACE_OUTER_BOUND ( 'NONE', #1963, .T. ) ;
#1031 = DIRECTION ( 'NONE',  ( 1.000000000000000000, 0.000000000000000000, 0.000000000000000000 ) ) ;
#1032 = VERTEX_POINT ( 'NONE', #882 ) ;
#1033 = DIRECTION ( 'NONE',  ( 1.000000000000000000, 0.000000000000000000, 0.000000000000000000 ) ) ;
#1034 = CARTESIAN_POINT ( 'NONE',  ( -316.8146697739688307, 303.1159884794925006, -1.000000000000000000 ) ) ;
#1035 = DIRECTION ( 'NONE',  ( -1.000000000000000000, 0.000000000000000000, 0.000000000000000000 ) ) ;
#1036 = EDGE_CURVE ( 'NONE', #446, #2241, #1278, .T. ) ;
#1037 = CARTESIAN_POINT ( 'NONE',  ( -189.4109892263183497, 225.6951998256236038, -17.00000000000000000 ) ) ;
#1038 = DIRECTION ( 'NONE',  ( 0.000000000000000000, 0.000000000000000000, -1.000000000000000000 ) ) ;
#1039 = DIRECTION ( 'NONE',  ( -0.000000000000000000, 0.000000000000000000, 1.000000000000000000 ) ) ;
#1040 = ADVANCED_FACE ( 'NONE', ( #708 ), #1992, .F. ) ;
#1041 = VERTEX_POINT ( 'NONE', #919 ) ;
#1042 = CYLINDRICAL_SURFACE ( 'NONE', #1677, 2.000000000000001776 ) ;
#1043 = DIRECTION ( 'NONE',  ( 0.000000000000000000, 0.000000000000000000, -1.000000000000000000 ) ) ;
#1044 = EDGE_LOOP ( 'NONE', ( #1303, #1989, #2141, #1385 ) ) ;
#1045 = CARTESIAN_POINT ( 'NONE',  ( -322.9886061297115702, 309.1275784802687667, 3.000000000000000000 ) ) ;
#1046 = ORIENTED_EDGE ( 'NONE', *, *, #838, .F. ) ;
#1047 = CARTESIAN_POINT ( 'NONE',  ( -196.4541888166894807, 231.1159884794925006, 3.000000000000000000 ) ) ;
#1048 = CARTESIAN_POINT ( 'NONE',  ( -0.000000000000000000, 302.0115101775186872, 0.000000000000000000 ) ) ;
#1049 = ADVANCED_FACE ( 'NONE', ( #906 ), #259, .F. ) ;
#1050 = DIRECTION ( 'NONE',  ( -1.000000000000000000, 0.000000000000000000, 0.000000000000000000 ) ) ;
#1051 = VERTEX_POINT ( 'NONE', #2027 ) ;
#1052 = ORIENTED_EDGE ( 'NONE', *, *, #705, .F. ) ;
#1053 = EDGE_CURVE ( 'NONE', #1683, #2289, #1172, .T. ) ;
#1054 = CARTESIAN_POINT ( 'NONE',  ( -190.6109892263183667, 226.8951998256236209, 0.000000000000000000 ) ) ;
#1055 = VERTEX_POINT ( 'NONE', #1073 ) ;
#1056 = VECTOR ( 'NONE', #1441, 1000.000000000000000 ) ;
#1057 = CARTESIAN_POINT ( 'NONE',  ( -188.6109892263183667, 226.8951998256236209, 0.000000000000000000 ) ) ;
#1058 = CIRCLE ( 'NONE', #939, 3.507070184150945735 ) ;
#1059 = VERTEX_POINT ( 'NONE', #357 ) ;
#1060 = TOROIDAL_SURFACE ( 'NONE', #722, 3.492872887797308756, 1.000000000000000000 ) ;
#1061 = CARTESIAN_POINT ( 'NONE',  ( -188.6109892263183667, 311.1275784802687667, 0.000000000000000000 ) ) ;
#1062 = CARTESIAN_POINT ( 'NONE',  ( -194.9471186325385190, 231.1159884794925006, -1.000000000000000000 ) ) ;
#1063 = LINE ( 'NONE', #1617, #2346 ) ;
#1064 = AXIS2_PLACEMENT_3D ( 'NONE', #607, #1379, #970 ) ;
#1065 = CIRCLE ( 'NONE', #914, 1.000000000000000888 ) ;
#1066 = DIRECTION ( 'NONE',  ( 1.000000000000000000, 0.000000000000000000, 0.000000000000000000 ) ) ;
#1067 = ADVANCED_FACE ( 'NONE', ( #384 ), #1806, .T. ) ;
#1068 = DIRECTION ( 'NONE',  ( 1.000000000000000000, 0.000000000000000000, 0.000000000000000000 ) ) ;
#1069 = DIRECTION ( 'NONE',  ( -1.000000000000000000, 0.000000000000000000, 0.000000000000000000 ) ) ;
#1070 = EDGE_CURVE ( 'NONE', #2251, #197, #14, .T. ) ;
#1071 = ORIENTED_EDGE ( 'NONE', *, *, #2000, .F. ) ;
#1072 = PLANE ( 'NONE',  #289 ) ;
#1073 = CARTESIAN_POINT ( 'NONE',  ( -201.7996697739688443, 302.0115101775186872, 3.000000000000000000 ) ) ;
#1074 = DIRECTION ( 'NONE',  ( 1.000000000000000000, 0.000000000000000000, 0.000000000000000000 ) ) ;
#1075 = ORIENTED_EDGE ( 'NONE', *, *, #444, .T. ) ;
#1076 = CARTESIAN_POINT ( 'NONE',  ( -276.6109892263183383, 224.9127446127420171, -12.00000000000000000 ) ) ;
#1077 = ORIENTED_EDGE ( 'NONE', *, *, #2256, .T. ) ;
#1078 = CARTESIAN_POINT ( 'NONE',  ( -322.9886061297115702, 224.8951998256236209, 3.000000000000000000 ) ) ;
#1079 = CARTESIAN_POINT ( 'NONE',  ( -316.9771186325385202, 231.1159884794925006, 2.000000000000000000 ) ) ;
#1080 = ORIENTED_EDGE ( 'NONE', *, *, #49, .F. ) ;
#1081 = EDGE_CURVE ( 'NONE', #1495, #1151, #146, .T. ) ;
#1082 = CARTESIAN_POINT ( 'NONE',  ( -321.7886061297115816, 309.9275784802687781, -17.00000000000000000 ) ) ;
#1083 = FACE_OUTER_BOUND ( 'NONE', #2057, .T. ) ;
#1084 = DIRECTION ( 'NONE',  ( 0.000000000000000000, 0.000000000000000000, -1.000000000000000000 ) ) ;
#1085 = ORIENTED_EDGE ( 'NONE', *, *, #853, .T. ) ;
#1086 = CARTESIAN_POINT ( 'NONE',  ( -188.6109892263183667, 222.8951998256236209, 3.000000000000000000 ) ) ;
#1087 = DIRECTION ( 'NONE',  ( 0.000000000000000000, 0.000000000000000000, 1.000000000000000000 ) ) ;
#1088 = AXIS2_PLACEMENT_3D ( 'NONE', #1037, #1769, #1965 ) ;
#1089 = CARTESIAN_POINT ( 'NONE',  ( -319.4594675973322637, 231.1159884794925006, 2.000000000000000000 ) ) ;
#1090 = ORIENTED_EDGE ( 'NONE', *, *, #83, .T. ) ;
#1091 = VECTOR ( 'NONE', #1473, 1000.000000000000000 ) ;
#1092 = CIRCLE ( 'NONE', #69, 1.507070184150915981 ) ;
#1093 = EDGE_CURVE ( 'NONE', #1424, #1716, #1749, .T. ) ;
#1094 = DIRECTION ( 'NONE',  ( 0.000000000000000000, -1.000000000000000000, 0.000000000000000000 ) ) ;
#1095 = VECTOR ( 'NONE', #2212, 1000.000000000000000 ) ;
#1096 = CIRCLE ( 'NONE', #296, 1.000000000000000888 ) ;
#1097 = CARTESIAN_POINT ( 'NONE',  ( -187.6109892263183667, 310.3275784802687554, -17.00000000000000000 ) ) ;
#1098 = LINE ( 'NONE', #212, #462 ) ;
#1099 = VECTOR ( 'NONE', #476, 1000.000000000000000 ) ;
#1100 = ADVANCED_FACE ( 'NONE', ( #202 ), #753, .T. ) ;
#1101 = ORIENTED_EDGE ( 'NONE', *, *, #294, .F. ) ;
#1102 = VECTOR ( 'NONE', #486, 1000.000000000000000 ) ;
#1103 = CARTESIAN_POINT ( 'NONE',  ( -324.9886061297115702, 309.1275784802687667, 3.000000000000000000 ) ) ;
#1104 =( GEOMETRIC_REPRESENTATION_CONTEXT ( 3 ) GLOBAL_UNCERTAINTY_ASSIGNED_CONTEXT ( ( #355 ) ) GLOBAL_UNIT_ASSIGNED_CONTEXT ( ( #261, #803, #2298 ) ) REPRESENTATION_CONTEXT ( 'NONE', 'WORKASPACE' ) );
#1105 = DIRECTION ( 'NONE',  ( -0.000000000000000000, -0.000000000000000000, -1.000000000000000000 ) ) ;
#1106 = FACE_OUTER_BOUND ( 'NONE', #842, .T. ) ;
#1107 = ORIENTED_EDGE ( 'NONE', *, *, #790, .T. ) ;
#1108 =( LENGTH_UNIT ( ) NAMED_UNIT ( * ) SI_UNIT ( .MILLI., .METRE. ) );
#1109 = DIRECTION ( 'NONE',  ( 0.000000000000000000, 0.000000000000000000, 1.000000000000000000 ) ) ;
#1110 = CARTESIAN_POINT ( 'NONE',  ( -187.6109892263183667, 309.9275784802687781, -17.00000000000000000 ) ) ;
#1111 = EDGE_CURVE ( 'NONE', #1232, #757, #743, .T. ) ;
#1112 = ORIENTED_EDGE ( 'NONE', *, *, #921, .F. ) ;
#1113 = VERTEX_POINT ( 'NONE', #566 ) ;
#1114 = DIRECTION ( 'NONE',  ( -0.000000000000000000, 0.000000000000000000, -1.000000000000000000 ) ) ;
#1115 = EDGE_CURVE ( 'NONE', #757, #214, #1293, .T. ) ;
#1116 = ORIENTED_EDGE ( 'NONE', *, *, #1813, .F. ) ;
#1117 = DIRECTION ( 'NONE',  ( -1.000000000000000000, 0.000000000000000000, 0.000000000000000000 ) ) ;
#1118 = DIRECTION ( 'NONE',  ( 1.224646799147353207E-16, 1.000000000000000000, 0.000000000000000000 ) ) ;
#1119 = ORIENTED_EDGE ( 'NONE', *, *, #2355, .F. ) ;
#1120 = DIRECTION ( 'NONE',  ( 0.000000000000000000, 0.000000000000000000, 1.000000000000000000 ) ) ;
#1121 = CARTESIAN_POINT ( 'NONE',  ( -186.6109892263183667, 224.8951998256236209, -15.00000000000000000 ) ) ;
#1122 = VERTEX_POINT ( 'NONE', #938 ) ;
#1123 = VERTEX_POINT ( 'NONE', #93 ) ;
#1124 = CARTESIAN_POINT ( 'NONE',  ( -304.6109892263183951, 224.8951998256236209, -12.00000000000000000 ) ) ;
#1125 = EDGE_CURVE ( 'NONE', #376, #221, #1866, .T. ) ;
#1126 = DIRECTION ( 'NONE',  ( -1.000000000000000000, 0.000000000000000000, 0.000000000000000000 ) ) ;
#1127 = FACE_OUTER_BOUND ( 'NONE', #812, .T. ) ;
#1128 = EDGE_LOOP ( 'NONE', ( #2282, #1549, #633, #84 ) ) ;
#1129 = VECTOR ( 'NONE', #1313, 1000.000000000000000 ) ;
#1130 = DIRECTION ( 'NONE',  ( 0.000000000000000000, -1.000000000000000000, 0.000000000000000000 ) ) ;
#1131 = LINE ( 'NONE', #1869, #718 ) ;
#1132 = AXIS2_PLACEMENT_3D ( 'NONE', #1761, #121, #2313 ) ;
#1133 = VECTOR ( 'NONE', #532, 1000.000000000000000 ) ;
#1134 = ORIENTED_EDGE ( 'NONE', *, *, #491, .F. ) ;
#1135 = LINE ( 'NONE', #274, #1979 ) ;
#1136 = CARTESIAN_POINT ( 'NONE',  ( -201.7996697739688443, 0.000000000000000000, 3.000000000000000000 ) ) ;
#1137 = AXIS2_PLACEMENT_3D ( 'NONE', #844, #830, #2071 ) ;
#1138 = ORIENTED_EDGE ( 'NONE', *, *, #1319, .T. ) ;
#1139 = AXIS2_PLACEMENT_3D ( 'NONE', #1414, #1983, #2352 ) ;
#1140 = DIRECTION ( 'NONE',  ( -0.000000000000000000, 0.000000000000000000, 1.000000000000000000 ) ) ;
#1141 = ADVANCED_FACE ( 'NONE', ( #673 ), #651, .F. ) ;
#1142 = DIRECTION ( 'NONE',  ( -0.000000000000000000, -0.000000000000000000, -1.000000000000000000 ) ) ;
#1143 = AXIS2_PLACEMENT_3D ( 'NONE', #2163, #1039, #1254 ) ;
#1144 = VERTEX_POINT ( 'NONE', #2132 ) ;
#1145 = ADVANCED_FACE ( 'NONE', ( #601 ), #2338, .T. ) ;
#1146 =( NAMED_UNIT ( * ) PLANE_ANGLE_UNIT ( ) SI_UNIT ( $, .RADIAN. ) );
#1147 = ORIENTED_EDGE ( 'NONE', *, *, #751, .F. ) ;
#1148 = ORIENTED_EDGE ( 'NONE', *, *, #1115, .T. ) ;
#1149 = DIRECTION ( 'NONE',  ( -1.000000000000000000, 0.000000000000000000, 0.000000000000000000 ) ) ;
#1150 = CARTESIAN_POINT ( 'NONE',  ( -186.6109892263183667, 0.000000000000000000, 3.000000000000000000 ) ) ;
#1151 = VERTEX_POINT ( 'NONE', #226 ) ;
#1152 = PLANE ( 'NONE',  #871 ) ;
#1153 = ORIENTED_EDGE ( 'NONE', *, *, #1429, .F. ) ;
#1154 = EDGE_CURVE ( 'NONE', #253, #1240, #833, .T. ) ;
#1155 = ADVANCED_BREP_SHAPE_REPRESENTATION ( 'przod', ( #308, #693 ), #1104 ) ;
#1156 = VERTEX_POINT ( 'NONE', #1190 ) ;
#1157 = CARTESIAN_POINT ( 'NONE',  ( 0.000000000000000000, 0.000000000000000000, 0.000000000000000000 ) ) ;
#1158 = CARTESIAN_POINT ( 'NONE',  ( -313.3217968861715121, 303.1159884794925006, -1.000000000000000000 ) ) ;
#1159 = DIRECTION ( 'NONE',  ( 1.000000000000000000, 0.000000000000000000, 0.000000000000000000 ) ) ;
#1160 = PLANE ( 'NONE',  #293 ) ;
#1161 = VERTEX_POINT ( 'NONE', #1326 ) ;
#1162 = CIRCLE ( 'NONE', #1323, 1.000000000000000000 ) ;
#1163 = ADVANCED_FACE ( 'NONE', ( #1925 ), #834, .T. ) ;
#1164 = ORIENTED_EDGE ( 'NONE', *, *, #352, .F. ) ;
#1165 = VERTEX_POINT ( 'NONE', #1395 ) ;
#1166 = CARTESIAN_POINT ( 'NONE',  ( -188.6109892263183667, 307.1275784802687667, 0.000000000000000000 ) ) ;
#1167 = DIRECTION ( 'NONE',  ( 1.224646799147353207E-16, 1.000000000000000000, 0.000000000000000000 ) ) ;
#1168 = EDGE_CURVE ( 'NONE', #1538, #2155, #1690, .T. ) ;
#1169 = CIRCLE ( 'NONE', #1289, 2.000000000000001776 ) ;
#1170 = VERTEX_POINT ( 'NONE', #104 ) ;
#1171 = EDGE_LOOP ( 'NONE', ( #618, #773, #522, #1870 ) ) ;
#1172 = CIRCLE ( 'NONE', #2297, 2.000000000000001776 ) ;
#1173 = FACE_OUTER_BOUND ( 'NONE', #450, .T. ) ;
#1174 = LINE ( 'NONE', #1911, #1821 ) ;
#1175 = AXIS2_PLACEMENT_3D ( 'NONE', #1009, #1562, #2308 ) ;
#1176 = ORIENTED_EDGE ( 'NONE', *, *, #1276, .T. ) ;
#1177 = LINE ( 'NONE', #1376, #1986 ) ;
#1178 = CIRCLE ( 'NONE', #1064, 2.000000000000001776 ) ;
#1179 = CIRCLE ( 'NONE', #1143, 1.492872887797314085 ) ;
#1180 = VERTEX_POINT ( 'NONE', #1013 ) ;
#1181 = CARTESIAN_POINT ( 'NONE',  ( -320.9886061297115702, 309.1275784802687667, 0.000000000000000000 ) ) ;
#1182 = DIRECTION ( 'NONE',  ( -0.000000000000000000, 0.000000000000000000, -1.000000000000000000 ) ) ;
#1183 = ADVANCED_FACE ( 'NONE', ( #37 ), #1314, .F. ) ;
#1184 = CARTESIAN_POINT ( 'NONE',  ( -187.4109892263183497, 310.1275784802687667, -17.00000000000000000 ) ) ;
#1185 = ORIENTED_EDGE ( 'NONE', *, *, #963, .T. ) ;
#1186 = EDGE_CURVE ( 'NONE', #1683, #1161, #1177, .T. ) ;
#1187 = CARTESIAN_POINT ( 'NONE',  ( -320.3075426617661492, 303.1159884794925006, 0.000000000000000000 ) ) ;
#1188 = DIRECTION ( 'NONE',  ( -1.000000000000000000, 0.000000000000000000, 0.000000000000000000 ) ) ;
#1189 = EDGE_LOOP ( 'NONE', ( #626, #1856 ) ) ;
#1190 = CARTESIAN_POINT ( 'NONE',  ( -196.4541888166894523, 231.1159884794925006, -1.000000000000000000 ) ) ;
#1191 = DIRECTION ( 'NONE',  ( 0.000000000000000000, -0.000000000000000000, -1.000000000000000000 ) ) ;
#1192 = CARTESIAN_POINT ( 'NONE',  ( -186.6109892263183667, 309.1275784802687667, -15.00000000000000000 ) ) ;
#1193 = ORIENTED_EDGE ( 'NONE', *, *, #219, .T. ) ;
#1194 = DIRECTION ( 'NONE',  ( 0.000000000000000000, -0.000000000000000000, 1.000000000000000000 ) ) ;
#1195 = DIRECTION ( 'NONE',  ( -1.000000000000000000, 0.000000000000000000, 0.000000000000000000 ) ) ;
#1196 = ADVANCED_FACE ( 'NONE', ( #118 ), #2294, .T. ) ;
#1197 = ORIENTED_EDGE ( 'NONE', *, *, #1640, .T. ) ;
#1198 = DIRECTION ( 'NONE',  ( -0.000000000000000000, 0.000000000000000000, 1.000000000000000000 ) ) ;
#1199 = DIRECTION ( 'NONE',  ( 0.000000000000000000, 1.000000000000000000, 0.000000000000000000 ) ) ;
#1200 = DIRECTION ( 'NONE',  ( 0.000000000000000000, -1.000000000000000000, 0.000000000000000000 ) ) ;
#1201 = AXIS2_PLACEMENT_3D ( 'NONE', #892, #2200, #1830 ) ;
#1202 = CARTESIAN_POINT ( 'NONE',  ( -189.8109892263183553, 307.9275784802687781, -15.00000000000000000 ) ) ;
#1203 = AXIS2_PLACEMENT_3D ( 'NONE', #1079, #2220, #1669 ) ;
#1204 = ORIENTED_EDGE ( 'NONE', *, *, #561, .F. ) ;
#1205 = ORIENTED_EDGE ( 'NONE', *, *, #402, .F. ) ;
#1206 = LINE ( 'NONE', #303, #1567 ) ;
#1207 = AXIS2_PLACEMENT_3D ( 'NONE', #2067, #993, #2287 ) ;
#1208 = DIRECTION ( 'NONE',  ( 0.000000000000000000, 0.000000000000000000, -1.000000000000000000 ) ) ;
#1209 = ORIENTED_EDGE ( 'NONE', *, *, #1858, .T. ) ;
#1210 = VECTOR ( 'NONE', #1262, 1000.000000000000000 ) ;
#1211 = AXIS2_PLACEMENT_3D ( 'NONE', #872, #1419, #1466 ) ;
#1212 = DIRECTION ( 'NONE',  ( 0.000000000000000000, 0.000000000000000000, -1.000000000000000000 ) ) ;
#1213 = ADVANCED_FACE ( 'NONE', ( #271 ), #2047, .F. ) ;
#1214 = CIRCLE ( 'NONE', #1793, 3.492872887797315862 ) ;
#1215 = CIRCLE ( 'NONE', #1408, 1.000000000000000000 ) ;
#1216 = EDGE_CURVE ( 'NONE', #735, #376, #2311, .T. ) ;
#1217 = AXIS2_PLACEMENT_3D ( 'NONE', #1202, #700, #1771 ) ;
#1218 = DIRECTION ( 'NONE',  ( -1.000000000000000000, 0.000000000000000000, 0.000000000000000000 ) ) ;
#1219 = CARTESIAN_POINT ( 'NONE',  ( -187.6109892263183667, 309.9275784802687781, -17.00000000000000000 ) ) ;
#1220 = FACE_BOUND ( 'NONE', #817, .T. ) ;
#1221 = ORIENTED_EDGE ( 'NONE', *, *, #30, .T. ) ;
#1222 = EDGE_LOOP ( 'NONE', ( #890, #911, #1085, #2360 ) ) ;
#1223 = CARTESIAN_POINT ( 'NONE',  ( -201.7996697739688443, 0.000000000000000000, 0.000000000000000000 ) ) ;
#1224 = CARTESIAN_POINT ( 'NONE',  ( -187.6109892263183667, 223.6951998256236038, -17.00000000000000000 ) ) ;
#1225 = CARTESIAN_POINT ( 'NONE',  ( -189.4109892263183497, 225.6951998256236038, -17.00000000000000000 ) ) ;
#1226 = ORIENTED_EDGE ( 'NONE', *, *, #417, .T. ) ;
#1227 = ADVANCED_FACE ( 'NONE', ( #1386 ), #2321, .F. ) ;
#1228 = DIRECTION ( 'NONE',  ( 0.000000000000000000, 0.000000000000000000, 1.000000000000000000 ) ) ;
#1229 = DIRECTION ( 'NONE',  ( -1.000000000000000000, 0.000000000000000000, 0.000000000000000000 ) ) ;
#1230 = PLANE ( 'NONE',  #382 ) ;
#1231 = ORIENTED_EDGE ( 'NONE', *, *, #366, .F. ) ;
#1232 = VERTEX_POINT ( 'NONE', #1578 ) ;
#1233 = CARTESIAN_POINT ( 'NONE',  ( -322.9886061297115702, 222.8951998256236209, 3.000000000000000000 ) ) ;
#1234 = CARTESIAN_POINT ( 'NONE',  ( -318.3075426617661492, 303.1159884794925006, 2.000000000000000000 ) ) ;
#1235 = VERTEX_POINT ( 'NONE', #407 ) ;
#1236 = CARTESIAN_POINT ( 'NONE',  ( -316.8146697739688307, 303.1159884794925006, 3.000000000000000000 ) ) ;
#1237 = FACE_OUTER_BOUND ( 'NONE', #424, .T. ) ;
#1238 = EDGE_CURVE ( 'NONE', #7, #1122, #1131, .T. ) ;
#1239 = EDGE_LOOP ( 'NONE', ( #701, #1574, #305, #16 ) ) ;
#1240 = VERTEX_POINT ( 'NONE', #1234 ) ;
#1241 = DIRECTION ( 'NONE',  ( -1.000000000000000000, 0.000000000000000000, 0.000000000000000000 ) ) ;
#1242 = EDGE_CURVE ( 'NONE', #1297, #419, #162, .T. ) ;
#1243 = VECTOR ( 'NONE', #752, 1000.000000000000000 ) ;
#1244 = EDGE_LOOP ( 'NONE', ( #2093, #1077, #1205, #428 ) ) ;
#1245 = AXIS2_PLACEMENT_3D ( 'NONE', #477, #864, #1195 ) ;
#1246 = DIRECTION ( 'NONE',  ( 0.000000000000000000, -1.000000000000000000, 0.000000000000000000 ) ) ;
#1247 = FACE_OUTER_BOUND ( 'NONE', #60, .T. ) ;
#1248 = AXIS2_PLACEMENT_3D ( 'NONE', #1626, #1120, #719 ) ;
#1249 = ORIENTED_EDGE ( 'NONE', *, *, #1789, .F. ) ;
#1250 = AXIS2_PLACEMENT_3D ( 'NONE', #560, #2043, #572 ) ;
#1251 = VECTOR ( 'NONE', #1787, 1000.000000000000000 ) ;
#1252 = DIRECTION ( 'NONE',  ( 0.000000000000000000, -1.000000000000000000, 0.000000000000000000 ) ) ;
#1253 = CARTESIAN_POINT ( 'NONE',  ( -316.9771186325385202, 231.1159884794925006, 3.000000000000000000 ) ) ;
#1254 = DIRECTION ( 'NONE',  ( 1.000000000000000000, 0.000000000000000000, 0.000000000000000000 ) ) ;
#1255 = AXIS2_PLACEMENT_3D ( 'NONE', #266, #1520, #438 ) ;
#1256 = ORIENTED_EDGE ( 'NONE', *, *, #794, .T. ) ;
#1257 = EDGE_CURVE ( 'NONE', #350, #1165, #1768, .T. ) ;
#1258 = EDGE_LOOP ( 'NONE', ( #1107, #1710, #1465, #695, #1264, #876, #1267, #276 ) ) ;
#1259 = AXIS2_PLACEMENT_3D ( 'NONE', #1432, #1940, #2174 ) ;
#1260 = LINE ( 'NONE', #877, #34 ) ;
#1261 = EDGE_CURVE ( 'NONE', #1282, #1855, #316, .T. ) ;
#1262 = DIRECTION ( 'NONE',  ( 0.000000000000000000, -0.000000000000000000, 1.000000000000000000 ) ) ;
#1263 = CARTESIAN_POINT ( 'NONE',  ( -322.9886061297115702, 311.1275784802687667, 3.000000000000000000 ) ) ;
#1264 = ORIENTED_EDGE ( 'NONE', *, *, #474, .F. ) ;
#1265 = CYLINDRICAL_SURFACE ( 'NONE', #1248, 2.000000000000001776 ) ;
#1266 = PLANE ( 'NONE',  #1641 ) ;
#1267 = ORIENTED_EDGE ( 'NONE', *, *, #1802, .F. ) ;
#1268 = EDGE_LOOP ( 'NONE', ( #1322, #2117, #445, #1112 ) ) ;
#1269 = DIRECTION ( 'NONE',  ( 0.000000000000000000, 0.000000000000000000, -1.000000000000000000 ) ) ;
#1270 = VERTEX_POINT ( 'NONE', #1972 ) ;
#1271 = APPLICATION_CONTEXT ( 'automotive_design' ) ;
#1272 = CARTESIAN_POINT ( 'NONE',  ( -192.4400484483875857, 231.1159884794925006, 2.000000000000000000 ) ) ;
#1273 = EDGE_CURVE ( 'NONE', #2099, #862, #2139, .T. ) ;
#1274 = DIRECTION ( 'NONE',  ( -1.000000000000000000, 0.000000000000000000, 0.000000000000000000 ) ) ;
#1275 = EDGE_LOOP ( 'NONE', ( #2330, #1879, #436, #1751 ) ) ;
#1276 = EDGE_CURVE ( 'NONE', #1382, #1949, #2059, .T. ) ;
#1277 = LINE ( 'NONE', #1061, #1017 ) ;
#1278 = LINE ( 'NONE', #2357, #1133 ) ;
#1279 = DIRECTION ( 'NONE',  ( 1.224646799147353207E-16, 1.000000000000000000, 0.000000000000000000 ) ) ;
#1280 = EDGE_LOOP ( 'NONE', ( #2087, #1704, #2209, #17, #1845, #113, #661, #75 ) ) ;
#1281 = DIRECTION ( 'NONE',  ( -1.000000000000000000, 0.000000000000000000, 0.000000000000000000 ) ) ;
#1282 = VERTEX_POINT ( 'NONE', #551 ) ;
#1283 = DIRECTION ( 'NONE',  ( -0.000000000000000000, 0.000000000000000000, 1.000000000000000000 ) ) ;
#1284 = AXIS2_PLACEMENT_3D ( 'NONE', #482, #1199, #1364 ) ;
#1285 = LINE ( 'NONE', #2020, #2333 ) ;
#1286 = ORIENTED_EDGE ( 'NONE', *, *, #340, .F. ) ;
#1287 = AXIS2_PLACEMENT_3D ( 'NONE', #900, #1658, #1274 ) ;
#1288 = ADVANCED_FACE ( 'NONE', ( #1440 ), #173, .T. ) ;
#1289 = AXIS2_PLACEMENT_3D ( 'NONE', #2319, #672, #1188 ) ;
#1290 = CARTESIAN_POINT ( 'NONE',  ( -193.2917968861715394, 303.1159884794925006, -1.000000000000000000 ) ) ;
#1291 = ADVANCED_FACE ( 'NONE', ( #2331 ), #306, .F. ) ;
#1292 = AXIS2_PLACEMENT_3D ( 'NONE', #281, #1675, #821 ) ;
#1293 = LINE ( 'NONE', #1480, #795 ) ;
#1294 = DIRECTION ( 'NONE',  ( 0.000000000000000000, -1.000000000000000000, 0.000000000000000000 ) ) ;
#1295 = AXIS2_PLACEMENT_3D ( 'NONE', #1631, #1246, #342 ) ;
#1296 = ORIENTED_EDGE ( 'NONE', *, *, #1494, .T. ) ;
#1297 = VERTEX_POINT ( 'NONE', #1792 ) ;
#1298 = VECTOR ( 'NONE', #215, 1000.000000000000000 ) ;
#1299 = CARTESIAN_POINT ( 'NONE',  ( -188.6109892263183667, 311.1275784802687667, 3.000000000000000000 ) ) ;
#1300 = ORIENTED_EDGE ( 'NONE', *, *, #581, .F. ) ;
#1301 = DIRECTION ( 'NONE',  ( 1.000000000000000000, 0.000000000000000000, 0.000000000000000000 ) ) ;
#1302 = LINE ( 'NONE', #174, #1091 ) ;
#1303 = ORIENTED_EDGE ( 'NONE', *, *, #552, .T. ) ;
#1304 = FACE_OUTER_BOUND ( 'NONE', #1128, .T. ) ;
#1305 = CARTESIAN_POINT ( 'NONE',  ( -324.1886061297115589, 310.1275784802687667, -15.00000000000000000 ) ) ;
#1306 = FACE_OUTER_BOUND ( 'NONE', #245, .T. ) ;
#1307 = ADVANCED_FACE ( 'NONE', ( #2148 ), #138, .F. ) ;
#1308 = DIRECTION ( 'NONE',  ( 0.000000000000000000, -1.000000000000000000, 0.000000000000000000 ) ) ;
#1309 = EDGE_LOOP ( 'NONE', ( #1913, #1221, #341, #2065 ) ) ;
#1310 = PLANE ( 'NONE',  #1988 ) ;
#1311 = DIRECTION ( 'NONE',  ( -1.000000000000000000, 0.000000000000000000, 0.000000000000000000 ) ) ;
#1312 = ORIENTED_EDGE ( 'NONE', *, *, #2029, .T. ) ;
#1313 = DIRECTION ( 'NONE',  ( -1.000000000000000000, 0.000000000000000000, 0.000000000000000000 ) ) ;
#1314 = CYLINDRICAL_SURFACE ( 'NONE', #2181, 2.000000000000001776 ) ;
#1315 = DIRECTION ( 'NONE',  ( 0.000000000000000000, -0.000000000000000000, 1.000000000000000000 ) ) ;
#1316 = EDGE_CURVE ( 'NONE', #1949, #511, #1599, .T. ) ;
#1317 = CARTESIAN_POINT ( 'NONE',  ( -194.7846697739688580, 303.1159884794925006, -1.000000000000000000 ) ) ;
#1318 = ORIENTED_EDGE ( 'NONE', *, *, #21, .T. ) ;
#1319 = EDGE_CURVE ( 'NONE', #1733, #3, #2184, .T. ) ;
#1320 = CARTESIAN_POINT ( 'NONE',  ( -188.6109892263183667, 224.8951998256236209, 3.000000000000000000 ) ) ;
#1321 = DIRECTION ( 'NONE',  ( 1.000000000000000000, 0.000000000000000000, 0.000000000000000000 ) ) ;
#1322 = ORIENTED_EDGE ( 'NONE', *, *, #2052, .F. ) ;
#1323 = AXIS2_PLACEMENT_3D ( 'NONE', #530, #1252, #1991 ) ;
#1324 = CIRCLE ( 'NONE', #1287, 2.507070184150944847 ) ;
#1325 = PRESENTATION_STYLE_ASSIGNMENT (( #785 ) ) ;
#1326 = CARTESIAN_POINT ( 'NONE',  ( -187.8109892263183553, 226.0951998256236095, -17.00000000000000000 ) ) ;
#1327 = APPLICATION_PROTOCOL_DEFINITION ( 'draft international standard', 'automotive_design', 1998, #1932 ) ;
#1328 = ORIENTED_EDGE ( 'NONE', *, *, #2355, .T. ) ;
#1329 = VECTOR ( 'NONE', #813, 1000.000000000000000 ) ;
#1330 = ORIENTED_EDGE ( 'NONE', *, *, #1689, .T. ) ;
#1331 = FACE_OUTER_BOUND ( 'NONE', #1171, .T. ) ;
#1332 = DIRECTION ( 'NONE',  ( 7.571224402703375825E-15, -1.000000000000000000, 0.000000000000000000 ) ) ;
#1333 = CIRCLE ( 'NONE', #1635, 1.000000000000000000 ) ;
#1334 = ORIENTED_EDGE ( 'NONE', *, *, #474, .T. ) ;
#1335 = AXIS2_PLACEMENT_3D ( 'NONE', #1451, #400, #412 ) ;
#1336 = DIRECTION ( 'NONE',  ( 1.000000000000000000, 0.000000000000000000, 0.000000000000000000 ) ) ;
#1337 = DIRECTION ( 'NONE',  ( -0.000000000000000000, 0.000000000000000000, 1.000000000000000000 ) ) ;
#1338 = VECTOR ( 'NONE', #2269, 1000.000000000000000 ) ;
#1339 = EDGE_CURVE ( 'NONE', #1370, #1903, #515, .T. ) ;
#1340 = ORIENTED_EDGE ( 'NONE', *, *, #223, .F. ) ;
#1341 = CARTESIAN_POINT ( 'NONE',  ( -276.6109892263183383, 0.000000000000000000, -15.00000000000000000 ) ) ;
#1342 = ORIENTED_EDGE ( 'NONE', *, *, #1742, .T. ) ;
#1343 = FACE_OUTER_BOUND ( 'NONE', #1280, .T. ) ;
#1344 = CARTESIAN_POINT ( 'NONE',  ( -197.4541888166894807, 231.1159884794925006, -1.000000000000000000 ) ) ;
#1345 = VERTEX_POINT ( 'NONE', #1057 ) ;
#1346 = FACE_OUTER_BOUND ( 'NONE', #1309, .T. ) ;
#1347 = PLANE ( 'NONE',  #1475 ) ;
#1348 = EDGE_LOOP ( 'NONE', ( #943, #2344, #2111, #360 ) ) ;
#1349 = EDGE_CURVE ( 'NONE', #221, #376, #260, .T. ) ;
#1350 = CARTESIAN_POINT ( 'NONE',  ( -324.9886061297115702, 224.8951998256236209, -15.00000000000000000 ) ) ;
#1351 = EDGE_CURVE ( 'NONE', #557, #253, #1025, .T. ) ;
#1352 = ORIENTED_EDGE ( 'NONE', *, *, #1490, .T. ) ;
#1353 = ORIENTED_EDGE ( 'NONE', *, *, #2226, .T. ) ;
#1354 = CARTESIAN_POINT ( 'NONE',  ( -189.4109892263183497, 225.6951998256236038, -15.00000000000000000 ) ) ;
#1355 = CARTESIAN_POINT ( 'NONE',  ( -191.2917968861715394, 303.1159884794925006, -1.000000000000000000 ) ) ;
#1356 = ORIENTED_EDGE ( 'NONE', *, *, #307, .T. ) ;
#1357 = DIRECTION ( 'NONE',  ( 1.000000000000000000, 0.000000000000000000, 0.000000000000000000 ) ) ;
#1358 = DIRECTION ( 'NONE',  ( 0.000000000000000000, 0.000000000000000000, 1.000000000000000000 ) ) ;
#1359 = VERTEX_POINT ( 'NONE', #1801 ) ;
#1360 = ADVANCED_FACE ( 'NONE', ( #1621 ), #1600, .F. ) ;
#1361 = VECTOR ( 'NONE', #256, 1000.000000000000000 ) ;
#1362 = ADVANCED_FACE ( 'NONE', ( #729 ), #711, .T. ) ;
#1363 = VERTEX_POINT ( 'NONE', #2375 ) ;
#1364 = DIRECTION ( 'NONE',  ( 0.000000000000000000, -0.000000000000000000, 1.000000000000000000 ) ) ;
#1365 = AXIS2_PLACEMENT_3D ( 'NONE', #612, #763, #1311 ) ;
#1366 = CARTESIAN_POINT ( 'NONE',  ( -314.3217968861715121, 303.1159884794925006, -1.000000000000000000 ) ) ;
#1367 = DIRECTION ( 'NONE',  ( 0.000000000000000000, -0.000000000000000000, -1.000000000000000000 ) ) ;
#1368 = AXIS2_PLACEMENT_3D ( 'NONE', #297, #1411, #1580 ) ;
#1369 = VERTEX_POINT ( 'NONE', #1453 ) ;
#1370 = VERTEX_POINT ( 'NONE', #1666 ) ;
#1371 = AXIS2_PLACEMENT_3D ( 'NONE', #2303, #497, #1229 ) ;
#1372 = LINE ( 'NONE', #2091, #418 ) ;
#1373 = CYLINDRICAL_SURFACE ( 'NONE', #868, 1.492872887797314085 ) ;
#1374 = VECTOR ( 'NONE', #808, 1000.000000000000000 ) ;
#1375 = ORIENTED_EDGE ( 'NONE', *, *, #1238, .T. ) ;
#1376 = CARTESIAN_POINT ( 'NONE',  ( -187.8109892263183553, 310.1275784802687667, -17.00000000000000000 ) ) ;
#1377 = AXIS2_PLACEMENT_3D ( 'NONE', #632, #448, #2304 ) ;
#1378 = CARTESIAN_POINT ( 'NONE',  ( -193.2917968861715394, 303.1159884794925006, 2.000000000000000000 ) ) ;
#1379 = DIRECTION ( 'NONE',  ( 0.000000000000000000, 0.000000000000000000, 1.000000000000000000 ) ) ;
#1380 = ADVANCED_FACE ( 'NONE', ( #20 ), #2019, .F. ) ;
#1381 = ORIENTED_EDGE ( 'NONE', *, *, #294, .T. ) ;
#1382 = VERTEX_POINT ( 'NONE', #2206 ) ;
#1383 = LINE ( 'NONE', #2120, #1099 ) ;
#1384 = CARTESIAN_POINT ( 'NONE',  ( -316.9771186325385202, 231.1159884794925006, -1.000000000000000000 ) ) ;
#1385 = ORIENTED_EDGE ( 'NONE', *, *, #533, .F. ) ;
#1386 = FACE_OUTER_BOUND ( 'NONE', #99, .T. ) ;
#1387 = LINE ( 'NONE', #1047, #1819 ) ;
#1388 = CYLINDRICAL_SURFACE ( 'NONE', #1371, 1.507070184150943737 ) ;
#1389 = DIRECTION ( 'NONE',  ( 0.000000000000000000, -0.000000000000000000, -1.000000000000000000 ) ) ;
#1390 = ADVANCED_FACE ( 'NONE', ( #1849 ), #377, .T. ) ;
#1391 = CARTESIAN_POINT ( 'NONE',  ( -320.9886061297115702, 226.8951998256236209, -15.00000000000000000 ) ) ;
#1392 = LINE ( 'NONE', #2328, #903 ) ;
#1393 = ADVANCED_FACE ( 'NONE', ( #1657 ), #1471, .T. ) ;
#1394 = ORIENTED_EDGE ( 'NONE', *, *, #1420, .F. ) ;
#1395 = CARTESIAN_POINT ( 'NONE',  ( -324.1886061297115589, 308.3275784802687554, -17.00000000000000000 ) ) ;
#1396 = CARTESIAN_POINT ( 'NONE',  ( -187.8109892263183553, 226.0951998256236095, -15.00000000000000000 ) ) ;
#1397 = DIRECTION ( 'NONE',  ( -1.000000000000000000, 0.000000000000000000, 0.000000000000000000 ) ) ;
#1398 = CIRCLE ( 'NONE', #1472, 2.000000000000001776 ) ;
#1399 = DIRECTION ( 'NONE',  ( -0.000000000000000000, 0.000000000000000000, 1.000000000000000000 ) ) ;
#1400 = EDGE_LOOP ( 'NONE', ( #1565, #95, #2266, #1701 ) ) ;
#1401 = ORIENTED_EDGE ( 'NONE', *, *, #1968, .T. ) ;
#1402 = LINE ( 'NONE', #1959, #35 ) ;
#1403 = VECTOR ( 'NONE', #1966, 1000.000000000000000 ) ;
#1404 = PLANE ( 'NONE',  #648 ) ;
#1405 = AXIS2_PLACEMENT_3D ( 'NONE', #1914, #956, #590 ) ;
#1406 = DIRECTION ( 'NONE',  ( -1.000000000000000000, 0.000000000000000000, 0.000000000000000000 ) ) ;
#1407 = EDGE_CURVE ( 'NONE', #2168, #1282, #1333, .T. ) ;
#1408 = AXIS2_PLACEMENT_3D ( 'NONE', #791, #1533, #1506 ) ;
#1409 = AXIS2_PLACEMENT_3D ( 'NONE', #520, #1389, #1031 ) ;
#1410 = CARTESIAN_POINT ( 'NONE',  ( -188.6109892263183667, 309.1275784802687667, 3.000000000000000000 ) ) ;
#1411 = DIRECTION ( 'NONE',  ( -0.000000000000000000, 0.000000000000000000, 1.000000000000000000 ) ) ;
#1412 = CARTESIAN_POINT ( 'NONE',  ( -197.2775426617661765, 303.1159884794925006, -1.000000000000000000 ) ) ;
#1413 = VERTEX_POINT ( 'NONE', #1646 ) ;
#1414 = CARTESIAN_POINT ( 'NONE',  ( -188.6109892263183667, 309.1275784802687667, 3.000000000000000000 ) ) ;
#1415 = VERTEX_POINT ( 'NONE', #2007 ) ;
#1416 = DIRECTION ( 'NONE',  ( 0.000000000000000000, -0.000000000000000000, 1.000000000000000000 ) ) ;
#1417 = VERTEX_POINT ( 'NONE', #378 ) ;
#1418 = EDGE_CURVE ( 'NONE', #409, #1904, #363, .T. ) ;
#1419 = DIRECTION ( 'NONE',  ( 0.000000000000000000, 1.000000000000000000, 0.000000000000000000 ) ) ;
#1420 = EDGE_CURVE ( 'NONE', #235, #741, #1822, .T. ) ;
#1421 = LINE ( 'NONE', #1939, #1403 ) ;
#1422 = DIRECTION ( 'NONE',  ( -1.000000000000000000, 0.000000000000000000, 0.000000000000000000 ) ) ;
#1423 = ORIENTED_EDGE ( 'NONE', *, *, #1828, .T. ) ;
#1424 = VERTEX_POINT ( 'NONE', #2219 ) ;
#1425 = FACE_OUTER_BOUND ( 'NONE', #1508, .T. ) ;
#1426 = DIRECTION ( 'NONE',  ( -1.000000000000000000, 0.000000000000000000, 0.000000000000000000 ) ) ;
#1427 = DIRECTION ( 'NONE',  ( -1.000000000000000000, 0.000000000000000000, 0.000000000000000000 ) ) ;
#1428 = VERTEX_POINT ( 'NONE', #187 ) ;
#1429 = EDGE_CURVE ( 'NONE', #2168, #665, #909, .T. ) ;
#1430 = DIRECTION ( 'NONE',  ( -0.000000000000000000, 0.000000000000000000, 1.000000000000000000 ) ) ;
#1431 = CARTESIAN_POINT ( 'NONE',  ( -189.8109892263183553, 307.9275784802687781, -17.00000000000000000 ) ) ;
#1432 = CARTESIAN_POINT ( 'NONE',  ( 0.000000000000000000, 0.000000000000000000, 3.000000000000000000 ) ) ;
#1433 = ADVANCED_FACE ( 'NONE', ( #403, #198 ), #1310, .T. ) ;
#1434 = EDGE_LOOP ( 'NONE', ( #1286, #1153, #2369, #348 ) ) ;
#1435 = VERTEX_POINT ( 'NONE', #762 ) ;
#1436 = TOROIDAL_SURFACE ( 'NONE', #185, 2.507070184150953285, 1.000000000000000000 ) ;
#1437 = CARTESIAN_POINT ( 'NONE',  ( -186.6109892263183667, 224.8951998256236209, -15.00000000000000000 ) ) ;
#1438 = CIRCLE ( 'NONE', #330, 1.000000000000000888 ) ;
#1439 = AXIS2_PLACEMENT_3D ( 'NONE', #1236, #1191, #848 ) ;
#1440 = FACE_OUTER_BOUND ( 'NONE', #1851, .T. ) ;
#1441 = DIRECTION ( 'NONE',  ( -1.000000000000000000, 0.000000000000000000, 0.000000000000000000 ) ) ;
#1442 = AXIS2_PLACEMENT_3D ( 'NONE', #1024, #211, #1757 ) ;
#1443 = ORIENTED_EDGE ( 'NONE', *, *, #1081, .T. ) ;
#1444 = AXIS2_PLACEMENT_3D ( 'NONE', #2290, #101, #1159 ) ;
#1445 = VECTOR ( 'NONE', #149, 1000.000000000000000 ) ;
#1446 = LINE ( 'NONE', #1853, #1984 ) ;
#1447 = CARTESIAN_POINT ( 'NONE',  ( 0.000000000000000000, 0.000000000000000000, -15.00000000000000000 ) ) ;
#1448 = AXIS2_PLACEMENT_3D ( 'NONE', #2238, #1817, #1832 ) ;
#1449 = ORIENTED_EDGE ( 'NONE', *, *, #908, .F. ) ;
#1450 = EDGE_CURVE ( 'NONE', #2155, #640, #1714, .T. ) ;
#1451 = CARTESIAN_POINT ( 'NONE',  ( -322.1886061297115589, 308.3275784802687554, -17.00000000000000000 ) ) ;
#1452 = ORIENTED_EDGE ( 'NONE', *, *, #838, .T. ) ;
#1453 = CARTESIAN_POINT ( 'NONE',  ( -189.8109892263183553, 224.0951998256236095, -15.00000000000000000 ) ) ;
#1454 = CARTESIAN_POINT ( 'NONE',  ( -276.6109892263183383, 222.8951998256236209, -15.00000000000000000 ) ) ;
#1455 = EDGE_LOOP ( 'NONE', ( #910, #270, #365, #1452 ) ) ;
#1456 = DIRECTION ( 'NONE',  ( -1.000000000000000000, 0.000000000000000000, 0.000000000000000000 ) ) ;
#1457 = CARTESIAN_POINT ( 'NONE',  ( -188.6109892263183667, 226.8951998256236209, 0.000000000000000000 ) ) ;
#1458 = EDGE_LOOP ( 'NONE', ( #543, #2203, #984, #1511 ) ) ;
#1459 = ORIENTED_EDGE ( 'NONE', *, *, #366, .T. ) ;
#1460 = DIRECTION ( 'NONE',  ( 1.000000000000000000, 0.000000000000000000, 0.000000000000000000 ) ) ;
#1461 = EDGE_CURVE ( 'NONE', #2241, #1903, #2032, .T. ) ;
#1462 = DIRECTION ( 'NONE',  ( 0.000000000000000000, 0.000000000000000000, -1.000000000000000000 ) ) ;
#1463 = CARTESIAN_POINT ( 'NONE',  ( -188.6109892263183667, 311.1275784802687667, -15.00000000000000000 ) ) ;
#1464 = EDGE_CURVE ( 'NONE', #1180, #1620, #1214, .T. ) ;
#1465 = ORIENTED_EDGE ( 'NONE', *, *, #369, .T. ) ;
#1466 = DIRECTION ( 'NONE',  ( 0.000000000000000000, -0.000000000000000000, 1.000000000000000000 ) ) ;
#1467 = CARTESIAN_POINT ( 'NONE',  ( -187.6109892263183667, 223.6951998256236038, -15.00000000000000000 ) ) ;
#1468 = DIRECTION ( 'NONE',  ( 0.000000000000000000, 0.000000000000000000, 1.000000000000000000 ) ) ;
#1469 = LINE ( 'NONE', #1874, #2107 ) ;
#1470 = VERTEX_POINT ( 'NONE', #1861 ) ;
#1471 = CYLINDRICAL_SURFACE ( 'NONE', #571, 2.000000000000001776 ) ;
#1472 = AXIS2_PLACEMENT_3D ( 'NONE', #918, #13, #565 ) ;
#1473 = DIRECTION ( 'NONE',  ( 0.000000000000000000, -1.000000000000000000, 0.000000000000000000 ) ) ;
#1474 = ORIENTED_EDGE ( 'NONE', *, *, #1712, .T. ) ;
#1475 = AXIS2_PLACEMENT_3D ( 'NONE', #82, #2073, #1896 ) ;
#1476 = EDGE_CURVE ( 'NONE', #2221, #485, #2374, .T. ) ;
#1477 = VECTOR ( 'NONE', #1149, 1000.000000000000000 ) ;
#1478 = CARTESIAN_POINT ( 'NONE',  ( -187.8109892263183553, 226.0951998256236095, -15.00000000000000000 ) ) ;
#1479 = VECTOR ( 'NONE', #1502, 1000.000000000000000 ) ;
#1480 = CARTESIAN_POINT ( 'NONE',  ( -322.1886061297115589, 223.6951998256236038, -17.00000000000000000 ) ) ;
#1481 = DIRECTION ( 'NONE',  ( 1.000000000000000000, 0.000000000000000000, 0.000000000000000000 ) ) ;
#1482 = AXIS2_PLACEMENT_3D ( 'NONE', #1078, #1810, #899 ) ;
#1483 = ORIENTED_EDGE ( 'NONE', *, *, #265, .F. ) ;
#1484 = VECTOR ( 'NONE', #1629, 1000.000000000000000 ) ;
#1485 = DIRECTION ( 'NONE',  ( -1.000000000000000000, 0.000000000000000000, 0.000000000000000000 ) ) ;
#1486 = AXIS2_PLACEMENT_3D ( 'NONE', #133, #1581, #2126 ) ;
#1487 = CARTESIAN_POINT ( 'NONE',  ( -316.8146697739688307, 303.1159884794925006, 0.000000000000000000 ) ) ;
#1488 = DIRECTION ( 'NONE',  ( 1.000000000000000000, 0.000000000000000000, 0.000000000000000000 ) ) ;
#1489 = ORIENTED_EDGE ( 'NONE', *, *, #1624, .F. ) ;
#1490 = EDGE_CURVE ( 'NONE', #1546, #1424, #44, .T. ) ;
#1491 = LINE ( 'NONE', #433, #367 ) ;
#1492 = CARTESIAN_POINT ( 'NONE',  ( -322.9886061297115702, 311.1275784802687667, -15.00000000000000000 ) ) ;
#1493 = CARTESIAN_POINT ( 'NONE',  ( -324.1886061297115589, 225.6951998256236038, -15.00000000000000000 ) ) ;
#1494 = EDGE_CURVE ( 'NONE', #1670, #1144, #1908, .T. ) ;
#1495 = VERTEX_POINT ( 'NONE', #233 ) ;
#1496 = EDGE_LOOP ( 'NONE', ( #1500, #2070, #851, #765 ) ) ;
#1497 = DIRECTION ( 'NONE',  ( 1.000000000000000000, 0.000000000000000000, 0.000000000000000000 ) ) ;
#1498 = DIRECTION ( 'NONE',  ( 1.000000000000000000, 0.000000000000000000, 0.000000000000000000 ) ) ;
#1499 = DIRECTION ( 'NONE',  ( 1.000000000000000000, 0.000000000000000000, 0.000000000000000000 ) ) ;
#1500 = ORIENTED_EDGE ( 'NONE', *, *, #680, .F. ) ;
#1501 = FILL_AREA_STYLE_COLOUR ( '', #866 ) ;
#1502 = DIRECTION ( 'NONE',  ( -0.000000000000000000, -0.000000000000000000, -1.000000000000000000 ) ) ;
#1503 = ORIENTED_EDGE ( 'NONE', *, *, #506, .F. ) ;
#1504 = VERTEX_POINT ( 'NONE', #961 ) ;
#1505 = CARTESIAN_POINT ( 'NONE',  ( -304.6109892263183951, 222.8951998256236209, 3.000000000000000000 ) ) ;
#1506 = DIRECTION ( 'NONE',  ( 0.000000000000000000, 0.000000000000000000, -1.000000000000000000 ) ) ;
#1507 = ADVANCED_FACE ( 'NONE', ( #1694 ), #2300, .F. ) ;
#1508 = EDGE_LOOP ( 'NONE', ( #2260, #2106, #1071, #547 ) ) ;
#1509 = CARTESIAN_POINT ( 'NONE',  ( -316.9771186325385202, 231.1159884794925006, 3.000000000000000000 ) ) ;
#1510 = DIRECTION ( 'NONE',  ( 0.000000000000000000, -0.000000000000000000, -1.000000000000000000 ) ) ;
#1511 = ORIENTED_EDGE ( 'NONE', *, *, #1772, .F. ) ;
#1512 = AXIS2_PLACEMENT_3D ( 'NONE', #460, #2135, #2124 ) ;
#1513 = MECHANICAL_DESIGN_GEOMETRIC_PRESENTATION_REPRESENTATION (  '', ( #1977 ), #103 ) ;
#1514 = SURFACE_SIDE_STYLE ('',( #422 ) ) ;
#1515 = VECTOR ( 'NONE', #1724, 1000.000000000000000 ) ;
#1516 = VECTOR ( 'NONE', #1842, 1000.000000000000000 ) ;
#1517 = VECTOR ( 'NONE', #881, 1000.000000000000000 ) ;
#1518 = VERTEX_POINT ( 'NONE', #451 ) ;
#1519 = DIRECTION ( 'NONE',  ( 1.000000000000000000, -0.000000000000000000, 0.000000000000000000 ) ) ;
#1520 = DIRECTION ( 'NONE',  ( -0.000000000000000000, -0.000000000000000000, -1.000000000000000000 ) ) ;
#1521 = AXIS2_PLACEMENT_3D ( 'NONE', #440, #1738, #1524 ) ;
#1522 = EDGE_CURVE ( 'NONE', #2177, #1270, #798, .T. ) ;
#1523 = VECTOR ( 'NONE', #1693, 1000.000000000000000 ) ;
#1524 = DIRECTION ( 'NONE',  ( -0.000000000000000000, 0.000000000000000000, 1.000000000000000000 ) ) ;
#1525 = PLANE ( 'NONE',  #1938 ) ;
#1526 = CIRCLE ( 'NONE', #837, 2.492872887797314974 ) ;
#1527 = EDGE_CURVE ( 'NONE', #25, #991, #988, .T. ) ;
#1528 = ORIENTED_EDGE ( 'NONE', *, *, #1461, .T. ) ;
#1529 =( NAMED_UNIT ( * ) SI_UNIT ( $, .STERADIAN. ) SOLID_ANGLE_UNIT ( ) );
#1530 = ORIENTED_EDGE ( 'NONE', *, *, #193, .F. ) ;
#1531 = EDGE_LOOP ( 'NONE', ( #662, #315, #1249, #799 ) ) ;
#1532 = DIRECTION ( 'NONE',  ( -1.000000000000000000, 0.000000000000000000, 0.000000000000000000 ) ) ;
#1533 = DIRECTION ( 'NONE',  ( 0.000000000000000000, -1.000000000000000000, 0.000000000000000000 ) ) ;
#1534 = EDGE_LOOP ( 'NONE', ( #213, #1001 ) ) ;
#1535 = FACE_OUTER_BOUND ( 'NONE', #1239, .T. ) ;
#1536 = EDGE_CURVE ( 'NONE', #1607, #2127, #761, .T. ) ;
#1537 = CARTESIAN_POINT ( 'NONE',  ( -187.6109892263183667, 223.6951998256236038, -17.00000000000000000 ) ) ;
#1538 = VERTEX_POINT ( 'NONE', #623 ) ;
#1539 = ADVANCED_FACE ( 'NONE', ( #972 ), #998, .T. ) ;
#1540 = DIRECTION ( 'NONE',  ( 0.000000000000000000, 0.000000000000000000, 1.000000000000000000 ) ) ;
#1541 = ORIENTED_EDGE ( 'NONE', *, *, #794, .F. ) ;
#1542 = PLANE ( 'NONE',  #1284 ) ;
#1543 = LINE ( 'NONE', #1892, #529 ) ;
#1544 = DIRECTION ( 'NONE',  ( 1.000000000000000000, 0.000000000000000000, 0.000000000000000000 ) ) ;
#1545 = ORIENTED_EDGE ( 'NONE', *, *, #336, .T. ) ;
#1546 = VERTEX_POINT ( 'NONE', #647 ) ;
#1547 = DIRECTION ( 'NONE',  ( 1.224646799147353207E-16, 1.000000000000000000, 0.000000000000000000 ) ) ;
#1548 = FACE_OUTER_BOUND ( 'NONE', #1531, .T. ) ;
#1549 = ORIENTED_EDGE ( 'NONE', *, *, #1815, .T. ) ;
#1550 = PRODUCT_RELATED_PRODUCT_CATEGORY ( 'part', '', ( #1894 ) ) ;
#1551 = ADVANCED_FACE ( 'NONE', ( #1173 ), #1152, .T. ) ;
#1552 = CIRCLE ( 'NONE', #1365, 1.000000000000000888 ) ;
#1553 = ORIENTED_EDGE ( 'NONE', *, *, #434, .F. ) ;
#1554 = CARTESIAN_POINT ( 'NONE',  ( -201.7996697739688443, 302.0115101775186872, 3.000000000000000000 ) ) ;
#1555 = CIRCLE ( 'NONE', #413, 2.492872887797314974 ) ;
#1556 = DIRECTION ( 'NONE',  ( -0.000000000000000000, 0.000000000000000000, -1.000000000000000000 ) ) ;
#1557 = DIRECTION ( 'NONE',  ( 0.000000000000000000, -0.000000000000000000, -1.000000000000000000 ) ) ;
#1558 = AXIS2_PLACEMENT_3D ( 'NONE', #1253, #545, #1661 ) ;
#1559 = VERTEX_POINT ( 'NONE', #66 ) ;
#1560 = ORIENTED_EDGE ( 'NONE', *, *, #1407, .F. ) ;
#1561 = VECTOR ( 'NONE', #598, 1000.000000000000000 ) ;
#1562 = DIRECTION ( 'NONE',  ( 0.000000000000000000, 0.000000000000000000, -1.000000000000000000 ) ) ;
#1563 = DIRECTION ( 'NONE',  ( -0.000000000000000000, -0.000000000000000000, -1.000000000000000000 ) ) ;
#1564 = CIRCLE ( 'NONE', #536, 2.000000000000001776 ) ;
#1565 = ORIENTED_EDGE ( 'NONE', *, *, #2284, .T. ) ;
#1566 = DIRECTION ( 'NONE',  ( -1.000000000000000000, 0.000000000000000000, 0.000000000000000000 ) ) ;
#1567 = VECTOR ( 'NONE', #1241, 1000.000000000000000 ) ;
#1568 = VECTOR ( 'NONE', #874, 1000.000000000000000 ) ;
#1569 = EDGE_CURVE ( 'NONE', #583, #2214, #1895, .T. ) ;
#1570 = LINE ( 'NONE', #282, #408 ) ;
#1571 = FACE_OUTER_BOUND ( 'NONE', #811, .T. ) ;
#1572 = CARTESIAN_POINT ( 'NONE',  ( -318.4594675973322637, 231.1159884794925006, -1.000000000000000000 ) ) ;
#1573 = ADVANCED_FACE ( 'NONE', ( #1346 ), #108, .F. ) ;
#1574 = ORIENTED_EDGE ( 'NONE', *, *, #2115, .F. ) ;
#1575 = DIRECTION ( 'NONE',  ( 0.000000000000000000, -0.000000000000000000, -1.000000000000000000 ) ) ;
#1576 = LINE ( 'NONE', #91, #216 ) ;
#1577 = ORIENTED_EDGE ( 'NONE', *, *, #399, .T. ) ;
#1578 = CARTESIAN_POINT ( 'NONE',  ( -304.6109892263183951, 223.6951998256236038, -15.00000000000000000 ) ) ;
#1579 = CARTESIAN_POINT ( 'NONE',  ( -315.4947696677447766, 231.1159884794925006, 2.000000000000000000 ) ) ;
#1580 = DIRECTION ( 'NONE',  ( 1.000000000000000000, 0.000000000000000000, 0.000000000000000000 ) ) ;
#1581 = DIRECTION ( 'NONE',  ( -0.000000000000000000, 0.000000000000000000, 1.000000000000000000 ) ) ;
#1582 = EDGE_LOOP ( 'NONE', ( #1737, #703, #1148, #2077 ) ) ;
#1583 = ADVANCED_FACE ( 'NONE', ( #818 ), #1753, .T. ) ;
#1584 = CYLINDRICAL_SURFACE ( 'NONE', #73, 2.000000000000001776 ) ;
#1585 = LINE ( 'NONE', #314, #2335 ) ;
#1586 = ORIENTED_EDGE ( 'NONE', *, *, #2075, .T. ) ;
#1587 = DIRECTION ( 'NONE',  ( -0.000000000000000000, -0.000000000000000000, -1.000000000000000000 ) ) ;
#1588 = DIRECTION ( 'NONE',  ( 1.000000000000000000, 0.000000000000000000, 0.000000000000000000 ) ) ;
#1589 = CARTESIAN_POINT ( 'NONE',  ( -316.8146697739688307, 303.1159884794925006, -1.000000000000000000 ) ) ;
#1590 = CLOSED_SHELL ( 'NONE', ( #1655, #1573, #654, #2180, #2235, #508, #123, #63, #660, #1380, #935, #1213, #996, #58, #2253, #2326, #1539, #766, #592, #1551, #2207, #850, #2072, #823, #596, #2222, #966, #2270, #1141, #683, #1040, #1307, #119, #2149, #321, #1196, #1100, #1145, #1846, #1596, #1390, #1433, #2299, #196, #247, #1049, #861, #1360, #1507, #2024, #737, #1000, #1583, #721, #954, #1010, #90, #464, #478, #1183, #627, #94, #1743, #1362, #1163, #707, #1668, #1291, #1393, #1227, #1288, #865, #1067, #549 ) ) ;
#1591 = CARTESIAN_POINT ( 'NONE',  ( -189.8109892263183553, 224.0951998256236095, -17.00000000000000000 ) ) ;
#1592 = VECTOR ( 'NONE', #1358, 1000.000000000000000 ) ;
#1593 = ORIENTED_EDGE ( 'NONE', *, *, #1996, .F. ) ;
#1594 = LINE ( 'NONE', #1619, #1445 ) ;
#1595 = AXIS2_PLACEMENT_3D ( 'NONE', #1384, #854, #1934 ) ;
#1596 = ADVANCED_FACE ( 'NONE', ( #1535 ), #2103, .T. ) ;
#1597 = ORIENTED_EDGE ( 'NONE', *, *, #1982, .F. ) ;
#1598 = AXIS2_PLACEMENT_3D ( 'NONE', #1219, #1200, #1016 ) ;
#1599 = LINE ( 'NONE', #696, #1210 ) ;
#1600 = TOROIDAL_SURFACE ( 'NONE', #2305, 3.492872887797308756, 1.000000000000000000 ) ;
#1601 = EDGE_CURVE ( 'NONE', #2354, #446, #2271, .T. ) ;
#1602 = ORIENTED_EDGE ( 'NONE', *, *, #292, .F. ) ;
#1603 = VECTOR ( 'NONE', #2216, 1000.000000000000000 ) ;
#1604 = FACE_OUTER_BOUND ( 'NONE', #280, .T. ) ;
#1605 = CARTESIAN_POINT ( 'NONE',  ( -186.6109892263183667, 0.000000000000000000, 3.000000000000000000 ) ) ;
#1606 = CARTESIAN_POINT ( 'NONE',  ( -320.9886061297115702, 224.8951998256236209, 0.000000000000000000 ) ) ;
#1607 = VERTEX_POINT ( 'NONE', #2280 ) ;
#1608 = EDGE_LOOP ( 'NONE', ( #1750, #2040, #2048, #2165 ) ) ;
#1609 = CARTESIAN_POINT ( 'NONE',  ( -187.8109892263183553, 307.9275784802687781, -17.00000000000000000 ) ) ;
#1610 = EDGE_LOOP ( 'NONE', ( #1577, #2005 ) ) ;
#1611 = DIRECTION ( 'NONE',  ( 0.000000000000000000, 0.000000000000000000, -1.000000000000000000 ) ) ;
#1612 = EDGE_CURVE ( 'NONE', #557, #1363, #948, .T. ) ;
#1613 = ORIENTED_EDGE ( 'NONE', *, *, #19, .F. ) ;
#1614 = EDGE_CURVE ( 'NONE', #1838, #301, #1372, .T. ) ;
#1615 = DIRECTION ( 'NONE',  ( -0.000000000000000000, -0.000000000000000000, -1.000000000000000000 ) ) ;
#1616 = DIRECTION ( 'NONE',  ( 0.000000000000000000, -0.000000000000000000, -1.000000000000000000 ) ) ;
#1617 = CARTESIAN_POINT ( 'NONE',  ( 0.000000000000000000, 222.8951998256236209, -12.00000000000000000 ) ) ;
#1618 = VERTEX_POINT ( 'NONE', #467 ) ;
#1619 = CARTESIAN_POINT ( 'NONE',  ( -324.1886061297115589, 225.6951998256236038, -17.00000000000000000 ) ) ;
#1620 = VERTEX_POINT ( 'NONE', #1187 ) ;
#1621 = FACE_OUTER_BOUND ( 'NONE', #1348, .T. ) ;
#1622 = CARTESIAN_POINT ( 'NONE',  ( -194.9471186325385190, 231.1159884794925006, 0.000000000000000000 ) ) ;
#1623 = ORIENTED_EDGE ( 'NONE', *, *, #908, .T. ) ;
#1624 = EDGE_CURVE ( 'NONE', #1270, #2177, #337, .T. ) ;
#1625 = LINE ( 'NONE', #1649, #2363 ) ;
#1626 = CARTESIAN_POINT ( 'NONE',  ( -189.4109892263183497, 308.3275784802687554, -17.00000000000000000 ) ) ;
#1627 = CARTESIAN_POINT ( 'NONE',  ( -304.6109892263166898, -2.306278154961903778E-12, -15.00000000000000000 ) ) ;
#1628 = VERTEX_POINT ( 'NONE', #610 ) ;
#1629 = DIRECTION ( 'NONE',  ( -0.000000000000000000, -0.000000000000000000, -1.000000000000000000 ) ) ;
#1630 = ORIENTED_EDGE ( 'NONE', *, *, #1612, .T. ) ;
#1631 = CARTESIAN_POINT ( 'NONE',  ( -314.3217968861715121, 303.1159884794925006, 2.000000000000000000 ) ) ;
#1632 = DIRECTION ( 'NONE',  ( -0.000000000000000000, 0.000000000000000000, 1.000000000000000000 ) ) ;
#1633 = AXIS2_PLACEMENT_3D ( 'NONE', #1492, #778, #470 ) ;
#1634 = ORIENTED_EDGE ( 'NONE', *, *, #810, .T. ) ;
#1635 = AXIS2_PLACEMENT_3D ( 'NONE', #1272, #415, #207 ) ;
#1636 = AXIS2_PLACEMENT_3D ( 'NONE', #338, #324, #172 ) ;
#1637 = FACE_OUTER_BOUND ( 'NONE', #1730, .T. ) ;
#1638 = CARTESIAN_POINT ( 'NONE',  ( -189.4109892263183497, 308.3275784802687554, -17.00000000000000000 ) ) ;
#1639 = DIRECTION ( 'NONE',  ( -0.000000000000000000, 0.000000000000000000, -1.000000000000000000 ) ) ;
#1640 = EDGE_CURVE ( 'NONE', #929, #1415, #1383, .T. ) ;
#1641 = AXIS2_PLACEMENT_3D ( 'NONE', #6, #15, #733 ) ;
#1642 = VERTEX_POINT ( 'NONE', #1931 ) ;
#1643 = ORIENTED_EDGE ( 'NONE', *, *, #2038, .T. ) ;
#1644 = DIRECTION ( 'NONE',  ( -0.000000000000000000, -0.000000000000000000, -1.000000000000000000 ) ) ;
#1645 = EDGE_CURVE ( 'NONE', #248, #1382, #1773, .T. ) ;
#1646 = CARTESIAN_POINT ( 'NONE',  ( -201.7996697739688443, 232.9127446127420171, 3.000000000000000000 ) ) ;
#1647 = DIRECTION ( 'NONE',  ( 0.000000000000000000, 0.000000000000000000, -1.000000000000000000 ) ) ;
#1648 = ORIENTED_EDGE ( 'NONE', *, *, #1968, .F. ) ;
#1649 = CARTESIAN_POINT ( 'NONE',  ( 0.000000000000000000, 302.0115101775186872, 3.000000000000000000 ) ) ;
#1650 = DIRECTION ( 'NONE',  ( -1.000000000000000000, 0.000000000000000000, 0.000000000000000000 ) ) ;
#1651 = DIRECTION ( 'NONE',  ( 0.000000000000000000, -0.000000000000000000, -1.000000000000000000 ) ) ;
#1652 = EDGE_LOOP ( 'NONE', ( #2150, #1394, #454, #2340 ) ) ;
#1653 = ORIENTED_EDGE ( 'NONE', *, *, #1601, .T. ) ;
#1654 = LINE ( 'NONE', #1857, #1603 ) ;
#1655 = ADVANCED_FACE ( 'NONE', ( #126 ), #1060, .F. ) ;
#1656 = ORIENTED_EDGE ( 'NONE', *, *, #1996, .T. ) ;
#1657 = FACE_OUTER_BOUND ( 'NONE', #2039, .T. ) ;
#1658 = DIRECTION ( 'NONE',  ( 0.000000000000000000, 0.000000000000000000, -1.000000000000000000 ) ) ;
#1659 = ORIENTED_EDGE ( 'NONE', *, *, #2010, .F. ) ;
#1660 = LINE ( 'NONE', #1341, #329 ) ;
#1661 = DIRECTION ( 'NONE',  ( -1.000000000000000000, 0.000000000000000000, 0.000000000000000000 ) ) ;
#1662 = DIRECTION ( 'NONE',  ( 1.000000000000000000, 0.000000000000000000, 0.000000000000000000 ) ) ;
#1663 = ORIENTED_EDGE ( 'NONE', *, *, #177, .F. ) ;
#1664 = ORIENTED_EDGE ( 'NONE', *, *, #83, .F. ) ;
#1665 = DIRECTION ( 'NONE',  ( -0.000000000000000000, -0.000000000000000000, -1.000000000000000000 ) ) ;
#1666 = CARTESIAN_POINT ( 'NONE',  ( -304.6109892263183951, 222.8951998256236209, -12.00000000000000000 ) ) ;
#1667 = PRESENTATION_LAYER_ASSIGNMENT (  '', '', ( #1977 ) ) ;
#1668 = ADVANCED_FACE ( 'NONE', ( #1425 ), #1042, .F. ) ;
#1669 = DIRECTION ( 'NONE',  ( 1.000000000000000000, 0.000000000000000000, 0.000000000000000000 ) ) ;
#1670 = VERTEX_POINT ( 'NONE', #136 ) ;
#1671 = AXIS2_PLACEMENT_3D ( 'NONE', #1034, #1043, #819 ) ;
#1672 = EDGE_CURVE ( 'NONE', #1435, #1495, #1260, .T. ) ;
#1673 = CARTESIAN_POINT ( 'NONE',  ( -188.6109892263183667, 311.1275784802687667, -15.00000000000000000 ) ) ;
#1674 = AXIS2_PLACEMENT_3D ( 'NONE', #894, #1616, #5 ) ;
#1675 = DIRECTION ( 'NONE',  ( -0.000000000000000000, 0.000000000000000000, 1.000000000000000000 ) ) ;
#1676 = DIRECTION ( 'NONE',  ( -0.000000000000000000, 0.000000000000000000, 1.000000000000000000 ) ) ;
#1677 = AXIS2_PLACEMENT_3D ( 'NONE', #1391, #1946, #1995 ) ;
#1678 = ORIENTED_EDGE ( 'NONE', *, *, #1907, .F. ) ;
#1679 = ORIENTED_EDGE ( 'NONE', *, *, #491, .T. ) ;
#1680 = AXIS2_PLACEMENT_3D ( 'NONE', #1150, #2116, #62 ) ;
#1681 = DIRECTION ( 'NONE',  ( 1.000000000000000000, 0.000000000000000000, 0.000000000000000000 ) ) ;
#1682 = AXIS2_PLACEMENT_3D ( 'NONE', #1121, #1807, #180 ) ;
#1683 = VERTEX_POINT ( 'NONE', #1609 ) ;
#1684 = ORIENTED_EDGE ( 'NONE', *, *, #748, .F. ) ;
#1685 = DIRECTION ( 'NONE',  ( 0.000000000000000000, 0.000000000000000000, -1.000000000000000000 ) ) ;
#1686 = FACE_OUTER_BOUND ( 'NONE', #1258, .T. ) ;
#1687 = EDGE_LOOP ( 'NONE', ( #898, #1401, #828, #147 ) ) ;
#1688 = DIRECTION ( 'NONE',  ( -1.000000000000000000, 0.000000000000000000, 0.000000000000000000 ) ) ;
#1689 = EDGE_CURVE ( 'NONE', #583, #2354, #863, .T. ) ;
#1690 = LINE ( 'NONE', #423, #375 ) ;
#1691 = ORIENTED_EDGE ( 'NONE', *, *, #177, .T. ) ;
#1692 = DIRECTION ( 'NONE',  ( -0.000000000000000000, 0.000000000000000000, 1.000000000000000000 ) ) ;
#1693 = DIRECTION ( 'NONE',  ( -1.000000000000000000, 0.000000000000000000, 0.000000000000000000 ) ) ;
#1694 = FACE_OUTER_BOUND ( 'NONE', #1764, .T. ) ;
#1695 = ORIENTED_EDGE ( 'NONE', *, *, #1276, .F. ) ;
#1696 = DIRECTION ( 'NONE',  ( 0.000000000000000000, 1.000000000000000000, 0.000000000000000000 ) ) ;
#1697 = EDGE_CURVE ( 'NONE', #1032, #640, #1971, .T. ) ;
#1698 = DIRECTION ( 'NONE',  ( 1.000000000000000000, 0.000000000000000000, 0.000000000000000000 ) ) ;
#1699 = FACE_OUTER_BOUND ( 'NONE', #629, .T. ) ;
#1700 = PRODUCT_DEFINITION_SHAPE ( 'NONE', 'NONE',  #638 ) ;
#1701 = ORIENTED_EDGE ( 'NONE', *, *, #292, .T. ) ;
#1702 = DIRECTION ( 'NONE',  ( 0.000000000000000000, 1.000000000000000000, 0.000000000000000000 ) ) ;
#1703 = CARTESIAN_POINT ( 'NONE',  ( -190.6109892263183667, 224.8951998256236209, 0.000000000000000000 ) ) ;
#1704 = ORIENTED_EDGE ( 'NONE', *, *, #10, .T. ) ;
#1705 = AXIS2_PLACEMENT_3D ( 'NONE', #2044, #1337, #1488 ) ;
#1706 = VECTOR ( 'NONE', #1735, 1000.000000000000000 ) ;
#1707 = APPLICATION_PROTOCOL_DEFINITION ( 'draft international standard', 'automotive_design', 1998, #1271 ) ;
#1708 = VECTOR ( 'NONE', #1770, 1000.000000000000000 ) ;
#1709 = ORIENTED_EDGE ( 'NONE', *, *, #1461, .F. ) ;
#1710 = ORIENTED_EDGE ( 'NONE', *, *, #2042, .F. ) ;
#1711 = CARTESIAN_POINT ( 'NONE',  ( -324.1886061297115589, 310.1275784802687667, -17.00000000000000000 ) ) ;
#1712 = EDGE_CURVE ( 'NONE', #1424, #1973, #2156, .T. ) ;
#1713 = DIRECTION ( 'NONE',  ( 0.000000000000000000, 0.000000000000000000, 1.000000000000000000 ) ) ;
#1714 = CIRCLE ( 'NONE', #1250, 2.000000000000001776 ) ;
#1715 = ORIENTED_EDGE ( 'NONE', *, *, #609, .F. ) ;
#1716 = VERTEX_POINT ( 'NONE', #2318 ) ;
#1717 = CIRCLE ( 'NONE', #458, 2.000000000000001776 ) ;
#1718 = EDGE_CURVE ( 'NONE', #2241, #2009, #523, .T. ) ;
#1719 = CARTESIAN_POINT ( 'NONE',  ( 0.000000000000000000, 0.000000000000000000, -17.00000000000000000 ) ) ;
#1720 = DIRECTION ( 'NONE',  ( -1.000000000000000000, 0.000000000000000000, 0.000000000000000000 ) ) ;
#1721 = ORIENTED_EDGE ( 'NONE', *, *, #776, .F. ) ;
#1722 = ORIENTED_EDGE ( 'NONE', *, *, #279, .T. ) ;
#1723 = ORIENTED_EDGE ( 'NONE', *, *, #223, .T. ) ;
#1724 = DIRECTION ( 'NONE',  ( -0.000000000000000000, -0.000000000000000000, -1.000000000000000000 ) ) ;
#1725 = DIRECTION ( 'NONE',  ( 0.000000000000000000, 0.000000000000000000, -1.000000000000000000 ) ) ;
#1726 = ORIENTED_EDGE ( 'NONE', *, *, #1476, .T. ) ;
#1727 = DIRECTION ( 'NONE',  ( -0.000000000000000000, 0.000000000000000000, 1.000000000000000000 ) ) ;
#1728 = CARTESIAN_POINT ( 'NONE',  ( -314.4947696677447766, 231.1159884794925006, -1.000000000000000000 ) ) ;
#1729 = EDGE_CURVE ( 'NONE', #2045, #197, #764, .T. ) ;
#1730 = EDGE_LOOP ( 'NONE', ( #2013, #2276 ) ) ;
#1731 = CARTESIAN_POINT ( 'NONE',  ( -320.9886061297115702, 307.1275784802687667, -15.00000000000000000 ) ) ;
#1732 = EDGE_CURVE ( 'NONE', #1415, #1428, #1402, .T. ) ;
#1733 = VERTEX_POINT ( 'NONE', #1809 ) ;
#1734 = CARTESIAN_POINT ( 'NONE',  ( -320.9886061297115702, 307.1275784802687667, -15.00000000000000000 ) ) ;
#1735 = DIRECTION ( 'NONE',  ( 1.000000000000000000, 0.000000000000000000, 0.000000000000000000 ) ) ;
#1736 = CARTESIAN_POINT ( 'NONE',  ( -309.7996697739688443, 232.9127446127420171, 3.000000000000000000 ) ) ;
#1737 = ORIENTED_EDGE ( 'NONE', *, *, #369, .F. ) ;
#1738 = DIRECTION ( 'NONE',  ( -1.000000000000000000, 0.000000000000000000, -0.000000000000000000 ) ) ;
#1739 = DIRECTION ( 'NONE',  ( 0.000000000000000000, 0.000000000000000000, -1.000000000000000000 ) ) ;
#1740 = ORIENTED_EDGE ( 'NONE', *, *, #1952, .T. ) ;
#1741 = CARTESIAN_POINT ( 'NONE',  ( -194.7846697739688580, 303.1159884794925006, -1.000000000000000000 ) ) ;
#1742 = EDGE_CURVE ( 'NONE', #1949, #1415, #1206, .T. ) ;
#1743 = ADVANCED_FACE ( 'NONE', ( #852 ), #1584, .T. ) ;
#1744 = VECTOR ( 'NONE', #802, 1000.000000000000000 ) ;
#1745 = DIRECTION ( 'NONE',  ( 0.000000000000000000, 1.000000000000000000, 0.000000000000000000 ) ) ;
#1746 = CIRCLE ( 'NONE', #1671, 1.492872887797314085 ) ;
#1747 = CARTESIAN_POINT ( 'NONE',  ( 0.000000000000000000, 232.9127446127420171, 3.000000000000000000 ) ) ;
#1748 = FACE_BOUND ( 'NONE', #1189, .T. ) ;
#1749 = CIRCLE ( 'NONE', #295, 2.000000000000001776 ) ;
#1750 = ORIENTED_EDGE ( 'NONE', *, *, #1785, .F. ) ;
#1751 = ORIENTED_EDGE ( 'NONE', *, *, #1614, .T. ) ;
#1752 = VECTOR ( 'NONE', #1765, 1000.000000000000000 ) ;
#1753 = PLANE ( 'NONE',  #1521 ) ;
#1754 = CARTESIAN_POINT ( 'NONE',  ( -194.9471186325385190, 231.1159884794925006, 0.000000000000000000 ) ) ;
#1755 = AXIS2_PLACEMENT_3D ( 'NONE', #736, #1837, #1681 ) ;
#1756 = ORIENTED_EDGE ( 'NONE', *, *, #1093, .F. ) ;
#1757 = DIRECTION ( 'NONE',  ( -1.000000000000000000, 0.000000000000000000, 0.000000000000000000 ) ) ;
#1758 = CIRCLE ( 'NONE', #114, 1.000000000000000000 ) ;
#1759 = EDGE_CURVE ( 'NONE', #2131, #1826, #678, .T. ) ;
#1760 = CYLINDRICAL_SURFACE ( 'NONE', #2255, 2.000000000000001776 ) ;
#1761 = CARTESIAN_POINT ( 'NONE',  ( 0.000000000000000000, 0.000000000000000000, -12.00000000000000000 ) ) ;
#1762 = FACE_BOUND ( 'NONE', #1818, .T. ) ;
#1763 = ORIENTED_EDGE ( 'NONE', *, *, #517, .T. ) ;
#1764 = EDGE_LOOP ( 'NONE', ( #1134, #1101, #1312, #714 ) ) ;
#1765 = DIRECTION ( 'NONE',  ( -0.000000000000000000, -0.000000000000000000, -1.000000000000000000 ) ) ;
#1766 = CARTESIAN_POINT ( 'NONE',  ( -316.8146697739688307, 303.1159884794925006, 3.000000000000000000 ) ) ;
#1767 = ORIENTED_EDGE ( 'NONE', *, *, #21, .F. ) ;
#1768 = LINE ( 'NONE', #2197, #456 ) ;
#1769 = DIRECTION ( 'NONE',  ( 0.000000000000000000, 0.000000000000000000, 1.000000000000000000 ) ) ;
#1770 = DIRECTION ( 'NONE',  ( 0.000000000000000000, -1.000000000000000000, 0.000000000000000000 ) ) ;
#1771 = DIRECTION ( 'NONE',  ( -1.000000000000000000, 0.000000000000000000, 0.000000000000000000 ) ) ;
#1772 = EDGE_CURVE ( 'NONE', #350, #2251, #1594, .T. ) ;
#1773 = LINE ( 'NONE', #2144, #1752 ) ;
#1774 = EDGE_CURVE ( 'NONE', #1518, #1929, #1564, .T. ) ;
#1775 = DIRECTION ( 'NONE',  ( -0.000000000000000000, 0.000000000000000000, -1.000000000000000000 ) ) ;
#1776 = ORIENTED_EDGE ( 'NONE', *, *, #265, .T. ) ;
#1777 = DIRECTION ( 'NONE',  ( -0.000000000000000000, -0.000000000000000000, -1.000000000000000000 ) ) ;
#1778 = ORIENTED_EDGE ( 'NONE', *, *, #19, .T. ) ;
#1779 = CARTESIAN_POINT ( 'NONE',  ( -304.6109892263183951, 224.9127446127420171, -17.00000000000000000 ) ) ;
#1780 = PLANE ( 'NONE',  #1598 ) ;
#1781 = VECTOR ( 'NONE', #1867, 1000.000000000000000 ) ;
#1782 = CARTESIAN_POINT ( 'NONE',  ( -192.4400484483875857, 231.1159884794925006, 3.000000000000000000 ) ) ;
#1783 = AXIS2_PLACEMENT_3D ( 'NONE', #1673, #36, #1632 ) ;
#1784 = ORIENTED_EDGE ( 'NONE', *, *, #1880, .T. ) ;
#1785 = EDGE_CURVE ( 'NONE', #2231, #1904, #836, .T. ) ;
#1786 = VERTEX_POINT ( 'NONE', #1233 ) ;
#1787 = DIRECTION ( 'NONE',  ( -1.000000000000000000, 0.000000000000000000, 0.000000000000000000 ) ) ;
#1788 = AXIS2_PLACEMENT_3D ( 'NONE', #283, #2137, #873 ) ;
#1789 = EDGE_CURVE ( 'NONE', #1345, #583, #2343, .T. ) ;
#1790 = ORIENTED_EDGE ( 'NONE', *, *, #577, .F. ) ;
#1791 = AXIS2_PLACEMENT_3D ( 'NONE', #927, #1650, #23 ) ;
#1792 = CARTESIAN_POINT ( 'NONE',  ( -188.6109892263183667, 222.8951998256236209, -15.00000000000000000 ) ) ;
#1793 = AXIS2_PLACEMENT_3D ( 'NONE', #1487, #2232, #586 ) ;
#1794 = ORIENTED_EDGE ( 'NONE', *, *, #106, .F. ) ;
#1795 = CIRCLE ( 'NONE', #339, 1.000000000000000888 ) ;
#1796 = CARTESIAN_POINT ( 'NONE',  ( -323.7886061297115816, 307.9275784802687781, -15.00000000000000000 ) ) ;
#1797 = CARTESIAN_POINT ( 'NONE',  ( -319.4594675973322637, 231.1159884794925006, -1.000000000000000000 ) ) ;
#1798 = CARTESIAN_POINT ( 'NONE',  ( -186.6109892263183667, 309.1275784802687667, 3.000000000000000000 ) ) ;
#1799 = ORIENTED_EDGE ( 'NONE', *, *, #2151, .T. ) ;
#1800 = DIRECTION ( 'NONE',  ( 0.000000000000000000, -0.000000000000000000, -1.000000000000000000 ) ) ;
#1801 = CARTESIAN_POINT ( 'NONE',  ( -313.4947696677447766, 231.1159884794925006, 0.000000000000000000 ) ) ;
#1802 = EDGE_CURVE ( 'NONE', #1903, #1032, #2179, .T. ) ;
#1803 = CARTESIAN_POINT ( 'NONE',  ( -187.6109892263183667, 224.0951998256236095, -15.00000000000000000 ) ) ;
#1804 = ORIENTED_EDGE ( 'NONE', *, *, #891, .F. ) ;
#1805 = CARTESIAN_POINT ( 'NONE',  ( -324.1886061297115589, 308.3275784802687554, -15.00000000000000000 ) ) ;
#1806 = PLANE ( 'NONE',  #1791 ) ;
#1807 = DIRECTION ( 'NONE',  ( 0.000000000000000000, 1.000000000000000000, 0.000000000000000000 ) ) ;
#1808 = ORIENTED_EDGE ( 'NONE', *, *, #1645, .T. ) ;
#1809 = CARTESIAN_POINT ( 'NONE',  ( -187.8109892263183553, 307.9275784802687781, -15.00000000000000000 ) ) ;
#1810 = DIRECTION ( 'NONE',  ( -0.000000000000000000, 0.000000000000000000, -1.000000000000000000 ) ) ;
#1811 = LINE ( 'NONE', #1803, #255 ) ;
#1812 = EDGE_LOOP ( 'NONE', ( #1630, #978 ) ) ;
#1813 = EDGE_CURVE ( 'NONE', #485, #2221, #2307, .T. ) ;
#1814 = DIRECTION ( 'NONE',  ( -0.000000000000000000, -0.000000000000000000, -1.000000000000000000 ) ) ;
#1815 = EDGE_CURVE ( 'NONE', #784, #1518, #230, .T. ) ;
#1816 = DIRECTION ( 'NONE',  ( 1.000000000000000000, 0.000000000000000000, 0.000000000000000000 ) ) ;
#1817 = DIRECTION ( 'NONE',  ( -0.000000000000000000, 0.000000000000000000, 1.000000000000000000 ) ) ;
#1818 = EDGE_LOOP ( 'NONE', ( #209, #1804, #521, #1691 ) ) ;
#1819 = VECTOR ( 'NONE', #1916, 1000.000000000000000 ) ;
#1820 = DIRECTION ( 'NONE',  ( -0.000000000000000000, 0.000000000000000000, 1.000000000000000000 ) ) ;
#1821 = VECTOR ( 'NONE', #999, 1000.000000000000000 ) ;
#1822 = LINE ( 'NONE', #739, #1945 ) ;
#1823 = CARTESIAN_POINT ( 'NONE',  ( -194.9471186325385190, 231.1159884794925006, -1.000000000000000000 ) ) ;
#1824 = VECTOR ( 'NONE', #1777, 1000.000000000000000 ) ;
#1825 = CIRCLE ( 'NONE', #71, 2.000000000000001776 ) ;
#1826 = VERTEX_POINT ( 'NONE', #9 ) ;
#1827 = VECTOR ( 'NONE', #277, 1000.000000000000000 ) ;
#1828 = EDGE_CURVE ( 'NONE', #301, #53, #112, .T. ) ;
#1829 = CIRCLE ( 'NONE', #380, 2.000000000000001776 ) ;
#1830 = DIRECTION ( 'NONE',  ( -1.000000000000000000, 0.000000000000000000, 0.000000000000000000 ) ) ;
#1831 = CARTESIAN_POINT ( 'NONE',  ( -188.6109892263183667, 226.8951998256236209, -15.00000000000000000 ) ) ;
#1832 = DIRECTION ( 'NONE',  ( 1.000000000000000000, 0.000000000000000000, 0.000000000000000000 ) ) ;
#1833 = AXIS2_PLACEMENT_3D ( 'NONE', #928, #169, #1662 ) ;
#1834 = EDGE_CURVE ( 'NONE', #2359, #257, #2015, .T. ) ;
#1835 = ORIENTED_EDGE ( 'NONE', *, *, #767, .T. ) ;
#1836 = ORIENTED_EDGE ( 'NONE', *, *, #1186, .T. ) ;
#1837 = DIRECTION ( 'NONE',  ( -0.000000000000000000, 0.000000000000000000, 1.000000000000000000 ) ) ;
#1838 = VERTEX_POINT ( 'NONE', #1103 ) ;
#1839 = DIRECTION ( 'NONE',  ( 0.000000000000000000, -0.000000000000000000, -1.000000000000000000 ) ) ;
#1840 = DIRECTION ( 'NONE',  ( -0.000000000000000000, -0.000000000000000000, 1.000000000000000000 ) ) ;
#1841 = EDGE_LOOP ( 'NONE', ( #181, #2246, #1007, #1656 ) ) ;
#1842 = DIRECTION ( 'NONE',  ( 0.000000000000000000, 1.000000000000000000, 0.000000000000000000 ) ) ;
#1843 = FACE_OUTER_BOUND ( 'NONE', #887, .T. ) ;
#1844 = ORIENTED_EDGE ( 'NONE', *, *, #1907, .T. ) ;
#1845 = ORIENTED_EDGE ( 'NONE', *, *, #1569, .T. ) ;
#1846 = ADVANCED_FACE ( 'NONE', ( #2041 ), #1990, .T. ) ;
#1847 = CARTESIAN_POINT ( 'NONE',  ( -189.4109892263183497, 223.6951998256236038, -17.00000000000000000 ) ) ;
#1848 = EDGE_CURVE ( 'NONE', #1904, #1417, #584, .T. ) ;
#1849 = FACE_OUTER_BOUND ( 'NONE', #1268, .T. ) ;
#1850 = DIRECTION ( 'NONE',  ( 0.000000000000000000, -1.000000000000000000, 0.000000000000000000 ) ) ;
#1851 = EDGE_LOOP ( 'NONE', ( #459, #2049, #170, #804 ) ) ;
#1852 = PLANE ( 'NONE',  #1783 ) ;
#1853 = CARTESIAN_POINT ( 'NONE',  ( -309.7996697739688443, 0.000000000000000000, 3.000000000000000000 ) ) ;
#1854 = CARTESIAN_POINT ( 'NONE',  ( -324.9886061297115702, 0.000000000000000000, 3.000000000000000000 ) ) ;
#1855 = VERTEX_POINT ( 'NONE', #2205 ) ;
#1856 = ORIENTED_EDGE ( 'NONE', *, *, #2195, .T. ) ;
#1857 = CARTESIAN_POINT ( 'NONE',  ( -187.6109892263183667, 309.9275784802687781, -15.00000000000000000 ) ) ;
#1858 = EDGE_CURVE ( 'NONE', #1620, #1180, #420, .T. ) ;
#1859 = ORIENTED_EDGE ( 'NONE', *, *, #697, .F. ) ;
#1860 = ORIENTED_EDGE ( 'NONE', *, *, #1888, .T. ) ;
#1861 = CARTESIAN_POINT ( 'NONE',  ( -196.4541888166894807, 231.1159884794925006, 2.000000000000000000 ) ) ;
#1862 = DIRECTION ( 'NONE',  ( -0.000000000000000000, -0.000000000000000000, -1.000000000000000000 ) ) ;
#1863 = EDGE_CURVE ( 'NONE', #1628, #2317, #195, .T. ) ;
#1864 = ORIENTED_EDGE ( 'NONE', *, *, #1527, .F. ) ;
#1865 = CIRCLE ( 'NONE', #2176, 2.000000000000001776 ) ;
#1866 = CIRCLE ( 'NONE', #1941, 1.492872887797314085 ) ;
#1867 = DIRECTION ( 'NONE',  ( 0.000000000000000000, 0.000000000000000000, 1.000000000000000000 ) ) ;
#1868 = VECTOR ( 'NONE', #1498, 1000.000000000000000 ) ;
#1869 = CARTESIAN_POINT ( 'NONE',  ( -320.9886061297115702, 309.1275784802687667, -15.00000000000000000 ) ) ;
#1870 = ORIENTED_EDGE ( 'NONE', *, *, #325, .T. ) ;
#1871 = VERTEX_POINT ( 'NONE', #18 ) ;
#1872 = CARTESIAN_POINT ( 'NONE',  ( -187.6109892263183667, 223.6951998256236038, -17.00000000000000000 ) ) ;
#1873 = VECTOR ( 'NONE', #841, 1000.000000000000000 ) ;
#1874 = CARTESIAN_POINT ( 'NONE',  ( -321.7886061297115816, 224.0951998256236095, -15.00000000000000000 ) ) ;
#1875 = ORIENTED_EDGE ( 'NONE', *, *, #1732, .T. ) ;
#1876 = ORIENTED_EDGE ( 'NONE', *, *, #2283, .T. ) ;
#1877 = DIRECTION ( 'NONE',  ( 1.000000000000000000, 0.000000000000000000, 0.000000000000000000 ) ) ;
#1878 = CYLINDRICAL_SURFACE ( 'NONE', #371, 2.000000000000001776 ) ;
#1879 = ORIENTED_EDGE ( 'NONE', *, *, #1420, .T. ) ;
#1880 = EDGE_CURVE ( 'NONE', #1165, #1435, #2064, .T. ) ;
#1881 = ORIENTED_EDGE ( 'NONE', *, *, #1640, .F. ) ;
#1882 = CARTESIAN_POINT ( 'NONE',  ( -194.7846697739688580, 303.1159884794925006, 0.000000000000000000 ) ) ;
#1883 = DIRECTION ( 'NONE',  ( -0.000000000000000000, 0.000000000000000000, 1.000000000000000000 ) ) ;
#1884 = VERTEX_POINT ( 'NONE', #913 ) ;
#1885 = DIRECTION ( 'NONE',  ( 0.000000000000000000, 0.000000000000000000, -1.000000000000000000 ) ) ;
#1886 = DIRECTION ( 'NONE',  ( -0.000000000000000000, -0.000000000000000000, -1.000000000000000000 ) ) ;
#1887 = EDGE_LOOP ( 'NONE', ( #1164, #1334, #936, #880 ) ) ;
#1888 = EDGE_CURVE ( 'NONE', #1413, #1055, #2031, .T. ) ;
#1889 = DIRECTION ( 'NONE',  ( 0.000000000000000000, 0.000000000000000000, -1.000000000000000000 ) ) ;
#1890 = EDGE_CURVE ( 'NONE', #1716, #1504, #1469, .T. ) ;
#1891 = ORIENTED_EDGE ( 'NONE', *, *, #751, .T. ) ;
#1892 = CARTESIAN_POINT ( 'NONE',  ( -201.7996697739688443, 232.9127446127420171, 3.000000000000000000 ) ) ;
#1893 = DIRECTION ( 'NONE',  ( 0.000000000000000000, -1.000000000000000000, 0.000000000000000000 ) ) ;
#1894 = PRODUCT ( 'przod', 'przod', '', ( #965 ) ) ;
#1895 = LINE ( 'NONE', #287, #1374 ) ;
#1896 = DIRECTION ( 'NONE',  ( -7.571224402703375825E-15, 1.000000000000000000, 0.000000000000000000 ) ) ;
#1897 = ORIENTED_EDGE ( 'NONE', *, *, #1257, .T. ) ;
#1898 = VECTOR ( 'NONE', #1814, 1000.000000000000000 ) ;
#1899 = VECTOR ( 'NONE', #1886, 1000.000000000000000 ) ;
#1900 = VECTOR ( 'NONE', #1142, 1000.000000000000000 ) ;
#1901 = DIRECTION ( 'NONE',  ( 1.000000000000000000, 0.000000000000000000, 0.000000000000000000 ) ) ;
#1902 = AXIS2_PLACEMENT_3D ( 'NONE', #1638, #2190, #2365 ) ;
#1903 = VERTEX_POINT ( 'NONE', #1124 ) ;
#1904 = VERTEX_POINT ( 'NONE', #1299 ) ;
#1905 = PLANE ( 'NONE',  #1207 ) ;
#1906 = PLANE ( 'NONE',  #1680 ) ;
#1907 = EDGE_CURVE ( 'NONE', #1871, #354, #1654, .T. ) ;
#1908 = CIRCLE ( 'NONE', #220, 2.000000000000001776 ) ;
#1909 = ORIENTED_EDGE ( 'NONE', *, *, #1154, .T. ) ;
#1910 = AXIS2_PLACEMENT_3D ( 'NONE', #1184, #2288, #251 ) ;
#1911 = CARTESIAN_POINT ( 'NONE',  ( 0.000000000000000000, 222.8951998256236209, 3.000000000000000000 ) ) ;
#1912 = VECTOR ( 'NONE', #1294, 1000.000000000000000 ) ;
#1913 = ORIENTED_EDGE ( 'NONE', *, *, #1858, .F. ) ;
#1914 = CARTESIAN_POINT ( 'NONE',  ( -322.1886061297115589, 225.6951998256236038, -17.00000000000000000 ) ) ;
#1915 = ORIENTED_EDGE ( 'NONE', *, *, #399, .F. ) ;
#1916 = DIRECTION ( 'NONE',  ( -0.000000000000000000, -0.000000000000000000, -1.000000000000000000 ) ) ;
#1917 = LINE ( 'NONE', #958, #332 ) ;
#1918 = LINE ( 'NONE', #1018, #77 ) ;
#1919 = ORIENTED_EDGE ( 'NONE', *, *, #46, .F. ) ;
#1920 = EDGE_CURVE ( 'NONE', #1297, #1670, #2371, .T. ) ;
#1921 = CARTESIAN_POINT ( 'NONE',  ( -320.4594675973323206, 231.1159884794925006, -1.000000000000000000 ) ) ;
#1922 = FACE_OUTER_BOUND ( 'NONE', #2250, .T. ) ;
#1923 = EDGE_CURVE ( 'NONE', #3, #1369, #1717, .T. ) ;
#1924 = ORIENTED_EDGE ( 'NONE', *, *, #776, .T. ) ;
#1925 = FACE_OUTER_BOUND ( 'NONE', #1458, .T. ) ;
#1926 = DIRECTION ( 'NONE',  ( -1.000000000000000000, 0.000000000000000000, 0.000000000000000000 ) ) ;
#1927 = DIRECTION ( 'NONE',  ( -1.000000000000000000, 0.000000000000000000, 0.000000000000000000 ) ) ;
#1928 = CARTESIAN_POINT ( 'NONE',  ( -320.9886061297115702, 226.8951998256236209, 0.000000000000000000 ) ) ;
#1929 = VERTEX_POINT ( 'NONE', #361 ) ;
#1930 = ORIENTED_EDGE ( 'NONE', *, *, #1569, .F. ) ;
#1931 = CARTESIAN_POINT ( 'NONE',  ( -198.2775426617661765, 303.1159884794925006, 0.000000000000000000 ) ) ;
#1932 = APPLICATION_CONTEXT ( 'automotive_design' ) ;
#1933 = EDGE_CURVE ( 'NONE', #741, #1786, #1829, .T. ) ;
#1934 = DIRECTION ( 'NONE',  ( 1.000000000000000000, 0.000000000000000000, 0.000000000000000000 ) ) ;
#1935 = ORIENTED_EDGE ( 'NONE', *, *, #822, .T. ) ;
#1936 = CARTESIAN_POINT ( 'NONE',  ( -189.8109892263183553, 226.0951998256236095, -17.00000000000000000 ) ) ;
#1937 = CARTESIAN_POINT ( 'NONE',  ( -322.9886061297115702, 311.1275784802687667, -15.00000000000000000 ) ) ;
#1938 = AXIS2_PLACEMENT_3D ( 'NONE', #1537, #2272, #625 ) ;
#1939 = CARTESIAN_POINT ( 'NONE',  ( -322.9886061297115702, 311.1275784802687667, -15.00000000000000000 ) ) ;
#1940 = DIRECTION ( 'NONE',  ( -0.000000000000000000, 0.000000000000000000, 1.000000000000000000 ) ) ;
#1941 = AXIS2_PLACEMENT_3D ( 'NONE', #1741, #2112, #1566 ) ;
#1942 = TOROIDAL_SURFACE ( 'NONE', #2215, 2.492872887797310533, 1.000000000000000000 ) ;
#1943 = ORIENTED_EDGE ( 'NONE', *, *, #132, .F. ) ;
#1944 = ORIENTED_EDGE ( 'NONE', *, *, #1522, .F. ) ;
#1945 = VECTOR ( 'NONE', #949, 1000.000000000000000 ) ;
#1946 = DIRECTION ( 'NONE',  ( 0.000000000000000000, 0.000000000000000000, -1.000000000000000000 ) ) ;
#1947 = DIRECTION ( 'NONE',  ( -1.000000000000000000, 0.000000000000000000, 0.000000000000000000 ) ) ;
#1948 = VECTOR ( 'NONE', #1497, 1000.000000000000000 ) ;
#1949 = VERTEX_POINT ( 'NONE', #1847 ) ;
#1950 = CARTESIAN_POINT ( 'NONE',  ( -186.6109892263183667, 222.8951998256236209, -15.00000000000000000 ) ) ;
#1951 = VECTOR ( 'NONE', #2191, 1000.000000000000000 ) ;
#1952 = EDGE_CURVE ( 'NONE', #1240, #2127, #205, .T. ) ;
#1953 = FACE_OUTER_BOUND ( 'NONE', #488, .T. ) ;
#1954 = EDGE_CURVE ( 'NONE', #53, #1417, #42, .T. ) ;
#1955 = CARTESIAN_POINT ( 'NONE',  ( -192.4400484483875857, 231.1159884794925006, -1.000000000000000000 ) ) ;
#1956 = DIRECTION ( 'NONE',  ( 0.000000000000000000, 1.000000000000000000, 0.000000000000000000 ) ) ;
#1957 = EDGE_LOOP ( 'NONE', ( #85, #746, #738, #1859 ) ) ;
#1958 = ORIENTED_EDGE ( 'NONE', *, *, #2239, .T. ) ;
#1959 = CARTESIAN_POINT ( 'NONE',  ( -276.6109892263183383, 223.6951998256236038, -17.00000000000000000 ) ) ;
#1960 = DIRECTION ( 'NONE',  ( -1.000000000000000000, 0.000000000000000000, 0.000000000000000000 ) ) ;
#1961 = VERTEX_POINT ( 'NONE', #2243 ) ;
#1962 = DIRECTION ( 'NONE',  ( 0.000000000000000000, 0.000000000000000000, -1.000000000000000000 ) ) ;
#1963 = EDGE_LOOP ( 'NONE', ( #1353, #957, #1709, #860 ) ) ;
#1964 = EDGE_CURVE ( 'NONE', #409, #1838, #912, .T. ) ;
#1965 = DIRECTION ( 'NONE',  ( 1.000000000000000000, 0.000000000000000000, 0.000000000000000000 ) ) ;
#1966 = DIRECTION ( 'NONE',  ( 0.000000000000000000, 1.000000000000000000, 0.000000000000000000 ) ) ;
#1967 = DIRECTION ( 'NONE',  ( 0.000000000000000000, 0.000000000000000000, 1.000000000000000000 ) ) ;
#1968 = EDGE_CURVE ( 'NONE', #1282, #1470, #691, .T. ) ;
#1969 = ORIENTED_EDGE ( 'NONE', *, *, #1813, .T. ) ;
#1970 = ORIENTED_EDGE ( 'NONE', *, *, #2042, .T. ) ;
#1971 = LINE ( 'NONE', #1437, #1251 ) ;
#1972 = CARTESIAN_POINT ( 'NONE',  ( -315.4947696677447766, 231.1159884794925006, -1.000000000000000000 ) ) ;
#1973 = VERTEX_POINT ( 'NONE', #1006 ) ;
#1974 = CARTESIAN_POINT ( 'NONE',  ( -194.9471186325385190, 231.1159884794925006, 2.000000000000000000 ) ) ;
#1975 = DIRECTION ( 'NONE',  ( -1.000000000000000000, 0.000000000000000000, 0.000000000000000000 ) ) ;
#1976 = EDGE_CURVE ( 'NONE', #1170, #1161, #990, .T. ) ;
#1977 = STYLED_ITEM ( 'NONE', ( #1325 ), #308 ) ;
#1978 = FACE_OUTER_BOUND ( 'NONE', #1887, .T. ) ;
#1979 = VECTOR ( 'NONE', #447, 1000.000000000000000 ) ;
#1980 = ORIENTED_EDGE ( 'NONE', *, *, #891, .T. ) ;
#1981 = ORIENTED_EDGE ( 'NONE', *, *, #1349, .T. ) ;
#1982 = EDGE_CURVE ( 'NONE', #1041, #40, #1215, .T. ) ;
#1983 = DIRECTION ( 'NONE',  ( -0.000000000000000000, 0.000000000000000000, 1.000000000000000000 ) ) ;
#1984 = VECTOR ( 'NONE', #2036, 1000.000000000000000 ) ;
#1985 = VERTEX_POINT ( 'NONE', #1736 ) ;
#1986 = VECTOR ( 'NONE', #1002, 1000.000000000000000 ) ;
#1987 = DIRECTION ( 'NONE',  ( 0.000000000000000000, 1.000000000000000000, 0.000000000000000000 ) ) ;
#1988 = AXIS2_PLACEMENT_3D ( 'NONE', #925, #1462, #391 ) ;
#1989 = ORIENTED_EDGE ( 'NONE', *, *, #680, .T. ) ;
#1990 = TOROIDAL_SURFACE ( 'NONE', #725, 2.507070184150953285, 1.000000000000000000 ) ;
#1991 = DIRECTION ( 'NONE',  ( 0.000000000000000000, 0.000000000000000000, -1.000000000000000000 ) ) ;
#1992 = CYLINDRICAL_SURFACE ( 'NONE', #1558, 1.482348964793767099 ) ;
#1993 = DIRECTION ( 'NONE',  ( 7.571224402703375825E-15, -1.000000000000000000, 0.000000000000000000 ) ) ;
#1994 = ORIENTED_EDGE ( 'NONE', *, *, #921, .T. ) ;
#1995 = DIRECTION ( 'NONE',  ( -1.000000000000000000, 0.000000000000000000, 0.000000000000000000 ) ) ;
#1996 = EDGE_CURVE ( 'NONE', #511, #1428, #659, .T. ) ;
#1997 = ORIENTED_EDGE ( 'NONE', *, *, #1729, .F. ) ;
#1998 = DIRECTION ( 'NONE',  ( -0.000000000000000000, 0.000000000000000000, 1.000000000000000000 ) ) ;
#1999 = DIRECTION ( 'NONE',  ( 0.000000000000000000, 1.000000000000000000, 0.000000000000000000 ) ) ;
#2000 = EDGE_CURVE ( 'NONE', #2214, #1538, #800, .T. ) ;
#2001 = ORIENTED_EDGE ( 'NONE', *, *, #1976, .T. ) ;
#2002 = DIRECTION ( 'NONE',  ( 1.000000000000000000, 0.000000000000000000, 0.000000000000000000 ) ) ;
#2003 = DIRECTION ( 'NONE',  ( 0.000000000000000000, -0.000000000000000000, -1.000000000000000000 ) ) ;
#2004 = DIRECTION ( 'NONE',  ( -1.000000000000000000, 0.000000000000000000, 0.000000000000000000 ) ) ;
#2005 = ORIENTED_EDGE ( 'NONE', *, *, #670, .T. ) ;
#2006 = CARTESIAN_POINT ( 'NONE',  ( -309.7996697739688443, 302.0115101775186872, 3.000000000000000000 ) ) ;
#2007 = CARTESIAN_POINT ( 'NONE',  ( -276.6109892263183383, 223.6951998256236038, -17.00000000000000000 ) ) ;
#2008 = CARTESIAN_POINT ( 'NONE',  ( -322.9886061297115702, 311.1275784802687667, 0.000000000000000000 ) ) ;
#2009 = VERTEX_POINT ( 'NONE', #782 ) ;
#2010 = EDGE_CURVE ( 'NONE', #1504, #1546, #574, .T. ) ;
#2011 = DIRECTION ( 'NONE',  ( 0.000000000000000000, -0.000000000000000000, -1.000000000000000000 ) ) ;
#2012 = PLANE ( 'NONE',  #1682 ) ;
#2013 = ORIENTED_EDGE ( 'NONE', *, *, #206, .T. ) ;
#2014 = VECTOR ( 'NONE', #157, 1000.000000000000000 ) ;
#2015 = LINE ( 'NONE', #2006, #1484 ) ;
#2016 = AXIS2_PLACEMENT_3D ( 'NONE', #453, #1510, #1499 ) ;
#2017 = ORIENTED_EDGE ( 'NONE', *, *, #2210, .F. ) ;
#2018 = AXIS2_PLACEMENT_3D ( 'NONE', #1157, #2089, #858 ) ;
#2019 = CYLINDRICAL_SURFACE ( 'NONE', #534, 1.482348964793767099 ) ;
#2020 = CARTESIAN_POINT ( 'NONE',  ( -304.6109892263183951, 224.0951998256236095, -17.00000000000000000 ) ) ;
#2021 = AXIS2_PLACEMENT_3D ( 'NONE', #1097, #579, #2003 ) ;
#2022 = ORIENTED_EDGE ( 'NONE', *, *, #1712, .F. ) ;
#2023 = AXIS2_PLACEMENT_3D ( 'NONE', #429, #1727, #1336 ) ;
#2024 = ADVANCED_FACE ( 'NONE', ( #52 ), #241, .F. ) ;
#2025 = AXIS2_PLACEMENT_3D ( 'NONE', #1054, #1800, #161 ) ;
#2026 = CARTESIAN_POINT ( 'NONE',  ( -315.3217968861715121, 303.1159884794925006, 3.000000000000000000 ) ) ;
#2027 = CARTESIAN_POINT ( 'NONE',  ( -314.4947696677447766, 231.1159884794925006, 3.000000000000000000 ) ) ;
#2028 = DIRECTION ( 'NONE',  ( 1.000000000000000000, 0.000000000000000000, 0.000000000000000000 ) ) ;
#2029 = EDGE_CURVE ( 'NONE', #1618, #485, #875, .T. ) ;
#2030 = ORIENTED_EDGE ( 'NONE', *, *, #309, .T. ) ;
#2031 = LINE ( 'NONE', #1136, #299 ) ;
#2032 = LINE ( 'NONE', #2054, #687 ) ;
#2033 = CARTESIAN_POINT ( 'NONE',  ( -276.6109892263183383, 224.8951998256236209, -15.00000000000000000 ) ) ;
#2034 = ORIENTED_EDGE ( 'NONE', *, *, #2315, .F. ) ;
#2035 = FILL_AREA_STYLE ('',( #1501 ) ) ;
#2036 = DIRECTION ( 'NONE',  ( 0.000000000000000000, 1.000000000000000000, -0.000000000000000000 ) ) ;
#2037 = PLANE ( 'NONE',  #953 ) ;
#2038 = EDGE_CURVE ( 'NONE', #2251, #757, #1178, .T. ) ;
#2039 = EDGE_LOOP ( 'NONE', ( #524, #1919, #1997, #1602 ) ) ;
#2040 = ORIENTED_EDGE ( 'NONE', *, *, #80, .F. ) ;
#2041 = FACE_OUTER_BOUND ( 'NONE', #1434, .T. ) ;
#2042 = EDGE_CURVE ( 'NONE', #1232, #2196, #981, .T. ) ;
#2043 = DIRECTION ( 'NONE',  ( 0.000000000000000000, 0.000000000000000000, 1.000000000000000000 ) ) ;
#2044 = CARTESIAN_POINT ( 'NONE',  ( -316.9771186325385202, 231.1159884794925006, 2.000000000000000000 ) ) ;
#2045 = VERTEX_POINT ( 'NONE', #2069 ) ;
#2046 = LINE ( 'NONE', #406, #1243 ) ;
#2047 = CYLINDRICAL_SURFACE ( 'NONE', #1442, 1.492872887797314085 ) ;
#2048 = ORIENTED_EDGE ( 'NONE', *, *, #698, .F. ) ;
#2049 = ORIENTED_EDGE ( 'NONE', *, *, #325, .F. ) ;
#2050 = CARTESIAN_POINT ( 'NONE',  ( -324.9886061297115702, 224.8951998256236209, 3.000000000000000000 ) ) ;
#2051 = CARTESIAN_POINT ( 'NONE',  ( -188.6109892263183667, 307.1275784802687667, -15.00000000000000000 ) ) ;
#2052 = EDGE_CURVE ( 'NONE', #1363, #1240, #1795, .T. ) ;
#2053 = ORIENTED_EDGE ( 'NONE', *, *, #2329, .T. ) ;
#2054 = CARTESIAN_POINT ( 'NONE',  ( -186.6109892263183667, 224.8951998256236209, -12.00000000000000000 ) ) ;
#2055 = CIRCLE ( 'NONE', #1019, 3.507070184150945735 ) ;
#2056 = CARTESIAN_POINT ( 'NONE',  ( -314.3217968861715121, 303.1159884794925006, 3.000000000000000000 ) ) ;
#2057 = EDGE_LOOP ( 'NONE', ( #300, #843, #2192, #917 ) ) ;
#2058 = AXIS2_PLACEMENT_3D ( 'NONE', #2109, #1208, #1947 ) ;
#2059 = CIRCLE ( 'NONE', #870, 2.000000000000001776 ) ;
#2060 = CARTESIAN_POINT ( 'NONE',  ( -316.8146697739688307, 303.1159884794925006, -1.000000000000000000 ) ) ;
#2061 = AXIS2_PLACEMENT_3D ( 'NONE', #1719, #663, #81 ) ;
#2062 = CARTESIAN_POINT ( 'NONE',  ( -194.7846697739688580, 303.1159884794925006, 3.000000000000000000 ) ) ;
#2063 = SHAPE_DEFINITION_REPRESENTATION ( #1700, #1155 ) ;
#2064 = CIRCLE ( 'NONE', #1335, 2.000000000000001776 ) ;
#2065 = ORIENTED_EDGE ( 'NONE', *, *, #2104, .F. ) ;
#2066 = EDGE_LOOP ( 'NONE', ( #685, #1119, #677, #65 ) ) ;
#2067 = CARTESIAN_POINT ( 'NONE',  ( 0.000000000000000000, 311.1275784802687667, 3.000000000000000000 ) ) ;
#2068 = CIRCLE ( 'NONE', #616, 1.000000000000000888 ) ;
#2069 = CARTESIAN_POINT ( 'NONE',  ( -322.1886061297115589, 310.3275784802687554, -15.00000000000000000 ) ) ;
#2070 = ORIENTED_EDGE ( 'NONE', *, *, #443, .T. ) ;
#2071 = DIRECTION ( 'NONE',  ( -1.000000000000000000, 0.000000000000000000, 0.000000000000000000 ) ) ;
#2072 = ADVANCED_FACE ( 'NONE', ( #1699 ), #1906, .T. ) ;
#2073 = DIRECTION ( 'NONE',  ( 1.000000000000000000, 7.571224402703375825E-15, -0.000000000000000000 ) ) ;
#2074 = ORIENTED_EDGE ( 'NONE', *, *, #1954, .T. ) ;
#2075 = EDGE_CURVE ( 'NONE', #2354, #1012, #655, .T. ) ;
#2076 = CARTESIAN_POINT ( 'NONE',  ( -324.9886061297115702, 309.1275784802687667, -15.00000000000000000 ) ) ;
#2077 = ORIENTED_EDGE ( 'NONE', *, *, #624, .F. ) ;
#2078 = CARTESIAN_POINT ( 'NONE',  ( -187.6109892263183667, 224.0951998256236095, -17.00000000000000000 ) ) ;
#2079 = CARTESIAN_POINT ( 'NONE',  ( -322.9886061297115702, 309.1275784802687667, 3.000000000000000000 ) ) ;
#2080 = EDGE_LOOP ( 'NONE', ( #1799, #674, #1981, #2279 ) ) ;
#2081 = ORIENTED_EDGE ( 'NONE', *, *, #790, .F. ) ;
#2082 = DIRECTION ( 'NONE',  ( -1.000000000000000000, 0.000000000000000000, 0.000000000000000000 ) ) ;
#2083 = LINE ( 'NONE', #973, #1900 ) ;
#2084 = ORIENTED_EDGE ( 'NONE', *, *, #1242, .F. ) ;
#2085 = DIRECTION ( 'NONE',  ( 1.000000000000000000, 0.000000000000000000, 0.000000000000000000 ) ) ;
#2086 = EDGE_CURVE ( 'NONE', #7, #1113, #643, .T. ) ;
#2087 = ORIENTED_EDGE ( 'NONE', *, *, #2086, .T. ) ;
#2088 = ORIENTED_EDGE ( 'NONE', *, *, #340, .T. ) ;
#2089 = DIRECTION ( 'NONE',  ( -0.000000000000000000, 0.000000000000000000, 1.000000000000000000 ) ) ;
#2090 = CARTESIAN_POINT ( 'NONE',  ( -304.6109892263166898, -2.306278154961903778E-12, -15.00000000000000000 ) ) ;
#2091 = CARTESIAN_POINT ( 'NONE',  ( -324.9886061297115702, 309.1275784802687667, -15.00000000000000000 ) ) ;
#2092 = DIRECTION ( 'NONE',  ( -0.000000000000000000, 0.000000000000000000, -1.000000000000000000 ) ) ;
#2093 = ORIENTED_EDGE ( 'NONE', *, *, #670, .F. ) ;
#2094 = CIRCLE ( 'NONE', #712, 2.000000000000001776 ) ;
#2095 = VECTOR ( 'NONE', #1999, 1000.000000000000000 ) ;
#2096 = AXIS2_PLACEMENT_3D ( 'NONE', #519, #1038, #1975 ) ;
#2097 = EDGE_CURVE ( 'NONE', #1122, #1929, #621, .T. ) ;
#2098 = VECTOR ( 'NONE', #1035, 1000.000000000000000 ) ;
#2099 = VERTEX_POINT ( 'NONE', #1344 ) ;
#2100 = CARTESIAN_POINT ( 'NONE',  ( -309.7996697739688443, 232.9127446127420171, 0.000000000000000000 ) ) ;
#2101 = CARTESIAN_POINT ( 'NONE',  ( -196.2775426617661765, 303.1159884794925006, 2.000000000000000000 ) ) ;
#2102 = DIRECTION ( 'NONE',  ( 1.000000000000000000, 0.000000000000000000, 0.000000000000000000 ) ) ;
#2103 = TOROIDAL_SURFACE ( 'NONE', #1444, 2.482348964793779977, 1.000000000000000000 ) ;
#2104 = EDGE_CURVE ( 'NONE', #1180, #793, #1758, .T. ) ;
#2105 = ORIENTED_EDGE ( 'NONE', *, *, #822, .F. ) ;
#2106 = ORIENTED_EDGE ( 'NONE', *, *, #1168, .F. ) ;
#2107 = VECTOR ( 'NONE', #922, 1000.000000000000000 ) ;
#2108 = DIRECTION ( 'NONE',  ( -0.000000000000000000, 0.000000000000000000, -1.000000000000000000 ) ) ;
#2109 = CARTESIAN_POINT ( 'NONE',  ( -321.7886061297115816, 226.0951998256236095, -17.00000000000000000 ) ) ;
#2110 = TOROIDAL_SURFACE ( 'NONE', #1486, 3.507070184150951508, 1.000000000000000000 ) ;
#2111 = ORIENTED_EDGE ( 'NONE', *, *, #2104, .T. ) ;
#2112 = DIRECTION ( 'NONE',  ( 0.000000000000000000, 0.000000000000000000, -1.000000000000000000 ) ) ;
#2113 = LINE ( 'NONE', #273, #611 ) ;
#2114 = DIRECTION ( 'NONE',  ( -0.000000000000000000, 0.000000000000000000, 1.000000000000000000 ) ) ;
#2115 = EDGE_CURVE ( 'NONE', #1051, #1059, #1028, .T. ) ;
#2116 = DIRECTION ( 'NONE',  ( 1.000000000000000000, 0.000000000000000000, -0.000000000000000000 ) ) ;
#2117 = ORIENTED_EDGE ( 'NONE', *, *, #1612, .F. ) ;
#2118 = ORIENTED_EDGE ( 'NONE', *, *, #2160, .T. ) ;
#2119 = EDGE_CURVE ( 'NONE', #640, #2214, #1918, .T. ) ;
#2120 = CARTESIAN_POINT ( 'NONE',  ( -276.6109892263183383, 224.9127446127420171, -17.00000000000000000 ) ) ;
#2121 = FACE_OUTER_BOUND ( 'NONE', #1687, .T. ) ;
#2122 = ORIENTED_EDGE ( 'NONE', *, *, #2175, .T. ) ;
#2123 = DIRECTION ( 'NONE',  ( -1.000000000000000000, 0.000000000000000000, 0.000000000000000000 ) ) ;
#2124 = DIRECTION ( 'NONE',  ( 1.000000000000000000, 0.000000000000000000, 0.000000000000000000 ) ) ;
#2125 = FACE_OUTER_BOUND ( 'NONE', #231, .T. ) ;
#2126 = DIRECTION ( 'NONE',  ( 1.000000000000000000, 0.000000000000000000, 0.000000000000000000 ) ) ;
#2127 = VERTEX_POINT ( 'NONE', #2154 ) ;
#2128 = DIRECTION ( 'NONE',  ( 0.000000000000000000, -0.000000000000000000, -1.000000000000000000 ) ) ;
#2129 = DIRECTION ( 'NONE',  ( 0.000000000000000000, -0.000000000000000000, 1.000000000000000000 ) ) ;
#2130 = EDGE_CURVE ( 'NONE', #165, #1973, #2310, .T. ) ;
#2131 = VERTEX_POINT ( 'NONE', #498 ) ;
#2132 = CARTESIAN_POINT ( 'NONE',  ( -186.6109892263183667, 224.8951998256236209, 3.000000000000000000 ) ) ;
#2133 = CIRCLE ( 'NONE', #1512, 2.000000000000001776 ) ;
#2134 = TOROIDAL_SURFACE ( 'NONE', #1705, 2.482348964793779977, 1.000000000000000000 ) ;
#2135 = DIRECTION ( 'NONE',  ( 0.000000000000000000, -0.000000000000000000, -1.000000000000000000 ) ) ;
#2136 = AXIS2_PLACEMENT_3D ( 'NONE', #2336, #2114, #668 ) ;
#2137 = DIRECTION ( 'NONE',  ( 0.000000000000000000, -1.000000000000000000, 0.000000000000000000 ) ) ;
#2138 = CARTESIAN_POINT ( 'NONE',  ( -321.7886061297115816, 307.9275784802687781, -17.00000000000000000 ) ) ;
#2139 = CIRCLE ( 'NONE', #2262, 2.507070184150944847 ) ;
#2140 = AXIS2_PLACEMENT_3D ( 'NONE', #471, #130, #1926 ) ;
#2141 = ORIENTED_EDGE ( 'NONE', *, *, #1624, .T. ) ;
#2142 = ORIENTED_EDGE ( 'NONE', *, *, #2256, .F. ) ;
#2143 = AXIS2_PLACEMENT_3D ( 'NONE', #635, #1575, #1357 ) ;
#2144 = CARTESIAN_POINT ( 'NONE',  ( -187.4109892263183497, 225.6951998256236038, -17.00000000000000000 ) ) ;
#2145 = DIRECTION ( 'NONE',  ( 1.000000000000000000, -0.000000000000000000, 0.000000000000000000 ) ) ;
#2146 = AXIS2_PLACEMENT_3D ( 'NONE', #2079, #815, #807 ) ;
#2147 = ORIENTED_EDGE ( 'NONE', *, *, #1490, .F. ) ;
#2148 = FACE_OUTER_BOUND ( 'NONE', #780, .T. ) ;
#2149 = ADVANCED_FACE ( 'NONE', ( #1220, #1748, #669, #284, #1762, #1237 ), #484, .T. ) ;
#2150 = ORIENTED_EDGE ( 'NONE', *, *, #1933, .F. ) ;
#2151 = EDGE_CURVE ( 'NONE', #735, #40, #1179, .T. ) ;
#2152 = FACE_OUTER_BOUND ( 'NONE', #182, .T. ) ;
#2153 = DIRECTION ( 'NONE',  ( 0.000000000000000000, 1.000000000000000000, 0.000000000000000000 ) ) ;
#2154 = CARTESIAN_POINT ( 'NONE',  ( -318.3075426617661492, 303.1159884794925006, -1.000000000000000000 ) ) ;
#2155 = VERTEX_POINT ( 'NONE', #690 ) ;
#2156 = LINE ( 'NONE', #502, #1102 ) ;
#2157 = EDGE_LOOP ( 'NONE', ( #425, #1763 ) ) ;
#2158 = DIRECTION ( 'NONE',  ( 0.000000000000000000, -1.000000000000000000, 0.000000000000000000 ) ) ;
#2159 = ORIENTED_EDGE ( 'NONE', *, *, #1976, .F. ) ;
#2160 = EDGE_CURVE ( 'NONE', #354, #1733, #658, .T. ) ;
#2161 = DIRECTION ( 'NONE',  ( 0.000000000000000000, -0.000000000000000000, -1.000000000000000000 ) ) ;
#2162 = CARTESIAN_POINT ( 'NONE',  ( 0.000000000000000000, 232.9127446127420171, 3.000000000000000000 ) ) ;
#2163 = CARTESIAN_POINT ( 'NONE',  ( -194.7846697739688580, 303.1159884794925006, 2.000000000000000000 ) ) ;
#2164 = EDGE_CURVE ( 'NONE', #1786, #634, #298, .T. ) ;
#2165 = ORIENTED_EDGE ( 'NONE', *, *, #1848, .F. ) ;
#2166 = EDGE_LOOP ( 'NONE', ( #41, #971, #2316, #317 ) ) ;
#2167 = CARTESIAN_POINT ( 'NONE',  ( -190.6109892263183667, 224.8951998256236209, -15.00000000000000000 ) ) ;
#2168 = VERTEX_POINT ( 'NONE', #1782 ) ;
#2169 = DIRECTION ( 'NONE',  ( -7.571224402703375825E-15, 1.000000000000000000, -0.000000000000000000 ) ) ;
#2170 = DIRECTION ( 'NONE',  ( 1.000000000000000000, 0.000000000000000000, 0.000000000000000000 ) ) ;
#2171 = ORIENTED_EDGE ( 'NONE', *, *, #1920, .T. ) ;
#2172 = PLANE ( 'NONE',  #1211 ) ;
#2173 = DIRECTION ( 'NONE',  ( -0.000000000000000000, 0.000000000000000000, 1.000000000000000000 ) ) ;
#2174 = DIRECTION ( 'NONE',  ( 1.000000000000000000, 0.000000000000000000, 0.000000000000000000 ) ) ;
#2175 = EDGE_CURVE ( 'NONE', #235, #301, #111, .T. ) ;
#2176 = AXIS2_PLACEMENT_3D ( 'NONE', #1354, #2277, #240 ) ;
#2177 = VERTEX_POINT ( 'NONE', #1572 ) ;
#2178 = EDGE_LOOP ( 'NONE', ( #381, #824, #1860, #1318 ) ) ;
#2179 = LINE ( 'NONE', #537, #1298 ) ;
#2180 = ADVANCED_FACE ( 'NONE', ( #883 ), #2110, .F. ) ;
#2181 = AXIS2_PLACEMENT_3D ( 'NONE', #1936, #1212, #291 ) ;
#2182 = ORIENTED_EDGE ( 'NONE', *, *, #577, .T. ) ;
#2183 = VECTOR ( 'NONE', #2169, 1000.000000000000000 ) ;
#2184 = LINE ( 'NONE', #888, #72 ) ;
#2185 = CARTESIAN_POINT ( 'NONE',  ( -196.2775426617661765, 303.1159884794925006, -1.000000000000000000 ) ) ;
#2186 = VECTOR ( 'NONE', #2230, 1000.000000000000000 ) ;
#2187 = ORIENTED_EDGE ( 'NONE', *, *, #581, .T. ) ;
#2188 = AXIS2_PLACEMENT_3D ( 'NONE', #463, #1713, #427 ) ;
#2189 = LINE ( 'NONE', #2364, #64 ) ;
#2190 = DIRECTION ( 'NONE',  ( -0.000000000000000000, -0.000000000000000000, -1.000000000000000000 ) ) ;
#2191 = DIRECTION ( 'NONE',  ( 1.000000000000000000, 0.000000000000000000, 0.000000000000000000 ) ) ;
#2192 = ORIENTED_EDGE ( 'NONE', *, *, #219, .F. ) ;
#2193 = ORIENTED_EDGE ( 'NONE', *, *, #931, .F. ) ;
#2194 = DIRECTION ( 'NONE',  ( -0.000000000000000000, -0.000000000000000000, 1.000000000000000000 ) ) ;
#2195 = EDGE_CURVE ( 'NONE', #665, #2168, #4, .T. ) ;
#2196 = VERTEX_POINT ( 'NONE', #2358 ) ;
#2197 = CARTESIAN_POINT ( 'NONE',  ( -324.1886061297115589, 310.1275784802687667, -17.00000000000000000 ) ) ;
#2198 = DIRECTION ( 'NONE',  ( -1.000000000000000000, 0.000000000000000000, 0.000000000000000000 ) ) ;
#2199 = VERTEX_POINT ( 'NONE', #676 ) ;
#2200 = DIRECTION ( 'NONE',  ( 0.000000000000000000, 0.000000000000000000, -1.000000000000000000 ) ) ;
#2201 = CARTESIAN_POINT ( 'NONE',  ( -186.6109892263183667, 309.1275784802687667, -15.00000000000000000 ) ) ;
#2202 = FACE_BOUND ( 'NONE', #2339, .T. ) ;
#2203 = ORIENTED_EDGE ( 'NONE', *, *, #1115, .F. ) ;
#2204 = ORIENTED_EDGE ( 'NONE', *, *, #2160, .F. ) ;
#2205 = CARTESIAN_POINT ( 'NONE',  ( -193.4400484483876141, 231.1159884794925006, -1.000000000000000000 ) ) ;
#2206 = CARTESIAN_POINT ( 'NONE',  ( -187.4109892263183497, 225.6951998256236038, -17.00000000000000000 ) ) ;
#2207 = ADVANCED_FACE ( 'NONE', ( #1978 ), #849, .T. ) ;
#2208 = DIRECTION ( 'NONE',  ( -1.000000000000000000, 0.000000000000000000, 0.000000000000000000 ) ) ;
#2209 = ORIENTED_EDGE ( 'NONE', *, *, #163, .T. ) ;
#2210 = EDGE_CURVE ( 'NONE', #1369, #1170, #320, .T. ) ;
#2211 = CARTESIAN_POINT ( 'NONE',  ( -322.1886061297115589, 223.6951998256236038, -17.00000000000000000 ) ) ;
#2212 = DIRECTION ( 'NONE',  ( -1.000000000000000000, 0.000000000000000000, 0.000000000000000000 ) ) ;
#2213 = DIRECTION ( 'NONE',  ( -0.000000000000000000, 0.000000000000000000, 1.000000000000000000 ) ) ;
#2214 = VERTEX_POINT ( 'NONE', #1606 ) ;
#2215 = AXIS2_PLACEMENT_3D ( 'NONE', #857, #847, #1588 ) ;
#2216 = DIRECTION ( 'NONE',  ( 1.000000000000000000, 0.000000000000000000, 0.000000000000000000 ) ) ;
#2217 = CIRCLE ( 'NONE', #141, 2.000000000000001776 ) ;
#2218 = VECTOR ( 'NONE', #55, 1000.000000000000000 ) ;
#2219 = CARTESIAN_POINT ( 'NONE',  ( -323.7886061297115816, 226.0951998256236095, -17.00000000000000000 ) ) ;
#2220 = DIRECTION ( 'NONE',  ( -0.000000000000000000, 0.000000000000000000, 1.000000000000000000 ) ) ;
#2221 = VERTEX_POINT ( 'NONE', #1412 ) ;
#2222 = ADVANCED_FACE ( 'NONE', ( #510 ), #1230, .T. ) ;
#2223 = AXIS2_PLACEMENT_3D ( 'NONE', #115, #1021, #796 ) ;
#2224 = AXIS2_PLACEMENT_3D ( 'NONE', #1355, #78, #2254 ) ;
#2225 = CARTESIAN_POINT ( 'NONE',  ( -186.6109892263183667, 222.8951998256236209, -15.00000000000000000 ) ) ;
#2226 = EDGE_CURVE ( 'NONE', #2009, #1370, #1063, .T. ) ;
#2227 = PLANE ( 'NONE',  #2021 ) ;
#2228 = CARTESIAN_POINT ( 'NONE',  ( -187.6109892263183667, 310.3275784802687554, -15.00000000000000000 ) ) ;
#2229 = ORIENTED_EDGE ( 'NONE', *, *, #166, .T. ) ;
#2230 = DIRECTION ( 'NONE',  ( -0.000000000000000000, -0.000000000000000000, -1.000000000000000000 ) ) ;
#2231 = VERTEX_POINT ( 'NONE', #1798 ) ;
#2232 = DIRECTION ( 'NONE',  ( -0.000000000000000000, 0.000000000000000000, 1.000000000000000000 ) ) ;
#2233 = CARTESIAN_POINT ( 'NONE',  ( -190.6109892263183667, 307.1275784802687667, -15.00000000000000000 ) ) ;
#2234 = VERTEX_POINT ( 'NONE', #159 ) ;
#2235 = ADVANCED_FACE ( 'NONE', ( #709 ), #302, .T. ) ;
#2236 = CARTESIAN_POINT ( 'NONE',  ( -315.3217968861715121, 303.1159884794925006, 2.000000000000000000 ) ) ;
#2237 = DIRECTION ( 'NONE',  ( -0.000000000000000000, -0.000000000000000000, -1.000000000000000000 ) ) ;
#2238 = CARTESIAN_POINT ( 'NONE',  ( -316.8146697739688307, 303.1159884794925006, 2.000000000000000000 ) ) ;
#2239 = EDGE_CURVE ( 'NONE', #1032, #1123, #895, .T. ) ;
#2240 = ORIENTED_EDGE ( 'NONE', *, *, #779, .F. ) ;
#2241 = VERTEX_POINT ( 'NONE', #2367 ) ;
#2242 = CARTESIAN_POINT ( 'NONE',  ( -322.1886061297115589, 223.6951998256236038, -15.00000000000000000 ) ) ;
#2243 = CARTESIAN_POINT ( 'NONE',  ( -197.2775426617661765, 303.1159884794925006, 3.000000000000000000 ) ) ;
#2244 = ORIENTED_EDGE ( 'NONE', *, *, #624, .T. ) ;
#2245 = CARTESIAN_POINT ( 'NONE',  ( -323.7886061297115816, 226.0951998256236095, -17.00000000000000000 ) ) ;
#2246 = ORIENTED_EDGE ( 'NONE', *, *, #1742, .F. ) ;
#2247 = LINE ( 'NONE', #1478, #1781 ) ;
#2248 = DIRECTION ( 'NONE',  ( 0.000000000000000000, 0.000000000000000000, -1.000000000000000000 ) ) ;
#2249 = CARTESIAN_POINT ( 'NONE',  ( 0.000000000000000000, 0.000000000000000000, 0.000000000000000000 ) ) ;
#2250 = EDGE_LOOP ( 'NONE', ( #1756, #2147, #1659, #885 ) ) ;
#2251 = VERTEX_POINT ( 'NONE', #1493 ) ;
#2252 = DIRECTION ( 'NONE',  ( -0.000000000000000000, -0.000000000000000000, -1.000000000000000000 ) ) ;
#2253 = ADVANCED_FACE ( 'NONE', ( #580 ), #720, .T. ) ;
#2254 = DIRECTION ( 'NONE',  ( 0.000000000000000000, 0.000000000000000000, -1.000000000000000000 ) ) ;
#2255 = AXIS2_PLACEMENT_3D ( 'NONE', #1410, #120, #1218 ) ;
#2256 = EDGE_CURVE ( 'NONE', #1884, #2099, #1065, .T. ) ;
#2257 = CARTESIAN_POINT ( 'NONE',  ( -322.1886061297115589, 308.3275784802687554, -17.00000000000000000 ) ) ;
#2258 = CIRCLE ( 'NONE', #1203, 1.482348964793767099 ) ;
#2259 = LINE ( 'NONE', #987, #1899 ) ;
#2260 = ORIENTED_EDGE ( 'NONE', *, *, #1450, .F. ) ;
#2261 = CIRCLE ( 'NONE', #684, 3.482348964793768875 ) ;
#2262 = AXIS2_PLACEMENT_3D ( 'NONE', #856, #1962, #1426 ) ;
#2263 = CARTESIAN_POINT ( 'NONE',  ( -322.9886061297115702, 224.8951998256236209, -15.00000000000000000 ) ) ;
#2264 = AXIS2_PLACEMENT_3D ( 'NONE', #959, #1883, #275 ) ;
#2265 = EDGE_LOOP ( 'NONE', ( #1381, #1891 ) ) ;
#2266 = ORIENTED_EDGE ( 'NONE', *, *, #1672, .F. ) ;
#2267 = CARTESIAN_POINT ( 'NONE',  ( -316.9771186325385202, 231.1159884794925006, 0.000000000000000000 ) ) ;
#2268 = VECTOR ( 'NONE', #1993, 1000.000000000000000 ) ;
#2269 = DIRECTION ( 'NONE',  ( 1.000000000000000000, 0.000000000000000000, 0.000000000000000000 ) ) ;
#2270 = ADVANCED_FACE ( 'NONE', ( #358 ), #1266, .F. ) ;
#2271 = LINE ( 'NONE', #254, #1827 ) ;
#2272 = DIRECTION ( 'NONE',  ( 0.000000000000000000, 1.000000000000000000, 0.000000000000000000 ) ) ;
#2273 = EDGE_LOOP ( 'NONE', ( #439, #582, #1678, #2187 ) ) ;
#2274 = CARTESIAN_POINT ( 'NONE',  ( -309.7996697739688443, 302.0115101775186872, 0.000000000000000000 ) ) ;
#2275 = EDGE_LOOP ( 'NONE', ( #901, #997 ) ) ;
#2276 = ORIENTED_EDGE ( 'NONE', *, *, #924, .T. ) ;
#2277 = DIRECTION ( 'NONE',  ( 0.000000000000000000, 0.000000000000000000, 1.000000000000000000 ) ) ;
#2278 = CARTESIAN_POINT ( 'NONE',  ( -187.6109892263183667, 223.6951998256236038, -15.00000000000000000 ) ) ;
#2279 = ORIENTED_EDGE ( 'NONE', *, *, #1216, .F. ) ;
#2280 = CARTESIAN_POINT ( 'NONE',  ( -315.3217968861715121, 303.1159884794925006, -1.000000000000000000 ) ) ;
#2281 = CARTESIAN_POINT ( 'NONE',  ( -324.9886061297115702, 0.000000000000000000, 3.000000000000000000 ) ) ;
#2282 = ORIENTED_EDGE ( 'NONE', *, *, #163, .F. ) ;
#2283 = EDGE_CURVE ( 'NONE', #1961, #735, #2068, .T. ) ;
#2284 = EDGE_CURVE ( 'NONE', #2045, #1235, #192, .T. ) ;
#2285 = PRODUCT_DEFINITION_CONTEXT ( 'detailed design', #1932, 'design' ) ;
#2286 = LINE ( 'NONE', #1554, #1329 ) ;
#2287 = DIRECTION ( 'NONE',  ( 0.000000000000000000, -0.000000000000000000, 1.000000000000000000 ) ) ;
#2288 = DIRECTION ( 'NONE',  ( -1.000000000000000000, 0.000000000000000000, -0.000000000000000000 ) ) ;
#2289 = VERTEX_POINT ( 'NONE', #907 ) ;
#2290 = CARTESIAN_POINT ( 'NONE',  ( -316.9771186325385202, 231.1159884794925006, 2.000000000000000000 ) ) ;
#2291 = CARTESIAN_POINT ( 'NONE',  ( -190.6109892263183667, 226.8951998256236209, -15.00000000000000000 ) ) ;
#2292 = EDGE_LOOP ( 'NONE', ( #896, #1300, #1613, #79 ) ) ;
#2293 = AXIS2_PLACEMENT_3D ( 'NONE', #31, #1647, #2208 ) ;
#2294 = PLANE ( 'NONE',  #1633 ) ;
#2295 = AXIS2_PLACEMENT_3D ( 'NONE', #2291, #1739, #304 ) ;
#2296 = EDGE_CURVE ( 'NONE', #1012, #1345, #546, .T. ) ;
#2297 = AXIS2_PLACEMENT_3D ( 'NONE', #1431, #1109, #346 ) ;
#2298 =( NAMED_UNIT ( * ) SI_UNIT ( $, .STERADIAN. ) SOLID_ANGLE_UNIT ( ) );
#2299 = ADVANCED_FACE ( 'NONE', ( #1306, #2202 ), #2037, .T. ) ;
#2300 = TOROIDAL_SURFACE ( 'NONE', #2023, 3.492872887797308756, 1.000000000000000000 ) ;
#2301 = ORIENTED_EDGE ( 'NONE', *, *, #46, .T. ) ;
#2302 = DIRECTION ( 'NONE',  ( 1.224646799147353207E-16, 1.000000000000000000, 0.000000000000000000 ) ) ;
#2303 = CARTESIAN_POINT ( 'NONE',  ( -194.9471186325385190, 231.1159884794925006, 3.000000000000000000 ) ) ;
#2304 = DIRECTION ( 'NONE',  ( -1.000000000000000000, 0.000000000000000000, 0.000000000000000000 ) ) ;
#2305 = AXIS2_PLACEMENT_3D ( 'NONE', #540, #1998, #351 ) ;
#2306 = ORIENTED_EDGE ( 'NONE', *, *, #1273, .F. ) ;
#2307 = CIRCLE ( 'NONE', #2, 2.492872887797314974 ) ;
#2308 = DIRECTION ( 'NONE',  ( -1.000000000000000000, 0.000000000000000000, 0.000000000000000000 ) ) ;
#2309 = CARTESIAN_POINT ( 'NONE',  ( -197.4541888166894807, 231.1159884794925006, 3.000000000000000000 ) ) ;
#2310 = CIRCLE ( 'NONE', #227, 2.000000000000001776 ) ;
#2311 = LINE ( 'NONE', #768, #1479 ) ;
#2312 = CARTESIAN_POINT ( 'NONE',  ( -320.4594675973323206, 231.1159884794925006, 0.000000000000000000 ) ) ;
#2313 = DIRECTION ( 'NONE',  ( -1.000000000000000000, 0.000000000000000000, 0.000000000000000000 ) ) ;
#2314 = CARTESIAN_POINT ( 'NONE',  ( -322.9886061297115702, 222.8951998256236209, 3.000000000000000000 ) ) ;
#2315 = EDGE_CURVE ( 'NONE', #165, #2289, #591, .T. ) ;
#2316 = ORIENTED_EDGE ( 'NONE', *, *, #1216, .T. ) ;
#2317 = VERTEX_POINT ( 'NONE', #24 ) ;
#2318 = CARTESIAN_POINT ( 'NONE',  ( -321.7886061297115816, 224.0951998256236095, -17.00000000000000000 ) ) ;
#2319 = CARTESIAN_POINT ( 'NONE',  ( -188.6109892263183667, 309.1275784802687667, -15.00000000000000000 ) ) ;
#2320 = EDGE_LOOP ( 'NONE', ( #622, #1075, #1723, #1808 ) ) ;
#2321 = CYLINDRICAL_SURFACE ( 'NONE', #107, 2.000000000000001776 ) ;
#2322 = DIRECTION ( 'NONE',  ( -0.000000000000000000, 0.000000000000000000, 1.000000000000000000 ) ) ;
#2323 = PLANE ( 'NONE',  #1132 ) ;
#2324 = CARTESIAN_POINT ( 'NONE',  ( -187.6109892263183667, 224.0951998256236095, -17.00000000000000000 ) ) ;
#2325 = ORIENTED_EDGE ( 'NONE', *, *, #1863, .T. ) ;
#2326 = ADVANCED_FACE ( 'NONE', ( #1843 ), #2012, .T. ) ;
#2327 = CARTESIAN_POINT ( 'NONE',  ( -188.6109892263183667, 224.8951998256236209, 3.000000000000000000 ) ) ;
#2328 = CARTESIAN_POINT ( 'NONE',  ( -276.6109892263183383, 224.0951998256236095, -17.00000000000000000 ) ) ;
#2329 = EDGE_CURVE ( 'NONE', #1838, #741, #556, .T. ) ;
#2330 = ORIENTED_EDGE ( 'NONE', *, *, #2175, .F. ) ;
#2331 = FACE_OUTER_BOUND ( 'NONE', #2292, .T. ) ;
#2332 = AXIS2_PLACEMENT_3D ( 'NONE', #688, #2322, #825 ) ;
#2333 = VECTOR ( 'NONE', #379, 1000.000000000000000 ) ;
#2334 = DIRECTION ( 'NONE',  ( 0.000000000000000000, -0.000000000000000000, 1.000000000000000000 ) ) ;
#2335 = VECTOR ( 'NONE', #1563, 1000.000000000000000 ) ;
#2336 = CARTESIAN_POINT ( 'NONE',  ( -316.8146697739688307, 303.1159884794925006, 2.000000000000000000 ) ) ;
#2337 = DIRECTION ( 'NONE',  ( 0.000000000000000000, -0.000000000000000000, -1.000000000000000000 ) ) ;
#2338 = TOROIDAL_SURFACE ( 'NONE', #1292, 2.492872887797310533, 1.000000000000000000 ) ;
#2339 = EDGE_LOOP ( 'NONE', ( #2193, #1553 ) ) ;
#2340 = ORIENTED_EDGE ( 'NONE', *, *, #2164, .F. ) ;
#2341 = AXIS2_PLACEMENT_3D ( 'NONE', #218, #1685, #54 ) ;
#2342 = CARTESIAN_POINT ( 'NONE',  ( -190.6109892263183667, 307.1275784802687667, -15.00000000000000000 ) ) ;
#2343 = CIRCLE ( 'NONE', #2025, 2.000000000000001776 ) ;
#2344 = ORIENTED_EDGE ( 'NONE', *, *, #1464, .F. ) ;
#2345 = DIRECTION ( 'NONE',  ( -0.000000000000000000, -0.000000000000000000, -1.000000000000000000 ) ) ;
#2346 = VECTOR ( 'NONE', #1050, 1000.000000000000000 ) ;
#2347 = EDGE_CURVE ( 'NONE', #388, #2234, #1098, .T. ) ;
#2348 = ORIENTED_EDGE ( 'NONE', *, *, #33, .F. ) ;
#2349 = DIRECTION ( 'NONE',  ( 1.000000000000000000, 0.000000000000000000, 0.000000000000000000 ) ) ;
#2350 = LINE ( 'NONE', #1048, #686 ) ;
#2351 = ORIENTED_EDGE ( 'NONE', *, *, #1186, .F. ) ;
#2352 = DIRECTION ( 'NONE',  ( 1.000000000000000000, 0.000000000000000000, 0.000000000000000000 ) ) ;
#2353 = DIRECTION ( 'NONE',  ( -1.000000000000000000, 0.000000000000000000, 0.000000000000000000 ) ) ;
#2354 = VERTEX_POINT ( 'NONE', #372 ) ;
#2355 = EDGE_CURVE ( 'NONE', #1041, #1961, #1526, .T. ) ;
#2356 = EDGE_CURVE ( 'NONE', #25, #1359, #501, .T. ) ;
#2357 = CARTESIAN_POINT ( 'NONE',  ( -276.6109892263183383, 224.8951998256236209, -15.00000000000000000 ) ) ;
#2358 = CARTESIAN_POINT ( 'NONE',  ( -304.6109892263183383, 222.8951998256236209, -15.00000000000000000 ) ) ;
#2359 = VERTEX_POINT ( 'NONE', #940 ) ;
#2360 = ORIENTED_EDGE ( 'NONE', *, *, #2347, .T. ) ;
#2361 = DIRECTION ( 'NONE',  ( 0.000000000000000000, -0.000000000000000000, 1.000000000000000000 ) ) ;
#2362 = DIRECTION ( 'NONE',  ( 1.224646799147353207E-16, 1.000000000000000000, 0.000000000000000000 ) ) ;
#2363 = VECTOR ( 'NONE', #904, 1000.000000000000000 ) ;
#2364 = CARTESIAN_POINT ( 'NONE',  ( -309.7996697739688443, 0.000000000000000000, 0.000000000000000000 ) ) ;
#2365 = DIRECTION ( 'NONE',  ( -1.000000000000000000, 0.000000000000000000, 0.000000000000000000 ) ) ;
#2366 = CIRCLE ( 'NONE', #489, 2.000000000000001776 ) ;
#2367 = CARTESIAN_POINT ( 'NONE',  ( -276.6109892263183383, 224.8951998256236209, -12.00000000000000000 ) ) ;
#2368 = EDGE_CURVE ( 'NONE', #1470, #1282, #39, .T. ) ;
#2369 = ORIENTED_EDGE ( 'NONE', *, *, #1407, .T. ) ;
#2370 = EDGE_LOOP ( 'NONE', ( #563, #1767, #1663, #272 ) ) ;
#2371 = LINE ( 'NONE', #1086, #615 ) ;
#2372 = AXIS2_PLACEMENT_3D ( 'NONE', #682, #704, #1406 ) ;
#2373 = CIRCLE ( 'NONE', #2332, 1.492872887797314085 ) ;
#2374 = CIRCLE ( 'NONE', #2341, 2.492872887797314974 ) ;
#2375 = CARTESIAN_POINT ( 'NONE',  ( -319.3075426617661492, 303.1159884794925006, 3.000000000000000000 ) ) ;
ENDSEC;
END-ISO-10303-21;
