// 4.25.0 0x7302ee52 D2 AY R0 FARGB8888 U565 N0 SExtFlashSection
// Generated by imageconverter. Please, do not edit!

#include <touchgfx/hal/Config.hpp>

LOCATION_PRAGMA("ExtFlashSection")
KEEP extern const unsigned char image_ball_transparent[] LOCATION_ATTRIBUTE("ExtFlashSection") = { // 154x154 ARGB8888 pixels.
    0xf8, 0xfc, 0xf8, 0x00, 0xf8, 0xfc, 0xf8, 0x00, 0xf8, 0xfc, 0xf8, 0x00,
    0xf8, 0xfc, 0xf8, 0x00, 0xf8, 0xfc, 0xf8, 0x00, 0xf8, 0xfc, 0xf8, 0x00,
    0xf8, 0xfc, 0xf8, 0x00, 0xf8, 0xfc, 0xf8, 0x00, 0xf8, 0xfc, 0xf8, 0x00,
    0xf8, 0xfc, 0xf8, 0x00, 0xf8, 0xfc, 0xf8, 0x00, 0xf8, 0xfc, 0xf8, 0x00,
    0xf8, 0xfc, 0xf8, 0x00, 0xf8, 0xfc, 0xf8, 0x00, 0xf8, 0xfc, 0xf8, 0x00,
    0xf8, 0xfc, 0xf8, 0x00, 0xf8, 0xfc, 0xf8, 0x00, 0xf8, 0xfc, 0xf8, 0x00,
    0xf8, 0xfc, 0xf8, 0x00, 0xf8, 0xfc, 0xf8, 0x00, 0xf8, 0xfc, 0xf8, 0x00,
    0xf8, 0xfc, 0xf8, 0x00, 0xf8, 0xfc, 0xf8, 0x00, 0xf8, 0xfc, 0xf8, 0x00,
    0xf8, 0xfc, 0xf8, 0x00, 0xf8, 0xfc, 0xf8, 0x00, 0xf8, 0xfc, 0xf8, 0x00,
    0xf8, 0xfc, 0xf8, 0x00, 0xf8, 0xfc, 0xf8, 0x00, 0xf8, 0xfc, 0xf8, 0x00,
    0xf8, 0xfc, 0xf8, 0x00, 0xf8, 0xfc, 0xf8, 0x00, 0xf8, 0xfc, 0xf8, 0x00,
    0xf8, 0xfc, 0xf8, 0x00, 0xf8, 0xfc, 0xf8, 0x00, 0xf8, 0xfc, 0xf8, 0x00,
    0xf8, 0xfc, 0xf8, 0x00, 0xf8, 0xfc, 0xf8, 0x00, 0xf8, 0xfc, 0xf8, 0x00,
    0xf8, 0xfc, 0xf8, 0x00, 0xf8, 0xfc, 0xf8, 0x00, 0xf8, 0xfc, 0xf8, 0x00,
    0xf8, 0xfc, 0xf8, 0x00, 0xf8, 0xfc, 0xf8, 0x00, 0xf8, 0xfc, 0xf8, 0x00,
    0xf8, 0xfc, 0xf8, 0x00, 0xf8, 0xfc, 0xf8, 0x00, 0xf8, 0xfc, 0xf8, 0x00,
    0xf8, 0xfc, 0xf8, 0x00, 0xf8, 0xfc, 0xf8, 0x00, 0xf8, 0xfc, 0xf8, 0x00,
    0xf8, 0xfc, 0xf8, 0x00, 0xf8, 0xfc, 0xf8, 0x00, 0xf8, 0xfc, 0xf8, 0x00,
    0xf8, 0xfc, 0xf8, 0x00, 0xf8, 0xfc, 0xf8, 0x00, 0xf8, 0xfc, 0xf8, 0x00,
    0xf8, 0xfc, 0xf8, 0x00, 0xf8, 0xfc, 0xf8, 0x00, 0xf8, 0xfc, 0xf8, 0x00,
    0xf8, 0xfc, 0xf8, 0x00, 0xf8, 0xfc, 0xf8, 0x00, 0xf8, 0xfc, 0xf8, 0x00,
    0xf8, 0xfc, 0xf8, 0x00, 0xf8, 0xfc, 0xf8, 0x00, 0xf8, 0xfc, 0xf8, 0x00,
    0xf8, 0xfc, 0xf8, 0x00, 0xf8, 0xfc, 0xf8, 0x00, 0xf8, 0xfc, 0xf8, 0x00,
    0xf8, 0xfc, 0xf8, 0x00, 0xf8, 0xfc, 0xf8, 0x00, 0xf8, 0xfc, 0xf8, 0x00,
    0xf8, 0xfc, 0xf8, 0x00, 0xf8, 0xfc, 0xf8, 0x00, 0xf8, 0xfc, 0xf8, 0x00,
    0xf8, 0xfc, 0xf8, 0x00, 0xf8, 0xfc, 0xf8, 0x00, 0xf8, 0xfc, 0xf8, 0x00,
    0xf8, 0xfc, 0xf8, 0x00, 0xf8, 0xfc, 0xf8, 0x00, 0xf8, 0xfc, 0xf8, 0x00,
    0xf8, 0xfc, 0xf8, 0x00, 0xf8, 0xfc, 0xf8, 0x00, 0xf8, 0xfc, 0xf8, 0x00,
    0xf8, 0xfc, 0xf8, 0x00, 0xf8, 0xfc, 0xf8, 0x00, 0xf8, 0xfc, 0xf8, 0x00,
    0xf8, 0xfc, 0xf8, 0x00, 0xf8, 0xfc, 0xf8, 0x00, 0xf8, 0xfc, 0xf8, 0x00,
    0xf8, 0xfc, 0xf8, 0x00, 0xf8, 0xfc, 0xf8, 0x00, 0xf8, 0xfc, 0xf8, 0x00,
    0xf8, 0xfc, 0xf8, 0x00, 0xf8, 0xfc, 0xf8, 0x00, 0xf8, 0xfc, 0xf8, 0x00,
    0xf8, 0xfc, 0xf8, 0x00, 0xf8, 0xfc, 0xf8, 0x00, 0xf8, 0xfc, 0xf8, 0x00,
    0xf8, 0xfc, 0xf8, 0x00, 0xf8, 0xfc, 0xf8, 0x00, 0xf8, 0xfc, 0xf8, 0x00,
    0xf8, 0xfc, 0xf8, 0x00, 0xf8, 0xfc, 0xf8, 0x00, 0xf8, 0xfc, 0xf8, 0x00,
    0xf8, 0xfc, 0xf8, 0x00, 0xf8, 0xfc, 0xf8, 0x00, 0xf8, 0xfc, 0xf8, 0x00,
    0xf8, 0xfc, 0xf8, 0x00, 0xf8, 0xfc, 0xf8, 0x00, 0xf8, 0xfc, 0xf8, 0x00,
    0xf8, 0xfc, 0xf8, 0x00, 0xf8, 0xfc, 0xf8, 0x00, 0xf8, 0xfc, 0xf8, 0x00,
    0xf8, 0xfc, 0xf8, 0x00, 0xf8, 0xfc, 0xf8, 0x00, 0xf8, 0xfc, 0xf8, 0x00,
    0xf8, 0xfc, 0xf8, 0x00, 0xf8, 0xfc, 0xf8, 0x00, 0xf8, 0xfc, 0xf8, 0x00,
    0xf8, 0xfc, 0xf8, 0x00, 0xf8, 0xfc, 0xf8, 0x00, 0xf8, 0xfc, 0xf8, 0x00,
    0xf8, 0xfc, 0xf8, 0x00, 0xf8, 0xfc, 0xf8, 0x00, 0xf8, 0xfc, 0xf8, 0x00,
    0xf8, 0xfc, 0xf8, 0x00, 0xf8, 0xfc, 0xf8, 0x00, 0xf8, 0xfc, 0xf8, 0x00,
    0xf8, 0xfc, 0xf8, 0x00, 0xf8, 0xfc, 0xf8, 0x00, 0xf8, 0xfc, 0xf8, 0x00,
    0xf8, 0xfc, 0xf8, 0x00, 0xf8, 0xfc, 0xf8, 0x00, 0xf8, 0xfc, 0xf8, 0x00,
    0xf8, 0xfc, 0xf8, 0x00, 0xf8, 0xfc, 0xf8, 0x00, 0xf8, 0xfc, 0xf8, 0x00,
    0xf8, 0xfc, 0xf8, 0x00, 0xf8, 0xfc, 0xf8, 0x00, 0xf8, 0xfc, 0xf8, 0x00,
    0xf8, 0xfc, 0xf8, 0x00, 0xf8, 0xfc, 0xf8, 0x00, 0xf8, 0xfc, 0xf8, 0x00,
    0xf8, 0xfc, 0xf8, 0x00, 0xf8, 0xfc, 0xf8, 0x00, 0xf8, 0xfc, 0xf8, 0x00,
    0xf8, 0xfc, 0xf8, 0x00, 0xf8, 0xfc, 0xf8, 0x00, 0xf8, 0xfc, 0xf8, 0x00,
    0xf8, 0xfc, 0xf8, 0x00, 0xf8, 0xfc, 0xf8, 0x00, 0xf8, 0xfc, 0xf8, 0x00,
    0xf8, 0xfc, 0xf8, 0x00, 0xf8, 0xfc, 0xf8, 0x00, 0xf8, 0xfc, 0xf8, 0x00,
    0xf8, 0xfc, 0xf8, 0x00, 0xf8, 0xfc, 0xf8, 0x00, 0xf8, 0xfc, 0xf8, 0x00,
    0xf8, 0xfc, 0xf8, 0x00, 0xf8, 0xfc, 0xf8, 0x00, 0xf8, 0xfc, 0xf8, 0x00,
    0xf8, 0xfc, 0xf8, 0x00, 0xf8, 0xfc, 0xf8, 0x00, 0xf8, 0xfc, 0xf8, 0x00,
    0xf8, 0xfc, 0xf8, 0x00, 0xf8, 0xfc, 0xf8, 0x00, 0xf8, 0xfc, 0xf8, 0x00,
    0xf8, 0xfc, 0xf8, 0x00, 0xf8, 0xfc, 0xf8, 0x00, 0xf8, 0xfc, 0xf8, 0x00,
    0xf8, 0xfc, 0xf8, 0x00, 0xf8, 0xfc, 0xf8, 0x00, 0xf8, 0xfc, 0xf8, 0x00,
    0xf8, 0xfc, 0xf8, 0x00, 0xf8, 0xfc, 0xf8, 0x00, 0xf8, 0xfc, 0xf8, 0x00,
    0xf8, 0xfc, 0xf8, 0x00, 0xf8, 0xfc, 0xf8, 0x00, 0xf8, 0xfc, 0xf8, 0x00,
    0xf8, 0xfc, 0xf8, 0x00, 0xf8, 0xfc, 0xf8, 0x00, 0xf8, 0xfc, 0xf8, 0x00,
    0xf8, 0xfc, 0xf8, 0x00, 0xf8, 0xfc, 0xf8, 0x00, 0xf8, 0xfc, 0xf8, 0x00,
    0xf8, 0xfc, 0xf8, 0x00, 0xf8, 0xfc, 0xf8, 0x00, 0xf8, 0xfc, 0xf8, 0x00,
    0xf8, 0xfc, 0xf8, 0x00, 0xf8, 0xfc, 0xf8, 0x00, 0xf8, 0xfc, 0xf8, 0x00,
    0xf8, 0xfc, 0xf8, 0x00, 0xf8, 0xfc, 0xf8, 0x00, 0xf8, 0xfc, 0xf8, 0x00,
    0xf8, 0xfc, 0xf8, 0x00, 0xf8, 0xfc, 0xf8, 0x00, 0xf8, 0xfc, 0xf8, 0x00,
    0xf8, 0xfc, 0xf8, 0x00, 0xf8, 0xfc, 0xf8, 0x00, 0xf8, 0xfc, 0xf8, 0x00,
    0xf8, 0xfc, 0xf8, 0x00, 0xf8, 0xfc, 0xf8, 0x00, 0xf8, 0xfc, 0xf8, 0x00,
    0xf8, 0xfc, 0xf8, 0x00, 0xf8, 0xfc, 0xf8, 0x00, 0xf8, 0xfc, 0xf8, 0x00,
    0xf8, 0xfc, 0xf8, 0x00, 0xf8, 0xfc, 0xf8, 0x00, 0xf8, 0xfc, 0xf8, 0x00,
    0xf8, 0xfc, 0xf8, 0x00, 0xf8, 0xfc, 0xf8, 0x00, 0xf8, 0xfc, 0xf8, 0x00,
    0xf8, 0xfc, 0xf8, 0x00, 0xf8, 0xfc, 0xf8, 0x00, 0xf8, 0xfc, 0xf8, 0x00,
    0xf8, 0xfc, 0xf8, 0x00, 0xf8, 0xfc, 0xf8, 0x00, 0xf8, 0xfc, 0xf8, 0x00,
    0xf8, 0xfc, 0xf8, 0x00, 0xf8, 0xfc, 0xf8, 0x00, 0xf8, 0xfc, 0xf8, 0x00,
    0xf8, 0xfc, 0xf8, 0x00, 0xf8, 0xfc, 0xf8, 0x00, 0xf8, 0xfc, 0xf8, 0x00,
    0xf8, 0xfc, 0xf8, 0x00, 0xf8, 0xfc, 0xf8, 0x00, 0xf8, 0xfc, 0xf8, 0x00,
    0xf8, 0xfc, 0xf8, 0x00, 0xf8, 0xfc, 0xf8, 0x00, 0xf8, 0xfc, 0xf8, 0x00,
    0xf8, 0xfc, 0xf8, 0x00, 0xf8, 0xfc, 0xf8, 0x00, 0xf8, 0xfc, 0xf8, 0x00,
    0xf8, 0xfc, 0xf8, 0x00, 0xf8, 0xfc, 0xf8, 0x00, 0xf8, 0xfc, 0xf8, 0x00,
    0xf8, 0xfc, 0xf8, 0x00, 0xf8, 0xfc, 0xf8, 0x00, 0xf8, 0xfc, 0xf8, 0x00,
    0xf8, 0xfc, 0xf8, 0x00, 0xf8, 0xfc, 0xf8, 0x00, 0xf8, 0xfc, 0xf8, 0x00,
    0xf8, 0xfc, 0xf8, 0x00, 0xf8, 0xfc, 0xf8, 0x00, 0xf8, 0xfc, 0xf8, 0x00,
    0xf8, 0xfc, 0xf8, 0x00, 0xf8, 0xfc, 0xf8, 0x00, 0xf8, 0xfc, 0xf8, 0x00,
    0xf8, 0xfc, 0xf8, 0x00, 0xf8, 0xfc, 0xf8, 0x00, 0xf8, 0xfc, 0xf8, 0x00,
    0xf8, 0xfc, 0xf8, 0x00, 0xf8, 0xfc, 0xf8, 0x00, 0xf8, 0xfc, 0xf8, 0x00,
    0xf8, 0xfc, 0xf8, 0x00, 0xf8, 0xfc, 0xf8, 0x00, 0xf8, 0xfc, 0xf8, 0x00,
    0xf8, 0xfc, 0xf8, 0x00, 0xf8, 0xfc, 0xf8, 0x00, 0xf8, 0xfc, 0xf8, 0x00,
    0xf8, 0xfc, 0xf8, 0x00, 0xf8, 0xfc, 0xf8, 0x00, 0xf8, 0xfc, 0xf8, 0x00,
    0xf8, 0xfc, 0xf8, 0x00, 0xf8, 0xfc, 0xf8, 0x00, 0xf8, 0xfc, 0xf8, 0x00,
    0xf8, 0xfc, 0xf8, 0x00, 0xf8, 0xfc, 0xf8, 0x00, 0xf8, 0xfc, 0xf8, 0x00,
    0xf8, 0xfc, 0xf8, 0x00, 0xf8, 0xfc, 0xf8, 0x00, 0xf8, 0xfc, 0xf8, 0x00,
    0xf8, 0xfc, 0xf8, 0x00, 0xf8, 0xfc, 0xf8, 0x00, 0xf8, 0xfc, 0xf8, 0x00,
    0xf8, 0xfc, 0xf8, 0x00, 0xf8, 0xfc, 0xf8, 0x00, 0xf8, 0xfc, 0xf8, 0x00,
    0xf8, 0xfc, 0xf8, 0x00, 0xf8, 0xfc, 0xf8, 0x00, 0xf8, 0xfc, 0xf8, 0x00,
    0xf8, 0xfc, 0xf8, 0x00, 0xf8, 0xfc, 0xf8, 0x00, 0xf8, 0xfc, 0xf8, 0x00,
    0xf8, 0xfc, 0xf8, 0x00, 0xf8, 0xfc, 0xf8, 0x00, 0xf8, 0xfc, 0xf8, 0x00,
    0xf8, 0xfc, 0xf8, 0x00, 0xf8, 0xfc, 0xf8, 0x00, 0xf8, 0xfc, 0xf8, 0x00,
    0xf8, 0xfc, 0xf8, 0x00, 0xf8, 0xfc, 0xf8, 0x00, 0xf8, 0xfc, 0xf8, 0x00,
    0xf8, 0xfc, 0xf8, 0x00, 0xf8, 0xfc, 0xf8, 0x00, 0xf8, 0xfc, 0xf8, 0x00,
    0xf8, 0xfc, 0xf8, 0x00, 0xf8, 0xfc, 0xf8, 0x00, 0xf8, 0xfc, 0xf8, 0x00,
    0xf8, 0xfc, 0xf8, 0x00, 0xf8, 0xfc, 0xf8, 0x00, 0xf8, 0xfc, 0xf8, 0x00,
    0xf8, 0xfc, 0xf8, 0x00, 0xf8, 0xfc, 0xf8, 0x00, 0xf8, 0xfc, 0xf8, 0x00,
    0xf8, 0xfc, 0xf8, 0x00, 0xf8, 0xfc, 0xf8, 0x00, 0xf8, 0xfc, 0xf8, 0x00,
    0xf8, 0xfc, 0xf8, 0x00, 0xf8, 0xfc, 0xf8, 0x00, 0xf8, 0xfc, 0xf8, 0x00,
    0xf8, 0xfc, 0xf8, 0x00, 0xf8, 0xfc, 0xf8, 0x00, 0xf8, 0xfc, 0xf8, 0x00,
    0xf8, 0xfc, 0xf8, 0x00, 0xf8, 0xfc, 0xf8, 0x00, 0xf8, 0xfc, 0xf8, 0x00,
    0xf8, 0xfc, 0xf8, 0x00, 0xf8, 0xfc, 0xf8, 0x00, 0xf8, 0xfc, 0xf8, 0x00,
    0xf8, 0xfc, 0xf8, 0x00, 0xf8, 0xfc, 0xf8, 0x00, 0xf8, 0xfc, 0xf8, 0x00,
    0xf8, 0xfc, 0xf8, 0x00, 0xf8, 0xfc, 0xf8, 0x00, 0xf8, 0xfc, 0xf8, 0x00,
    0xf8, 0xfc, 0xf8, 0x00, 0xf8, 0xfc, 0xf8, 0x00, 0xf8, 0xfc, 0xf8, 0x00,
    0xf8, 0xfc, 0xf8, 0x00, 0xf8, 0xfc, 0xf8, 0x00, 0xf8, 0xfc, 0xf8, 0x00,
    0xf8, 0xfc, 0xf8, 0x00, 0xf8, 0xfc, 0xf8, 0x00, 0xf8, 0xfc, 0xf8, 0x00,
    0xf8, 0xfc, 0xf8, 0x00, 0xf8, 0xfc, 0xf8, 0x00, 0xf8, 0xfc, 0xf8, 0x00,
    0xf8, 0xfc, 0xf8, 0x00, 0xf8, 0xfc, 0xf8, 0x00, 0xf8, 0xfc, 0xf8, 0x00,
    0xf8, 0xfc, 0xf8, 0x00, 0xf8, 0xfc, 0xf8, 0x00, 0xf8, 0xfc, 0xf8, 0x00,
    0xf8, 0xfc, 0xf8, 0x00, 0xf8, 0xfc, 0xf8, 0x00, 0xf8, 0xfc, 0xf8, 0x00,
    0xf8, 0xfc, 0xf8, 0x00, 0xf8, 0xfc, 0xf8, 0x00, 0xf8, 0xfc, 0xf8, 0x00,
    0xf8, 0xfc, 0xf8, 0x00, 0xf8, 0xfc, 0xf8, 0x00, 0xf8, 0xfc, 0xf8, 0x00,
    0xf8, 0xfc, 0xf8, 0x00, 0xf8, 0xfc, 0xf8, 0x00, 0xf8, 0xfc, 0xf8, 0x00,
    0xf8, 0xfc, 0xf8, 0x00, 0xf8, 0xfc, 0xf8, 0x00, 0xf8, 0xfc, 0xf8, 0x00,
    0xf8, 0xfc, 0xf8, 0x00, 0xf8, 0xfc, 0xf8, 0x00, 0xf8, 0xfc, 0xf8, 0x00,
    0xf8, 0xfc, 0xf8, 0x00, 0xf8, 0xfc, 0xf8, 0x00, 0xf8, 0xfc, 0xf8, 0x00,
    0xf8, 0xfc, 0xf8, 0x00, 0xf8, 0xfc, 0xf8, 0x00, 0xf8, 0xfc, 0xf8, 0x00,
    0xf8, 0xfc, 0xf8, 0x00, 0xf8, 0xfc, 0xf8, 0x00, 0xf8, 0xfc, 0xf8, 0x00,
    0xf8, 0xfc, 0xf8, 0x00, 0xf8, 0xfc, 0xf8, 0x00, 0xf8, 0xfc, 0xf8, 0x00,
    0xf8, 0xfc, 0xf8, 0x00, 0xf8, 0xfc, 0xf8, 0x00, 0xf8, 0xfc, 0xf8, 0x00,
    0xf8, 0xfc, 0xf8, 0x00, 0xf8, 0xfc, 0xf8, 0x00, 0xf8, 0xfc, 0xf8, 0x00,
    0xf8, 0xfc, 0xf8, 0x00, 0xf8, 0xfc, 0xf8, 0x00, 0xf8, 0xfc, 0xf8, 0x00,
    0xf8, 0xfc, 0xf8, 0x00, 0xf8, 0xfc, 0xf8, 0x00, 0xf8, 0xfc, 0xf8, 0x00,
    0xf8, 0xfc, 0xf8, 0x00, 0xf8, 0xfc, 0xf8, 0x00, 0xf8, 0xfc, 0xf8, 0x00,
    0xf8, 0xfc, 0xf8, 0x00, 0xf8, 0xfc, 0xf8, 0x00, 0xf8, 0xfc, 0xf8, 0x00,
    0xf8, 0xfc, 0xf8, 0x00, 0xf8, 0xfc, 0xf8, 0x00, 0xf8, 0xfc, 0xf8, 0x00,
    0xf8, 0xfc, 0xf8, 0x00, 0xf8, 0xfc, 0xf8, 0x00, 0xf8, 0xfc, 0xf8, 0x00,
    0xf8, 0xfc, 0xf8, 0x00, 0xf8, 0xfc, 0xf8, 0x00, 0xf8, 0xfc, 0xf8, 0x00,
    0xf8, 0xfc, 0xf8, 0x00, 0xf8, 0xfc, 0xf8, 0x00, 0xf8, 0xfc, 0xf8, 0x00,
    0xf8, 0xfc, 0xf8, 0x00, 0xf8, 0xfc, 0xf8, 0x00, 0xf8, 0xfc, 0xf8, 0x00,
    0xf8, 0xfc, 0xf8, 0x00, 0xf8, 0xfc, 0xf8, 0x00, 0xf8, 0xfc, 0xf8, 0x00,
    0xf8, 0xfc, 0xf8, 0x00, 0xf8, 0xfc, 0xf8, 0x00, 0xf8, 0xfc, 0xf8, 0x00,
    0xf8, 0xfc, 0xf8, 0x00, 0xf8, 0xfc, 0xf8, 0x00, 0xf8, 0xfc, 0xf8, 0x00,
    0xf8, 0xfc, 0xf8, 0x00, 0xf8, 0xfc, 0xf8, 0x00, 0xf8, 0xfc, 0xf8, 0x00,
    0xf8, 0xfc, 0xf8, 0x00, 0xf8, 0xfc, 0xf8, 0x00, 0xf8, 0xfc, 0xf8, 0x00,
    0xf8, 0xfc, 0xf8, 0x00, 0xf8, 0xfc, 0xf8, 0x00, 0xf8, 0xfc, 0xf8, 0x00,
    0xf8, 0xfc, 0xf8, 0x00, 0xf8, 0xfc, 0xf8, 0x00, 0xf8, 0xfc, 0xf8, 0x00,
    0xf8, 0xfc, 0xf8, 0x00, 0xf8, 0xfc, 0xf8, 0x00, 0xf8, 0xfc, 0xf8, 0x00,
    0xf8, 0xfc, 0xf8, 0x00, 0xf8, 0xfc, 0xf8, 0x00, 0xf8, 0xfc, 0xf8, 0x00,
    0xf8, 0xfc, 0xf8, 0x00, 0xf8, 0xfc, 0xf8, 0x00, 0xf8, 0xfc, 0xf8, 0x00,
    0xf8, 0xfc, 0xf8, 0x00, 0xf8, 0xfc, 0xf8, 0x00, 0xf8, 0xfc, 0xf8, 0x00,
    0xf8, 0xfc, 0xf8, 0x00, 0xf8, 0xfc, 0xf8, 0x00, 0xf8, 0xfc, 0xf8, 0x00,
    0xf8, 0xfc, 0xf8, 0x00, 0xf8, 0xfc, 0xf8, 0x00, 0xf8, 0xfc, 0xf8, 0x00,
    0xf8, 0xfc, 0xf8, 0x00, 0xf8, 0xfc, 0xf8, 0x00, 0xf8, 0xfc, 0xf8, 0x00,
    0xf8, 0xfc, 0xf8, 0x00, 0xf8, 0xfc, 0xf8, 0x00, 0xf8, 0xfc, 0xf8, 0x00,
    0xf8, 0xfc, 0xf8, 0x00, 0xf8, 0xfc, 0xf8, 0x00, 0xf8, 0xfc, 0xf8, 0x00,
    0xf8, 0xfc, 0xf8, 0x00, 0xf8, 0xfc, 0xf8, 0x00, 0xf8, 0xfc, 0xf8, 0x00,
    0xf8, 0xfc, 0xf8, 0x00, 0xf8, 0xfc, 0xf8, 0x00, 0xf8, 0xfc, 0xf8, 0x00,
    0xf8, 0xfc, 0xf8, 0x00, 0xf8, 0xfc, 0xf8, 0x00, 0xf8, 0xfc, 0xf8, 0x00,
    0xf8, 0xfc, 0xf8, 0x00, 0xf8, 0xfc, 0xf8, 0x00, 0xf8, 0xfc, 0xf8, 0x00,
    0xf8, 0xfc, 0xf8, 0x00, 0xf8, 0xfc, 0xf8, 0x00, 0xf8, 0xfc, 0xf8, 0x00,
    0xf8, 0xfc, 0xf8, 0x00, 0xf8, 0xfc, 0xf8, 0x00, 0xf8, 0xfc, 0xf8, 0x00,
    0xf8, 0xfc, 0xf8, 0x00, 0xf8, 0xfc, 0xf8, 0x00, 0xf8, 0xfc, 0xf8, 0x00,
    0xf8, 0xfc, 0xf8, 0x00, 0xf8, 0xfc, 0xf8, 0x00, 0xf8, 0xfc, 0xf8, 0x00,
    0xf8, 0xfc, 0xf8, 0x00, 0xf8, 0xfc, 0xf8, 0x00, 0xf8, 0xfc, 0xf8, 0x00,
    0xf8, 0xfc, 0xf8, 0x00, 0xf8, 0xfc, 0xf8, 0x00, 0xf8, 0xfc, 0xf8, 0x00,
    0xf8, 0xfc, 0xf8, 0x00, 0xf8, 0xfc, 0xf8, 0x00, 0xf8, 0xfc, 0xf8, 0x00,
    0xf8, 0xfc, 0xf8, 0x00, 0xf8, 0xfc, 0xf8, 0x00, 0xf8, 0xfc, 0xf8, 0x00,
    0xf8, 0xfc, 0xf8, 0x00, 0xf8, 0xfc, 0xf8, 0x00, 0xf8, 0xfc, 0xf8, 0x00,
    0xf8, 0xfc, 0xf8, 0x00, 0xf8, 0xfc, 0xf8, 0x00, 0xf8, 0xfc, 0xf8, 0x00,
    0xf8, 0xfc, 0xf8, 0x00, 0xf8, 0xfc, 0xf8, 0x00, 0xf8, 0xfc, 0xf8, 0x00,
    0xf8, 0xfc, 0xf8, 0x00, 0xf8, 0xfc, 0xf8, 0x00, 0xf8, 0xfc, 0xf8, 0x00,
    0xf8, 0xfc, 0xf8, 0x00, 0xf8, 0xfc, 0xf8, 0x00, 0xf8, 0xfc, 0xf8, 0x00,
    0xf8, 0xfc, 0xf8, 0x00, 0xf8, 0xfc, 0xf8, 0x00, 0xf8, 0xfc, 0xf8, 0x00,
    0xf8, 0xfc, 0xf8, 0x00, 0xf8, 0xfc, 0xf8, 0x00, 0xf8, 0xfc, 0xf8, 0x00,
    0xf8, 0xfc, 0xf8, 0x00, 0xf8, 0xfc, 0xf8, 0x00, 0xf8, 0xfc, 0xf8, 0x00,
    0xf8, 0xfc, 0xf8, 0x00, 0xf8, 0xfc, 0xf8, 0x00, 0xf8, 0xfc, 0xf8, 0x00,
    0xf8, 0xfc, 0xf8, 0x00, 0xf8, 0xfc, 0xf8, 0x00, 0xf8, 0xfc, 0xf8, 0x00,
    0xf8, 0xfc, 0xf8, 0x00, 0xf8, 0xfc, 0xf8, 0x00, 0xf8, 0xfc, 0xf8, 0x00,
    0xf8, 0xfc, 0xf8, 0x00, 0xf8, 0xfc, 0xf8, 0x00, 0xf8, 0xfc, 0xf8, 0x00,
    0xf8, 0xfc, 0xf8, 0x00, 0xf8, 0xfc, 0xf8, 0x00, 0xf8, 0xfc, 0xf8, 0x00,
    0xf8, 0xfc, 0xf8, 0x00, 0xf8, 0xfc, 0xf8, 0x00, 0xf8, 0xfc, 0xf8, 0x00,
    0xf8, 0xfc, 0xf8, 0x00, 0xf8, 0xfc, 0xf8, 0x00, 0xf8, 0xfc, 0xf8, 0x00,
    0xf8, 0xfc, 0xf8, 0x00, 0xf8, 0xfc, 0xf8, 0x00, 0xf8, 0xfc, 0xf8, 0x00,
    0xf8, 0xfc, 0xf8, 0x00, 0xf8, 0xfc, 0xf8, 0x00, 0xf8, 0xfc, 0xf8, 0x00,
    0xf8, 0xfc, 0xf8, 0x00, 0xf8, 0xfc, 0xf8, 0x00, 0xf8, 0xfc, 0xf8, 0x00,
    0xf8, 0xfc, 0xf8, 0x00, 0xf8, 0xfc, 0xf8, 0x00, 0xf8, 0xfc, 0xf8, 0x00,
    0xf8, 0xfc, 0xf8, 0x00, 0xf8, 0xfc, 0xf8, 0x00, 0xf8, 0xfc, 0xf8, 0x00,
    0xf8, 0xfc, 0xf8, 0x00, 0xf8, 0xfc, 0xf8, 0x00, 0xf8, 0xfc, 0xf8, 0x00,
    0xf8, 0xfc, 0xf8, 0x00, 0xf8, 0xfc, 0xf8, 0x00, 0xf8, 0xfc, 0xf8, 0x00,
    0xf8, 0xfc, 0xf8, 0x00, 0xf8, 0xfc, 0xf8, 0x00, 0xf8, 0xfc, 0xf8, 0x00,
    0xf8, 0xfc, 0xf8, 0x00, 0xf8, 0xfc, 0xf8, 0x00, 0xf8, 0xfc, 0xf8, 0x00,
    0xf8, 0xfc, 0xf8, 0x00, 0xf8, 0xfc, 0xf8, 0x00, 0xf8, 0xfc, 0xf8, 0x00,
    0xf8, 0xfc, 0xf8, 0x00, 0xf8, 0xfc, 0xf8, 0x00, 0xf8, 0xfc, 0xf8, 0x00,
    0xf8, 0xfc, 0xf8, 0x00, 0xf8, 0xfc, 0xf8, 0x00, 0xf8, 0xfc, 0xf8, 0x00,
    0xf8, 0xfc, 0xf8, 0x00, 0xf8, 0xfc, 0xf8, 0x00, 0xf8, 0xfc, 0xf8, 0x00,
    0xf8, 0xfc, 0xf8, 0x00, 0xf8, 0xfc, 0xf8, 0x00, 0xf8, 0xfc, 0xf8, 0x00,
    0xf8, 0xfc, 0xf8, 0x00, 0xf8, 0xfc, 0xf8, 0x00, 0xf8, 0xfc, 0xf8, 0x00,
    0xf8, 0xfc, 0xf8, 0x00, 0xf8, 0xfc, 0xf8, 0x00, 0xf8, 0xfc, 0xf8, 0x00,
    0xf8, 0xfc, 0xf8, 0x00, 0xf8, 0xfc, 0xf8, 0x00, 0xf8, 0xfc, 0xf8, 0x00,
    0xf8, 0xfc, 0xf8, 0x00, 0xf8, 0xfc, 0xf8, 0x00, 0xf8, 0xfc, 0xf8, 0x00,
    0xf8, 0xfc, 0xf8, 0x00, 0xf8, 0xfc, 0xf8, 0x00, 0xf8, 0xfc, 0xf8, 0x00,
    0xf8, 0xfc, 0xf8, 0x00, 0xf8, 0xfc, 0xf8, 0x00, 0xf8, 0xfc, 0xf8, 0x00,
    0xf8, 0xfc, 0xf8, 0x00, 0xf8, 0xfc, 0xf8, 0x00, 0xf8, 0xfc, 0xf8, 0x00,
    0xf8, 0xfc, 0xf8, 0x00, 0xf8, 0xfc, 0xf8, 0x00, 0xf8, 0xfc, 0xf8, 0x00,
    0xf8, 0xfc, 0xf8, 0x00, 0xf8, 0xfc, 0xf8, 0x00, 0xf8, 0xfc, 0xf8, 0x00,
    0xf8, 0xfc, 0xf8, 0x00, 0xf8, 0xfc, 0xf8, 0x00, 0xf8, 0xfc, 0xf8, 0x00,
    0xf8, 0xfc, 0xf8, 0x00, 0xf8, 0xfc, 0xf8, 0x00, 0xf8, 0xfc, 0xf8, 0x00,
    0xf8, 0xfc, 0xf8, 0x00, 0xf8, 0xfc, 0xf8, 0x00, 0xf8, 0xfc, 0xf8, 0x00,
    0xf8, 0xfc, 0xf8, 0x00, 0xf8, 0xfc, 0xf8, 0x00, 0xf8, 0xfc, 0xf8, 0x00,
    0xf8, 0xfc, 0xf8, 0x00, 0xf8, 0xfc, 0xf8, 0x00, 0xf8, 0xfc, 0xf8, 0x00,
    0xf8, 0xfc, 0xf8, 0x00, 0xf8, 0xfc, 0xf8, 0x00, 0xf8, 0xfc, 0xf8, 0x00,
    0xf8, 0xfc, 0xf8, 0x00, 0xf8, 0xfc, 0xf8, 0x00, 0xf8, 0xfc, 0xf8, 0x00,
    0xf8, 0xfc, 0xf8, 0x00, 0xf8, 0xfc, 0xf8, 0x00, 0xf8, 0xfc, 0xf8, 0x00,
    0xf8, 0xfc, 0xf8, 0x00, 0xf8, 0xfc, 0xf8, 0x00, 0xf8, 0xfc, 0xf8, 0x00,
    0xf8, 0xfc, 0xf8, 0x00, 0xf8, 0xfc, 0xf8, 0x00, 0xf8, 0xfc, 0xf8, 0x00,
    0xf8, 0xfc, 0xf8, 0x00, 0xf8, 0xfc, 0xf8, 0x00, 0xf8, 0xfc, 0xf8, 0x00,
    0xf8, 0xfc, 0xf8, 0x00, 0xf8, 0xfc, 0xf8, 0x00, 0xf8, 0xfc, 0xf8, 0x00,
    0xf8, 0xfc, 0xf8, 0x00, 0xf8, 0xfc, 0xf8, 0x00, 0xf8, 0xfc, 0xf8, 0x00,
    0xf8, 0xfc, 0xf8, 0x00, 0xf8, 0xfc, 0xf8, 0x00, 0xf8, 0xfc, 0xf8, 0x00,
    0xf8, 0xfc, 0xf8, 0x00, 0xf8, 0xfc, 0xf8, 0x00, 0xf8, 0xfc, 0xf8, 0x00,
    0xf8, 0xfc, 0xf8, 0x00, 0xf8, 0xfc, 0xf8, 0x00, 0xf8, 0xfc, 0xf8, 0x00,
    0xf8, 0xfc, 0xf8, 0x00, 0xf8, 0xfc, 0xf8, 0x00, 0xf8, 0xfc, 0xf8, 0x00,
    0xf8, 0xfc, 0xf8, 0x00, 0xf8, 0xfc, 0xf8, 0x00, 0xf8, 0xfc, 0xf8, 0x00,
    0xf8, 0xfc, 0xf8, 0x00, 0xf8, 0xfc, 0xf8, 0x00, 0xf8, 0xfc, 0xf8, 0x00,
    0xf8, 0xfc, 0xf8, 0x00, 0xf8, 0xfc, 0xf8, 0x00, 0xf8, 0xfc, 0xf8, 0x00,
    0xf8, 0xfc, 0xf8, 0x00, 0xf8, 0xfc, 0xf8, 0x00, 0xf8, 0xfc, 0xf8, 0x00,
    0xf8, 0xfc, 0xf8, 0x00, 0xf8, 0xfc, 0xf8, 0x00, 0xf8, 0xfc, 0xf8, 0x00,
    0xf8, 0xfc, 0xf8, 0x00, 0xf8, 0xfc, 0xf8, 0x00, 0xf8, 0xfc, 0xf8, 0x00,
    0xf8, 0xfc, 0xf8, 0x00, 0xf8, 0xfc, 0xf8, 0x00, 0xf8, 0xfc, 0xf8, 0x00,
    0xf8, 0xfc, 0xf8, 0x00, 0xf8, 0xfc, 0xf8, 0x00, 0xf8, 0xfc, 0xf8, 0x00,
    0xf8, 0xfc, 0xf8, 0x00, 0xf8, 0xfc, 0xf8, 0x00, 0xf8, 0xfc, 0xf8, 0x00,
    0xf8, 0xfc, 0xf8, 0x00, 0xf8, 0xfc, 0xf8, 0x00, 0xf8, 0xfc, 0xf8, 0x00,
    0xf8, 0xfc, 0xf8, 0x00, 0xf8, 0xfc, 0xf8, 0x00, 0xf8, 0xfc, 0xf8, 0x00,
    0xf8, 0xfc, 0xf8, 0x00, 0xf8, 0xfc, 0xf8, 0x00, 0xf8, 0xfc, 0xf8, 0x00,
    0xf8, 0xfc, 0xf8, 0x00, 0xf8, 0xfc, 0xf8, 0x00, 0xf8, 0xfc, 0xf8, 0x00,
    0xf8, 0xfc, 0xf8, 0x00, 0xf8, 0xfc, 0xf8, 0x00, 0xf8, 0xfc, 0xf8, 0x00,
    0xf8, 0xfc, 0xf8, 0x00, 0xf8, 0xfc, 0xf8, 0x00, 0xf8, 0xfc, 0xf8, 0x00,
    0xf8, 0xfc, 0xf8, 0x00, 0xf8, 0xfc, 0xf8, 0x00, 0xf8, 0xfc, 0xf8, 0x00,
    0xf8, 0xfc, 0xf8, 0x00, 0xf8, 0xfc, 0xf8, 0x00, 0xf8, 0xfc, 0xf8, 0x00,
    0xf8, 0xfc, 0xf8, 0x00, 0xf8, 0xfc, 0xf8, 0x00, 0xf8, 0xfc, 0xf8, 0x00,
    0xf8, 0xfc, 0xf8, 0x00, 0xf8, 0xfc, 0xf8, 0x00, 0xf8, 0xfc, 0xf8, 0x00,
    0xf8, 0xfc, 0xf8, 0x00, 0xf8, 0xfc, 0xf8, 0x00, 0xf8, 0xfc, 0xf8, 0x00,
    0xf8, 0xfc, 0xf8, 0x00, 0xf8, 0xfc, 0xf8, 0x00, 0xf8, 0xfc, 0xf8, 0x00,
    0xf8, 0xfc, 0xf8, 0x00, 0xf8, 0xfc, 0xf8, 0x00, 0xf8, 0xfc, 0xf8, 0x00,
    0xf8, 0xfc, 0xf8, 0x00, 0xf8, 0xfc, 0xf8, 0x00, 0xf8, 0xfc, 0xf8, 0x00,
    0xf8, 0xfc, 0xf8, 0x00, 0xf8, 0xfc, 0xf8, 0x00, 0xf8, 0xfc, 0xf8, 0x00,
    0xf8, 0xfc, 0xf8, 0x00, 0xf8, 0xfc, 0xf8, 0x00, 0xf8, 0xfc, 0xf8, 0x00,
    0xf8, 0xfc, 0xf8, 0x00, 0xf8, 0xfc, 0xf8, 0x00, 0xf8, 0xfc, 0xf8, 0x00,
    0xf8, 0xfc, 0xf8, 0x00, 0xf8, 0xfc, 0xf8, 0x00, 0xf8, 0xfc, 0xf8, 0x00,
    0xf8, 0xfc, 0xf8, 0x00, 0xf8, 0xfc, 0xf8, 0x00, 0xf8, 0xfc, 0xf8, 0x00,
    0xf8, 0xfc, 0xf8, 0x00, 0xf8, 0xfc, 0xf8, 0x00, 0xf8, 0xfc, 0xf8, 0x00,
    0xf8, 0xfc, 0xf8, 0x00, 0xf8, 0xfc, 0xf8, 0x00, 0xf8, 0xfc, 0xf8, 0x00,
    0xf8, 0xfc, 0xf8, 0x00, 0xf8, 0xfc, 0xf8, 0x00, 0xf8, 0xfc, 0xf8, 0x00,
    0xf8, 0xfc, 0xf8, 0x00, 0xf8, 0xfc, 0xf8, 0x00, 0xf8, 0xfc, 0xf8, 0x00,
    0xf8, 0xfc, 0xf8, 0x00, 0xf8, 0xfc, 0xf8, 0x00, 0xf8, 0xfc, 0xf8, 0x00,
    0xf8, 0xfc, 0xf8, 0x00, 0xf8, 0xfc, 0xf8, 0x00, 0xf8, 0xfc, 0xf8, 0x00,
    0xf8, 0xfc, 0xf8, 0x00, 0xf8, 0xfc, 0xf8, 0x00, 0xf8, 0xfc, 0xf8, 0x00,
    0xf8, 0xfc, 0xf8, 0x00, 0xf8, 0xfc, 0xf8, 0x00, 0xf8, 0xfc, 0xf8, 0x00,
    0xf8, 0xfc, 0xf8, 0x00, 0xf8, 0xfc, 0xf8, 0x00, 0xf8, 0xfc, 0xf8, 0x00,
    0xf8, 0xfc, 0xf8, 0x00, 0xf8, 0xfc, 0xf8, 0x00, 0xf8, 0xfc, 0xf8, 0x00,
    0xf8, 0xfc, 0xf8, 0x00, 0xf8, 0xfc, 0xf8, 0x00, 0xf8, 0xfc, 0xf8, 0x00,
    0xf8, 0xfc, 0xf8, 0x00, 0xf8, 0xfc, 0xf8, 0x00, 0xf8, 0xfc, 0xf8, 0x00,
    0xf8, 0xfc, 0xf8, 0x00, 0xf8, 0xfc, 0xf8, 0x00, 0xf8, 0xfc, 0xf8, 0x00,
    0xf8, 0xfc, 0xf8, 0x00, 0xf8, 0xfc, 0xf8, 0x00, 0xf8, 0xfc, 0xf8, 0x00,
    0xf8, 0xfc, 0xf8, 0x00, 0xf8, 0xfc, 0xf8, 0x00, 0xf8, 0xfc, 0xf8, 0x00,
    0xf8, 0xfc, 0xf8, 0x00, 0xf8, 0xfc, 0xf8, 0x00, 0xf8, 0xfc, 0xf8, 0x00,
    0xf8, 0xfc, 0xf8, 0x00, 0xf8, 0xfc, 0xf8, 0x00, 0xf8, 0xfc, 0xf8, 0x00,
    0xf8, 0xfc, 0xf8, 0x00, 0xf8, 0xfc, 0xf8, 0x00, 0xf8, 0xfc, 0xf8, 0x00,
    0xf8, 0xfc, 0xf8, 0x00, 0xf8, 0xfc, 0xf8, 0x00, 0xf8, 0xfc, 0xf8, 0x00,
    0xf8, 0xfc, 0xf8, 0x00, 0xf8, 0xfc, 0xf8, 0x00, 0xf8, 0xfc, 0xf8, 0x00,
    0xf8, 0xfc, 0xf8, 0x00, 0xf8, 0xfc, 0xf8, 0x00, 0xf8, 0xfc, 0xf8, 0x00,
    0xf8, 0xfc, 0xf8, 0x00, 0xf8, 0xfc, 0xf8, 0x00, 0xf8, 0xfc, 0xf8, 0x00,
    0xf8, 0xfc, 0xf8, 0x00, 0xf8, 0xfc, 0xf8, 0x00, 0xf8, 0xfc, 0xf8, 0x00,
    0xf8, 0xfc, 0xf8, 0x00, 0xf8, 0xfc, 0xf8, 0x00, 0xf8, 0xfc, 0xf8, 0x00,
    0xf8, 0xfc, 0xf8, 0x00, 0xf8, 0xfc, 0xf8, 0x00, 0xf8, 0xfc, 0xf8, 0x00,
    0xf8, 0xfc, 0xf8, 0x00, 0xf8, 0xfc, 0xf8, 0x00, 0xf8, 0xfc, 0xf8, 0x00,
    0xf8, 0xfc, 0xf8, 0x00, 0xf8, 0xfc, 0xf8, 0x00, 0xf8, 0xfc, 0xf8, 0x00,
    0xf8, 0xfc, 0xf8, 0x00, 0xf8, 0xfc, 0xf8, 0x00, 0xf8, 0xfc, 0xf8, 0x00,
    0xf8, 0xfc, 0xf8, 0x00, 0xf8, 0xfc, 0xf8, 0x00, 0xf8, 0xfc, 0xf8, 0x00,
    0xf8, 0xfc, 0xf8, 0x00, 0xf8, 0xfc, 0xf8, 0x00, 0xf8, 0xfc, 0xf8, 0x00,
    0xf8, 0xfc, 0xf8, 0x00, 0xf8, 0xfc, 0xf8, 0x00, 0xf8, 0xfc, 0xf8, 0x00,
    0xf8, 0xfc, 0xf8, 0x00, 0xf8, 0xfc, 0xf8, 0x00, 0xf8, 0xfc, 0xf8, 0x00,
    0xf8, 0xfc, 0xf8, 0x00, 0xf8, 0xfc, 0xf8, 0x00, 0xf8, 0xfc, 0xf8, 0x00,
    0xf8, 0xfc, 0xf8, 0x00, 0xf8, 0xfc, 0xf8, 0x00, 0xf8, 0xfc, 0xf8, 0x00,
    0xf8, 0xfc, 0xf8, 0x00, 0xf8, 0xfc, 0xf8, 0x00, 0xf8, 0xfc, 0xf8, 0x00,
    0xf8, 0xfc, 0xf8, 0x00, 0xf8, 0xfc, 0xf8, 0x00, 0xf8, 0xfc, 0xf8, 0x00,
    0xf8, 0xfc, 0xf8, 0x00, 0xf8, 0xfc, 0xf8, 0x00, 0xf8, 0xfc, 0xf8, 0x00,
    0xf8, 0xfc, 0xf8, 0x00, 0xf8, 0xfc, 0xf8, 0x00, 0xf8, 0xfc, 0xf8, 0x00,
    0xf8, 0xfc, 0xf8, 0x00, 0xf8, 0xfc, 0xf8, 0x00, 0xf8, 0xfc, 0xf8, 0x00,
    0xf8, 0xfc, 0xf8, 0x00, 0xf8, 0xfc, 0xf8, 0x00, 0xf8, 0xfc, 0xf8, 0x00,
    0xf8, 0xfc, 0xf8, 0x00, 0xf8, 0xfc, 0xf8, 0x00, 0xf8, 0xfc, 0xf8, 0x00,
    0xf8, 0xfc, 0xf8, 0x00, 0xf8, 0xfc, 0xf8, 0x00, 0xf8, 0xfc, 0xf8, 0x00,
    0xf8, 0xfc, 0xf8, 0x00, 0xf8, 0xfc, 0xf8, 0x00, 0xf8, 0xfc, 0xf8, 0x00,
    0xf8, 0xfc, 0xf8, 0x00, 0xf8, 0xfc, 0xf8, 0x00, 0xf8, 0xfc, 0xf8, 0x00,
    0xf8, 0xfc, 0xf8, 0x00, 0xf8, 0xfc, 0xf8, 0x00, 0xf8, 0xfc, 0xf8, 0x00,
    0xf8, 0xfc, 0xf8, 0x00, 0xf8, 0xfc, 0xf8, 0x00, 0xf8, 0xfc, 0xf8, 0x00,
    0xf8, 0xfc, 0xf8, 0x00, 0xf8, 0xfc, 0xf8, 0x00, 0xf8, 0xfc, 0xf8, 0x00,
    0xf8, 0xfc, 0xf8, 0x00, 0xf8, 0xfc, 0xf8, 0x00, 0xf8, 0xfc, 0xf8, 0x00,
    0xf8, 0xfc, 0xf8, 0x00, 0xf8, 0xfc, 0xf8, 0x00, 0xf8, 0xfc, 0xf8, 0x00,
    0xf8, 0xfc, 0xf8, 0x00, 0xf8, 0xfc, 0xf8, 0x00, 0xf8, 0xfc, 0xf8, 0x00,
    0xf8, 0xfc, 0xf8, 0x00, 0xf8, 0xfc, 0xf8, 0x00, 0xf8, 0xfc, 0xf8, 0x00,
    0xf8, 0xfc, 0xf8, 0x00, 0xf8, 0xfc, 0xf8, 0x00, 0xf8, 0xfc, 0xf8, 0x00,
    0xf8, 0xfc, 0xf8, 0x00, 0xf8, 0xfc, 0xf8, 0x00, 0xf8, 0xfc, 0xf8, 0x00,
    0xf8, 0xfc, 0xf8, 0x00, 0xf8, 0xfc, 0xf8, 0x00, 0xf8, 0xfc, 0xf8, 0x00,
    0xf8, 0xfc, 0xf8, 0x00, 0xf8, 0xfc, 0xf8, 0x00, 0xf8, 0xfc, 0xf8, 0x00,
    0xf8, 0xfc, 0xf8, 0x00, 0xf8, 0xfc, 0xf8, 0x00, 0xf8, 0xfc, 0xf8, 0x00,
    0xf8, 0xfc, 0xf8, 0x00, 0xf8, 0xfc, 0xf8, 0x00, 0xf8, 0xfc, 0xf8, 0x00,
    0xf8, 0xfc, 0xf8, 0x00, 0xf8, 0xfc, 0xf8, 0x00, 0xf8, 0xfc, 0xf8, 0x00,
    0xf8, 0xfc, 0xf8, 0x00, 0xf8, 0xfc, 0xf8, 0x00, 0xf8, 0xfc, 0xf8, 0x00,
    0xf8, 0xfc, 0xf8, 0x00, 0xf8, 0xfc, 0xf8, 0x00, 0xf8, 0xfc, 0xf8, 0x00,
    0xf8, 0xfc, 0xf8, 0x00, 0xf8, 0xfc, 0xf8, 0x00, 0xf8, 0xfc, 0xf8, 0x00,
    0xf8, 0xfc, 0xf8, 0x00, 0xf8, 0xfc, 0xf8, 0x00, 0xf8, 0xfc, 0xf8, 0x00,
    0xf8, 0xfc, 0xf8, 0x00, 0xf8, 0xfc, 0xf8, 0x00, 0xf8, 0xfc, 0xf8, 0x00,
    0xf8, 0xfc, 0xf8, 0x00, 0xf8, 0xfc, 0xf8, 0x00, 0xf8, 0xfc, 0xf8, 0x00,
    0xf8, 0xfc, 0xf8, 0x00, 0xf8, 0xfc, 0xf8, 0x00, 0xf8, 0xfc, 0xf8, 0x00,
    0xf8, 0xfc, 0xf8, 0x00, 0xf8, 0xfc, 0xf8, 0x00, 0xf8, 0xfc, 0xf8, 0x00,
    0xf8, 0xfc, 0xf8, 0x00, 0xf8, 0xfc, 0xf8, 0x00, 0xf8, 0xfc, 0xf8, 0x00,
    0xf8, 0xfc, 0xf8, 0x00, 0xf8, 0xfc, 0xf8, 0x00, 0xf8, 0xfc, 0xf8, 0x00,
    0xf8, 0xfc, 0xf8, 0x00, 0xf8, 0xfc, 0xf8, 0x00, 0xf8, 0xfc, 0xf8, 0x00,
    0xf8, 0xfc, 0xf8, 0x00, 0xf8, 0xfc, 0xf8, 0x00, 0xf8, 0xfc, 0xf8, 0x00,
    0xf8, 0xfc, 0xf8, 0x00, 0xf8, 0xfc, 0xf8, 0x00, 0xf8, 0xfc, 0xf8, 0x00,
    0xf8, 0xfc, 0xf8, 0x00, 0xf8, 0xfc, 0xf8, 0x00, 0xf8, 0xfc, 0xf8, 0x00,
    0xf8, 0xfc, 0xf8, 0x00, 0xf8, 0xfc, 0xf8, 0x00, 0xf8, 0xfc, 0xf8, 0x00,
    0xf8, 0xfc, 0xf8, 0x00, 0xf8, 0xfc, 0xf8, 0x00, 0xf8, 0xfc, 0xf8, 0x00,
    0xf8, 0xfc, 0xf8, 0x00, 0xf8, 0xfc, 0xf8, 0x00, 0xf8, 0xfc, 0xf8, 0x00,
    0xf8, 0xfc, 0xf8, 0x00, 0xf8, 0xfc, 0xf8, 0x00, 0xf8, 0xfc, 0xf8, 0x00,
    0xf8, 0xfc, 0xf8, 0x00, 0xf8, 0xfc, 0xf8, 0x00, 0xf8, 0xfc, 0xf8, 0x00,
    0xf8, 0xfc, 0xf8, 0x00, 0xf8, 0xfc, 0xf8, 0x00, 0xf8, 0xfc, 0xf8, 0x00,
    0xf8, 0xfc, 0xf8, 0x00, 0xf8, 0xfc, 0xf8, 0x00, 0xf8, 0xfc, 0xf8, 0x00,
    0xf8, 0xfc, 0xf8, 0x00, 0xf8, 0xfc, 0xf8, 0x00, 0xf8, 0xfc, 0xf8, 0x00,
    0xf8, 0xfc, 0xf8, 0x00, 0xf8, 0xfc, 0xf8, 0x00, 0xf8, 0xfc, 0xf8, 0x00,
    0xf8, 0xfc, 0xf8, 0x00, 0xf8, 0xfc, 0xf8, 0x00, 0xf8, 0xfc, 0xf8, 0x00,
    0xf8, 0xfc, 0xf8, 0x00, 0xf8, 0xfc, 0xf8, 0x00, 0xf8, 0xfc, 0xf8, 0x00,
    0xf8, 0xfc, 0xf8, 0x00, 0xf8, 0xfc, 0xf8, 0x00, 0xf8, 0xfc, 0xf8, 0x00,
    0xf8, 0xfc, 0xf8, 0x00, 0xf8, 0xfc, 0xf8, 0x00, 0xf8, 0xfc, 0xf8, 0x00,
    0xf8, 0xfc, 0xf8, 0x00, 0xf8, 0xfc, 0xf8, 0x00, 0xf8, 0xfc, 0xf8, 0x00,
    0xf8, 0xfc, 0xf8, 0x00, 0xf8, 0xfc, 0xf8, 0x00, 0xf8, 0xfc, 0xf8, 0x00,
    0xf8, 0xfc, 0xf8, 0x00, 0xf8, 0xfc, 0xf8, 0x00, 0xf8, 0xfc, 0xf8, 0x00,
    0xf8, 0xfc, 0xf8, 0x00, 0xf8, 0xfc, 0xf8, 0x00, 0xf8, 0xfc, 0xf8, 0x00,
    0xf8, 0xfc, 0xf8, 0x00, 0xf8, 0xfc, 0xf8, 0x00, 0xf8, 0xfc, 0xf8, 0x00,
    0xf8, 0xfc, 0xf8, 0x00, 0xf8, 0xfc, 0xf8, 0x00, 0xf8, 0xfc, 0xf8, 0x00,
    0xf8, 0xfc, 0xf8, 0x00, 0xf8, 0xfc, 0xf8, 0x00, 0xf8, 0xfc, 0xf8, 0x00,
    0xf8, 0xfc, 0xf8, 0x00, 0xf8, 0xfc, 0xf8, 0x00, 0xf8, 0xfc, 0xf8, 0x00,
    0xf8, 0xfc, 0xf8, 0x00, 0xf8, 0xfc, 0xf8, 0x00, 0xf8, 0xfc, 0xf8, 0x00,
    0xf8, 0xfc, 0xf8, 0x00, 0xf8, 0xfc, 0xf8, 0x00, 0xf8, 0xfc, 0xf8, 0x00,
    0xf8, 0xfc, 0xf8, 0x00, 0xf8, 0xfc, 0xf8, 0x00, 0xf8, 0xfc, 0xf8, 0x00,
    0xf8, 0xfc, 0xf8, 0x00, 0xf8, 0xfc, 0xf8, 0x00, 0xf8, 0xfc, 0xf8, 0x00,
    0xf8, 0xfc, 0xf8, 0x00, 0xf8, 0xfc, 0xf8, 0x00, 0xf8, 0xfc, 0xf8, 0x00,
    0xf8, 0xfc, 0xf8, 0x00, 0xf8, 0xfc, 0xf8, 0x00, 0xf8, 0xfc, 0xf8, 0x00,
    0xf8, 0xfc, 0xf8, 0x00, 0xf8, 0xfc, 0xf8, 0x00, 0xf8, 0xfc, 0xf8, 0x00,
    0xf8, 0xfc, 0xf8, 0x00, 0xf8, 0xfc, 0xf8, 0x00, 0xf8, 0xfc, 0xf8, 0x00,
    0xf8, 0xfc, 0xf8, 0x00, 0xf8, 0xfc, 0xf8, 0x00, 0xf8, 0xfc, 0xf8, 0x00,
    0xf8, 0xfc, 0xf8, 0x00, 0xf8, 0xfc, 0xf8, 0x00, 0xf8, 0xfc, 0xf8, 0x00,
    0xf8, 0xfc, 0xf8, 0x00, 0xf8, 0xfc, 0xf8, 0x00, 0xf8, 0xfc, 0xf8, 0x00,
    0xf8, 0xfc, 0xf8, 0x00, 0xf8, 0xfc, 0xf8, 0x00, 0xf8, 0xfc, 0xf8, 0x00,
    0xf8, 0xfc, 0xf8, 0x00, 0xf8, 0xfc, 0xf8, 0x00, 0xf8, 0xfc, 0xf8, 0x00,
    0xf8, 0xfc, 0xf8, 0x00, 0xf8, 0xfc, 0xf8, 0x00, 0xf8, 0xfc, 0xf8, 0x00,
    0xf8, 0xfc, 0xf8, 0x00, 0xf8, 0xfc, 0xf8, 0x00, 0xf8, 0xfc, 0xf8, 0x00,
    0xf8, 0xfc, 0xf8, 0x00, 0xf8, 0xfc, 0xf8, 0x00, 0xf8, 0xfc, 0xf8, 0x00,
    0xf8, 0xfc, 0xf8, 0x00, 0xf8, 0xfc, 0xf8, 0x00, 0xf8, 0xfc, 0xf8, 0x00,
    0xf8, 0xfc, 0xf8, 0x00, 0xf8, 0xfc, 0xf8, 0x00, 0xf8, 0xfc, 0xf8, 0x00,
    0xf8, 0xfc, 0xf8, 0x00, 0xf8, 0xfc, 0xf8, 0x00, 0xf8, 0xfc, 0xf8, 0x00,
    0xf8, 0xfc, 0xf8, 0x00, 0xf8, 0xfc, 0xf8, 0x00, 0xf8, 0xfc, 0xf8, 0x00,
    0xf8, 0xfc, 0xf8, 0x00, 0xf8, 0xfc, 0xf8, 0x00, 0xf8, 0xfc, 0xf8, 0x00,
    0xf8, 0xfc, 0xf8, 0x00, 0xf8, 0xfc, 0xf8, 0x00, 0xf8, 0xfc, 0xf8, 0x00,
    0xf8, 0xfc, 0xf8, 0x00, 0xf8, 0xfc, 0xf8, 0x00, 0xf8, 0xfc, 0xf8, 0x00,
    0xf8, 0xfc, 0xf8, 0x00, 0xf8, 0xfc, 0xf8, 0x00, 0xf8, 0xfc, 0xf8, 0x00,
    0xf8, 0xfc, 0xf8, 0x00, 0xf8, 0xfc, 0xf8, 0x00, 0xf8, 0xfc, 0xf8, 0x00,
    0xf8, 0xfc, 0xf8, 0x00, 0xf8, 0xfc, 0xf8, 0x00, 0xf8, 0xfc, 0xf8, 0x00,
    0xf8, 0xfc, 0xf8, 0x00, 0xf8, 0xfc, 0xf8, 0x00, 0xf8, 0xfc, 0xf8, 0x00,
    0xf8, 0xfc, 0xf8, 0x00, 0xf8, 0xfc, 0xf8, 0x00, 0xf8, 0xfc, 0xf8, 0x00,
    0xf8, 0xfc, 0xf8, 0x00, 0xf8, 0xfc, 0xf8, 0x00, 0xf8, 0xfc, 0xf8, 0x00,
    0xf8, 0xfc, 0xf8, 0x00, 0xf8, 0xfc, 0xf8, 0x00, 0xf8, 0xfc, 0xf8, 0x00,
    0xf8, 0xfc, 0xf8, 0x00, 0xf8, 0xfc, 0xf8, 0x00, 0xf8, 0xfc, 0xf8, 0x00,
    0xf8, 0xfc, 0xf8, 0x00, 0xf8, 0xfc, 0xf8, 0x00, 0xf8, 0xfc, 0xf8, 0x00,
    0xf8, 0xfc, 0xf8, 0x00, 0xf8, 0xfc, 0xf8, 0x00, 0xf8, 0xfc, 0xf8, 0x00,
    0xf8, 0xfc, 0xf8, 0x00, 0xf8, 0xfc, 0xf8, 0x00, 0xf8, 0xfc, 0xf8, 0x00,
    0xf8, 0xfc, 0xf8, 0x00, 0xf8, 0xfc, 0xf8, 0x00, 0xf8, 0xfc, 0xf8, 0x00,
    0xf8, 0xfc, 0xf8, 0x00, 0xf8, 0xfc, 0xf8, 0x00, 0xf8, 0xfc, 0xf8, 0x00,
    0xf8, 0xfc, 0xf8, 0x00, 0xf8, 0xfc, 0xf8, 0x00, 0xf8, 0xfc, 0xf8, 0x00,
    0xf8, 0xfc, 0xf8, 0x00, 0xf8, 0xfc, 0xf8, 0x00, 0xf8, 0xfc, 0xf8, 0x00,
    0xf8, 0xfc, 0xf8, 0x00, 0xf8, 0xfc, 0xf8, 0x00, 0xf8, 0xfc, 0xf8, 0x00,
    0xf8, 0xfc, 0xf8, 0x00, 0xf8, 0xfc, 0xf8, 0x00, 0xf8, 0xfc, 0xf8, 0x00,
    0xf8, 0xfc, 0xf8, 0x00, 0xf8, 0xfc, 0xf8, 0x00, 0xf8, 0xfc, 0xf8, 0x00,
    0xf8, 0xfc, 0xf8, 0x00, 0xf8, 0xfc, 0xf8, 0x00, 0xf8, 0xfc, 0xf8, 0x00,
    0xf8, 0xfc, 0xf8, 0x00, 0xf8, 0xfc, 0xf8, 0x00, 0xf8, 0xfc, 0xf8, 0x00,
    0xf8, 0xfc, 0xf8, 0x00, 0xf8, 0xfc, 0xf8, 0x00, 0xf8, 0xfc, 0xf8, 0x00,
    0xf8, 0xfc, 0xf8, 0x00, 0xf8, 0xfc, 0xf8, 0x00, 0xf8, 0xfc, 0xf8, 0x00,
    0xf8, 0xfc, 0xf8, 0x00, 0xf8, 0xfc, 0xf8, 0x00, 0xf8, 0xfc, 0xf8, 0x00,
    0xf8, 0xfc, 0xf8, 0x00, 0xf8, 0xfc, 0xf8, 0x00, 0xf8, 0xfc, 0xf8, 0x00,
    0xf8, 0xfc, 0xf8, 0x00, 0xf8, 0xfc, 0xf8, 0x00, 0xf8, 0xfc, 0xf8, 0x00,
    0xf8, 0xfc, 0xf8, 0x00, 0xf8, 0xfc, 0xf8, 0x00, 0xf8, 0xfc, 0xf8, 0x00,
    0xf8, 0xfc, 0xf8, 0x00, 0xf8, 0xfc, 0xf8, 0x00, 0xf8, 0xfc, 0xf8, 0x00,
    0xf8, 0xfc, 0xf8, 0x00, 0xf8, 0xfc, 0xf8, 0x00, 0xf8, 0xfc, 0xf8, 0x00,
    0xf8, 0xfc, 0xf8, 0x00, 0xf8, 0xfc, 0xf8, 0x00, 0xf8, 0xfc, 0xf8, 0x00,
    0xf8, 0xfc, 0xf8, 0x00, 0xf8, 0xfc, 0xf8, 0x00, 0xf8, 0xfc, 0xf8, 0x00,
    0xf8, 0xfc, 0xf8, 0x00, 0xf8, 0xfc, 0xf8, 0x00, 0xf8, 0xfc, 0xf8, 0x00,
    0xf8, 0xfc, 0xf8, 0x00, 0xf8, 0xfc, 0xf8, 0x00, 0xf8, 0xfc, 0xf8, 0x00,
    0xf8, 0xfc, 0xf8, 0x00, 0xf8, 0xfc, 0xf8, 0x00, 0xf8, 0xfc, 0xf8, 0x00,
    0xf8, 0xfc, 0xf8, 0x00, 0xf8, 0xfc, 0xf8, 0x00, 0xf8, 0xfc, 0xf8, 0x00,
    0xf8, 0xfc, 0xf8, 0x00, 0xf8, 0xfc, 0xf8, 0x00, 0xf8, 0xfc, 0xf8, 0x00,
    0xf8, 0xfc, 0xf8, 0x00, 0xf8, 0xfc, 0xf8, 0x00, 0xf8, 0xfc, 0xf8, 0x00,
    0xf8, 0xfc, 0xf8, 0x00, 0xf8, 0xfc, 0xf8, 0x00, 0xf8, 0xfc, 0xf8, 0x00,
    0xf8, 0xfc, 0xf8, 0x00, 0xf8, 0xfc, 0xf8, 0x00, 0xf8, 0xfc, 0xf8, 0x00,
    0xf8, 0xfc, 0xf8, 0x00, 0xf8, 0xfc, 0xf8, 0x00, 0xf8, 0xfc, 0xf8, 0x00,
    0xf8, 0xfc, 0xf8, 0x00, 0xf8, 0xfc, 0xf8, 0x00, 0xf8, 0xfc, 0xf8, 0x00,
    0xf8, 0xfc, 0xf8, 0x00, 0xf8, 0xfc, 0xf8, 0x00, 0xf8, 0xfc, 0xf8, 0x00,
    0xf8, 0xfc, 0xf8, 0x00, 0xf8, 0xfc, 0xf8, 0x00, 0xf8, 0xfc, 0xf8, 0x00,
    0xf8, 0xfc, 0xf8, 0x00, 0xf8, 0xfc, 0xf8, 0x00, 0xf8, 0xfc, 0xf8, 0x00,
    0xf8, 0xfc, 0xf8, 0x00, 0xf8, 0xfc, 0xf8, 0x00, 0xf8, 0xfc, 0xf8, 0x00,
    0xf8, 0xfc, 0xf8, 0x00, 0xf8, 0xfc, 0xf8, 0x00, 0xf8, 0xfc, 0xf8, 0x00,
    0xf8, 0xfc, 0xf8, 0x00, 0xf8, 0xfc, 0xf8, 0x00, 0xf8, 0xfc, 0xf8, 0x00,
    0xf8, 0xfc, 0xf8, 0x00, 0xf8, 0xfc, 0xf8, 0x00, 0xf8, 0xfc, 0xf8, 0x00,
    0xf8, 0xfc, 0xf8, 0x00, 0xf8, 0xfc, 0xf8, 0x00, 0xf8, 0xfc, 0xf8, 0x00,
    0xf8, 0xfc, 0xf8, 0x00, 0xf8, 0xfc, 0xf8, 0x00, 0xf8, 0xfc, 0xf8, 0x00,
    0xf8, 0xfc, 0xf8, 0x00, 0xf8, 0xfc, 0xf8, 0x00, 0xf8, 0xfc, 0xf8, 0x00,
    0xf8, 0xfc, 0xf8, 0x00, 0xf8, 0xfc, 0xf8, 0x00, 0xf8, 0xfc, 0xf8, 0x00,
    0xf8, 0xfc, 0xf8, 0x00, 0xf8, 0xfc, 0xf8, 0x00, 0xf8, 0xfc, 0xf8, 0x00,
    0xf8, 0xfc, 0xf8, 0x00, 0xf8, 0xfc, 0xf8, 0x00, 0xf8, 0xfc, 0xf8, 0x00,
    0xf8, 0xfc, 0xf8, 0x00, 0xf8, 0xfc, 0xf8, 0x00, 0xf8, 0xfc, 0xf8, 0x00,
    0xf8, 0xfc, 0xf8, 0x00, 0xf8, 0xfc, 0xf8, 0x00, 0xf8, 0xfc, 0xf8, 0x00,
    0xf8, 0xfc, 0xf8, 0x00, 0xf8, 0xfc, 0xf8, 0x00, 0xf8, 0xfc, 0xf8, 0x00,
    0xf8, 0xfc, 0xf8, 0x00, 0xf8, 0xfc, 0xf8, 0x00, 0xf8, 0xfc, 0xf8, 0x00,
    0xf8, 0xfc, 0xf8, 0x00, 0xf8, 0xfc, 0xf8, 0x00, 0xf8, 0xfc, 0xf8, 0x00,
    0xf8, 0xfc, 0xf8, 0x00, 0xf8, 0xfc, 0xf8, 0x00, 0xf8, 0xfc, 0xf8, 0x00,
    0xf8, 0xfc, 0xf8, 0x00, 0xf8, 0xfc, 0xf8, 0x00, 0xf8, 0xfc, 0xf8, 0x00,
    0xf8, 0xfc, 0xf8, 0x00, 0xf8, 0xfc, 0xf8, 0x00, 0xf8, 0xfc, 0xf8, 0x00,
    0xf8, 0xfc, 0xf8, 0x00, 0xf8, 0xfc, 0xf8, 0x00, 0xf8, 0xfc, 0xf8, 0x00,
    0xf8, 0xfc, 0xf8, 0x00, 0xf8, 0xfc, 0xf8, 0x00, 0xf8, 0xfc, 0xf8, 0x00,
    0xf8, 0xfc, 0xf8, 0x00, 0xf8, 0xfc, 0xf8, 0x00, 0xf8, 0xfc, 0xf8, 0x00,
    0xf8, 0xfc, 0xf8, 0x00, 0xf8, 0xfc, 0xf8, 0x00, 0xf8, 0xfc, 0xf8, 0x00,
    0xf8, 0xfc, 0xf8, 0x00, 0xf8, 0xfc, 0xf8, 0x00, 0xf8, 0xfc, 0xf8, 0x00,
    0xf8, 0xfc, 0xf8, 0x00, 0xf8, 0xfc, 0xf8, 0x00, 0xf8, 0xfc, 0xf8, 0x00,
    0xf8, 0xfc, 0xf8, 0x00, 0xf8, 0xfc, 0xf8, 0x00, 0xf8, 0xfc, 0xf8, 0x00,
    0xf8, 0xfc, 0xf8, 0x00, 0xf8, 0xfc, 0xf8, 0x00, 0xf8, 0xfc, 0xf8, 0x00,
    0xf8, 0xfc, 0xf8, 0x00, 0xf8, 0xfc, 0xf8, 0x00, 0xf8, 0xfc, 0xf8, 0x00,
    0xf8, 0xfc, 0xf8, 0x00, 0xf8, 0xfc, 0xf8, 0x00, 0xf8, 0xfc, 0xf8, 0x00,
    0xf8, 0xfc, 0xf8, 0x00, 0xf8, 0xfc, 0xf8, 0x00, 0xf8, 0xfc, 0xf8, 0x00,
    0xf8, 0xfc, 0xf8, 0x00, 0xf8, 0xfc, 0xf8, 0x00, 0xf8, 0xfc, 0xf8, 0x00,
    0xf8, 0xfc, 0xf8, 0x00, 0xf8, 0xfc, 0xf8, 0x00, 0xf8, 0xfc, 0xf8, 0x00,
    0xf8, 0xfc, 0xf8, 0x00, 0xf8, 0xfc, 0xf8, 0x00, 0xf8, 0xfc, 0xf8, 0x00,
    0xf8, 0xfc, 0xf8, 0x00, 0xf8, 0xfc, 0xf8, 0x00, 0xf8, 0xfc, 0xf8, 0x00,
    0xf8, 0xfc, 0xf8, 0x00, 0xf8, 0xfc, 0xf8, 0x00, 0xf8, 0xfc, 0xf8, 0x00,
    0xf8, 0xfc, 0xf8, 0x00, 0xf8, 0xfc, 0xf8, 0x00, 0xf8, 0xfc, 0xf8, 0x00,
    0xf8, 0xfc, 0xf8, 0x00, 0xf8, 0xfc, 0xf8, 0x00, 0xf8, 0xfc, 0xf8, 0x00,
    0xf8, 0xfc, 0xf8, 0x00, 0xf8, 0xfc, 0xf8, 0x00, 0xf8, 0xfc, 0xf8, 0x00,
    0xf8, 0xfc, 0xf8, 0x00, 0xf8, 0xfc, 0xf8, 0x00, 0xf8, 0xfc, 0xf8, 0x00,
    0xf8, 0xfc, 0xf8, 0x00, 0xf8, 0xfc, 0xf8, 0x00, 0xf8, 0xfc, 0xf8, 0x00,
    0xf8, 0xfc, 0xf8, 0x00, 0xf8, 0xfc, 0xf8, 0x00, 0xf8, 0xfc, 0xf8, 0x00,
    0xf8, 0xfc, 0xf8, 0x00, 0xf8, 0xfc, 0xf8, 0x00, 0xf8, 0xfc, 0xf8, 0x00,
    0xf8, 0xfc, 0xf8, 0x00, 0xf8, 0xfc, 0xf8, 0x00, 0xf8, 0xfc, 0xf8, 0x00,
    0xf8, 0xfc, 0xf8, 0x00, 0xf8, 0xfc, 0xf8, 0x00, 0xf8, 0xfc, 0xf8, 0x00,
    0xf8, 0xfc, 0xf8, 0x00, 0xf8, 0xfc, 0xf8, 0x00, 0xf8, 0xfc, 0xf8, 0x00,
    0xf8, 0xfc, 0xf8, 0x00, 0xf8, 0xfc, 0xf8, 0x00, 0xf8, 0xfc, 0xf8, 0x00,
    0xf8, 0xfc, 0xf8, 0x00, 0xf8, 0xfc, 0xf8, 0x00, 0xf8, 0xfc, 0xf8, 0x00,
    0xf8, 0xfc, 0xf8, 0x00, 0xf8, 0xfc, 0xf8, 0x00, 0xf8, 0xfc, 0xf8, 0x00,
    0xf8, 0xfc, 0xf8, 0x00, 0xf8, 0xfc, 0xf8, 0x00, 0xf8, 0xfc, 0xf8, 0x00,
    0xf8, 0xfc, 0xf8, 0x00, 0xf8, 0xfc, 0xf8, 0x00, 0xf8, 0xfc, 0xf8, 0x00,
    0xf8, 0xfc, 0xf8, 0x00, 0xf8, 0xfc, 0xf8, 0x00, 0xf8, 0xfc, 0xf8, 0x00,
    0xf8, 0xfc, 0xf8, 0x00, 0xf8, 0xfc, 0xf8, 0x00, 0xf8, 0xfc, 0xf8, 0x00,
    0xf8, 0xfc, 0xf8, 0x00, 0xf8, 0xfc, 0xf8, 0x00, 0xf8, 0xfc, 0xf8, 0x00,
    0xf8, 0xfc, 0xf8, 0x00, 0xf8, 0xfc, 0xf8, 0x00, 0xf8, 0xfc, 0xf8, 0x00,
    0xf8, 0xfc, 0xf8, 0x00, 0xf8, 0xfc, 0xf8, 0x00, 0xf8, 0xfc, 0xf8, 0x00,
    0xf8, 0xfc, 0xf8, 0x00, 0xf8, 0xfc, 0xf8, 0x00, 0xf8, 0xfc, 0xf8, 0x00,
    0xf8, 0xfc, 0xf8, 0x00, 0xf8, 0xfc, 0xf8, 0x00, 0xf8, 0xfc, 0xf8, 0x00,
    0xf8, 0xfc, 0xf8, 0x00, 0xf8, 0xfc, 0xf8, 0x00, 0xf8, 0xfc, 0xf8, 0x00,
    0xf8, 0xfc, 0xf8, 0x00, 0xf8, 0xfc, 0xf8, 0x00, 0xf8, 0xfc, 0xf8, 0x00,
    0xf8, 0xfc, 0xf8, 0x00, 0xf8, 0xfc, 0xf8, 0x00, 0xf8, 0xfc, 0xf8, 0x00,
    0xf8, 0xfc, 0xf8, 0x00, 0xf8, 0xfc, 0xf8, 0x00, 0xf8, 0xfc, 0xf8, 0x00,
    0xf8, 0xfc, 0xf8, 0x00, 0xf8, 0xfc, 0xf8, 0x00, 0xf8, 0xfc, 0xf8, 0x00,
    0xf8, 0xfc, 0xf8, 0x00, 0xf8, 0xfc, 0xf8, 0x00, 0xf8, 0xfc, 0xf8, 0x00,
    0xf8, 0xfc, 0xf8, 0x00, 0xf8, 0xfc, 0xf8, 0x00, 0xf8, 0xfc, 0xf8, 0x00,
    0xf8, 0xfc, 0xf8, 0x00, 0xf8, 0xfc, 0xf8, 0x00, 0xf8, 0xfc, 0xf8, 0x00,
    0xf8, 0xfc, 0xf8, 0x00, 0xf8, 0xfc, 0xf8, 0x00, 0xf8, 0xfc, 0xf8, 0x00,
    0xf8, 0xfc, 0xf8, 0x00, 0xf8, 0xfc, 0xf8, 0x00, 0xf8, 0xfc, 0xf8, 0x00,
    0xf8, 0xfc, 0xf8, 0x00, 0xf8, 0xfc, 0xf8, 0x00, 0xf8, 0xfc, 0xf8, 0x00,
    0xf8, 0xfc, 0xf8, 0x00, 0xf8, 0xfc, 0xf8, 0x00, 0xf8, 0xfc, 0xf8, 0x00,
    0xf8, 0xfc, 0xf8, 0x00, 0xf8, 0xfc, 0xf8, 0x00, 0xf8, 0xfc, 0xf8, 0x00,
    0xf8, 0xfc, 0xf8, 0x00, 0xf8, 0xfc, 0xf8, 0x00, 0xf8, 0xfc, 0xf8, 0x00,
    0xf8, 0xfc, 0xf8, 0x00, 0xf8, 0xfc, 0xf8, 0x00, 0xf8, 0xfc, 0xf8, 0x00,
    0xf8, 0xfc, 0xf8, 0x00, 0xf8, 0xfc, 0xf8, 0x00, 0xf8, 0xfc, 0xf8, 0x00,
    0xf8, 0xfc, 0xf8, 0x00, 0xf8, 0xfc, 0xf8, 0x00, 0xf8, 0xfc, 0xf8, 0x00,
    0xf8, 0xfc, 0xf8, 0x00, 0xf8, 0xfc, 0xf8, 0x00, 0xf8, 0xfc, 0xf8, 0x00,
    0xf8, 0xfc, 0xf8, 0x00, 0xf8, 0xfc, 0xf8, 0x00, 0xf8, 0xfc, 0xf8, 0x00,
    0xf8, 0xfc, 0xf8, 0x00, 0xf8, 0xfc, 0xf8, 0x00, 0xf8, 0xfc, 0xf8, 0x00,
    0xf8, 0xfc, 0xf8, 0x00, 0xf8, 0xfc, 0xf8, 0x00, 0xf8, 0xfc, 0xf8, 0x00,
    0xf8, 0xfc, 0xf8, 0x00, 0xf8, 0xfc, 0xf8, 0x00, 0xf8, 0xfc, 0xf8, 0x00,
    0xf8, 0xfc, 0xf8, 0x00, 0xf8, 0xfc, 0xf8, 0x00, 0xf8, 0xfc, 0xf8, 0x00,
    0xf8, 0xfc, 0xf8, 0x00, 0xf8, 0xfc, 0xf8, 0x00, 0xf8, 0xfc, 0xf8, 0x00,
    0xf8, 0xfc, 0xf8, 0x00, 0xf8, 0xfc, 0xf8, 0x00, 0xf8, 0xfc, 0xf8, 0x00,
    0xf8, 0xfc, 0xf8, 0x00, 0xf8, 0xfc, 0xf8, 0x00, 0xf8, 0xfc, 0xf8, 0x00,
    0xf8, 0xfc, 0xf8, 0x00, 0xf8, 0xfc, 0xf8, 0x00, 0xf8, 0xfc, 0xf8, 0x00,
    0xf8, 0xfc, 0xf8, 0x00, 0xf8, 0xfc, 0xf8, 0x00, 0xf8, 0xfc, 0xf8, 0x00,
    0xf8, 0xfc, 0xf8, 0x00, 0xf8, 0xfc, 0xf8, 0x00, 0xf8, 0xfc, 0xf8, 0x00,
    0xf8, 0xfc, 0xf8, 0x00, 0xf8, 0xfc, 0xf8, 0x00, 0xf8, 0xfc, 0xf8, 0x00,
    0xf8, 0xfc, 0xf8, 0x00, 0xf8, 0xfc, 0xf8, 0x00, 0xf8, 0xfc, 0xf8, 0x00,
    0xf8, 0xfc, 0xf8, 0x00, 0xf8, 0xfc, 0xf8, 0x00, 0xf8, 0xfc, 0xf8, 0x00,
    0xf8, 0xfc, 0xf8, 0x00, 0xf8, 0xfc, 0xf8, 0x00, 0xf8, 0xfc, 0xf8, 0x00,
    0xf8, 0xfc, 0xf8, 0x00, 0xf8, 0xfc, 0xf8, 0x00, 0xf8, 0xfc, 0xf8, 0x00,
    0xf8, 0xfc, 0xf8, 0x00, 0xf8, 0xfc, 0xf8, 0x00, 0xf8, 0xfc, 0xf8, 0x00,
    0xf8, 0xfc, 0xf8, 0x00, 0xf8, 0xfc, 0xf8, 0x00, 0xf8, 0xfc, 0xf8, 0x00,
    0xf8, 0xfc, 0xf8, 0x00, 0xf8, 0xfc, 0xf8, 0x00, 0xf8, 0xfc, 0xf8, 0x00,
    0xf8, 0xfc, 0xf8, 0x00, 0xf8, 0xfc, 0xf8, 0x00, 0xf8, 0xfc, 0xf8, 0x00,
    0xf8, 0xfc, 0xf8, 0x00, 0xf8, 0xfc, 0xf8, 0x00, 0xf8, 0xfc, 0xf8, 0x00,
    0xf8, 0xfc, 0xf8, 0x00, 0xf8, 0xfc, 0xf8, 0x00, 0xf8, 0xfc, 0xf8, 0x00,
    0xf8, 0xfc, 0xf8, 0x00, 0xf8, 0xfc, 0xf8, 0x00, 0xf8, 0xfc, 0xf8, 0x00,
    0xf8, 0xfc, 0xf8, 0x00, 0xf8, 0xfc, 0xf8, 0x00, 0xf8, 0xfc, 0xf8, 0x00,
    0xf8, 0xfc, 0xf8, 0x00, 0xf8, 0xfc, 0xf8, 0x00, 0xf8, 0xfc, 0xf8, 0x00,
    0xf8, 0xfc, 0xf8, 0x00, 0xf8, 0xfc, 0xf8, 0x00, 0xf8, 0xfc, 0xf8, 0x00,
    0xf8, 0xfc, 0xf8, 0x00, 0xf8, 0xfc, 0xf8, 0x00, 0xf8, 0xfc, 0xf8, 0x00,
    0xf8, 0xfc, 0xf8, 0x00, 0xf8, 0xfc, 0xf8, 0x00, 0xf8, 0xfc, 0xf8, 0x00,
    0xf8, 0xfc, 0xf8, 0x00, 0xf8, 0xfc, 0xf8, 0x00, 0xf8, 0xfc, 0xf8, 0x00,
    0xf8, 0xfc, 0xf8, 0x00, 0xf8, 0xfc, 0xf8, 0x00, 0xf8, 0xfc, 0xf8, 0x00,
    0xf8, 0xfc, 0xf8, 0x00, 0xf8, 0xfc, 0xf8, 0x00, 0xf8, 0xfc, 0xf8, 0x00,
    0xf8, 0xfc, 0xf8, 0x00, 0xf8, 0xfc, 0xf8, 0x00, 0xf8, 0xfc, 0xf8, 0x00,
    0xf8, 0xfc, 0xf8, 0x00, 0xf8, 0xfc, 0xf8, 0x00, 0xf8, 0xfc, 0xf8, 0x00,
    0xf8, 0xfc, 0xf8, 0x00, 0xf8, 0xfc, 0xf8, 0x00, 0xf8, 0xfc, 0xf8, 0x00,
    0xf8, 0xfc, 0xf8, 0x00, 0xf8, 0xfc, 0xf8, 0x00, 0xf8, 0xfc, 0xf8, 0x00,
    0xf8, 0xfc, 0xf8, 0x00, 0xf8, 0xfc, 0xf8, 0x00, 0xf8, 0xfc, 0xf8, 0x00,
    0xf8, 0xfc, 0xf8, 0x00, 0xf8, 0xfc, 0xf8, 0x00, 0xf8, 0xfc, 0xf8, 0x00,
    0xf8, 0xfc, 0xf8, 0x00, 0xf8, 0xfc, 0xf8, 0x00, 0xf8, 0xfc, 0xf8, 0x00,
    0xf8, 0xfc, 0xf8, 0x00, 0xf8, 0xfc, 0xf8, 0x00, 0xf8, 0xfc, 0xf8, 0x00,
    0xf8, 0xfc, 0xf8, 0x00, 0xf8, 0xfc, 0xf8, 0x00, 0xf8, 0xfc, 0xf8, 0x00,
    0xf8, 0xfc, 0xf8, 0x00, 0xf8, 0xfc, 0xf8, 0x00, 0xf8, 0xfc, 0xf8, 0x00,
    0xf8, 0xfc, 0xf8, 0x00, 0xf8, 0xfc, 0xf8, 0x00, 0xf8, 0xfc, 0xf8, 0x00,
    0xf8, 0xfc, 0xf8, 0x00, 0xf8, 0xfc, 0xf8, 0x00, 0xf8, 0xfc, 0xf8, 0x00,
    0xf8, 0xfc, 0xf8, 0x00, 0xf8, 0xfc, 0xf8, 0x00, 0xf8, 0xfc, 0xf8, 0x00,
    0xf8, 0xfc, 0xf8, 0x00, 0xf8, 0xfc, 0xf8, 0x00, 0xf8, 0xfc, 0xf8, 0x00,
    0xf8, 0xfc, 0xf8, 0x00, 0xf8, 0xfc, 0xf8, 0x00, 0xf8, 0xfc, 0xf8, 0x00,
    0xf8, 0xfc, 0xf8, 0x00, 0xf8, 0xfc, 0xf8, 0x00, 0xf8, 0xfc, 0xf8, 0x00,
    0xf8, 0xfc, 0xf8, 0x00, 0xf8, 0xfc, 0xf8, 0x00, 0xf8, 0xfc, 0xf8, 0x00,
    0xf8, 0xfc, 0xf8, 0x00, 0xf8, 0xfc, 0xf8, 0x00, 0xf8, 0xfc, 0xf8, 0x00,
    0xf8, 0xfc, 0xf8, 0x00, 0xf8, 0xfc, 0xf8, 0x00, 0xf8, 0xfc, 0xf8, 0x00,
    0xf8, 0xfc, 0xf8, 0x00, 0xf8, 0xfc, 0xf8, 0x00, 0xf8, 0xfc, 0xf8, 0x00,
    0xf8, 0xfc, 0xf8, 0x00, 0xf8, 0xfc, 0xf8, 0x00, 0xf8, 0xfc, 0xf8, 0x00,
    0xf8, 0xfc, 0xf8, 0x00, 0xf8, 0xfc, 0xf8, 0x00, 0xf8, 0xfc, 0xf8, 0x00,
    0xf8, 0xfc, 0xf8, 0x00, 0xf8, 0xfc, 0xf8, 0x00, 0xf8, 0xfc, 0xf8, 0x00,
    0xf8, 0xfc, 0xf8, 0x00, 0xf8, 0xfc, 0xf8, 0x00, 0xf8, 0xfc, 0xf8, 0x00,
    0xf8, 0xfc, 0xf8, 0x00, 0xf8, 0xfc, 0xf8, 0x00, 0xf8, 0xfc, 0xf8, 0x00,
    0xf8, 0xfc, 0xf8, 0x00, 0xf8, 0xfc, 0xf8, 0x00, 0xf8, 0xfc, 0xf8, 0x00,
    0xf8, 0xfc, 0xf8, 0x00, 0xf8, 0xfc, 0xf8, 0x00, 0xf8, 0xfc, 0xf8, 0x00,
    0xf8, 0xfc, 0xf8, 0x00, 0xf8, 0xfc, 0xf8, 0x00, 0xf8, 0xfc, 0xf8, 0x00,
    0xf8, 0xfc, 0xf8, 0x00, 0xf8, 0xfc, 0xf8, 0x00, 0xf8, 0xfc, 0xf8, 0x00,
    0xf8, 0xfc, 0xf8, 0x00, 0xf8, 0xfc, 0xf8, 0x00, 0xf8, 0xfc, 0xf8, 0x00,
    0xf8, 0xfc, 0xf8, 0x00, 0xf8, 0xfc, 0xf8, 0x00, 0xf8, 0xfc, 0xf8, 0x00,
    0xf8, 0xfc, 0xf8, 0x00, 0xf8, 0xfc, 0xf8, 0x00, 0xf8, 0xfc, 0xf8, 0x00,
    0xf8, 0xfc, 0xf8, 0x00, 0xf8, 0xfc, 0xf8, 0x00, 0xf8, 0xfc, 0xf8, 0x00,
    0xf8, 0xfc, 0xf8, 0x00, 0xf8, 0xfc, 0xf8, 0x00, 0xf8, 0xfc, 0xf8, 0x00,
    0xf8, 0xfc, 0xf8, 0x00, 0xf8, 0xfc, 0xf8, 0x00, 0xf8, 0xfc, 0xf8, 0x00,
    0xf8, 0xfc, 0xf8, 0x00, 0xf8, 0xfc, 0xf8, 0x00, 0xf8, 0xfc, 0xf8, 0x00,
    0xf8, 0xfc, 0xf8, 0x00, 0xf8, 0xfc, 0xf8, 0x00, 0xf8, 0xfc, 0xf8, 0x00,
    0xf8, 0xfc, 0xf8, 0x00, 0xf8, 0xfc, 0xf8, 0x00, 0xf8, 0xfc, 0xf8, 0x00,
    0xf8, 0xfc, 0xf8, 0x00, 0xf8, 0xfc, 0xf8, 0x00, 0xf8, 0xfc, 0xf8, 0x00,
    0xf8, 0xfc, 0xf8, 0x00, 0xf8, 0xfc, 0xf8, 0x00, 0xf8, 0xfc, 0xf8, 0x00,
    0xf8, 0xfc, 0xf8, 0x00, 0xf8, 0xfc, 0xf8, 0x00, 0xf8, 0xfc, 0xf8, 0x00,
    0xf8, 0xfc, 0xf8, 0x00, 0xf8, 0xfc, 0xf8, 0x00, 0xf8, 0xfc, 0xf8, 0x00,
    0xf8, 0xfc, 0xf8, 0x00, 0xf8, 0xfc, 0xf8, 0x00, 0xf8, 0xfc, 0xf8, 0x00,
    0xf8, 0xfc, 0xf8, 0x00, 0xf8, 0xfc, 0xf8, 0x00, 0xf8, 0xfc, 0xf8, 0x00,
    0xf8, 0xfc, 0xf8, 0x00, 0xf8, 0xfc, 0xf8, 0x00, 0xf8, 0xfc, 0xf8, 0x00,
    0xf8, 0xfc, 0xf8, 0x00, 0xf8, 0xfc, 0xf8, 0x00, 0xf8, 0xfc, 0xf8, 0x00,
    0xf8, 0xfc, 0xf8, 0x00, 0xf8, 0xfc, 0xf8, 0x00, 0xf8, 0xfc, 0xf8, 0x00,
    0xf8, 0xfc, 0xf8, 0x00, 0xf8, 0xfc, 0xf8, 0x00, 0xf8, 0xfc, 0xf8, 0x00,
    0xf8, 0xfc, 0xf8, 0x00, 0xf8, 0xfc, 0xf8, 0x00, 0xf8, 0xfc, 0xf8, 0x00,
    0xf8, 0xfc, 0xf8, 0x00, 0xf8, 0xfc, 0xf8, 0x00, 0xf8, 0xfc, 0xf8, 0x00,
    0xf8, 0xfc, 0xf8, 0x00, 0xf8, 0xfc, 0xf8, 0x00, 0xf8, 0xfc, 0xf8, 0x00,
    0xf8, 0xfc, 0xf8, 0x00, 0xf8, 0xfc, 0xf8, 0x00, 0xf8, 0xfc, 0xf8, 0x00,
    0xf8, 0xfc, 0xf8, 0x00, 0xf8, 0xfc, 0xf8, 0x00, 0xf8, 0xfc, 0xf8, 0x00,
    0xf8, 0xfc, 0xf8, 0x00, 0xf8, 0xfc, 0xf8, 0x00, 0xf8, 0xfc, 0xf8, 0x00,
    0xf8, 0xfc, 0xf8, 0x00, 0xf8, 0xfc, 0xf8, 0x00, 0xf8, 0xfc, 0xf8, 0x00,
    0xf8, 0xfc, 0xf8, 0x00, 0xf8, 0xfc, 0xf8, 0x00, 0xf8, 0xfc, 0xf8, 0x00,
    0xf8, 0xfc, 0xf8, 0x00, 0xf8, 0xfc, 0xf8, 0x00, 0xf8, 0xfc, 0xf8, 0x00,
    0xf8, 0xfc, 0xf8, 0x00, 0xf8, 0xfc, 0xf8, 0x00, 0xf8, 0xfc, 0xf8, 0x00,
    0xf8, 0xfc, 0xf8, 0x00, 0xf8, 0xfc, 0xf8, 0x00, 0xf8, 0xfc, 0xf8, 0x00,
    0xf8, 0xfc, 0xf8, 0x00, 0xf8, 0xfc, 0xf8, 0x00, 0xf8, 0xfc, 0xf8, 0x00,
    0xf8, 0xfc, 0xf8, 0x00, 0xf8, 0xfc, 0xf8, 0x00, 0xf8, 0xfc, 0xf8, 0x00,
    0xf8, 0xfc, 0xf8, 0x00, 0xf8, 0xfc, 0xf8, 0x00, 0xf8, 0xfc, 0xf8, 0x00,
    0xf8, 0xfc, 0xf8, 0x00, 0xf8, 0xfc, 0xf8, 0x00, 0xf8, 0xfc, 0xf8, 0x00,
    0xf8, 0xfc, 0xf8, 0x00, 0xf8, 0xfc, 0xf8, 0x00, 0xf8, 0xfc, 0xf8, 0x00,
    0xf8, 0xfc, 0xf8, 0x00, 0xf8, 0xfc, 0xf8, 0x00, 0xf8, 0xfc, 0xf8, 0x00,
    0xf8, 0xfc, 0xf8, 0x00, 0xf8, 0xfc, 0xf8, 0x00, 0xf8, 0xfc, 0xf8, 0x00,
    0xf8, 0xfc, 0xf8, 0x00, 0xf8, 0xfc, 0xf8, 0x00, 0xf8, 0xfc, 0xf8, 0x00,
    0xf8, 0xfc, 0xf8, 0x00, 0xf8, 0xfc, 0xf8, 0x00, 0xf8, 0xfc, 0xf8, 0x00,
    0xf8, 0xfc, 0xf8, 0x00, 0xf8, 0xfc, 0xf8, 0x00, 0xf8, 0xfc, 0xf8, 0x00,
    0xf8, 0xfc, 0xf8, 0x00, 0xf8, 0xfc, 0xf8, 0x00, 0xf8, 0xfc, 0xf8, 0x00,
    0xf8, 0xfc, 0xf8, 0x00, 0xf8, 0xfc, 0xf8, 0x00, 0xf8, 0xfc, 0xf8, 0x00,
    0xf8, 0xfc, 0xf8, 0x00, 0xf8, 0xfc, 0xf8, 0x00, 0xf8, 0xfc, 0xf8, 0x00,
    0xf8, 0xfc, 0xf8, 0x00, 0xf8, 0xfc, 0xf8, 0x00, 0xf8, 0xfc, 0xf8, 0x00,
    0xf8, 0xfc, 0xf8, 0x00, 0xf8, 0xfc, 0xf8, 0x00, 0xf8, 0xfc, 0xf8, 0x00,
    0xf8, 0xfc, 0xf8, 0x00, 0xf8, 0xfc, 0xf8, 0x00, 0xf8, 0xfc, 0xf8, 0x00,
    0xf8, 0xfc, 0xf8, 0x00, 0xf8, 0xfc, 0xf8, 0x00, 0xf8, 0xfc, 0xf8, 0x00,
    0xf8, 0xfc, 0xf8, 0x00, 0xf8, 0xfc, 0xf8, 0x00, 0xf8, 0xfc, 0xf8, 0x00,
    0xf8, 0xfc, 0xf8, 0x00, 0xf8, 0xfc, 0xf8, 0x00, 0xf8, 0xfc, 0xf8, 0x00,
    0xf8, 0xfc, 0xf8, 0x00, 0xf8, 0xfc, 0xf8, 0x00, 0xf8, 0xfc, 0xf8, 0x00,
    0xf8, 0xfc, 0xf8, 0x00, 0xf8, 0xfc, 0xf8, 0x00, 0xf8, 0xfc, 0xf8, 0x00,
    0xf8, 0xfc, 0xf8, 0x00, 0xf8, 0xfc, 0xf8, 0x00, 0xf8, 0xfc, 0xf8, 0x00,
    0xf8, 0xfc, 0xf8, 0x00, 0xf8, 0xfc, 0xf8, 0x00, 0xf8, 0xfc, 0xf8, 0x00,
    0xf8, 0xfc, 0xf8, 0x00, 0xf8, 0xfc, 0xf8, 0x00, 0xf8, 0xfc, 0xf8, 0x00,
    0xf8, 0xfc, 0xf8, 0x00, 0xf8, 0xfc, 0xf8, 0x00, 0xf8, 0xfc, 0xf8, 0x00,
    0xf8, 0xfc, 0xf8, 0x00, 0xf8, 0xfc, 0xf8, 0x00, 0xf8, 0xfc, 0xf8, 0x00,
    0xf8, 0xfc, 0xf8, 0x00, 0xf8, 0xfc, 0xf8, 0x00, 0xf8, 0xfc, 0xf8, 0x00,
    0xf8, 0xfc, 0xf8, 0x00, 0xf8, 0xfc, 0xf8, 0x00, 0xf8, 0xfc, 0xf8, 0x00,
    0xf8, 0xfc, 0xf8, 0x00, 0xf8, 0xfc, 0xf8, 0x00, 0xf8, 0xfc, 0xf8, 0x00,
    0xf8, 0xfc, 0xf8, 0x00, 0xf8, 0xfc, 0xf8, 0x00, 0xf8, 0xfc, 0xf8, 0x00,
    0xf8, 0xfc, 0xf8, 0x00, 0xf8, 0xfc, 0xf8, 0x00, 0xf8, 0xfc, 0xf8, 0x00,
    0xf8, 0xfc, 0xf8, 0x00, 0xf8, 0xfc, 0xf8, 0x00, 0xf8, 0xfc, 0xf8, 0x00,
    0xf8, 0xfc, 0xf8, 0x00, 0xf8, 0xfc, 0xf8, 0x00, 0xf8, 0xfc, 0xf8, 0x00,
    0xf8, 0xfc, 0xf8, 0x00, 0xf8, 0xfc, 0xf8, 0x00, 0xf8, 0xfc, 0xf8, 0x00,
    0xf8, 0xfc, 0xf8, 0x00, 0xf8, 0xfc, 0xf8, 0x00, 0xf8, 0xfc, 0xf8, 0x00,
    0xf8, 0xfc, 0xf8, 0x00, 0xf8, 0xfc, 0xf8, 0x00, 0xf8, 0xfc, 0xf8, 0x00,
    0xf8, 0xfc, 0xf8, 0x00, 0xf8, 0xfc, 0xf8, 0x00, 0xf8, 0xfc, 0xf8, 0x00,
    0xf8, 0xfc, 0xf8, 0x00, 0xf8, 0xfc, 0xf8, 0x00, 0xf8, 0xfc, 0xf8, 0x00,
    0xf8, 0xfc, 0xf8, 0x00, 0xf8, 0xfc, 0xf8, 0x00, 0xf8, 0xfc, 0xf8, 0x00,
    0xf8, 0xfc, 0xf8, 0x00, 0xf8, 0xfc, 0xf8, 0x00, 0xf8, 0xfc, 0xf8, 0x00,
    0xf8, 0xfc, 0xf8, 0x00, 0xf8, 0xfc, 0xf8, 0x00, 0xf8, 0xfc, 0xf8, 0x00,
    0xf8, 0xfc, 0xf8, 0x00, 0xf8, 0xfc, 0xf8, 0x00, 0xf8, 0xfc, 0xf8, 0x00,
    0xf8, 0xfc, 0xf8, 0x00, 0xf8, 0xfc, 0xf8, 0x00, 0xf8, 0xfc, 0xf8, 0x00,
    0xf8, 0xfc, 0xf8, 0x00, 0xf8, 0xfc, 0xf8, 0x00, 0xf8, 0xfc, 0xf8, 0x00,
    0xf8, 0xfc, 0xf8, 0x00, 0xf8, 0xfc, 0xf8, 0x00, 0xf8, 0xfc, 0xf8, 0x00,
    0xf8, 0xfc, 0xf8, 0x00, 0xf8, 0xfc, 0xf8, 0x00, 0xf8, 0xfc, 0xf8, 0x00,
    0xf8, 0xfc, 0xf8, 0x00, 0xf8, 0xfc, 0xf8, 0x00, 0xf8, 0xfc, 0xf8, 0x00,
    0xf8, 0xfc, 0xf8, 0x00, 0xf8, 0xfc, 0xf8, 0x00, 0xf8, 0xfc, 0xf8, 0x00,
    0xf8, 0xfc, 0xf8, 0x00, 0xf8, 0xfc, 0xf8, 0x00, 0xf8, 0xfc, 0xf8, 0x00,
    0xf8, 0xfc, 0xf8, 0x00, 0xf8, 0xfc, 0xf8, 0x00, 0xf8, 0xfc, 0xf8, 0x00,
    0xf8, 0xfc, 0xf8, 0x00, 0xf8, 0xfc, 0xf8, 0x00, 0xf8, 0xfc, 0xf8, 0x00,
    0xf8, 0xfc, 0xf8, 0x00, 0xf8, 0xfc, 0xf8, 0x00, 0xf8, 0xfc, 0xf8, 0x00,
    0xf8, 0xfc, 0xf8, 0x00, 0xf8, 0xfc, 0xf8, 0x00, 0xf8, 0xfc, 0xf8, 0x00,
    0xf8, 0xfc, 0xf8, 0x00, 0xf8, 0xfc, 0xf8, 0x00, 0xf8, 0xfc, 0xf8, 0x00,
    0xf8, 0xfc, 0xf8, 0x00, 0xf8, 0xfc, 0xf8, 0x00, 0xf8, 0xfc, 0xf8, 0x00,
    0xf8, 0xfc, 0xf8, 0x00, 0xf8, 0xfc, 0xf8, 0x00, 0xf8, 0xfc, 0xf8, 0x00,
    0xf8, 0xfc, 0xf8, 0x00, 0xf8, 0xfc, 0xf8, 0x00, 0xf8, 0xfc, 0xf8, 0x00,
    0xf8, 0xfc, 0xf8, 0x00, 0xf8, 0xfc, 0xf8, 0x00, 0xf8, 0xfc, 0xf8, 0x00,
    0xf8, 0xfc, 0xf8, 0x00, 0xf8, 0xfc, 0xf8, 0x00, 0xf8, 0xfc, 0xf8, 0x00,
    0xf8, 0xfc, 0xf8, 0x00, 0xf8, 0xfc, 0xf8, 0x00, 0xf8, 0xfc, 0xf8, 0x00,
    0xf8, 0xfc, 0xf8, 0x00, 0xf8, 0xfc, 0xf8, 0x00, 0xf8, 0xfc, 0xf8, 0x00,
    0xf8, 0xfc, 0xf8, 0x00, 0xf8, 0xfc, 0xf8, 0x00, 0xf8, 0xfc, 0xf8, 0x00,
    0xf8, 0xfc, 0xf8, 0x00, 0xf8, 0xfc, 0xf8, 0x00, 0xf8, 0xfc, 0xf8, 0x00,
    0xf8, 0xfc, 0xf8, 0x00, 0xf8, 0xfc, 0xf8, 0x00, 0xf8, 0xfc, 0xf8, 0x00,
    0xf8, 0xfc, 0xf8, 0x00, 0xf8, 0xfc, 0xf8, 0x00, 0xf8, 0xfc, 0xf8, 0x00,
    0xf8, 0xfc, 0xf8, 0x00, 0xf8, 0xfc, 0xf8, 0x00, 0xf8, 0xfc, 0xf8, 0x00,
    0xf8, 0xfc, 0xf8, 0x00, 0xf8, 0xfc, 0xf8, 0x00, 0xf8, 0xfc, 0xf8, 0x00,
    0xf8, 0xfc, 0xf8, 0x00, 0xf8, 0xfc, 0xf8, 0x00, 0xf8, 0xfc, 0xf8, 0x00,
    0xf8, 0xfc, 0xf8, 0x00, 0xf8, 0xfc, 0xf8, 0x00, 0xf8, 0xfc, 0xf8, 0x00,
    0xf8, 0xfc, 0xf8, 0x00, 0xf8, 0xfc, 0xf8, 0x00, 0xf8, 0xfc, 0xf8, 0x00,
    0xf8, 0xfc, 0xf8, 0x00, 0xf8, 0xfc, 0xf8, 0x00, 0xf8, 0xfc, 0xf8, 0x00,
    0xf8, 0xfc, 0xf8, 0x00, 0xf8, 0xfc, 0xf8, 0x00, 0xf8, 0xfc, 0xf8, 0x00,
    0xf8, 0xfc, 0xf8, 0x00, 0xf8, 0xfc, 0xf8, 0x00, 0xf8, 0xfc, 0xf8, 0x00,
    0xf8, 0xfc, 0xf8, 0x00, 0xf8, 0xfc, 0xf8, 0x00, 0xf8, 0xfc, 0xf8, 0x00,
    0xf8, 0xfc, 0xf8, 0x00, 0xf8, 0xfc, 0xf8, 0x00, 0xf8, 0xfc, 0xf8, 0x00,
    0xf8, 0xfc, 0xf8, 0x00, 0xf8, 0xfc, 0xf8, 0x00, 0xf8, 0xfc, 0xf8, 0x00,
    0xf8, 0xfc, 0xf8, 0x00, 0xf8, 0xfc, 0xf8, 0x00, 0xf8, 0xfc, 0xf8, 0x00,
    0xf8, 0xfc, 0xf8, 0x00, 0xf8, 0xfc, 0xf8, 0x00, 0xf8, 0xfc, 0xf8, 0x00,
    0xf8, 0xfc, 0xf8, 0x00, 0xf8, 0xfc, 0xf8, 0x00, 0xf8, 0xfc, 0xf8, 0x00,
    0xf8, 0xfc, 0xf8, 0x00, 0xf8, 0xfc, 0xf8, 0x00, 0xf8, 0xfc, 0xf8, 0x00,
    0xf8, 0xfc, 0xf8, 0x00, 0xf8, 0xfc, 0xf8, 0x00, 0xf8, 0xfc, 0xf8, 0x00,
    0xf8, 0xfc, 0xf8, 0x00, 0xf8, 0xfc, 0xf8, 0x00, 0xf8, 0xfc, 0xf8, 0x00,
    0xf8, 0xfc, 0xf8, 0x00, 0xf8, 0xfc, 0xf8, 0x00, 0xf8, 0xfc, 0xf8, 0x00,
    0xf8, 0xfc, 0xf8, 0x00, 0xf8, 0xfc, 0xf8, 0x00, 0xf8, 0xfc, 0xf8, 0x00,
    0xf8, 0xfc, 0xf8, 0x00, 0xf8, 0xfc, 0xf8, 0x00, 0xf8, 0xfc, 0xf8, 0x00,
    0xf8, 0xfc, 0xf8, 0x00, 0xf8, 0xfc, 0xf8, 0x00, 0xf8, 0xfc, 0xf8, 0x00,
    0xf8, 0xfc, 0xf8, 0x00, 0xf8, 0xfc, 0xf8, 0x00, 0xf8, 0xfc, 0xf8, 0x00,
    0xf8, 0xfc, 0xf8, 0x00, 0xf8, 0xfc, 0xf8, 0x00, 0xf8, 0xfc, 0xf8, 0x00,
    0xf8, 0xfc, 0xf8, 0x00, 0xf8, 0xfc, 0xf8, 0x00, 0xf8, 0xfc, 0xf8, 0x00,
    0xf8, 0xfc, 0xf8, 0x00, 0xf8, 0xfc, 0xf8, 0x00, 0xf8, 0xfc, 0xf8, 0x00,
    0xf8, 0xfc, 0xf8, 0x00, 0xf8, 0xfc, 0xf8, 0x00, 0xf8, 0xfc, 0xf8, 0x00,
    0xf8, 0xfc, 0xf8, 0x00, 0xf8, 0xfc, 0xf8, 0x00, 0xf8, 0xfc, 0xf8, 0x00,
    0xf8, 0xfc, 0xf8, 0x00, 0xf8, 0xfc, 0xf8, 0x00, 0xf8, 0xfc, 0xf8, 0x00,
    0xf8, 0xfc, 0xf8, 0x00, 0xf8, 0xfc, 0xf8, 0x00, 0xf8, 0xfc, 0xf8, 0x00,
    0xf8, 0xfc, 0xf8, 0x00, 0xf8, 0xfc, 0xf8, 0x00, 0xf8, 0xfc, 0xf8, 0x00,
    0xf8, 0xfc, 0xf8, 0x00, 0xf8, 0xfc, 0xf8, 0x00, 0xf8, 0xfc, 0xf8, 0x00,
    0xf8, 0xfc, 0xf8, 0x00, 0xf8, 0xfc, 0xf8, 0x00, 0xf8, 0xfc, 0xf8, 0x00,
    0xf8, 0xfc, 0xf8, 0x00, 0xf8, 0xfc, 0xf8, 0x00, 0xf8, 0xfc, 0xf8, 0x00,
    0xf8, 0xfc, 0xf8, 0x00, 0xf8, 0xfc, 0xf8, 0x00, 0xf8, 0xfc, 0xf8, 0x00,
    0xf8, 0xfc, 0xf8, 0x00, 0xf8, 0xfc, 0xf8, 0x00, 0xf8, 0xfc, 0xf8, 0x00,
    0xf8, 0xfc, 0xf8, 0x00, 0xf8, 0xfc, 0xf8, 0x00, 0xf8, 0xfc, 0xf8, 0x00,
    0xf8, 0xfc, 0xf8, 0x00, 0xf8, 0xfc, 0xf8, 0x00, 0xf8, 0xfc, 0xf8, 0x00,
    0xf8, 0xfc, 0xf8, 0x00, 0xf8, 0xfc, 0xf8, 0x00, 0xf8, 0xfc, 0xf8, 0x00,
    0xf8, 0xfc, 0xf8, 0x00, 0xf8, 0xfc, 0xf8, 0x00, 0xf8, 0xfc, 0xf8, 0x00,
    0xf8, 0xfc, 0xf8, 0x00, 0xf8, 0xfc, 0xf8, 0x00, 0xf8, 0xfc, 0xf8, 0x00,
    0xf8, 0xfc, 0xf8, 0x00, 0xf8, 0xfc, 0xf8, 0x00, 0xf8, 0xfc, 0xf8, 0x00,
    0xf8, 0xfc, 0xf8, 0x00, 0xf8, 0xfc, 0xf8, 0x00, 0xf8, 0xfc, 0xf8, 0x00,
    0xf8, 0xfc, 0xf8, 0x00, 0xf8, 0xfc, 0xf8, 0x00, 0xf8, 0xfc, 0xf8, 0x00,
    0xf8, 0xfc, 0xf8, 0x00, 0xf8, 0xfc, 0xf8, 0x00, 0xf8, 0xfc, 0xf8, 0x00,
    0xf8, 0xfc, 0xf8, 0x00, 0xf8, 0xfc, 0xf8, 0x00, 0xf8, 0xfc, 0xf8, 0x00,
    0xf8, 0xfc, 0xf8, 0x00, 0xf8, 0xfc, 0xf8, 0x00, 0xf8, 0xfc, 0xf8, 0x00,
    0xf8, 0xfc, 0xf8, 0x00, 0xf8, 0xfc, 0xf8, 0x00, 0xf8, 0xfc, 0xf8, 0x00,
    0xf8, 0xfc, 0xf8, 0x00, 0xf8, 0xfc, 0xf8, 0x00, 0xf8, 0xfc, 0xf8, 0x00,
    0xf8, 0xfc, 0xf8, 0x00, 0xf8, 0xfc, 0xf8, 0x00, 0xf8, 0xfc, 0xf8, 0x00,
    0xf8, 0xfc, 0xf8, 0x00, 0xf8, 0xfc, 0xf8, 0x00, 0xf8, 0xfc, 0xf8, 0x00,
    0xf8, 0xfc, 0xf8, 0x00, 0xf8, 0xfc, 0xf8, 0x00, 0xf8, 0xfc, 0xf8, 0x00,
    0xf8, 0xfc, 0xf8, 0x00, 0xf8, 0xfc, 0xf8, 0x00, 0xf8, 0xfc, 0xf8, 0x00,
    0xf8, 0xfc, 0xf8, 0x00, 0xf8, 0xfc, 0xf8, 0x00, 0xf8, 0xfc, 0xf8, 0x00,
    0xf8, 0xfc, 0xf8, 0x00, 0xf8, 0xfc, 0xf8, 0x00, 0xf8, 0xfc, 0xf8, 0x00,
    0xf8, 0xfc, 0xf8, 0x00, 0xf8, 0xfc, 0xf8, 0x00, 0xf8, 0xfc, 0xf8, 0x00,
    0xf8, 0xfc, 0xf8, 0x00, 0xf8, 0xfc, 0xf8, 0x00, 0xf8, 0xfc, 0xf8, 0x00,
    0xf8, 0xfc, 0xf8, 0x00, 0xf8, 0xfc, 0xf8, 0x00, 0xf8, 0xfc, 0xf8, 0x00,
    0xf8, 0xfc, 0xf8, 0x00, 0xf8, 0xfc, 0xf8, 0x00, 0xf8, 0xfc, 0xf8, 0x00,
    0xf8, 0xfc, 0xf8, 0x00, 0xf8, 0xfc, 0xf8, 0x00, 0xf8, 0xfc, 0xf8, 0x00,
    0xf8, 0xfc, 0xf8, 0x00, 0xf8, 0xfc, 0xf8, 0x00, 0xf8, 0xfc, 0xf8, 0x00,
    0xf8, 0xfc, 0xf8, 0x00, 0xf8, 0xfc, 0xf8, 0x00, 0xf8, 0xfc, 0xf8, 0x00,
    0xf8, 0xfc, 0xf8, 0x00, 0xf8, 0xfc, 0xf8, 0x00, 0xf8, 0xfc, 0xf8, 0x00,
    0xf8, 0xfc, 0xf8, 0x00, 0xf8, 0xfc, 0xf8, 0x00, 0xf8, 0xfc, 0xf8, 0x00,
    0xf8, 0xfc, 0xf8, 0x00, 0xf8, 0xfc, 0xf8, 0x00, 0xf8, 0xfc, 0xf8, 0x00,
    0xf8, 0xfc, 0xf8, 0x00, 0xf8, 0xfc, 0xf8, 0x00, 0xf8, 0xfc, 0xf8, 0x00,
    0xf8, 0xfc, 0xf8, 0x00, 0xf8, 0xfc, 0xf8, 0x00, 0xf8, 0xfc, 0xf8, 0x00,
    0xf8, 0xfc, 0xf8, 0x00, 0xf8, 0xfc, 0xf8, 0x00, 0xf8, 0xfc, 0xf8, 0x00,
    0xf8, 0xfc, 0xf8, 0x00, 0xf8, 0xfc, 0xf8, 0x00, 0xf8, 0xfc, 0xf8, 0x00,
    0xf8, 0xfc, 0xf8, 0x00, 0xf8, 0xfc, 0xf8, 0x00, 0xf8, 0xfc, 0xf8, 0x00,
    0xf8, 0xfc, 0xf8, 0x00, 0xf8, 0xfc, 0xf8, 0x00, 0xf8, 0xfc, 0xf8, 0x00,
    0xf8, 0xfc, 0xf8, 0x00, 0xf8, 0xfc, 0xf8, 0x00, 0xf8, 0xfc, 0xf8, 0x00,
    0xf8, 0xfc, 0xf8, 0x00, 0xf8, 0xfc, 0xf8, 0x00, 0xf8, 0xfc, 0xf8, 0x00,
    0xf8, 0xfc, 0xf8, 0x00, 0xf8, 0xfc, 0xf8, 0x00, 0xf8, 0xfc, 0xf8, 0x00,
    0xf8, 0xfc, 0xf8, 0x00, 0xf8, 0xfc, 0xf8, 0x00, 0xf8, 0xfc, 0xf8, 0x00,
    0xf8, 0xfc, 0xf8, 0x00, 0xf8, 0xfc, 0xf8, 0x00, 0xf8, 0xfc, 0xf8, 0x00,
    0xf8, 0xfc, 0xf8, 0x00, 0xf8, 0xfc, 0xf8, 0x00, 0xf8, 0xfc, 0xf8, 0x00,
    0xf8, 0xfc, 0xf8, 0x00, 0xf8, 0xfc, 0xf8, 0x00, 0xf8, 0xfc, 0xf8, 0x00,
    0xf8, 0xfc, 0xf8, 0x00, 0xf8, 0xfc, 0xf8, 0x00, 0xf8, 0xfc, 0xf8, 0x00,
    0xf8, 0xfc, 0xf8, 0x00, 0xf8, 0xfc, 0xf8, 0x00, 0xf8, 0xfc, 0xf8, 0x00,
    0xf8, 0xfc, 0xf8, 0x00, 0xf8, 0xfc, 0xf8, 0x00, 0xf8, 0xfc, 0xf8, 0x00,
    0xf8, 0xfc, 0xf8, 0x00, 0xf8, 0xfc, 0xf8, 0x00, 0xf8, 0xfc, 0xf8, 0x00,
    0xf8, 0xfc, 0xf8, 0x00, 0xf8, 0xfc, 0xf8, 0x00, 0xf8, 0xfc, 0xf8, 0x00,
    0xf8, 0xfc, 0xf8, 0x00, 0xf8, 0xfc, 0xf8, 0x00, 0xf8, 0xfc, 0xf8, 0x00,
    0xf8, 0xfc, 0xf8, 0x00, 0xf8, 0xfc, 0xf8, 0x00, 0xf8, 0xfc, 0xf8, 0x00,
    0xf8, 0xfc, 0xf8, 0x00, 0xf8, 0xfc, 0xf8, 0x00, 0xf8, 0xfc, 0xf8, 0x00,
    0xf8, 0xfc, 0xf8, 0x00, 0xf8, 0xfc, 0xf8, 0x00, 0xf8, 0xfc, 0xf8, 0x00,
    0xf8, 0xfc, 0xf8, 0x00, 0xf8, 0xfc, 0xf8, 0x00, 0xf8, 0xfc, 0xf8, 0x00,
    0xf8, 0xfc, 0xf8, 0x00, 0xf8, 0xfc, 0xf8, 0x00, 0xf8, 0xfc, 0xf8, 0x00,
    0xf8, 0xfc, 0xf8, 0x00, 0xf8, 0xfc, 0xf8, 0x00, 0xf8, 0xfc, 0xf8, 0x00,
    0xf8, 0xfc, 0xf8, 0x00, 0xf8, 0xfc, 0xf8, 0x00, 0xf8, 0xfc, 0xf8, 0x00,
    0xf8, 0xfc, 0xf8, 0x00, 0xf8, 0xfc, 0xf8, 0x00, 0xf8, 0xfc, 0xf8, 0x00,
    0xf8, 0xfc, 0xf8, 0x00, 0xf8, 0xfc, 0xf8, 0x00, 0xf8, 0xfc, 0xf8, 0x00,
    0xf8, 0xfc, 0xf8, 0x00, 0xf8, 0xfc, 0xf8, 0x00, 0xf8, 0xfc, 0xf8, 0x00,
    0xf8, 0xfc, 0xf8, 0x00, 0xf8, 0xfc, 0xf8, 0x00, 0xf8, 0xfc, 0xf8, 0x00,
    0xf8, 0xfc, 0xf8, 0x00, 0xf8, 0xfc, 0xf8, 0x00, 0xf8, 0xfc, 0xf8, 0x00,
    0xf8, 0xfc, 0xf8, 0x00, 0xf8, 0xfc, 0xf8, 0x00, 0xf8, 0xfc, 0xf8, 0x00,
    0xf8, 0xfc, 0xf8, 0x00, 0xf8, 0xfc, 0xf8, 0x00, 0xf8, 0xfc, 0xf8, 0x00,
    0xf8, 0xfc, 0xf8, 0x00, 0xf8, 0xfc, 0xf8, 0x00, 0xf8, 0xfc, 0xf8, 0x00,
    0xf8, 0xfc, 0xf8, 0x00, 0xf8, 0xfc, 0xf8, 0x00, 0xf8, 0xfc, 0xf8, 0x00,
    0xf8, 0xfc, 0xf8, 0x00, 0xf8, 0xfc, 0xf8, 0x00, 0xf8, 0xfc, 0xf8, 0x00,
    0xf8, 0xfc, 0xf8, 0x00, 0xf8, 0xfc, 0xf8, 0x00, 0xf8, 0xfc, 0xf8, 0x00,
    0xf8, 0xfc, 0xf8, 0x00, 0xf8, 0xfc, 0xf8, 0x00, 0xf8, 0xfc, 0xf8, 0x00,
    0xf8, 0xfc, 0xf8, 0x00, 0xf8, 0xfc, 0xf8, 0x00, 0xf8, 0xfc, 0xf8, 0x00,
    0xf8, 0xfc, 0xf8, 0x00, 0xf8, 0xfc, 0xf8, 0x00, 0xf8, 0xfc, 0xf8, 0x00,
    0xf8, 0xfc, 0xf8, 0x00, 0xf8, 0xfc, 0xf8, 0x00, 0xf8, 0xfc, 0xf8, 0x00,
    0xf8, 0xfc, 0xf8, 0x00, 0xf8, 0xfc, 0xf8, 0x00, 0xf8, 0xfc, 0xf8, 0x00,
    0xf8, 0xfc, 0xf8, 0x00, 0xf8, 0xfc, 0xf8, 0x00, 0xf8, 0xfc, 0xf8, 0x00,
    0xf8, 0xfc, 0xf8, 0x00, 0xf8, 0xfc, 0xf8, 0x00, 0xf8, 0xfc, 0xf8, 0x00,
    0xf8, 0xfc, 0xf8, 0x00, 0xf8, 0xfc, 0xf8, 0x00, 0xf8, 0xfc, 0xf8, 0x00,
    0xf8, 0xfc, 0xf8, 0x00, 0xf8, 0xfc, 0xf8, 0x00, 0xf8, 0xfc, 0xf8, 0x00,
    0xf8, 0xfc, 0xf8, 0x00, 0xf8, 0xfc, 0xf8, 0x00, 0xf8, 0xfc, 0xf8, 0x00,
    0xf8, 0xfc, 0xf8, 0x00, 0xf8, 0xfc, 0xf8, 0x00, 0xf8, 0xfc, 0xf8, 0x00,
    0xf8, 0xfc, 0xf8, 0x00, 0xf8, 0xfc, 0xf8, 0x00, 0xf8, 0xfc, 0xf8, 0x00,
    0xf8, 0xfc, 0xf8, 0x00, 0xf8, 0xfc, 0xf8, 0x00, 0xf8, 0xfc, 0xf8, 0x00,
    0xf8, 0xfc, 0xf8, 0x00, 0xf8, 0xfc, 0xf8, 0x00, 0xf8, 0xfc, 0xf8, 0x00,
    0xf8, 0xfc, 0xf8, 0x00, 0xf8, 0xfc, 0xf8, 0x00, 0xf8, 0xfc, 0xf8, 0x00,
    0xf8, 0xfc, 0xf8, 0x00, 0xf8, 0xfc, 0xf8, 0x00, 0xf8, 0xfc, 0xf8, 0x00,
    0xf8, 0xfc, 0xf8, 0x00, 0xf8, 0xfc, 0xf8, 0x00, 0xf8, 0xfc, 0xf8, 0x00,
    0xf8, 0xfc, 0xf8, 0x00, 0xf8, 0xfc, 0xf8, 0x00, 0xf8, 0xfc, 0xf8, 0x00,
    0xf8, 0xfc, 0xf8, 0x00, 0xf8, 0xfc, 0xf8, 0x00, 0xf8, 0xfc, 0xf8, 0x00,
    0xf8, 0xfc, 0xf8, 0x00, 0xf8, 0xfc, 0xf8, 0x00, 0xf8, 0xfc, 0xf8, 0x00,
    0xf8, 0xfc, 0xf8, 0x00, 0xf8, 0xfc, 0xf8, 0x00, 0xf8, 0xfc, 0xf8, 0x00,
    0xf8, 0xfc, 0xf8, 0x00, 0xf8, 0xfc, 0xf8, 0x00, 0xf8, 0xfc, 0xf8, 0x00,
    0xf8, 0xfc, 0xf8, 0x00, 0xf8, 0xfc, 0xf8, 0x00, 0xf8, 0xfc, 0xf8, 0x00,
    0xf8, 0xfc, 0xf8, 0x00, 0xf8, 0xfc, 0xf8, 0x00, 0xf8, 0xfc, 0xf8, 0x00,
    0xf8, 0xfc, 0xf8, 0x00, 0xf8, 0xfc, 0xf8, 0x00, 0xf8, 0xfc, 0xf8, 0x00,
    0xf8, 0xfc, 0xf8, 0x00, 0xf8, 0xfc, 0xf8, 0x00, 0xf8, 0xfc, 0xf8, 0x00,
    0xf8, 0xfc, 0xf8, 0x00, 0xf8, 0xfc, 0xf8, 0x00, 0xf8, 0xfc, 0xf8, 0x00,
    0xf8, 0xfc, 0xf8, 0x00, 0xf8, 0xfc, 0xf8, 0x00, 0xf8, 0xfc, 0xf8, 0x00,
    0xf8, 0xfc, 0xf8, 0x00, 0xf8, 0xfc, 0xf8, 0x00, 0xf8, 0xfc, 0xf8, 0x00,
    0xf8, 0xfc, 0xf8, 0x00, 0xf8, 0xfc, 0xf8, 0x00, 0xf8, 0xfc, 0xf8, 0x00,
    0xf8, 0xfc, 0xf8, 0x00, 0xf8, 0xfc, 0xf8, 0x00, 0xf8, 0xfc, 0xf8, 0x00,
    0xf8, 0xfc, 0xf8, 0x00, 0xf8, 0xfc, 0xf8, 0x00, 0xf8, 0xfc, 0xf8, 0x00,
    0xf8, 0xfc, 0xf8, 0x00, 0xf8, 0xfc, 0xf8, 0x00, 0xf8, 0xfc, 0xf8, 0x00,
    0xf8, 0xfc, 0xf8, 0x00, 0xf8, 0xfc, 0xf8, 0x00, 0xf8, 0xfc, 0xf8, 0x00,
    0xf8, 0xfc, 0xf8, 0x00, 0xf8, 0xfc, 0xf8, 0x00, 0xf8, 0xfc, 0xf8, 0x00,
    0xf8, 0xfc, 0xf8, 0x00, 0xf8, 0xfc, 0xf8, 0x00, 0xf8, 0xfc, 0xf8, 0x00,
    0xf8, 0xfc, 0xf8, 0x00, 0xf8, 0xfc, 0xf8, 0x00, 0xf8, 0xfc, 0xf8, 0x00,
    0xf8, 0xfc, 0xf8, 0x00, 0xf8, 0xfc, 0xf8, 0x00, 0xf8, 0xfc, 0xf8, 0x00,
    0xf8, 0xfc, 0xf8, 0x00, 0xf8, 0xfc, 0xf8, 0x00, 0xf8, 0xfc, 0xf8, 0x00,
    0xf8, 0xfc, 0xf8, 0x00, 0xf8, 0xfc, 0xf8, 0x00, 0xf8, 0xfc, 0xf8, 0x00,
    0xf8, 0xfc, 0xf8, 0x00, 0xf8, 0xfc, 0xf8, 0x00, 0xf8, 0xfc, 0xf8, 0x00,
    0xf8, 0xfc, 0xf8, 0x00, 0xf8, 0xfc, 0xf8, 0x00, 0xf8, 0xfc, 0xf8, 0x00,
    0xf8, 0xfc, 0xf8, 0x00, 0xf8, 0xfc, 0xf8, 0x00, 0xf8, 0xfc, 0xf8, 0x00,
    0xf8, 0xfc, 0xf8, 0x00, 0xf8, 0xfc, 0xf8, 0x00, 0xf8, 0xfc, 0xf8, 0x00,
    0xf8, 0xfc, 0xf8, 0x00, 0xf8, 0xfc, 0xf8, 0x00, 0xf8, 0xfc, 0xf8, 0x00,
    0xf8, 0xfc, 0xf8, 0x00, 0xf8, 0xfc, 0xf8, 0x00, 0xf8, 0xfc, 0xf8, 0x00,
    0xf8, 0xfc, 0xf8, 0x00, 0xf8, 0xfc, 0xf8, 0x00, 0xf8, 0xfc, 0xf8, 0x00,
    0xf8, 0xfc, 0xf8, 0x00, 0xf8, 0xfc, 0xf8, 0x00, 0xf8, 0xfc, 0xf8, 0x00,
    0xf8, 0xfc, 0xf8, 0x00, 0xf8, 0xfc, 0xf8, 0x00, 0xf8, 0xfc, 0xf8, 0x00,
    0xf8, 0xfc, 0xf8, 0x00, 0xf8, 0xfc, 0xf8, 0x00, 0xf8, 0xfc, 0xf8, 0x00,
    0xf8, 0xfc, 0xf8, 0x00, 0xf8, 0xfc, 0xf8, 0x00, 0xf8, 0xfc, 0xf8, 0x00,
    0xf8, 0xfc, 0xf8, 0x00, 0xf8, 0xfc, 0xf8, 0x00, 0xf8, 0xfc, 0xf8, 0x00,
    0xf8, 0xfc, 0xf8, 0x00, 0xf8, 0xfc, 0xf8, 0x00, 0xf8, 0xfc, 0xf8, 0x00,
    0xf8, 0xfc, 0xf8, 0x00, 0xf8, 0xfc, 0xf8, 0x00, 0xf8, 0xfc, 0xf8, 0x00,
    0xf8, 0xfc, 0xf8, 0x00, 0xf8, 0xfc, 0xf8, 0x00, 0xf8, 0xfc, 0xf8, 0x00,
    0xf8, 0xfc, 0xf8, 0x00, 0xf8, 0xfc, 0xf8, 0x00, 0xf8, 0xfc, 0xf8, 0x00,
    0xf8, 0xfc, 0xf8, 0x00, 0xf8, 0xfc, 0xf8, 0x00, 0xf8, 0xfc, 0xf8, 0x00,
    0xf8, 0xfc, 0xf8, 0x00, 0xf8, 0xfc, 0xf8, 0x00, 0xf8, 0xfc, 0xf8, 0x00,
    0xf8, 0xfc, 0xf8, 0x00, 0xf8, 0xfc, 0xf8, 0x00, 0xf8, 0xfc, 0xf8, 0x00,
    0xf8, 0xfc, 0xf8, 0x00, 0xf8, 0xfc, 0xf8, 0x00, 0xf8, 0xfc, 0xf8, 0x00,
    0xf8, 0xfc, 0xf8, 0x00, 0xf8, 0xfc, 0xf8, 0x00, 0xf8, 0xfc, 0xf8, 0x00,
    0xf8, 0xfc, 0xf8, 0x00, 0xf8, 0xfc, 0xf8, 0x00, 0xf8, 0xfc, 0xf8, 0x00,
    0xf8, 0xfc, 0xf8, 0x00, 0xf8, 0xfc, 0xf8, 0x00, 0xf8, 0xfc, 0xf8, 0x00,
    0xf8, 0xfc, 0xf8, 0x00, 0xf8, 0xfc, 0xf8, 0x00, 0xf8, 0xfc, 0xf8, 0x00,
    0xf8, 0xfc, 0xf8, 0x00, 0xf8, 0xfc, 0xf8, 0x00, 0xf8, 0xfc, 0xf8, 0x00,
    0xf8, 0xfc, 0xf8, 0x00, 0xf8, 0xfc, 0xf8, 0x00, 0xf8, 0xfc, 0xf8, 0x00,
    0xf8, 0xfc, 0xf8, 0x00, 0xf8, 0xfc, 0xf8, 0x00, 0xf8, 0xfc, 0xf8, 0x00,
    0xf8, 0xfc, 0xf8, 0x00, 0xf8, 0xfc, 0xf8, 0x00, 0xf8, 0xfc, 0xf8, 0x00,
    0xf8, 0xfc, 0xf8, 0x00, 0xf8, 0xfc, 0xf8, 0x00, 0xf8, 0xfc, 0xf8, 0x00,
    0xf8, 0xfc, 0xf8, 0x00, 0xf8, 0xfc, 0xf8, 0x00, 0xf8, 0xfc, 0xf8, 0x00,
    0xf8, 0xfc, 0xf8, 0x00, 0xf8, 0xfc, 0xf8, 0x00, 0xf8, 0xfc, 0xf8, 0x00,
    0xf8, 0xfc, 0xf8, 0x00, 0xf8, 0xfc, 0xf8, 0x00, 0xf8, 0xfc, 0xf8, 0x00,
    0xf8, 0xfc, 0xf8, 0x00, 0xf8, 0xfc, 0xf8, 0x00, 0xf8, 0xfc, 0xf8, 0x00,
    0xf8, 0xfc, 0xf8, 0x00, 0xf8, 0xfc, 0xf8, 0x00, 0xf8, 0xfc, 0xf8, 0x00,
    0xf8, 0xfc, 0xf8, 0x00, 0xf8, 0xfc, 0xf8, 0x00, 0xf8, 0xfc, 0xf8, 0x00,
    0xf8, 0xfc, 0xf8, 0x00, 0xf8, 0xfc, 0xf8, 0x00, 0xf8, 0xfc, 0xf8, 0x00,
    0xf8, 0xfc, 0xf8, 0x00, 0xf8, 0xfc, 0xf8, 0x00, 0xf8, 0xfc, 0xf8, 0x00,
    0xf8, 0xfc, 0xf8, 0x00, 0xf8, 0xfc, 0xf8, 0x00, 0xf8, 0xfc, 0xf8, 0x00,
    0xf8, 0xfc, 0xf8, 0x00, 0xf8, 0xfc, 0xf8, 0x00, 0xf8, 0xfc, 0xf8, 0x00,
    0xf8, 0xfc, 0xf8, 0x00, 0xf8, 0xfc, 0xf8, 0x00, 0xf8, 0xfc, 0xf8, 0x00,
    0xf8, 0xfc, 0xf8, 0x00, 0xf8, 0xfc, 0xf8, 0x00, 0xf8, 0xfc, 0xf8, 0x00,
    0xf8, 0xfc, 0xf8, 0x00, 0xf8, 0xfc, 0xf8, 0x00, 0xf8, 0xfc, 0xf8, 0x00,
    0xf8, 0xfc, 0xf8, 0x00, 0xf8, 0xfc, 0xf8, 0x00, 0xf8, 0xfc, 0xf8, 0x00,
    0xf8, 0xfc, 0xf8, 0x00, 0xf8, 0xfc, 0xf8, 0x00, 0xf8, 0xfc, 0xf8, 0x00,
    0xf8, 0xfc, 0xf8, 0x00, 0xf8, 0xfc, 0xf8, 0x00, 0xf8, 0xfc, 0xf8, 0x00,
    0xf8, 0xfc, 0xf8, 0x00, 0xf8, 0xfc, 0xf8, 0x00, 0xf8, 0xfc, 0xf8, 0x00,
    0xf8, 0xfc, 0xf8, 0x00, 0xf8, 0xfc, 0xf8, 0x00, 0xf8, 0xfc, 0xf8, 0x00,
    0xf8, 0xfc, 0xf8, 0x00, 0xf8, 0xfc, 0xf8, 0x00, 0xf8, 0xfc, 0xf8, 0x00,
    0xf8, 0xfc, 0xf8, 0x00, 0xf8, 0xfc, 0xf8, 0x00, 0xf8, 0xfc, 0xf8, 0x00,
    0xf8, 0xfc, 0xf8, 0x00, 0xf8, 0xfc, 0xf8, 0x00, 0xf8, 0xfc, 0xf8, 0x00,
    0xf8, 0xfc, 0xf8, 0x00, 0xf8, 0xfc, 0xf8, 0x00, 0xf8, 0xfc, 0xf8, 0x00,
    0xf8, 0xfc, 0xf8, 0x00, 0xf8, 0xfc, 0xf8, 0x00, 0xf8, 0xfc, 0xf8, 0x00,
    0xf8, 0xfc, 0xf8, 0x00, 0xf8, 0xfc, 0xf8, 0x00, 0xf8, 0xfc, 0xf8, 0x00,
    0xf8, 0xfc, 0xf8, 0x00, 0xf8, 0xfc, 0xf8, 0x00, 0xf8, 0xfc, 0xf8, 0x00,
    0xf8, 0xfc, 0xf8, 0x00, 0xf8, 0xfc, 0xf8, 0x00, 0xf8, 0xfc, 0xf8, 0x00,
    0xf8, 0xfc, 0xf8, 0x00, 0xf8, 0xfc, 0xf8, 0x00, 0xf8, 0xfc, 0xf8, 0x00,
    0xf8, 0xfc, 0xf8, 0x00, 0xf8, 0xfc, 0xf8, 0x00, 0xf8, 0xfc, 0xf8, 0x00,
    0xf8, 0xfc, 0xf8, 0x00, 0xf8, 0xfc, 0xf8, 0x00, 0xf8, 0xfc, 0xf8, 0x00,
    0xf8, 0xfc, 0xf8, 0x00, 0xf8, 0xfc, 0xf8, 0x00, 0xf8, 0xfc, 0xf8, 0x00,
    0xf8, 0xfc, 0xf8, 0x00, 0xf8, 0xfc, 0xf8, 0x00, 0xf8, 0xfc, 0xf8, 0x00,
    0xf8, 0xfc, 0xf8, 0x00, 0xf8, 0xfc, 0xf8, 0x00, 0xf8, 0xfc, 0xf8, 0x00,
    0xf8, 0xfc, 0xf8, 0x00, 0xf8, 0xfc, 0xf8, 0x00, 0xf8, 0xfc, 0xf8, 0x00,
    0xf8, 0xfc, 0xf8, 0x00, 0xf8, 0xfc, 0xf8, 0x00, 0xf8, 0xfc, 0xf8, 0x00,
    0xf8, 0xfc, 0xf8, 0x00, 0xf8, 0xfc, 0xf8, 0x00, 0xf8, 0xfc, 0xf8, 0x00,
    0xf8, 0xfc, 0xf8, 0x00, 0xf8, 0xfc, 0xf8, 0x00, 0xf8, 0xfc, 0xf8, 0x00,
    0xf8, 0xfc, 0xf8, 0x00, 0xf8, 0xfc, 0xf8, 0x00, 0xf8, 0xfc, 0xf8, 0x00,
    0xf8, 0xfc, 0xf8, 0x00, 0xf8, 0xfc, 0xf8, 0x00, 0xf8, 0xfc, 0xf8, 0x00,
    0xf8, 0xfc, 0xf8, 0x00, 0xf8, 0xfc, 0xf8, 0x00, 0xf8, 0xfc, 0xf8, 0x00,
    0xf8, 0xfc, 0xf8, 0x00, 0xf8, 0xfc, 0xf8, 0x00, 0xf8, 0xfc, 0xf8, 0x00,
    0xf8, 0xfc, 0xf8, 0x00, 0xf8, 0xfc, 0xf8, 0x00, 0xf8, 0xfc, 0xf8, 0x00,
    0xf8, 0xfc, 0xf8, 0x00, 0xf8, 0xfc, 0xf8, 0x00, 0xf8, 0xfc, 0xf8, 0x00,
    0xf8, 0xfc, 0xf8, 0x00, 0xf8, 0xfc, 0xf8, 0x00, 0xf8, 0xfc, 0xf8, 0x00,
    0xf8, 0xfc, 0xf8, 0x00, 0xf8, 0xfc, 0xf8, 0x00, 0xf8, 0xfc, 0xf8, 0x00,
    0xf8, 0xfc, 0xf8, 0x00, 0xf8, 0xfc, 0xf8, 0x00, 0xf8, 0xfc, 0xf8, 0x00,
    0xf8, 0xfc, 0xf8, 0x00, 0xf8, 0xfc, 0xf8, 0x00, 0xf8, 0xfc, 0xf8, 0x00,
    0xf8, 0xfc, 0xf8, 0x00, 0xf8, 0xfc, 0xf8, 0x00, 0xf8, 0xfc, 0xf8, 0x00,
    0xf8, 0xfc, 0xf8, 0x00, 0xf8, 0xfc, 0xf8, 0x00, 0xf8, 0xfc, 0xf8, 0x00,
    0xf8, 0xfc, 0xf8, 0x00, 0xf8, 0xfc, 0xf8, 0x00, 0xf8, 0xfc, 0xf8, 0x00,
    0xf8, 0xfc, 0xf8, 0x00, 0xf8, 0xfc, 0xf8, 0x00, 0xf8, 0xfc, 0xf8, 0x00,
    0xf8, 0xfc, 0xf8, 0x00, 0xf8, 0xfc, 0xf8, 0x00, 0xf8, 0xfc, 0xf8, 0x00,
    0xf8, 0xfc, 0xf8, 0x00, 0xf8, 0xfc, 0xf8, 0x00, 0xf8, 0xfc, 0xf8, 0x00,
    0xf8, 0xfc, 0xf8, 0x00, 0xf8, 0xfc, 0xf8, 0x00, 0xf8, 0xfc, 0xf8, 0x00,
    0xf8, 0xfc, 0xf8, 0x00, 0xf8, 0xfc, 0xf8, 0x00, 0xf8, 0xfc, 0xf8, 0x00,
    0xf8, 0xfc, 0xf8, 0x00, 0xf8, 0xfc, 0xf8, 0x00, 0xf8, 0xfc, 0xf8, 0x00,
    0xf8, 0xfc, 0xf8, 0x00, 0xf8, 0xfc, 0xf8, 0x00, 0xf8, 0xfc, 0xf8, 0x00,
    0xf8, 0xfc, 0xf8, 0x00, 0xf8, 0xfc, 0xf8, 0x00, 0xf8, 0xfc, 0xf8, 0x00,
    0xf8, 0xfc, 0xf8, 0x00, 0xf8, 0xfc, 0xf8, 0x00, 0xf8, 0xfc, 0xf8, 0x00,
    0xf8, 0xfc, 0xf8, 0x00, 0xf8, 0xfc, 0xf8, 0x00, 0xf8, 0xfc, 0xf8, 0x00,
    0xf8, 0xfc, 0xf8, 0x00, 0xf8, 0xfc, 0xf8, 0x00, 0xf8, 0xfc, 0xf8, 0x00,
    0xf8, 0xfc, 0xf8, 0x00, 0xf8, 0xfc, 0xf8, 0x00, 0xf8, 0xfc, 0xf8, 0x00,
    0xf8, 0xfc, 0xf8, 0x00, 0xf8, 0xfc, 0xf8, 0x00, 0xf8, 0xfc, 0xf8, 0x00,
    0xf8, 0xfc, 0xf8, 0x00, 0xf8, 0xfc, 0xf8, 0x00, 0xf8, 0xfc, 0xf8, 0x00,
    0xf8, 0xfc, 0xf8, 0x00, 0xf8, 0xfc, 0xf8, 0x00, 0xf8, 0xfc, 0xf8, 0x00,
    0xf8, 0xfc, 0xf8, 0x00, 0xf8, 0xfc, 0xf8, 0x00, 0xf8, 0xfc, 0xf8, 0x00,
    0xf8, 0xfc, 0xf8, 0x00, 0xf8, 0xfc, 0xf8, 0x00, 0xf8, 0xfc, 0xf8, 0x00,
    0xf8, 0xfc, 0xf8, 0x00, 0xf8, 0xfc, 0xf8, 0x00, 0xf8, 0xfc, 0xf8, 0x00,
    0xf8, 0xfc, 0xf8, 0x00, 0xf8, 0xfc, 0xf8, 0x00, 0xf8, 0xfc, 0xf8, 0x00,
    0xf8, 0xfc, 0xf8, 0x00, 0xf8, 0xfc, 0xf8, 0x00, 0xf8, 0xfc, 0xf8, 0x00,
    0xf8, 0xfc, 0xf8, 0x00, 0xf8, 0xfc, 0xf8, 0x00, 0xf8, 0xfc, 0xf8, 0x00,
    0xf8, 0xfc, 0xf8, 0x00, 0xf8, 0xfc, 0xf8, 0x00, 0xf8, 0xfc, 0xf8, 0x00,
    0xf8, 0xfc, 0xf8, 0x00, 0xf8, 0xfc, 0xf8, 0x00, 0xf8, 0xfc, 0xf8, 0x00,
    0xf8, 0xfc, 0xf8, 0x00, 0xf8, 0xfc, 0xf8, 0x00, 0xf8, 0xfc, 0xf8, 0x00,
    0xf8, 0xfc, 0xf8, 0x00, 0xf8, 0xfc, 0xf8, 0x00, 0xf8, 0xfc, 0xf8, 0x00,
    0xf8, 0xfc, 0xf8, 0x00, 0xf8, 0xfc, 0xf8, 0x00, 0xf8, 0xfc, 0xf8, 0x00,
    0xf8, 0xfc, 0xf8, 0x00, 0xf8, 0xfc, 0xf8, 0x00, 0xf8, 0xfc, 0xf8, 0x00,
    0xf8, 0xfc, 0xf8, 0x00, 0xf8, 0xfc, 0xf8, 0x00, 0xf8, 0xfc, 0xf8, 0x00,
    0xf8, 0xfc, 0xf8, 0x00, 0xf8, 0xfc, 0xf8, 0x00, 0xf8, 0xfc, 0xf8, 0x00,
    0xf8, 0xfc, 0xf8, 0x00, 0xf8, 0xfc, 0xf8, 0x00, 0xf8, 0xfc, 0xf8, 0x00,
    0xf8, 0xfc, 0xf8, 0x00, 0xf8, 0xfc, 0xf8, 0x00, 0xf8, 0xfc, 0xf8, 0x00,
    0xf8, 0xfc, 0xf8, 0x00, 0xf8, 0xfc, 0xf8, 0x00, 0xf8, 0xfc, 0xf8, 0x00,
    0xf8, 0xfc, 0xf8, 0x00, 0xf8, 0xfc, 0xf8, 0x00, 0xf8, 0xfc, 0xf8, 0x00,
    0xf8, 0xfc, 0xf8, 0x00, 0xf8, 0xfc, 0xf8, 0x00, 0xf8, 0xfc, 0xf8, 0x00,
    0xf8, 0xfc, 0xf8, 0x00, 0xf8, 0xfc, 0xf8, 0x00, 0xf8, 0xfc, 0xf8, 0x00,
    0xf8, 0xfc, 0xf8, 0x00, 0xf8, 0xfc, 0xf8, 0x00, 0xf8, 0xfc, 0xf8, 0x00,
    0xf8, 0xfc, 0xf8, 0x00, 0xf8, 0xfc, 0xf8, 0x00, 0xf8, 0xfc, 0xf8, 0x00,
    0xf8, 0xfc, 0xf8, 0x00, 0xf8, 0xfc, 0xf8, 0x00, 0xf8, 0xfc, 0xf8, 0x00,
    0xf8, 0xfc, 0xf8, 0x00, 0xf8, 0xfc, 0xf8, 0x00, 0xf8, 0xfc, 0xf8, 0x00,
    0xf8, 0xfc, 0xf8, 0x00, 0xf8, 0xfc, 0xf8, 0x00, 0xf8, 0xfc, 0xf8, 0x00,
    0xf8, 0xfc, 0xf8, 0x00, 0xf8, 0xfc, 0xf8, 0x00, 0xf8, 0xfc, 0xf8, 0x00,
    0xf8, 0xfc, 0xf8, 0x00, 0xf8, 0xfc, 0xf8, 0x00, 0xf8, 0xfc, 0xf8, 0x00,
    0xf8, 0xfc, 0xf8, 0x00, 0xf8, 0xfc, 0xf8, 0x00, 0xf8, 0xfc, 0xf8, 0x00,
    0xf8, 0xfc, 0xf8, 0x00, 0xf8, 0xfc, 0xf8, 0x00, 0xf8, 0xfc, 0xf8, 0x00,
    0xf8, 0xfc, 0xf8, 0x00, 0xf8, 0xfc, 0xf8, 0x00, 0xf8, 0xfc, 0xf8, 0x00,
    0xf8, 0xfc, 0xf8, 0x00, 0xf8, 0xfc, 0xf8, 0x00, 0xf8, 0xfc, 0xf8, 0x00,
    0xf8, 0xfc, 0xf8, 0x00, 0xf8, 0xfc, 0xf8, 0x00, 0xf8, 0xfc, 0xf8, 0x00,
    0xf8, 0xfc, 0xf8, 0x00, 0xf8, 0xfc, 0xf8, 0x00, 0xf8, 0xfc, 0xf8, 0x00,
    0xf8, 0xfc, 0xf8, 0x00, 0xf8, 0xfc, 0xf8, 0x00, 0xf8, 0xfc, 0xf8, 0x00,
    0xf8, 0xfc, 0xf8, 0x00, 0xf8, 0xfc, 0xf8, 0x00, 0xf8, 0xfc, 0xf8, 0x00,
    0xf8, 0xfc, 0xf8, 0x00, 0xf8, 0xfc, 0xf8, 0x00, 0xf8, 0xfc, 0xf8, 0x00,
    0xf8, 0xfc, 0xf8, 0x00, 0xf8, 0xfc, 0xf8, 0x00, 0xf8, 0xfc, 0xf8, 0x00,
    0xf8, 0xfc, 0xf8, 0x00, 0xf8, 0xfc, 0xf8, 0x00, 0xf8, 0xfc, 0xf8, 0x00,
    0xf8, 0xfc, 0xf8, 0x00, 0xf8, 0xfc, 0xf8, 0x00, 0xf8, 0xfc, 0xf8, 0x00,
    0xf8, 0xfc, 0xf8, 0x00, 0xf8, 0xfc, 0xf8, 0x00, 0xf8, 0xfc, 0xf8, 0x00,
    0xf8, 0xfc, 0xf8, 0x00, 0xf8, 0xfc, 0xf8, 0x00, 0xf8, 0xfc, 0xf8, 0x00,
    0xf8, 0xfc, 0xf8, 0x00, 0xf8, 0xfc, 0xf8, 0x00, 0xf8, 0xfc, 0xf8, 0x00,
    0xf8, 0xfc, 0xf8, 0x00, 0xf8, 0xfc, 0xf8, 0x00, 0xf8, 0xfc, 0xf8, 0x00,
    0xf8, 0xfc, 0xf8, 0x00, 0xf8, 0xfc, 0xf8, 0x00, 0xf8, 0xfc, 0xf8, 0x00,
    0xf8, 0xfc, 0xf8, 0x00, 0xf8, 0xfc, 0xf8, 0x00, 0xf8, 0xfc, 0xf8, 0x00,
    0xf8, 0xfc, 0xf8, 0x00, 0xf8, 0xfc, 0xf8, 0x00, 0xf8, 0xfc, 0xf8, 0x00,
    0xf8, 0xfc, 0xf8, 0x00, 0xf8, 0xfc, 0xf8, 0x00, 0xf8, 0xfc, 0xf8, 0x00,
    0xf8, 0xfc, 0xf8, 0x00, 0xf8, 0xfc, 0xf8, 0x00, 0xf8, 0xfc, 0xf8, 0x00,
    0xf8, 0xfc, 0xf8, 0x00, 0xf8, 0xfc, 0xf8, 0x00, 0xf8, 0xfc, 0xf8, 0x00,
    0xf8, 0xfc, 0xf8, 0x00, 0xf8, 0xfc, 0xf8, 0x00, 0xf8, 0xfc, 0xf8, 0x00,
    0xf8, 0xfc, 0xf8, 0x00, 0xf8, 0xfc, 0xf8, 0x00, 0xf8, 0xfc, 0xf8, 0x00,
    0xf8, 0xfc, 0xf8, 0x00, 0xf8, 0xfc, 0xf8, 0x00, 0xf8, 0xfc, 0xf8, 0x00,
    0xf8, 0xfc, 0xf8, 0x00, 0xf8, 0xfc, 0xf8, 0x00, 0xf8, 0xfc, 0xf8, 0x00,
    0xf8, 0xfc, 0xf8, 0x00, 0xf8, 0xfc, 0xf8, 0x00, 0xf8, 0xfc, 0xf8, 0x00,
    0xf8, 0xfc, 0xf8, 0x00, 0xf8, 0xfc, 0xf8, 0x00, 0xf8, 0xfc, 0xf8, 0x00,
    0xf8, 0xfc, 0xf8, 0x00, 0xf8, 0xfc, 0xf8, 0x00, 0xf8, 0xfc, 0xf8, 0x00,
    0xf8, 0xfc, 0xf8, 0x00, 0xf8, 0xfc, 0xf8, 0x00, 0xf8, 0xfc, 0xf8, 0x00,
    0xf8, 0xfc, 0xf8, 0x00, 0xf8, 0xfc, 0xf8, 0x00, 0xf8, 0xfc, 0xf8, 0x00,
    0xf8, 0xfc, 0xf8, 0x00, 0xf8, 0xfc, 0xf8, 0x00, 0xf8, 0xfc, 0xf8, 0x00,
    0xf8, 0xfc, 0xf8, 0x00, 0xf8, 0xfc, 0xf8, 0x00, 0xf8, 0xfc, 0xf8, 0x00,
    0xf8, 0xfc, 0xf8, 0x00, 0xf8, 0xfc, 0xf8, 0x00, 0xf8, 0xfc, 0xf8, 0x00,
    0xf8, 0xfc, 0xf8, 0x00, 0xf8, 0xfc, 0xf8, 0x00, 0xf8, 0xfc, 0xf8, 0x00,
    0xf8, 0xfc, 0xf8, 0x00, 0xf8, 0xfc, 0xf8, 0x00, 0xf8, 0xfc, 0xf8, 0x00,
    0xf8, 0xfc, 0xf8, 0x00, 0xf8, 0xfc, 0xf8, 0x00, 0xf8, 0xfc, 0xf8, 0x00,
    0xf8, 0xfc, 0xf8, 0x00, 0xf8, 0xfc, 0xf8, 0x00, 0xf8, 0xfc, 0xf8, 0x00,
    0xf8, 0xfc, 0xf8, 0x00, 0xf8, 0xfc, 0xf8, 0x00, 0xf8, 0xfc, 0xf8, 0x00,
    0xf8, 0xfc, 0xf8, 0x00, 0xf8, 0xfc, 0xf8, 0x00, 0xf8, 0xfc, 0xf8, 0x00,
    0xf8, 0xfc, 0xf8, 0x00, 0xf8, 0xfc, 0xf8, 0x00, 0xf8, 0xfc, 0xf8, 0x00,
    0xf8, 0xfc, 0xf8, 0x00, 0xf8, 0xfc, 0xf8, 0x00, 0xf8, 0xfc, 0xf8, 0x00,
    0xf8, 0xfc, 0xf8, 0x00, 0xf8, 0xfc, 0xf8, 0x00, 0xf8, 0xfc, 0xf8, 0x00,
    0xf8, 0xfc, 0xf8, 0x00, 0xf8, 0xfc, 0xf8, 0x00, 0xf8, 0xfc, 0xf8, 0x00,
    0xf8, 0xfc, 0xf8, 0x00, 0xf8, 0xfc, 0xf8, 0x00, 0xf8, 0xfc, 0xf8, 0x00,
    0xf8, 0xfc, 0xf8, 0x00, 0xf8, 0xfc, 0xf8, 0x00, 0xf8, 0xfc, 0xf8, 0x00,
    0xf8, 0xfc, 0xf8, 0x00, 0xf8, 0xfc, 0xf8, 0x00, 0xf8, 0xfc, 0xf8, 0x00,
    0xf8, 0xfc, 0xf8, 0x00, 0xf8, 0xfc, 0xf8, 0x00, 0xf8, 0xfc, 0xf8, 0x00,
    0xf8, 0xfc, 0xf8, 0x00, 0xf8, 0xfc, 0xf8, 0x00, 0xf8, 0xfc, 0xf8, 0x00,
    0xf8, 0xfc, 0xf8, 0x00, 0xf8, 0xfc, 0xf8, 0x00, 0xf8, 0xfc, 0xf8, 0x00,
    0xf8, 0xfc, 0xf8, 0x00, 0xf8, 0xfc, 0xf8, 0x00, 0xf8, 0xfc, 0xf8, 0x00,
    0xf8, 0xfc, 0xf8, 0x00, 0xf8, 0xfc, 0xf8, 0x00, 0xf8, 0xfc, 0xf8, 0x00,
    0xf8, 0xfc, 0xf8, 0x00, 0xf8, 0xfc, 0xf8, 0x00, 0xf8, 0xfc, 0xf8, 0x00,
    0xf8, 0xfc, 0xf8, 0x00, 0xf8, 0xfc, 0xf8, 0x00, 0xf8, 0xfc, 0xf8, 0x00,
    0xf8, 0xfc, 0xf8, 0x00, 0xf8, 0xfc, 0xf8, 0x00, 0xf8, 0xfc, 0xf8, 0x00,
    0xf8, 0xfc, 0xf8, 0x00, 0xf8, 0xfc, 0xf8, 0x00, 0xf8, 0xfc, 0xf8, 0x00,
    0xf8, 0xfc, 0xf8, 0x00, 0xf8, 0xfc, 0xf8, 0x00, 0xf8, 0xfc, 0xf8, 0x00,
    0xf8, 0xfc, 0xf8, 0x00, 0xf8, 0xfc, 0xf8, 0x00, 0xf8, 0xfc, 0xf8, 0x00,
    0xf8, 0xfc, 0xf8, 0x00, 0xf8, 0xfc, 0xf8, 0x00, 0xf8, 0xfc, 0xf8, 0x00,
    0xf8, 0xfc, 0xf8, 0x00, 0xf8, 0xfc, 0xf8, 0x00, 0xf8, 0xfc, 0xf8, 0x00,
    0xf8, 0xfc, 0xf8, 0x00, 0xf8, 0xfc, 0xf8, 0x00, 0xf8, 0xfc, 0xf8, 0x00,
    0xf8, 0xfc, 0xf8, 0x00, 0xf8, 0xfc, 0xf8, 0x00, 0xf8, 0xfc, 0xf8, 0x00,
    0xf8, 0xfc, 0xf8, 0x00, 0xf8, 0xfc, 0xf8, 0x00, 0xf8, 0xfc, 0xf8, 0x00,
    0xf8, 0xfc, 0xf8, 0x00, 0xf8, 0xfc, 0xf8, 0x00, 0xf8, 0xfc, 0xf8, 0x00,
    0xf8, 0xfc, 0xf8, 0x00, 0xf8, 0xfc, 0xf8, 0x00, 0xf8, 0xfc, 0xf8, 0x00,
    0xf8, 0xfc, 0xf8, 0x00, 0xf8, 0xfc, 0xf8, 0x00, 0xf8, 0xfc, 0xf8, 0x00,
    0xf8, 0xfc, 0xf8, 0x00, 0xf8, 0xfc, 0xf8, 0x00, 0xf8, 0xfc, 0xf8, 0x00,
    0xf8, 0xfc, 0xf8, 0x00, 0xf8, 0xfc, 0xf8, 0x00, 0xf8, 0xfc, 0xf8, 0x00,
    0xf8, 0xfc, 0xf8, 0x00, 0xf8, 0xfc, 0xf8, 0x00, 0xf8, 0xfc, 0xf8, 0x00,
    0xf8, 0xfc, 0xf8, 0x00, 0xf8, 0xfc, 0xf8, 0x00, 0xf8, 0xfc, 0xf8, 0x00,
    0xf8, 0xfc, 0xf8, 0x00, 0xf8, 0xfc, 0xf8, 0x00, 0xf8, 0xfc, 0xf8, 0x00,
    0xf8, 0xfc, 0xf8, 0x00, 0xf8, 0xfc, 0xf8, 0x00, 0xf8, 0xfc, 0xf8, 0x00,
    0xf8, 0xfc, 0xf8, 0x00, 0xf8, 0xfc, 0xf8, 0x00, 0xf8, 0xfc, 0xf8, 0x00,
    0xf8, 0xfc, 0xf8, 0x00, 0xf8, 0xfc, 0xf8, 0x00, 0xf8, 0xfc, 0xf8, 0x00,
    0xf8, 0xfc, 0xf8, 0x00, 0xf8, 0xfc, 0xf8, 0x00, 0xf8, 0xfc, 0xf8, 0x00,
    0xf8, 0xfc, 0xf8, 0x00, 0xf8, 0xfc, 0xf8, 0x00, 0xf8, 0xfc, 0xf8, 0x00,
    0xf8, 0xfc, 0xf8, 0x00, 0xf8, 0xfc, 0xf8, 0x00, 0xf8, 0xfc, 0xf8, 0x00,
    0xf8, 0xfc, 0xf8, 0x00, 0xf8, 0xfc, 0xf8, 0x00, 0xf8, 0xfc, 0xf8, 0x00,
    0xf8, 0xfc, 0xf8, 0x00, 0xf8, 0xfc, 0xf8, 0x00, 0xf8, 0xfc, 0xf8, 0x00,
    0xf8, 0xfc, 0xf8, 0x00, 0xf8, 0xfc, 0xf8, 0x00, 0xf8, 0xfc, 0xf8, 0x00,
    0xf8, 0xfc, 0xf8, 0x00, 0xf8, 0xfc, 0xf8, 0x00, 0xf8, 0xfc, 0xf8, 0x00,
    0xf8, 0xfc, 0xf8, 0x00, 0xf8, 0xfc, 0xf8, 0x00, 0xf8, 0xfc, 0xf8, 0x00,
    0xf8, 0xfc, 0xf8, 0x00, 0xf8, 0xfc, 0xf8, 0x00, 0xf8, 0xfc, 0xf8, 0x00,
    0xf8, 0xfc, 0xf8, 0x00, 0xf8, 0xfc, 0xf8, 0x00, 0xf8, 0xfc, 0xf8, 0x00,
    0xf8, 0xfc, 0xf8, 0x00, 0xf8, 0xfc, 0xf8, 0x00, 0xf8, 0xfc, 0xf8, 0x00,
    0xf8, 0xfc, 0xf8, 0x00, 0xf8, 0xfc, 0xf8, 0x00, 0xf8, 0xfc, 0xf8, 0x00,
    0xf8, 0xfc, 0xf8, 0x00, 0xf8, 0xfc, 0xf8, 0x00, 0xf8, 0xfc, 0xf8, 0x00,
    0xf8, 0xfc, 0xf8, 0x00, 0xf8, 0xfc, 0xf8, 0x00, 0xf8, 0xfc, 0xf8, 0x00,
    0xf8, 0xfc, 0xf8, 0x00, 0xf8, 0xfc, 0xf8, 0x00, 0xf8, 0xfc, 0xf8, 0x00,
    0xf8, 0xfc, 0xf8, 0x00, 0xf8, 0xfc, 0xf8, 0x00, 0xf8, 0xfc, 0xf8, 0x00,
    0xf8, 0xfc, 0xf8, 0x00, 0xf8, 0xfc, 0xf8, 0x00, 0xf8, 0xfc, 0xf8, 0x00,
    0xf8, 0xfc, 0xf8, 0x00, 0xf8, 0xfc, 0xf8, 0x00, 0xf8, 0xfc, 0xf8, 0x00,
    0xf8, 0xfc, 0xf8, 0x00, 0xf8, 0xfc, 0xf8, 0x00, 0xf8, 0xfc, 0xf8, 0x00,
    0xf8, 0xfc, 0xf8, 0x00, 0xf8, 0xfc, 0xf8, 0x00, 0xf8, 0xfc, 0xf8, 0x00,
    0xf8, 0xfc, 0xf8, 0x00, 0xf8, 0xfc, 0xf8, 0x00, 0xf8, 0xfc, 0xf8, 0x00,
    0xf8, 0xfc, 0xf8, 0x00, 0xf8, 0xfc, 0xf8, 0x00, 0xf8, 0xfc, 0xf8, 0x00,
    0xf8, 0xfc, 0xf8, 0x00, 0xf8, 0xfc, 0xf8, 0x00, 0xf8, 0xfc, 0xf8, 0x00,
    0xf8, 0xfc, 0xf8, 0x00, 0xf8, 0xfc, 0xf8, 0x00, 0xf8, 0xfc, 0xf8, 0x00,
    0xf8, 0xfc, 0xf8, 0x00, 0xf8, 0xfc, 0xf8, 0x00, 0xf8, 0xfc, 0xf8, 0x00,
    0xf8, 0xfc, 0xf8, 0x00, 0xf8, 0xfc, 0xf8, 0x00, 0xf8, 0xfc, 0xf8, 0x00,
    0xf8, 0xfc, 0xf8, 0x00, 0xf8, 0xfc, 0xf8, 0x00, 0xf8, 0xfc, 0xf8, 0x00,
    0xf8, 0xfc, 0xf8, 0x00, 0xf8, 0xfc, 0xf8, 0x00, 0xf8, 0xfc, 0xf8, 0x00,
    0xf8, 0xfc, 0xf8, 0x00, 0xf8, 0xfc, 0xf8, 0x00, 0xf8, 0xfc, 0xf8, 0x00,
    0xf8, 0xfc, 0xf8, 0x00, 0xf8, 0xfc, 0xf8, 0x00, 0xf8, 0xfc, 0xf8, 0x00,
    0xf8, 0xfc, 0xf8, 0x00, 0xf8, 0xfc, 0xf8, 0x00, 0xf8, 0xfc, 0xf8, 0x00,
    0xf8, 0xfc, 0xf8, 0x00, 0xf8, 0xfc, 0xf8, 0x00, 0xf8, 0xfc, 0xf8, 0x00,
    0xf8, 0xfc, 0xf8, 0x00, 0xf8, 0xfc, 0xf8, 0x00, 0xf8, 0xfc, 0xf8, 0x00,
    0xf8, 0xfc, 0xf8, 0x00, 0xf8, 0xfc, 0xf8, 0x00, 0xf8, 0xfc, 0xf8, 0x00,
    0xf8, 0xfc, 0xf8, 0x00, 0xf8, 0xfc, 0xf8, 0x00, 0xf8, 0xfc, 0xf8, 0x00,
    0xf8, 0xfc, 0xf8, 0x00, 0xf8, 0xfc, 0xf8, 0x00, 0xf8, 0xfc, 0xf8, 0x00,
    0xf8, 0xfc, 0xf8, 0x00, 0xf8, 0xfc, 0xf8, 0x00, 0xf8, 0xfc, 0xf8, 0x00,
    0xf8, 0xfc, 0xf8, 0x00, 0xf8, 0xfc, 0xf8, 0x00, 0xf8, 0xfc, 0xf8, 0x00,
    0xf8, 0xfc, 0xf8, 0x00, 0xf8, 0xfc, 0xf8, 0x00, 0xf8, 0xfc, 0xf8, 0x00,
    0xf8, 0xfc, 0xf8, 0x00, 0xf8, 0xfc, 0xf8, 0x00, 0xf8, 0xfc, 0xf8, 0x00,
    0xf8, 0xfc, 0xf8, 0x00, 0xf8, 0xfc, 0xf8, 0x00, 0xf8, 0xfc, 0xf8, 0x00,
    0xf8, 0xfc, 0xf8, 0x00, 0xf8, 0xfc, 0xf8, 0x00, 0xf8, 0xfc, 0xf8, 0x00,
    0xf8, 0xfc, 0xf8, 0x00, 0xf8, 0xfc, 0xf8, 0x00, 0xf8, 0xfc, 0xf8, 0x00,
    0xf8, 0xfc, 0xf8, 0x00, 0xf8, 0xfc, 0xf8, 0x00, 0xf8, 0xfc, 0xf8, 0x00,
    0xf8, 0xfc, 0xf8, 0x00, 0xf8, 0xfc, 0xf8, 0x00, 0xf8, 0xfc, 0xf8, 0x00,
    0xf8, 0xfc, 0xf8, 0x00, 0xf8, 0xfc, 0xf8, 0x00, 0xf8, 0xfc, 0xf8, 0x00,
    0xf8, 0xfc, 0xf8, 0x00, 0xf8, 0xfc, 0xf8, 0x00, 0xf8, 0xfc, 0xf8, 0x00,
    0xf8, 0xfc, 0xf8, 0x00, 0xf8, 0xfc, 0xf8, 0x00, 0xf8, 0xfc, 0xf8, 0x00,
    0xf8, 0xfc, 0xf8, 0x00, 0xf8, 0xfc, 0xf8, 0x00, 0xf8, 0xfc, 0xf8, 0x00,
    0xf8, 0xfc, 0xf8, 0x00, 0xf8, 0xfc, 0xf8, 0x00, 0xf8, 0xfc, 0xf8, 0x00,
    0xf8, 0xfc, 0xf8, 0x00, 0xf8, 0xfc, 0xf8, 0x00, 0xf8, 0xfc, 0xf8, 0x00,
    0xf8, 0xfc, 0xf8, 0x00, 0xf8, 0xfc, 0xf8, 0x00, 0xf8, 0xfc, 0xf8, 0x00,
    0xf8, 0xfc, 0xf8, 0x00, 0xf8, 0xfc, 0xf8, 0x00, 0xf8, 0xfc, 0xf8, 0x00,
    0xf8, 0xfc, 0xf8, 0x00, 0xf8, 0xfc, 0xf8, 0x00, 0xf8, 0xfc, 0xf8, 0x00,
    0xf8, 0xfc, 0xf8, 0x00, 0xf8, 0xfc, 0xf8, 0x00, 0xf8, 0xfc, 0xf8, 0x00,
    0xf8, 0xfc, 0xf8, 0x00, 0xf8, 0xfc, 0xf8, 0x00, 0xf8, 0xfc, 0xf8, 0x00,
    0xf8, 0xfc, 0xf8, 0x00, 0xf8, 0xfc, 0xf8, 0x00, 0xf8, 0xfc, 0xf8, 0x00,
    0xf8, 0xfc, 0xf8, 0x00, 0xf8, 0xfc, 0xf8, 0x00, 0xf8, 0xfc, 0xf8, 0x00,
    0xf8, 0xfc, 0xf8, 0x00, 0xf8, 0xfc, 0xf8, 0x00, 0xf8, 0xfc, 0xf8, 0x00,
    0xf8, 0xfc, 0xf8, 0x00, 0xf8, 0xfc, 0xf8, 0x00, 0xf8, 0xfc, 0xf8, 0x00,
    0xf8, 0xfc, 0xf8, 0x00, 0xf8, 0xfc, 0xf8, 0x00, 0xf8, 0xfc, 0xf8, 0x00,
    0xf8, 0xfc, 0xf8, 0x00, 0xf8, 0xfc, 0xf8, 0x00, 0xf8, 0xfc, 0xf8, 0x00,
    0xf8, 0xfc, 0xf8, 0x00, 0xf8, 0xfc, 0xf8, 0x00, 0xf8, 0xfc, 0xf8, 0x00,
    0xf8, 0xfc, 0xf8, 0x00, 0xf8, 0xfc, 0xf8, 0x00, 0xf8, 0xfc, 0xf8, 0x00,
    0xf8, 0xfc, 0xf8, 0x00, 0xf8, 0xfc, 0xf8, 0x00, 0xf8, 0xfc, 0xf8, 0x00,
    0xf8, 0xfc, 0xf8, 0x00, 0xf8, 0xfc, 0xf8, 0x00, 0xf8, 0xfc, 0xf8, 0x00,
    0xf8, 0xfc, 0xf8, 0x00, 0xf8, 0xfc, 0xf8, 0x00, 0xf8, 0xfc, 0xf8, 0x00,
    0xf8, 0xfc, 0xf8, 0x00, 0xf8, 0xfc, 0xf8, 0x00, 0xf8, 0xfc, 0xf8, 0x00,
    0xf8, 0xfc, 0xf8, 0x00, 0xf8, 0xfc, 0xf8, 0x00, 0xf8, 0xfc, 0xf8, 0x00,
    0xf8, 0xfc, 0xf8, 0x00, 0xf8, 0xfc, 0xf8, 0x00, 0xf8, 0xfc, 0xf8, 0x00,
    0xf8, 0xfc, 0xf8, 0x00, 0xf8, 0xfc, 0xf8, 0x00, 0xf8, 0xfc, 0xf8, 0x00,
    0xf8, 0xfc, 0xf8, 0x00, 0xf8, 0xfc, 0xf8, 0x00, 0xf8, 0xfc, 0xf8, 0x00,
    0xf8, 0xfc, 0xf8, 0x00, 0xf8, 0xfc, 0xf8, 0x00, 0xf8, 0xfc, 0xf8, 0x00,
    0xf8, 0xfc, 0xf8, 0x00, 0xf8, 0xfc, 0xf8, 0x00, 0xf8, 0xfc, 0xf8, 0x00,
    0xf8, 0xfc, 0xf8, 0x00, 0xf8, 0xfc, 0xf8, 0x00, 0xf8, 0xfc, 0xf8, 0x00,
    0xf8, 0xfc, 0xf8, 0x00, 0xf8, 0xfc, 0xf8, 0x00, 0xf8, 0xfc, 0xf8, 0x00,
    0xf8, 0xfc, 0xf8, 0x00, 0xf8, 0xfc, 0xf8, 0x00, 0xf8, 0xfc, 0xf8, 0x00,
    0xf8, 0xfc, 0xf8, 0x00, 0xf8, 0xfc, 0xf8, 0x00, 0xf8, 0xfc, 0xf8, 0x00,
    0xf8, 0xfc, 0xf8, 0x00, 0xf8, 0xfc, 0xf8, 0x00, 0xf8, 0xfc, 0xf8, 0x00,
    0xf8, 0xfc, 0xf8, 0x00, 0xf8, 0xfc, 0xf8, 0x00, 0xf8, 0xfc, 0xf8, 0x00,
    0xf8, 0xfc, 0xf8, 0x00, 0xf8, 0xfc, 0xf8, 0x00, 0xf8, 0xfc, 0xf8, 0x00,
    0xf8, 0xfc, 0xf8, 0x00, 0xf8, 0xfc, 0xf8, 0x00, 0xf8, 0xfc, 0xf8, 0x00,
    0xf8, 0xfc, 0xf8, 0x00, 0xf8, 0xfc, 0xf8, 0x00, 0xf8, 0xfc, 0xf8, 0x00,
    0xf8, 0xfc, 0xf8, 0x00, 0xf8, 0xfc, 0xf8, 0x00, 0xf8, 0xfc, 0xf8, 0x00,
    0xf8, 0xfc, 0xf8, 0x00, 0xf8, 0xfc, 0xf8, 0x00, 0xf8, 0xfc, 0xf8, 0x00,
    0xf8, 0xfc, 0xf8, 0x00, 0xf8, 0xfc, 0xf8, 0x00, 0xf8, 0xfc, 0xf8, 0x00,
    0xf8, 0xfc, 0xf8, 0x00, 0xf8, 0xfc, 0xf8, 0x00, 0xf8, 0xfc, 0xf8, 0x00,
    0xf8, 0xfc, 0xf8, 0x00, 0xf8, 0xfc, 0xf8, 0x00, 0xf8, 0xfc, 0xf8, 0x00,
    0xf8, 0xfc, 0xf8, 0x00, 0xf8, 0xfc, 0xf8, 0x00, 0xf8, 0xfc, 0xf8, 0x00,
    0xf8, 0xfc, 0xf8, 0x00, 0xf8, 0xfc, 0xf8, 0x00, 0xf8, 0xfc, 0xf8, 0x00,
    0xf8, 0xfc, 0xf8, 0x00, 0xf8, 0xfc, 0xf8, 0x00, 0xf8, 0xfc, 0xf8, 0x00,
    0xf8, 0xfc, 0xf8, 0x00, 0xf8, 0xfc, 0xf8, 0x00, 0xf8, 0xfc, 0xf8, 0x00,
    0xf8, 0xfc, 0xf8, 0x00, 0xf8, 0xfc, 0xf8, 0x00, 0xf8, 0xfc, 0xf8, 0x00,
    0xf8, 0xfc, 0xf8, 0x00, 0xf8, 0xfc, 0xf8, 0x00, 0xf8, 0xfc, 0xf8, 0x00,
    0xf8, 0xfc, 0xf8, 0x00, 0xf8, 0xfc, 0xf8, 0x00, 0xf8, 0xfc, 0xf8, 0x00,
    0xf8, 0xfc, 0xf8, 0x00, 0xf8, 0xfc, 0xf8, 0x00, 0xf8, 0xfc, 0xf8, 0x00,
    0xf8, 0xfc, 0xf8, 0x00, 0xf8, 0xfc, 0xf8, 0x00, 0xf8, 0xfc, 0xf8, 0x00,
    0xf8, 0xfc, 0xf8, 0x00, 0xf8, 0xfc, 0xf8, 0x00, 0xf8, 0xfc, 0xf8, 0x00,
    0xf8, 0xfc, 0xf8, 0x00, 0xf8, 0xfc, 0xf8, 0x00, 0xf8, 0xfc, 0xf8, 0x00,
    0xf8, 0xfc, 0xf8, 0x00, 0xf8, 0xfc, 0xf8, 0x00, 0xf8, 0xfc, 0xf8, 0x00,
    0xf8, 0xfc, 0xf8, 0x00, 0xf8, 0xfc, 0xf8, 0x00, 0xf8, 0xfc, 0xf8, 0x00,
    0xf8, 0xfc, 0xf8, 0x00, 0xf8, 0xfc, 0xf8, 0x00, 0xf8, 0xfc, 0xf8, 0x00,
    0xf8, 0xfc, 0xf8, 0x00, 0xf8, 0xfc, 0xf8, 0x00, 0xf8, 0xfc, 0xf8, 0x00,
    0xf8, 0xfc, 0xf8, 0x00, 0xf8, 0xfc, 0xf8, 0x00, 0xf8, 0xfc, 0xf8, 0x00,
    0xf8, 0xfc, 0xf8, 0x00, 0xf8, 0xfc, 0xf8, 0x00, 0xf8, 0xfc, 0xf8, 0x00,
    0xf8, 0xfc, 0xf8, 0x00, 0xf8, 0xfc, 0xf8, 0x00, 0xf8, 0xfc, 0xf8, 0x00,
    0xf8, 0xfc, 0xf8, 0x00, 0xf8, 0xfc, 0xf8, 0x00, 0xf8, 0xfc, 0xf8, 0x00,
    0xf8, 0xfc, 0xf8, 0x00, 0xf8, 0xfc, 0xf8, 0x00, 0xf8, 0xfc, 0xf8, 0x00,
    0xf8, 0xfc, 0xf8, 0x00, 0xf8, 0xfc, 0xf8, 0x00, 0xf8, 0xfc, 0xf8, 0x00,
    0xf8, 0xfc, 0xf8, 0x00, 0xf8, 0xfc, 0xf8, 0x00, 0xf8, 0xfc, 0xf8, 0x00,
    0xf8, 0xfc, 0xf8, 0x00, 0xf8, 0xfc, 0xf8, 0x00, 0xf8, 0xfc, 0xf8, 0x00,
    0xf8, 0xfc, 0xf8, 0x00, 0xf8, 0xfc, 0xf8, 0x00, 0xf8, 0xfc, 0xf8, 0x00,
    0xf8, 0xfc, 0xf8, 0x00, 0xf8, 0xfc, 0xf8, 0x00, 0xf8, 0xfc, 0xf8, 0x00,
    0xf8, 0xfc, 0xf8, 0x00, 0xf8, 0xfc, 0xf8, 0x00, 0xf8, 0xfc, 0xf8, 0x00,
    0xf8, 0xfc, 0xf8, 0x00, 0xf8, 0xfc, 0xf8, 0x00, 0xf8, 0xfc, 0xf8, 0x00,
    0xf8, 0xfc, 0xf8, 0x00, 0xf8, 0xfc, 0xf8, 0x00, 0xf8, 0xfc, 0xf8, 0x00,
    0xf8, 0xfc, 0xf8, 0x00, 0xf8, 0xfc, 0xf8, 0x00, 0xf8, 0xfc, 0xf8, 0x00,
    0xf8, 0xfc, 0xf8, 0x00, 0xf8, 0xfc, 0xf8, 0x00, 0xf8, 0xfc, 0xf8, 0x00,
    0xf8, 0xfc, 0xf8, 0x00, 0xf8, 0xfc, 0xf8, 0x00, 0xf8, 0xfc, 0xf8, 0x00,
    0xf8, 0xfc, 0xf8, 0x00, 0xf8, 0xfc, 0xf8, 0x00, 0xf8, 0xfc, 0xf8, 0x00,
    0xf8, 0xfc, 0xf8, 0x00, 0xf8, 0xfc, 0xf8, 0x00, 0xf8, 0xfc, 0xf8, 0x00,
    0xf8, 0xfc, 0xf8, 0x00, 0xf8, 0xfc, 0xf8, 0x00, 0xf8, 0xfc, 0xf8, 0x00,
    0xf8, 0xfc, 0xf8, 0x00, 0xf8, 0xfc, 0xf8, 0x00, 0xf8, 0xfc, 0xf8, 0x00,
    0xf8, 0xfc, 0xf8, 0x00, 0xf8, 0xfc, 0xf8, 0x00, 0xf8, 0xfc, 0xf8, 0x00,
    0xf8, 0xfc, 0xf8, 0x00, 0xf8, 0xfc, 0xf8, 0x00, 0xf8, 0xfc, 0xf8, 0x00,
    0xf8, 0xfc, 0xf8, 0x00, 0xf8, 0xfc, 0xf8, 0x00, 0xf8, 0xfc, 0xf8, 0x00,
    0xf8, 0xfc, 0xf8, 0x00, 0xf8, 0xfc, 0xf8, 0x00, 0xf8, 0xfc, 0xf8, 0x00,
    0xf8, 0xfc, 0xf8, 0x00, 0xf8, 0xfc, 0xf8, 0x00, 0xf8, 0xfc, 0xf8, 0x00,
    0xf8, 0xfc, 0xf8, 0x00, 0xf8, 0xfc, 0xf8, 0x00, 0xf8, 0xfc, 0xf8, 0x00,
    0xf8, 0xfc, 0xf8, 0x00, 0xf8, 0xfc, 0xf8, 0x00, 0xf8, 0xfc, 0xf8, 0x00,
    0xf8, 0xfc, 0xf8, 0x00, 0xf8, 0xfc, 0xf8, 0x00, 0xf8, 0xfc, 0xf8, 0x00,
    0xf8, 0xfc, 0xf8, 0x00, 0xf8, 0xfc, 0xf8, 0x00, 0xf8, 0xfc, 0xf8, 0x00,
    0xf8, 0xfc, 0xf8, 0x00, 0xf8, 0xfc, 0xf8, 0x00, 0xf8, 0xfc, 0xf8, 0x00,
    0xf8, 0xfc, 0xf8, 0x00, 0xf8, 0xfc, 0xf8, 0x00, 0xf8, 0xfc, 0xf8, 0x00,
    0xf8, 0xfc, 0xf8, 0x00, 0xf8, 0xfc, 0xf8, 0x00, 0xf8, 0xfc, 0xf8, 0x00,
    0xf8, 0xfc, 0xf8, 0x00, 0xf8, 0xfc, 0xf8, 0x00, 0xf8, 0xfc, 0xf8, 0x00,
    0xf8, 0xfc, 0xf8, 0x00, 0xf8, 0xfc, 0xf8, 0x00, 0xf8, 0xfc, 0xf8, 0x00,
    0xf8, 0xfc, 0xf8, 0x00, 0xf8, 0xfc, 0xf8, 0x00, 0xf8, 0xfc, 0xf8, 0x00,
    0xf8, 0xfc, 0xf8, 0x00, 0xf8, 0xfc, 0xf8, 0x00, 0xf8, 0xfc, 0xf8, 0x00,
    0xf8, 0xfc, 0xf8, 0x00, 0xf8, 0xfc, 0xf8, 0x00, 0xf8, 0xfc, 0xf8, 0x00,
    0xf8, 0xfc, 0xf8, 0x00, 0xf8, 0xfc, 0xf8, 0x00, 0xf8, 0xfc, 0xf8, 0x00,
    0xf8, 0xfc, 0xf8, 0x00, 0xf8, 0xfc, 0xf8, 0x00, 0xf8, 0xfc, 0xf8, 0x00,
    0xf8, 0xfc, 0xf8, 0x00, 0xf8, 0xfc, 0xf8, 0x00, 0xf8, 0xfc, 0xf8, 0x00,
    0xf8, 0xfc, 0xf8, 0x00, 0xf8, 0xfc, 0xf8, 0x00, 0xf8, 0xfc, 0xf8, 0x00,
    0xf8, 0xfc, 0xf8, 0x00, 0xf8, 0xfc, 0xf8, 0x00, 0xf8, 0xfc, 0xf8, 0x00,
    0xf8, 0xfc, 0xf8, 0x00, 0xf8, 0xfc, 0xf8, 0x00, 0xf8, 0xfc, 0xf8, 0x00,
    0xf8, 0xfc, 0xf8, 0x00, 0xf8, 0xfc, 0xf8, 0x00, 0xf8, 0xfc, 0xf8, 0x00,
    0xf8, 0xfc, 0xf8, 0x00, 0xf8, 0xfc, 0xf8, 0x00, 0xf8, 0xfc, 0xf8, 0x00,
    0xf8, 0xfc, 0xf8, 0x00, 0xf8, 0xfc, 0xf8, 0x00, 0xf8, 0xfc, 0xf8, 0x00,
    0xf8, 0xfc, 0xf8, 0x00, 0xf8, 0xfc, 0xf8, 0x00, 0xf8, 0xfc, 0xf8, 0x00,
    0xf8, 0xfc, 0xf8, 0x00, 0xf8, 0xfc, 0xf8, 0x00, 0xf8, 0xfc, 0xf8, 0x00,
    0xf8, 0xfc, 0xf8, 0x00, 0xf8, 0xfc, 0xf8, 0x00, 0xf8, 0xfc, 0xf8, 0x00,
    0xf8, 0xfc, 0xf8, 0x00, 0xf8, 0xfc, 0xf8, 0x00, 0xf8, 0xfc, 0xf8, 0x00,
    0xf8, 0xfc, 0xf8, 0x00, 0xf8, 0xfc, 0xf8, 0x00, 0xf8, 0xfc, 0xf8, 0x00,
    0xf8, 0xfc, 0xf8, 0x00, 0xf8, 0xfc, 0xf8, 0x00, 0xf8, 0xfc, 0xf8, 0x00,
    0xf8, 0xfc, 0xf8, 0x00, 0xf8, 0xfc, 0xf8, 0x00, 0xf8, 0xfc, 0xf8, 0x00,
    0xf8, 0xfc, 0xf8, 0x00, 0xf8, 0xfc, 0xf8, 0x00, 0xf8, 0xfc, 0xf8, 0x00,
    0xf8, 0xfc, 0xf8, 0x00, 0xf8, 0xfc, 0xf8, 0x00, 0xf8, 0xfc, 0xf8, 0x00,
    0xf8, 0xfc, 0xf8, 0x00, 0xf8, 0xfc, 0xf8, 0x00, 0xf8, 0xfc, 0xf8, 0x00,
    0xf8, 0xfc, 0xf8, 0x00, 0xf8, 0xfc, 0xf8, 0x00, 0xf8, 0xfc, 0xf8, 0x00,
    0xf8, 0xfc, 0xf8, 0x00, 0xf8, 0xfc, 0xf8, 0x00, 0xf8, 0xfc, 0xf8, 0x00,
    0xf8, 0xfc, 0xf8, 0x00, 0xf8, 0xfc, 0xf8, 0x00, 0xf8, 0xfc, 0xf8, 0x00,
    0xf8, 0xfc, 0xf8, 0x00, 0xf8, 0xfc, 0xf8, 0x00, 0xf8, 0xfc, 0xf8, 0x00,
    0xf8, 0xfc, 0xf8, 0x00, 0xf8, 0xfc, 0xf8, 0x00, 0xf8, 0xfc, 0xf8, 0x00,
    0xf8, 0xfc, 0xf8, 0x00, 0xf8, 0xfc, 0xf8, 0x00, 0xf8, 0xfc, 0xf8, 0x00,
    0xf8, 0xfc, 0xf8, 0x00, 0xf8, 0xfc, 0xf8, 0x00, 0xf8, 0xfc, 0xf8, 0x00,
    0xf8, 0xfc, 0xf8, 0x00, 0xf8, 0xfc, 0xf8, 0x00, 0xf8, 0xfc, 0xf8, 0x00,
    0xf8, 0xfc, 0xf8, 0x00, 0xf8, 0xfc, 0xf8, 0x00, 0xf8, 0xfc, 0xf8, 0x00,
    0xf8, 0xfc, 0xf8, 0x00, 0xf8, 0xfc, 0xf8, 0x00, 0xf8, 0xfc, 0xf8, 0x00,
    0xf8, 0xfc, 0xf8, 0x00, 0xf8, 0xfc, 0xf8, 0x00, 0xf8, 0xfc, 0xf8, 0x00,
    0xf8, 0xfc, 0xf8, 0x00, 0xf8, 0xfc, 0xf8, 0x00, 0xf8, 0xfc, 0xf8, 0x00,
    0xf8, 0xfc, 0xf8, 0x00, 0xf8, 0xfc, 0xf8, 0x00, 0xf8, 0xfc, 0xf8, 0x00,
    0xf8, 0xfc, 0xf8, 0x00, 0xf8, 0xfc, 0xf8, 0x00, 0xf8, 0xfc, 0xf8, 0x00,
    0xf8, 0xfc, 0xf8, 0x00, 0xf8, 0xfc, 0xf8, 0x00, 0xf8, 0xfc, 0xf8, 0x00,
    0xf8, 0xfc, 0xf8, 0x00, 0xf8, 0xfc, 0xf8, 0x00, 0xf8, 0xfc, 0xf8, 0x00,
    0xf8, 0xfc, 0xf8, 0x00, 0xf8, 0xfc, 0xf8, 0x00, 0xf8, 0xfc, 0xf8, 0x00,
    0xf8, 0xfc, 0xf8, 0x00, 0xf8, 0xfc, 0xf8, 0x00, 0xf8, 0xfc, 0xf8, 0x00,
    0xf8, 0xfc, 0xf8, 0x00, 0xf8, 0xfc, 0xf8, 0x00, 0xf8, 0xfc, 0xf8, 0x00,
    0xf8, 0xfc, 0xf8, 0x00, 0xf8, 0xfc, 0xf8, 0x00, 0xf8, 0xfc, 0xf8, 0x00,
    0xf8, 0xfc, 0xf8, 0x00, 0xf8, 0xfc, 0xf8, 0x00, 0xf8, 0xfc, 0xf8, 0x00,
    0xf8, 0xfc, 0xf8, 0x00, 0xf8, 0xfc, 0xf8, 0x00, 0xf8, 0xfc, 0xf8, 0x00,
    0xf8, 0xfc, 0xf8, 0x00, 0xf8, 0xfc, 0xf8, 0x00, 0xf8, 0xfc, 0xf8, 0x00,
    0xf8, 0xfc, 0xf8, 0x00, 0xf8, 0xfc, 0xf8, 0x00, 0xf8, 0xfc, 0xf8, 0x00,
    0xf8, 0xfc, 0xf8, 0x00, 0xf8, 0xfc, 0xf8, 0x00, 0xf8, 0xfc, 0xf8, 0x00,
    0xf8, 0xfc, 0xf8, 0x00, 0xf8, 0xfc, 0xf8, 0x00, 0xf8, 0xfc, 0xf8, 0x00,
    0xf8, 0xfc, 0xf8, 0x00, 0xf8, 0xfc, 0xf8, 0x00, 0xf8, 0xfc, 0xf8, 0x00,
    0xf8, 0xfc, 0xf8, 0x00, 0xf8, 0xfc, 0xf8, 0x00, 0xf8, 0xfc, 0xf8, 0x00,
    0xf8, 0xfc, 0xf8, 0x00, 0xf8, 0xfc, 0xf8, 0x00, 0xf8, 0xfc, 0xf8, 0x00,
    0xf8, 0xfc, 0xf8, 0x00, 0xf8, 0xfc, 0xf8, 0x00, 0xf8, 0xfc, 0xf8, 0x00,
    0xf8, 0xfc, 0xf8, 0x00, 0xf8, 0xfc, 0xf8, 0x00, 0xf8, 0xfc, 0xf8, 0x00,
    0xf8, 0xfc, 0xf8, 0x00, 0xf8, 0xfc, 0xf8, 0x00, 0xf8, 0xfc, 0xf8, 0x00,
    0xf8, 0xfc, 0xf8, 0x00, 0xf8, 0xfc, 0xf8, 0x00, 0xf8, 0xfc, 0xf8, 0x00,
    0xf8, 0xfc, 0xf8, 0x00, 0xf8, 0xfc, 0xf8, 0x00, 0xf8, 0xfc, 0xf8, 0x00,
    0xf8, 0xfc, 0xf8, 0x00, 0xf8, 0xfc, 0xf8, 0x00, 0xf8, 0xfc, 0xf8, 0x00,
    0xf8, 0xfc, 0xf8, 0x00, 0xf8, 0xfc, 0xf8, 0x00, 0xf8, 0xfc, 0xf8, 0x00,
    0xf8, 0xfc, 0xf8, 0x00, 0xf8, 0xfc, 0xf8, 0x00, 0xf8, 0xfc, 0xf8, 0x00,
    0xf8, 0xfc, 0xf8, 0x00, 0xf8, 0xfc, 0xf8, 0x00, 0xf8, 0xfc, 0xf8, 0x00,
    0xf8, 0xfc, 0xf8, 0x00, 0xf8, 0xfc, 0xf8, 0x00, 0xf8, 0xfc, 0xf8, 0x00,
    0xf8, 0xfc, 0xf8, 0x00, 0xf8, 0xfc, 0xf8, 0x00, 0xf8, 0xfc, 0xf8, 0x00,
    0xf8, 0xfc, 0xf8, 0x00, 0xf8, 0xfc, 0xf8, 0x00, 0xf8, 0xfc, 0xf8, 0x00,
    0xf8, 0xfc, 0xf8, 0x00, 0xf8, 0xfc, 0xf8, 0x00, 0xf8, 0xfc, 0xf8, 0x00,
    0xf8, 0xfc, 0xf8, 0x00, 0xf8, 0xfc, 0xf8, 0x00, 0xf8, 0xfc, 0xf8, 0x00,
    0xf8, 0xfc, 0xf8, 0x00, 0xf8, 0xfc, 0xf8, 0x00, 0xf8, 0xfc, 0xf8, 0x00,
    0xf8, 0xfc, 0xf8, 0x00, 0xf8, 0xfc, 0xf8, 0x00, 0xf8, 0xfc, 0xf8, 0x00,
    0xf8, 0xfc, 0xf8, 0x00, 0xf8, 0xfc, 0xf8, 0x00, 0xf8, 0xfc, 0xf8, 0x00,
    0xf8, 0xfc, 0xf8, 0x00, 0xf8, 0xfc, 0xf8, 0x00, 0xf8, 0xfc, 0xf8, 0x00,
    0xf8, 0xfc, 0xf8, 0x00, 0xf8, 0xfc, 0xf8, 0x00, 0xf8, 0xfc, 0xf8, 0x00,
    0xf8, 0xfc, 0xf8, 0x00, 0xf8, 0xfc, 0xf8, 0x00, 0xf8, 0xfc, 0xf8, 0x00,
    0xf8, 0xfc, 0xf8, 0x00, 0xf8, 0xfc, 0xf8, 0x00, 0xf8, 0xfc, 0xf8, 0x00,
    0xf8, 0xfc, 0xf8, 0x00, 0xf8, 0xfc, 0xf8, 0x00, 0xf8, 0xfc, 0xf8, 0x00,
    0xf8, 0xfc, 0xf8, 0x00, 0xf8, 0xfc, 0xf8, 0x00, 0xf8, 0xfc, 0xf8, 0x00,
    0xf8, 0xfc, 0xf8, 0x00, 0xf8, 0xfc, 0xf8, 0x00, 0xf8, 0xfc, 0xf8, 0x00,
    0xf8, 0xfc, 0xf8, 0x00, 0xf8, 0xfc, 0xf8, 0x00, 0xf8, 0xfc, 0xf8, 0x00,
    0xf8, 0xfc, 0xf8, 0x00, 0xf8, 0xfc, 0xf8, 0x00, 0xf8, 0xfc, 0xf8, 0x00,
    0xf8, 0xfc, 0xf8, 0x00, 0xf8, 0xfc, 0xf8, 0x00, 0xf8, 0xfc, 0xf8, 0x00,
    0xf8, 0xfc, 0xf8, 0x00, 0xf8, 0xfc, 0xf8, 0x00, 0xf8, 0xfc, 0xf8, 0x00,
    0xf8, 0xfc, 0xf8, 0x00, 0xf8, 0xfc, 0xf8, 0x00, 0xf8, 0xfc, 0xf8, 0x00,
    0xf8, 0xfc, 0xf8, 0x00, 0xf8, 0xfc, 0xf8, 0x00, 0xf8, 0xfc, 0xf8, 0x00,
    0xf8, 0xfc, 0xf8, 0x00, 0xf8, 0xfc, 0xf8, 0x00, 0xf8, 0xfc, 0xf8, 0x00,
    0xf8, 0xfc, 0xf8, 0x00, 0xf8, 0xfc, 0xf8, 0x00, 0xf8, 0xfc, 0xf8, 0x00,
    0xf8, 0xfc, 0xf8, 0x00, 0xf8, 0xfc, 0xf8, 0x00, 0xf8, 0xfc, 0xf8, 0x00,
    0xf8, 0xfc, 0xf8, 0x00, 0xf8, 0xfc, 0xf8, 0x00, 0xf8, 0xfc, 0xf8, 0x00,
    0xf8, 0xfc, 0xf8, 0x00, 0xf8, 0xfc, 0xf8, 0x00, 0xf8, 0xfc, 0xf8, 0x00,
    0xf8, 0xfc, 0xf8, 0x00, 0xf8, 0xfc, 0xf8, 0x00, 0xf8, 0xfc, 0xf8, 0x00,
    0xf8, 0xfc, 0xf8, 0x00, 0xf8, 0xfc, 0xf8, 0x00, 0xf8, 0xfc, 0xf8, 0x00,
    0xf8, 0xfc, 0xf8, 0x00, 0xf8, 0xfc, 0xf8, 0x00, 0xf8, 0xfc, 0xf8, 0x00,
    0xf8, 0xfc, 0xf8, 0x00, 0xf8, 0xfc, 0xf8, 0x00, 0xf8, 0xfc, 0xf8, 0x00,
    0xf8, 0xfc, 0xf8, 0x00, 0xf8, 0xfc, 0xf8, 0x00, 0xf8, 0xfc, 0xf8, 0x00,
    0xf8, 0xfc, 0xf8, 0x00, 0xf8, 0xfc, 0xf8, 0x00, 0xf8, 0xfc, 0xf8, 0x00,
    0xf8, 0xfc, 0xf8, 0x00, 0xf8, 0xfc, 0xf8, 0x00, 0xf8, 0xfc, 0xf8, 0x00,
    0xf8, 0xfc, 0xf8, 0x00, 0xf8, 0xfc, 0xf8, 0x00, 0xf8, 0xfc, 0xf8, 0x00,
    0xf8, 0xfc, 0xf8, 0x00, 0xf8, 0xfc, 0xf8, 0x00, 0xf8, 0xfc, 0xf8, 0x00,
    0xf8, 0xfc, 0xf8, 0x00, 0xf8, 0xfc, 0xf8, 0x00, 0xf8, 0xfc, 0xf8, 0x00,
    0xf8, 0xfc, 0xf8, 0x00, 0xf8, 0xfc, 0xf8, 0x00, 0xf8, 0xfc, 0xf8, 0x00,
    0xf8, 0xfc, 0xf8, 0x00, 0xf8, 0xfc, 0xf8, 0x00, 0xf8, 0xfc, 0xf8, 0x00,
    0xf8, 0xfc, 0xf8, 0x00, 0xf8, 0xfc, 0xf8, 0x00, 0xf8, 0xfc, 0xf8, 0x00,
    0xf8, 0xfc, 0xf8, 0x00, 0xf8, 0xfc, 0xf8, 0x00, 0xf8, 0xfc, 0xf8, 0x00,
    0xf8, 0xfc, 0xf8, 0x00, 0xf8, 0xfc, 0xf8, 0x00, 0xf8, 0xfc, 0xf8, 0x00,
    0xf8, 0xfc, 0xf8, 0x00, 0xf8, 0xfc, 0xf8, 0x00, 0xf8, 0xfc, 0xf8, 0x00,
    0xf8, 0xfc, 0xf8, 0x00, 0xf8, 0xfc, 0xf8, 0x00, 0xf8, 0xfc, 0xf8, 0x00,
    0xf8, 0xfc, 0xf8, 0x00, 0xf8, 0xfc, 0xf8, 0x00, 0xf8, 0xfc, 0xf8, 0x00,
    0xf8, 0xfc, 0xf8, 0x00, 0xf8, 0xfc, 0xf8, 0x00, 0xf8, 0xfc, 0xf8, 0x00,
    0xf8, 0xfc, 0xf8, 0x00, 0xf8, 0xfc, 0xf8, 0x00, 0xf8, 0xfc, 0xf8, 0x00,
    0xf8, 0xfc, 0xf8, 0x00, 0xf8, 0xfc, 0xf8, 0x00, 0xf8, 0xfc, 0xf8, 0x00,
    0xf8, 0xfc, 0xf8, 0x00, 0xf8, 0xfc, 0xf8, 0x00, 0xf8, 0xfc, 0xf8, 0x00,
    0xf8, 0xfc, 0xf8, 0x00, 0xf8, 0xfc, 0xf8, 0x00, 0xf8, 0xfc, 0xf8, 0x00,
    0xf8, 0xfc, 0xf8, 0x00, 0xf8, 0xfc, 0xf8, 0x00, 0xf8, 0xfc, 0xf8, 0x00,
    0xf8, 0xfc, 0xf8, 0x00, 0xf8, 0xfc, 0xf8, 0x00, 0xf8, 0xfc, 0xf8, 0x00,
    0xf8, 0xfc, 0xf8, 0x00, 0xf8, 0xfc, 0xf8, 0x00, 0xf8, 0xfc, 0xf8, 0x00,
    0xf8, 0xfc, 0xf8, 0x00, 0xf8, 0xfc, 0xf8, 0x00, 0xf8, 0xfc, 0xf8, 0x00,
    0xf8, 0xfc, 0xf8, 0x00, 0xf8, 0xfc, 0xf8, 0x00, 0xf8, 0xfc, 0xf8, 0x00,
    0xf8, 0xfc, 0xf8, 0x00, 0xf8, 0xfc, 0xf8, 0x00, 0xf8, 0xfc, 0xf8, 0x00,
    0xf8, 0xfc, 0xf8, 0x00, 0xf8, 0xfc, 0xf8, 0x00, 0xf8, 0xfc, 0xf8, 0x00,
    0xf8, 0xfc, 0xf8, 0x00, 0xf8, 0xfc, 0xf8, 0x00, 0xf8, 0xfc, 0xf8, 0x00,
    0xf8, 0xfc, 0xf8, 0x00, 0xf8, 0xfc, 0xf8, 0x00, 0xf8, 0xfc, 0xf8, 0x00,
    0xf8, 0xfc, 0xf8, 0x00, 0xf8, 0xfc, 0xf8, 0x00, 0xf8, 0xfc, 0xf8, 0x00,
    0xf8, 0xfc, 0xf8, 0x00, 0xf8, 0xfc, 0xf8, 0x00, 0xf8, 0xfc, 0xf8, 0x00,
    0xf8, 0xfc, 0xf8, 0x00, 0xf8, 0xfc, 0xf8, 0x00, 0xf8, 0xfc, 0xf8, 0x00,
    0xf8, 0xfc, 0xf8, 0x00, 0xf8, 0xfc, 0xf8, 0x00, 0xf8, 0xfc, 0xf8, 0x00,
    0xf8, 0xfc, 0xf8, 0x00, 0xf8, 0xfc, 0xf8, 0x00, 0xf8, 0xfc, 0xf8, 0x00,
    0xf8, 0xfc, 0xf8, 0x00, 0xf8, 0xfc, 0xf8, 0x00, 0xf8, 0xfc, 0xf8, 0x00,
    0xf8, 0xfc, 0xf8, 0x00, 0xf8, 0xfc, 0xf8, 0x00, 0xf8, 0xfc, 0xf8, 0x00,
    0xf8, 0xfc, 0xf8, 0x00, 0xf8, 0xfc, 0xf8, 0x00, 0xf8, 0xfc, 0xf8, 0x00,
    0xf8, 0xfc, 0xf8, 0x00, 0xf8, 0xfc, 0xf8, 0x00, 0xf8, 0xfc, 0xf8, 0x00,
    0xf8, 0xfc, 0xf8, 0x00, 0xf8, 0xfc, 0xf8, 0x00, 0xf8, 0xfc, 0xf8, 0x00,
    0xf8, 0xfc, 0xf8, 0x00, 0xf8, 0xfc, 0xf8, 0x00, 0xf8, 0xfc, 0xf8, 0x00,
    0xf8, 0xfc, 0xf8, 0x00, 0xf8, 0xfc, 0xf8, 0x00, 0xf8, 0xfc, 0xf8, 0x00,
    0xf8, 0xfc, 0xf8, 0x00, 0xf8, 0xfc, 0xf8, 0x00, 0xf8, 0xfc, 0xf8, 0x00,
    0xf8, 0xfc, 0xf8, 0x00, 0xf8, 0xfc, 0xf8, 0x00, 0xf8, 0xfc, 0xf8, 0x00,
    0xf8, 0xfc, 0xf8, 0x00, 0xf8, 0xfc, 0xf8, 0x00, 0xf8, 0xfc, 0xf8, 0x00,
    0xf8, 0xfc, 0xf8, 0x00, 0xf8, 0xfc, 0xf8, 0x00, 0xf8, 0xfc, 0xf8, 0x00,
    0xf8, 0xfc, 0xf8, 0x00, 0xf8, 0xfc, 0xf8, 0x00, 0xf8, 0xfc, 0xf8, 0x00,
    0xf8, 0xfc, 0xf8, 0x00, 0xf8, 0xfc, 0xf8, 0x00, 0xf8, 0xfc, 0xf8, 0x00,
    0xf8, 0xfc, 0xf8, 0x00, 0xf8, 0xfc, 0xf8, 0x00, 0xf8, 0xfc, 0xf8, 0x00,
    0xf8, 0xfc, 0xf8, 0x00, 0xf8, 0xfc, 0xf8, 0x00, 0xf8, 0xfc, 0xf8, 0x00,
    0xf8, 0xfc, 0xf8, 0x00, 0xf8, 0xfc, 0xf8, 0x00, 0xf8, 0xfc, 0xf8, 0x00,
    0xf8, 0xfc, 0xf8, 0x00, 0xf8, 0xfc, 0xf8, 0x00, 0xf8, 0xfc, 0xf8, 0x00,
    0xf8, 0xfc, 0xf8, 0x00, 0xf8, 0xfc, 0xf8, 0x00, 0xf8, 0xfc, 0xf8, 0x00,
    0xf8, 0xfc, 0xf8, 0x00, 0xf8, 0xfc, 0xf8, 0x00, 0xf8, 0xfc, 0xf8, 0x00,
    0xf8, 0xfc, 0xf8, 0x00, 0xf8, 0xfc, 0xf8, 0x00, 0xf8, 0xfc, 0xf8, 0x00,
    0xf8, 0xfc, 0xf8, 0x00, 0xf8, 0xfc, 0xf8, 0x00, 0xf8, 0xfc, 0xf8, 0x00,
    0xf8, 0xfc, 0xf8, 0x00, 0xf8, 0xfc, 0xf8, 0x00, 0xf8, 0xfc, 0xf8, 0x00,
    0xf8, 0xfc, 0xf8, 0x00, 0xf8, 0xfc, 0xf8, 0x00, 0xf8, 0xfc, 0xf8, 0x00,
    0xf8, 0xfc, 0xf8, 0x00, 0xf8, 0xfc, 0xf8, 0x00, 0xf8, 0xfc, 0xf8, 0x00,
    0xf8, 0xfc, 0xf8, 0x00, 0xf8, 0xfc, 0xf8, 0x00, 0xf8, 0xfc, 0xf8, 0x00,
    0xf8, 0xfc, 0xf8, 0x00, 0xf8, 0xfc, 0xf8, 0x00, 0xf8, 0xfc, 0xf8, 0x00,
    0xf8, 0xfc, 0xf8, 0x00, 0xf8, 0xfc, 0xf8, 0x00, 0xf8, 0xfc, 0xf8, 0x00,
    0xf8, 0xfc, 0xf8, 0x00, 0xf8, 0xfc, 0xf8, 0x00, 0xf8, 0xfc, 0xf8, 0x00,
    0xf8, 0xfc, 0xf8, 0x00, 0xf8, 0xfc, 0xf8, 0x00, 0xf8, 0xfc, 0xf8, 0x00,
    0xf8, 0xfc, 0xf8, 0x00, 0xf8, 0xfc, 0xf8, 0x00, 0xf8, 0xfc, 0xf8, 0x00,
    0xf8, 0xfc, 0xf8, 0x00, 0xf8, 0xfc, 0xf8, 0x00, 0xf8, 0xfc, 0xf8, 0x00,
    0xf8, 0xfc, 0xf8, 0x00, 0xf8, 0xfc, 0xf8, 0x00, 0xf8, 0xfc, 0xf8, 0x00,
    0xf8, 0xfc, 0xf8, 0x00, 0xf8, 0xfc, 0xf8, 0x00, 0xf8, 0xfc, 0xf8, 0x00,
    0xf8, 0xfc, 0xf8, 0x00, 0xf8, 0xfc, 0xf8, 0x00, 0xf8, 0xfc, 0xf8, 0x00,
    0xf8, 0xfc, 0xf8, 0x00, 0xf8, 0xfc, 0xf8, 0x00, 0xf8, 0xfc, 0xf8, 0x00,
    0xf8, 0xfc, 0xf8, 0x00, 0xf8, 0xfc, 0xf8, 0x00, 0xf8, 0xfc, 0xf8, 0x00,
    0xf8, 0xfc, 0xf8, 0x00, 0xf8, 0xfc, 0xf8, 0x00, 0xf8, 0xfc, 0xf8, 0x00,
    0xf8, 0xfc, 0xf8, 0x00, 0xf8, 0xfc, 0xf8, 0x00, 0xf8, 0xfc, 0xf8, 0x00,
    0xf8, 0xfc, 0xf8, 0x00, 0xf8, 0xfc, 0xf8, 0x00, 0xf8, 0xfc, 0xf8, 0x00,
    0xf8, 0xfc, 0xf8, 0x00, 0xf8, 0xfc, 0xf8, 0x00, 0xf8, 0xfc, 0xf8, 0x00,
    0xf8, 0xfc, 0xf8, 0x00, 0xf8, 0xfc, 0xf8, 0x00, 0xf8, 0xfc, 0xf8, 0x00,
    0xf8, 0xfc, 0xf8, 0x00, 0xf8, 0xfc, 0xf8, 0x00, 0xf8, 0xfc, 0xf8, 0x00,
    0xf8, 0xfc, 0xf8, 0x00, 0xf8, 0xfc, 0xf8, 0x00, 0xf8, 0xfc, 0xf8, 0x00,
    0xf8, 0xfc, 0xf8, 0x00, 0xf8, 0xfc, 0xf8, 0x00, 0xf8, 0xfc, 0xf8, 0x00,
    0xf8, 0xfc, 0xf8, 0x00, 0xf8, 0xfc, 0xf8, 0x00, 0xf8, 0xfc, 0xf8, 0x00,
    0xf8, 0xfc, 0xf8, 0x00, 0xf8, 0xfc, 0xf8, 0x00, 0xf8, 0xfc, 0xf8, 0x00,
    0xf8, 0xfc, 0xf8, 0x00, 0xf8, 0xfc, 0xf8, 0x00, 0xf8, 0xfc, 0xf8, 0x00,
    0xf8, 0xfc, 0xf8, 0x00, 0xf8, 0xfc, 0xf8, 0x00, 0xf8, 0xfc, 0xf8, 0x00,
    0xf8, 0xfc, 0xf8, 0x00, 0xf8, 0xfc, 0xf8, 0x00, 0xf8, 0xfc, 0xf8, 0x00,
    0xf8, 0xfc, 0xf8, 0x00, 0xf8, 0xfc, 0xf8, 0x00, 0xf8, 0xfc, 0xf8, 0x00,
    0xf8, 0xfc, 0xf8, 0x00, 0xf8, 0xfc, 0xf8, 0x00, 0xf8, 0xfc, 0xf8, 0x00,
    0xf8, 0xfc, 0xf8, 0x00, 0xf8, 0xfc, 0xf8, 0x00, 0xf8, 0xfc, 0xf8, 0x00,
    0xf8, 0xfc, 0xf8, 0x00, 0xf8, 0xfc, 0xf8, 0x00, 0xf8, 0xfc, 0xf8, 0x00,
    0xf8, 0xfc, 0xf8, 0x00, 0xf8, 0xfc, 0xf8, 0x00, 0xf8, 0xfc, 0xf8, 0x00,
    0xf8, 0xfc, 0xf8, 0x00, 0xf8, 0xfc, 0xf8, 0x00, 0xf8, 0xfc, 0xf8, 0x00,
    0xf8, 0xfc, 0xf8, 0x00, 0xf8, 0xfc, 0xf8, 0x00, 0xf8, 0xfc, 0xf8, 0x00,
    0xf8, 0xfc, 0xf8, 0x00, 0xf8, 0xfc, 0xf8, 0x00, 0xf8, 0xfc, 0xf8, 0x00,
    0xf8, 0xfc, 0xf8, 0x00, 0xf8, 0xfc, 0xf8, 0x00, 0xf8, 0xfc, 0xf8, 0x00,
    0xf8, 0xfc, 0xf8, 0x00, 0xf8, 0xfc, 0xf8, 0x00, 0xf8, 0xfc, 0xf8, 0x00,
    0xf8, 0xfc, 0xf8, 0x00, 0xf8, 0xfc, 0xf8, 0x00, 0xf8, 0xfc, 0xf8, 0x00,
    0xf8, 0xfc, 0xf8, 0x00, 0xf8, 0xfc, 0xf8, 0x00, 0xf8, 0xfc, 0xf8, 0x00,
    0xf8, 0xfc, 0xf8, 0x00, 0xf8, 0xfc, 0xf8, 0x00, 0xf8, 0xfc, 0xf8, 0x00,
    0xf8, 0xfc, 0xf8, 0x00, 0xf8, 0xfc, 0xf8, 0x00, 0xf8, 0xfc, 0xf8, 0x00,
    0xf8, 0xfc, 0xf8, 0x00, 0xf8, 0xfc, 0xf8, 0x00, 0xf8, 0xfc, 0xf8, 0x00,
    0xf8, 0xfc, 0xf8, 0x00, 0xf8, 0xfc, 0xf8, 0x00, 0xf8, 0xfc, 0xf8, 0x00,
    0xf8, 0xfc, 0xf8, 0x00, 0xf8, 0xfc, 0xf8, 0x00, 0xf8, 0xfc, 0xf8, 0x00,
    0xf8, 0xfc, 0xf8, 0x00, 0xf8, 0xfc, 0xf8, 0x00, 0xf8, 0xfc, 0xf8, 0x00,
    0xf8, 0xfc, 0xf8, 0x00, 0xf8, 0xfc, 0xf8, 0x00, 0xf8, 0xfc, 0xf8, 0x00,
    0xf8, 0xfc, 0xf8, 0x00, 0xf8, 0xfc, 0xf8, 0x00, 0xf8, 0xfc, 0xf8, 0x00,
    0xf8, 0xfc, 0xf8, 0x00, 0xf8, 0xfc, 0xf8, 0x00, 0xf8, 0xfc, 0xf8, 0x00,
    0xf8, 0xfc, 0xf8, 0x00, 0xf8, 0xfc, 0xf8, 0x00, 0xf8, 0xfc, 0xf8, 0x00,
    0xf8, 0xfc, 0xf8, 0x00, 0xf8, 0xfc, 0xf8, 0x00, 0xf8, 0xfc, 0xf8, 0x00,
    0xf8, 0xfc, 0xf8, 0x00, 0xf8, 0xfc, 0xf8, 0x00, 0xf8, 0xfc, 0xf8, 0x00,
    0xf8, 0xfc, 0xf8, 0x00, 0xf8, 0xfc, 0xf8, 0x00, 0xf8, 0xfc, 0xf8, 0x00,
    0xf8, 0xfc, 0xf8, 0x00, 0xf8, 0xfc, 0xf8, 0x00, 0xf8, 0xfc, 0xf8, 0x00,
    0xf8, 0xfc, 0xf8, 0x00, 0xf8, 0xfc, 0xf8, 0x00, 0xf8, 0xfc, 0xf8, 0x00,
    0xf8, 0xfc, 0xf8, 0x00, 0x00, 0x00, 0xf8, 0x00, 0x00, 0x00, 0xf8, 0x14,
    0x00, 0x00, 0xf8, 0x30, 0x00, 0x00, 0xf8, 0x49, 0x00, 0x00, 0xf8, 0x61,
    0x00, 0x00, 0xf8, 0x79, 0x00, 0x00, 0xf8, 0x7d, 0x00, 0x00, 0xf8, 0x82,
    0x00, 0x00, 0xf8, 0x82, 0x00, 0x00, 0xf8, 0x7d, 0x00, 0x00, 0xf8, 0x79,
    0x00, 0x00, 0xf8, 0x61, 0x00, 0x00, 0xf8, 0x49, 0x00, 0x00, 0xf8, 0x30,
    0x00, 0x00, 0xf8, 0x14, 0x00, 0x00, 0xf8, 0x00, 0xf8, 0xfc, 0xf8, 0x00,
    0xf8, 0xfc, 0xf8, 0x00, 0xf8, 0xfc, 0xf8, 0x00, 0xf8, 0xfc, 0xf8, 0x00,
    0xf8, 0xfc, 0xf8, 0x00, 0xf8, 0xfc, 0xf8, 0x00, 0xf8, 0xfc, 0xf8, 0x00,
    0xf8, 0xfc, 0xf8, 0x00, 0xf8, 0xfc, 0xf8, 0x00, 0xf8, 0xfc, 0xf8, 0x00,
    0xf8, 0xfc, 0xf8, 0x00, 0xf8, 0xfc, 0xf8, 0x00, 0xf8, 0xfc, 0xf8, 0x00,
    0xf8, 0xfc, 0xf8, 0x00, 0xf8, 0xfc, 0xf8, 0x00, 0xf8, 0xfc, 0xf8, 0x00,
    0xf8, 0xfc, 0xf8, 0x00, 0xf8, 0xfc, 0xf8, 0x00, 0xf8, 0xfc, 0xf8, 0x00,
    0xf8, 0xfc, 0xf8, 0x00, 0xf8, 0xfc, 0xf8, 0x00, 0xf8, 0xfc, 0xf8, 0x00,
    0xf8, 0xfc, 0xf8, 0x00, 0xf8, 0xfc, 0xf8, 0x00, 0xf8, 0xfc, 0xf8, 0x00,
    0xf8, 0xfc, 0xf8, 0x00, 0xf8, 0xfc, 0xf8, 0x00, 0xf8, 0xfc, 0xf8, 0x00,
    0xf8, 0xfc, 0xf8, 0x00, 0xf8, 0xfc, 0xf8, 0x00, 0xf8, 0xfc, 0xf8, 0x00,
    0xf8, 0xfc, 0xf8, 0x00, 0xf8, 0xfc, 0xf8, 0x00, 0xf8, 0xfc, 0xf8, 0x00,
    0xf8, 0xfc, 0xf8, 0x00, 0xf8, 0xfc, 0xf8, 0x00, 0xf8, 0xfc, 0xf8, 0x00,
    0xf8, 0xfc, 0xf8, 0x00, 0xf8, 0xfc, 0xf8, 0x00, 0xf8, 0xfc, 0xf8, 0x00,
    0xf8, 0xfc, 0xf8, 0x00, 0xf8, 0xfc, 0xf8, 0x00, 0xf8, 0xfc, 0xf8, 0x00,
    0xf8, 0xfc, 0xf8, 0x00, 0xf8, 0xfc, 0xf8, 0x00, 0xf8, 0xfc, 0xf8, 0x00,
    0xf8, 0xfc, 0xf8, 0x00, 0xf8, 0xfc, 0xf8, 0x00, 0xf8, 0xfc, 0xf8, 0x00,
    0xf8, 0xfc, 0xf8, 0x00, 0xf8, 0xfc, 0xf8, 0x00, 0xf8, 0xfc, 0xf8, 0x00,
    0xf8, 0xfc, 0xf8, 0x00, 0xf8, 0xfc, 0xf8, 0x00, 0xf8, 0xfc, 0xf8, 0x00,
    0xf8, 0xfc, 0xf8, 0x00, 0xf8, 0xfc, 0xf8, 0x00, 0xf8, 0xfc, 0xf8, 0x00,
    0xf8, 0xfc, 0xf8, 0x00, 0xf8, 0xfc, 0xf8, 0x00, 0xf8, 0xfc, 0xf8, 0x00,
    0xf8, 0xfc, 0xf8, 0x00, 0xf8, 0xfc, 0xf8, 0x00, 0xf8, 0xfc, 0xf8, 0x00,
    0xf8, 0xfc, 0xf8, 0x00, 0xf8, 0xfc, 0xf8, 0x00, 0xf8, 0xfc, 0xf8, 0x00,
    0xf8, 0xfc, 0xf8, 0x00, 0xf8, 0xfc, 0xf8, 0x00, 0xf8, 0xfc, 0xf8, 0x00,
    0xf8, 0xfc, 0xf8, 0x00, 0xf8, 0xfc, 0xf8, 0x00, 0xf8, 0xfc, 0xf8, 0x00,
    0xf8, 0xfc, 0xf8, 0x00, 0xf8, 0xfc, 0xf8, 0x00, 0xf8, 0xfc, 0xf8, 0x00,
    0xf8, 0xfc, 0xf8, 0x00, 0xf8, 0xfc, 0xf8, 0x00, 0xf8, 0xfc, 0xf8, 0x00,
    0xf8, 0xfc, 0xf8, 0x00, 0xf8, 0xfc, 0xf8, 0x00, 0xf8, 0xfc, 0xf8, 0x00,
    0xf8, 0xfc, 0xf8, 0x00, 0xf8, 0xfc, 0xf8, 0x00, 0xf8, 0xfc, 0xf8, 0x00,
    0xf8, 0xfc, 0xf8, 0x00, 0xf8, 0xfc, 0xf8, 0x00, 0xf8, 0xfc, 0xf8, 0x00,
    0xf8, 0xfc, 0xf8, 0x00, 0xf8, 0xfc, 0xf8, 0x00, 0xf8, 0xfc, 0xf8, 0x00,
    0xf8, 0xfc, 0xf8, 0x00, 0xf8, 0xfc, 0xf8, 0x00, 0xf8, 0xfc, 0xf8, 0x00,
    0xf8, 0xfc, 0xf8, 0x00, 0xf8, 0xfc, 0xf8, 0x00, 0xf8, 0xfc, 0xf8, 0x00,
    0xf8, 0xfc, 0xf8, 0x00, 0xf8, 0xfc, 0xf8, 0x00, 0xf8, 0xfc, 0xf8, 0x00,
    0xf8, 0xfc, 0xf8, 0x00, 0xf8, 0xfc, 0xf8, 0x00, 0xf8, 0xfc, 0xf8, 0x00,
    0xf8, 0xfc, 0xf8, 0x00, 0xf8, 0xfc, 0xf8, 0x00, 0xf8, 0xfc, 0xf8, 0x00,
    0xf8, 0xfc, 0xf8, 0x00, 0xf8, 0xfc, 0xf8, 0x00, 0xf8, 0xfc, 0xf8, 0x00,
    0xf8, 0xfc, 0xf8, 0x00, 0xf8, 0xfc, 0xf8, 0x00, 0xf8, 0xfc, 0xf8, 0x00,
    0xf8, 0xfc, 0xf8, 0x00, 0xf8, 0xfc, 0xf8, 0x00, 0xf8, 0xfc, 0xf8, 0x00,
    0xf8, 0xfc, 0xf8, 0x00, 0xf8, 0xfc, 0xf8, 0x00, 0xf8, 0xfc, 0xf8, 0x00,
    0xf8, 0xfc, 0xf8, 0x00, 0xf8, 0xfc, 0xf8, 0x00, 0xf8, 0xfc, 0xf8, 0x00,
    0xf8, 0xfc, 0xf8, 0x00, 0xf8, 0xfc, 0xf8, 0x00, 0xf8, 0xfc, 0xf8, 0x00,
    0xf8, 0xfc, 0xf8, 0x00, 0xf8, 0xfc, 0xf8, 0x00, 0xf8, 0xfc, 0xf8, 0x00,
    0xf8, 0xfc, 0xf8, 0x00, 0xf8, 0xfc, 0xf8, 0x00, 0xf8, 0xfc, 0xf8, 0x00,
    0xf8, 0xfc, 0xf8, 0x00, 0xf8, 0xfc, 0xf8, 0x00, 0xf8, 0xfc, 0xf8, 0x00,
    0x00, 0x00, 0xf8, 0x04, 0x00, 0x00, 0xf8, 0x34, 0x00, 0x00, 0xf8, 0x65,
    0x00, 0x00, 0xf8, 0x9a, 0x00, 0x00, 0xf8, 0xcf, 0x00, 0x00, 0xf8, 0xfb,
    0x00, 0x00, 0xf8, 0xff, 0x00, 0x00, 0xf8, 0xff, 0x00, 0x00, 0xf8, 0xff,
    0x00, 0x00, 0xf8, 0xff, 0x00, 0x00, 0xf8, 0xfb, 0x00, 0x00, 0xf8, 0xfb,
    0x00, 0x00, 0xf8, 0xfb, 0x00, 0x00, 0xf8, 0xfb, 0x00, 0x00, 0xf8, 0xfb,
    0x00, 0x00, 0xf8, 0xfb, 0x00, 0x00, 0xf8, 0xff, 0x00, 0x00, 0xf8, 0xff,
    0x00, 0x00, 0xf8, 0xff, 0x00, 0x00, 0xf8, 0xff, 0x00, 0x00, 0xf8, 0xfb,
    0x00, 0x00, 0xf8, 0xcf, 0x00, 0x00, 0xf8, 0x9a, 0x00, 0x00, 0xf8, 0x65,
    0x00, 0x00, 0xf8, 0x30, 0x00, 0x00, 0xf8, 0x04, 0xf8, 0xfc, 0xf8, 0x00,
    0xf8, 0xfc, 0xf8, 0x00, 0xf8, 0xfc, 0xf8, 0x00, 0xf8, 0xfc, 0xf8, 0x00,
    0xf8, 0xfc, 0xf8, 0x00, 0xf8, 0xfc, 0xf8, 0x00, 0xf8, 0xfc, 0xf8, 0x00,
    0xf8, 0xfc, 0xf8, 0x00, 0xf8, 0xfc, 0xf8, 0x00, 0xf8, 0xfc, 0xf8, 0x00,
    0xf8, 0xfc, 0xf8, 0x00, 0xf8, 0xfc, 0xf8, 0x00, 0xf8, 0xfc, 0xf8, 0x00,
    0xf8, 0xfc, 0xf8, 0x00, 0xf8, 0xfc, 0xf8, 0x00, 0xf8, 0xfc, 0xf8, 0x00,
    0xf8, 0xfc, 0xf8, 0x00, 0xf8, 0xfc, 0xf8, 0x00, 0xf8, 0xfc, 0xf8, 0x00,
    0xf8, 0xfc, 0xf8, 0x00, 0xf8, 0xfc, 0xf8, 0x00, 0xf8, 0xfc, 0xf8, 0x00,
    0xf8, 0xfc, 0xf8, 0x00, 0xf8, 0xfc, 0xf8, 0x00, 0xf8, 0xfc, 0xf8, 0x00,
    0xf8, 0xfc, 0xf8, 0x00, 0xf8, 0xfc, 0xf8, 0x00, 0xf8, 0xfc, 0xf8, 0x00,
    0xf8, 0xfc, 0xf8, 0x00, 0xf8, 0xfc, 0xf8, 0x00, 0xf8, 0xfc, 0xf8, 0x00,
    0xf8, 0xfc, 0xf8, 0x00, 0xf8, 0xfc, 0xf8, 0x00, 0xf8, 0xfc, 0xf8, 0x00,
    0xf8, 0xfc, 0xf8, 0x00, 0xf8, 0xfc, 0xf8, 0x00, 0xf8, 0xfc, 0xf8, 0x00,
    0xf8, 0xfc, 0xf8, 0x00, 0xf8, 0xfc, 0xf8, 0x00, 0xf8, 0xfc, 0xf8, 0x00,
    0xf8, 0xfc, 0xf8, 0x00, 0xf8, 0xfc, 0xf8, 0x00, 0xf8, 0xfc, 0xf8, 0x00,
    0xf8, 0xfc, 0xf8, 0x00, 0xf8, 0xfc, 0xf8, 0x00, 0xf8, 0xfc, 0xf8, 0x00,
    0xf8, 0xfc, 0xf8, 0x00, 0xf8, 0xfc, 0xf8, 0x00, 0xf8, 0xfc, 0xf8, 0x00,
    0xf8, 0xfc, 0xf8, 0x00, 0xf8, 0xfc, 0xf8, 0x00, 0xf8, 0xfc, 0xf8, 0x00,
    0xf8, 0xfc, 0xf8, 0x00, 0xf8, 0xfc, 0xf8, 0x00, 0xf8, 0xfc, 0xf8, 0x00,
    0xf8, 0xfc, 0xf8, 0x00, 0xf8, 0xfc, 0xf8, 0x00, 0xf8, 0xfc, 0xf8, 0x00,
    0xf8, 0xfc, 0xf8, 0x00, 0xf8, 0xfc, 0xf8, 0x00, 0xf8, 0xfc, 0xf8, 0x00,
    0xf8, 0xfc, 0xf8, 0x00, 0xf8, 0xfc, 0xf8, 0x00, 0xf8, 0xfc, 0xf8, 0x00,
    0xf8, 0xfc, 0xf8, 0x00, 0xf8, 0xfc, 0xf8, 0x00, 0xf8, 0xfc, 0xf8, 0x00,
    0xf8, 0xfc, 0xf8, 0x00, 0xf8, 0xfc, 0xf8, 0x00, 0xf8, 0xfc, 0xf8, 0x00,
    0xf8, 0xfc, 0xf8, 0x00, 0xf8, 0xfc, 0xf8, 0x00, 0xf8, 0xfc, 0xf8, 0x00,
    0xf8, 0xfc, 0xf8, 0x00, 0xf8, 0xfc, 0xf8, 0x00, 0xf8, 0xfc, 0xf8, 0x00,
    0xf8, 0xfc, 0xf8, 0x00, 0xf8, 0xfc, 0xf8, 0x00, 0xf8, 0xfc, 0xf8, 0x00,
    0xf8, 0xfc, 0xf8, 0x00, 0xf8, 0xfc, 0xf8, 0x00, 0xf8, 0xfc, 0xf8, 0x00,
    0xf8, 0xfc, 0xf8, 0x00, 0xf8, 0xfc, 0xf8, 0x00, 0xf8, 0xfc, 0xf8, 0x00,
    0xf8, 0xfc, 0xf8, 0x00, 0xf8, 0xfc, 0xf8, 0x00, 0xf8, 0xfc, 0xf8, 0x00,
    0xf8, 0xfc, 0xf8, 0x00, 0xf8, 0xfc, 0xf8, 0x00, 0xf8, 0xfc, 0xf8, 0x00,
    0xf8, 0xfc, 0xf8, 0x00, 0xf8, 0xfc, 0xf8, 0x00, 0xf8, 0xfc, 0xf8, 0x00,
    0xf8, 0xfc, 0xf8, 0x00, 0xf8, 0xfc, 0xf8, 0x00, 0xf8, 0xfc, 0xf8, 0x00,
    0xf8, 0xfc, 0xf8, 0x00, 0xf8, 0xfc, 0xf8, 0x00, 0xf8, 0xfc, 0xf8, 0x00,
    0xf8, 0xfc, 0xf8, 0x00, 0xf8, 0xfc, 0xf8, 0x00, 0xf8, 0xfc, 0xf8, 0x00,
    0xf8, 0xfc, 0xf8, 0x00, 0xf8, 0xfc, 0xf8, 0x00, 0xf8, 0xfc, 0xf8, 0x00,
    0xf8, 0xfc, 0xf8, 0x00, 0xf8, 0xfc, 0xf8, 0x00, 0xf8, 0xfc, 0xf8, 0x00,
    0xf8, 0xfc, 0xf8, 0x00, 0xf8, 0xfc, 0xf8, 0x00, 0xf8, 0xfc, 0xf8, 0x00,
    0xf8, 0xfc, 0xf8, 0x00, 0xf8, 0xfc, 0xf8, 0x00, 0xf8, 0xfc, 0xf8, 0x00,
    0xf8, 0xfc, 0xf8, 0x00, 0xf8, 0xfc, 0xf8, 0x00, 0xf8, 0xfc, 0xf8, 0x00,
    0xf8, 0xfc, 0xf8, 0x00, 0xf8, 0xfc, 0xf8, 0x00, 0xf8, 0xfc, 0xf8, 0x00,
    0xf8, 0xfc, 0xf8, 0x00, 0xf8, 0xfc, 0xf8, 0x00, 0xf8, 0xfc, 0xf8, 0x00,
    0xf8, 0xfc, 0xf8, 0x00, 0x00, 0x00, 0xf8, 0x18, 0x00, 0x00, 0xf8, 0x65,
    0x00, 0x00, 0xf8, 0xb2, 0x00, 0x00, 0xf8, 0xfb, 0x00, 0x00, 0xf8, 0xff,
    0x00, 0x00, 0xf8, 0xff, 0x00, 0x00, 0xf8, 0xfb, 0x00, 0x00, 0xf8, 0xff,
    0x00, 0x00, 0xf8, 0xff, 0x00, 0x00, 0xf8, 0xff, 0x00, 0x00, 0xf8, 0xff,
    0x00, 0x00, 0xf8, 0xff, 0x00, 0x00, 0xf8, 0xff, 0x00, 0x00, 0xf8, 0xff,
    0x00, 0x00, 0xf8, 0xff, 0x00, 0x00, 0xf8, 0xff, 0x00, 0x00, 0xf8, 0xff,
    0x00, 0x00, 0xf8, 0xff, 0x00, 0x00, 0xf8, 0xff, 0x00, 0x00, 0xf8, 0xff,
    0x00, 0x00, 0xf8, 0xff, 0x00, 0x00, 0xf8, 0xff, 0x00, 0x00, 0xf8, 0xff,
    0x00, 0x00, 0xf8, 0xff, 0x00, 0x00, 0xf8, 0xff, 0x00, 0x00, 0xf8, 0xfb,
    0x00, 0x00, 0xf8, 0xff, 0x00, 0x00, 0xf8, 0xff, 0x00, 0x00, 0xf8, 0xfb,
    0x00, 0x00, 0xf8, 0xb2, 0x00, 0x00, 0xf8, 0x65, 0x00, 0x00, 0xf8, 0x18,
    0xf8, 0xfc, 0xf8, 0x00, 0xf8, 0xfc, 0xf8, 0x00, 0xf8, 0xfc, 0xf8, 0x00,
    0xf8, 0xfc, 0xf8, 0x00, 0xf8, 0xfc, 0xf8, 0x00, 0xf8, 0xfc, 0xf8, 0x00,
    0xf8, 0xfc, 0xf8, 0x00, 0xf8, 0xfc, 0xf8, 0x00, 0xf8, 0xfc, 0xf8, 0x00,
    0xf8, 0xfc, 0xf8, 0x00, 0xf8, 0xfc, 0xf8, 0x00, 0xf8, 0xfc, 0xf8, 0x00,
    0xf8, 0xfc, 0xf8, 0x00, 0xf8, 0xfc, 0xf8, 0x00, 0xf8, 0xfc, 0xf8, 0x00,
    0xf8, 0xfc, 0xf8, 0x00, 0xf8, 0xfc, 0xf8, 0x00, 0xf8, 0xfc, 0xf8, 0x00,
    0xf8, 0xfc, 0xf8, 0x00, 0xf8, 0xfc, 0xf8, 0x00, 0xf8, 0xfc, 0xf8, 0x00,
    0xf8, 0xfc, 0xf8, 0x00, 0xf8, 0xfc, 0xf8, 0x00, 0xf8, 0xfc, 0xf8, 0x00,
    0xf8, 0xfc, 0xf8, 0x00, 0xf8, 0xfc, 0xf8, 0x00, 0xf8, 0xfc, 0xf8, 0x00,
    0xf8, 0xfc, 0xf8, 0x00, 0xf8, 0xfc, 0xf8, 0x00, 0xf8, 0xfc, 0xf8, 0x00,
    0xf8, 0xfc, 0xf8, 0x00, 0xf8, 0xfc, 0xf8, 0x00, 0xf8, 0xfc, 0xf8, 0x00,
    0xf8, 0xfc, 0xf8, 0x00, 0xf8, 0xfc, 0xf8, 0x00, 0xf8, 0xfc, 0xf8, 0x00,
    0xf8, 0xfc, 0xf8, 0x00, 0xf8, 0xfc, 0xf8, 0x00, 0xf8, 0xfc, 0xf8, 0x00,
    0xf8, 0xfc, 0xf8, 0x00, 0xf8, 0xfc, 0xf8, 0x00, 0xf8, 0xfc, 0xf8, 0x00,
    0xf8, 0xfc, 0xf8, 0x00, 0xf8, 0xfc, 0xf8, 0x00, 0xf8, 0xfc, 0xf8, 0x00,
    0xf8, 0xfc, 0xf8, 0x00, 0xf8, 0xfc, 0xf8, 0x00, 0xf8, 0xfc, 0xf8, 0x00,
    0xf8, 0xfc, 0xf8, 0x00, 0xf8, 0xfc, 0xf8, 0x00, 0xf8, 0xfc, 0xf8, 0x00,
    0xf8, 0xfc, 0xf8, 0x00, 0xf8, 0xfc, 0xf8, 0x00, 0xf8, 0xfc, 0xf8, 0x00,
    0xf8, 0xfc, 0xf8, 0x00, 0xf8, 0xfc, 0xf8, 0x00, 0xf8, 0xfc, 0xf8, 0x00,
    0xf8, 0xfc, 0xf8, 0x00, 0xf8, 0xfc, 0xf8, 0x00, 0xf8, 0xfc, 0xf8, 0x00,
    0xf8, 0xfc, 0xf8, 0x00, 0xf8, 0xfc, 0xf8, 0x00, 0xf8, 0xfc, 0xf8, 0x00,
    0xf8, 0xfc, 0xf8, 0x00, 0xf8, 0xfc, 0xf8, 0x00, 0xf8, 0xfc, 0xf8, 0x00,
    0xf8, 0xfc, 0xf8, 0x00, 0xf8, 0xfc, 0xf8, 0x00, 0xf8, 0xfc, 0xf8, 0x00,
    0xf8, 0xfc, 0xf8, 0x00, 0xf8, 0xfc, 0xf8, 0x00, 0xf8, 0xfc, 0xf8, 0x00,
    0xf8, 0xfc, 0xf8, 0x00, 0xf8, 0xfc, 0xf8, 0x00, 0xf8, 0xfc, 0xf8, 0x00,
    0xf8, 0xfc, 0xf8, 0x00, 0xf8, 0xfc, 0xf8, 0x00, 0xf8, 0xfc, 0xf8, 0x00,
    0xf8, 0xfc, 0xf8, 0x00, 0xf8, 0xfc, 0xf8, 0x00, 0xf8, 0xfc, 0xf8, 0x00,
    0xf8, 0xfc, 0xf8, 0x00, 0xf8, 0xfc, 0xf8, 0x00, 0xf8, 0xfc, 0xf8, 0x00,
    0xf8, 0xfc, 0xf8, 0x00, 0xf8, 0xfc, 0xf8, 0x00, 0xf8, 0xfc, 0xf8, 0x00,
    0xf8, 0xfc, 0xf8, 0x00, 0xf8, 0xfc, 0xf8, 0x00, 0xf8, 0xfc, 0xf8, 0x00,
    0xf8, 0xfc, 0xf8, 0x00, 0xf8, 0xfc, 0xf8, 0x00, 0xf8, 0xfc, 0xf8, 0x00,
    0xf8, 0xfc, 0xf8, 0x00, 0xf8, 0xfc, 0xf8, 0x00, 0xf8, 0xfc, 0xf8, 0x00,
    0xf8, 0xfc, 0xf8, 0x00, 0xf8, 0xfc, 0xf8, 0x00, 0xf8, 0xfc, 0xf8, 0x00,
    0xf8, 0xfc, 0xf8, 0x00, 0xf8, 0xfc, 0xf8, 0x00, 0xf8, 0xfc, 0xf8, 0x00,
    0xf8, 0xfc, 0xf8, 0x00, 0xf8, 0xfc, 0xf8, 0x00, 0xf8, 0xfc, 0xf8, 0x00,
    0xf8, 0xfc, 0xf8, 0x00, 0xf8, 0xfc, 0xf8, 0x00, 0xf8, 0xfc, 0xf8, 0x00,
    0xf8, 0xfc, 0xf8, 0x00, 0xf8, 0xfc, 0xf8, 0x00, 0xf8, 0xfc, 0xf8, 0x00,
    0xf8, 0xfc, 0xf8, 0x00, 0xf8, 0xfc, 0xf8, 0x00, 0xf8, 0xfc, 0xf8, 0x00,
    0xf8, 0xfc, 0xf8, 0x00, 0xf8, 0xfc, 0xf8, 0x00, 0xf8, 0xfc, 0xf8, 0x00,
    0xf8, 0xfc, 0xf8, 0x00, 0xf8, 0xfc, 0xf8, 0x00, 0x00, 0x00, 0xf8, 0x14,
    0x00, 0x00, 0xf8, 0x75, 0x00, 0x00, 0xf8, 0xcb, 0x00, 0x00, 0xf8, 0xff,
    0x00, 0x00, 0xf8, 0xff, 0x00, 0x00, 0xf8, 0xfb, 0x00, 0x00, 0xf8, 0xff,
    0x00, 0x00, 0xf8, 0xff, 0x00, 0x00, 0xf8, 0xff, 0x00, 0x00, 0xf8, 0xff,
    0x00, 0x00, 0xf8, 0xff, 0x00, 0x00, 0xf8, 0xff, 0x00, 0x00, 0xf8, 0xff,
    0x00, 0x00, 0xf8, 0xff, 0x00, 0x00, 0xf8, 0xff, 0x00, 0x00, 0xf8, 0xff,
    0x00, 0x00, 0xf8, 0xff, 0x00, 0x00, 0xf8, 0xff, 0x00, 0x00, 0xf8, 0xff,
    0x00, 0x00, 0xf8, 0xff, 0x00, 0x00, 0xf8, 0xff, 0x00, 0x00, 0xf8, 0xff,
    0x00, 0x00, 0xf8, 0xff, 0x00, 0x00, 0xf8, 0xff, 0x00, 0x00, 0xf8, 0xff,
    0x00, 0x00, 0xf8, 0xff, 0x00, 0x00, 0xf8, 0xff, 0x00, 0x00, 0xf8, 0xff,
    0x00, 0x00, 0xf8, 0xff, 0x00, 0x00, 0xf8, 0xff, 0x00, 0x00, 0xf8, 0xff,
    0x00, 0x00, 0xf8, 0xff, 0x00, 0x00, 0xf8, 0xfb, 0x00, 0x00, 0xf8, 0xff,
    0x00, 0x00, 0xf8, 0xff, 0x00, 0x00, 0xf8, 0xcb, 0x00, 0x00, 0xf8, 0x75,
    0x00, 0x00, 0xf8, 0x14, 0xf8, 0xfc, 0xf8, 0x00, 0xf8, 0xfc, 0xf8, 0x00,
    0xf8, 0xfc, 0xf8, 0x00, 0xf8, 0xfc, 0xf8, 0x00, 0xf8, 0xfc, 0xf8, 0x00,
    0xf8, 0xfc, 0xf8, 0x00, 0xf8, 0xfc, 0xf8, 0x00, 0xf8, 0xfc, 0xf8, 0x00,
    0xf8, 0xfc, 0xf8, 0x00, 0xf8, 0xfc, 0xf8, 0x00, 0xf8, 0xfc, 0xf8, 0x00,
    0xf8, 0xfc, 0xf8, 0x00, 0xf8, 0xfc, 0xf8, 0x00, 0xf8, 0xfc, 0xf8, 0x00,
    0xf8, 0xfc, 0xf8, 0x00, 0xf8, 0xfc, 0xf8, 0x00, 0xf8, 0xfc, 0xf8, 0x00,
    0xf8, 0xfc, 0xf8, 0x00, 0xf8, 0xfc, 0xf8, 0x00, 0xf8, 0xfc, 0xf8, 0x00,
    0xf8, 0xfc, 0xf8, 0x00, 0xf8, 0xfc, 0xf8, 0x00, 0xf8, 0xfc, 0xf8, 0x00,
    0xf8, 0xfc, 0xf8, 0x00, 0xf8, 0xfc, 0xf8, 0x00, 0xf8, 0xfc, 0xf8, 0x00,
    0xf8, 0xfc, 0xf8, 0x00, 0xf8, 0xfc, 0xf8, 0x00, 0xf8, 0xfc, 0xf8, 0x00,
    0xf8, 0xfc, 0xf8, 0x00, 0xf8, 0xfc, 0xf8, 0x00, 0xf8, 0xfc, 0xf8, 0x00,
    0xf8, 0xfc, 0xf8, 0x00, 0xf8, 0xfc, 0xf8, 0x00, 0xf8, 0xfc, 0xf8, 0x00,
    0xf8, 0xfc, 0xf8, 0x00, 0xf8, 0xfc, 0xf8, 0x00, 0xf8, 0xfc, 0xf8, 0x00,
    0xf8, 0xfc, 0xf8, 0x00, 0xf8, 0xfc, 0xf8, 0x00, 0xf8, 0xfc, 0xf8, 0x00,
    0xf8, 0xfc, 0xf8, 0x00, 0xf8, 0xfc, 0xf8, 0x00, 0xf8, 0xfc, 0xf8, 0x00,
    0xf8, 0xfc, 0xf8, 0x00, 0xf8, 0xfc, 0xf8, 0x00, 0xf8, 0xfc, 0xf8, 0x00,
    0xf8, 0xfc, 0xf8, 0x00, 0xf8, 0xfc, 0xf8, 0x00, 0xf8, 0xfc, 0xf8, 0x00,
    0xf8, 0xfc, 0xf8, 0x00, 0xf8, 0xfc, 0xf8, 0x00, 0xf8, 0xfc, 0xf8, 0x00,
    0xf8, 0xfc, 0xf8, 0x00, 0xf8, 0xfc, 0xf8, 0x00, 0xf8, 0xfc, 0xf8, 0x00,
    0xf8, 0xfc, 0xf8, 0x00, 0xf8, 0xfc, 0xf8, 0x00, 0xf8, 0xfc, 0xf8, 0x00,
    0xf8, 0xfc, 0xf8, 0x00, 0xf8, 0xfc, 0xf8, 0x00, 0xf8, 0xfc, 0xf8, 0x00,
    0xf8, 0xfc, 0xf8, 0x00, 0xf8, 0xfc, 0xf8, 0x00, 0xf8, 0xfc, 0xf8, 0x00,
    0xf8, 0xfc, 0xf8, 0x00, 0xf8, 0xfc, 0xf8, 0x00, 0xf8, 0xfc, 0xf8, 0x00,
    0xf8, 0xfc, 0xf8, 0x00, 0xf8, 0xfc, 0xf8, 0x00, 0xf8, 0xfc, 0xf8, 0x00,
    0xf8, 0xfc, 0xf8, 0x00, 0xf8, 0xfc, 0xf8, 0x00, 0xf8, 0xfc, 0xf8, 0x00,
    0xf8, 0xfc, 0xf8, 0x00, 0xf8, 0xfc, 0xf8, 0x00, 0xf8, 0xfc, 0xf8, 0x00,
    0xf8, 0xfc, 0xf8, 0x00, 0xf8, 0xfc, 0xf8, 0x00, 0xf8, 0xfc, 0xf8, 0x00,
    0xf8, 0xfc, 0xf8, 0x00, 0xf8, 0xfc, 0xf8, 0x00, 0xf8, 0xfc, 0xf8, 0x00,
    0xf8, 0xfc, 0xf8, 0x00, 0xf8, 0xfc, 0xf8, 0x00, 0xf8, 0xfc, 0xf8, 0x00,
    0xf8, 0xfc, 0xf8, 0x00, 0xf8, 0xfc, 0xf8, 0x00, 0xf8, 0xfc, 0xf8, 0x00,
    0xf8, 0xfc, 0xf8, 0x00, 0xf8, 0xfc, 0xf8, 0x00, 0xf8, 0xfc, 0xf8, 0x00,
    0xf8, 0xfc, 0xf8, 0x00, 0xf8, 0xfc, 0xf8, 0x00, 0xf8, 0xfc, 0xf8, 0x00,
    0xf8, 0xfc, 0xf8, 0x00, 0xf8, 0xfc, 0xf8, 0x00, 0xf8, 0xfc, 0xf8, 0x00,
    0xf8, 0xfc, 0xf8, 0x00, 0xf8, 0xfc, 0xf8, 0x00, 0xf8, 0xfc, 0xf8, 0x00,
    0xf8, 0xfc, 0xf8, 0x00, 0xf8, 0xfc, 0xf8, 0x00, 0xf8, 0xfc, 0xf8, 0x00,
    0xf8, 0xfc, 0xf8, 0x00, 0xf8, 0xfc, 0xf8, 0x00, 0xf8, 0xfc, 0xf8, 0x00,
    0xf8, 0xfc, 0xf8, 0x00, 0xf8, 0xfc, 0xf8, 0x00, 0xf8, 0xfc, 0xf8, 0x00,
    0xf8, 0xfc, 0xf8, 0x00, 0xf8, 0xfc, 0xf8, 0x00, 0xf8, 0xfc, 0xf8, 0x00,
    0x00, 0x00, 0xf8, 0x00, 0x00, 0x00, 0xf8, 0x38, 0x00, 0x00, 0xf8, 0xa6,
    0x00, 0x00, 0xf8, 0xfb, 0x00, 0x00, 0xf8, 0xfb, 0x00, 0x00, 0xf8, 0xff,
    0x00, 0x00, 0xf8, 0xff, 0x00, 0x00, 0xf8, 0xff, 0x00, 0x00, 0xf8, 0xff,
    0x00, 0x00, 0xf8, 0xff, 0x00, 0x00, 0xf8, 0xff, 0x00, 0x00, 0xf8, 0xff,
    0x00, 0x00, 0xf8, 0xff, 0x00, 0x00, 0xf8, 0xff, 0x00, 0x00, 0xf8, 0xff,
    0x00, 0x00, 0xf8, 0xff, 0x00, 0x00, 0xf8, 0xff, 0x00, 0x00, 0xf8, 0xff,
    0x00, 0x00, 0xf8, 0xff, 0x00, 0x00, 0xf8, 0xff, 0x00, 0x00, 0xf8, 0xff,
    0x00, 0x00, 0xf8, 0xff, 0x00, 0x00, 0xf8, 0xff, 0x00, 0x00, 0xf8, 0xff,
    0x00, 0x00, 0xf8, 0xff, 0x00, 0x00, 0xf8, 0xff, 0x00, 0x00, 0xf8, 0xff,
    0x00, 0x00, 0xf8, 0xff, 0x00, 0x00, 0xf8, 0xff, 0x00, 0x00, 0xf8, 0xff,
    0x00, 0x00, 0xf8, 0xff, 0x00, 0x00, 0xf8, 0xff, 0x00, 0x00, 0xf8, 0xff,
    0x00, 0x00, 0xf8, 0xff, 0x00, 0x00, 0xf8, 0xff, 0x00, 0x00, 0xf8, 0xff,
    0x00, 0x00, 0xf8, 0xff, 0x00, 0x00, 0xf8, 0xff, 0x00, 0x00, 0xf8, 0xff,
    0x00, 0x00, 0xf8, 0xfb, 0x00, 0x00, 0xf8, 0xfb, 0x00, 0x00, 0xf8, 0xa2,
    0x00, 0x00, 0xf8, 0x38, 0x00, 0x00, 0xf8, 0x00, 0xf8, 0xfc, 0xf8, 0x00,
    0xf8, 0xfc, 0xf8, 0x00, 0xf8, 0xfc, 0xf8, 0x00, 0xf8, 0xfc, 0xf8, 0x00,
    0xf8, 0xfc, 0xf8, 0x00, 0xf8, 0xfc, 0xf8, 0x00, 0xf8, 0xfc, 0xf8, 0x00,
    0xf8, 0xfc, 0xf8, 0x00, 0xf8, 0xfc, 0xf8, 0x00, 0xf8, 0xfc, 0xf8, 0x00,
    0xf8, 0xfc, 0xf8, 0x00, 0xf8, 0xfc, 0xf8, 0x00, 0xf8, 0xfc, 0xf8, 0x00,
    0xf8, 0xfc, 0xf8, 0x00, 0xf8, 0xfc, 0xf8, 0x00, 0xf8, 0xfc, 0xf8, 0x00,
    0xf8, 0xfc, 0xf8, 0x00, 0xf8, 0xfc, 0xf8, 0x00, 0xf8, 0xfc, 0xf8, 0x00,
    0xf8, 0xfc, 0xf8, 0x00, 0xf8, 0xfc, 0xf8, 0x00, 0xf8, 0xfc, 0xf8, 0x00,
    0xf8, 0xfc, 0xf8, 0x00, 0xf8, 0xfc, 0xf8, 0x00, 0xf8, 0xfc, 0xf8, 0x00,
    0xf8, 0xfc, 0xf8, 0x00, 0xf8, 0xfc, 0xf8, 0x00, 0xf8, 0xfc, 0xf8, 0x00,
    0xf8, 0xfc, 0xf8, 0x00, 0xf8, 0xfc, 0xf8, 0x00, 0xf8, 0xfc, 0xf8, 0x00,
    0xf8, 0xfc, 0xf8, 0x00, 0xf8, 0xfc, 0xf8, 0x00, 0xf8, 0xfc, 0xf8, 0x00,
    0xf8, 0xfc, 0xf8, 0x00, 0xf8, 0xfc, 0xf8, 0x00, 0xf8, 0xfc, 0xf8, 0x00,
    0xf8, 0xfc, 0xf8, 0x00, 0xf8, 0xfc, 0xf8, 0x00, 0xf8, 0xfc, 0xf8, 0x00,
    0xf8, 0xfc, 0xf8, 0x00, 0xf8, 0xfc, 0xf8, 0x00, 0xf8, 0xfc, 0xf8, 0x00,
    0xf8, 0xfc, 0xf8, 0x00, 0xf8, 0xfc, 0xf8, 0x00, 0xf8, 0xfc, 0xf8, 0x00,
    0xf8, 0xfc, 0xf8, 0x00, 0xf8, 0xfc, 0xf8, 0x00, 0xf8, 0xfc, 0xf8, 0x00,
    0xf8, 0xfc, 0xf8, 0x00, 0xf8, 0xfc, 0xf8, 0x00, 0xf8, 0xfc, 0xf8, 0x00,
    0xf8, 0xfc, 0xf8, 0x00, 0xf8, 0xfc, 0xf8, 0x00, 0xf8, 0xfc, 0xf8, 0x00,
    0xf8, 0xfc, 0xf8, 0x00, 0xf8, 0xfc, 0xf8, 0x00, 0xf8, 0xfc, 0xf8, 0x00,
    0xf8, 0xfc, 0xf8, 0x00, 0xf8, 0xfc, 0xf8, 0x00, 0xf8, 0xfc, 0xf8, 0x00,
    0xf8, 0xfc, 0xf8, 0x00, 0xf8, 0xfc, 0xf8, 0x00, 0xf8, 0xfc, 0xf8, 0x00,
    0xf8, 0xfc, 0xf8, 0x00, 0xf8, 0xfc, 0xf8, 0x00, 0xf8, 0xfc, 0xf8, 0x00,
    0xf8, 0xfc, 0xf8, 0x00, 0xf8, 0xfc, 0xf8, 0x00, 0xf8, 0xfc, 0xf8, 0x00,
    0xf8, 0xfc, 0xf8, 0x00, 0xf8, 0xfc, 0xf8, 0x00, 0xf8, 0xfc, 0xf8, 0x00,
    0xf8, 0xfc, 0xf8, 0x00, 0xf8, 0xfc, 0xf8, 0x00, 0xf8, 0xfc, 0xf8, 0x00,
    0xf8, 0xfc, 0xf8, 0x00, 0xf8, 0xfc, 0xf8, 0x00, 0xf8, 0xfc, 0xf8, 0x00,
    0xf8, 0xfc, 0xf8, 0x00, 0xf8, 0xfc, 0xf8, 0x00, 0xf8, 0xfc, 0xf8, 0x00,
    0xf8, 0xfc, 0xf8, 0x00, 0xf8, 0xfc, 0xf8, 0x00, 0xf8, 0xfc, 0xf8, 0x00,
    0xf8, 0xfc, 0xf8, 0x00, 0xf8, 0xfc, 0xf8, 0x00, 0xf8, 0xfc, 0xf8, 0x00,
    0xf8, 0xfc, 0xf8, 0x00, 0xf8, 0xfc, 0xf8, 0x00, 0xf8, 0xfc, 0xf8, 0x00,
    0xf8, 0xfc, 0xf8, 0x00, 0xf8, 0xfc, 0xf8, 0x00, 0xf8, 0xfc, 0xf8, 0x00,
    0xf8, 0xfc, 0xf8, 0x00, 0xf8, 0xfc, 0xf8, 0x00, 0xf8, 0xfc, 0xf8, 0x00,
    0xf8, 0xfc, 0xf8, 0x00, 0xf8, 0xfc, 0xf8, 0x00, 0xf8, 0xfc, 0xf8, 0x00,
    0xf8, 0xfc, 0xf8, 0x00, 0xf8, 0xfc, 0xf8, 0x00, 0xf8, 0xfc, 0xf8, 0x00,
    0xf8, 0xfc, 0xf8, 0x00, 0xf8, 0xfc, 0xf8, 0x00, 0xf8, 0xfc, 0xf8, 0x00,
    0xf8, 0xfc, 0xf8, 0x00, 0xf8, 0xfc, 0xf8, 0x00, 0x00, 0x00, 0xf8, 0x00,
    0x00, 0x00, 0xf8, 0x59, 0x00, 0x00, 0xf8, 0xd3, 0x00, 0x00, 0xf8, 0xff,
    0x00, 0x00, 0xf8, 0xfb, 0x00, 0x00, 0xf8, 0xff, 0x00, 0x00, 0xf8, 0xff,
    0x00, 0x00, 0xf8, 0xff, 0x00, 0x00, 0xf8, 0xff, 0x00, 0x00, 0xf8, 0xff,
    0x00, 0x00, 0xf8, 0xff, 0x00, 0x00, 0xf8, 0xff, 0x00, 0x00, 0xf8, 0xff,
    0x00, 0x00, 0xf8, 0xff, 0x00, 0x00, 0xf8, 0xff, 0x00, 0x00, 0xf8, 0xff,
    0x00, 0x00, 0xf8, 0xff, 0x00, 0x00, 0xf8, 0xff, 0x00, 0x00, 0xf8, 0xff,
    0x00, 0x00, 0xf8, 0xff, 0x00, 0x00, 0xf8, 0xff, 0x00, 0x00, 0xf8, 0xff,
    0x00, 0x00, 0xf8, 0xff, 0x00, 0x00, 0xf8, 0xff, 0x00, 0x00, 0xf8, 0xff,
    0x00, 0x00, 0xf8, 0xff, 0x00, 0x00, 0xf8, 0xff, 0x00, 0x00, 0xf8, 0xff,
    0x00, 0x00, 0xf8, 0xff, 0x00, 0x00, 0xf8, 0xff, 0x00, 0x00, 0xf8, 0xff,
    0x00, 0x00, 0xf8, 0xff, 0x00, 0x00, 0xf8, 0xff, 0x00, 0x00, 0xf8, 0xff,
    0x00, 0x00, 0xf8, 0xff, 0x00, 0x00, 0xf8, 0xff, 0x00, 0x00, 0xf8, 0xff,
    0x00, 0x00, 0xf8, 0xff, 0x00, 0x00, 0xf8, 0xff, 0x00, 0x00, 0xf8, 0xff,
    0x00, 0x00, 0xf8, 0xff, 0x00, 0x00, 0xf8, 0xff, 0x00, 0x00, 0xf8, 0xff,
    0x00, 0x00, 0xf8, 0xfb, 0x00, 0x00, 0xf8, 0xff, 0x00, 0x00, 0xf8, 0xd3,
    0x00, 0x00, 0xf8, 0x59, 0x00, 0x00, 0xf8, 0x00, 0xf8, 0xfc, 0xf8, 0x00,
    0xf8, 0xfc, 0xf8, 0x00, 0xf8, 0xfc, 0xf8, 0x00, 0xf8, 0xfc, 0xf8, 0x00,
    0xf8, 0xfc, 0xf8, 0x00, 0xf8, 0xfc, 0xf8, 0x00, 0xf8, 0xfc, 0xf8, 0x00,
    0xf8, 0xfc, 0xf8, 0x00, 0xf8, 0xfc, 0xf8, 0x00, 0xf8, 0xfc, 0xf8, 0x00,
    0xf8, 0xfc, 0xf8, 0x00, 0xf8, 0xfc, 0xf8, 0x00, 0xf8, 0xfc, 0xf8, 0x00,
    0xf8, 0xfc, 0xf8, 0x00, 0xf8, 0xfc, 0xf8, 0x00, 0xf8, 0xfc, 0xf8, 0x00,
    0xf8, 0xfc, 0xf8, 0x00, 0xf8, 0xfc, 0xf8, 0x00, 0xf8, 0xfc, 0xf8, 0x00,
    0xf8, 0xfc, 0xf8, 0x00, 0xf8, 0xfc, 0xf8, 0x00, 0xf8, 0xfc, 0xf8, 0x00,
    0xf8, 0xfc, 0xf8, 0x00, 0xf8, 0xfc, 0xf8, 0x00, 0xf8, 0xfc, 0xf8, 0x00,
    0xf8, 0xfc, 0xf8, 0x00, 0xf8, 0xfc, 0xf8, 0x00, 0xf8, 0xfc, 0xf8, 0x00,
    0xf8, 0xfc, 0xf8, 0x00, 0xf8, 0xfc, 0xf8, 0x00, 0xf8, 0xfc, 0xf8, 0x00,
    0xf8, 0xfc, 0xf8, 0x00, 0xf8, 0xfc, 0xf8, 0x00, 0xf8, 0xfc, 0xf8, 0x00,
    0xf8, 0xfc, 0xf8, 0x00, 0xf8, 0xfc, 0xf8, 0x00, 0xf8, 0xfc, 0xf8, 0x00,
    0xf8, 0xfc, 0xf8, 0x00, 0xf8, 0xfc, 0xf8, 0x00, 0xf8, 0xfc, 0xf8, 0x00,
    0xf8, 0xfc, 0xf8, 0x00, 0xf8, 0xfc, 0xf8, 0x00, 0xf8, 0xfc, 0xf8, 0x00,
    0xf8, 0xfc, 0xf8, 0x00, 0xf8, 0xfc, 0xf8, 0x00, 0xf8, 0xfc, 0xf8, 0x00,
    0xf8, 0xfc, 0xf8, 0x00, 0xf8, 0xfc, 0xf8, 0x00, 0xf8, 0xfc, 0xf8, 0x00,
    0xf8, 0xfc, 0xf8, 0x00, 0xf8, 0xfc, 0xf8, 0x00, 0xf8, 0xfc, 0xf8, 0x00,
    0xf8, 0xfc, 0xf8, 0x00, 0xf8, 0xfc, 0xf8, 0x00, 0xf8, 0xfc, 0xf8, 0x00,
    0xf8, 0xfc, 0xf8, 0x00, 0xf8, 0xfc, 0xf8, 0x00, 0xf8, 0xfc, 0xf8, 0x00,
    0xf8, 0xfc, 0xf8, 0x00, 0xf8, 0xfc, 0xf8, 0x00, 0xf8, 0xfc, 0xf8, 0x00,
    0xf8, 0xfc, 0xf8, 0x00, 0xf8, 0xfc, 0xf8, 0x00, 0xf8, 0xfc, 0xf8, 0x00,
    0xf8, 0xfc, 0xf8, 0x00, 0xf8, 0xfc, 0xf8, 0x00, 0xf8, 0xfc, 0xf8, 0x00,
    0xf8, 0xfc, 0xf8, 0x00, 0xf8, 0xfc, 0xf8, 0x00, 0xf8, 0xfc, 0xf8, 0x00,
    0xf8, 0xfc, 0xf8, 0x00, 0xf8, 0xfc, 0xf8, 0x00, 0xf8, 0xfc, 0xf8, 0x00,
    0xf8, 0xfc, 0xf8, 0x00, 0xf8, 0xfc, 0xf8, 0x00, 0xf8, 0xfc, 0xf8, 0x00,
    0xf8, 0xfc, 0xf8, 0x00, 0xf8, 0xfc, 0xf8, 0x00, 0xf8, 0xfc, 0xf8, 0x00,
    0xf8, 0xfc, 0xf8, 0x00, 0xf8, 0xfc, 0xf8, 0x00, 0xf8, 0xfc, 0xf8, 0x00,
    0xf8, 0xfc, 0xf8, 0x00, 0xf8, 0xfc, 0xf8, 0x00, 0xf8, 0xfc, 0xf8, 0x00,
    0xf8, 0xfc, 0xf8, 0x00, 0xf8, 0xfc, 0xf8, 0x00, 0xf8, 0xfc, 0xf8, 0x00,
    0xf8, 0xfc, 0xf8, 0x00, 0xf8, 0xfc, 0xf8, 0x00, 0xf8, 0xfc, 0xf8, 0x00,
    0xf8, 0xfc, 0xf8, 0x00, 0xf8, 0xfc, 0xf8, 0x00, 0xf8, 0xfc, 0xf8, 0x00,
    0xf8, 0xfc, 0xf8, 0x00, 0xf8, 0xfc, 0xf8, 0x00, 0xf8, 0xfc, 0xf8, 0x00,
    0xf8, 0xfc, 0xf8, 0x00, 0xf8, 0xfc, 0xf8, 0x00, 0xf8, 0xfc, 0xf8, 0x00,
    0xf8, 0xfc, 0xf8, 0x00, 0xf8, 0xfc, 0xf8, 0x00, 0xf8, 0xfc, 0xf8, 0x00,
    0xf8, 0xfc, 0xf8, 0x00, 0x00, 0x00, 0xf8, 0x00, 0x00, 0x00, 0xf8, 0x45,
    0x00, 0x00, 0xf8, 0xd3, 0x00, 0x00, 0xf8, 0xff, 0x00, 0x00, 0xf8, 0xfb,
    0x00, 0x00, 0xf8, 0xff, 0x00, 0x00, 0xf8, 0xff, 0x00, 0x00, 0xf8, 0xff,
    0x00, 0x00, 0xf8, 0xff, 0x00, 0x00, 0xf8, 0xff, 0x00, 0x00, 0xf8, 0xff,
    0x00, 0x00, 0xf8, 0xff, 0x00, 0x00, 0xf8, 0xff, 0x00, 0x00, 0xf8, 0xff,
    0x00, 0x00, 0xf8, 0xff, 0x00, 0x00, 0xf8, 0xff, 0x00, 0x00, 0xf8, 0xff,
    0x00, 0x00, 0xf8, 0xff, 0x00, 0x00, 0xf8, 0xff, 0x00, 0x00, 0xf8, 0xff,
    0x00, 0x00, 0xf8, 0xff, 0x00, 0x00, 0xf8, 0xff, 0x00, 0x00, 0xf8, 0xff,
    0x00, 0x00, 0xf8, 0xff, 0x00, 0x00, 0xf8, 0xff, 0x00, 0x00, 0xf8, 0xff,
    0x00, 0x00, 0xf8, 0xff, 0x00, 0x00, 0xf8, 0xff, 0x00, 0x00, 0xf8, 0xff,
    0x00, 0x00, 0xf8, 0xff, 0x00, 0x00, 0xf8, 0xff, 0x00, 0x00, 0xf8, 0xff,
    0x00, 0x00, 0xf8, 0xff, 0x00, 0x00, 0xf8, 0xff, 0x00, 0x00, 0xf8, 0xff,
    0x00, 0x00, 0xf8, 0xff, 0x00, 0x00, 0xf8, 0xff, 0x00, 0x00, 0xf8, 0xff,
    0x00, 0x00, 0xf8, 0xff, 0x00, 0x00, 0xf8, 0xff, 0x00, 0x00, 0xf8, 0xff,
    0x00, 0x00, 0xf8, 0xff, 0x00, 0x00, 0xf8, 0xff, 0x00, 0x00, 0xf8, 0xff,
    0x00, 0x00, 0xf8, 0xff, 0x00, 0x00, 0xf8, 0xff, 0x00, 0x00, 0xf8, 0xff,
    0x00, 0x00, 0xf8, 0xff, 0x00, 0x00, 0xf8, 0xff, 0x00, 0x00, 0xf8, 0xcf,
    0x00, 0x00, 0xf8, 0x45, 0x00, 0x00, 0xf8, 0x00, 0xf8, 0xfc, 0xf8, 0x00,
    0xf8, 0xfc, 0xf8, 0x00, 0xf8, 0xfc, 0xf8, 0x00, 0xf8, 0xfc, 0xf8, 0x00,
    0xf8, 0xfc, 0xf8, 0x00, 0xf8, 0xfc, 0xf8, 0x00, 0xf8, 0xfc, 0xf8, 0x00,
    0xf8, 0xfc, 0xf8, 0x00, 0xf8, 0xfc, 0xf8, 0x00, 0xf8, 0xfc, 0xf8, 0x00,
    0xf8, 0xfc, 0xf8, 0x00, 0xf8, 0xfc, 0xf8, 0x00, 0xf8, 0xfc, 0xf8, 0x00,
    0xf8, 0xfc, 0xf8, 0x00, 0xf8, 0xfc, 0xf8, 0x00, 0xf8, 0xfc, 0xf8, 0x00,
    0xf8, 0xfc, 0xf8, 0x00, 0xf8, 0xfc, 0xf8, 0x00, 0xf8, 0xfc, 0xf8, 0x00,
    0xf8, 0xfc, 0xf8, 0x00, 0xf8, 0xfc, 0xf8, 0x00, 0xf8, 0xfc, 0xf8, 0x00,
    0xf8, 0xfc, 0xf8, 0x00, 0xf8, 0xfc, 0xf8, 0x00, 0xf8, 0xfc, 0xf8, 0x00,
    0xf8, 0xfc, 0xf8, 0x00, 0xf8, 0xfc, 0xf8, 0x00, 0xf8, 0xfc, 0xf8, 0x00,
    0xf8, 0xfc, 0xf8, 0x00, 0xf8, 0xfc, 0xf8, 0x00, 0xf8, 0xfc, 0xf8, 0x00,
    0xf8, 0xfc, 0xf8, 0x00, 0xf8, 0xfc, 0xf8, 0x00, 0xf8, 0xfc, 0xf8, 0x00,
    0xf8, 0xfc, 0xf8, 0x00, 0xf8, 0xfc, 0xf8, 0x00, 0xf8, 0xfc, 0xf8, 0x00,
    0xf8, 0xfc, 0xf8, 0x00, 0xf8, 0xfc, 0xf8, 0x00, 0xf8, 0xfc, 0xf8, 0x00,
    0xf8, 0xfc, 0xf8, 0x00, 0xf8, 0xfc, 0xf8, 0x00, 0xf8, 0xfc, 0xf8, 0x00,
    0xf8, 0xfc, 0xf8, 0x00, 0xf8, 0xfc, 0xf8, 0x00, 0xf8, 0xfc, 0xf8, 0x00,
    0xf8, 0xfc, 0xf8, 0x00, 0xf8, 0xfc, 0xf8, 0x00, 0xf8, 0xfc, 0xf8, 0x00,
    0xf8, 0xfc, 0xf8, 0x00, 0xf8, 0xfc, 0xf8, 0x00, 0xf8, 0xfc, 0xf8, 0x00,
    0xf8, 0xfc, 0xf8, 0x00, 0xf8, 0xfc, 0xf8, 0x00, 0xf8, 0xfc, 0xf8, 0x00,
    0xf8, 0xfc, 0xf8, 0x00, 0xf8, 0xfc, 0xf8, 0x00, 0xf8, 0xfc, 0xf8, 0x00,
    0xf8, 0xfc, 0xf8, 0x00, 0xf8, 0xfc, 0xf8, 0x00, 0xf8, 0xfc, 0xf8, 0x00,
    0xf8, 0xfc, 0xf8, 0x00, 0xf8, 0xfc, 0xf8, 0x00, 0xf8, 0xfc, 0xf8, 0x00,
    0xf8, 0xfc, 0xf8, 0x00, 0xf8, 0xfc, 0xf8, 0x00, 0xf8, 0xfc, 0xf8, 0x00,
    0xf8, 0xfc, 0xf8, 0x00, 0xf8, 0xfc, 0xf8, 0x00, 0xf8, 0xfc, 0xf8, 0x00,
    0xf8, 0xfc, 0xf8, 0x00, 0xf8, 0xfc, 0xf8, 0x00, 0xf8, 0xfc, 0xf8, 0x00,
    0xf8, 0xfc, 0xf8, 0x00, 0xf8, 0xfc, 0xf8, 0x00, 0xf8, 0xfc, 0xf8, 0x00,
    0xf8, 0xfc, 0xf8, 0x00, 0xf8, 0xfc, 0xf8, 0x00, 0xf8, 0xfc, 0xf8, 0x00,
    0xf8, 0xfc, 0xf8, 0x00, 0xf8, 0xfc, 0xf8, 0x00, 0xf8, 0xfc, 0xf8, 0x00,
    0xf8, 0xfc, 0xf8, 0x00, 0xf8, 0xfc, 0xf8, 0x00, 0xf8, 0xfc, 0xf8, 0x00,
    0xf8, 0xfc, 0xf8, 0x00, 0xf8, 0xfc, 0xf8, 0x00, 0xf8, 0xfc, 0xf8, 0x00,
    0xf8, 0xfc, 0xf8, 0x00, 0xf8, 0xfc, 0xf8, 0x00, 0xf8, 0xfc, 0xf8, 0x00,
    0xf8, 0xfc, 0xf8, 0x00, 0xf8, 0xfc, 0xf8, 0x00, 0xf8, 0xfc, 0xf8, 0x00,
    0xf8, 0xfc, 0xf8, 0x00, 0xf8, 0xfc, 0xf8, 0x00, 0xf8, 0xfc, 0xf8, 0x00,
    0xf8, 0xfc, 0xf8, 0x00, 0xf8, 0xfc, 0xf8, 0x00, 0xf8, 0xfc, 0xf8, 0x00,
    0xf8, 0xfc, 0xf8, 0x00, 0x00, 0x00, 0xf8, 0x34, 0x00, 0x00, 0xf8, 0xbe,
    0x00, 0x00, 0xf8, 0xff, 0x00, 0x00, 0xf8, 0xfb, 0x00, 0x00, 0xf8, 0xff,
    0x00, 0x00, 0xf8, 0xff, 0x00, 0x00, 0xf8, 0xff, 0x00, 0x00, 0xf8, 0xff,
    0x00, 0x00, 0xf8, 0xff, 0x00, 0x00, 0xf8, 0xff, 0x00, 0x00, 0xf8, 0xff,
    0x00, 0x00, 0xf8, 0xff, 0x00, 0x00, 0xf8, 0xff, 0x00, 0x00, 0xf8, 0xff,
    0x00, 0x00, 0xf8, 0xff, 0x00, 0x00, 0xf8, 0xff, 0x00, 0x00, 0xf8, 0xff,
    0x00, 0x00, 0xf8, 0xff, 0x00, 0x00, 0xf8, 0xff, 0x00, 0x00, 0xf8, 0xff,
    0x00, 0x00, 0xf8, 0xff, 0x00, 0x00, 0xf8, 0xff, 0x00, 0x00, 0xf8, 0xff,
    0x00, 0x00, 0xf8, 0xff, 0x00, 0x00, 0xf8, 0xff, 0x00, 0x00, 0xf8, 0xff,
    0x00, 0x00, 0xf8, 0xff, 0x00, 0x00, 0xf8, 0xff, 0x00, 0x00, 0xf8, 0xff,
    0x00, 0x00, 0xf8, 0xff, 0x00, 0x00, 0xf8, 0xff, 0x00, 0x00, 0xf8, 0xff,
    0x00, 0x00, 0xf8, 0xff, 0x00, 0x00, 0xf8, 0xff, 0x00, 0x00, 0xf8, 0xff,
    0x00, 0x00, 0xf8, 0xff, 0x00, 0x00, 0xf8, 0xff, 0x00, 0x00, 0xf8, 0xff,
    0x00, 0x00, 0xf8, 0xff, 0x00, 0x00, 0xf8, 0xff, 0x00, 0x00, 0xf8, 0xff,
    0x00, 0x00, 0xf8, 0xff, 0x00, 0x00, 0xf8, 0xff, 0x00, 0x00, 0xf8, 0xff,
    0x00, 0x00, 0xf8, 0xff, 0x00, 0x00, 0xf8, 0xff, 0x00, 0x00, 0xf8, 0xff,
    0x00, 0x00, 0xf8, 0xff, 0x00, 0x00, 0xf8, 0xff, 0x00, 0x00, 0xf8, 0xff,
    0x00, 0x00, 0xf8, 0xfb, 0x00, 0x00, 0xf8, 0xff, 0x00, 0x00, 0xf8, 0xc3,
    0x00, 0x00, 0xf8, 0x34, 0xf8, 0xfc, 0xf8, 0x00, 0xf8, 0xfc, 0xf8, 0x00,
    0xf8, 0xfc, 0xf8, 0x00, 0xf8, 0xfc, 0xf8, 0x00, 0xf8, 0xfc, 0xf8, 0x00,
    0xf8, 0xfc, 0xf8, 0x00, 0xf8, 0xfc, 0xf8, 0x00, 0xf8, 0xfc, 0xf8, 0x00,
    0xf8, 0xfc, 0xf8, 0x00, 0xf8, 0xfc, 0xf8, 0x00, 0xf8, 0xfc, 0xf8, 0x00,
    0xf8, 0xfc, 0xf8, 0x00, 0xf8, 0xfc, 0xf8, 0x00, 0xf8, 0xfc, 0xf8, 0x00,
    0xf8, 0xfc, 0xf8, 0x00, 0xf8, 0xfc, 0xf8, 0x00, 0xf8, 0xfc, 0xf8, 0x00,
    0xf8, 0xfc, 0xf8, 0x00, 0xf8, 0xfc, 0xf8, 0x00, 0xf8, 0xfc, 0xf8, 0x00,
    0xf8, 0xfc, 0xf8, 0x00, 0xf8, 0xfc, 0xf8, 0x00, 0xf8, 0xfc, 0xf8, 0x00,
    0xf8, 0xfc, 0xf8, 0x00, 0xf8, 0xfc, 0xf8, 0x00, 0xf8, 0xfc, 0xf8, 0x00,
    0xf8, 0xfc, 0xf8, 0x00, 0xf8, 0xfc, 0xf8, 0x00, 0xf8, 0xfc, 0xf8, 0x00,
    0xf8, 0xfc, 0xf8, 0x00, 0xf8, 0xfc, 0xf8, 0x00, 0xf8, 0xfc, 0xf8, 0x00,
    0xf8, 0xfc, 0xf8, 0x00, 0xf8, 0xfc, 0xf8, 0x00, 0xf8, 0xfc, 0xf8, 0x00,
    0xf8, 0xfc, 0xf8, 0x00, 0xf8, 0xfc, 0xf8, 0x00, 0xf8, 0xfc, 0xf8, 0x00,
    0xf8, 0xfc, 0xf8, 0x00, 0xf8, 0xfc, 0xf8, 0x00, 0xf8, 0xfc, 0xf8, 0x00,
    0xf8, 0xfc, 0xf8, 0x00, 0xf8, 0xfc, 0xf8, 0x00, 0xf8, 0xfc, 0xf8, 0x00,
    0xf8, 0xfc, 0xf8, 0x00, 0xf8, 0xfc, 0xf8, 0x00, 0xf8, 0xfc, 0xf8, 0x00,
    0xf8, 0xfc, 0xf8, 0x00, 0xf8, 0xfc, 0xf8, 0x00, 0xf8, 0xfc, 0xf8, 0x00,
    0xf8, 0xfc, 0xf8, 0x00, 0xf8, 0xfc, 0xf8, 0x00, 0xf8, 0xfc, 0xf8, 0x00,
    0xf8, 0xfc, 0xf8, 0x00, 0xf8, 0xfc, 0xf8, 0x00, 0xf8, 0xfc, 0xf8, 0x00,
    0xf8, 0xfc, 0xf8, 0x00, 0xf8, 0xfc, 0xf8, 0x00, 0xf8, 0xfc, 0xf8, 0x00,
    0xf8, 0xfc, 0xf8, 0x00, 0xf8, 0xfc, 0xf8, 0x00, 0xf8, 0xfc, 0xf8, 0x00,
    0xf8, 0xfc, 0xf8, 0x00, 0xf8, 0xfc, 0xf8, 0x00, 0xf8, 0xfc, 0xf8, 0x00,
    0xf8, 0xfc, 0xf8, 0x00, 0xf8, 0xfc, 0xf8, 0x00, 0xf8, 0xfc, 0xf8, 0x00,
    0xf8, 0xfc, 0xf8, 0x00, 0xf8, 0xfc, 0xf8, 0x00, 0xf8, 0xfc, 0xf8, 0x00,
    0xf8, 0xfc, 0xf8, 0x00, 0xf8, 0xfc, 0xf8, 0x00, 0xf8, 0xfc, 0xf8, 0x00,
    0xf8, 0xfc, 0xf8, 0x00, 0xf8, 0xfc, 0xf8, 0x00, 0xf8, 0xfc, 0xf8, 0x00,
    0xf8, 0xfc, 0xf8, 0x00, 0xf8, 0xfc, 0xf8, 0x00, 0xf8, 0xfc, 0xf8, 0x00,
    0xf8, 0xfc, 0xf8, 0x00, 0xf8, 0xfc, 0xf8, 0x00, 0xf8, 0xfc, 0xf8, 0x00,
    0xf8, 0xfc, 0xf8, 0x00, 0xf8, 0xfc, 0xf8, 0x00, 0xf8, 0xfc, 0xf8, 0x00,
    0xf8, 0xfc, 0xf8, 0x00, 0xf8, 0xfc, 0xf8, 0x00, 0xf8, 0xfc, 0xf8, 0x00,
    0xf8, 0xfc, 0xf8, 0x00, 0xf8, 0xfc, 0xf8, 0x00, 0xf8, 0xfc, 0xf8, 0x00,
    0xf8, 0xfc, 0xf8, 0x00, 0xf8, 0xfc, 0xf8, 0x00, 0xf8, 0xfc, 0xf8, 0x00,
    0xf8, 0xfc, 0xf8, 0x00, 0xf8, 0xfc, 0xf8, 0x00, 0xf8, 0xfc, 0xf8, 0x00,
    0x00, 0x00, 0xf8, 0x08, 0x00, 0x00, 0xf8, 0x8a, 0x00, 0x00, 0xf8, 0xff,
    0x00, 0x00, 0xf8, 0xfb, 0x00, 0x00, 0xf8, 0xff, 0x00, 0x00, 0xf8, 0xff,
    0x00, 0x00, 0xf8, 0xff, 0x00, 0x00, 0xf8, 0xff, 0x00, 0x00, 0xf8, 0xff,
    0x00, 0x00, 0xf8, 0xff, 0x00, 0x00, 0xf8, 0xff, 0x00, 0x00, 0xf8, 0xff,
    0x00, 0x00, 0xf8, 0xff, 0x00, 0x00, 0xf8, 0xff, 0x00, 0x00, 0xf8, 0xff,
    0x00, 0x00, 0xf8, 0xff, 0x00, 0x00, 0xf8, 0xff, 0x00, 0x00, 0xf8, 0xff,
    0x00, 0x00, 0xf8, 0xff, 0x00, 0x00, 0xf8, 0xff, 0x00, 0x00, 0xf8, 0xff,
    0x00, 0x00, 0xf8, 0xff, 0x00, 0x00, 0xf8, 0xff, 0x00, 0x00, 0xf8, 0xff,
    0x00, 0x00, 0xf8, 0xff, 0x00, 0x00, 0xf8, 0xff, 0x00, 0x00, 0xf8, 0xff,
    0x00, 0x00, 0xf8, 0xff, 0x00, 0x00, 0xf8, 0xff, 0x00, 0x00, 0xf8, 0xff,
    0x00, 0x00, 0xf8, 0xff, 0x00, 0x00, 0xf8, 0xff, 0x00, 0x00, 0xf8, 0xff,
    0x00, 0x00, 0xf8, 0xff, 0x00, 0x00, 0xf8, 0xff, 0x00, 0x00, 0xf8, 0xff,
    0x00, 0x00, 0xf8, 0xff, 0x00, 0x00, 0xf8, 0xff, 0x00, 0x00, 0xf8, 0xff,
    0x00, 0x00, 0xf8, 0xff, 0x00, 0x00, 0xf8, 0xff, 0x00, 0x00, 0xf8, 0xff,
    0x00, 0x00, 0xf8, 0xff, 0x00, 0x00, 0xf8, 0xff, 0x00, 0x00, 0xf8, 0xff,
    0x00, 0x00, 0xf8, 0xff, 0x00, 0x00, 0xf8, 0xff, 0x00, 0x00, 0xf8, 0xff,
    0x00, 0x00, 0xf8, 0xff, 0x00, 0x00, 0xf8, 0xff, 0x00, 0x00, 0xf8, 0xff,
    0x00, 0x00, 0xf8, 0xff, 0x00, 0x00, 0xf8, 0xff, 0x00, 0x00, 0xf8, 0xff,
    0x00, 0x00, 0xf8, 0xfb, 0x00, 0x00, 0xf8, 0xff, 0x00, 0x00, 0xf8, 0x8a,
    0x00, 0x00, 0xf8, 0x08, 0xf8, 0xfc, 0xf8, 0x00, 0xf8, 0xfc, 0xf8, 0x00,
    0xf8, 0xfc, 0xf8, 0x00, 0xf8, 0xfc, 0xf8, 0x00, 0xf8, 0xfc, 0xf8, 0x00,
    0xf8, 0xfc, 0xf8, 0x00, 0xf8, 0xfc, 0xf8, 0x00, 0xf8, 0xfc, 0xf8, 0x00,
    0xf8, 0xfc, 0xf8, 0x00, 0xf8, 0xfc, 0xf8, 0x00, 0xf8, 0xfc, 0xf8, 0x00,
    0xf8, 0xfc, 0xf8, 0x00, 0xf8, 0xfc, 0xf8, 0x00, 0xf8, 0xfc, 0xf8, 0x00,
    0xf8, 0xfc, 0xf8, 0x00, 0xf8, 0xfc, 0xf8, 0x00, 0xf8, 0xfc, 0xf8, 0x00,
    0xf8, 0xfc, 0xf8, 0x00, 0xf8, 0xfc, 0xf8, 0x00, 0xf8, 0xfc, 0xf8, 0x00,
    0xf8, 0xfc, 0xf8, 0x00, 0xf8, 0xfc, 0xf8, 0x00, 0xf8, 0xfc, 0xf8, 0x00,
    0xf8, 0xfc, 0xf8, 0x00, 0xf8, 0xfc, 0xf8, 0x00, 0xf8, 0xfc, 0xf8, 0x00,
    0xf8, 0xfc, 0xf8, 0x00, 0xf8, 0xfc, 0xf8, 0x00, 0xf8, 0xfc, 0xf8, 0x00,
    0xf8, 0xfc, 0xf8, 0x00, 0xf8, 0xfc, 0xf8, 0x00, 0xf8, 0xfc, 0xf8, 0x00,
    0xf8, 0xfc, 0xf8, 0x00, 0xf8, 0xfc, 0xf8, 0x00, 0xf8, 0xfc, 0xf8, 0x00,
    0xf8, 0xfc, 0xf8, 0x00, 0xf8, 0xfc, 0xf8, 0x00, 0xf8, 0xfc, 0xf8, 0x00,
    0xf8, 0xfc, 0xf8, 0x00, 0xf8, 0xfc, 0xf8, 0x00, 0xf8, 0xfc, 0xf8, 0x00,
    0xf8, 0xfc, 0xf8, 0x00, 0xf8, 0xfc, 0xf8, 0x00, 0xf8, 0xfc, 0xf8, 0x00,
    0xf8, 0xfc, 0xf8, 0x00, 0xf8, 0xfc, 0xf8, 0x00, 0xf8, 0xfc, 0xf8, 0x00,
    0xf8, 0xfc, 0xf8, 0x00, 0xf8, 0xfc, 0xf8, 0x00, 0xf8, 0xfc, 0xf8, 0x00,
    0xf8, 0xfc, 0xf8, 0x00, 0xf8, 0xfc, 0xf8, 0x00, 0xf8, 0xfc, 0xf8, 0x00,
    0xf8, 0xfc, 0xf8, 0x00, 0xf8, 0xfc, 0xf8, 0x00, 0xf8, 0xfc, 0xf8, 0x00,
    0xf8, 0xfc, 0xf8, 0x00, 0xf8, 0xfc, 0xf8, 0x00, 0xf8, 0xfc, 0xf8, 0x00,
    0xf8, 0xfc, 0xf8, 0x00, 0xf8, 0xfc, 0xf8, 0x00, 0xf8, 0xfc, 0xf8, 0x00,
    0xf8, 0xfc, 0xf8, 0x00, 0xf8, 0xfc, 0xf8, 0x00, 0xf8, 0xfc, 0xf8, 0x00,
    0xf8, 0xfc, 0xf8, 0x00, 0xf8, 0xfc, 0xf8, 0x00, 0xf8, 0xfc, 0xf8, 0x00,
    0xf8, 0xfc, 0xf8, 0x00, 0xf8, 0xfc, 0xf8, 0x00, 0xf8, 0xfc, 0xf8, 0x00,
    0xf8, 0xfc, 0xf8, 0x00, 0xf8, 0xfc, 0xf8, 0x00, 0xf8, 0xfc, 0xf8, 0x00,
    0xf8, 0xfc, 0xf8, 0x00, 0xf8, 0xfc, 0xf8, 0x00, 0xf8, 0xfc, 0xf8, 0x00,
    0xf8, 0xfc, 0xf8, 0x00, 0xf8, 0xfc, 0xf8, 0x00, 0xf8, 0xfc, 0xf8, 0x00,
    0xf8, 0xfc, 0xf8, 0x00, 0xf8, 0xfc, 0xf8, 0x00, 0xf8, 0xfc, 0xf8, 0x00,
    0xf8, 0xfc, 0xf8, 0x00, 0xf8, 0xfc, 0xf8, 0x00, 0xf8, 0xfc, 0xf8, 0x00,
    0xf8, 0xfc, 0xf8, 0x00, 0xf8, 0xfc, 0xf8, 0x00, 0xf8, 0xfc, 0xf8, 0x00,
    0xf8, 0xfc, 0xf8, 0x00, 0xf8, 0xfc, 0xf8, 0x00, 0xf8, 0xfc, 0xf8, 0x00,
    0xf8, 0xfc, 0xf8, 0x00, 0xf8, 0xfc, 0xf8, 0x00, 0xf8, 0xfc, 0xf8, 0x00,
    0x00, 0x00, 0xf8, 0x38, 0x00, 0x00, 0xf8, 0xdb, 0x00, 0x00, 0xf8, 0xfb,
    0x00, 0x00, 0xf8, 0xff, 0x00, 0x00, 0xf8, 0xff, 0x00, 0x00, 0xf8, 0xff,
    0x00, 0x00, 0xf8, 0xff, 0x00, 0x00, 0xf8, 0xff, 0x00, 0x00, 0xf8, 0xff,
    0x00, 0x00, 0xf8, 0xff, 0x00, 0x00, 0xf8, 0xff, 0x00, 0x00, 0xf8, 0xff,
    0x00, 0x00, 0xf8, 0xff, 0x00, 0x00, 0xf8, 0xff, 0x00, 0x00, 0xf8, 0xff,
    0x00, 0x00, 0xf8, 0xff, 0x00, 0x00, 0xf8, 0xff, 0x00, 0x00, 0xf8, 0xff,
    0x00, 0x00, 0xf8, 0xff, 0x00, 0x00, 0xf8, 0xff, 0x00, 0x00, 0xf8, 0xff,
    0x00, 0x00, 0xf8, 0xff, 0x00, 0x00, 0xf8, 0xff, 0x00, 0x00, 0xf8, 0xff,
    0x00, 0x00, 0xf8, 0xff, 0x00, 0x00, 0xf8, 0xff, 0x00, 0x00, 0xf8, 0xff,
    0x00, 0x00, 0xf8, 0xff, 0x00, 0x00, 0xf8, 0xff, 0x00, 0x00, 0xf8, 0xff,
    0x00, 0x00, 0xf8, 0xff, 0x00, 0x00, 0xf8, 0xff, 0x00, 0x00, 0xf8, 0xff,
    0x00, 0x00, 0xf8, 0xff, 0x00, 0x00, 0xf8, 0xff, 0x00, 0x00, 0xf8, 0xff,
    0x00, 0x00, 0xf8, 0xff, 0x00, 0x00, 0xf8, 0xff, 0x00, 0x00, 0xf8, 0xff,
    0x00, 0x00, 0xf8, 0xff, 0x00, 0x00, 0xf8, 0xff, 0x00, 0x00, 0xf8, 0xff,
    0x00, 0x00, 0xf8, 0xff, 0x00, 0x00, 0xf8, 0xff, 0x00, 0x00, 0xf8, 0xff,
    0x00, 0x00, 0xf8, 0xff, 0x00, 0x00, 0xf8, 0xff, 0x00, 0x00, 0xf8, 0xff,
    0x00, 0x00, 0xf8, 0xff, 0x00, 0x00, 0xf8, 0xff, 0x00, 0x00, 0xf8, 0xff,
    0x00, 0x00, 0xf8, 0xff, 0x00, 0x00, 0xf8, 0xff, 0x00, 0x00, 0xf8, 0xff,
    0x00, 0x00, 0xf8, 0xff, 0x00, 0x00, 0xf8, 0xff, 0x00, 0x00, 0xf8, 0xff,
    0x00, 0x00, 0xf8, 0xfb, 0x00, 0x00, 0xf8, 0xdb, 0x00, 0x00, 0xf8, 0x34,
    0xf8, 0xfc, 0xf8, 0x00, 0xf8, 0xfc, 0xf8, 0x00, 0xf8, 0xfc, 0xf8, 0x00,
    0xf8, 0xfc, 0xf8, 0x00, 0xf8, 0xfc, 0xf8, 0x00, 0xf8, 0xfc, 0xf8, 0x00,
    0xf8, 0xfc, 0xf8, 0x00, 0xf8, 0xfc, 0xf8, 0x00, 0xf8, 0xfc, 0xf8, 0x00,
    0xf8, 0xfc, 0xf8, 0x00, 0xf8, 0xfc, 0xf8, 0x00, 0xf8, 0xfc, 0xf8, 0x00,
    0xf8, 0xfc, 0xf8, 0x00, 0xf8, 0xfc, 0xf8, 0x00, 0xf8, 0xfc, 0xf8, 0x00,
    0xf8, 0xfc, 0xf8, 0x00, 0xf8, 0xfc, 0xf8, 0x00, 0xf8, 0xfc, 0xf8, 0x00,
    0xf8, 0xfc, 0xf8, 0x00, 0xf8, 0xfc, 0xf8, 0x00, 0xf8, 0xfc, 0xf8, 0x00,
    0xf8, 0xfc, 0xf8, 0x00, 0xf8, 0xfc, 0xf8, 0x00, 0xf8, 0xfc, 0xf8, 0x00,
    0xf8, 0xfc, 0xf8, 0x00, 0xf8, 0xfc, 0xf8, 0x00, 0xf8, 0xfc, 0xf8, 0x00,
    0xf8, 0xfc, 0xf8, 0x00, 0xf8, 0xfc, 0xf8, 0x00, 0xf8, 0xfc, 0xf8, 0x00,
    0xf8, 0xfc, 0xf8, 0x00, 0xf8, 0xfc, 0xf8, 0x00, 0xf8, 0xfc, 0xf8, 0x00,
    0xf8, 0xfc, 0xf8, 0x00, 0xf8, 0xfc, 0xf8, 0x00, 0xf8, 0xfc, 0xf8, 0x00,
    0xf8, 0xfc, 0xf8, 0x00, 0xf8, 0xfc, 0xf8, 0x00, 0xf8, 0xfc, 0xf8, 0x00,
    0xf8, 0xfc, 0xf8, 0x00, 0xf8, 0xfc, 0xf8, 0x00, 0xf8, 0xfc, 0xf8, 0x00,
    0xf8, 0xfc, 0xf8, 0x00, 0xf8, 0xfc, 0xf8, 0x00, 0xf8, 0xfc, 0xf8, 0x00,
    0xf8, 0xfc, 0xf8, 0x00, 0xf8, 0xfc, 0xf8, 0x00, 0xf8, 0xfc, 0xf8, 0x00,
    0xf8, 0xfc, 0xf8, 0x00, 0xf8, 0xfc, 0xf8, 0x00, 0xf8, 0xfc, 0xf8, 0x00,
    0xf8, 0xfc, 0xf8, 0x00, 0xf8, 0xfc, 0xf8, 0x00, 0xf8, 0xfc, 0xf8, 0x00,
    0xf8, 0xfc, 0xf8, 0x00, 0xf8, 0xfc, 0xf8, 0x00, 0xf8, 0xfc, 0xf8, 0x00,
    0xf8, 0xfc, 0xf8, 0x00, 0xf8, 0xfc, 0xf8, 0x00, 0xf8, 0xfc, 0xf8, 0x00,
    0xf8, 0xfc, 0xf8, 0x00, 0xf8, 0xfc, 0xf8, 0x00, 0xf8, 0xfc, 0xf8, 0x00,
    0xf8, 0xfc, 0xf8, 0x00, 0xf8, 0xfc, 0xf8, 0x00, 0xf8, 0xfc, 0xf8, 0x00,
    0xf8, 0xfc, 0xf8, 0x00, 0xf8, 0xfc, 0xf8, 0x00, 0xf8, 0xfc, 0xf8, 0x00,
    0xf8, 0xfc, 0xf8, 0x00, 0xf8, 0xfc, 0xf8, 0x00, 0xf8, 0xfc, 0xf8, 0x00,
    0xf8, 0xfc, 0xf8, 0x00, 0xf8, 0xfc, 0xf8, 0x00, 0xf8, 0xfc, 0xf8, 0x00,
    0xf8, 0xfc, 0xf8, 0x00, 0xf8, 0xfc, 0xf8, 0x00, 0xf8, 0xfc, 0xf8, 0x00,
    0xf8, 0xfc, 0xf8, 0x00, 0xf8, 0xfc, 0xf8, 0x00, 0xf8, 0xfc, 0xf8, 0x00,
    0xf8, 0xfc, 0xf8, 0x00, 0xf8, 0xfc, 0xf8, 0x00, 0xf8, 0xfc, 0xf8, 0x00,
    0xf8, 0xfc, 0xf8, 0x00, 0xf8, 0xfc, 0xf8, 0x00, 0xf8, 0xfc, 0xf8, 0x00,
    0xf8, 0xfc, 0xf8, 0x00, 0xf8, 0xfc, 0xf8, 0x00, 0xf8, 0xfc, 0xf8, 0x00,
    0xf8, 0xfc, 0xf8, 0x00, 0xf8, 0xfc, 0xf8, 0x00, 0x00, 0x00, 0xf8, 0x04,
    0x00, 0x00, 0xf8, 0x86, 0x00, 0x00, 0xf8, 0xff, 0x00, 0x00, 0xf8, 0xfb,
    0x00, 0x00, 0xf8, 0xff, 0x00, 0x00, 0xf8, 0xff, 0x00, 0x00, 0xf8, 0xff,
    0x00, 0x00, 0xf8, 0xff, 0x00, 0x00, 0xf8, 0xff, 0x00, 0x00, 0xf8, 0xff,
    0x00, 0x00, 0xf8, 0xff, 0x00, 0x00, 0xf8, 0xff, 0x00, 0x00, 0xf8, 0xff,
    0x00, 0x00, 0xf8, 0xff, 0x00, 0x00, 0xf8, 0xff, 0x00, 0x00, 0xf8, 0xff,
    0x00, 0x00, 0xf8, 0xff, 0x00, 0x00, 0xf8, 0xff, 0x00, 0x00, 0xf8, 0xff,
    0x00, 0x00, 0xf8, 0xff, 0x00, 0x00, 0xf8, 0xff, 0x00, 0x00, 0xf8, 0xff,
    0x00, 0x00, 0xf8, 0xff, 0x00, 0x00, 0xf8, 0xff, 0x00, 0x00, 0xf8, 0xff,
    0x00, 0x00, 0xf8, 0xff, 0x00, 0x00, 0xf8, 0xff, 0x00, 0x00, 0xf8, 0xff,
    0x00, 0x00, 0xf8, 0xff, 0x00, 0x00, 0xf8, 0xff, 0x00, 0x00, 0xf8, 0xff,
    0x00, 0x00, 0xf8, 0xff, 0x00, 0x00, 0xf8, 0xff, 0x00, 0x00, 0xf8, 0xff,
    0x00, 0x00, 0xf8, 0xff, 0x00, 0x00, 0xf8, 0xff, 0x00, 0x00, 0xf8, 0xff,
    0x00, 0x00, 0xf8, 0xff, 0x00, 0x00, 0xf8, 0xff, 0x00, 0x00, 0xf8, 0xff,
    0x00, 0x00, 0xf8, 0xff, 0x00, 0x00, 0xf8, 0xff, 0x00, 0x00, 0xf8, 0xff,
    0x00, 0x00, 0xf8, 0xff, 0x00, 0x00, 0xf8, 0xff, 0x00, 0x00, 0xf8, 0xff,
    0x00, 0x00, 0xf8, 0xff, 0x00, 0x00, 0xf8, 0xff, 0x00, 0x00, 0xf8, 0xff,
    0x00, 0x00, 0xf8, 0xff, 0x00, 0x00, 0xf8, 0xff, 0x00, 0x00, 0xf8, 0xff,
    0x00, 0x00, 0xf8, 0xff, 0x00, 0x00, 0xf8, 0xff, 0x00, 0x00, 0xf8, 0xff,
    0x00, 0x00, 0xf8, 0xff, 0x00, 0x00, 0xf8, 0xff, 0x00, 0x00, 0xf8, 0xff,
    0x00, 0x00, 0xf8, 0xff, 0x00, 0x00, 0xf8, 0xff, 0x00, 0x00, 0xf8, 0xfb,
    0x00, 0x00, 0xf8, 0xff, 0x00, 0x00, 0xf8, 0x86, 0x00, 0x00, 0xf8, 0x04,
    0xf8, 0xfc, 0xf8, 0x00, 0xf8, 0xfc, 0xf8, 0x00, 0xf8, 0xfc, 0xf8, 0x00,
    0xf8, 0xfc, 0xf8, 0x00, 0xf8, 0xfc, 0xf8, 0x00, 0xf8, 0xfc, 0xf8, 0x00,
    0xf8, 0xfc, 0xf8, 0x00, 0xf8, 0xfc, 0xf8, 0x00, 0xf8, 0xfc, 0xf8, 0x00,
    0xf8, 0xfc, 0xf8, 0x00, 0xf8, 0xfc, 0xf8, 0x00, 0xf8, 0xfc, 0xf8, 0x00,
    0xf8, 0xfc, 0xf8, 0x00, 0xf8, 0xfc, 0xf8, 0x00, 0xf8, 0xfc, 0xf8, 0x00,
    0xf8, 0xfc, 0xf8, 0x00, 0xf8, 0xfc, 0xf8, 0x00, 0xf8, 0xfc, 0xf8, 0x00,
    0xf8, 0xfc, 0xf8, 0x00, 0xf8, 0xfc, 0xf8, 0x00, 0xf8, 0xfc, 0xf8, 0x00,
    0xf8, 0xfc, 0xf8, 0x00, 0xf8, 0xfc, 0xf8, 0x00, 0xf8, 0xfc, 0xf8, 0x00,
    0xf8, 0xfc, 0xf8, 0x00, 0xf8, 0xfc, 0xf8, 0x00, 0xf8, 0xfc, 0xf8, 0x00,
    0xf8, 0xfc, 0xf8, 0x00, 0xf8, 0xfc, 0xf8, 0x00, 0xf8, 0xfc, 0xf8, 0x00,
    0xf8, 0xfc, 0xf8, 0x00, 0xf8, 0xfc, 0xf8, 0x00, 0xf8, 0xfc, 0xf8, 0x00,
    0xf8, 0xfc, 0xf8, 0x00, 0xf8, 0xfc, 0xf8, 0x00, 0xf8, 0xfc, 0xf8, 0x00,
    0xf8, 0xfc, 0xf8, 0x00, 0xf8, 0xfc, 0xf8, 0x00, 0xf8, 0xfc, 0xf8, 0x00,
    0xf8, 0xfc, 0xf8, 0x00, 0xf8, 0xfc, 0xf8, 0x00, 0xf8, 0xfc, 0xf8, 0x00,
    0xf8, 0xfc, 0xf8, 0x00, 0xf8, 0xfc, 0xf8, 0x00, 0xf8, 0xfc, 0xf8, 0x00,
    0xf8, 0xfc, 0xf8, 0x00, 0xf8, 0xfc, 0xf8, 0x00, 0xf8, 0xfc, 0xf8, 0x00,
    0xf8, 0xfc, 0xf8, 0x00, 0xf8, 0xfc, 0xf8, 0x00, 0xf8, 0xfc, 0xf8, 0x00,
    0xf8, 0xfc, 0xf8, 0x00, 0xf8, 0xfc, 0xf8, 0x00, 0xf8, 0xfc, 0xf8, 0x00,
    0xf8, 0xfc, 0xf8, 0x00, 0xf8, 0xfc, 0xf8, 0x00, 0xf8, 0xfc, 0xf8, 0x00,
    0xf8, 0xfc, 0xf8, 0x00, 0xf8, 0xfc, 0xf8, 0x00, 0xf8, 0xfc, 0xf8, 0x00,
    0xf8, 0xfc, 0xf8, 0x00, 0xf8, 0xfc, 0xf8, 0x00, 0xf8, 0xfc, 0xf8, 0x00,
    0xf8, 0xfc, 0xf8, 0x00, 0xf8, 0xfc, 0xf8, 0x00, 0xf8, 0xfc, 0xf8, 0x00,
    0xf8, 0xfc, 0xf8, 0x00, 0xf8, 0xfc, 0xf8, 0x00, 0xf8, 0xfc, 0xf8, 0x00,
    0xf8, 0xfc, 0xf8, 0x00, 0xf8, 0xfc, 0xf8, 0x00, 0xf8, 0xfc, 0xf8, 0x00,
    0xf8, 0xfc, 0xf8, 0x00, 0xf8, 0xfc, 0xf8, 0x00, 0xf8, 0xfc, 0xf8, 0x00,
    0xf8, 0xfc, 0xf8, 0x00, 0xf8, 0xfc, 0xf8, 0x00, 0xf8, 0xfc, 0xf8, 0x00,
    0xf8, 0xfc, 0xf8, 0x00, 0xf8, 0xfc, 0xf8, 0x00, 0xf8, 0xfc, 0xf8, 0x00,
    0xf8, 0xfc, 0xf8, 0x00, 0xf8, 0xfc, 0xf8, 0x00, 0xf8, 0xfc, 0xf8, 0x00,
    0xf8, 0xfc, 0xf8, 0x00, 0xf8, 0xfc, 0xf8, 0x00, 0xf8, 0xfc, 0xf8, 0x00,
    0xf8, 0xfc, 0xf8, 0x00, 0xf8, 0xfc, 0xf8, 0x00, 0x00, 0x00, 0xf8, 0x10,
    0x00, 0x00, 0xf8, 0xba, 0x00, 0x00, 0xf8, 0xff, 0x00, 0x00, 0xf8, 0xff,
    0x00, 0x00, 0xf8, 0xff, 0x00, 0x00, 0xf8, 0xff, 0x00, 0x00, 0xf8, 0xff,
    0x00, 0x00, 0xf8, 0xff, 0x00, 0x00, 0xf8, 0xff, 0x00, 0x00, 0xf8, 0xff,
    0x00, 0x00, 0xf8, 0xff, 0x00, 0x00, 0xf8, 0xff, 0x00, 0x00, 0xf8, 0xff,
    0x00, 0x00, 0xf8, 0xff, 0x00, 0x00, 0xf8, 0xff, 0x00, 0x00, 0xf8, 0xff,
    0x00, 0x00, 0xf8, 0xff, 0x00, 0x00, 0xf8, 0xff, 0x00, 0x00, 0xf8, 0xff,
    0x00, 0x00, 0xf8, 0xff, 0x00, 0x00, 0xf8, 0xff, 0x00, 0x00, 0xf8, 0xff,
    0x00, 0x00, 0xf8, 0xff, 0x00, 0x00, 0xf8, 0xff, 0x00, 0x00, 0xf8, 0xff,
    0x00, 0x00, 0xf8, 0xff, 0x00, 0x00, 0xf8, 0xff, 0x00, 0x00, 0xf8, 0xff,
    0x00, 0x00, 0xf8, 0xff, 0x00, 0x00, 0xf8, 0xff, 0x00, 0x00, 0xf8, 0xff,
    0x00, 0x00, 0xf8, 0xff, 0x00, 0x00, 0xf8, 0xff, 0x00, 0x00, 0xf8, 0xff,
    0x00, 0x00, 0xf8, 0xff, 0x00, 0x00, 0xf8, 0xff, 0x00, 0x00, 0xf8, 0xff,
    0x00, 0x00, 0xf8, 0xff, 0x00, 0x00, 0xf8, 0xff, 0x00, 0x00, 0xf8, 0xff,
    0x00, 0x00, 0xf8, 0xff, 0x00, 0x00, 0xf8, 0xff, 0x00, 0x00, 0xf8, 0xff,
    0x00, 0x00, 0xf8, 0xff, 0x00, 0x00, 0xf8, 0xff, 0x00, 0x00, 0xf8, 0xff,
    0x00, 0x00, 0xf8, 0xff, 0x00, 0x00, 0xf8, 0xff, 0x00, 0x00, 0xf8, 0xff,
    0x00, 0x00, 0xf8, 0xff, 0x00, 0x00, 0xf8, 0xff, 0x00, 0x00, 0xf8, 0xff,
    0x00, 0x00, 0xf8, 0xff, 0x00, 0x00, 0xf8, 0xff, 0x00, 0x00, 0xf8, 0xff,
    0x00, 0x00, 0xf8, 0xff, 0x00, 0x00, 0xf8, 0xff, 0x00, 0x00, 0xf8, 0xff,
    0x00, 0x00, 0xf8, 0xff, 0x00, 0x00, 0xf8, 0xff, 0x00, 0x00, 0xf8, 0xff,
    0x00, 0x00, 0xf8, 0xff, 0x00, 0x00, 0xf8, 0xff, 0x00, 0x00, 0xf8, 0xff,
    0x00, 0x00, 0xf8, 0xba, 0x00, 0x00, 0xf8, 0x10, 0xf8, 0xfc, 0xf8, 0x00,
    0xf8, 0xfc, 0xf8, 0x00, 0xf8, 0xfc, 0xf8, 0x00, 0xf8, 0xfc, 0xf8, 0x00,
    0xf8, 0xfc, 0xf8, 0x00, 0xf8, 0xfc, 0xf8, 0x00, 0xf8, 0xfc, 0xf8, 0x00,
    0xf8, 0xfc, 0xf8, 0x00, 0xf8, 0xfc, 0xf8, 0x00, 0xf8, 0xfc, 0xf8, 0x00,
    0xf8, 0xfc, 0xf8, 0x00, 0xf8, 0xfc, 0xf8, 0x00, 0xf8, 0xfc, 0xf8, 0x00,
    0xf8, 0xfc, 0xf8, 0x00, 0xf8, 0xfc, 0xf8, 0x00, 0xf8, 0xfc, 0xf8, 0x00,
    0xf8, 0xfc, 0xf8, 0x00, 0xf8, 0xfc, 0xf8, 0x00, 0xf8, 0xfc, 0xf8, 0x00,
    0xf8, 0xfc, 0xf8, 0x00, 0xf8, 0xfc, 0xf8, 0x00, 0xf8, 0xfc, 0xf8, 0x00,
    0xf8, 0xfc, 0xf8, 0x00, 0xf8, 0xfc, 0xf8, 0x00, 0xf8, 0xfc, 0xf8, 0x00,
    0xf8, 0xfc, 0xf8, 0x00, 0xf8, 0xfc, 0xf8, 0x00, 0xf8, 0xfc, 0xf8, 0x00,
    0xf8, 0xfc, 0xf8, 0x00, 0xf8, 0xfc, 0xf8, 0x00, 0xf8, 0xfc, 0xf8, 0x00,
    0xf8, 0xfc, 0xf8, 0x00, 0xf8, 0xfc, 0xf8, 0x00, 0xf8, 0xfc, 0xf8, 0x00,
    0xf8, 0xfc, 0xf8, 0x00, 0xf8, 0xfc, 0xf8, 0x00, 0xf8, 0xfc, 0xf8, 0x00,
    0xf8, 0xfc, 0xf8, 0x00, 0xf8, 0xfc, 0xf8, 0x00, 0xf8, 0xfc, 0xf8, 0x00,
    0xf8, 0xfc, 0xf8, 0x00, 0xf8, 0xfc, 0xf8, 0x00, 0xf8, 0xfc, 0xf8, 0x00,
    0xf8, 0xfc, 0xf8, 0x00, 0xf8, 0xfc, 0xf8, 0x00, 0xf8, 0xfc, 0xf8, 0x00,
    0xf8, 0xfc, 0xf8, 0x00, 0xf8, 0xfc, 0xf8, 0x00, 0xf8, 0xfc, 0xf8, 0x00,
    0xf8, 0xfc, 0xf8, 0x00, 0xf8, 0xfc, 0xf8, 0x00, 0xf8, 0xfc, 0xf8, 0x00,
    0xf8, 0xfc, 0xf8, 0x00, 0xf8, 0xfc, 0xf8, 0x00, 0xf8, 0xfc, 0xf8, 0x00,
    0xf8, 0xfc, 0xf8, 0x00, 0xf8, 0xfc, 0xf8, 0x00, 0xf8, 0xfc, 0xf8, 0x00,
    0xf8, 0xfc, 0xf8, 0x00, 0xf8, 0xfc, 0xf8, 0x00, 0xf8, 0xfc, 0xf8, 0x00,
    0xf8, 0xfc, 0xf8, 0x00, 0xf8, 0xfc, 0xf8, 0x00, 0xf8, 0xfc, 0xf8, 0x00,
    0xf8, 0xfc, 0xf8, 0x00, 0xf8, 0xfc, 0xf8, 0x00, 0xf8, 0xfc, 0xf8, 0x00,
    0xf8, 0xfc, 0xf8, 0x00, 0xf8, 0xfc, 0xf8, 0x00, 0xf8, 0xfc, 0xf8, 0x00,
    0xf8, 0xfc, 0xf8, 0x00, 0xf8, 0xfc, 0xf8, 0x00, 0xf8, 0xfc, 0xf8, 0x00,
    0xf8, 0xfc, 0xf8, 0x00, 0xf8, 0xfc, 0xf8, 0x00, 0xf8, 0xfc, 0xf8, 0x00,
    0xf8, 0xfc, 0xf8, 0x00, 0xf8, 0xfc, 0xf8, 0x00, 0xf8, 0xfc, 0xf8, 0x00,
    0xf8, 0xfc, 0xf8, 0x00, 0xf8, 0xfc, 0xf8, 0x00, 0xf8, 0xfc, 0xf8, 0x00,
    0xf8, 0xfc, 0xf8, 0x00, 0xf8, 0xfc, 0xf8, 0x00, 0xf8, 0xfc, 0xf8, 0x00,
    0xf8, 0xfc, 0xf8, 0x00, 0xf8, 0xfc, 0xf8, 0x00, 0x00, 0x00, 0xf8, 0x28,
    0x00, 0x00, 0xf8, 0xdf, 0x00, 0x00, 0xf8, 0xfb, 0x00, 0x00, 0xf8, 0xff,
    0x00, 0x00, 0xf8, 0xff, 0x00, 0x00, 0xf8, 0xff, 0x00, 0x00, 0xf8, 0xff,
    0x00, 0x00, 0xf8, 0xff, 0x00, 0x00, 0xf8, 0xff, 0x00, 0x00, 0xf8, 0xff,
    0x00, 0x00, 0xf8, 0xff, 0x00, 0x00, 0xf8, 0xff, 0x00, 0x00, 0xf8, 0xff,
    0x00, 0x00, 0xf8, 0xff, 0x00, 0x00, 0xf8, 0xff, 0x00, 0x00, 0xf8, 0xff,
    0x00, 0x00, 0xf8, 0xff, 0x00, 0x00, 0xf8, 0xff, 0x00, 0x00, 0xf8, 0xff,
    0x00, 0x00, 0xf8, 0xff, 0x00, 0x00, 0xf8, 0xff, 0x00, 0x00, 0xf8, 0xff,
    0x00, 0x00, 0xf8, 0xff, 0x00, 0x00, 0xf8, 0xff, 0x00, 0x00, 0xf8, 0xff,
    0x00, 0x00, 0xf8, 0xff, 0x00, 0x00, 0xf8, 0xff, 0x00, 0x00, 0xf8, 0xff,
    0x00, 0x00, 0xf8, 0xff, 0x00, 0x00, 0xf8, 0xff, 0x00, 0x00, 0xf8, 0xff,
    0x00, 0x00, 0xf8, 0xff, 0x00, 0x00, 0xf8, 0xff, 0x00, 0x00, 0xf8, 0xff,
    0x00, 0x00, 0xf8, 0xff, 0x00, 0x00, 0xf8, 0xff, 0x00, 0x00, 0xf8, 0xff,
    0x00, 0x00, 0xf8, 0xff, 0x00, 0x00, 0xf8, 0xff, 0x00, 0x00, 0xf8, 0xff,
    0x00, 0x00, 0xf8, 0xff, 0x00, 0x00, 0xf8, 0xff, 0x00, 0x00, 0xf8, 0xff,
    0x00, 0x00, 0xf8, 0xff, 0x00, 0x00, 0xf8, 0xff, 0x00, 0x00, 0xf8, 0xff,
    0x00, 0x00, 0xf8, 0xff, 0x00, 0x00, 0xf8, 0xff, 0x00, 0x00, 0xf8, 0xff,
    0x00, 0x00, 0xf8, 0xff, 0x00, 0x00, 0xf8, 0xff, 0x00, 0x00, 0xf8, 0xff,
    0x00, 0x00, 0xf8, 0xff, 0x00, 0x00, 0xf8, 0xff, 0x00, 0x00, 0xf8, 0xff,
    0x00, 0x00, 0xf8, 0xff, 0x00, 0x00, 0xf8, 0xff, 0x00, 0x00, 0xf8, 0xff,
    0x00, 0x00, 0xf8, 0xff, 0x00, 0x00, 0xf8, 0xff, 0x00, 0x00, 0xf8, 0xff,
    0x00, 0x00, 0xf8, 0xff, 0x00, 0x00, 0xf8, 0xff, 0x00, 0x00, 0xf8, 0xff,
    0x00, 0x00, 0xf8, 0xff, 0x00, 0x00, 0xf8, 0xfb, 0x00, 0x00, 0xf8, 0xdf,
    0x00, 0x00, 0xf8, 0x28, 0xf8, 0xfc, 0xf8, 0x00, 0xf8, 0xfc, 0xf8, 0x00,
    0xf8, 0xfc, 0xf8, 0x00, 0xf8, 0xfc, 0xf8, 0x00, 0xf8, 0xfc, 0xf8, 0x00,
    0xf8, 0xfc, 0xf8, 0x00, 0xf8, 0xfc, 0xf8, 0x00, 0xf8, 0xfc, 0xf8, 0x00,
    0xf8, 0xfc, 0xf8, 0x00, 0xf8, 0xfc, 0xf8, 0x00, 0xf8, 0xfc, 0xf8, 0x00,
    0xf8, 0xfc, 0xf8, 0x00, 0xf8, 0xfc, 0xf8, 0x00, 0xf8, 0xfc, 0xf8, 0x00,
    0xf8, 0xfc, 0xf8, 0x00, 0xf8, 0xfc, 0xf8, 0x00, 0xf8, 0xfc, 0xf8, 0x00,
    0xf8, 0xfc, 0xf8, 0x00, 0xf8, 0xfc, 0xf8, 0x00, 0xf8, 0xfc, 0xf8, 0x00,
    0xf8, 0xfc, 0xf8, 0x00, 0xf8, 0xfc, 0xf8, 0x00, 0xf8, 0xfc, 0xf8, 0x00,
    0xf8, 0xfc, 0xf8, 0x00, 0xf8, 0xfc, 0xf8, 0x00, 0xf8, 0xfc, 0xf8, 0x00,
    0xf8, 0xfc, 0xf8, 0x00, 0xf8, 0xfc, 0xf8, 0x00, 0xf8, 0xfc, 0xf8, 0x00,
    0xf8, 0xfc, 0xf8, 0x00, 0xf8, 0xfc, 0xf8, 0x00, 0xf8, 0xfc, 0xf8, 0x00,
    0xf8, 0xfc, 0xf8, 0x00, 0xf8, 0xfc, 0xf8, 0x00, 0xf8, 0xfc, 0xf8, 0x00,
    0xf8, 0xfc, 0xf8, 0x00, 0xf8, 0xfc, 0xf8, 0x00, 0xf8, 0xfc, 0xf8, 0x00,
    0xf8, 0xfc, 0xf8, 0x00, 0xf8, 0xfc, 0xf8, 0x00, 0xf8, 0xfc, 0xf8, 0x00,
    0xf8, 0xfc, 0xf8, 0x00, 0xf8, 0xfc, 0xf8, 0x00, 0xf8, 0xfc, 0xf8, 0x00,
    0xf8, 0xfc, 0xf8, 0x00, 0xf8, 0xfc, 0xf8, 0x00, 0xf8, 0xfc, 0xf8, 0x00,
    0xf8, 0xfc, 0xf8, 0x00, 0xf8, 0xfc, 0xf8, 0x00, 0xf8, 0xfc, 0xf8, 0x00,
    0xf8, 0xfc, 0xf8, 0x00, 0xf8, 0xfc, 0xf8, 0x00, 0xf8, 0xfc, 0xf8, 0x00,
    0xf8, 0xfc, 0xf8, 0x00, 0xf8, 0xfc, 0xf8, 0x00, 0xf8, 0xfc, 0xf8, 0x00,
    0xf8, 0xfc, 0xf8, 0x00, 0xf8, 0xfc, 0xf8, 0x00, 0xf8, 0xfc, 0xf8, 0x00,
    0xf8, 0xfc, 0xf8, 0x00, 0xf8, 0xfc, 0xf8, 0x00, 0xf8, 0xfc, 0xf8, 0x00,
    0xf8, 0xfc, 0xf8, 0x00, 0xf8, 0xfc, 0xf8, 0x00, 0xf8, 0xfc, 0xf8, 0x00,
    0xf8, 0xfc, 0xf8, 0x00, 0xf8, 0xfc, 0xf8, 0x00, 0xf8, 0xfc, 0xf8, 0x00,
    0xf8, 0xfc, 0xf8, 0x00, 0xf8, 0xfc, 0xf8, 0x00, 0xf8, 0xfc, 0xf8, 0x00,
    0xf8, 0xfc, 0xf8, 0x00, 0xf8, 0xfc, 0xf8, 0x00, 0xf8, 0xfc, 0xf8, 0x00,
    0xf8, 0xfc, 0xf8, 0x00, 0xf8, 0xfc, 0xf8, 0x00, 0xf8, 0xfc, 0xf8, 0x00,
    0xf8, 0xfc, 0xf8, 0x00, 0xf8, 0xfc, 0xf8, 0x00, 0xf8, 0xfc, 0xf8, 0x00,
    0xf8, 0xfc, 0xf8, 0x00, 0xf8, 0xfc, 0xf8, 0x00, 0xf8, 0xfc, 0xf8, 0x00,
    0xf8, 0xfc, 0xf8, 0x00, 0xf8, 0xfc, 0xf8, 0x00, 0x00, 0x00, 0xf8, 0x49,
    0x00, 0x00, 0xf8, 0xf7, 0x00, 0x00, 0xf8, 0xfb, 0x00, 0x00, 0xf8, 0xff,
    0x00, 0x00, 0xf8, 0xff, 0x00, 0x00, 0xf8, 0xff, 0x00, 0x00, 0xf8, 0xff,
    0x00, 0x00, 0xf8, 0xff, 0x00, 0x00, 0xf8, 0xff, 0x00, 0x00, 0xf8, 0xff,
    0x00, 0x00, 0xf8, 0xff, 0x00, 0x00, 0xf8, 0xff, 0x00, 0x00, 0xf8, 0xff,
    0x00, 0x00, 0xf8, 0xff, 0x00, 0x00, 0xf8, 0xff, 0x00, 0x00, 0xf8, 0xff,
    0x00, 0x00, 0xf8, 0xff, 0x00, 0x00, 0xf8, 0xff, 0x00, 0x00, 0xf8, 0xff,
    0x00, 0x00, 0xf8, 0xff, 0x00, 0x00, 0xf8, 0xff, 0x00, 0x00, 0xf8, 0xff,
    0x00, 0x00, 0xf8, 0xff, 0x00, 0x00, 0xf8, 0xff, 0x00, 0x00, 0xf8, 0xff,
    0x00, 0x00, 0xf8, 0xff, 0x00, 0x00, 0xf8, 0xff, 0x00, 0x00, 0xf8, 0xff,
    0x00, 0x00, 0xf8, 0xff, 0x00, 0x00, 0xf8, 0xff, 0x00, 0x00, 0xf8, 0xff,
    0x00, 0x00, 0xf8, 0xff, 0x00, 0x00, 0xf8, 0xff, 0x00, 0x00, 0xf8, 0xff,
    0x00, 0x00, 0xf8, 0xff, 0x00, 0x00, 0xf8, 0xff, 0x00, 0x00, 0xf8, 0xff,
    0x00, 0x00, 0xf8, 0xff, 0x00, 0x00, 0xf8, 0xff, 0x00, 0x00, 0xf8, 0xff,
    0x00, 0x00, 0xf8, 0xff, 0x00, 0x00, 0xf8, 0xff, 0x00, 0x00, 0xf8, 0xff,
    0x00, 0x00, 0xf8, 0xff, 0x00, 0x00, 0xf8, 0xff, 0x00, 0x00, 0xf8, 0xff,
    0x00, 0x00, 0xf8, 0xff, 0x00, 0x00, 0xf8, 0xff, 0x00, 0x00, 0xf8, 0xff,
    0x00, 0x00, 0xf8, 0xff, 0x00, 0x00, 0xf8, 0xff, 0x00, 0x00, 0xf8, 0xff,
    0x00, 0x00, 0xf8, 0xff, 0x00, 0x00, 0xf8, 0xff, 0x00, 0x00, 0xf8, 0xff,
    0x00, 0x00, 0xf8, 0xff, 0x00, 0x00, 0xf8, 0xff, 0x00, 0x00, 0xf8, 0xff,
    0x00, 0x00, 0xf8, 0xff, 0x00, 0x00, 0xf8, 0xff, 0x00, 0x00, 0xf8, 0xff,
    0x00, 0x00, 0xf8, 0xff, 0x00, 0x00, 0xf8, 0xff, 0x00, 0x00, 0xf8, 0xff,
    0x00, 0x00, 0xf8, 0xff, 0x00, 0x00, 0xf8, 0xff, 0x00, 0x00, 0xf8, 0xff,
    0x00, 0x00, 0xf8, 0xfb, 0x00, 0x00, 0xf8, 0xf3, 0x00, 0x00, 0xf8, 0x49,
    0xf8, 0xfc, 0xf8, 0x00, 0xf8, 0xfc, 0xf8, 0x00, 0xf8, 0xfc, 0xf8, 0x00,
    0xf8, 0xfc, 0xf8, 0x00, 0xf8, 0xfc, 0xf8, 0x00, 0xf8, 0xfc, 0xf8, 0x00,
    0xf8, 0xfc, 0xf8, 0x00, 0xf8, 0xfc, 0xf8, 0x00, 0xf8, 0xfc, 0xf8, 0x00,
    0xf8, 0xfc, 0xf8, 0x00, 0xf8, 0xfc, 0xf8, 0x00, 0xf8, 0xfc, 0xf8, 0x00,
    0xf8, 0xfc, 0xf8, 0x00, 0xf8, 0xfc, 0xf8, 0x00, 0xf8, 0xfc, 0xf8, 0x00,
    0xf8, 0xfc, 0xf8, 0x00, 0xf8, 0xfc, 0xf8, 0x00, 0xf8, 0xfc, 0xf8, 0x00,
    0xf8, 0xfc, 0xf8, 0x00, 0xf8, 0xfc, 0xf8, 0x00, 0xf8, 0xfc, 0xf8, 0x00,
    0xf8, 0xfc, 0xf8, 0x00, 0xf8, 0xfc, 0xf8, 0x00, 0xf8, 0xfc, 0xf8, 0x00,
    0xf8, 0xfc, 0xf8, 0x00, 0xf8, 0xfc, 0xf8, 0x00, 0xf8, 0xfc, 0xf8, 0x00,
    0xf8, 0xfc, 0xf8, 0x00, 0xf8, 0xfc, 0xf8, 0x00, 0xf8, 0xfc, 0xf8, 0x00,
    0xf8, 0xfc, 0xf8, 0x00, 0xf8, 0xfc, 0xf8, 0x00, 0xf8, 0xfc, 0xf8, 0x00,
    0xf8, 0xfc, 0xf8, 0x00, 0xf8, 0xfc, 0xf8, 0x00, 0xf8, 0xfc, 0xf8, 0x00,
    0xf8, 0xfc, 0xf8, 0x00, 0xf8, 0xfc, 0xf8, 0x00, 0xf8, 0xfc, 0xf8, 0x00,
    0xf8, 0xfc, 0xf8, 0x00, 0xf8, 0xfc, 0xf8, 0x00, 0xf8, 0xfc, 0xf8, 0x00,
    0xf8, 0xfc, 0xf8, 0x00, 0xf8, 0xfc, 0xf8, 0x00, 0xf8, 0xfc, 0xf8, 0x00,
    0xf8, 0xfc, 0xf8, 0x00, 0xf8, 0xfc, 0xf8, 0x00, 0xf8, 0xfc, 0xf8, 0x00,
    0xf8, 0xfc, 0xf8, 0x00, 0xf8, 0xfc, 0xf8, 0x00, 0xf8, 0xfc, 0xf8, 0x00,
    0xf8, 0xfc, 0xf8, 0x00, 0xf8, 0xfc, 0xf8, 0x00, 0xf8, 0xfc, 0xf8, 0x00,
    0xf8, 0xfc, 0xf8, 0x00, 0xf8, 0xfc, 0xf8, 0x00, 0xf8, 0xfc, 0xf8, 0x00,
    0xf8, 0xfc, 0xf8, 0x00, 0xf8, 0xfc, 0xf8, 0x00, 0xf8, 0xfc, 0xf8, 0x00,
    0xf8, 0xfc, 0xf8, 0x00, 0xf8, 0xfc, 0xf8, 0x00, 0xf8, 0xfc, 0xf8, 0x00,
    0xf8, 0xfc, 0xf8, 0x00, 0xf8, 0xfc, 0xf8, 0x00, 0xf8, 0xfc, 0xf8, 0x00,
    0xf8, 0xfc, 0xf8, 0x00, 0xf8, 0xfc, 0xf8, 0x00, 0xf8, 0xfc, 0xf8, 0x00,
    0xf8, 0xfc, 0xf8, 0x00, 0xf8, 0xfc, 0xf8, 0x00, 0xf8, 0xfc, 0xf8, 0x00,
    0xf8, 0xfc, 0xf8, 0x00, 0xf8, 0xfc, 0xf8, 0x00, 0xf8, 0xfc, 0xf8, 0x00,
    0xf8, 0xfc, 0xf8, 0x00, 0xf8, 0xfc, 0xf8, 0x00, 0xf8, 0xfc, 0xf8, 0x00,
    0xf8, 0xfc, 0xf8, 0x00, 0xf8, 0xfc, 0xf8, 0x00, 0xf8, 0xfc, 0xf8, 0x00,
    0xf8, 0xfc, 0xf8, 0x00, 0xf8, 0xfc, 0xf8, 0x00, 0x00, 0x00, 0xf8, 0x55,
    0x00, 0x00, 0xf8, 0xfb, 0x00, 0x00, 0xf8, 0xff, 0x00, 0x00, 0xf8, 0xff,
    0x00, 0x00, 0xf8, 0xff, 0x00, 0x00, 0xf8, 0xff, 0x00, 0x00, 0xf8, 0xff,
    0x00, 0x00, 0xf8, 0xff, 0x00, 0x00, 0xf8, 0xff, 0x00, 0x00, 0xf8, 0xff,
    0x00, 0x00, 0xf8, 0xff, 0x00, 0x00, 0xf8, 0xff, 0x00, 0x00, 0xf8, 0xff,
    0x00, 0x00, 0xf8, 0xff, 0x00, 0x00, 0xf8, 0xff, 0x00, 0x00, 0xf8, 0xff,
    0x00, 0x00, 0xf8, 0xff, 0x00, 0x00, 0xf8, 0xff, 0x00, 0x00, 0xf8, 0xff,
    0x00, 0x00, 0xf8, 0xff, 0x00, 0x00, 0xf8, 0xff, 0x00, 0x00, 0xf8, 0xff,
    0x00, 0x00, 0xf8, 0xff, 0x00, 0x00, 0xf8, 0xff, 0x00, 0x00, 0xf8, 0xff,
    0x00, 0x00, 0xf8, 0xff, 0x00, 0x00, 0xf8, 0xff, 0x00, 0x00, 0xf8, 0xff,
    0x00, 0x00, 0xf8, 0xff, 0x00, 0x00, 0xf8, 0xff, 0x00, 0x00, 0xf8, 0xff,
    0x00, 0x00, 0xf8, 0xff, 0x00, 0x00, 0xf8, 0xff, 0x00, 0x00, 0xf8, 0xff,
    0x00, 0x00, 0xf8, 0xff, 0x00, 0x00, 0xf8, 0xff, 0x00, 0x00, 0xf8, 0xff,
    0x00, 0x00, 0xf8, 0xff, 0x00, 0x00, 0xf8, 0xff, 0x00, 0x00, 0xf8, 0xff,
    0x00, 0x00, 0xf8, 0xff, 0x00, 0x00, 0xf8, 0xff, 0x00, 0x00, 0xf8, 0xff,
    0x00, 0x00, 0xf8, 0xff, 0x00, 0x00, 0xf8, 0xff, 0x00, 0x00, 0xf8, 0xff,
    0x00, 0x00, 0xf8, 0xff, 0x00, 0x00, 0xf8, 0xff, 0x00, 0x00, 0xf8, 0xff,
    0x00, 0x00, 0xf8, 0xff, 0x00, 0x00, 0xf8, 0xff, 0x00, 0x00, 0xf8, 0xff,
    0x00, 0x00, 0xf8, 0xff, 0x00, 0x00, 0xf8, 0xff, 0x00, 0x00, 0xf8, 0xff,
    0x00, 0x00, 0xf8, 0xff, 0x00, 0x00, 0xf8, 0xff, 0x00, 0x00, 0xf8, 0xff,
    0x00, 0x00, 0xf8, 0xff, 0x00, 0x00, 0xf8, 0xff, 0x00, 0x00, 0xf8, 0xff,
    0x00, 0x00, 0xf8, 0xff, 0x00, 0x00, 0xf8, 0xff, 0x00, 0x00, 0xf8, 0xff,
    0x00, 0x00, 0xf8, 0xff, 0x00, 0x00, 0xf8, 0xff, 0x00, 0x00, 0xf8, 0xff,
    0x00, 0x00, 0xf8, 0xff, 0x00, 0x00, 0xf8, 0xff, 0x00, 0x00, 0xf8, 0xff,
    0x00, 0x00, 0xf8, 0xfb, 0x00, 0x00, 0xf8, 0x55, 0xf8, 0xfc, 0xf8, 0x00,
    0xf8, 0xfc, 0xf8, 0x00, 0xf8, 0xfc, 0xf8, 0x00, 0xf8, 0xfc, 0xf8, 0x00,
    0xf8, 0xfc, 0xf8, 0x00, 0xf8, 0xfc, 0xf8, 0x00, 0xf8, 0xfc, 0xf8, 0x00,
    0xf8, 0xfc, 0xf8, 0x00, 0xf8, 0xfc, 0xf8, 0x00, 0xf8, 0xfc, 0xf8, 0x00,
    0xf8, 0xfc, 0xf8, 0x00, 0xf8, 0xfc, 0xf8, 0x00, 0xf8, 0xfc, 0xf8, 0x00,
    0xf8, 0xfc, 0xf8, 0x00, 0xf8, 0xfc, 0xf8, 0x00, 0xf8, 0xfc, 0xf8, 0x00,
    0xf8, 0xfc, 0xf8, 0x00, 0xf8, 0xfc, 0xf8, 0x00, 0xf8, 0xfc, 0xf8, 0x00,
    0xf8, 0xfc, 0xf8, 0x00, 0xf8, 0xfc, 0xf8, 0x00, 0xf8, 0xfc, 0xf8, 0x00,
    0xf8, 0xfc, 0xf8, 0x00, 0xf8, 0xfc, 0xf8, 0x00, 0xf8, 0xfc, 0xf8, 0x00,
    0xf8, 0xfc, 0xf8, 0x00, 0xf8, 0xfc, 0xf8, 0x00, 0xf8, 0xfc, 0xf8, 0x00,
    0xf8, 0xfc, 0xf8, 0x00, 0xf8, 0xfc, 0xf8, 0x00, 0xf8, 0xfc, 0xf8, 0x00,
    0xf8, 0xfc, 0xf8, 0x00, 0xf8, 0xfc, 0xf8, 0x00, 0xf8, 0xfc, 0xf8, 0x00,
    0xf8, 0xfc, 0xf8, 0x00, 0xf8, 0xfc, 0xf8, 0x00, 0xf8, 0xfc, 0xf8, 0x00,
    0xf8, 0xfc, 0xf8, 0x00, 0xf8, 0xfc, 0xf8, 0x00, 0xf8, 0xfc, 0xf8, 0x00,
    0xf8, 0xfc, 0xf8, 0x00, 0xf8, 0xfc, 0xf8, 0x00, 0xf8, 0xfc, 0xf8, 0x00,
    0xf8, 0xfc, 0xf8, 0x00, 0xf8, 0xfc, 0xf8, 0x00, 0xf8, 0xfc, 0xf8, 0x00,
    0xf8, 0xfc, 0xf8, 0x00, 0xf8, 0xfc, 0xf8, 0x00, 0xf8, 0xfc, 0xf8, 0x00,
    0xf8, 0xfc, 0xf8, 0x00, 0xf8, 0xfc, 0xf8, 0x00, 0xf8, 0xfc, 0xf8, 0x00,
    0xf8, 0xfc, 0xf8, 0x00, 0xf8, 0xfc, 0xf8, 0x00, 0xf8, 0xfc, 0xf8, 0x00,
    0xf8, 0xfc, 0xf8, 0x00, 0xf8, 0xfc, 0xf8, 0x00, 0xf8, 0xfc, 0xf8, 0x00,
    0xf8, 0xfc, 0xf8, 0x00, 0xf8, 0xfc, 0xf8, 0x00, 0xf8, 0xfc, 0xf8, 0x00,
    0xf8, 0xfc, 0xf8, 0x00, 0xf8, 0xfc, 0xf8, 0x00, 0xf8, 0xfc, 0xf8, 0x00,
    0xf8, 0xfc, 0xf8, 0x00, 0xf8, 0xfc, 0xf8, 0x00, 0xf8, 0xfc, 0xf8, 0x00,
    0xf8, 0xfc, 0xf8, 0x00, 0xf8, 0xfc, 0xf8, 0x00, 0xf8, 0xfc, 0xf8, 0x00,
    0xf8, 0xfc, 0xf8, 0x00, 0xf8, 0xfc, 0xf8, 0x00, 0xf8, 0xfc, 0xf8, 0x00,
    0xf8, 0xfc, 0xf8, 0x00, 0xf8, 0xfc, 0xf8, 0x00, 0xf8, 0xfc, 0xf8, 0x00,
    0xf8, 0xfc, 0xf8, 0x00, 0xf8, 0xfc, 0xf8, 0x00, 0xf8, 0xfc, 0xf8, 0x00,
    0xf8, 0xfc, 0xf8, 0x00, 0xf8, 0xfc, 0xf8, 0x00, 0x00, 0x00, 0xf8, 0x5d,
    0x00, 0x00, 0xf8, 0xff, 0x00, 0x00, 0xf8, 0xff, 0x00, 0x00, 0xf8, 0xff,
    0x00, 0x00, 0xf8, 0xff, 0x00, 0x00, 0xf8, 0xff, 0x00, 0x00, 0xf8, 0xff,
    0x00, 0x00, 0xf8, 0xff, 0x00, 0x00, 0xf8, 0xff, 0x00, 0x00, 0xf8, 0xff,
    0x00, 0x00, 0xf8, 0xff, 0x00, 0x00, 0xf8, 0xff, 0x00, 0x00, 0xf8, 0xff,
    0x00, 0x00, 0xf8, 0xff, 0x00, 0x00, 0xf8, 0xff, 0x00, 0x00, 0xf8, 0xff,
    0x00, 0x00, 0xf8, 0xff, 0x00, 0x00, 0xf8, 0xff, 0x00, 0x00, 0xf8, 0xff,
    0x00, 0x00, 0xf8, 0xff, 0x00, 0x00, 0xf8, 0xff, 0x00, 0x00, 0xf8, 0xff,
    0x00, 0x00, 0xf8, 0xff, 0x00, 0x00, 0xf8, 0xff, 0x00, 0x00, 0xf8, 0xff,
    0x00, 0x00, 0xf8, 0xff, 0x00, 0x00, 0xf8, 0xff, 0x00, 0x00, 0xf8, 0xff,
    0x00, 0x00, 0xf8, 0xff, 0x00, 0x00, 0xf8, 0xff, 0x00, 0x00, 0xf8, 0xff,
    0x00, 0x00, 0xf8, 0xff, 0x00, 0x00, 0xf8, 0xff, 0x00, 0x00, 0xf8, 0xff,
    0x00, 0x00, 0xf8, 0xff, 0x00, 0x00, 0xf8, 0xff, 0x00, 0x00, 0xf8, 0xff,
    0x00, 0x00, 0xf8, 0xff, 0x00, 0x00, 0xf8, 0xff, 0x00, 0x00, 0xf8, 0xff,
    0x00, 0x00, 0xf8, 0xff, 0x00, 0x00, 0xf8, 0xff, 0x00, 0x00, 0xf8, 0xff,
    0x00, 0x00, 0xf8, 0xff, 0x00, 0x00, 0xf8, 0xff, 0x00, 0x00, 0xf8, 0xff,
    0x00, 0x00, 0xf8, 0xff, 0x00, 0x00, 0xf8, 0xff, 0x00, 0x00, 0xf8, 0xff,
    0x00, 0x00, 0xf8, 0xff, 0x00, 0x00, 0xf8, 0xff, 0x00, 0x00, 0xf8, 0xff,
    0x00, 0x00, 0xf8, 0xff, 0x00, 0x00, 0xf8, 0xff, 0x00, 0x00, 0xf8, 0xff,
    0x00, 0x00, 0xf8, 0xff, 0x00, 0x00, 0xf8, 0xff, 0x00, 0x00, 0xf8, 0xff,
    0x00, 0x00, 0xf8, 0xff, 0x00, 0x00, 0xf8, 0xff, 0x00, 0x00, 0xf8, 0xff,
    0x00, 0x00, 0xf8, 0xff, 0x00, 0x00, 0xf8, 0xff, 0x00, 0x00, 0xf8, 0xff,
    0x00, 0x00, 0xf8, 0xff, 0x00, 0x00, 0xf8, 0xff, 0x00, 0x00, 0xf8, 0xff,
    0x00, 0x00, 0xf8, 0xff, 0x00, 0x00, 0xf8, 0xff, 0x00, 0x00, 0xf8, 0xff,
    0x00, 0x00, 0xf8, 0xff, 0x00, 0x00, 0xf8, 0xff, 0x00, 0x00, 0xf8, 0xff,
    0x00, 0x00, 0xf8, 0x5d, 0xf8, 0xfc, 0xf8, 0x00, 0xf8, 0xfc, 0xf8, 0x00,
    0xf8, 0xfc, 0xf8, 0x00, 0xf8, 0xfc, 0xf8, 0x00, 0xf8, 0xfc, 0xf8, 0x00,
    0xf8, 0xfc, 0xf8, 0x00, 0xf8, 0xfc, 0xf8, 0x00, 0xf8, 0xfc, 0xf8, 0x00,
    0xf8, 0xfc, 0xf8, 0x00, 0xf8, 0xfc, 0xf8, 0x00, 0xf8, 0xfc, 0xf8, 0x00,
    0xf8, 0xfc, 0xf8, 0x00, 0xf8, 0xfc, 0xf8, 0x00, 0xf8, 0xfc, 0xf8, 0x00,
    0xf8, 0xfc, 0xf8, 0x00, 0xf8, 0xfc, 0xf8, 0x00, 0xf8, 0xfc, 0xf8, 0x00,
    0xf8, 0xfc, 0xf8, 0x00, 0xf8, 0xfc, 0xf8, 0x00, 0xf8, 0xfc, 0xf8, 0x00,
    0xf8, 0xfc, 0xf8, 0x00, 0xf8, 0xfc, 0xf8, 0x00, 0xf8, 0xfc, 0xf8, 0x00,
    0xf8, 0xfc, 0xf8, 0x00, 0xf8, 0xfc, 0xf8, 0x00, 0xf8, 0xfc, 0xf8, 0x00,
    0xf8, 0xfc, 0xf8, 0x00, 0xf8, 0xfc, 0xf8, 0x00, 0xf8, 0xfc, 0xf8, 0x00,
    0xf8, 0xfc, 0xf8, 0x00, 0xf8, 0xfc, 0xf8, 0x00, 0xf8, 0xfc, 0xf8, 0x00,
    0xf8, 0xfc, 0xf8, 0x00, 0xf8, 0xfc, 0xf8, 0x00, 0xf8, 0xfc, 0xf8, 0x00,
    0xf8, 0xfc, 0xf8, 0x00, 0xf8, 0xfc, 0xf8, 0x00, 0xf8, 0xfc, 0xf8, 0x00,
    0xf8, 0xfc, 0xf8, 0x00, 0xf8, 0xfc, 0xf8, 0x00, 0xf8, 0xfc, 0xf8, 0x00,
    0xf8, 0xfc, 0xf8, 0x00, 0xf8, 0xfc, 0xf8, 0x00, 0xf8, 0xfc, 0xf8, 0x00,
    0xf8, 0xfc, 0xf8, 0x00, 0xf8, 0xfc, 0xf8, 0x00, 0xf8, 0xfc, 0xf8, 0x00,
    0xf8, 0xfc, 0xf8, 0x00, 0xf8, 0xfc, 0xf8, 0x00, 0xf8, 0xfc, 0xf8, 0x00,
    0xf8, 0xfc, 0xf8, 0x00, 0xf8, 0xfc, 0xf8, 0x00, 0xf8, 0xfc, 0xf8, 0x00,
    0xf8, 0xfc, 0xf8, 0x00, 0xf8, 0xfc, 0xf8, 0x00, 0xf8, 0xfc, 0xf8, 0x00,
    0xf8, 0xfc, 0xf8, 0x00, 0xf8, 0xfc, 0xf8, 0x00, 0xf8, 0xfc, 0xf8, 0x00,
    0xf8, 0xfc, 0xf8, 0x00, 0xf8, 0xfc, 0xf8, 0x00, 0xf8, 0xfc, 0xf8, 0x00,
    0xf8, 0xfc, 0xf8, 0x00, 0xf8, 0xfc, 0xf8, 0x00, 0xf8, 0xfc, 0xf8, 0x00,
    0xf8, 0xfc, 0xf8, 0x00, 0xf8, 0xfc, 0xf8, 0x00, 0xf8, 0xfc, 0xf8, 0x00,
    0xf8, 0xfc, 0xf8, 0x00, 0xf8, 0xfc, 0xf8, 0x00, 0xf8, 0xfc, 0xf8, 0x00,
    0xf8, 0xfc, 0xf8, 0x00, 0xf8, 0xfc, 0xf8, 0x00, 0xf8, 0xfc, 0xf8, 0x00,
    0xf8, 0xfc, 0xf8, 0x00, 0xf8, 0xfc, 0xf8, 0x00, 0xf8, 0xfc, 0xf8, 0x00,
    0xf8, 0xfc, 0xf8, 0x00, 0xf8, 0xfc, 0xf8, 0x00, 0x00, 0x00, 0xf8, 0x55,
    0x00, 0x00, 0xf8, 0xff, 0x00, 0x00, 0xf8, 0xff, 0x00, 0x00, 0xf8, 0xff,
    0x00, 0x00, 0xf8, 0xff, 0x00, 0x00, 0xf8, 0xff, 0x00, 0x00, 0xf8, 0xff,
    0x00, 0x00, 0xf8, 0xff, 0x00, 0x00, 0xf8, 0xff, 0x00, 0x00, 0xf8, 0xff,
    0x00, 0x00, 0xf8, 0xff, 0x00, 0x00, 0xf8, 0xff, 0x00, 0x00, 0xf8, 0xff,
    0x00, 0x00, 0xf8, 0xff, 0x00, 0x00, 0xf8, 0xff, 0x00, 0x00, 0xf8, 0xff,
    0x00, 0x00, 0xf8, 0xff, 0x00, 0x00, 0xf8, 0xff, 0x00, 0x00, 0xf8, 0xff,
    0x00, 0x00, 0xf8, 0xff, 0x00, 0x00, 0xf8, 0xff, 0x00, 0x00, 0xf8, 0xff,
    0x00, 0x00, 0xf8, 0xff, 0x00, 0x00, 0xf8, 0xff, 0x00, 0x00, 0xf8, 0xff,
    0x00, 0x00, 0xf8, 0xff, 0x00, 0x00, 0xf8, 0xff, 0x00, 0x00, 0xf8, 0xff,
    0x00, 0x00, 0xf8, 0xff, 0x00, 0x00, 0xf8, 0xff, 0x00, 0x00, 0xf8, 0xff,
    0x00, 0x00, 0xf8, 0xff, 0x00, 0x00, 0xf8, 0xff, 0x00, 0x00, 0xf8, 0xff,
    0x00, 0x00, 0xf8, 0xff, 0x00, 0x00, 0xf8, 0xff, 0x00, 0x00, 0xf8, 0xff,
    0x00, 0x00, 0xf8, 0xff, 0x00, 0x00, 0xf8, 0xff, 0x00, 0x00, 0xf8, 0xff,
    0x00, 0x00, 0xf8, 0xff, 0x00, 0x00, 0xf8, 0xff, 0x00, 0x00, 0xf8, 0xff,
    0x00, 0x00, 0xf8, 0xff, 0x00, 0x00, 0xf8, 0xff, 0x00, 0x00, 0xf8, 0xff,
    0x00, 0x00, 0xf8, 0xff, 0x00, 0x00, 0xf8, 0xff, 0x00, 0x00, 0xf8, 0xff,
    0x00, 0x00, 0xf8, 0xff, 0x00, 0x00, 0xf8, 0xff, 0x00, 0x00, 0xf8, 0xff,
    0x00, 0x00, 0xf8, 0xff, 0x00, 0x00, 0xf8, 0xff, 0x00, 0x00, 0xf8, 0xff,
    0x00, 0x00, 0xf8, 0xff, 0x00, 0x00, 0xf8, 0xff, 0x00, 0x00, 0xf8, 0xff,
    0x00, 0x00, 0xf8, 0xff, 0x00, 0x00, 0xf8, 0xff, 0x00, 0x00, 0xf8, 0xff,
    0x00, 0x00, 0xf8, 0xff, 0x00, 0x00, 0xf8, 0xff, 0x00, 0x00, 0xf8, 0xff,
    0x00, 0x00, 0xf8, 0xff, 0x00, 0x00, 0xf8, 0xff, 0x00, 0x00, 0xf8, 0xff,
    0x00, 0x00, 0xf8, 0xff, 0x00, 0x00, 0xf8, 0xff, 0x00, 0x00, 0xf8, 0xff,
    0x00, 0x00, 0xf8, 0xff, 0x00, 0x00, 0xf8, 0xff, 0x00, 0x00, 0xf8, 0xff,
    0x00, 0x00, 0xf8, 0xff, 0x00, 0x00, 0xf8, 0xff, 0x00, 0x00, 0xf8, 0x55,
    0xf8, 0xfc, 0xf8, 0x00, 0xf8, 0xfc, 0xf8, 0x00, 0xf8, 0xfc, 0xf8, 0x00,
    0xf8, 0xfc, 0xf8, 0x00, 0xf8, 0xfc, 0xf8, 0x00, 0xf8, 0xfc, 0xf8, 0x00,
    0xf8, 0xfc, 0xf8, 0x00, 0xf8, 0xfc, 0xf8, 0x00, 0xf8, 0xfc, 0xf8, 0x00,
    0xf8, 0xfc, 0xf8, 0x00, 0xf8, 0xfc, 0xf8, 0x00, 0xf8, 0xfc, 0xf8, 0x00,
    0xf8, 0xfc, 0xf8, 0x00, 0xf8, 0xfc, 0xf8, 0x00, 0xf8, 0xfc, 0xf8, 0x00,
    0xf8, 0xfc, 0xf8, 0x00, 0xf8, 0xfc, 0xf8, 0x00, 0xf8, 0xfc, 0xf8, 0x00,
    0xf8, 0xfc, 0xf8, 0x00, 0xf8, 0xfc, 0xf8, 0x00, 0xf8, 0xfc, 0xf8, 0x00,
    0xf8, 0xfc, 0xf8, 0x00, 0xf8, 0xfc, 0xf8, 0x00, 0xf8, 0xfc, 0xf8, 0x00,
    0xf8, 0xfc, 0xf8, 0x00, 0xf8, 0xfc, 0xf8, 0x00, 0xf8, 0xfc, 0xf8, 0x00,
    0xf8, 0xfc, 0xf8, 0x00, 0xf8, 0xfc, 0xf8, 0x00, 0xf8, 0xfc, 0xf8, 0x00,
    0xf8, 0xfc, 0xf8, 0x00, 0xf8, 0xfc, 0xf8, 0x00, 0xf8, 0xfc, 0xf8, 0x00,
    0xf8, 0xfc, 0xf8, 0x00, 0xf8, 0xfc, 0xf8, 0x00, 0xf8, 0xfc, 0xf8, 0x00,
    0xf8, 0xfc, 0xf8, 0x00, 0xf8, 0xfc, 0xf8, 0x00, 0xf8, 0xfc, 0xf8, 0x00,
    0xf8, 0xfc, 0xf8, 0x00, 0xf8, 0xfc, 0xf8, 0x00, 0xf8, 0xfc, 0xf8, 0x00,
    0xf8, 0xfc, 0xf8, 0x00, 0xf8, 0xfc, 0xf8, 0x00, 0xf8, 0xfc, 0xf8, 0x00,
    0xf8, 0xfc, 0xf8, 0x00, 0xf8, 0xfc, 0xf8, 0x00, 0xf8, 0xfc, 0xf8, 0x00,
    0xf8, 0xfc, 0xf8, 0x00, 0xf8, 0xfc, 0xf8, 0x00, 0xf8, 0xfc, 0xf8, 0x00,
    0xf8, 0xfc, 0xf8, 0x00, 0xf8, 0xfc, 0xf8, 0x00, 0xf8, 0xfc, 0xf8, 0x00,
    0xf8, 0xfc, 0xf8, 0x00, 0xf8, 0xfc, 0xf8, 0x00, 0xf8, 0xfc, 0xf8, 0x00,
    0xf8, 0xfc, 0xf8, 0x00, 0xf8, 0xfc, 0xf8, 0x00, 0xf8, 0xfc, 0xf8, 0x00,
    0xf8, 0xfc, 0xf8, 0x00, 0xf8, 0xfc, 0xf8, 0x00, 0xf8, 0xfc, 0xf8, 0x00,
    0xf8, 0xfc, 0xf8, 0x00, 0xf8, 0xfc, 0xf8, 0x00, 0xf8, 0xfc, 0xf8, 0x00,
    0xf8, 0xfc, 0xf8, 0x00, 0xf8, 0xfc, 0xf8, 0x00, 0xf8, 0xfc, 0xf8, 0x00,
    0xf8, 0xfc, 0xf8, 0x00, 0xf8, 0xfc, 0xf8, 0x00, 0xf8, 0xfc, 0xf8, 0x00,
    0xf8, 0xfc, 0xf8, 0x00, 0xf8, 0xfc, 0xf8, 0x00, 0xf8, 0xfc, 0xf8, 0x00,
    0xf8, 0xfc, 0xf8, 0x00, 0xf8, 0xfc, 0xf8, 0x00, 0x00, 0x00, 0xf8, 0x49,
    0x00, 0x00, 0xf8, 0xfb, 0x00, 0x00, 0xf8, 0xff, 0x00, 0x00, 0xf8, 0xff,
    0x00, 0x00, 0xf8, 0xff, 0x00, 0x00, 0xf8, 0xff, 0x00, 0x00, 0xf8, 0xff,
    0x00, 0x00, 0xf8, 0xff, 0x00, 0x00, 0xf8, 0xff, 0x00, 0x00, 0xf8, 0xff,
    0x00, 0x00, 0xf8, 0xff, 0x00, 0x00, 0xf8, 0xff, 0x00, 0x00, 0xf8, 0xff,
    0x00, 0x00, 0xf8, 0xff, 0x00, 0x00, 0xf8, 0xff, 0x00, 0x00, 0xf8, 0xff,
    0x00, 0x00, 0xf8, 0xff, 0x00, 0x00, 0xf8, 0xff, 0x00, 0x00, 0xf8, 0xff,
    0x00, 0x00, 0xf8, 0xff, 0x00, 0x00, 0xf8, 0xff, 0x00, 0x00, 0xf8, 0xff,
    0x00, 0x00, 0xf8, 0xff, 0x00, 0x00, 0xf8, 0xff, 0x00, 0x00, 0xf8, 0xff,
    0x00, 0x00, 0xf8, 0xff, 0x00, 0x00, 0xf8, 0xff, 0x00, 0x00, 0xf8, 0xff,
    0x00, 0x00, 0xf8, 0xff, 0x00, 0x00, 0xf8, 0xff, 0x00, 0x00, 0xf8, 0xff,
    0x00, 0x00, 0xf8, 0xff, 0x00, 0x00, 0xf8, 0xff, 0x00, 0x00, 0xf8, 0xff,
    0x00, 0x00, 0xf8, 0xff, 0x00, 0x00, 0xf8, 0xff, 0x00, 0x00, 0xf8, 0xff,
    0x00, 0x00, 0xf8, 0xff, 0x00, 0x00, 0xf8, 0xff, 0x00, 0x00, 0xf8, 0xff,
    0x00, 0x00, 0xf8, 0xff, 0x00, 0x00, 0xf8, 0xff, 0x00, 0x00, 0xf8, 0xff,
    0x00, 0x00, 0xf8, 0xff, 0x00, 0x00, 0xf8, 0xff, 0x00, 0x00, 0xf8, 0xff,
    0x00, 0x00, 0xf8, 0xff, 0x00, 0x00, 0xf8, 0xff, 0x00, 0x00, 0xf8, 0xff,
    0x00, 0x00, 0xf8, 0xff, 0x00, 0x00, 0xf8, 0xff, 0x00, 0x00, 0xf8, 0xff,
    0x00, 0x00, 0xf8, 0xff, 0x00, 0x00, 0xf8, 0xff, 0x00, 0x00, 0xf8, 0xff,
    0x00, 0x00, 0xf8, 0xff, 0x00, 0x00, 0xf8, 0xff, 0x00, 0x00, 0xf8, 0xff,
    0x00, 0x00, 0xf8, 0xff, 0x00, 0x00, 0xf8, 0xff, 0x00, 0x00, 0xf8, 0xff,
    0x00, 0x00, 0xf8, 0xff, 0x00, 0x00, 0xf8, 0xff, 0x00, 0x00, 0xf8, 0xff,
    0x00, 0x00, 0xf8, 0xff, 0x00, 0x00, 0xf8, 0xff, 0x00, 0x00, 0xf8, 0xff,
    0x00, 0x00, 0xf8, 0xff, 0x00, 0x00, 0xf8, 0xff, 0x00, 0x00, 0xf8, 0xff,
    0x00, 0x00, 0xf8, 0xff, 0x00, 0x00, 0xf8, 0xff, 0x00, 0x00, 0xf8, 0xff,
    0x00, 0x00, 0xf8, 0xff, 0x00, 0x00, 0xf8, 0xff, 0x00, 0x00, 0xf8, 0xff,
    0x00, 0x00, 0xf8, 0xfb, 0x00, 0x00, 0xf8, 0x49, 0xf8, 0xfc, 0xf8, 0x00,
    0xf8, 0xfc, 0xf8, 0x00, 0xf8, 0xfc, 0xf8, 0x00, 0xf8, 0xfc, 0xf8, 0x00,
    0xf8, 0xfc, 0xf8, 0x00, 0xf8, 0xfc, 0xf8, 0x00, 0xf8, 0xfc, 0xf8, 0x00,
    0xf8, 0xfc, 0xf8, 0x00, 0xf8, 0xfc, 0xf8, 0x00, 0xf8, 0xfc, 0xf8, 0x00,
    0xf8, 0xfc, 0xf8, 0x00, 0xf8, 0xfc, 0xf8, 0x00, 0xf8, 0xfc, 0xf8, 0x00,
    0xf8, 0xfc, 0xf8, 0x00, 0xf8, 0xfc, 0xf8, 0x00, 0xf8, 0xfc, 0xf8, 0x00,
    0xf8, 0xfc, 0xf8, 0x00, 0xf8, 0xfc, 0xf8, 0x00, 0xf8, 0xfc, 0xf8, 0x00,
    0xf8, 0xfc, 0xf8, 0x00, 0xf8, 0xfc, 0xf8, 0x00, 0xf8, 0xfc, 0xf8, 0x00,
    0xf8, 0xfc, 0xf8, 0x00, 0xf8, 0xfc, 0xf8, 0x00, 0xf8, 0xfc, 0xf8, 0x00,
    0xf8, 0xfc, 0xf8, 0x00, 0xf8, 0xfc, 0xf8, 0x00, 0xf8, 0xfc, 0xf8, 0x00,
    0xf8, 0xfc, 0xf8, 0x00, 0xf8, 0xfc, 0xf8, 0x00, 0xf8, 0xfc, 0xf8, 0x00,
    0xf8, 0xfc, 0xf8, 0x00, 0xf8, 0xfc, 0xf8, 0x00, 0xf8, 0xfc, 0xf8, 0x00,
    0xf8, 0xfc, 0xf8, 0x00, 0xf8, 0xfc, 0xf8, 0x00, 0xf8, 0xfc, 0xf8, 0x00,
    0xf8, 0xfc, 0xf8, 0x00, 0xf8, 0xfc, 0xf8, 0x00, 0xf8, 0xfc, 0xf8, 0x00,
    0xf8, 0xfc, 0xf8, 0x00, 0xf8, 0xfc, 0xf8, 0x00, 0xf8, 0xfc, 0xf8, 0x00,
    0xf8, 0xfc, 0xf8, 0x00, 0xf8, 0xfc, 0xf8, 0x00, 0xf8, 0xfc, 0xf8, 0x00,
    0xf8, 0xfc, 0xf8, 0x00, 0xf8, 0xfc, 0xf8, 0x00, 0xf8, 0xfc, 0xf8, 0x00,
    0xf8, 0xfc, 0xf8, 0x00, 0xf8, 0xfc, 0xf8, 0x00, 0xf8, 0xfc, 0xf8, 0x00,
    0xf8, 0xfc, 0xf8, 0x00, 0xf8, 0xfc, 0xf8, 0x00, 0xf8, 0xfc, 0xf8, 0x00,
    0xf8, 0xfc, 0xf8, 0x00, 0xf8, 0xfc, 0xf8, 0x00, 0xf8, 0xfc, 0xf8, 0x00,
    0xf8, 0xfc, 0xf8, 0x00, 0xf8, 0xfc, 0xf8, 0x00, 0xf8, 0xfc, 0xf8, 0x00,
    0xf8, 0xfc, 0xf8, 0x00, 0xf8, 0xfc, 0xf8, 0x00, 0xf8, 0xfc, 0xf8, 0x00,
    0xf8, 0xfc, 0xf8, 0x00, 0xf8, 0xfc, 0xf8, 0x00, 0xf8, 0xfc, 0xf8, 0x00,
    0xf8, 0xfc, 0xf8, 0x00, 0xf8, 0xfc, 0xf8, 0x00, 0xf8, 0xfc, 0xf8, 0x00,
    0xf8, 0xfc, 0xf8, 0x00, 0xf8, 0xfc, 0xf8, 0x00, 0xf8, 0xfc, 0xf8, 0x00,
    0xf8, 0xfc, 0xf8, 0x00, 0xf8, 0xfc, 0xf8, 0x00, 0x00, 0x00, 0xf8, 0x28,
    0x00, 0x00, 0xf8, 0xf3, 0x00, 0x00, 0xf8, 0xff, 0x00, 0x00, 0xf8, 0xff,
    0x00, 0x00, 0xf8, 0xff, 0x00, 0x00, 0xf8, 0xff, 0x00, 0x00, 0xf8, 0xff,
    0x00, 0x00, 0xf8, 0xff, 0x00, 0x00, 0xf8, 0xff, 0x00, 0x00, 0xf8, 0xff,
    0x00, 0x00, 0xf8, 0xff, 0x00, 0x00, 0xf8, 0xff, 0x00, 0x00, 0xf8, 0xff,
    0x00, 0x00, 0xf8, 0xff, 0x00, 0x00, 0xf8, 0xff, 0x00, 0x00, 0xf8, 0xff,
    0x00, 0x00, 0xf8, 0xff, 0x00, 0x00, 0xf8, 0xff, 0x00, 0x00, 0xf8, 0xff,
    0x00, 0x00, 0xf8, 0xff, 0x00, 0x00, 0xf8, 0xff, 0x00, 0x00, 0xf8, 0xff,
    0x00, 0x00, 0xf8, 0xff, 0x00, 0x00, 0xf8, 0xff, 0x00, 0x00, 0xf8, 0xff,
    0x00, 0x00, 0xf8, 0xff, 0x00, 0x00, 0xf8, 0xff, 0x00, 0x00, 0xf8, 0xff,
    0x00, 0x00, 0xf8, 0xff, 0x00, 0x00, 0xf8, 0xff, 0x00, 0x00, 0xf8, 0xff,
    0x00, 0x00, 0xf8, 0xff, 0x00, 0x00, 0xf8, 0xff, 0x00, 0x00, 0xf8, 0xff,
    0x00, 0x00, 0xf8, 0xff, 0x00, 0x00, 0xf8, 0xff, 0x00, 0x00, 0xf8, 0xff,
    0x00, 0x00, 0xf8, 0xff, 0x00, 0x00, 0xf8, 0xff, 0x00, 0x00, 0xf8, 0xff,
    0x00, 0x00, 0xf8, 0xff, 0x00, 0x00, 0xf8, 0xff, 0x00, 0x00, 0xf8, 0xff,
    0x00, 0x00, 0xf8, 0xff, 0x00, 0x00, 0xf8, 0xff, 0x00, 0x00, 0xf8, 0xff,
    0x00, 0x00, 0xf8, 0xff, 0x00, 0x00, 0xf8, 0xff, 0x00, 0x00, 0xf8, 0xff,
    0x00, 0x00, 0xf8, 0xff, 0x00, 0x00, 0xf8, 0xff, 0x00, 0x00, 0xf8, 0xff,
    0x00, 0x00, 0xf8, 0xff, 0x00, 0x00, 0xf8, 0xff, 0x00, 0x00, 0xf8, 0xff,
    0x00, 0x00, 0xf8, 0xff, 0x00, 0x00, 0xf8, 0xff, 0x00, 0x00, 0xf8, 0xff,
    0x00, 0x00, 0xf8, 0xff, 0x00, 0x00, 0xf8, 0xff, 0x00, 0x00, 0xf8, 0xff,
    0x00, 0x00, 0xf8, 0xff, 0x00, 0x00, 0xf8, 0xff, 0x00, 0x00, 0xf8, 0xff,
    0x00, 0x00, 0xf8, 0xff, 0x00, 0x00, 0xf8, 0xff, 0x00, 0x00, 0xf8, 0xff,
    0x00, 0x00, 0xf8, 0xff, 0x00, 0x00, 0xf8, 0xff, 0x00, 0x00, 0xf8, 0xff,
    0x00, 0x00, 0xf8, 0xff, 0x00, 0x00, 0xf8, 0xff, 0x00, 0x00, 0xf8, 0xff,
    0x00, 0x00, 0xf8, 0xff, 0x00, 0x00, 0xf8, 0xff, 0x00, 0x00, 0xf8, 0xff,
    0x00, 0x00, 0xf8, 0xff, 0x00, 0x00, 0xf8, 0xfb, 0x00, 0x00, 0xf8, 0xf3,
    0x00, 0x00, 0xf8, 0x28, 0xf8, 0xfc, 0xf8, 0x00, 0xf8, 0xfc, 0xf8, 0x00,
    0xf8, 0xfc, 0xf8, 0x00, 0xf8, 0xfc, 0xf8, 0x00, 0xf8, 0xfc, 0xf8, 0x00,
    0xf8, 0xfc, 0xf8, 0x00, 0xf8, 0xfc, 0xf8, 0x00, 0xf8, 0xfc, 0xf8, 0x00,
    0xf8, 0xfc, 0xf8, 0x00, 0xf8, 0xfc, 0xf8, 0x00, 0xf8, 0xfc, 0xf8, 0x00,
    0xf8, 0xfc, 0xf8, 0x00, 0xf8, 0xfc, 0xf8, 0x00, 0xf8, 0xfc, 0xf8, 0x00,
    0xf8, 0xfc, 0xf8, 0x00, 0xf8, 0xfc, 0xf8, 0x00, 0xf8, 0xfc, 0xf8, 0x00,
    0xf8, 0xfc, 0xf8, 0x00, 0xf8, 0xfc, 0xf8, 0x00, 0xf8, 0xfc, 0xf8, 0x00,
    0xf8, 0xfc, 0xf8, 0x00, 0xf8, 0xfc, 0xf8, 0x00, 0xf8, 0xfc, 0xf8, 0x00,
    0xf8, 0xfc, 0xf8, 0x00, 0xf8, 0xfc, 0xf8, 0x00, 0xf8, 0xfc, 0xf8, 0x00,
    0xf8, 0xfc, 0xf8, 0x00, 0xf8, 0xfc, 0xf8, 0x00, 0xf8, 0xfc, 0xf8, 0x00,
    0xf8, 0xfc, 0xf8, 0x00, 0xf8, 0xfc, 0xf8, 0x00, 0xf8, 0xfc, 0xf8, 0x00,
    0xf8, 0xfc, 0xf8, 0x00, 0xf8, 0xfc, 0xf8, 0x00, 0xf8, 0xfc, 0xf8, 0x00,
    0xf8, 0xfc, 0xf8, 0x00, 0xf8, 0xfc, 0xf8, 0x00, 0xf8, 0xfc, 0xf8, 0x00,
    0xf8, 0xfc, 0xf8, 0x00, 0xf8, 0xfc, 0xf8, 0x00, 0xf8, 0xfc, 0xf8, 0x00,
    0xf8, 0xfc, 0xf8, 0x00, 0xf8, 0xfc, 0xf8, 0x00, 0xf8, 0xfc, 0xf8, 0x00,
    0xf8, 0xfc, 0xf8, 0x00, 0xf8, 0xfc, 0xf8, 0x00, 0xf8, 0xfc, 0xf8, 0x00,
    0xf8, 0xfc, 0xf8, 0x00, 0xf8, 0xfc, 0xf8, 0x00, 0xf8, 0xfc, 0xf8, 0x00,
    0xf8, 0xfc, 0xf8, 0x00, 0xf8, 0xfc, 0xf8, 0x00, 0xf8, 0xfc, 0xf8, 0x00,
    0xf8, 0xfc, 0xf8, 0x00, 0xf8, 0xfc, 0xf8, 0x00, 0xf8, 0xfc, 0xf8, 0x00,
    0xf8, 0xfc, 0xf8, 0x00, 0xf8, 0xfc, 0xf8, 0x00, 0xf8, 0xfc, 0xf8, 0x00,
    0xf8, 0xfc, 0xf8, 0x00, 0xf8, 0xfc, 0xf8, 0x00, 0xf8, 0xfc, 0xf8, 0x00,
    0xf8, 0xfc, 0xf8, 0x00, 0xf8, 0xfc, 0xf8, 0x00, 0xf8, 0xfc, 0xf8, 0x00,
    0xf8, 0xfc, 0xf8, 0x00, 0xf8, 0xfc, 0xf8, 0x00, 0xf8, 0xfc, 0xf8, 0x00,
    0xf8, 0xfc, 0xf8, 0x00, 0xf8, 0xfc, 0xf8, 0x00, 0xf8, 0xfc, 0xf8, 0x00,
    0xf8, 0xfc, 0xf8, 0x00, 0xf8, 0xfc, 0xf8, 0x00, 0x00, 0x00, 0xf8, 0x10,
    0x00, 0x00, 0xf8, 0xdf, 0x00, 0x00, 0xf8, 0xfb, 0x00, 0x00, 0xf8, 0xff,
    0x00, 0x00, 0xf8, 0xff, 0x00, 0x00, 0xf8, 0xff, 0x00, 0x00, 0xf8, 0xff,
    0x00, 0x00, 0xf8, 0xff, 0x00, 0x00, 0xf8, 0xff, 0x00, 0x00, 0xf8, 0xff,
    0x00, 0x00, 0xf8, 0xff, 0x00, 0x00, 0xf8, 0xff, 0x00, 0x00, 0xf8, 0xff,
    0x00, 0x00, 0xf8, 0xff, 0x00, 0x00, 0xf8, 0xff, 0x00, 0x00, 0xf8, 0xff,
    0x00, 0x00, 0xf8, 0xff, 0x00, 0x00, 0xf8, 0xff, 0x00, 0x00, 0xf8, 0xff,
    0x00, 0x00, 0xf8, 0xff, 0x00, 0x00, 0xf8, 0xff, 0x00, 0x00, 0xf8, 0xff,
    0x00, 0x00, 0xf8, 0xff, 0x00, 0x00, 0xf8, 0xff, 0x00, 0x00, 0xf8, 0xff,
    0x00, 0x00, 0xf8, 0xff, 0x00, 0x00, 0xf8, 0xff, 0x00, 0x00, 0xf8, 0xff,
    0x00, 0x00, 0xf8, 0xff, 0x00, 0x00, 0xf8, 0xff, 0x00, 0x00, 0xf8, 0xff,
    0x00, 0x00, 0xf8, 0xff, 0x00, 0x00, 0xf8, 0xff, 0x00, 0x00, 0xf8, 0xff,
    0x00, 0x00, 0xf8, 0xff, 0x00, 0x00, 0xf8, 0xff, 0x00, 0x00, 0xf8, 0xff,
    0x00, 0x00, 0xf8, 0xff, 0x00, 0x00, 0xf8, 0xff, 0x00, 0x00, 0xf8, 0xff,
    0x00, 0x00, 0xf8, 0xff, 0x00, 0x00, 0xf8, 0xff, 0x00, 0x00, 0xf8, 0xff,
    0x00, 0x00, 0xf8, 0xff, 0x00, 0x00, 0xf8, 0xff, 0x00, 0x00, 0xf8, 0xff,
    0x00, 0x00, 0xf8, 0xff, 0x00, 0x00, 0xf8, 0xff, 0x00, 0x00, 0xf8, 0xff,
    0x00, 0x00, 0xf8, 0xff, 0x00, 0x00, 0xf8, 0xff, 0x00, 0x00, 0xf8, 0xff,
    0x00, 0x00, 0xf8, 0xff, 0x00, 0x00, 0xf8, 0xff, 0x00, 0x00, 0xf8, 0xff,
    0x00, 0x00, 0xf8, 0xff, 0x00, 0x00, 0xf8, 0xff, 0x00, 0x00, 0xf8, 0xff,
    0x00, 0x00, 0xf8, 0xff, 0x00, 0x00, 0xf8, 0xff, 0x00, 0x00, 0xf8, 0xff,
    0x00, 0x00, 0xf8, 0xff, 0x00, 0x00, 0xf8, 0xff, 0x00, 0x00, 0xf8, 0xff,
    0x00, 0x00, 0xf8, 0xff, 0x00, 0x00, 0xf8, 0xff, 0x00, 0x00, 0xf8, 0xff,
    0x00, 0x00, 0xf8, 0xff, 0x00, 0x00, 0xf8, 0xff, 0x00, 0x00, 0xf8, 0xff,
    0x00, 0x00, 0xf8, 0xff, 0x00, 0x00, 0xf8, 0xff, 0x00, 0x00, 0xf8, 0xff,
    0x00, 0x00, 0xf8, 0xff, 0x00, 0x00, 0xf8, 0xff, 0x00, 0x00, 0xf8, 0xff,
    0x00, 0x00, 0xf8, 0xff, 0x00, 0x00, 0xf8, 0xff, 0x00, 0x00, 0xf8, 0xff,
    0x00, 0x00, 0xf8, 0xfb, 0x00, 0x00, 0xf8, 0xdf, 0x00, 0x00, 0xf8, 0x10,
    0xf8, 0xfc, 0xf8, 0x00, 0xf8, 0xfc, 0xf8, 0x00, 0xf8, 0xfc, 0xf8, 0x00,
    0xf8, 0xfc, 0xf8, 0x00, 0xf8, 0xfc, 0xf8, 0x00, 0xf8, 0xfc, 0xf8, 0x00,
    0xf8, 0xfc, 0xf8, 0x00, 0xf8, 0xfc, 0xf8, 0x00, 0xf8, 0xfc, 0xf8, 0x00,
    0xf8, 0xfc, 0xf8, 0x00, 0xf8, 0xfc, 0xf8, 0x00, 0xf8, 0xfc, 0xf8, 0x00,
    0xf8, 0xfc, 0xf8, 0x00, 0xf8, 0xfc, 0xf8, 0x00, 0xf8, 0xfc, 0xf8, 0x00,
    0xf8, 0xfc, 0xf8, 0x00, 0xf8, 0xfc, 0xf8, 0x00, 0xf8, 0xfc, 0xf8, 0x00,
    0xf8, 0xfc, 0xf8, 0x00, 0xf8, 0xfc, 0xf8, 0x00, 0xf8, 0xfc, 0xf8, 0x00,
    0xf8, 0xfc, 0xf8, 0x00, 0xf8, 0xfc, 0xf8, 0x00, 0xf8, 0xfc, 0xf8, 0x00,
    0xf8, 0xfc, 0xf8, 0x00, 0xf8, 0xfc, 0xf8, 0x00, 0xf8, 0xfc, 0xf8, 0x00,
    0xf8, 0xfc, 0xf8, 0x00, 0xf8, 0xfc, 0xf8, 0x00, 0xf8, 0xfc, 0xf8, 0x00,
    0xf8, 0xfc, 0xf8, 0x00, 0xf8, 0xfc, 0xf8, 0x00, 0xf8, 0xfc, 0xf8, 0x00,
    0xf8, 0xfc, 0xf8, 0x00, 0xf8, 0xfc, 0xf8, 0x00, 0xf8, 0xfc, 0xf8, 0x00,
    0xf8, 0xfc, 0xf8, 0x00, 0xf8, 0xfc, 0xf8, 0x00, 0xf8, 0xfc, 0xf8, 0x00,
    0xf8, 0xfc, 0xf8, 0x00, 0xf8, 0xfc, 0xf8, 0x00, 0xf8, 0xfc, 0xf8, 0x00,
    0xf8, 0xfc, 0xf8, 0x00, 0xf8, 0xfc, 0xf8, 0x00, 0xf8, 0xfc, 0xf8, 0x00,
    0xf8, 0xfc, 0xf8, 0x00, 0xf8, 0xfc, 0xf8, 0x00, 0xf8, 0xfc, 0xf8, 0x00,
    0xf8, 0xfc, 0xf8, 0x00, 0xf8, 0xfc, 0xf8, 0x00, 0xf8, 0xfc, 0xf8, 0x00,
    0xf8, 0xfc, 0xf8, 0x00, 0xf8, 0xfc, 0xf8, 0x00, 0xf8, 0xfc, 0xf8, 0x00,
    0xf8, 0xfc, 0xf8, 0x00, 0xf8, 0xfc, 0xf8, 0x00, 0xf8, 0xfc, 0xf8, 0x00,
    0xf8, 0xfc, 0xf8, 0x00, 0xf8, 0xfc, 0xf8, 0x00, 0xf8, 0xfc, 0xf8, 0x00,
    0xf8, 0xfc, 0xf8, 0x00, 0xf8, 0xfc, 0xf8, 0x00, 0xf8, 0xfc, 0xf8, 0x00,
    0xf8, 0xfc, 0xf8, 0x00, 0xf8, 0xfc, 0xf8, 0x00, 0xf8, 0xfc, 0xf8, 0x00,
    0xf8, 0xfc, 0xf8, 0x00, 0xf8, 0xfc, 0xf8, 0x00, 0xf8, 0xfc, 0xf8, 0x00,
    0xf8, 0xfc, 0xf8, 0x00, 0xf8, 0xfc, 0xf8, 0x00, 0x00, 0x00, 0xf8, 0x04,
    0x00, 0x00, 0xf8, 0xba, 0x00, 0x00, 0xf8, 0xfb, 0x00, 0x00, 0xf8, 0xff,
    0x00, 0x00, 0xf8, 0xff, 0x00, 0x00, 0xf8, 0xff, 0x00, 0x00, 0xf8, 0xff,
    0x00, 0x00, 0xf8, 0xff, 0x00, 0x00, 0xf8, 0xff, 0x00, 0x00, 0xf8, 0xff,
    0x00, 0x00, 0xf8, 0xff, 0x00, 0x00, 0xf8, 0xff, 0x00, 0x00, 0xf8, 0xff,
    0x00, 0x00, 0xf8, 0xff, 0x00, 0x00, 0xf8, 0xff, 0x00, 0x00, 0xf8, 0xff,
    0x00, 0x00, 0xf8, 0xff, 0x00, 0x00, 0xf8, 0xff, 0x00, 0x00, 0xf8, 0xff,
    0x00, 0x00, 0xf8, 0xff, 0x00, 0x00, 0xf8, 0xff, 0x00, 0x00, 0xf8, 0xff,
    0x00, 0x00, 0xf8, 0xff, 0x00, 0x00, 0xf8, 0xff, 0x00, 0x00, 0xf8, 0xff,
    0x00, 0x00, 0xf8, 0xff, 0x00, 0x00, 0xf8, 0xff, 0x00, 0x00, 0xf8, 0xff,
    0x00, 0x00, 0xf8, 0xff, 0x00, 0x00, 0xf8, 0xff, 0x00, 0x00, 0xf8, 0xff,
    0x00, 0x00, 0xf8, 0xff, 0x00, 0x00, 0xf8, 0xff, 0x00, 0x00, 0xf8, 0xff,
    0x00, 0x00, 0xf8, 0xff, 0x00, 0x00, 0xf8, 0xff, 0x00, 0x00, 0xf8, 0xff,
    0x00, 0x00, 0xf8, 0xff, 0x00, 0x00, 0xf8, 0xff, 0x00, 0x00, 0xf8, 0xff,
    0x00, 0x00, 0xf8, 0xff, 0x00, 0x00, 0xf8, 0xff, 0x00, 0x00, 0xf8, 0xff,
    0x00, 0x00, 0xf8, 0xff, 0x00, 0x00, 0xf8, 0xff, 0x00, 0x00, 0xf8, 0xff,
    0x00, 0x00, 0xf8, 0xff, 0x00, 0x00, 0xf8, 0xff, 0x00, 0x00, 0xf8, 0xff,
    0x00, 0x00, 0xf8, 0xff, 0x00, 0x00, 0xf8, 0xff, 0x00, 0x00, 0xf8, 0xff,
    0x00, 0x00, 0xf8, 0xff, 0x00, 0x00, 0xf8, 0xff, 0x00, 0x00, 0xf8, 0xff,
    0x00, 0x00, 0xf8, 0xff, 0x00, 0x00, 0xf8, 0xff, 0x00, 0x00, 0xf8, 0xff,
    0x00, 0x00, 0xf8, 0xff, 0x00, 0x00, 0xf8, 0xff, 0x00, 0x00, 0xf8, 0xff,
    0x00, 0x00, 0xf8, 0xff, 0x00, 0x00, 0xf8, 0xff, 0x00, 0x00, 0xf8, 0xff,
    0x00, 0x00, 0xf8, 0xff, 0x00, 0x00, 0xf8, 0xff, 0x00, 0x00, 0xf8, 0xff,
    0x00, 0x00, 0xf8, 0xff, 0x00, 0x00, 0xf8, 0xff, 0x00, 0x00, 0xf8, 0xff,
    0x00, 0x00, 0xf8, 0xff, 0x00, 0x00, 0xf8, 0xff, 0x00, 0x00, 0xf8, 0xff,
    0x00, 0x00, 0xf8, 0xff, 0x00, 0x00, 0xf8, 0xff, 0x00, 0x00, 0xf8, 0xff,
    0x00, 0x00, 0xf8, 0xff, 0x00, 0x00, 0xf8, 0xff, 0x00, 0x00, 0xf8, 0xff,
    0x00, 0x00, 0xf8, 0xff, 0x00, 0x00, 0xf8, 0xff, 0x00, 0x00, 0xf8, 0xfb,
    0x00, 0x00, 0xf8, 0xba, 0x00, 0x00, 0xf8, 0x04, 0xf8, 0xfc, 0xf8, 0x00,
    0xf8, 0xfc, 0xf8, 0x00, 0xf8, 0xfc, 0xf8, 0x00, 0xf8, 0xfc, 0xf8, 0x00,
    0xf8, 0xfc, 0xf8, 0x00, 0xf8, 0xfc, 0xf8, 0x00, 0xf8, 0xfc, 0xf8, 0x00,
    0xf8, 0xfc, 0xf8, 0x00, 0xf8, 0xfc, 0xf8, 0x00, 0xf8, 0xfc, 0xf8, 0x00,
    0xf8, 0xfc, 0xf8, 0x00, 0xf8, 0xfc, 0xf8, 0x00, 0xf8, 0xfc, 0xf8, 0x00,
    0xf8, 0xfc, 0xf8, 0x00, 0xf8, 0xfc, 0xf8, 0x00, 0xf8, 0xfc, 0xf8, 0x00,
    0xf8, 0xfc, 0xf8, 0x00, 0xf8, 0xfc, 0xf8, 0x00, 0xf8, 0xfc, 0xf8, 0x00,
    0xf8, 0xfc, 0xf8, 0x00, 0xf8, 0xfc, 0xf8, 0x00, 0xf8, 0xfc, 0xf8, 0x00,
    0xf8, 0xfc, 0xf8, 0x00, 0xf8, 0xfc, 0xf8, 0x00, 0xf8, 0xfc, 0xf8, 0x00,
    0xf8, 0xfc, 0xf8, 0x00, 0xf8, 0xfc, 0xf8, 0x00, 0xf8, 0xfc, 0xf8, 0x00,
    0xf8, 0xfc, 0xf8, 0x00, 0xf8, 0xfc, 0xf8, 0x00, 0xf8, 0xfc, 0xf8, 0x00,
    0xf8, 0xfc, 0xf8, 0x00, 0xf8, 0xfc, 0xf8, 0x00, 0xf8, 0xfc, 0xf8, 0x00,
    0xf8, 0xfc, 0xf8, 0x00, 0xf8, 0xfc, 0xf8, 0x00, 0xf8, 0xfc, 0xf8, 0x00,
    0xf8, 0xfc, 0xf8, 0x00, 0xf8, 0xfc, 0xf8, 0x00, 0xf8, 0xfc, 0xf8, 0x00,
    0xf8, 0xfc, 0xf8, 0x00, 0xf8, 0xfc, 0xf8, 0x00, 0xf8, 0xfc, 0xf8, 0x00,
    0xf8, 0xfc, 0xf8, 0x00, 0xf8, 0xfc, 0xf8, 0x00, 0xf8, 0xfc, 0xf8, 0x00,
    0xf8, 0xfc, 0xf8, 0x00, 0xf8, 0xfc, 0xf8, 0x00, 0xf8, 0xfc, 0xf8, 0x00,
    0xf8, 0xfc, 0xf8, 0x00, 0xf8, 0xfc, 0xf8, 0x00, 0xf8, 0xfc, 0xf8, 0x00,
    0xf8, 0xfc, 0xf8, 0x00, 0xf8, 0xfc, 0xf8, 0x00, 0xf8, 0xfc, 0xf8, 0x00,
    0xf8, 0xfc, 0xf8, 0x00, 0xf8, 0xfc, 0xf8, 0x00, 0xf8, 0xfc, 0xf8, 0x00,
    0xf8, 0xfc, 0xf8, 0x00, 0xf8, 0xfc, 0xf8, 0x00, 0xf8, 0xfc, 0xf8, 0x00,
    0xf8, 0xfc, 0xf8, 0x00, 0xf8, 0xfc, 0xf8, 0x00, 0xf8, 0xfc, 0xf8, 0x00,
    0xf8, 0xfc, 0xf8, 0x00, 0xf8, 0xfc, 0xf8, 0x00, 0xf8, 0xfc, 0xf8, 0x00,
    0xf8, 0xfc, 0xf8, 0x00, 0xf8, 0xfc, 0xf8, 0x00, 0xf8, 0xfc, 0xf8, 0x00,
    0x00, 0x00, 0xf8, 0x86, 0x00, 0x00, 0xf8, 0xff, 0x00, 0x00, 0xf8, 0xff,
    0x00, 0x00, 0xf8, 0xff, 0x00, 0x00, 0xf8, 0xff, 0x00, 0x00, 0xf8, 0xff,
    0x00, 0x00, 0xf8, 0xff, 0x00, 0x00, 0xf8, 0xff, 0x00, 0x00, 0xf8, 0xff,
    0x00, 0x00, 0xf8, 0xff, 0x00, 0x00, 0xf8, 0xff, 0x00, 0x00, 0xf8, 0xff,
    0x00, 0x00, 0xf8, 0xff, 0x00, 0x00, 0xf8, 0xff, 0x00, 0x00, 0xf8, 0xff,
    0x00, 0x00, 0xf8, 0xff, 0x00, 0x00, 0xf8, 0xff, 0x00, 0x00, 0xf8, 0xff,
    0x00, 0x00, 0xf8, 0xff, 0x00, 0x00, 0xf8, 0xff, 0x00, 0x00, 0xf8, 0xff,
    0x00, 0x00, 0xf8, 0xff, 0x00, 0x00, 0xf8, 0xff, 0x00, 0x00, 0xf8, 0xff,
    0x00, 0x00, 0xf8, 0xff, 0x00, 0x00, 0xf8, 0xff, 0x00, 0x00, 0xf8, 0xff,
    0x00, 0x00, 0xf8, 0xff, 0x00, 0x00, 0xf8, 0xff, 0x00, 0x00, 0xf8, 0xff,
    0x00, 0x00, 0xf8, 0xff, 0x00, 0x00, 0xf8, 0xff, 0x00, 0x00, 0xf8, 0xff,
    0x00, 0x00, 0xf8, 0xff, 0x00, 0x00, 0xf8, 0xff, 0x00, 0x00, 0xf8, 0xff,
    0x00, 0x00, 0xf8, 0xff, 0x00, 0x00, 0xf8, 0xff, 0x00, 0x00, 0xf8, 0xff,
    0x00, 0x00, 0xf8, 0xff, 0x00, 0x00, 0xf8, 0xff, 0x00, 0x00, 0xf8, 0xff,
    0x00, 0x00, 0xf8, 0xff, 0x00, 0x00, 0xf8, 0xff, 0x00, 0x00, 0xf8, 0xff,
    0x00, 0x00, 0xf8, 0xff, 0x00, 0x00, 0xf8, 0xff, 0x00, 0x00, 0xf8, 0xff,
    0x00, 0x00, 0xf8, 0xff, 0x00, 0x00, 0xf8, 0xff, 0x00, 0x00, 0xf8, 0xff,
    0x00, 0x00, 0xf8, 0xff, 0x00, 0x00, 0xf8, 0xff, 0x00, 0x00, 0xf8, 0xff,
    0x00, 0x00, 0xf8, 0xff, 0x00, 0x00, 0xf8, 0xff, 0x00, 0x00, 0xf8, 0xff,
    0x00, 0x00, 0xf8, 0xff, 0x00, 0x00, 0xf8, 0xff, 0x00, 0x00, 0xf8, 0xff,
    0x00, 0x00, 0xf8, 0xff, 0x00, 0x00, 0xf8, 0xff, 0x00, 0x00, 0xf8, 0xff,
    0x00, 0x00, 0xf8, 0xff, 0x00, 0x00, 0xf8, 0xff, 0x00, 0x00, 0xf8, 0xff,
    0x00, 0x00, 0xf8, 0xff, 0x00, 0x00, 0xf8, 0xff, 0x00, 0x00, 0xf8, 0xff,
    0x00, 0x00, 0xf8, 0xff, 0x00, 0x00, 0xf8, 0xff, 0x00, 0x00, 0xf8, 0xff,
    0x00, 0x00, 0xf8, 0xff, 0x00, 0x00, 0xf8, 0xff, 0x00, 0x00, 0xf8, 0xff,
    0x00, 0x00, 0xf8, 0xff, 0x00, 0x00, 0xf8, 0xff, 0x00, 0x00, 0xf8, 0xff,
    0x00, 0x00, 0xf8, 0xff, 0x00, 0x00, 0xf8, 0xff, 0x00, 0x00, 0xf8, 0xff,
    0x00, 0x00, 0xf8, 0xff, 0x00, 0x00, 0xf8, 0xff, 0x00, 0x00, 0xf8, 0x86,
    0xf8, 0xfc, 0xf8, 0x00, 0xf8, 0xfc, 0xf8, 0x00, 0xf8, 0xfc, 0xf8, 0x00,
    0xf8, 0xfc, 0xf8, 0x00, 0xf8, 0xfc, 0xf8, 0x00, 0xf8, 0xfc, 0xf8, 0x00,
    0xf8, 0xfc, 0xf8, 0x00, 0xf8, 0xfc, 0xf8, 0x00, 0xf8, 0xfc, 0xf8, 0x00,
    0xf8, 0xfc, 0xf8, 0x00, 0xf8, 0xfc, 0xf8, 0x00, 0xf8, 0xfc, 0xf8, 0x00,
    0xf8, 0xfc, 0xf8, 0x00, 0xf8, 0xfc, 0xf8, 0x00, 0xf8, 0xfc, 0xf8, 0x00,
    0xf8, 0xfc, 0xf8, 0x00, 0xf8, 0xfc, 0xf8, 0x00, 0xf8, 0xfc, 0xf8, 0x00,
    0xf8, 0xfc, 0xf8, 0x00, 0xf8, 0xfc, 0xf8, 0x00, 0xf8, 0xfc, 0xf8, 0x00,
    0xf8, 0xfc, 0xf8, 0x00, 0xf8, 0xfc, 0xf8, 0x00, 0xf8, 0xfc, 0xf8, 0x00,
    0xf8, 0xfc, 0xf8, 0x00, 0xf8, 0xfc, 0xf8, 0x00, 0xf8, 0xfc, 0xf8, 0x00,
    0xf8, 0xfc, 0xf8, 0x00, 0xf8, 0xfc, 0xf8, 0x00, 0xf8, 0xfc, 0xf8, 0x00,
    0xf8, 0xfc, 0xf8, 0x00, 0xf8, 0xfc, 0xf8, 0x00, 0xf8, 0xfc, 0xf8, 0x00,
    0xf8, 0xfc, 0xf8, 0x00, 0xf8, 0xfc, 0xf8, 0x00, 0xf8, 0xfc, 0xf8, 0x00,
    0xf8, 0xfc, 0xf8, 0x00, 0xf8, 0xfc, 0xf8, 0x00, 0xf8, 0xfc, 0xf8, 0x00,
    0xf8, 0xfc, 0xf8, 0x00, 0xf8, 0xfc, 0xf8, 0x00, 0xf8, 0xfc, 0xf8, 0x00,
    0xf8, 0xfc, 0xf8, 0x00, 0xf8, 0xfc, 0xf8, 0x00, 0xf8, 0xfc, 0xf8, 0x00,
    0xf8, 0xfc, 0xf8, 0x00, 0xf8, 0xfc, 0xf8, 0x00, 0xf8, 0xfc, 0xf8, 0x00,
    0xf8, 0xfc, 0xf8, 0x00, 0xf8, 0xfc, 0xf8, 0x00, 0xf8, 0xfc, 0xf8, 0x00,
    0xf8, 0xfc, 0xf8, 0x00, 0xf8, 0xfc, 0xf8, 0x00, 0xf8, 0xfc, 0xf8, 0x00,
    0xf8, 0xfc, 0xf8, 0x00, 0xf8, 0xfc, 0xf8, 0x00, 0xf8, 0xfc, 0xf8, 0x00,
    0xf8, 0xfc, 0xf8, 0x00, 0xf8, 0xfc, 0xf8, 0x00, 0xf8, 0xfc, 0xf8, 0x00,
    0xf8, 0xfc, 0xf8, 0x00, 0xf8, 0xfc, 0xf8, 0x00, 0xf8, 0xfc, 0xf8, 0x00,
    0xf8, 0xfc, 0xf8, 0x00, 0xf8, 0xfc, 0xf8, 0x00, 0xf8, 0xfc, 0xf8, 0x00,
    0xf8, 0xfc, 0xf8, 0x00, 0xf8, 0xfc, 0xf8, 0x00, 0xf8, 0xfc, 0xf8, 0x00,
    0x00, 0x00, 0xf8, 0x38, 0x00, 0x00, 0xf8, 0xff, 0x00, 0x00, 0xf8, 0xff,
    0x00, 0x00, 0xf8, 0xff, 0x00, 0x00, 0xf8, 0xff, 0x00, 0x00, 0xf8, 0xff,
    0x00, 0x00, 0xf8, 0xff, 0x00, 0x00, 0xf8, 0xff, 0x00, 0x00, 0xf8, 0xff,
    0x00, 0x00, 0xf8, 0xff, 0x00, 0x00, 0xf8, 0xff, 0x00, 0x00, 0xf8, 0xff,
    0x00, 0x00, 0xf8, 0xff, 0x00, 0x00, 0xf8, 0xff, 0x00, 0x00, 0xf8, 0xff,
    0x00, 0x00, 0xf8, 0xff, 0x00, 0x00, 0xf8, 0xff, 0x00, 0x00, 0xf8, 0xff,
    0x00, 0x00, 0xf8, 0xff, 0x00, 0x00, 0xf8, 0xff, 0x00, 0x00, 0xf8, 0xff,
    0x00, 0x00, 0xf8, 0xff, 0x00, 0x00, 0xf8, 0xff, 0x00, 0x00, 0xf8, 0xff,
    0x00, 0x00, 0xf8, 0xff, 0x00, 0x00, 0xf8, 0xff, 0x00, 0x00, 0xf8, 0xff,
    0x00, 0x00, 0xf8, 0xff, 0x00, 0x00, 0xf8, 0xff, 0x00, 0x00, 0xf8, 0xff,
    0x00, 0x00, 0xf8, 0xff, 0x00, 0x00, 0xf8, 0xff, 0x00, 0x00, 0xf8, 0xff,
    0x00, 0x00, 0xf8, 0xff, 0x00, 0x00, 0xf8, 0xff, 0x00, 0x00, 0xf8, 0xff,
    0x00, 0x00, 0xf8, 0xff, 0x00, 0x00, 0xf8, 0xff, 0x00, 0x00, 0xf8, 0xff,
    0x00, 0x00, 0xf8, 0xff, 0x00, 0x00, 0xf8, 0xff, 0x00, 0x00, 0xf8, 0xff,
    0x00, 0x00, 0xf8, 0xff, 0x00, 0x00, 0xf8, 0xff, 0x00, 0x00, 0xf8, 0xff,
    0x00, 0x00, 0xf8, 0xff, 0x00, 0x00, 0xf8, 0xff, 0x00, 0x00, 0xf8, 0xff,
    0x00, 0x00, 0xf8, 0xff, 0x00, 0x00, 0xf8, 0xff, 0x00, 0x00, 0xf8, 0xff,
    0x00, 0x00, 0xf8, 0xff, 0x00, 0x00, 0xf8, 0xff, 0x00, 0x00, 0xf8, 0xff,
    0x00, 0x00, 0xf8, 0xff, 0x00, 0x00, 0xf8, 0xff, 0x00, 0x00, 0xf8, 0xff,
    0x00, 0x00, 0xf8, 0xff, 0x00, 0x00, 0xf8, 0xff, 0x00, 0x00, 0xf8, 0xff,
    0x00, 0x00, 0xf8, 0xff, 0x00, 0x00, 0xf8, 0xff, 0x00, 0x00, 0xf8, 0xff,
    0x00, 0x00, 0xf8, 0xff, 0x00, 0x00, 0xf8, 0xff, 0x00, 0x00, 0xf8, 0xff,
    0x00, 0x00, 0xf8, 0xff, 0x00, 0x00, 0xf8, 0xff, 0x00, 0x00, 0xf8, 0xff,
    0x00, 0x00, 0xf8, 0xff, 0x00, 0x00, 0xf8, 0xff, 0x00, 0x00, 0xf8, 0xff,
    0x00, 0x00, 0xf8, 0xff, 0x00, 0x00, 0xf8, 0xff, 0x00, 0x00, 0xf8, 0xff,
    0x00, 0x00, 0xf8, 0xff, 0x00, 0x00, 0xf8, 0xff, 0x00, 0x00, 0xf8, 0xff,
    0x00, 0x00, 0xf8, 0xff, 0x00, 0x00, 0xf8, 0xff, 0x00, 0x00, 0xf8, 0xff,
    0x00, 0x00, 0xf8, 0xff, 0x00, 0x00, 0xf8, 0xff, 0x00, 0x00, 0xf8, 0xff,
    0x00, 0x00, 0xf8, 0xff, 0x00, 0x00, 0xf8, 0x34, 0xf8, 0xfc, 0xf8, 0x00,
    0xf8, 0xfc, 0xf8, 0x00, 0xf8, 0xfc, 0xf8, 0x00, 0xf8, 0xfc, 0xf8, 0x00,
    0xf8, 0xfc, 0xf8, 0x00, 0xf8, 0xfc, 0xf8, 0x00, 0xf8, 0xfc, 0xf8, 0x00,
    0xf8, 0xfc, 0xf8, 0x00, 0xf8, 0xfc, 0xf8, 0x00, 0xf8, 0xfc, 0xf8, 0x00,
    0xf8, 0xfc, 0xf8, 0x00, 0xf8, 0xfc, 0xf8, 0x00, 0xf8, 0xfc, 0xf8, 0x00,
    0xf8, 0xfc, 0xf8, 0x00, 0xf8, 0xfc, 0xf8, 0x00, 0xf8, 0xfc, 0xf8, 0x00,
    0xf8, 0xfc, 0xf8, 0x00, 0xf8, 0xfc, 0xf8, 0x00, 0xf8, 0xfc, 0xf8, 0x00,
    0xf8, 0xfc, 0xf8, 0x00, 0xf8, 0xfc, 0xf8, 0x00, 0xf8, 0xfc, 0xf8, 0x00,
    0xf8, 0xfc, 0xf8, 0x00, 0xf8, 0xfc, 0xf8, 0x00, 0xf8, 0xfc, 0xf8, 0x00,
    0xf8, 0xfc, 0xf8, 0x00, 0xf8, 0xfc, 0xf8, 0x00, 0xf8, 0xfc, 0xf8, 0x00,
    0xf8, 0xfc, 0xf8, 0x00, 0xf8, 0xfc, 0xf8, 0x00, 0xf8, 0xfc, 0xf8, 0x00,
    0xf8, 0xfc, 0xf8, 0x00, 0xf8, 0xfc, 0xf8, 0x00, 0xf8, 0xfc, 0xf8, 0x00,
    0xf8, 0xfc, 0xf8, 0x00, 0xf8, 0xfc, 0xf8, 0x00, 0xf8, 0xfc, 0xf8, 0x00,
    0xf8, 0xfc, 0xf8, 0x00, 0xf8, 0xfc, 0xf8, 0x00, 0xf8, 0xfc, 0xf8, 0x00,
    0xf8, 0xfc, 0xf8, 0x00, 0xf8, 0xfc, 0xf8, 0x00, 0xf8, 0xfc, 0xf8, 0x00,
    0xf8, 0xfc, 0xf8, 0x00, 0xf8, 0xfc, 0xf8, 0x00, 0xf8, 0xfc, 0xf8, 0x00,
    0xf8, 0xfc, 0xf8, 0x00, 0xf8, 0xfc, 0xf8, 0x00, 0xf8, 0xfc, 0xf8, 0x00,
    0xf8, 0xfc, 0xf8, 0x00, 0xf8, 0xfc, 0xf8, 0x00, 0xf8, 0xfc, 0xf8, 0x00,
    0xf8, 0xfc, 0xf8, 0x00, 0xf8, 0xfc, 0xf8, 0x00, 0xf8, 0xfc, 0xf8, 0x00,
    0xf8, 0xfc, 0xf8, 0x00, 0xf8, 0xfc, 0xf8, 0x00, 0xf8, 0xfc, 0xf8, 0x00,
    0xf8, 0xfc, 0xf8, 0x00, 0xf8, 0xfc, 0xf8, 0x00, 0xf8, 0xfc, 0xf8, 0x00,
    0xf8, 0xfc, 0xf8, 0x00, 0xf8, 0xfc, 0xf8, 0x00, 0xf8, 0xfc, 0xf8, 0x00,
    0xf8, 0xfc, 0xf8, 0x00, 0xf8, 0xfc, 0xf8, 0x00, 0xf8, 0xfc, 0xf8, 0x00,
    0x00, 0x00, 0xf8, 0x08, 0x00, 0x00, 0xf8, 0xdb, 0x00, 0x00, 0xf8, 0xfb,
    0x00, 0x00, 0xf8, 0xff, 0x00, 0x00, 0xf8, 0xff, 0x00, 0x00, 0xf8, 0xff,
    0x00, 0x00, 0xf8, 0xff, 0x00, 0x00, 0xf8, 0xff, 0x00, 0x00, 0xf8, 0xff,
    0x00, 0x00, 0xf8, 0xff, 0x00, 0x00, 0xf8, 0xff, 0x00, 0x00, 0xf8, 0xff,
    0x00, 0x00, 0xf8, 0xff, 0x00, 0x00, 0xf8, 0xff, 0x00, 0x00, 0xf8, 0xff,
    0x00, 0x00, 0xf8, 0xff, 0x00, 0x00, 0xf8, 0xff, 0x00, 0x00, 0xf8, 0xff,
    0x00, 0x00, 0xf8, 0xff, 0x00, 0x00, 0xf8, 0xff, 0x00, 0x00, 0xf8, 0xff,
    0x00, 0x00, 0xf8, 0xff, 0x00, 0x00, 0xf8, 0xff, 0x00, 0x00, 0xf8, 0xff,
    0x00, 0x00, 0xf8, 0xff, 0x00, 0x00, 0xf8, 0xff, 0x00, 0x00, 0xf8, 0xff,
    0x00, 0x00, 0xf8, 0xff, 0x00, 0x00, 0xf8, 0xff, 0x00, 0x00, 0xf8, 0xff,
    0x00, 0x00, 0xf8, 0xff, 0x00, 0x00, 0xf8, 0xff, 0x00, 0x00, 0xf8, 0xff,
    0x00, 0x00, 0xf8, 0xff, 0x00, 0x00, 0xf8, 0xff, 0x00, 0x00, 0xf8, 0xff,
    0x00, 0x00, 0xf8, 0xff, 0x00, 0x00, 0xf8, 0xff, 0x00, 0x00, 0xf8, 0xff,
    0x00, 0x00, 0xf8, 0xff, 0x00, 0x00, 0xf8, 0xff, 0x00, 0x00, 0xf8, 0xff,
    0x00, 0x00, 0xf8, 0xff, 0x00, 0x00, 0xf8, 0xff, 0x00, 0x00, 0xf8, 0xff,
    0x00, 0x00, 0xf8, 0xff, 0x00, 0x00, 0xf8, 0xff, 0x00, 0x00, 0xf8, 0xff,
    0x00, 0x00, 0xf8, 0xff, 0x00, 0x00, 0xf8, 0xff, 0x00, 0x00, 0xf8, 0xff,
    0x00, 0x00, 0xf8, 0xff, 0x00, 0x00, 0xf8, 0xff, 0x00, 0x00, 0xf8, 0xff,
    0x00, 0x00, 0xf8, 0xff, 0x00, 0x00, 0xf8, 0xff, 0x00, 0x00, 0xf8, 0xff,
    0x00, 0x00, 0xf8, 0xff, 0x00, 0x00, 0xf8, 0xff, 0x00, 0x00, 0xf8, 0xff,
    0x00, 0x00, 0xf8, 0xff, 0x00, 0x00, 0xf8, 0xff, 0x00, 0x00, 0xf8, 0xff,
    0x00, 0x00, 0xf8, 0xff, 0x00, 0x00, 0xf8, 0xff, 0x00, 0x00, 0xf8, 0xff,
    0x00, 0x00, 0xf8, 0xff, 0x00, 0x00, 0xf8, 0xff, 0x00, 0x00, 0xf8, 0xff,
    0x00, 0x00, 0xf8, 0xff, 0x00, 0x00, 0xf8, 0xff, 0x00, 0x00, 0xf8, 0xff,
    0x00, 0x00, 0xf8, 0xff, 0x00, 0x00, 0xf8, 0xff, 0x00, 0x00, 0xf8, 0xff,
    0x00, 0x00, 0xf8, 0xff, 0x00, 0x00, 0xf8, 0xff, 0x00, 0x00, 0xf8, 0xff,
    0x00, 0x00, 0xf8, 0xff, 0x00, 0x00, 0xf8, 0xff, 0x00, 0x00, 0xf8, 0xff,
    0x00, 0x00, 0xf8, 0xff, 0x00, 0x00, 0xf8, 0xff, 0x00, 0x00, 0xf8, 0xff,
    0x00, 0x00, 0xf8, 0xff, 0x00, 0x00, 0xf8, 0xfb, 0x00, 0x00, 0xf8, 0xdb,
    0x00, 0x00, 0xf8, 0x08, 0xf8, 0xfc, 0xf8, 0x00, 0xf8, 0xfc, 0xf8, 0x00,
    0xf8, 0xfc, 0xf8, 0x00, 0xf8, 0xfc, 0xf8, 0x00, 0xf8, 0xfc, 0xf8, 0x00,
    0xf8, 0xfc, 0xf8, 0x00, 0xf8, 0xfc, 0xf8, 0x00, 0xf8, 0xfc, 0xf8, 0x00,
    0xf8, 0xfc, 0xf8, 0x00, 0xf8, 0xfc, 0xf8, 0x00, 0xf8, 0xfc, 0xf8, 0x00,
    0xf8, 0xfc, 0xf8, 0x00, 0xf8, 0xfc, 0xf8, 0x00, 0xf8, 0xfc, 0xf8, 0x00,
    0xf8, 0xfc, 0xf8, 0x00, 0xf8, 0xfc, 0xf8, 0x00, 0xf8, 0xfc, 0xf8, 0x00,
    0xf8, 0xfc, 0xf8, 0x00, 0xf8, 0xfc, 0xf8, 0x00, 0xf8, 0xfc, 0xf8, 0x00,
    0xf8, 0xfc, 0xf8, 0x00, 0xf8, 0xfc, 0xf8, 0x00, 0xf8, 0xfc, 0xf8, 0x00,
    0xf8, 0xfc, 0xf8, 0x00, 0xf8, 0xfc, 0xf8, 0x00, 0xf8, 0xfc, 0xf8, 0x00,
    0xf8, 0xfc, 0xf8, 0x00, 0xf8, 0xfc, 0xf8, 0x00, 0xf8, 0xfc, 0xf8, 0x00,
    0xf8, 0xfc, 0xf8, 0x00, 0xf8, 0xfc, 0xf8, 0x00, 0xf8, 0xfc, 0xf8, 0x00,
    0xf8, 0xfc, 0xf8, 0x00, 0xf8, 0xfc, 0xf8, 0x00, 0xf8, 0xfc, 0xf8, 0x00,
    0xf8, 0xfc, 0xf8, 0x00, 0xf8, 0xfc, 0xf8, 0x00, 0xf8, 0xfc, 0xf8, 0x00,
    0xf8, 0xfc, 0xf8, 0x00, 0xf8, 0xfc, 0xf8, 0x00, 0xf8, 0xfc, 0xf8, 0x00,
    0xf8, 0xfc, 0xf8, 0x00, 0xf8, 0xfc, 0xf8, 0x00, 0xf8, 0xfc, 0xf8, 0x00,
    0xf8, 0xfc, 0xf8, 0x00, 0xf8, 0xfc, 0xf8, 0x00, 0xf8, 0xfc, 0xf8, 0x00,
    0xf8, 0xfc, 0xf8, 0x00, 0xf8, 0xfc, 0xf8, 0x00, 0xf8, 0xfc, 0xf8, 0x00,
    0xf8, 0xfc, 0xf8, 0x00, 0xf8, 0xfc, 0xf8, 0x00, 0xf8, 0xfc, 0xf8, 0x00,
    0xf8, 0xfc, 0xf8, 0x00, 0xf8, 0xfc, 0xf8, 0x00, 0xf8, 0xfc, 0xf8, 0x00,
    0xf8, 0xfc, 0xf8, 0x00, 0xf8, 0xfc, 0xf8, 0x00, 0xf8, 0xfc, 0xf8, 0x00,
    0xf8, 0xfc, 0xf8, 0x00, 0xf8, 0xfc, 0xf8, 0x00, 0xf8, 0xfc, 0xf8, 0x00,
    0xf8, 0xfc, 0xf8, 0x00, 0xf8, 0xfc, 0xf8, 0x00, 0xf8, 0xfc, 0xf8, 0x00,
    0xf8, 0xfc, 0xf8, 0x00, 0x00, 0x00, 0xf8, 0x8a, 0x00, 0x00, 0xf8, 0xfb,
    0x00, 0x00, 0xf8, 0xff, 0x00, 0x00, 0xf8, 0xff, 0x00, 0x00, 0xf8, 0xff,
    0x00, 0x00, 0xf8, 0xff, 0x00, 0x00, 0xf8, 0xff, 0x00, 0x00, 0xf8, 0xff,
    0x00, 0x00, 0xf8, 0xff, 0x00, 0x00, 0xf8, 0xff, 0x00, 0x00, 0xf8, 0xff,
    0x00, 0x00, 0xf8, 0xff, 0x00, 0x00, 0xf8, 0xff, 0x00, 0x00, 0xf8, 0xff,
    0x00, 0x00, 0xf8, 0xff, 0x00, 0x00, 0xf8, 0xff, 0x00, 0x00, 0xf8, 0xff,
    0x00, 0x00, 0xf8, 0xff, 0x00, 0x00, 0xf8, 0xff, 0x00, 0x00, 0xf8, 0xff,
    0x00, 0x00, 0xf8, 0xff, 0x00, 0x00, 0xf8, 0xff, 0x00, 0x00, 0xf8, 0xff,
    0x00, 0x00, 0xf8, 0xff, 0x00, 0x00, 0xf8, 0xff, 0x00, 0x00, 0xf8, 0xff,
    0x00, 0x00, 0xf8, 0xff, 0x00, 0x00, 0xf8, 0xff, 0x00, 0x00, 0xf8, 0xff,
    0x00, 0x00, 0xf8, 0xff, 0x00, 0x00, 0xf8, 0xff, 0x00, 0x00, 0xf8, 0xff,
    0x00, 0x00, 0xf8, 0xff, 0x00, 0x00, 0xf8, 0xff, 0x00, 0x00, 0xf8, 0xff,
    0x00, 0x00, 0xf8, 0xff, 0x00, 0x00, 0xf8, 0xff, 0x00, 0x00, 0xf8, 0xff,
    0x00, 0x00, 0xf8, 0xff, 0x00, 0x00, 0xf8, 0xff, 0x00, 0x00, 0xf8, 0xff,
    0x00, 0x00, 0xf8, 0xff, 0x00, 0x00, 0xf8, 0xff, 0x00, 0x00, 0xf8, 0xff,
    0x00, 0x00, 0xf8, 0xff, 0x00, 0x00, 0xf8, 0xff, 0x00, 0x00, 0xf8, 0xff,
    0x00, 0x00, 0xf8, 0xff, 0x00, 0x00, 0xf8, 0xff, 0x00, 0x00, 0xf8, 0xff,
    0x00, 0x00, 0xf8, 0xff, 0x00, 0x00, 0xf8, 0xff, 0x00, 0x00, 0xf8, 0xff,
    0x00, 0x00, 0xf8, 0xff, 0x00, 0x00, 0xf8, 0xff, 0x00, 0x00, 0xf8, 0xff,
    0x00, 0x00, 0xf8, 0xff, 0x00, 0x00, 0xf8, 0xff, 0x00, 0x00, 0xf8, 0xff,
    0x00, 0x00, 0xf8, 0xff, 0x00, 0x00, 0xf8, 0xff, 0x00, 0x00, 0xf8, 0xff,
    0x00, 0x00, 0xf8, 0xff, 0x00, 0x00, 0xf8, 0xff, 0x00, 0x00, 0xf8, 0xff,
    0x00, 0x00, 0xf8, 0xff, 0x00, 0x00, 0xf8, 0xff, 0x00, 0x00, 0xf8, 0xff,
    0x00, 0x00, 0xf8, 0xff, 0x00, 0x00, 0xf8, 0xff, 0x00, 0x00, 0xf8, 0xff,
    0x00, 0x00, 0xf8, 0xff, 0x00, 0x00, 0xf8, 0xff, 0x00, 0x00, 0xf8, 0xff,
    0x00, 0x00, 0xf8, 0xff, 0x00, 0x00, 0xf8, 0xff, 0x00, 0x00, 0xf8, 0xff,
    0x00, 0x00, 0xf8, 0xff, 0x00, 0x00, 0xf8, 0xff, 0x00, 0x00, 0xf8, 0xff,
    0x00, 0x00, 0xf8, 0xff, 0x00, 0x00, 0xf8, 0xff, 0x00, 0x00, 0xf8, 0xff,
    0x00, 0x00, 0xf8, 0xff, 0x00, 0x00, 0xf8, 0xff, 0x00, 0x00, 0xf8, 0xff,
    0x00, 0x00, 0xf8, 0xfb, 0x00, 0x00, 0xf8, 0x8a, 0xf8, 0xfc, 0xf8, 0x00,
    0xf8, 0xfc, 0xf8, 0x00, 0xf8, 0xfc, 0xf8, 0x00, 0xf8, 0xfc, 0xf8, 0x00,
    0xf8, 0xfc, 0xf8, 0x00, 0xf8, 0xfc, 0xf8, 0x00, 0xf8, 0xfc, 0xf8, 0x00,
    0xf8, 0xfc, 0xf8, 0x00, 0xf8, 0xfc, 0xf8, 0x00, 0xf8, 0xfc, 0xf8, 0x00,
    0xf8, 0xfc, 0xf8, 0x00, 0xf8, 0xfc, 0xf8, 0x00, 0xf8, 0xfc, 0xf8, 0x00,
    0xf8, 0xfc, 0xf8, 0x00, 0xf8, 0xfc, 0xf8, 0x00, 0xf8, 0xfc, 0xf8, 0x00,
    0xf8, 0xfc, 0xf8, 0x00, 0xf8, 0xfc, 0xf8, 0x00, 0xf8, 0xfc, 0xf8, 0x00,
    0xf8, 0xfc, 0xf8, 0x00, 0xf8, 0xfc, 0xf8, 0x00, 0xf8, 0xfc, 0xf8, 0x00,
    0xf8, 0xfc, 0xf8, 0x00, 0xf8, 0xfc, 0xf8, 0x00, 0xf8, 0xfc, 0xf8, 0x00,
    0xf8, 0xfc, 0xf8, 0x00, 0xf8, 0xfc, 0xf8, 0x00, 0xf8, 0xfc, 0xf8, 0x00,
    0xf8, 0xfc, 0xf8, 0x00, 0xf8, 0xfc, 0xf8, 0x00, 0xf8, 0xfc, 0xf8, 0x00,
    0xf8, 0xfc, 0xf8, 0x00, 0xf8, 0xfc, 0xf8, 0x00, 0xf8, 0xfc, 0xf8, 0x00,
    0xf8, 0xfc, 0xf8, 0x00, 0xf8, 0xfc, 0xf8, 0x00, 0xf8, 0xfc, 0xf8, 0x00,
    0xf8, 0xfc, 0xf8, 0x00, 0xf8, 0xfc, 0xf8, 0x00, 0xf8, 0xfc, 0xf8, 0x00,
    0xf8, 0xfc, 0xf8, 0x00, 0xf8, 0xfc, 0xf8, 0x00, 0xf8, 0xfc, 0xf8, 0x00,
    0xf8, 0xfc, 0xf8, 0x00, 0xf8, 0xfc, 0xf8, 0x00, 0xf8, 0xfc, 0xf8, 0x00,
    0xf8, 0xfc, 0xf8, 0x00, 0xf8, 0xfc, 0xf8, 0x00, 0xf8, 0xfc, 0xf8, 0x00,
    0xf8, 0xfc, 0xf8, 0x00, 0xf8, 0xfc, 0xf8, 0x00, 0xf8, 0xfc, 0xf8, 0x00,
    0xf8, 0xfc, 0xf8, 0x00, 0xf8, 0xfc, 0xf8, 0x00, 0xf8, 0xfc, 0xf8, 0x00,
    0xf8, 0xfc, 0xf8, 0x00, 0xf8, 0xfc, 0xf8, 0x00, 0xf8, 0xfc, 0xf8, 0x00,
    0xf8, 0xfc, 0xf8, 0x00, 0xf8, 0xfc, 0xf8, 0x00, 0xf8, 0xfc, 0xf8, 0x00,
    0xf8, 0xfc, 0xf8, 0x00, 0xf8, 0xfc, 0xf8, 0x00, 0xf8, 0xfc, 0xf8, 0x00,
    0xf8, 0xfc, 0xf8, 0x00, 0x00, 0x00, 0xf8, 0x34, 0x00, 0x00, 0xf8, 0xff,
    0x00, 0x00, 0xf8, 0xff, 0x00, 0x00, 0xf8, 0xff, 0x00, 0x00, 0xf8, 0xff,
    0x00, 0x00, 0xf8, 0xff, 0x00, 0x00, 0xf8, 0xff, 0x00, 0x00, 0xf8, 0xff,
    0x00, 0x00, 0xf8, 0xff, 0x00, 0x00, 0xf8, 0xff, 0x00, 0x00, 0xf8, 0xff,
    0x00, 0x00, 0xf8, 0xff, 0x00, 0x00, 0xf8, 0xff, 0x00, 0x00, 0xf8, 0xff,
    0x00, 0x00, 0xf8, 0xff, 0x00, 0x00, 0xf8, 0xff, 0x00, 0x00, 0xf8, 0xff,
    0x00, 0x00, 0xf8, 0xff, 0x00, 0x00, 0xf8, 0xff, 0x00, 0x00, 0xf8, 0xff,
    0x00, 0x00, 0xf8, 0xff, 0x00, 0x00, 0xf8, 0xff, 0x00, 0x00, 0xf8, 0xff,
    0x00, 0x00, 0xf8, 0xff, 0x00, 0x00, 0xf8, 0xff, 0x00, 0x00, 0xf8, 0xff,
    0x00, 0x00, 0xf8, 0xff, 0x00, 0x00, 0xf8, 0xff, 0x00, 0x00, 0xf8, 0xff,
    0x00, 0x00, 0xf8, 0xff, 0x00, 0x00, 0xf8, 0xff, 0x00, 0x00, 0xf8, 0xff,
    0x00, 0x00, 0xf8, 0xff, 0x00, 0x00, 0xf8, 0xff, 0x00, 0x00, 0xf8, 0xff,
    0x00, 0x00, 0xf8, 0xff, 0x00, 0x00, 0xf8, 0xff, 0x00, 0x00, 0xf8, 0xff,
    0x00, 0x00, 0xf8, 0xff, 0x00, 0x00, 0xf8, 0xff, 0x00, 0x00, 0xf8, 0xff,
    0x00, 0x00, 0xf8, 0xff, 0x00, 0x00, 0xf8, 0xff, 0x00, 0x00, 0xf8, 0xff,
    0x00, 0x00, 0xf8, 0xff, 0x00, 0x00, 0xf8, 0xff, 0x00, 0x00, 0xf8, 0xff,
    0x00, 0x00, 0xf8, 0xff, 0x00, 0x00, 0xf8, 0xff, 0x00, 0x00, 0xf8, 0xff,
    0x00, 0x00, 0xf8, 0xff, 0x00, 0x00, 0xf8, 0xff, 0x00, 0x00, 0xf8, 0xff,
    0x00, 0x00, 0xf8, 0xff, 0x00, 0x00, 0xf8, 0xff, 0x00, 0x00, 0xf8, 0xff,
    0x00, 0x00, 0xf8, 0xff, 0x00, 0x00, 0xf8, 0xff, 0x00, 0x00, 0xf8, 0xff,
    0x00, 0x00, 0xf8, 0xff, 0x00, 0x00, 0xf8, 0xff, 0x00, 0x00, 0xf8, 0xff,
    0x00, 0x00, 0xf8, 0xff, 0x00, 0x00, 0xf8, 0xff, 0x00, 0x00, 0xf8, 0xff,
    0x00, 0x00, 0xf8, 0xff, 0x00, 0x00, 0xf8, 0xff, 0x00, 0x00, 0xf8, 0xff,
    0x00, 0x00, 0xf8, 0xff, 0x00, 0x00, 0xf8, 0xff, 0x00, 0x00, 0xf8, 0xff,
    0x00, 0x00, 0xf8, 0xff, 0x00, 0x00, 0xf8, 0xff, 0x00, 0x00, 0xf8, 0xff,
    0x00, 0x00, 0xf8, 0xff, 0x00, 0x00, 0xf8, 0xff, 0x00, 0x00, 0xf8, 0xff,
    0x00, 0x00, 0xf8, 0xff, 0x00, 0x00, 0xf8, 0xff, 0x00, 0x00, 0xf8, 0xff,
    0x00, 0x00, 0xf8, 0xff, 0x00, 0x00, 0xf8, 0xff, 0x00, 0x00, 0xf8, 0xff,
    0x00, 0x00, 0xf8, 0xff, 0x00, 0x00, 0xf8, 0xff, 0x00, 0x00, 0xf8, 0xff,
    0x00, 0x00, 0xf8, 0xff, 0x00, 0x00, 0xf8, 0xff, 0x00, 0x00, 0xf8, 0xff,
    0x00, 0x00, 0xf8, 0x34, 0xf8, 0xfc, 0xf8, 0x00, 0xf8, 0xfc, 0xf8, 0x00,
    0xf8, 0xfc, 0xf8, 0x00, 0xf8, 0xfc, 0xf8, 0x00, 0xf8, 0xfc, 0xf8, 0x00,
    0xf8, 0xfc, 0xf8, 0x00, 0xf8, 0xfc, 0xf8, 0x00, 0xf8, 0xfc, 0xf8, 0x00,
    0xf8, 0xfc, 0xf8, 0x00, 0xf8, 0xfc, 0xf8, 0x00, 0xf8, 0xfc, 0xf8, 0x00,
    0xf8, 0xfc, 0xf8, 0x00, 0xf8, 0xfc, 0xf8, 0x00, 0xf8, 0xfc, 0xf8, 0x00,
    0xf8, 0xfc, 0xf8, 0x00, 0xf8, 0xfc, 0xf8, 0x00, 0xf8, 0xfc, 0xf8, 0x00,
    0xf8, 0xfc, 0xf8, 0x00, 0xf8, 0xfc, 0xf8, 0x00, 0xf8, 0xfc, 0xf8, 0x00,
    0xf8, 0xfc, 0xf8, 0x00, 0xf8, 0xfc, 0xf8, 0x00, 0xf8, 0xfc, 0xf8, 0x00,
    0xf8, 0xfc, 0xf8, 0x00, 0xf8, 0xfc, 0xf8, 0x00, 0xf8, 0xfc, 0xf8, 0x00,
    0xf8, 0xfc, 0xf8, 0x00, 0xf8, 0xfc, 0xf8, 0x00, 0xf8, 0xfc, 0xf8, 0x00,
    0xf8, 0xfc, 0xf8, 0x00, 0xf8, 0xfc, 0xf8, 0x00, 0xf8, 0xfc, 0xf8, 0x00,
    0xf8, 0xfc, 0xf8, 0x00, 0xf8, 0xfc, 0xf8, 0x00, 0xf8, 0xfc, 0xf8, 0x00,
    0xf8, 0xfc, 0xf8, 0x00, 0xf8, 0xfc, 0xf8, 0x00, 0xf8, 0xfc, 0xf8, 0x00,
    0xf8, 0xfc, 0xf8, 0x00, 0xf8, 0xfc, 0xf8, 0x00, 0xf8, 0xfc, 0xf8, 0x00,
    0xf8, 0xfc, 0xf8, 0x00, 0xf8, 0xfc, 0xf8, 0x00, 0xf8, 0xfc, 0xf8, 0x00,
    0xf8, 0xfc, 0xf8, 0x00, 0xf8, 0xfc, 0xf8, 0x00, 0xf8, 0xfc, 0xf8, 0x00,
    0xf8, 0xfc, 0xf8, 0x00, 0xf8, 0xfc, 0xf8, 0x00, 0xf8, 0xfc, 0xf8, 0x00,
    0xf8, 0xfc, 0xf8, 0x00, 0xf8, 0xfc, 0xf8, 0x00, 0xf8, 0xfc, 0xf8, 0x00,
    0xf8, 0xfc, 0xf8, 0x00, 0xf8, 0xfc, 0xf8, 0x00, 0xf8, 0xfc, 0xf8, 0x00,
    0xf8, 0xfc, 0xf8, 0x00, 0xf8, 0xfc, 0xf8, 0x00, 0xf8, 0xfc, 0xf8, 0x00,
    0xf8, 0xfc, 0xf8, 0x00, 0xf8, 0xfc, 0xf8, 0x00, 0xf8, 0xfc, 0xf8, 0x00,
    0xf8, 0xfc, 0xf8, 0x00, 0x00, 0x00, 0xf8, 0x00, 0x00, 0x00, 0xf8, 0xbe,
    0x00, 0x00, 0xf8, 0xfb, 0x00, 0x00, 0xf8, 0xff, 0x00, 0x00, 0xf8, 0xff,
    0x00, 0x00, 0xf8, 0xff, 0x00, 0x00, 0xf8, 0xff, 0x00, 0x00, 0xf8, 0xff,
    0x00, 0x00, 0xf8, 0xff, 0x00, 0x00, 0xf8, 0xff, 0x00, 0x00, 0xf8, 0xff,
    0x00, 0x00, 0xf8, 0xff, 0x00, 0x00, 0xf8, 0xff, 0x00, 0x00, 0xf8, 0xff,
    0x00, 0x00, 0xf8, 0xff, 0x00, 0x00, 0xf8, 0xff, 0x00, 0x00, 0xf8, 0xff,
    0x00, 0x00, 0xf8, 0xff, 0x00, 0x00, 0xf8, 0xff, 0x00, 0x00, 0xf8, 0xff,
    0x00, 0x00, 0xf8, 0xff, 0x00, 0x00, 0xf8, 0xff, 0x00, 0x00, 0xf8, 0xff,
    0x00, 0x00, 0xf8, 0xff, 0x00, 0x00, 0xf8, 0xff, 0x00, 0x00, 0xf8, 0xff,
    0x00, 0x00, 0xf8, 0xff, 0x00, 0x00, 0xf8, 0xff, 0x00, 0x00, 0xf8, 0xff,
    0x00, 0x00, 0xf8, 0xff, 0x00, 0x00, 0xf8, 0xff, 0x00, 0x00, 0xf8, 0xff,
    0x00, 0x00, 0xf8, 0xff, 0x00, 0x00, 0xf8, 0xff, 0x00, 0x00, 0xf8, 0xff,
    0x00, 0x00, 0xf8, 0xff, 0x00, 0x00, 0xf8, 0xff, 0x00, 0x00, 0xf8, 0xff,
    0x00, 0x00, 0xf8, 0xff, 0x00, 0x00, 0xf8, 0xff, 0x00, 0x00, 0xf8, 0xff,
    0x00, 0x00, 0xf8, 0xff, 0x00, 0x00, 0xf8, 0xff, 0x00, 0x00, 0xf8, 0xff,
    0x00, 0x00, 0xf8, 0xff, 0x00, 0x00, 0xf8, 0xff, 0x00, 0x00, 0xf8, 0xff,
    0x00, 0x00, 0xf8, 0xff, 0x00, 0x00, 0xf8, 0xff, 0x00, 0x00, 0xf8, 0xff,
    0x00, 0x00, 0xf8, 0xff, 0x00, 0x00, 0xf8, 0xff, 0x00, 0x00, 0xf8, 0xff,
    0x00, 0x00, 0xf8, 0xff, 0x00, 0x00, 0xf8, 0xff, 0x00, 0x00, 0xf8, 0xff,
    0x00, 0x00, 0xf8, 0xff, 0x00, 0x00, 0xf8, 0xff, 0x00, 0x00, 0xf8, 0xff,
    0x00, 0x00, 0xf8, 0xff, 0x00, 0x00, 0xf8, 0xff, 0x00, 0x00, 0xf8, 0xff,
    0x00, 0x00, 0xf8, 0xff, 0x00, 0x00, 0xf8, 0xff, 0x00, 0x00, 0xf8, 0xff,
    0x00, 0x00, 0xf8, 0xff, 0x00, 0x00, 0xf8, 0xff, 0x00, 0x00, 0xf8, 0xff,
    0x00, 0x00, 0xf8, 0xff, 0x00, 0x00, 0xf8, 0xff, 0x00, 0x00, 0xf8, 0xff,
    0x00, 0x00, 0xf8, 0xff, 0x00, 0x00, 0xf8, 0xff, 0x00, 0x00, 0xf8, 0xff,
    0x00, 0x00, 0xf8, 0xff, 0x00, 0x00, 0xf8, 0xff, 0x00, 0x00, 0xf8, 0xff,
    0x00, 0x00, 0xf8, 0xff, 0x00, 0x00, 0xf8, 0xff, 0x00, 0x00, 0xf8, 0xff,
    0x00, 0x00, 0xf8, 0xff, 0x00, 0x00, 0xf8, 0xff, 0x00, 0x00, 0xf8, 0xff,
    0x00, 0x00, 0xf8, 0xff, 0x00, 0x00, 0xf8, 0xff, 0x00, 0x00, 0xf8, 0xff,
    0x00, 0x00, 0xf8, 0xff, 0x00, 0x00, 0xf8, 0xff, 0x00, 0x00, 0xf8, 0xff,
    0x00, 0x00, 0xf8, 0xfb, 0x00, 0x00, 0xf8, 0xbe, 0x00, 0x00, 0xf8, 0x00,
    0xf8, 0xfc, 0xf8, 0x00, 0xf8, 0xfc, 0xf8, 0x00, 0xf8, 0xfc, 0xf8, 0x00,
    0xf8, 0xfc, 0xf8, 0x00, 0xf8, 0xfc, 0xf8, 0x00, 0xf8, 0xfc, 0xf8, 0x00,
    0xf8, 0xfc, 0xf8, 0x00, 0xf8, 0xfc, 0xf8, 0x00, 0xf8, 0xfc, 0xf8, 0x00,
    0xf8, 0xfc, 0xf8, 0x00, 0xf8, 0xfc, 0xf8, 0x00, 0xf8, 0xfc, 0xf8, 0x00,
    0xf8, 0xfc, 0xf8, 0x00, 0xf8, 0xfc, 0xf8, 0x00, 0xf8, 0xfc, 0xf8, 0x00,
    0xf8, 0xfc, 0xf8, 0x00, 0xf8, 0xfc, 0xf8, 0x00, 0xf8, 0xfc, 0xf8, 0x00,
    0xf8, 0xfc, 0xf8, 0x00, 0xf8, 0xfc, 0xf8, 0x00, 0xf8, 0xfc, 0xf8, 0x00,
    0xf8, 0xfc, 0xf8, 0x00, 0xf8, 0xfc, 0xf8, 0x00, 0xf8, 0xfc, 0xf8, 0x00,
    0xf8, 0xfc, 0xf8, 0x00, 0xf8, 0xfc, 0xf8, 0x00, 0xf8, 0xfc, 0xf8, 0x00,
    0xf8, 0xfc, 0xf8, 0x00, 0xf8, 0xfc, 0xf8, 0x00, 0xf8, 0xfc, 0xf8, 0x00,
    0xf8, 0xfc, 0xf8, 0x00, 0xf8, 0xfc, 0xf8, 0x00, 0xf8, 0xfc, 0xf8, 0x00,
    0xf8, 0xfc, 0xf8, 0x00, 0xf8, 0xfc, 0xf8, 0x00, 0xf8, 0xfc, 0xf8, 0x00,
    0xf8, 0xfc, 0xf8, 0x00, 0xf8, 0xfc, 0xf8, 0x00, 0xf8, 0xfc, 0xf8, 0x00,
    0xf8, 0xfc, 0xf8, 0x00, 0xf8, 0xfc, 0xf8, 0x00, 0xf8, 0xfc, 0xf8, 0x00,
    0xf8, 0xfc, 0xf8, 0x00, 0xf8, 0xfc, 0xf8, 0x00, 0xf8, 0xfc, 0xf8, 0x00,
    0xf8, 0xfc, 0xf8, 0x00, 0xf8, 0xfc, 0xf8, 0x00, 0xf8, 0xfc, 0xf8, 0x00,
    0xf8, 0xfc, 0xf8, 0x00, 0xf8, 0xfc, 0xf8, 0x00, 0xf8, 0xfc, 0xf8, 0x00,
    0xf8, 0xfc, 0xf8, 0x00, 0xf8, 0xfc, 0xf8, 0x00, 0xf8, 0xfc, 0xf8, 0x00,
    0xf8, 0xfc, 0xf8, 0x00, 0xf8, 0xfc, 0xf8, 0x00, 0xf8, 0xfc, 0xf8, 0x00,
    0xf8, 0xfc, 0xf8, 0x00, 0xf8, 0xfc, 0xf8, 0x00, 0xf8, 0xfc, 0xf8, 0x00,
    0xf8, 0xfc, 0xf8, 0x00, 0xf8, 0xfc, 0xf8, 0x00, 0x00, 0x00, 0xf8, 0x45,
    0x00, 0x00, 0xf8, 0xff, 0x00, 0x00, 0xf8, 0xff, 0x00, 0x00, 0xf8, 0xff,
    0x00, 0x00, 0xf8, 0xff, 0x00, 0x00, 0xf8, 0xff, 0x00, 0x00, 0xf8, 0xff,
    0x00, 0x00, 0xf8, 0xff, 0x00, 0x00, 0xf8, 0xff, 0x00, 0x00, 0xf8, 0xff,
    0x00, 0x00, 0xf8, 0xff, 0x00, 0x00, 0xf8, 0xff, 0x00, 0x00, 0xf8, 0xff,
    0x00, 0x00, 0xf8, 0xff, 0x00, 0x00, 0xf8, 0xff, 0x00, 0x00, 0xf8, 0xff,
    0x00, 0x00, 0xf8, 0xff, 0x00, 0x00, 0xf8, 0xff, 0x00, 0x00, 0xf8, 0xff,
    0x00, 0x00, 0xf8, 0xff, 0x00, 0x00, 0xf8, 0xff, 0x00, 0x00, 0xf8, 0xff,
    0x00, 0x00, 0xf8, 0xff, 0x00, 0x00, 0xf8, 0xff, 0x00, 0x00, 0xf8, 0xff,
    0x00, 0x00, 0xf8, 0xff, 0x00, 0x00, 0xf8, 0xff, 0x00, 0x00, 0xf8, 0xff,
    0x00, 0x00, 0xf8, 0xff, 0x00, 0x00, 0xf8, 0xff, 0x00, 0x00, 0xf8, 0xff,
    0x00, 0x00, 0xf8, 0xff, 0x00, 0x00, 0xf8, 0xff, 0x00, 0x00, 0xf8, 0xff,
    0x00, 0x00, 0xf8, 0xff, 0x00, 0x00, 0xf8, 0xff, 0x00, 0x00, 0xf8, 0xff,
    0x00, 0x00, 0xf8, 0xff, 0x00, 0x00, 0xf8, 0xff, 0x00, 0x00, 0xf8, 0xff,
    0x00, 0x00, 0xf8, 0xff, 0x00, 0x00, 0xf8, 0xff, 0x00, 0x00, 0xf8, 0xff,
    0x00, 0x00, 0xf8, 0xff, 0x00, 0x00, 0xf8, 0xff, 0x00, 0x00, 0xf8, 0xff,
    0x00, 0x00, 0xf8, 0xff, 0x00, 0x00, 0xf8, 0xff, 0x00, 0x00, 0xf8, 0xff,
    0x00, 0x00, 0xf8, 0xff, 0x00, 0x00, 0xf8, 0xff, 0x00, 0x00, 0xf8, 0xff,
    0x00, 0x00, 0xf8, 0xff, 0x00, 0x00, 0xf8, 0xff, 0x00, 0x00, 0xf8, 0xff,
    0x00, 0x00, 0xf8, 0xff, 0x00, 0x00, 0xf8, 0xff, 0x00, 0x00, 0xf8, 0xff,
    0x00, 0x00, 0xf8, 0xff, 0x00, 0x00, 0xf8, 0xff, 0x00, 0x00, 0xf8, 0xff,
    0x00, 0x00, 0xf8, 0xff, 0x00, 0x00, 0xf8, 0xff, 0x00, 0x00, 0xf8, 0xff,
    0x00, 0x00, 0xf8, 0xff, 0x00, 0x00, 0xf8, 0xff, 0x00, 0x00, 0xf8, 0xff,
    0x00, 0x00, 0xf8, 0xff, 0x00, 0x00, 0xf8, 0xff, 0x00, 0x00, 0xf8, 0xff,
    0x00, 0x00, 0xf8, 0xff, 0x00, 0x00, 0xf8, 0xff, 0x00, 0x00, 0xf8, 0xff,
    0x00, 0x00, 0xf8, 0xff, 0x00, 0x00, 0xf8, 0xff, 0x00, 0x00, 0xf8, 0xff,
    0x00, 0x00, 0xf8, 0xff, 0x00, 0x00, 0xf8, 0xff, 0x00, 0x00, 0xf8, 0xff,
    0x00, 0x00, 0xf8, 0xff, 0x00, 0x00, 0xf8, 0xff, 0x00, 0x00, 0xf8, 0xff,
    0x00, 0x00, 0xf8, 0xff, 0x00, 0x00, 0xf8, 0xff, 0x00, 0x00, 0xf8, 0xff,
    0x00, 0x00, 0xf8, 0xff, 0x00, 0x00, 0xf8, 0xff, 0x00, 0x00, 0xf8, 0xff,
    0x00, 0x00, 0xf8, 0xff, 0x00, 0x00, 0xf8, 0xff, 0x00, 0x00, 0xf8, 0xff,
    0x00, 0x00, 0xf8, 0x45, 0xf8, 0xfc, 0xf8, 0x00, 0xf8, 0xfc, 0xf8, 0x00,
    0xf8, 0xfc, 0xf8, 0x00, 0xf8, 0xfc, 0xf8, 0x00, 0xf8, 0xfc, 0xf8, 0x00,
    0xf8, 0xfc, 0xf8, 0x00, 0xf8, 0xfc, 0xf8, 0x00, 0xf8, 0xfc, 0xf8, 0x00,
    0xf8, 0xfc, 0xf8, 0x00, 0xf8, 0xfc, 0xf8, 0x00, 0xf8, 0xfc, 0xf8, 0x00,
    0xf8, 0xfc, 0xf8, 0x00, 0xf8, 0xfc, 0xf8, 0x00, 0xf8, 0xfc, 0xf8, 0x00,
    0xf8, 0xfc, 0xf8, 0x00, 0xf8, 0xfc, 0xf8, 0x00, 0xf8, 0xfc, 0xf8, 0x00,
    0xf8, 0xfc, 0xf8, 0x00, 0xf8, 0xfc, 0xf8, 0x00, 0xf8, 0xfc, 0xf8, 0x00,
    0xf8, 0xfc, 0xf8, 0x00, 0xf8, 0xfc, 0xf8, 0x00, 0xf8, 0xfc, 0xf8, 0x00,
    0xf8, 0xfc, 0xf8, 0x00, 0xf8, 0xfc, 0xf8, 0x00, 0xf8, 0xfc, 0xf8, 0x00,
    0xf8, 0xfc, 0xf8, 0x00, 0xf8, 0xfc, 0xf8, 0x00, 0xf8, 0xfc, 0xf8, 0x00,
    0xf8, 0xfc, 0xf8, 0x00, 0xf8, 0xfc, 0xf8, 0x00, 0xf8, 0xfc, 0xf8, 0x00,
    0xf8, 0xfc, 0xf8, 0x00, 0xf8, 0xfc, 0xf8, 0x00, 0xf8, 0xfc, 0xf8, 0x00,
    0xf8, 0xfc, 0xf8, 0x00, 0xf8, 0xfc, 0xf8, 0x00, 0xf8, 0xfc, 0xf8, 0x00,
    0xf8, 0xfc, 0xf8, 0x00, 0xf8, 0xfc, 0xf8, 0x00, 0xf8, 0xfc, 0xf8, 0x00,
    0xf8, 0xfc, 0xf8, 0x00, 0xf8, 0xfc, 0xf8, 0x00, 0xf8, 0xfc, 0xf8, 0x00,
    0xf8, 0xfc, 0xf8, 0x00, 0xf8, 0xfc, 0xf8, 0x00, 0xf8, 0xfc, 0xf8, 0x00,
    0xf8, 0xfc, 0xf8, 0x00, 0xf8, 0xfc, 0xf8, 0x00, 0xf8, 0xfc, 0xf8, 0x00,
    0xf8, 0xfc, 0xf8, 0x00, 0xf8, 0xfc, 0xf8, 0x00, 0xf8, 0xfc, 0xf8, 0x00,
    0xf8, 0xfc, 0xf8, 0x00, 0xf8, 0xfc, 0xf8, 0x00, 0xf8, 0xfc, 0xf8, 0x00,
    0xf8, 0xfc, 0xf8, 0x00, 0xf8, 0xfc, 0xf8, 0x00, 0xf8, 0xfc, 0xf8, 0x00,
    0xf8, 0xfc, 0xf8, 0x00, 0xf8, 0xfc, 0xf8, 0x00, 0x00, 0x00, 0xf8, 0x00,
    0x00, 0x00, 0xf8, 0xd3, 0x00, 0x00, 0xf8, 0xfb, 0x00, 0x00, 0xf8, 0xff,
    0x00, 0x00, 0xf8, 0xff, 0x00, 0x00, 0xf8, 0xff, 0x00, 0x00, 0xf8, 0xff,
    0x00, 0x00, 0xf8, 0xff, 0x00, 0x00, 0xf8, 0xff, 0x00, 0x00, 0xf8, 0xff,
    0x00, 0x00, 0xf8, 0xff, 0x00, 0x00, 0xf8, 0xff, 0x00, 0x00, 0xf8, 0xff,
    0x00, 0x00, 0xf8, 0xff, 0x00, 0x00, 0xf8, 0xff, 0x00, 0x00, 0xf8, 0xff,
    0x00, 0x00, 0xf8, 0xff, 0x00, 0x00, 0xf8, 0xff, 0x00, 0x00, 0xf8, 0xff,
    0x00, 0x00, 0xf8, 0xff, 0x00, 0x00, 0xf8, 0xff, 0x00, 0x00, 0xf8, 0xff,
    0x00, 0x00, 0xf8, 0xff, 0x00, 0x00, 0xf8, 0xff, 0x00, 0x00, 0xf8, 0xff,
    0x00, 0x00, 0xf8, 0xff, 0x00, 0x00, 0xf8, 0xff, 0x00, 0x00, 0xf8, 0xff,
    0x00, 0x00, 0xf8, 0xff, 0x00, 0x00, 0xf8, 0xff, 0x00, 0x00, 0xf8, 0xff,
    0x00, 0x00, 0xf8, 0xff, 0x00, 0x00, 0xf8, 0xff, 0x00, 0x00, 0xf8, 0xff,
    0x00, 0x00, 0xf8, 0xff, 0x00, 0x00, 0xf8, 0xff, 0x00, 0x00, 0xf8, 0xff,
    0x00, 0x00, 0xf8, 0xff, 0x00, 0x00, 0xf8, 0xff, 0x00, 0x00, 0xf8, 0xff,
    0x00, 0x00, 0xf8, 0xff, 0x00, 0x00, 0xf8, 0xff, 0x00, 0x00, 0xf8, 0xff,
    0x00, 0x00, 0xf8, 0xff, 0x00, 0x00, 0xf8, 0xff, 0x00, 0x00, 0xf8, 0xff,
    0x00, 0x00, 0xf8, 0xff, 0x00, 0x00, 0xf8, 0xff, 0x00, 0x00, 0xf8, 0xff,
    0x00, 0x00, 0xf8, 0xff, 0x00, 0x00, 0xf8, 0xff, 0x00, 0x00, 0xf8, 0xff,
    0x00, 0x00, 0xf8, 0xff, 0x00, 0x00, 0xf8, 0xff, 0x00, 0x00, 0xf8, 0xff,
    0x00, 0x00, 0xf8, 0xff, 0x00, 0x00, 0xf8, 0xff, 0x00, 0x00, 0xf8, 0xff,
    0x00, 0x00, 0xf8, 0xff, 0x00, 0x00, 0xf8, 0xff, 0x00, 0x00, 0xf8, 0xff,
    0x00, 0x00, 0xf8, 0xff, 0x00, 0x00, 0xf8, 0xff, 0x00, 0x00, 0xf8, 0xff,
    0x00, 0x00, 0xf8, 0xff, 0x00, 0x00, 0xf8, 0xff, 0x00, 0x00, 0xf8, 0xff,
    0x00, 0x00, 0xf8, 0xff, 0x00, 0x00, 0xf8, 0xff, 0x00, 0x00, 0xf8, 0xff,
    0x00, 0x00, 0xf8, 0xff, 0x00, 0x00, 0xf8, 0xff, 0x00, 0x00, 0xf8, 0xff,
    0x00, 0x00, 0xf8, 0xff, 0x00, 0x00, 0xf8, 0xff, 0x00, 0x00, 0xf8, 0xff,
    0x00, 0x00, 0xf8, 0xff, 0x00, 0x00, 0xf8, 0xff, 0x00, 0x00, 0xf8, 0xff,
    0x00, 0x00, 0xf8, 0xff, 0x00, 0x00, 0xf8, 0xff, 0x00, 0x00, 0xf8, 0xff,
    0x00, 0x00, 0xf8, 0xff, 0x00, 0x00, 0xf8, 0xff, 0x00, 0x00, 0xf8, 0xff,
    0x00, 0x00, 0xf8, 0xff, 0x00, 0x00, 0xf8, 0xff, 0x00, 0x00, 0xf8, 0xff,
    0x00, 0x00, 0xf8, 0xff, 0x00, 0x00, 0xf8, 0xff, 0x00, 0x00, 0xf8, 0xff,
    0x00, 0x00, 0xf8, 0xfb, 0x00, 0x00, 0xf8, 0xcf, 0x00, 0x00, 0xf8, 0x00,
    0xf8, 0xfc, 0xf8, 0x00, 0xf8, 0xfc, 0xf8, 0x00, 0xf8, 0xfc, 0xf8, 0x00,
    0xf8, 0xfc, 0xf8, 0x00, 0xf8, 0xfc, 0xf8, 0x00, 0xf8, 0xfc, 0xf8, 0x00,
    0xf8, 0xfc, 0xf8, 0x00, 0xf8, 0xfc, 0xf8, 0x00, 0xf8, 0xfc, 0xf8, 0x00,
    0xf8, 0xfc, 0xf8, 0x00, 0xf8, 0xfc, 0xf8, 0x00, 0xf8, 0xfc, 0xf8, 0x00,
    0xf8, 0xfc, 0xf8, 0x00, 0xf8, 0xfc, 0xf8, 0x00, 0xf8, 0xfc, 0xf8, 0x00,
    0xf8, 0xfc, 0xf8, 0x00, 0xf8, 0xfc, 0xf8, 0x00, 0xf8, 0xfc, 0xf8, 0x00,
    0xf8, 0xfc, 0xf8, 0x00, 0xf8, 0xfc, 0xf8, 0x00, 0xf8, 0xfc, 0xf8, 0x00,
    0xf8, 0xfc, 0xf8, 0x00, 0xf8, 0xfc, 0xf8, 0x00, 0xf8, 0xfc, 0xf8, 0x00,
    0xf8, 0xfc, 0xf8, 0x00, 0xf8, 0xfc, 0xf8, 0x00, 0xf8, 0xfc, 0xf8, 0x00,
    0xf8, 0xfc, 0xf8, 0x00, 0xf8, 0xfc, 0xf8, 0x00, 0xf8, 0xfc, 0xf8, 0x00,
    0xf8, 0xfc, 0xf8, 0x00, 0xf8, 0xfc, 0xf8, 0x00, 0xf8, 0xfc, 0xf8, 0x00,
    0xf8, 0xfc, 0xf8, 0x00, 0xf8, 0xfc, 0xf8, 0x00, 0xf8, 0xfc, 0xf8, 0x00,
    0xf8, 0xfc, 0xf8, 0x00, 0xf8, 0xfc, 0xf8, 0x00, 0xf8, 0xfc, 0xf8, 0x00,
    0xf8, 0xfc, 0xf8, 0x00, 0xf8, 0xfc, 0xf8, 0x00, 0xf8, 0xfc, 0xf8, 0x00,
    0xf8, 0xfc, 0xf8, 0x00, 0xf8, 0xfc, 0xf8, 0x00, 0xf8, 0xfc, 0xf8, 0x00,
    0xf8, 0xfc, 0xf8, 0x00, 0xf8, 0xfc, 0xf8, 0x00, 0xf8, 0xfc, 0xf8, 0x00,
    0xf8, 0xfc, 0xf8, 0x00, 0xf8, 0xfc, 0xf8, 0x00, 0xf8, 0xfc, 0xf8, 0x00,
    0xf8, 0xfc, 0xf8, 0x00, 0xf8, 0xfc, 0xf8, 0x00, 0xf8, 0xfc, 0xf8, 0x00,
    0xf8, 0xfc, 0xf8, 0x00, 0xf8, 0xfc, 0xf8, 0x00, 0xf8, 0xfc, 0xf8, 0x00,
    0xf8, 0xfc, 0xf8, 0x00, 0xf8, 0xfc, 0xf8, 0x00, 0xf8, 0xfc, 0xf8, 0x00,
    0x00, 0x00, 0xf8, 0x59, 0x00, 0x00, 0xf8, 0xff, 0x00, 0x00, 0xf8, 0xff,
    0x00, 0x00, 0xf8, 0xff, 0x00, 0x00, 0xf8, 0xff, 0x00, 0x00, 0xf8, 0xff,
    0x00, 0x00, 0xf8, 0xff, 0x00, 0x00, 0xf8, 0xff, 0x00, 0x00, 0xf8, 0xff,
    0x00, 0x00, 0xf8, 0xff, 0x00, 0x00, 0xf8, 0xff, 0x00, 0x00, 0xf8, 0xff,
    0x00, 0x00, 0xf8, 0xff, 0x00, 0x00, 0xf8, 0xff, 0x00, 0x00, 0xf8, 0xff,
    0x00, 0x00, 0xf8, 0xff, 0x00, 0x00, 0xf8, 0xff, 0x00, 0x00, 0xf8, 0xff,
    0x00, 0x00, 0xf8, 0xff, 0x00, 0x00, 0xf8, 0xff, 0x00, 0x00, 0xf8, 0xff,
    0x00, 0x00, 0xf8, 0xff, 0x00, 0x00, 0xf8, 0xff, 0x00, 0x00, 0xf8, 0xff,
    0x00, 0x00, 0xf8, 0xff, 0x00, 0x00, 0xf8, 0xff, 0x00, 0x00, 0xf8, 0xff,
    0x00, 0x00, 0xf8, 0xff, 0x00, 0x00, 0xf8, 0xff, 0x00, 0x00, 0xf8, 0xff,
    0x00, 0x00, 0xf8, 0xff, 0x00, 0x00, 0xf8, 0xff, 0x00, 0x00, 0xf8, 0xff,
    0x00, 0x00, 0xf8, 0xff, 0x00, 0x00, 0xf8, 0xff, 0x00, 0x00, 0xf8, 0xff,
    0x00, 0x00, 0xf8, 0xff, 0x00, 0x00, 0xf8, 0xff, 0x00, 0x00, 0xf8, 0xff,
    0x00, 0x00, 0xf8, 0xff, 0x00, 0x00, 0xf8, 0xff, 0x00, 0x00, 0xf8, 0xff,
    0x00, 0x00, 0xf8, 0xff, 0x00, 0x00, 0xf8, 0xff, 0x00, 0x00, 0xf8, 0xff,
    0x00, 0x00, 0xf8, 0xff, 0x00, 0x00, 0xf8, 0xff, 0x00, 0x00, 0xf8, 0xff,
    0x00, 0x00, 0xf8, 0xff, 0x00, 0x00, 0xf8, 0xff, 0x00, 0x00, 0xf8, 0xff,
    0x00, 0x00, 0xf8, 0xff, 0x00, 0x00, 0xf8, 0xff, 0x00, 0x00, 0xf8, 0xff,
    0x00, 0x00, 0xf8, 0xff, 0x00, 0x00, 0xf8, 0xff, 0x00, 0x00, 0xf8, 0xff,
    0x00, 0x00, 0xf8, 0xff, 0x00, 0x00, 0xf8, 0xff, 0x00, 0x00, 0xf8, 0xff,
    0x00, 0x00, 0xf8, 0xff, 0x00, 0x00, 0xf8, 0xff, 0x00, 0x00, 0xf8, 0xff,
    0x00, 0x00, 0xf8, 0xff, 0x00, 0x00, 0xf8, 0xff, 0x00, 0x00, 0xf8, 0xff,
    0x00, 0x00, 0xf8, 0xff, 0x00, 0x00, 0xf8, 0xff, 0x00, 0x00, 0xf8, 0xff,
    0x00, 0x00, 0xf8, 0xff, 0x00, 0x00, 0xf8, 0xff, 0x00, 0x00, 0xf8, 0xff,
    0x00, 0x00, 0xf8, 0xff, 0x00, 0x00, 0xf8, 0xff, 0x00, 0x00, 0xf8, 0xff,
    0x00, 0x00, 0xf8, 0xff, 0x00, 0x00, 0xf8, 0xff, 0x00, 0x00, 0xf8, 0xff,
    0x00, 0x00, 0xf8, 0xff, 0x00, 0x00, 0xf8, 0xff, 0x00, 0x00, 0xf8, 0xff,
    0x00, 0x00, 0xf8, 0xff, 0x00, 0x00, 0xf8, 0xff, 0x00, 0x00, 0xf8, 0xff,
    0x00, 0x00, 0xf8, 0xff, 0x00, 0x00, 0xf8, 0xff, 0x00, 0x00, 0xf8, 0xff,
    0x00, 0x00, 0xf8, 0xff, 0x00, 0x00, 0xf8, 0xff, 0x00, 0x00, 0xf8, 0xff,
    0x00, 0x00, 0xf8, 0xff, 0x00, 0x00, 0xf8, 0xff, 0x00, 0x00, 0xf8, 0xff,
    0x00, 0x00, 0xf8, 0x59, 0xf8, 0xfc, 0xf8, 0x00, 0xf8, 0xfc, 0xf8, 0x00,
    0xf8, 0xfc, 0xf8, 0x00, 0xf8, 0xfc, 0xf8, 0x00, 0xf8, 0xfc, 0xf8, 0x00,
    0xf8, 0xfc, 0xf8, 0x00, 0xf8, 0xfc, 0xf8, 0x00, 0xf8, 0xfc, 0xf8, 0x00,
    0xf8, 0xfc, 0xf8, 0x00, 0xf8, 0xfc, 0xf8, 0x00, 0xf8, 0xfc, 0xf8, 0x00,
    0xf8, 0xfc, 0xf8, 0x00, 0xf8, 0xfc, 0xf8, 0x00, 0xf8, 0xfc, 0xf8, 0x00,
    0xf8, 0xfc, 0xf8, 0x00, 0xf8, 0xfc, 0xf8, 0x00, 0xf8, 0xfc, 0xf8, 0x00,
    0xf8, 0xfc, 0xf8, 0x00, 0xf8, 0xfc, 0xf8, 0x00, 0xf8, 0xfc, 0xf8, 0x00,
    0xf8, 0xfc, 0xf8, 0x00, 0xf8, 0xfc, 0xf8, 0x00, 0xf8, 0xfc, 0xf8, 0x00,
    0xf8, 0xfc, 0xf8, 0x00, 0xf8, 0xfc, 0xf8, 0x00, 0xf8, 0xfc, 0xf8, 0x00,
    0xf8, 0xfc, 0xf8, 0x00, 0xf8, 0xfc, 0xf8, 0x00, 0xf8, 0xfc, 0xf8, 0x00,
    0xf8, 0xfc, 0xf8, 0x00, 0xf8, 0xfc, 0xf8, 0x00, 0xf8, 0xfc, 0xf8, 0x00,
    0xf8, 0xfc, 0xf8, 0x00, 0xf8, 0xfc, 0xf8, 0x00, 0xf8, 0xfc, 0xf8, 0x00,
    0xf8, 0xfc, 0xf8, 0x00, 0xf8, 0xfc, 0xf8, 0x00, 0xf8, 0xfc, 0xf8, 0x00,
    0xf8, 0xfc, 0xf8, 0x00, 0xf8, 0xfc, 0xf8, 0x00, 0xf8, 0xfc, 0xf8, 0x00,
    0xf8, 0xfc, 0xf8, 0x00, 0xf8, 0xfc, 0xf8, 0x00, 0xf8, 0xfc, 0xf8, 0x00,
    0xf8, 0xfc, 0xf8, 0x00, 0xf8, 0xfc, 0xf8, 0x00, 0xf8, 0xfc, 0xf8, 0x00,
    0xf8, 0xfc, 0xf8, 0x00, 0xf8, 0xfc, 0xf8, 0x00, 0xf8, 0xfc, 0xf8, 0x00,
    0xf8, 0xfc, 0xf8, 0x00, 0xf8, 0xfc, 0xf8, 0x00, 0xf8, 0xfc, 0xf8, 0x00,
    0xf8, 0xfc, 0xf8, 0x00, 0xf8, 0xfc, 0xf8, 0x00, 0xf8, 0xfc, 0xf8, 0x00,
    0xf8, 0xfc, 0xf8, 0x00, 0xf8, 0xfc, 0xf8, 0x00, 0xf8, 0xfc, 0xf8, 0x00,
    0x00, 0x00, 0xf8, 0x00, 0x00, 0x00, 0xf8, 0xd3, 0x00, 0x00, 0xf8, 0xfb,
    0x00, 0x00, 0xf8, 0xff, 0x00, 0x00, 0xf8, 0xff, 0x00, 0x00, 0xf8, 0xff,
    0x00, 0x00, 0xf8, 0xff, 0x00, 0x00, 0xf8, 0xff, 0x00, 0x00, 0xf8, 0xff,
    0x00, 0x00, 0xf8, 0xff, 0x00, 0x00, 0xf8, 0xff, 0x00, 0x00, 0xf8, 0xff,
    0x00, 0x00, 0xf8, 0xff, 0x00, 0x00, 0xf8, 0xff, 0x00, 0x00, 0xf8, 0xff,
    0x00, 0x00, 0xf8, 0xff, 0x00, 0x00, 0xf8, 0xff, 0x00, 0x00, 0xf8, 0xff,
    0x00, 0x00, 0xf8, 0xff, 0x00, 0x00, 0xf8, 0xff, 0x00, 0x00, 0xf8, 0xff,
    0x00, 0x00, 0xf8, 0xff, 0x00, 0x00, 0xf8, 0xff, 0x00, 0x00, 0xf8, 0xff,
    0x00, 0x00, 0xf8, 0xff, 0x00, 0x00, 0xf8, 0xff, 0x00, 0x00, 0xf8, 0xff,
    0x00, 0x00, 0xf8, 0xff, 0x00, 0x00, 0xf8, 0xff, 0x00, 0x00, 0xf8, 0xff,
    0x00, 0x00, 0xf8, 0xff, 0x00, 0x00, 0xf8, 0xff, 0x00, 0x00, 0xf8, 0xff,
    0x00, 0x00, 0xf8, 0xff, 0x00, 0x00, 0xf8, 0xff, 0x00, 0x00, 0xf8, 0xff,
    0x00, 0x00, 0xf8, 0xff, 0x00, 0x00, 0xf8, 0xff, 0x00, 0x00, 0xf8, 0xff,
    0x00, 0x00, 0xf8, 0xff, 0x00, 0x00, 0xf8, 0xff, 0x00, 0x00, 0xf8, 0xff,
    0x00, 0x00, 0xf8, 0xff, 0x00, 0x00, 0xf8, 0xff, 0x00, 0x00, 0xf8, 0xff,
    0x00, 0x00, 0xf8, 0xff, 0x00, 0x00, 0xf8, 0xff, 0x00, 0x00, 0xf8, 0xff,
    0x00, 0x00, 0xf8, 0xff, 0x00, 0x00, 0xf8, 0xff, 0x00, 0x00, 0xf8, 0xff,
    0x00, 0x00, 0xf8, 0xff, 0x00, 0x00, 0xf8, 0xff, 0x00, 0x00, 0xf8, 0xff,
    0x00, 0x00, 0xf8, 0xff, 0x00, 0x00, 0xf8, 0xff, 0x00, 0x00, 0xf8, 0xff,
    0x00, 0x00, 0xf8, 0xff, 0x00, 0x00, 0xf8, 0xff, 0x00, 0x00, 0xf8, 0xff,
    0x00, 0x00, 0xf8, 0xff, 0x00, 0x00, 0xf8, 0xff, 0x00, 0x00, 0xf8, 0xff,
    0x00, 0x00, 0xf8, 0xff, 0x00, 0x00, 0xf8, 0xff, 0x00, 0x00, 0xf8, 0xff,
    0x00, 0x00, 0xf8, 0xff, 0x00, 0x00, 0xf8, 0xff, 0x00, 0x00, 0xf8, 0xff,
    0x00, 0x00, 0xf8, 0xff, 0x00, 0x00, 0xf8, 0xff, 0x00, 0x00, 0xf8, 0xff,
    0x00, 0x00, 0xf8, 0xff, 0x00, 0x00, 0xf8, 0xff, 0x00, 0x00, 0xf8, 0xff,
    0x00, 0x00, 0xf8, 0xff, 0x00, 0x00, 0xf8, 0xff, 0x00, 0x00, 0xf8, 0xff,
    0x00, 0x00, 0xf8, 0xff, 0x00, 0x00, 0xf8, 0xff, 0x00, 0x00, 0xf8, 0xff,
    0x00, 0x00, 0xf8, 0xff, 0x00, 0x00, 0xf8, 0xff, 0x00, 0x00, 0xf8, 0xff,
    0x00, 0x00, 0xf8, 0xff, 0x00, 0x00, 0xf8, 0xff, 0x00, 0x00, 0xf8, 0xff,
    0x00, 0x00, 0xf8, 0xff, 0x00, 0x00, 0xf8, 0xff, 0x00, 0x00, 0xf8, 0xff,
    0x00, 0x00, 0xf8, 0xff, 0x00, 0x00, 0xf8, 0xff, 0x00, 0x00, 0xf8, 0xff,
    0x00, 0x00, 0xf8, 0xff, 0x00, 0x00, 0xf8, 0xd3, 0x00, 0x00, 0xf8, 0x00,
    0xf8, 0xfc, 0xf8, 0x00, 0xf8, 0xfc, 0xf8, 0x00, 0xf8, 0xfc, 0xf8, 0x00,
    0xf8, 0xfc, 0xf8, 0x00, 0xf8, 0xfc, 0xf8, 0x00, 0xf8, 0xfc, 0xf8, 0x00,
    0xf8, 0xfc, 0xf8, 0x00, 0xf8, 0xfc, 0xf8, 0x00, 0xf8, 0xfc, 0xf8, 0x00,
    0xf8, 0xfc, 0xf8, 0x00, 0xf8, 0xfc, 0xf8, 0x00, 0xf8, 0xfc, 0xf8, 0x00,
    0xf8, 0xfc, 0xf8, 0x00, 0xf8, 0xfc, 0xf8, 0x00, 0xf8, 0xfc, 0xf8, 0x00,
    0xf8, 0xfc, 0xf8, 0x00, 0xf8, 0xfc, 0xf8, 0x00, 0xf8, 0xfc, 0xf8, 0x00,
    0xf8, 0xfc, 0xf8, 0x00, 0xf8, 0xfc, 0xf8, 0x00, 0xf8, 0xfc, 0xf8, 0x00,
    0xf8, 0xfc, 0xf8, 0x00, 0xf8, 0xfc, 0xf8, 0x00, 0xf8, 0xfc, 0xf8, 0x00,
    0xf8, 0xfc, 0xf8, 0x00, 0xf8, 0xfc, 0xf8, 0x00, 0xf8, 0xfc, 0xf8, 0x00,
    0xf8, 0xfc, 0xf8, 0x00, 0xf8, 0xfc, 0xf8, 0x00, 0xf8, 0xfc, 0xf8, 0x00,
    0xf8, 0xfc, 0xf8, 0x00, 0xf8, 0xfc, 0xf8, 0x00, 0xf8, 0xfc, 0xf8, 0x00,
    0xf8, 0xfc, 0xf8, 0x00, 0xf8, 0xfc, 0xf8, 0x00, 0xf8, 0xfc, 0xf8, 0x00,
    0xf8, 0xfc, 0xf8, 0x00, 0xf8, 0xfc, 0xf8, 0x00, 0xf8, 0xfc, 0xf8, 0x00,
    0xf8, 0xfc, 0xf8, 0x00, 0xf8, 0xfc, 0xf8, 0x00, 0xf8, 0xfc, 0xf8, 0x00,
    0xf8, 0xfc, 0xf8, 0x00, 0xf8, 0xfc, 0xf8, 0x00, 0xf8, 0xfc, 0xf8, 0x00,
    0xf8, 0xfc, 0xf8, 0x00, 0xf8, 0xfc, 0xf8, 0x00, 0xf8, 0xfc, 0xf8, 0x00,
    0xf8, 0xfc, 0xf8, 0x00, 0xf8, 0xfc, 0xf8, 0x00, 0xf8, 0xfc, 0xf8, 0x00,
    0xf8, 0xfc, 0xf8, 0x00, 0xf8, 0xfc, 0xf8, 0x00, 0xf8, 0xfc, 0xf8, 0x00,
    0xf8, 0xfc, 0xf8, 0x00, 0xf8, 0xfc, 0xf8, 0x00, 0xf8, 0xfc, 0xf8, 0x00,
    0xf8, 0xfc, 0xf8, 0x00, 0x00, 0x00, 0xf8, 0x38, 0x00, 0x00, 0xf8, 0xff,
    0x00, 0x00, 0xf8, 0xff, 0x00, 0x00, 0xf8, 0xff, 0x00, 0x00, 0xf8, 0xff,
    0x00, 0x00, 0xf8, 0xff, 0x00, 0x00, 0xf8, 0xff, 0x00, 0x00, 0xf8, 0xff,
    0x00, 0x00, 0xf8, 0xff, 0x00, 0x00, 0xf8, 0xff, 0x00, 0x00, 0xf8, 0xff,
    0x00, 0x00, 0xf8, 0xff, 0x00, 0x00, 0xf8, 0xff, 0x00, 0x00, 0xf8, 0xff,
    0x00, 0x00, 0xf8, 0xff, 0x00, 0x00, 0xf8, 0xff, 0x00, 0x00, 0xf8, 0xff,
    0x00, 0x00, 0xf8, 0xff, 0x00, 0x00, 0xf8, 0xff, 0x00, 0x00, 0xf8, 0xff,
    0x00, 0x00, 0xf8, 0xff, 0x00, 0x00, 0xf8, 0xff, 0x00, 0x00, 0xf8, 0xff,
    0x00, 0x00, 0xf8, 0xff, 0x00, 0x00, 0xf8, 0xff, 0x00, 0x00, 0xf8, 0xff,
    0x00, 0x00, 0xf8, 0xff, 0x00, 0x00, 0xf8, 0xff, 0x00, 0x00, 0xf8, 0xff,
    0x00, 0x00, 0xf8, 0xff, 0x00, 0x00, 0xf8, 0xff, 0x00, 0x00, 0xf8, 0xff,
    0x00, 0x00, 0xf8, 0xff, 0x00, 0x00, 0xf8, 0xff, 0x00, 0x00, 0xf8, 0xff,
    0x00, 0x00, 0xf8, 0xff, 0x00, 0x00, 0xf8, 0xff, 0x00, 0x00, 0xf8, 0xff,
    0x00, 0x00, 0xf8, 0xff, 0x00, 0x00, 0xf8, 0xff, 0x00, 0x00, 0xf8, 0xff,
    0x00, 0x00, 0xf8, 0xff, 0x00, 0x00, 0xf8, 0xff, 0x00, 0x00, 0xf8, 0xff,
    0x00, 0x00, 0xf8, 0xff, 0x00, 0x00, 0xf8, 0xff, 0x00, 0x00, 0xf8, 0xff,
    0x00, 0x00, 0xf8, 0xff, 0x00, 0x00, 0xf8, 0xff, 0x00, 0x00, 0xf8, 0xff,
    0x00, 0x00, 0xf8, 0xff, 0x00, 0x00, 0xf8, 0xff, 0x00, 0x00, 0xf8, 0xff,
    0x00, 0x00, 0xf8, 0xff, 0x00, 0x00, 0xf8, 0xff, 0x00, 0x00, 0xf8, 0xff,
    0x00, 0x00, 0xf8, 0xff, 0x00, 0x00, 0xf8, 0xff, 0x00, 0x00, 0xf8, 0xff,
    0x00, 0x00, 0xf8, 0xff, 0x00, 0x00, 0xf8, 0xff, 0x00, 0x00, 0xf8, 0xff,
    0x00, 0x00, 0xf8, 0xff, 0x00, 0x00, 0xf8, 0xff, 0x00, 0x00, 0xf8, 0xff,
    0x00, 0x00, 0xf8, 0xff, 0x00, 0x00, 0xf8, 0xff, 0x00, 0x00, 0xf8, 0xff,
    0x00, 0x00, 0xf8, 0xff, 0x00, 0x00, 0xf8, 0xff, 0x00, 0x00, 0xf8, 0xff,
    0x00, 0x00, 0xf8, 0xff, 0x00, 0x00, 0xf8, 0xff, 0x00, 0x00, 0xf8, 0xff,
    0x00, 0x00, 0xf8, 0xff, 0x00, 0x00, 0xf8, 0xff, 0x00, 0x00, 0xf8, 0xff,
    0x00, 0x00, 0xf8, 0xff, 0x00, 0x00, 0xf8, 0xff, 0x00, 0x00, 0xf8, 0xff,
    0x00, 0x00, 0xf8, 0xff, 0x00, 0x00, 0xf8, 0xff, 0x00, 0x00, 0xf8, 0xff,
    0x00, 0x00, 0xf8, 0xff, 0x00, 0x00, 0xf8, 0xff, 0x00, 0x00, 0xf8, 0xff,
    0x00, 0x00, 0xf8, 0xff, 0x00, 0x00, 0xf8, 0xff, 0x00, 0x00, 0xf8, 0xff,
    0x00, 0x00, 0xf8, 0xff, 0x00, 0x00, 0xf8, 0xff, 0x00, 0x00, 0xf8, 0xff,
    0x00, 0x00, 0xf8, 0xff, 0x00, 0x00, 0xf8, 0xff, 0x00, 0x00, 0xf8, 0xff,
    0x00, 0x00, 0xf8, 0x38, 0xf8, 0xfc, 0xf8, 0x00, 0xf8, 0xfc, 0xf8, 0x00,
    0xf8, 0xfc, 0xf8, 0x00, 0xf8, 0xfc, 0xf8, 0x00, 0xf8, 0xfc, 0xf8, 0x00,
    0xf8, 0xfc, 0xf8, 0x00, 0xf8, 0xfc, 0xf8, 0x00, 0xf8, 0xfc, 0xf8, 0x00,
    0xf8, 0xfc, 0xf8, 0x00, 0xf8, 0xfc, 0xf8, 0x00, 0xf8, 0xfc, 0xf8, 0x00,
    0xf8, 0xfc, 0xf8, 0x00, 0xf8, 0xfc, 0xf8, 0x00, 0xf8, 0xfc, 0xf8, 0x00,
    0xf8, 0xfc, 0xf8, 0x00, 0xf8, 0xfc, 0xf8, 0x00, 0xf8, 0xfc, 0xf8, 0x00,
    0xf8, 0xfc, 0xf8, 0x00, 0xf8, 0xfc, 0xf8, 0x00, 0xf8, 0xfc, 0xf8, 0x00,
    0xf8, 0xfc, 0xf8, 0x00, 0xf8, 0xfc, 0xf8, 0x00, 0xf8, 0xfc, 0xf8, 0x00,
    0xf8, 0xfc, 0xf8, 0x00, 0xf8, 0xfc, 0xf8, 0x00, 0xf8, 0xfc, 0xf8, 0x00,
    0xf8, 0xfc, 0xf8, 0x00, 0xf8, 0xfc, 0xf8, 0x00, 0xf8, 0xfc, 0xf8, 0x00,
    0xf8, 0xfc, 0xf8, 0x00, 0xf8, 0xfc, 0xf8, 0x00, 0xf8, 0xfc, 0xf8, 0x00,
    0xf8, 0xfc, 0xf8, 0x00, 0xf8, 0xfc, 0xf8, 0x00, 0xf8, 0xfc, 0xf8, 0x00,
    0xf8, 0xfc, 0xf8, 0x00, 0xf8, 0xfc, 0xf8, 0x00, 0xf8, 0xfc, 0xf8, 0x00,
    0xf8, 0xfc, 0xf8, 0x00, 0xf8, 0xfc, 0xf8, 0x00, 0xf8, 0xfc, 0xf8, 0x00,
    0xf8, 0xfc, 0xf8, 0x00, 0xf8, 0xfc, 0xf8, 0x00, 0xf8, 0xfc, 0xf8, 0x00,
    0xf8, 0xfc, 0xf8, 0x00, 0xf8, 0xfc, 0xf8, 0x00, 0xf8, 0xfc, 0xf8, 0x00,
    0xf8, 0xfc, 0xf8, 0x00, 0xf8, 0xfc, 0xf8, 0x00, 0xf8, 0xfc, 0xf8, 0x00,
    0xf8, 0xfc, 0xf8, 0x00, 0xf8, 0xfc, 0xf8, 0x00, 0xf8, 0xfc, 0xf8, 0x00,
    0xf8, 0xfc, 0xf8, 0x00, 0xf8, 0xfc, 0xf8, 0x00, 0xf8, 0xfc, 0xf8, 0x00,
    0xf8, 0xfc, 0xf8, 0x00, 0xf8, 0xfc, 0xf8, 0x00, 0x00, 0x00, 0xf8, 0xa2,
    0x00, 0x00, 0xf8, 0xfb, 0x00, 0x00, 0xf8, 0xff, 0x00, 0x00, 0xf8, 0xff,
    0x00, 0x00, 0xf8, 0xff, 0x00, 0x00, 0xf8, 0xff, 0x00, 0x00, 0xf8, 0xff,
    0x00, 0x00, 0xf8, 0xff, 0x00, 0x00, 0xf8, 0xff, 0x00, 0x00, 0xf8, 0xff,
    0x00, 0x00, 0xf8, 0xff, 0x00, 0x00, 0xf8, 0xff, 0x00, 0x00, 0xf8, 0xff,
    0x00, 0x00, 0xf8, 0xff, 0x00, 0x00, 0xf8, 0xff, 0x00, 0x00, 0xf8, 0xff,
    0x00, 0x00, 0xf8, 0xff, 0x00, 0x00, 0xf8, 0xff, 0x00, 0x00, 0xf8, 0xff,
    0x00, 0x00, 0xf8, 0xff, 0x00, 0x00, 0xf8, 0xff, 0x00, 0x00, 0xf8, 0xff,
    0x00, 0x00, 0xf8, 0xff, 0x00, 0x00, 0xf8, 0xff, 0x00, 0x00, 0xf8, 0xff,
    0x00, 0x00, 0xf8, 0xff, 0x00, 0x00, 0xf8, 0xff, 0x00, 0x00, 0xf8, 0xff,
    0x00, 0x00, 0xf8, 0xff, 0x00, 0x00, 0xf8, 0xff, 0x00, 0x00, 0xf8, 0xff,
    0x00, 0x00, 0xf8, 0xff, 0x00, 0x00, 0xf8, 0xff, 0x00, 0x00, 0xf8, 0xff,
    0x00, 0x00, 0xf8, 0xff, 0x00, 0x00, 0xf8, 0xff, 0x00, 0x00, 0xf8, 0xff,
    0x00, 0x00, 0xf8, 0xff, 0x00, 0x00, 0xf8, 0xff, 0x00, 0x00, 0xf8, 0xff,
    0x00, 0x00, 0xf8, 0xff, 0x00, 0x00, 0xf8, 0xff, 0x00, 0x00, 0xf8, 0xff,
    0x00, 0x00, 0xf8, 0xff, 0x00, 0x00, 0xf8, 0xff, 0x00, 0x00, 0xf8, 0xff,
    0x00, 0x00, 0xf8, 0xff, 0x00, 0x00, 0xf8, 0xff, 0x00, 0x00, 0xf8, 0xff,
    0x00, 0x00, 0xf8, 0xff, 0x00, 0x00, 0xf8, 0xff, 0x00, 0x00, 0xf8, 0xff,
    0x00, 0x00, 0xf8, 0xff, 0x00, 0x00, 0xf8, 0xff, 0x00, 0x00, 0xf8, 0xff,
    0x00, 0x00, 0xf8, 0xff, 0x00, 0x00, 0xf8, 0xff, 0x00, 0x00, 0xf8, 0xff,
    0x00, 0x00, 0xf8, 0xff, 0x00, 0x00, 0xf8, 0xff, 0x00, 0x00, 0xf8, 0xff,
    0x00, 0x00, 0xf8, 0xff, 0x00, 0x00, 0xf8, 0xff, 0x00, 0x00, 0xf8, 0xff,
    0x00, 0x00, 0xf8, 0xff, 0x00, 0x00, 0xf8, 0xff, 0x00, 0x00, 0xf8, 0xff,
    0x00, 0x00, 0xf8, 0xff, 0x00, 0x00, 0xf8, 0xff, 0x00, 0x00, 0xf8, 0xff,
    0x00, 0x00, 0xf8, 0xff, 0x00, 0x00, 0xf8, 0xff, 0x00, 0x00, 0xf8, 0xff,
    0x00, 0x00, 0xf8, 0xff, 0x00, 0x00, 0xf8, 0xff, 0x00, 0x00, 0xf8, 0xff,
    0x00, 0x00, 0xf8, 0xff, 0x00, 0x00, 0xf8, 0xff, 0x00, 0x00, 0xf8, 0xff,
    0x00, 0x00, 0xf8, 0xff, 0x00, 0x00, 0xf8, 0xff, 0x00, 0x00, 0xf8, 0xff,
    0x00, 0x00, 0xf8, 0xff, 0x00, 0x00, 0xf8, 0xff, 0x00, 0x00, 0xf8, 0xff,
    0x00, 0x00, 0xf8, 0xff, 0x00, 0x00, 0xf8, 0xff, 0x00, 0x00, 0xf8, 0xff,
    0x00, 0x00, 0xf8, 0xff, 0x00, 0x00, 0xf8, 0xff, 0x00, 0x00, 0xf8, 0xff,
    0x00, 0x00, 0xf8, 0xff, 0x00, 0x00, 0xf8, 0xff, 0x00, 0x00, 0xf8, 0xff,
    0x00, 0x00, 0xf8, 0xfb, 0x00, 0x00, 0xf8, 0xa2, 0xf8, 0xfc, 0xf8, 0x00,
    0xf8, 0xfc, 0xf8, 0x00, 0xf8, 0xfc, 0xf8, 0x00, 0xf8, 0xfc, 0xf8, 0x00,
    0xf8, 0xfc, 0xf8, 0x00, 0xf8, 0xfc, 0xf8, 0x00, 0xf8, 0xfc, 0xf8, 0x00,
    0xf8, 0xfc, 0xf8, 0x00, 0xf8, 0xfc, 0xf8, 0x00, 0xf8, 0xfc, 0xf8, 0x00,
    0xf8, 0xfc, 0xf8, 0x00, 0xf8, 0xfc, 0xf8, 0x00, 0xf8, 0xfc, 0xf8, 0x00,
    0xf8, 0xfc, 0xf8, 0x00, 0xf8, 0xfc, 0xf8, 0x00, 0xf8, 0xfc, 0xf8, 0x00,
    0xf8, 0xfc, 0xf8, 0x00, 0xf8, 0xfc, 0xf8, 0x00, 0xf8, 0xfc, 0xf8, 0x00,
    0xf8, 0xfc, 0xf8, 0x00, 0xf8, 0xfc, 0xf8, 0x00, 0xf8, 0xfc, 0xf8, 0x00,
    0xf8, 0xfc, 0xf8, 0x00, 0xf8, 0xfc, 0xf8, 0x00, 0xf8, 0xfc, 0xf8, 0x00,
    0xf8, 0xfc, 0xf8, 0x00, 0xf8, 0xfc, 0xf8, 0x00, 0xf8, 0xfc, 0xf8, 0x00,
    0xf8, 0xfc, 0xf8, 0x00, 0xf8, 0xfc, 0xf8, 0x00, 0xf8, 0xfc, 0xf8, 0x00,
    0xf8, 0xfc, 0xf8, 0x00, 0xf8, 0xfc, 0xf8, 0x00, 0xf8, 0xfc, 0xf8, 0x00,
    0xf8, 0xfc, 0xf8, 0x00, 0xf8, 0xfc, 0xf8, 0x00, 0xf8, 0xfc, 0xf8, 0x00,
    0xf8, 0xfc, 0xf8, 0x00, 0xf8, 0xfc, 0xf8, 0x00, 0xf8, 0xfc, 0xf8, 0x00,
    0xf8, 0xfc, 0xf8, 0x00, 0xf8, 0xfc, 0xf8, 0x00, 0xf8, 0xfc, 0xf8, 0x00,
    0xf8, 0xfc, 0xf8, 0x00, 0xf8, 0xfc, 0xf8, 0x00, 0xf8, 0xfc, 0xf8, 0x00,
    0xf8, 0xfc, 0xf8, 0x00, 0xf8, 0xfc, 0xf8, 0x00, 0xf8, 0xfc, 0xf8, 0x00,
    0xf8, 0xfc, 0xf8, 0x00, 0xf8, 0xfc, 0xf8, 0x00, 0xf8, 0xfc, 0xf8, 0x00,
    0xf8, 0xfc, 0xf8, 0x00, 0xf8, 0xfc, 0xf8, 0x00, 0xf8, 0xfc, 0xf8, 0x00,
    0xf8, 0xfc, 0xf8, 0x00, 0xf8, 0xfc, 0xf8, 0x00, 0x00, 0x00, 0xf8, 0x14,
    0x00, 0x00, 0xf8, 0xfb, 0x00, 0x00, 0xf8, 0xff, 0x00, 0x00, 0xf8, 0xff,
    0x00, 0x00, 0xf8, 0xff, 0x00, 0x00, 0xf8, 0xff, 0x00, 0x00, 0xf8, 0xff,
    0x00, 0x00, 0xf8, 0xff, 0x00, 0x00, 0xf8, 0xff, 0x00, 0x00, 0xf8, 0xff,
    0x00, 0x00, 0xf8, 0xff, 0x00, 0x00, 0xf8, 0xff, 0x00, 0x00, 0xf8, 0xff,
    0x00, 0x00, 0xf8, 0xff, 0x00, 0x00, 0xf8, 0xff, 0x00, 0x00, 0xf8, 0xff,
    0x00, 0x00, 0xf8, 0xff, 0x00, 0x00, 0xf8, 0xff, 0x00, 0x00, 0xf8, 0xff,
    0x00, 0x00, 0xf8, 0xff, 0x00, 0x00, 0xf8, 0xff, 0x00, 0x00, 0xf8, 0xff,
    0x00, 0x00, 0xf8, 0xff, 0x00, 0x00, 0xf8, 0xff, 0x00, 0x00, 0xf8, 0xff,
    0x00, 0x00, 0xf8, 0xff, 0x00, 0x00, 0xf8, 0xff, 0x00, 0x00, 0xf8, 0xff,
    0x00, 0x00, 0xf8, 0xff, 0x00, 0x00, 0xf8, 0xff, 0x00, 0x00, 0xf8, 0xff,
    0x00, 0x00, 0xf8, 0xff, 0x00, 0x00, 0xf8, 0xff, 0x00, 0x00, 0xf8, 0xff,
    0x00, 0x00, 0xf8, 0xff, 0x00, 0x00, 0xf8, 0xff, 0x00, 0x00, 0xf8, 0xff,
    0x00, 0x00, 0xf8, 0xff, 0x00, 0x00, 0xf8, 0xff, 0x00, 0x00, 0xf8, 0xff,
    0x00, 0x00, 0xf8, 0xff, 0x00, 0x00, 0xf8, 0xff, 0x00, 0x00, 0xf8, 0xff,
    0x00, 0x00, 0xf8, 0xff, 0x00, 0x00, 0xf8, 0xff, 0x00, 0x00, 0xf8, 0xff,
    0x00, 0x00, 0xf8, 0xff, 0x00, 0x00, 0xf8, 0xff, 0x00, 0x00, 0xf8, 0xff,
    0x00, 0x00, 0xf8, 0xff, 0x00, 0x00, 0xf8, 0xff, 0x00, 0x00, 0xf8, 0xff,
    0x00, 0x00, 0xf8, 0xff, 0x00, 0x00, 0xf8, 0xff, 0x00, 0x00, 0xf8, 0xff,
    0x00, 0x00, 0xf8, 0xff, 0x00, 0x00, 0xf8, 0xff, 0x00, 0x00, 0xf8, 0xff,
    0x00, 0x00, 0xf8, 0xff, 0x00, 0x00, 0xf8, 0xff, 0x00, 0x00, 0xf8, 0xff,
    0x00, 0x00, 0xf8, 0xff, 0x00, 0x00, 0xf8, 0xff, 0x00, 0x00, 0xf8, 0xff,
    0x00, 0x00, 0xf8, 0xff, 0x00, 0x00, 0xf8, 0xff, 0x00, 0x00, 0xf8, 0xff,
    0x00, 0x00, 0xf8, 0xff, 0x00, 0x00, 0xf8, 0xff, 0x00, 0x00, 0xf8, 0xff,
    0x00, 0x00, 0xf8, 0xff, 0x00, 0x00, 0xf8, 0xff, 0x00, 0x00, 0xf8, 0xff,
    0x00, 0x00, 0xf8, 0xff, 0x00, 0x00, 0xf8, 0xff, 0x00, 0x00, 0xf8, 0xff,
    0x00, 0x00, 0xf8, 0xff, 0x00, 0x00, 0xf8, 0xff, 0x00, 0x00, 0xf8, 0xff,
    0x00, 0x00, 0xf8, 0xff, 0x00, 0x00, 0xf8, 0xff, 0x00, 0x00, 0xf8, 0xff,
    0x00, 0x00, 0xf8, 0xff, 0x00, 0x00, 0xf8, 0xff, 0x00, 0x00, 0xf8, 0xff,
    0x00, 0x00, 0xf8, 0xff, 0x00, 0x00, 0xf8, 0xff, 0x00, 0x00, 0xf8, 0xff,
    0x00, 0x00, 0xf8, 0xff, 0x00, 0x00, 0xf8, 0xff, 0x00, 0x00, 0xf8, 0xff,
    0x00, 0x00, 0xf8, 0xff, 0x00, 0x00, 0xf8, 0xff, 0x00, 0x00, 0xf8, 0xff,
    0x00, 0x00, 0xf8, 0xff, 0x00, 0x00, 0xf8, 0xff, 0x00, 0x00, 0xf8, 0xfb,
    0x00, 0x00, 0xf8, 0x14, 0xf8, 0xfc, 0xf8, 0x00, 0xf8, 0xfc, 0xf8, 0x00,
    0xf8, 0xfc, 0xf8, 0x00, 0xf8, 0xfc, 0xf8, 0x00, 0xf8, 0xfc, 0xf8, 0x00,
    0xf8, 0xfc, 0xf8, 0x00, 0xf8, 0xfc, 0xf8, 0x00, 0xf8, 0xfc, 0xf8, 0x00,
    0xf8, 0xfc, 0xf8, 0x00, 0xf8, 0xfc, 0xf8, 0x00, 0xf8, 0xfc, 0xf8, 0x00,
    0xf8, 0xfc, 0xf8, 0x00, 0xf8, 0xfc, 0xf8, 0x00, 0xf8, 0xfc, 0xf8, 0x00,
    0xf8, 0xfc, 0xf8, 0x00, 0xf8, 0xfc, 0xf8, 0x00, 0xf8, 0xfc, 0xf8, 0x00,
    0xf8, 0xfc, 0xf8, 0x00, 0xf8, 0xfc, 0xf8, 0x00, 0xf8, 0xfc, 0xf8, 0x00,
    0xf8, 0xfc, 0xf8, 0x00, 0xf8, 0xfc, 0xf8, 0x00, 0xf8, 0xfc, 0xf8, 0x00,
    0xf8, 0xfc, 0xf8, 0x00, 0xf8, 0xfc, 0xf8, 0x00, 0xf8, 0xfc, 0xf8, 0x00,
    0xf8, 0xfc, 0xf8, 0x00, 0xf8, 0xfc, 0xf8, 0x00, 0xf8, 0xfc, 0xf8, 0x00,
    0xf8, 0xfc, 0xf8, 0x00, 0xf8, 0xfc, 0xf8, 0x00, 0xf8, 0xfc, 0xf8, 0x00,
    0xf8, 0xfc, 0xf8, 0x00, 0xf8, 0xfc, 0xf8, 0x00, 0xf8, 0xfc, 0xf8, 0x00,
    0xf8, 0xfc, 0xf8, 0x00, 0xf8, 0xfc, 0xf8, 0x00, 0xf8, 0xfc, 0xf8, 0x00,
    0xf8, 0xfc, 0xf8, 0x00, 0xf8, 0xfc, 0xf8, 0x00, 0xf8, 0xfc, 0xf8, 0x00,
    0xf8, 0xfc, 0xf8, 0x00, 0xf8, 0xfc, 0xf8, 0x00, 0xf8, 0xfc, 0xf8, 0x00,
    0xf8, 0xfc, 0xf8, 0x00, 0xf8, 0xfc, 0xf8, 0x00, 0xf8, 0xfc, 0xf8, 0x00,
    0xf8, 0xfc, 0xf8, 0x00, 0xf8, 0xfc, 0xf8, 0x00, 0xf8, 0xfc, 0xf8, 0x00,
    0xf8, 0xfc, 0xf8, 0x00, 0xf8, 0xfc, 0xf8, 0x00, 0xf8, 0xfc, 0xf8, 0x00,
    0xf8, 0xfc, 0xf8, 0x00, 0xf8, 0xfc, 0xf8, 0x00, 0xf8, 0xfc, 0xf8, 0x00,
    0x00, 0x00, 0xf8, 0x75, 0x00, 0x00, 0xf8, 0xff, 0x00, 0x00, 0xf8, 0xff,
    0x00, 0x00, 0xf8, 0xff, 0x00, 0x00, 0xf8, 0xff, 0x00, 0x00, 0xf8, 0xff,
    0x00, 0x00, 0xf8, 0xff, 0x00, 0x00, 0xf8, 0xff, 0x00, 0x00, 0xf8, 0xff,
    0x00, 0x00, 0xf8, 0xff, 0x00, 0x00, 0xf8, 0xff, 0x00, 0x00, 0xf8, 0xff,
    0x00, 0x00, 0xf8, 0xff, 0x00, 0x00, 0xf8, 0xff, 0x00, 0x00, 0xf8, 0xff,
    0x00, 0x00, 0xf8, 0xff, 0x00, 0x00, 0xf8, 0xff, 0x00, 0x00, 0xf8, 0xff,
    0x00, 0x00, 0xf8, 0xff, 0x00, 0x00, 0xf8, 0xff, 0x00, 0x00, 0xf8, 0xff,
    0x00, 0x00, 0xf8, 0xff, 0x00, 0x00, 0xf8, 0xff, 0x00, 0x00, 0xf8, 0xff,
    0x00, 0x00, 0xf8, 0xff, 0x00, 0x00, 0xf8, 0xff, 0x00, 0x00, 0xf8, 0xff,
    0x00, 0x00, 0xf8, 0xff, 0x00, 0x00, 0xf8, 0xff, 0x00, 0x00, 0xf8, 0xff,
    0x00, 0x00, 0xf8, 0xff, 0x00, 0x00, 0xf8, 0xff, 0x00, 0x00, 0xf8, 0xff,
    0x00, 0x00, 0xf8, 0xff, 0x00, 0x00, 0xf8, 0xff, 0x00, 0x00, 0xf8, 0xff,
    0x00, 0x00, 0xf8, 0xff, 0x00, 0x00, 0xf8, 0xff, 0x00, 0x00, 0xf8, 0xff,
    0x00, 0x00, 0xf8, 0xff, 0x00, 0x00, 0xf8, 0xff, 0x00, 0x00, 0xf8, 0xff,
    0x00, 0x00, 0xf8, 0xff, 0x00, 0x00, 0xf8, 0xff, 0x00, 0x00, 0xf8, 0xff,
    0x00, 0x00, 0xf8, 0xff, 0x00, 0x00, 0xf8, 0xff, 0x00, 0x00, 0xf8, 0xff,
    0x00, 0x00, 0xf8, 0xff, 0x00, 0x00, 0xf8, 0xff, 0x00, 0x00, 0xf8, 0xff,
    0x00, 0x00, 0xf8, 0xff, 0x00, 0x00, 0xf8, 0xff, 0x00, 0x00, 0xf8, 0xff,
    0x00, 0x00, 0xf8, 0xff, 0x00, 0x00, 0xf8, 0xff, 0x00, 0x00, 0xf8, 0xff,
    0x00, 0x00, 0xf8, 0xff, 0x00, 0x00, 0xf8, 0xff, 0x00, 0x00, 0xf8, 0xff,
    0x00, 0x00, 0xf8, 0xff, 0x00, 0x00, 0xf8, 0xff, 0x00, 0x00, 0xf8, 0xff,
    0x00, 0x00, 0xf8, 0xff, 0x00, 0x00, 0xf8, 0xff, 0x00, 0x00, 0xf8, 0xff,
    0x00, 0x00, 0xf8, 0xff, 0x00, 0x00, 0xf8, 0xff, 0x00, 0x00, 0xf8, 0xff,
    0x00, 0x00, 0xf8, 0xff, 0x00, 0x00, 0xf8, 0xff, 0x00, 0x00, 0xf8, 0xff,
    0x00, 0x00, 0xf8, 0xff, 0x00, 0x00, 0xf8, 0xff, 0x00, 0x00, 0xf8, 0xff,
    0x00, 0x00, 0xf8, 0xff, 0x00, 0x00, 0xf8, 0xff, 0x00, 0x00, 0xf8, 0xff,
    0x00, 0x00, 0xf8, 0xff, 0x00, 0x00, 0xf8, 0xff, 0x00, 0x00, 0xf8, 0xff,
    0x00, 0x00, 0xf8, 0xff, 0x00, 0x00, 0xf8, 0xff, 0x00, 0x00, 0xf8, 0xff,
    0x00, 0x00, 0xf8, 0xff, 0x00, 0x00, 0xf8, 0xff, 0x00, 0x00, 0xf8, 0xff,
    0x00, 0x00, 0xf8, 0xff, 0x00, 0x00, 0xf8, 0xff, 0x00, 0x00, 0xf8, 0xff,
    0x00, 0x00, 0xf8, 0xff, 0x00, 0x00, 0xf8, 0xff, 0x00, 0x00, 0xf8, 0xff,
    0x00, 0x00, 0xf8, 0xff, 0x00, 0x00, 0xf8, 0xff, 0x00, 0x00, 0xf8, 0xff,
    0x00, 0x00, 0xf8, 0xfb, 0x00, 0x00, 0xf8, 0x75, 0xf8, 0xfc, 0xf8, 0x00,
    0xf8, 0xfc, 0xf8, 0x00, 0xf8, 0xfc, 0xf8, 0x00, 0xf8, 0xfc, 0xf8, 0x00,
    0xf8, 0xfc, 0xf8, 0x00, 0xf8, 0xfc, 0xf8, 0x00, 0xf8, 0xfc, 0xf8, 0x00,
    0xf8, 0xfc, 0xf8, 0x00, 0xf8, 0xfc, 0xf8, 0x00, 0xf8, 0xfc, 0xf8, 0x00,
    0xf8, 0xfc, 0xf8, 0x00, 0xf8, 0xfc, 0xf8, 0x00, 0xf8, 0xfc, 0xf8, 0x00,
    0xf8, 0xfc, 0xf8, 0x00, 0xf8, 0xfc, 0xf8, 0x00, 0xf8, 0xfc, 0xf8, 0x00,
    0xf8, 0xfc, 0xf8, 0x00, 0xf8, 0xfc, 0xf8, 0x00, 0xf8, 0xfc, 0xf8, 0x00,
    0xf8, 0xfc, 0xf8, 0x00, 0xf8, 0xfc, 0xf8, 0x00, 0xf8, 0xfc, 0xf8, 0x00,
    0xf8, 0xfc, 0xf8, 0x00, 0xf8, 0xfc, 0xf8, 0x00, 0xf8, 0xfc, 0xf8, 0x00,
    0xf8, 0xfc, 0xf8, 0x00, 0xf8, 0xfc, 0xf8, 0x00, 0xf8, 0xfc, 0xf8, 0x00,
    0xf8, 0xfc, 0xf8, 0x00, 0xf8, 0xfc, 0xf8, 0x00, 0xf8, 0xfc, 0xf8, 0x00,
    0xf8, 0xfc, 0xf8, 0x00, 0xf8, 0xfc, 0xf8, 0x00, 0xf8, 0xfc, 0xf8, 0x00,
    0xf8, 0xfc, 0xf8, 0x00, 0xf8, 0xfc, 0xf8, 0x00, 0xf8, 0xfc, 0xf8, 0x00,
    0xf8, 0xfc, 0xf8, 0x00, 0xf8, 0xfc, 0xf8, 0x00, 0xf8, 0xfc, 0xf8, 0x00,
    0xf8, 0xfc, 0xf8, 0x00, 0xf8, 0xfc, 0xf8, 0x00, 0xf8, 0xfc, 0xf8, 0x00,
    0xf8, 0xfc, 0xf8, 0x00, 0xf8, 0xfc, 0xf8, 0x00, 0xf8, 0xfc, 0xf8, 0x00,
    0xf8, 0xfc, 0xf8, 0x00, 0xf8, 0xfc, 0xf8, 0x00, 0xf8, 0xfc, 0xf8, 0x00,
    0xf8, 0xfc, 0xf8, 0x00, 0xf8, 0xfc, 0xf8, 0x00, 0xf8, 0xfc, 0xf8, 0x00,
    0xf8, 0xfc, 0xf8, 0x00, 0xf8, 0xfc, 0xf8, 0x00, 0xf8, 0xfc, 0xf8, 0x00,
    0xf8, 0xfc, 0xf8, 0x00, 0x00, 0x00, 0xf8, 0xcb, 0x00, 0x00, 0xf8, 0xff,
    0x00, 0x00, 0xf8, 0xff, 0x00, 0x00, 0xf8, 0xff, 0x00, 0x00, 0xf8, 0xff,
    0x00, 0x00, 0xf8, 0xff, 0x00, 0x00, 0xf8, 0xff, 0x00, 0x00, 0xf8, 0xff,
    0x00, 0x00, 0xf8, 0xff, 0x00, 0x00, 0xf8, 0xff, 0x00, 0x00, 0xf8, 0xff,
    0x00, 0x00, 0xf8, 0xff, 0x00, 0x00, 0xf8, 0xff, 0x00, 0x00, 0xf8, 0xff,
    0x00, 0x00, 0xf8, 0xff, 0x00, 0x00, 0xf8, 0xff, 0x00, 0x00, 0xf8, 0xff,
    0x00, 0x00, 0xf8, 0xff, 0x00, 0x00, 0xf8, 0xff, 0x00, 0x00, 0xf8, 0xff,
    0x00, 0x00, 0xf8, 0xff, 0x00, 0x00, 0xf8, 0xff, 0x00, 0x00, 0xf8, 0xff,
    0x00, 0x00, 0xf8, 0xff, 0x00, 0x00, 0xf8, 0xff, 0x00, 0x00, 0xf8, 0xff,
    0x00, 0x00, 0xf8, 0xff, 0x00, 0x00, 0xf8, 0xff, 0x00, 0x00, 0xf8, 0xff,
    0x00, 0x00, 0xf8, 0xff, 0x00, 0x00, 0xf8, 0xff, 0x00, 0x00, 0xf8, 0xff,
    0x00, 0x00, 0xf8, 0xff, 0x00, 0x00, 0xf8, 0xff, 0x00, 0x00, 0xf8, 0xff,
    0x00, 0x00, 0xf8, 0xff, 0x00, 0x00, 0xf8, 0xff, 0x00, 0x00, 0xf8, 0xff,
    0x00, 0x00, 0xf8, 0xff, 0x00, 0x00, 0xf8, 0xff, 0x00, 0x00, 0xf8, 0xff,
    0x00, 0x00, 0xf8, 0xff, 0x00, 0x00, 0xf8, 0xff, 0x00, 0x00, 0xf8, 0xff,
    0x00, 0x00, 0xf8, 0xff, 0x00, 0x00, 0xf8, 0xff, 0x00, 0x00, 0xf8, 0xff,
    0x00, 0x00, 0xf8, 0xff, 0x00, 0x00, 0xf8, 0xff, 0x00, 0x00, 0xf8, 0xff,
    0x00, 0x00, 0xf8, 0xff, 0x00, 0x00, 0xf8, 0xff, 0x00, 0x00, 0xf8, 0xff,
    0x00, 0x00, 0xf8, 0xff, 0x00, 0x00, 0xf8, 0xff, 0x00, 0x00, 0xf8, 0xff,
    0x00, 0x00, 0xf8, 0xff, 0x00, 0x00, 0xf8, 0xff, 0x00, 0x00, 0xf8, 0xff,
    0x00, 0x00, 0xf8, 0xff, 0x00, 0x00, 0xf8, 0xff, 0x00, 0x00, 0xf8, 0xff,
    0x00, 0x00, 0xf8, 0xff, 0x00, 0x00, 0xf8, 0xff, 0x00, 0x00, 0xf8, 0xff,
    0x00, 0x00, 0xf8, 0xff, 0x00, 0x00, 0xf8, 0xff, 0x00, 0x00, 0xf8, 0xff,
    0x00, 0x00, 0xf8, 0xff, 0x00, 0x00, 0xf8, 0xff, 0x00, 0x00, 0xf8, 0xff,
    0x00, 0x00, 0xf8, 0xff, 0x00, 0x00, 0xf8, 0xff, 0x00, 0x00, 0xf8, 0xff,
    0x00, 0x00, 0xf8, 0xff, 0x00, 0x00, 0xf8, 0xff, 0x00, 0x00, 0xf8, 0xff,
    0x00, 0x00, 0xf8, 0xff, 0x00, 0x00, 0xf8, 0xff, 0x00, 0x00, 0xf8, 0xff,
    0x00, 0x00, 0xf8, 0xff, 0x00, 0x00, 0xf8, 0xff, 0x00, 0x00, 0xf8, 0xff,
    0x00, 0x00, 0xf8, 0xff, 0x00, 0x00, 0xf8, 0xff, 0x00, 0x00, 0xf8, 0xff,
    0x00, 0x00, 0xf8, 0xff, 0x00, 0x00, 0xf8, 0xff, 0x00, 0x00, 0xf8, 0xff,
    0x00, 0x00, 0xf8, 0xff, 0x00, 0x00, 0xf8, 0xff, 0x00, 0x00, 0xf8, 0xff,
    0x00, 0x00, 0xf8, 0xff, 0x00, 0x00, 0xf8, 0xff, 0x00, 0x00, 0xf8, 0xff,
    0x00, 0x00, 0xf8, 0xff, 0x00, 0x00, 0xf8, 0xff, 0x00, 0x00, 0xf8, 0xcb,
    0xf8, 0xfc, 0xf8, 0x00, 0xf8, 0xfc, 0xf8, 0x00, 0xf8, 0xfc, 0xf8, 0x00,
    0xf8, 0xfc, 0xf8, 0x00, 0xf8, 0xfc, 0xf8, 0x00, 0xf8, 0xfc, 0xf8, 0x00,
    0xf8, 0xfc, 0xf8, 0x00, 0xf8, 0xfc, 0xf8, 0x00, 0xf8, 0xfc, 0xf8, 0x00,
    0xf8, 0xfc, 0xf8, 0x00, 0xf8, 0xfc, 0xf8, 0x00, 0xf8, 0xfc, 0xf8, 0x00,
    0xf8, 0xfc, 0xf8, 0x00, 0xf8, 0xfc, 0xf8, 0x00, 0xf8, 0xfc, 0xf8, 0x00,
    0xf8, 0xfc, 0xf8, 0x00, 0xf8, 0xfc, 0xf8, 0x00, 0xf8, 0xfc, 0xf8, 0x00,
    0xf8, 0xfc, 0xf8, 0x00, 0xf8, 0xfc, 0xf8, 0x00, 0xf8, 0xfc, 0xf8, 0x00,
    0xf8, 0xfc, 0xf8, 0x00, 0xf8, 0xfc, 0xf8, 0x00, 0xf8, 0xfc, 0xf8, 0x00,
    0xf8, 0xfc, 0xf8, 0x00, 0xf8, 0xfc, 0xf8, 0x00, 0xf8, 0xfc, 0xf8, 0x00,
    0xf8, 0xfc, 0xf8, 0x00, 0xf8, 0xfc, 0xf8, 0x00, 0xf8, 0xfc, 0xf8, 0x00,
    0xf8, 0xfc, 0xf8, 0x00, 0xf8, 0xfc, 0xf8, 0x00, 0xf8, 0xfc, 0xf8, 0x00,
    0xf8, 0xfc, 0xf8, 0x00, 0xf8, 0xfc, 0xf8, 0x00, 0xf8, 0xfc, 0xf8, 0x00,
    0xf8, 0xfc, 0xf8, 0x00, 0xf8, 0xfc, 0xf8, 0x00, 0xf8, 0xfc, 0xf8, 0x00,
    0xf8, 0xfc, 0xf8, 0x00, 0xf8, 0xfc, 0xf8, 0x00, 0xf8, 0xfc, 0xf8, 0x00,
    0xf8, 0xfc, 0xf8, 0x00, 0xf8, 0xfc, 0xf8, 0x00, 0xf8, 0xfc, 0xf8, 0x00,
    0xf8, 0xfc, 0xf8, 0x00, 0xf8, 0xfc, 0xf8, 0x00, 0xf8, 0xfc, 0xf8, 0x00,
    0xf8, 0xfc, 0xf8, 0x00, 0xf8, 0xfc, 0xf8, 0x00, 0xf8, 0xfc, 0xf8, 0x00,
    0xf8, 0xfc, 0xf8, 0x00, 0xf8, 0xfc, 0xf8, 0x00, 0xf8, 0xfc, 0xf8, 0x00,
    0xf8, 0xfc, 0xf8, 0x00, 0x00, 0x00, 0xf8, 0x18, 0x00, 0x00, 0xf8, 0xff,
    0x00, 0x00, 0xf8, 0xff, 0x00, 0x00, 0xf8, 0xff, 0x00, 0x00, 0xf8, 0xff,
    0x00, 0x00, 0xf8, 0xff, 0x00, 0x00, 0xf8, 0xff, 0x00, 0x00, 0xf8, 0xff,
    0x00, 0x00, 0xf8, 0xff, 0x00, 0x00, 0xf8, 0xff, 0x00, 0x00, 0xf8, 0xff,
    0x00, 0x00, 0xf8, 0xff, 0x00, 0x00, 0xf8, 0xff, 0x00, 0x00, 0xf8, 0xff,
    0x00, 0x00, 0xf8, 0xff, 0x00, 0x00, 0xf8, 0xff, 0x00, 0x00, 0xf8, 0xff,
    0x00, 0x00, 0xf8, 0xff, 0x00, 0x00, 0xf8, 0xff, 0x00, 0x00, 0xf8, 0xff,
    0x00, 0x00, 0xf8, 0xff, 0x00, 0x00, 0xf8, 0xff, 0x00, 0x00, 0xf8, 0xff,
    0x00, 0x00, 0xf8, 0xff, 0x00, 0x00, 0xf8, 0xff, 0x00, 0x00, 0xf8, 0xff,
    0x00, 0x00, 0xf8, 0xff, 0x00, 0x00, 0xf8, 0xff, 0x00, 0x00, 0xf8, 0xff,
    0x00, 0x00, 0xf8, 0xff, 0x00, 0x00, 0xf8, 0xff, 0x00, 0x00, 0xf8, 0xff,
    0x00, 0x00, 0xf8, 0xff, 0x00, 0x00, 0xf8, 0xff, 0x00, 0x00, 0xf8, 0xff,
    0x00, 0x00, 0xf8, 0xff, 0x00, 0x00, 0xf8, 0xff, 0x00, 0x00, 0xf8, 0xff,
    0x00, 0x00, 0xf8, 0xff, 0x00, 0x00, 0xf8, 0xff, 0x00, 0x00, 0xf8, 0xff,
    0x00, 0x00, 0xf8, 0xff, 0x00, 0x00, 0xf8, 0xff, 0x00, 0x00, 0xf8, 0xff,
    0x00, 0x00, 0xf8, 0xff, 0x00, 0x00, 0xf8, 0xff, 0x00, 0x00, 0xf8, 0xff,
    0x00, 0x00, 0xf8, 0xff, 0x00, 0x00, 0xf8, 0xff, 0x00, 0x00, 0xf8, 0xff,
    0x00, 0x00, 0xf8, 0xff, 0x00, 0x00, 0xf8, 0xff, 0x00, 0x00, 0xf8, 0xff,
    0x00, 0x00, 0xf8, 0xff, 0x00, 0x00, 0xf8, 0xff, 0x00, 0x00, 0xf8, 0xff,
    0x00, 0x00, 0xf8, 0xff, 0x00, 0x00, 0xf8, 0xff, 0x00, 0x00, 0xf8, 0xff,
    0x00, 0x00, 0xf8, 0xff, 0x00, 0x00, 0xf8, 0xff, 0x00, 0x00, 0xf8, 0xff,
    0x00, 0x00, 0xf8, 0xff, 0x00, 0x00, 0xf8, 0xff, 0x00, 0x00, 0xf8, 0xff,
    0x00, 0x00, 0xf8, 0xff, 0x00, 0x00, 0xf8, 0xff, 0x00, 0x00, 0xf8, 0xff,
    0x00, 0x00, 0xf8, 0xff, 0x00, 0x00, 0xf8, 0xff, 0x00, 0x00, 0xf8, 0xff,
    0x00, 0x00, 0xf8, 0xff, 0x00, 0x00, 0xf8, 0xff, 0x00, 0x00, 0xf8, 0xff,
    0x00, 0x00, 0xf8, 0xff, 0x00, 0x00, 0xf8, 0xff, 0x00, 0x00, 0xf8, 0xff,
    0x00, 0x00, 0xf8, 0xff, 0x00, 0x00, 0xf8, 0xff, 0x00, 0x00, 0xf8, 0xff,
    0x00, 0x00, 0xf8, 0xff, 0x00, 0x00, 0xf8, 0xff, 0x00, 0x00, 0xf8, 0xff,
    0x00, 0x00, 0xf8, 0xff, 0x00, 0x00, 0xf8, 0xff, 0x00, 0x00, 0xf8, 0xff,
    0x00, 0x00, 0xf8, 0xff, 0x00, 0x00, 0xf8, 0xff, 0x00, 0x00, 0xf8, 0xff,
    0x00, 0x00, 0xf8, 0xff, 0x00, 0x00, 0xf8, 0xff, 0x00, 0x00, 0xf8, 0xff,
    0x00, 0x00, 0xf8, 0xff, 0x00, 0x00, 0xf8, 0xff, 0x00, 0x00, 0xf8, 0xff,
    0x00, 0x00, 0xf8, 0xff, 0x00, 0x00, 0xf8, 0xff, 0x00, 0x00, 0xf8, 0xff,
    0x00, 0x00, 0xf8, 0xff, 0x00, 0x00, 0xf8, 0x18, 0xf8, 0xfc, 0xf8, 0x00,
    0xf8, 0xfc, 0xf8, 0x00, 0xf8, 0xfc, 0xf8, 0x00, 0xf8, 0xfc, 0xf8, 0x00,
    0xf8, 0xfc, 0xf8, 0x00, 0xf8, 0xfc, 0xf8, 0x00, 0xf8, 0xfc, 0xf8, 0x00,
    0xf8, 0xfc, 0xf8, 0x00, 0xf8, 0xfc, 0xf8, 0x00, 0xf8, 0xfc, 0xf8, 0x00,
    0xf8, 0xfc, 0xf8, 0x00, 0xf8, 0xfc, 0xf8, 0x00, 0xf8, 0xfc, 0xf8, 0x00,
    0xf8, 0xfc, 0xf8, 0x00, 0xf8, 0xfc, 0xf8, 0x00, 0xf8, 0xfc, 0xf8, 0x00,
    0xf8, 0xfc, 0xf8, 0x00, 0xf8, 0xfc, 0xf8, 0x00, 0xf8, 0xfc, 0xf8, 0x00,
    0xf8, 0xfc, 0xf8, 0x00, 0xf8, 0xfc, 0xf8, 0x00, 0xf8, 0xfc, 0xf8, 0x00,
    0xf8, 0xfc, 0xf8, 0x00, 0xf8, 0xfc, 0xf8, 0x00, 0xf8, 0xfc, 0xf8, 0x00,
    0xf8, 0xfc, 0xf8, 0x00, 0xf8, 0xfc, 0xf8, 0x00, 0xf8, 0xfc, 0xf8, 0x00,
    0xf8, 0xfc, 0xf8, 0x00, 0xf8, 0xfc, 0xf8, 0x00, 0xf8, 0xfc, 0xf8, 0x00,
    0xf8, 0xfc, 0xf8, 0x00, 0xf8, 0xfc, 0xf8, 0x00, 0xf8, 0xfc, 0xf8, 0x00,
    0xf8, 0xfc, 0xf8, 0x00, 0xf8, 0xfc, 0xf8, 0x00, 0xf8, 0xfc, 0xf8, 0x00,
    0xf8, 0xfc, 0xf8, 0x00, 0xf8, 0xfc, 0xf8, 0x00, 0xf8, 0xfc, 0xf8, 0x00,
    0xf8, 0xfc, 0xf8, 0x00, 0xf8, 0xfc, 0xf8, 0x00, 0xf8, 0xfc, 0xf8, 0x00,
    0xf8, 0xfc, 0xf8, 0x00, 0xf8, 0xfc, 0xf8, 0x00, 0xf8, 0xfc, 0xf8, 0x00,
    0xf8, 0xfc, 0xf8, 0x00, 0xf8, 0xfc, 0xf8, 0x00, 0xf8, 0xfc, 0xf8, 0x00,
    0xf8, 0xfc, 0xf8, 0x00, 0xf8, 0xfc, 0xf8, 0x00, 0xf8, 0xfc, 0xf8, 0x00,
    0xf8, 0xfc, 0xf8, 0x00, 0xf8, 0xfc, 0xf8, 0x00, 0x00, 0x00, 0xf8, 0x65,
    0x00, 0x00, 0xf8, 0xff, 0x00, 0x00, 0xf8, 0xff, 0x00, 0x00, 0xf8, 0xff,
    0x00, 0x00, 0xf8, 0xff, 0x00, 0x00, 0xf8, 0xff, 0x00, 0x00, 0xf8, 0xff,
    0x00, 0x00, 0xf8, 0xff, 0x00, 0x00, 0xf8, 0xff, 0x00, 0x00, 0xf8, 0xff,
    0x00, 0x00, 0xf8, 0xff, 0x00, 0x00, 0xf8, 0xff, 0x00, 0x00, 0xf8, 0xff,
    0x00, 0x00, 0xf8, 0xff, 0x00, 0x00, 0xf8, 0xff, 0x00, 0x00, 0xf8, 0xff,
    0x00, 0x00, 0xf8, 0xff, 0x00, 0x00, 0xf8, 0xff, 0x00, 0x00, 0xf8, 0xff,
    0x00, 0x00, 0xf8, 0xff, 0x00, 0x00, 0xf8, 0xff, 0x00, 0x00, 0xf8, 0xff,
    0x00, 0x00, 0xf8, 0xff, 0x00, 0x00, 0xf8, 0xff, 0x00, 0x00, 0xf8, 0xff,
    0x00, 0x00, 0xf8, 0xff, 0x00, 0x00, 0xf8, 0xff, 0x00, 0x00, 0xf8, 0xff,
    0x00, 0x00, 0xf8, 0xff, 0x00, 0x00, 0xf8, 0xff, 0x00, 0x00, 0xf8, 0xff,
    0x00, 0x00, 0xf8, 0xff, 0x00, 0x00, 0xf8, 0xff, 0x00, 0x00, 0xf8, 0xff,
    0x00, 0x00, 0xf8, 0xff, 0x00, 0x00, 0xf8, 0xff, 0x00, 0x00, 0xf8, 0xff,
    0x00, 0x00, 0xf8, 0xff, 0x00, 0x00, 0xf8, 0xff, 0x00, 0x00, 0xf8, 0xff,
    0x00, 0x00, 0xf8, 0xff, 0x00, 0x00, 0xf8, 0xff, 0x00, 0x00, 0xf8, 0xff,
    0x00, 0x00, 0xf8, 0xff, 0x00, 0x00, 0xf8, 0xff, 0x00, 0x00, 0xf8, 0xff,
    0x00, 0x00, 0xf8, 0xff, 0x00, 0x00, 0xf8, 0xff, 0x00, 0x00, 0xf8, 0xff,
    0x00, 0x00, 0xf8, 0xff, 0x00, 0x00, 0xf8, 0xff, 0x00, 0x00, 0xf8, 0xff,
    0x00, 0x00, 0xf8, 0xff, 0x00, 0x00, 0xf8, 0xff, 0x00, 0x00, 0xf8, 0xff,
    0x00, 0x00, 0xf8, 0xff, 0x00, 0x00, 0xf8, 0xff, 0x00, 0x00, 0xf8, 0xff,
    0x00, 0x00, 0xf8, 0xff, 0x00, 0x00, 0xf8, 0xff, 0x00, 0x00, 0xf8, 0xff,
    0x00, 0x00, 0xf8, 0xff, 0x00, 0x00, 0xf8, 0xff, 0x00, 0x00, 0xf8, 0xff,
    0x00, 0x00, 0xf8, 0xff, 0x00, 0x00, 0xf8, 0xff, 0x00, 0x00, 0xf8, 0xff,
    0x00, 0x00, 0xf8, 0xff, 0x00, 0x00, 0xf8, 0xff, 0x00, 0x00, 0xf8, 0xff,
    0x00, 0x00, 0xf8, 0xff, 0x00, 0x00, 0xf8, 0xff, 0x00, 0x00, 0xf8, 0xff,
    0x00, 0x00, 0xf8, 0xff, 0x00, 0x00, 0xf8, 0xff, 0x00, 0x00, 0xf8, 0xff,
    0x00, 0x00, 0xf8, 0xff, 0x00, 0x00, 0xf8, 0xff, 0x00, 0x00, 0xf8, 0xff,
    0x00, 0x00, 0xf8, 0xff, 0x00, 0x00, 0xf8, 0xff, 0x00, 0x00, 0xf8, 0xff,
    0x00, 0x00, 0xf8, 0xff, 0x00, 0x00, 0xf8, 0xff, 0x00, 0x00, 0xf8, 0xff,
    0x00, 0x00, 0xf8, 0xff, 0x00, 0x00, 0xf8, 0xff, 0x00, 0x00, 0xf8, 0xff,
    0x00, 0x00, 0xf8, 0xff, 0x00, 0x00, 0xf8, 0xff, 0x00, 0x00, 0xf8, 0xff,
    0x00, 0x00, 0xf8, 0xff, 0x00, 0x00, 0xf8, 0xff, 0x00, 0x00, 0xf8, 0xff,
    0x00, 0x00, 0xf8, 0xff, 0x00, 0x00, 0xf8, 0xff, 0x00, 0x00, 0xf8, 0xff,
    0x00, 0x00, 0xf8, 0xff, 0x00, 0x00, 0xf8, 0xff, 0x00, 0x00, 0xf8, 0x65,
    0xf8, 0xfc, 0xf8, 0x00, 0xf8, 0xfc, 0xf8, 0x00, 0xf8, 0xfc, 0xf8, 0x00,
    0xf8, 0xfc, 0xf8, 0x00, 0xf8, 0xfc, 0xf8, 0x00, 0xf8, 0xfc, 0xf8, 0x00,
    0xf8, 0xfc, 0xf8, 0x00, 0xf8, 0xfc, 0xf8, 0x00, 0xf8, 0xfc, 0xf8, 0x00,
    0xf8, 0xfc, 0xf8, 0x00, 0xf8, 0xfc, 0xf8, 0x00, 0xf8, 0xfc, 0xf8, 0x00,
    0xf8, 0xfc, 0xf8, 0x00, 0xf8, 0xfc, 0xf8, 0x00, 0xf8, 0xfc, 0xf8, 0x00,
    0xf8, 0xfc, 0xf8, 0x00, 0xf8, 0xfc, 0xf8, 0x00, 0xf8, 0xfc, 0xf8, 0x00,
    0xf8, 0xfc, 0xf8, 0x00, 0xf8, 0xfc, 0xf8, 0x00, 0xf8, 0xfc, 0xf8, 0x00,
    0xf8, 0xfc, 0xf8, 0x00, 0xf8, 0xfc, 0xf8, 0x00, 0xf8, 0xfc, 0xf8, 0x00,
    0xf8, 0xfc, 0xf8, 0x00, 0xf8, 0xfc, 0xf8, 0x00, 0xf8, 0xfc, 0xf8, 0x00,
    0xf8, 0xfc, 0xf8, 0x00, 0xf8, 0xfc, 0xf8, 0x00, 0xf8, 0xfc, 0xf8, 0x00,
    0xf8, 0xfc, 0xf8, 0x00, 0xf8, 0xfc, 0xf8, 0x00, 0xf8, 0xfc, 0xf8, 0x00,
    0xf8, 0xfc, 0xf8, 0x00, 0xf8, 0xfc, 0xf8, 0x00, 0xf8, 0xfc, 0xf8, 0x00,
    0xf8, 0xfc, 0xf8, 0x00, 0xf8, 0xfc, 0xf8, 0x00, 0xf8, 0xfc, 0xf8, 0x00,
    0xf8, 0xfc, 0xf8, 0x00, 0xf8, 0xfc, 0xf8, 0x00, 0xf8, 0xfc, 0xf8, 0x00,
    0xf8, 0xfc, 0xf8, 0x00, 0xf8, 0xfc, 0xf8, 0x00, 0xf8, 0xfc, 0xf8, 0x00,
    0xf8, 0xfc, 0xf8, 0x00, 0xf8, 0xfc, 0xf8, 0x00, 0xf8, 0xfc, 0xf8, 0x00,
    0xf8, 0xfc, 0xf8, 0x00, 0xf8, 0xfc, 0xf8, 0x00, 0xf8, 0xfc, 0xf8, 0x00,
    0xf8, 0xfc, 0xf8, 0x00, 0xf8, 0xfc, 0xf8, 0x00, 0xf8, 0xfc, 0xf8, 0x00,
    0x00, 0x00, 0xf8, 0xb2, 0x00, 0x00, 0xf8, 0xfb, 0x00, 0x00, 0xf8, 0xff,
    0x00, 0x00, 0xf8, 0xff, 0x00, 0x00, 0xf8, 0xff, 0x00, 0x00, 0xf8, 0xff,
    0x00, 0x00, 0xf8, 0xff, 0x00, 0x00, 0xf8, 0xff, 0x00, 0x00, 0xf8, 0xff,
    0x00, 0x00, 0xf8, 0xff, 0x00, 0x00, 0xf8, 0xff, 0x00, 0x00, 0xf8, 0xff,
    0x00, 0x00, 0xf8, 0xff, 0x00, 0x00, 0xf8, 0xff, 0x00, 0x00, 0xf8, 0xff,
    0x00, 0x00, 0xf8, 0xff, 0x00, 0x00, 0xf8, 0xff, 0x00, 0x00, 0xf8, 0xff,
    0x00, 0x00, 0xf8, 0xff, 0x00, 0x00, 0xf8, 0xff, 0x00, 0x00, 0xf8, 0xff,
    0x00, 0x00, 0xf8, 0xff, 0x00, 0x00, 0xf8, 0xff, 0x00, 0x00, 0xf8, 0xff,
    0x00, 0x00, 0xf8, 0xff, 0x00, 0x00, 0xf8, 0xff, 0x00, 0x00, 0xf8, 0xff,
    0x00, 0x00, 0xf8, 0xff, 0x00, 0x00, 0xf8, 0xff, 0x00, 0x00, 0xf8, 0xff,
    0x00, 0x00, 0xf8, 0xff, 0x00, 0x00, 0xf8, 0xff, 0x00, 0x00, 0xf8, 0xff,
    0x00, 0x00, 0xf8, 0xff, 0x00, 0x00, 0xf8, 0xff, 0x00, 0x00, 0xf8, 0xff,
    0x00, 0x00, 0xf8, 0xff, 0x00, 0x00, 0xf8, 0xff, 0x00, 0x00, 0xf8, 0xff,
    0x00, 0x00, 0xf8, 0xff, 0x00, 0x00, 0xf8, 0xff, 0x00, 0x00, 0xf8, 0xff,
    0x00, 0x00, 0xf8, 0xff, 0x00, 0x00, 0xf8, 0xff, 0x00, 0x00, 0xf8, 0xff,
    0x00, 0x00, 0xf8, 0xff, 0x00, 0x00, 0xf8, 0xff, 0x00, 0x00, 0xf8, 0xff,
    0x00, 0x00, 0xf8, 0xff, 0x00, 0x00, 0xf8, 0xff, 0x00, 0x00, 0xf8, 0xff,
    0x00, 0x00, 0xf8, 0xff, 0x00, 0x00, 0xf8, 0xff, 0x00, 0x00, 0xf8, 0xff,
    0x00, 0x00, 0xf8, 0xff, 0x00, 0x00, 0xf8, 0xff, 0x00, 0x00, 0xf8, 0xff,
    0x00, 0x00, 0xf8, 0xff, 0x00, 0x00, 0xf8, 0xff, 0x00, 0x00, 0xf8, 0xff,
    0x00, 0x00, 0xf8, 0xff, 0x00, 0x00, 0xf8, 0xff, 0x00, 0x00, 0xf8, 0xff,
    0x00, 0x00, 0xf8, 0xff, 0x00, 0x00, 0xf8, 0xff, 0x00, 0x00, 0xf8, 0xff,
    0x00, 0x00, 0xf8, 0xff, 0x00, 0x00, 0xf8, 0xff, 0x00, 0x00, 0xf8, 0xff,
    0x00, 0x00, 0xf8, 0xff, 0x00, 0x00, 0xf8, 0xff, 0x00, 0x00, 0xf8, 0xff,
    0x00, 0x00, 0xf8, 0xff, 0x00, 0x00, 0xf8, 0xff, 0x00, 0x00, 0xf8, 0xff,
    0x00, 0x00, 0xf8, 0xff, 0x00, 0x00, 0xf8, 0xff, 0x00, 0x00, 0xf8, 0xff,
    0x00, 0x00, 0xf8, 0xff, 0x00, 0x00, 0xf8, 0xff, 0x00, 0x00, 0xf8, 0xff,
    0x00, 0x00, 0xf8, 0xff, 0x00, 0x00, 0xf8, 0xff, 0x00, 0x00, 0xf8, 0xff,
    0x00, 0x00, 0xf8, 0xff, 0x00, 0x00, 0xf8, 0xff, 0x00, 0x00, 0xf8, 0xff,
    0x00, 0x00, 0xf8, 0xff, 0x00, 0x00, 0xf8, 0xff, 0x00, 0x00, 0xf8, 0xff,
    0x00, 0x00, 0xf8, 0xff, 0x00, 0x00, 0xf8, 0xff, 0x00, 0x00, 0xf8, 0xff,
    0x00, 0x00, 0xf8, 0xff, 0x00, 0x00, 0xf8, 0xff, 0x00, 0x00, 0xf8, 0xff,
    0x00, 0x00, 0xf8, 0xff, 0x00, 0x00, 0xf8, 0xff, 0x00, 0x00, 0xf8, 0xfb,
    0x00, 0x00, 0xf8, 0xb2, 0xf8, 0xfc, 0xf8, 0x00, 0xf8, 0xfc, 0xf8, 0x00,
    0xf8, 0xfc, 0xf8, 0x00, 0xf8, 0xfc, 0xf8, 0x00, 0xf8, 0xfc, 0xf8, 0x00,
    0xf8, 0xfc, 0xf8, 0x00, 0xf8, 0xfc, 0xf8, 0x00, 0xf8, 0xfc, 0xf8, 0x00,
    0xf8, 0xfc, 0xf8, 0x00, 0xf8, 0xfc, 0xf8, 0x00, 0xf8, 0xfc, 0xf8, 0x00,
    0xf8, 0xfc, 0xf8, 0x00, 0xf8, 0xfc, 0xf8, 0x00, 0xf8, 0xfc, 0xf8, 0x00,
    0xf8, 0xfc, 0xf8, 0x00, 0xf8, 0xfc, 0xf8, 0x00, 0xf8, 0xfc, 0xf8, 0x00,
    0xf8, 0xfc, 0xf8, 0x00, 0xf8, 0xfc, 0xf8, 0x00, 0xf8, 0xfc, 0xf8, 0x00,
    0xf8, 0xfc, 0xf8, 0x00, 0xf8, 0xfc, 0xf8, 0x00, 0xf8, 0xfc, 0xf8, 0x00,
    0xf8, 0xfc, 0xf8, 0x00, 0xf8, 0xfc, 0xf8, 0x00, 0xf8, 0xfc, 0xf8, 0x00,
    0xf8, 0xfc, 0xf8, 0x00, 0xf8, 0xfc, 0xf8, 0x00, 0xf8, 0xfc, 0xf8, 0x00,
    0xf8, 0xfc, 0xf8, 0x00, 0xf8, 0xfc, 0xf8, 0x00, 0xf8, 0xfc, 0xf8, 0x00,
    0xf8, 0xfc, 0xf8, 0x00, 0xf8, 0xfc, 0xf8, 0x00, 0xf8, 0xfc, 0xf8, 0x00,
    0xf8, 0xfc, 0xf8, 0x00, 0xf8, 0xfc, 0xf8, 0x00, 0xf8, 0xfc, 0xf8, 0x00,
    0xf8, 0xfc, 0xf8, 0x00, 0xf8, 0xfc, 0xf8, 0x00, 0xf8, 0xfc, 0xf8, 0x00,
    0xf8, 0xfc, 0xf8, 0x00, 0xf8, 0xfc, 0xf8, 0x00, 0xf8, 0xfc, 0xf8, 0x00,
    0xf8, 0xfc, 0xf8, 0x00, 0xf8, 0xfc, 0xf8, 0x00, 0xf8, 0xfc, 0xf8, 0x00,
    0xf8, 0xfc, 0xf8, 0x00, 0xf8, 0xfc, 0xf8, 0x00, 0xf8, 0xfc, 0xf8, 0x00,
    0xf8, 0xfc, 0xf8, 0x00, 0xf8, 0xfc, 0xf8, 0x00, 0xf8, 0xfc, 0xf8, 0x00,
    0x00, 0x00, 0xf8, 0x04, 0x00, 0x00, 0xf8, 0xfb, 0x00, 0x00, 0xf8, 0xff,
    0x00, 0x00, 0xf8, 0xff, 0x00, 0x00, 0xf8, 0xff, 0x00, 0x00, 0xf8, 0xff,
    0x00, 0x00, 0xf8, 0xff, 0x00, 0x00, 0xf8, 0xff, 0x00, 0x00, 0xf8, 0xff,
    0x00, 0x00, 0xf8, 0xff, 0x00, 0x00, 0xf8, 0xff, 0x00, 0x00, 0xf8, 0xff,
    0x00, 0x00, 0xf8, 0xff, 0x00, 0x00, 0xf8, 0xff, 0x00, 0x00, 0xf8, 0xff,
    0x00, 0x00, 0xf8, 0xff, 0x00, 0x00, 0xf8, 0xff, 0x00, 0x00, 0xf8, 0xff,
    0x00, 0x00, 0xf8, 0xff, 0x00, 0x00, 0xf8, 0xff, 0x00, 0x00, 0xf8, 0xff,
    0x00, 0x00, 0xf8, 0xff, 0x00, 0x00, 0xf8, 0xff, 0x00, 0x00, 0xf8, 0xff,
    0x00, 0x00, 0xf8, 0xff, 0x00, 0x00, 0xf8, 0xff, 0x00, 0x00, 0xf8, 0xff,
    0x00, 0x00, 0xf8, 0xff, 0x00, 0x00, 0xf8, 0xff, 0x00, 0x00, 0xf8, 0xff,
    0x00, 0x00, 0xf8, 0xff, 0x00, 0x00, 0xf8, 0xff, 0x00, 0x00, 0xf8, 0xff,
    0x00, 0x00, 0xf8, 0xff, 0x00, 0x00, 0xf8, 0xff, 0x00, 0x00, 0xf8, 0xff,
    0x00, 0x00, 0xf8, 0xff, 0x00, 0x00, 0xf8, 0xff, 0x00, 0x00, 0xf8, 0xff,
    0x00, 0x00, 0xf8, 0xff, 0x00, 0x00, 0xf8, 0xff, 0x00, 0x00, 0xf8, 0xff,
    0x00, 0x00, 0xf8, 0xff, 0x00, 0x00, 0xf8, 0xff, 0x00, 0x00, 0xf8, 0xff,
    0x00, 0x00, 0xf8, 0xff, 0x00, 0x00, 0xf8, 0xff, 0x00, 0x00, 0xf8, 0xff,
    0x00, 0x00, 0xf8, 0xff, 0x00, 0x00, 0xf8, 0xff, 0x00, 0x00, 0xf8, 0xff,
    0x00, 0x00, 0xf8, 0xff, 0x00, 0x00, 0xf8, 0xff, 0x00, 0x00, 0xf8, 0xff,
    0x00, 0x00, 0xf8, 0xff, 0x00, 0x00, 0xf8, 0xff, 0x00, 0x00, 0xf8, 0xff,
    0x00, 0x00, 0xf8, 0xff, 0x00, 0x00, 0xf8, 0xff, 0x00, 0x00, 0xf8, 0xff,
    0x00, 0x00, 0xf8, 0xff, 0x00, 0x00, 0xf8, 0xff, 0x00, 0x00, 0xf8, 0xff,
    0x00, 0x00, 0xf8, 0xff, 0x00, 0x00, 0xf8, 0xff, 0x00, 0x00, 0xf8, 0xff,
    0x00, 0x00, 0xf8, 0xff, 0x00, 0x00, 0xf8, 0xff, 0x00, 0x00, 0xf8, 0xff,
    0x00, 0x00, 0xf8, 0xff, 0x00, 0x00, 0xf8, 0xff, 0x00, 0x00, 0xf8, 0xff,
    0x00, 0x00, 0xf8, 0xff, 0x00, 0x00, 0xf8, 0xff, 0x00, 0x00, 0xf8, 0xff,
    0x00, 0x00, 0xf8, 0xff, 0x00, 0x00, 0xf8, 0xff, 0x00, 0x00, 0xf8, 0xff,
    0x00, 0x00, 0xf8, 0xff, 0x00, 0x00, 0xf8, 0xff, 0x00, 0x00, 0xf8, 0xff,
    0x00, 0x00, 0xf8, 0xff, 0x00, 0x00, 0xf8, 0xff, 0x00, 0x00, 0xf8, 0xff,
    0x00, 0x00, 0xf8, 0xff, 0x00, 0x00, 0xf8, 0xff, 0x00, 0x00, 0xf8, 0xff,
    0x00, 0x00, 0xf8, 0xff, 0x00, 0x00, 0xf8, 0xff, 0x00, 0x00, 0xf8, 0xff,
    0x00, 0x00, 0xf8, 0xff, 0x00, 0x00, 0xf8, 0xff, 0x00, 0x00, 0xf8, 0xff,
    0x00, 0x00, 0xf8, 0xff, 0x00, 0x00, 0xf8, 0xff, 0x00, 0x00, 0xf8, 0xff,
    0x00, 0x00, 0xf8, 0xff, 0x00, 0x00, 0xf8, 0xff, 0x00, 0x00, 0xf8, 0xff,
    0x00, 0x00, 0xf8, 0xff, 0x00, 0x00, 0xf8, 0xf7, 0x00, 0x00, 0xf8, 0x04,
    0xf8, 0xfc, 0xf8, 0x00, 0xf8, 0xfc, 0xf8, 0x00, 0xf8, 0xfc, 0xf8, 0x00,
    0xf8, 0xfc, 0xf8, 0x00, 0xf8, 0xfc, 0xf8, 0x00, 0xf8, 0xfc, 0xf8, 0x00,
    0xf8, 0xfc, 0xf8, 0x00, 0xf8, 0xfc, 0xf8, 0x00, 0xf8, 0xfc, 0xf8, 0x00,
    0xf8, 0xfc, 0xf8, 0x00, 0xf8, 0xfc, 0xf8, 0x00, 0xf8, 0xfc, 0xf8, 0x00,
    0xf8, 0xfc, 0xf8, 0x00, 0xf8, 0xfc, 0xf8, 0x00, 0xf8, 0xfc, 0xf8, 0x00,
    0xf8, 0xfc, 0xf8, 0x00, 0xf8, 0xfc, 0xf8, 0x00, 0xf8, 0xfc, 0xf8, 0x00,
    0xf8, 0xfc, 0xf8, 0x00, 0xf8, 0xfc, 0xf8, 0x00, 0xf8, 0xfc, 0xf8, 0x00,
    0xf8, 0xfc, 0xf8, 0x00, 0xf8, 0xfc, 0xf8, 0x00, 0xf8, 0xfc, 0xf8, 0x00,
    0xf8, 0xfc, 0xf8, 0x00, 0xf8, 0xfc, 0xf8, 0x00, 0xf8, 0xfc, 0xf8, 0x00,
    0xf8, 0xfc, 0xf8, 0x00, 0xf8, 0xfc, 0xf8, 0x00, 0xf8, 0xfc, 0xf8, 0x00,
    0xf8, 0xfc, 0xf8, 0x00, 0xf8, 0xfc, 0xf8, 0x00, 0xf8, 0xfc, 0xf8, 0x00,
    0xf8, 0xfc, 0xf8, 0x00, 0xf8, 0xfc, 0xf8, 0x00, 0xf8, 0xfc, 0xf8, 0x00,
    0xf8, 0xfc, 0xf8, 0x00, 0xf8, 0xfc, 0xf8, 0x00, 0xf8, 0xfc, 0xf8, 0x00,
    0xf8, 0xfc, 0xf8, 0x00, 0xf8, 0xfc, 0xf8, 0x00, 0xf8, 0xfc, 0xf8, 0x00,
    0xf8, 0xfc, 0xf8, 0x00, 0xf8, 0xfc, 0xf8, 0x00, 0xf8, 0xfc, 0xf8, 0x00,
    0xf8, 0xfc, 0xf8, 0x00, 0xf8, 0xfc, 0xf8, 0x00, 0xf8, 0xfc, 0xf8, 0x00,
    0xf8, 0xfc, 0xf8, 0x00, 0xf8, 0xfc, 0xf8, 0x00, 0xf8, 0xfc, 0xf8, 0x00,
    0xf8, 0xfc, 0xf8, 0x00, 0x00, 0x00, 0xf8, 0x34, 0x00, 0x00, 0xf8, 0xff,
    0x00, 0x00, 0xf8, 0xff, 0x00, 0x00, 0xf8, 0xff, 0x00, 0x00, 0xf8, 0xff,
    0x00, 0x00, 0xf8, 0xff, 0x00, 0x00, 0xf8, 0xff, 0x00, 0x00, 0xf8, 0xff,
    0x00, 0x00, 0xf8, 0xff, 0x00, 0x00, 0xf8, 0xff, 0x00, 0x00, 0xf8, 0xff,
    0x00, 0x00, 0xf8, 0xff, 0x00, 0x00, 0xf8, 0xff, 0x00, 0x00, 0xf8, 0xff,
    0x00, 0x00, 0xf8, 0xff, 0x00, 0x00, 0xf8, 0xff, 0x00, 0x00, 0xf8, 0xff,
    0x00, 0x00, 0xf8, 0xff, 0x00, 0x00, 0xf8, 0xff, 0x00, 0x00, 0xf8, 0xff,
    0x00, 0x00, 0xf8, 0xff, 0x00, 0x00, 0xf8, 0xff, 0x00, 0x00, 0xf8, 0xff,
    0x00, 0x00, 0xf8, 0xff, 0x00, 0x00, 0xf8, 0xff, 0x00, 0x00, 0xf8, 0xff,
    0x00, 0x00, 0xf8, 0xff, 0x00, 0x00, 0xf8, 0xff, 0x00, 0x00, 0xf8, 0xff,
    0x00, 0x00, 0xf8, 0xff, 0x00, 0x00, 0xf8, 0xff, 0x00, 0x00, 0xf8, 0xff,
    0x00, 0x00, 0xf8, 0xff, 0x00, 0x00, 0xf8, 0xff, 0x00, 0x00, 0xf8, 0xff,
    0x00, 0x00, 0xf8, 0xff, 0x00, 0x00, 0xf8, 0xff, 0x00, 0x00, 0xf8, 0xff,
    0x00, 0x00, 0xf8, 0xff, 0x00, 0x00, 0xf8, 0xff, 0x00, 0x00, 0xf8, 0xff,
    0x00, 0x00, 0xf8, 0xff, 0x00, 0x00, 0xf8, 0xff, 0x00, 0x00, 0xf8, 0xff,
    0x00, 0x00, 0xf8, 0xff, 0x00, 0x00, 0xf8, 0xff, 0x00, 0x00, 0xf8, 0xff,
    0x00, 0x00, 0xf8, 0xff, 0x00, 0x00, 0xf8, 0xff, 0x00, 0x00, 0xf8, 0xff,
    0x00, 0x00, 0xf8, 0xff, 0x00, 0x00, 0xf8, 0xff, 0x00, 0x00, 0xf8, 0xff,
    0x00, 0x00, 0xf8, 0xff, 0x00, 0x00, 0xf8, 0xff, 0x00, 0x00, 0xf8, 0xff,
    0x00, 0x00, 0xf8, 0xff, 0x00, 0x00, 0xf8, 0xff, 0x00, 0x00, 0xf8, 0xff,
    0x00, 0x00, 0xf8, 0xff, 0x00, 0x00, 0xf8, 0xff, 0x00, 0x00, 0xf8, 0xff,
    0x00, 0x00, 0xf8, 0xff, 0x00, 0x00, 0xf8, 0xff, 0x00, 0x00, 0xf8, 0xff,
    0x00, 0x00, 0xf8, 0xff, 0x00, 0x00, 0xf8, 0xff, 0x00, 0x00, 0xf8, 0xff,
    0x00, 0x00, 0xf8, 0xff, 0x00, 0x00, 0xf8, 0xff, 0x00, 0x00, 0xf8, 0xff,
    0x00, 0x00, 0xf8, 0xff, 0x00, 0x00, 0xf8, 0xff, 0x00, 0x00, 0xf8, 0xff,
    0x00, 0x00, 0xf8, 0xff, 0x00, 0x00, 0xf8, 0xff, 0x00, 0x00, 0xf8, 0xff,
    0x00, 0x00, 0xf8, 0xff, 0x00, 0x00, 0xf8, 0xff, 0x00, 0x00, 0xf8, 0xff,
    0x00, 0x00, 0xf8, 0xff, 0x00, 0x00, 0xf8, 0xff, 0x00, 0x00, 0xf8, 0xff,
    0x00, 0x00, 0xf8, 0xff, 0x00, 0x00, 0xf8, 0xff, 0x00, 0x00, 0xf8, 0xff,
    0x00, 0x00, 0xf8, 0xff, 0x00, 0x00, 0xf8, 0xff, 0x00, 0x00, 0xf8, 0xff,
    0x00, 0x00, 0xf8, 0xff, 0x00, 0x00, 0xf8, 0xff, 0x00, 0x00, 0xf8, 0xff,
    0x00, 0x00, 0xf8, 0xff, 0x00, 0x00, 0xf8, 0xff, 0x00, 0x00, 0xf8, 0xff,
    0x00, 0x00, 0xf8, 0xff, 0x00, 0x00, 0xf8, 0xff, 0x00, 0x00, 0xf8, 0xff,
    0x00, 0x00, 0xf8, 0xff, 0x00, 0x00, 0xf8, 0xff, 0x00, 0x00, 0xf8, 0xff,
    0x00, 0x00, 0xf8, 0x30, 0xf8, 0xfc, 0xf8, 0x00, 0xf8, 0xfc, 0xf8, 0x00,
    0xf8, 0xfc, 0xf8, 0x00, 0xf8, 0xfc, 0xf8, 0x00, 0xf8, 0xfc, 0xf8, 0x00,
    0xf8, 0xfc, 0xf8, 0x00, 0xf8, 0xfc, 0xf8, 0x00, 0xf8, 0xfc, 0xf8, 0x00,
    0xf8, 0xfc, 0xf8, 0x00, 0xf8, 0xfc, 0xf8, 0x00, 0xf8, 0xfc, 0xf8, 0x00,
    0xf8, 0xfc, 0xf8, 0x00, 0xf8, 0xfc, 0xf8, 0x00, 0xf8, 0xfc, 0xf8, 0x00,
    0xf8, 0xfc, 0xf8, 0x00, 0xf8, 0xfc, 0xf8, 0x00, 0xf8, 0xfc, 0xf8, 0x00,
    0xf8, 0xfc, 0xf8, 0x00, 0xf8, 0xfc, 0xf8, 0x00, 0xf8, 0xfc, 0xf8, 0x00,
    0xf8, 0xfc, 0xf8, 0x00, 0xf8, 0xfc, 0xf8, 0x00, 0xf8, 0xfc, 0xf8, 0x00,
    0xf8, 0xfc, 0xf8, 0x00, 0xf8, 0xfc, 0xf8, 0x00, 0xf8, 0xfc, 0xf8, 0x00,
    0xf8, 0xfc, 0xf8, 0x00, 0xf8, 0xfc, 0xf8, 0x00, 0xf8, 0xfc, 0xf8, 0x00,
    0xf8, 0xfc, 0xf8, 0x00, 0xf8, 0xfc, 0xf8, 0x00, 0xf8, 0xfc, 0xf8, 0x00,
    0xf8, 0xfc, 0xf8, 0x00, 0xf8, 0xfc, 0xf8, 0x00, 0xf8, 0xfc, 0xf8, 0x00,
    0xf8, 0xfc, 0xf8, 0x00, 0xf8, 0xfc, 0xf8, 0x00, 0xf8, 0xfc, 0xf8, 0x00,
    0xf8, 0xfc, 0xf8, 0x00, 0xf8, 0xfc, 0xf8, 0x00, 0xf8, 0xfc, 0xf8, 0x00,
    0xf8, 0xfc, 0xf8, 0x00, 0xf8, 0xfc, 0xf8, 0x00, 0xf8, 0xfc, 0xf8, 0x00,
    0xf8, 0xfc, 0xf8, 0x00, 0xf8, 0xfc, 0xf8, 0x00, 0xf8, 0xfc, 0xf8, 0x00,
    0xf8, 0xfc, 0xf8, 0x00, 0xf8, 0xfc, 0xf8, 0x00, 0xf8, 0xfc, 0xf8, 0x00,
    0xf8, 0xfc, 0xf8, 0x00, 0xf8, 0xfc, 0xf8, 0x00, 0x00, 0x00, 0xf8, 0x65,
    0x00, 0x00, 0xf8, 0xff, 0x00, 0x00, 0xf8, 0xff, 0x00, 0x00, 0xf8, 0xff,
    0x00, 0x00, 0xf8, 0xff, 0x00, 0x00, 0xf8, 0xff, 0x00, 0x00, 0xf8, 0xff,
    0x00, 0x00, 0xf8, 0xff, 0x00, 0x00, 0xf8, 0xff, 0x00, 0x00, 0xf8, 0xff,
    0x00, 0x00, 0xf8, 0xff, 0x00, 0x00, 0xf8, 0xff, 0x00, 0x00, 0xf8, 0xff,
    0x00, 0x00, 0xf8, 0xff, 0x00, 0x00, 0xf8, 0xff, 0x00, 0x00, 0xf8, 0xff,
    0x00, 0x00, 0xf8, 0xff, 0x00, 0x00, 0xf8, 0xff, 0x00, 0x00, 0xf8, 0xff,
    0x00, 0x00, 0xf8, 0xff, 0x00, 0x00, 0xf8, 0xff, 0x00, 0x00, 0xf8, 0xff,
    0x00, 0x00, 0xf8, 0xff, 0x00, 0x00, 0xf8, 0xff, 0x00, 0x00, 0xf8, 0xff,
    0x00, 0x00, 0xf8, 0xff, 0x00, 0x00, 0xf8, 0xff, 0x00, 0x00, 0xf8, 0xff,
    0x00, 0x00, 0xf8, 0xff, 0x00, 0x00, 0xf8, 0xff, 0x00, 0x00, 0xf8, 0xff,
    0x00, 0x00, 0xf8, 0xff, 0x00, 0x00, 0xf8, 0xff, 0x00, 0x00, 0xf8, 0xff,
    0x00, 0x00, 0xf8, 0xff, 0x00, 0x00, 0xf8, 0xff, 0x00, 0x00, 0xf8, 0xff,
    0x00, 0x00, 0xf8, 0xff, 0x00, 0x00, 0xf8, 0xff, 0x00, 0x00, 0xf8, 0xff,
    0x00, 0x00, 0xf8, 0xff, 0x00, 0x00, 0xf8, 0xff, 0x00, 0x00, 0xf8, 0xff,
    0x00, 0x00, 0xf8, 0xff, 0x00, 0x00, 0xf8, 0xff, 0x00, 0x00, 0xf8, 0xff,
    0x00, 0x00, 0xf8, 0xff, 0x00, 0x00, 0xf8, 0xff, 0x00, 0x00, 0xf8, 0xff,
    0x00, 0x00, 0xf8, 0xff, 0x00, 0x00, 0xf8, 0xff, 0x00, 0x00, 0xf8, 0xff,
    0x00, 0x00, 0xf8, 0xff, 0x00, 0x00, 0xf8, 0xff, 0x00, 0x00, 0xf8, 0xff,
    0x00, 0x00, 0xf8, 0xff, 0x00, 0x00, 0xf8, 0xff, 0x00, 0x00, 0xf8, 0xff,
    0x00, 0x00, 0xf8, 0xff, 0x00, 0x00, 0xf8, 0xff, 0x00, 0x00, 0xf8, 0xff,
    0x00, 0x00, 0xf8, 0xff, 0x00, 0x00, 0xf8, 0xff, 0x00, 0x00, 0xf8, 0xff,
    0x00, 0x00, 0xf8, 0xff, 0x00, 0x00, 0xf8, 0xff, 0x00, 0x00, 0xf8, 0xff,
    0x00, 0x00, 0xf8, 0xff, 0x00, 0x00, 0xf8, 0xff, 0x00, 0x00, 0xf8, 0xff,
    0x00, 0x00, 0xf8, 0xff, 0x00, 0x00, 0xf8, 0xff, 0x00, 0x00, 0xf8, 0xff,
    0x00, 0x00, 0xf8, 0xff, 0x00, 0x00, 0xf8, 0xff, 0x00, 0x00, 0xf8, 0xff,
    0x00, 0x00, 0xf8, 0xff, 0x00, 0x00, 0xf8, 0xff, 0x00, 0x00, 0xf8, 0xff,
    0x00, 0x00, 0xf8, 0xff, 0x00, 0x00, 0xf8, 0xff, 0x00, 0x00, 0xf8, 0xff,
    0x00, 0x00, 0xf8, 0xff, 0x00, 0x00, 0xf8, 0xff, 0x00, 0x00, 0xf8, 0xff,
    0x00, 0x00, 0xf8, 0xff, 0x00, 0x00, 0xf8, 0xff, 0x00, 0x00, 0xf8, 0xff,
    0x00, 0x00, 0xf8, 0xff, 0x00, 0x00, 0xf8, 0xff, 0x00, 0x00, 0xf8, 0xff,
    0x00, 0x00, 0xf8, 0xff, 0x00, 0x00, 0xf8, 0xff, 0x00, 0x00, 0xf8, 0xff,
    0x00, 0x00, 0xf8, 0xff, 0x00, 0x00, 0xf8, 0xff, 0x00, 0x00, 0xf8, 0xff,
    0x00, 0x00, 0xf8, 0xff, 0x00, 0x00, 0xf8, 0xff, 0x00, 0x00, 0xf8, 0xff,
    0x00, 0x00, 0xf8, 0xff, 0x00, 0x00, 0xf8, 0x65, 0xf8, 0xfc, 0xf8, 0x00,
    0xf8, 0xfc, 0xf8, 0x00, 0xf8, 0xfc, 0xf8, 0x00, 0xf8, 0xfc, 0xf8, 0x00,
    0xf8, 0xfc, 0xf8, 0x00, 0xf8, 0xfc, 0xf8, 0x00, 0xf8, 0xfc, 0xf8, 0x00,
    0xf8, 0xfc, 0xf8, 0x00, 0xf8, 0xfc, 0xf8, 0x00, 0xf8, 0xfc, 0xf8, 0x00,
    0xf8, 0xfc, 0xf8, 0x00, 0xf8, 0xfc, 0xf8, 0x00, 0xf8, 0xfc, 0xf8, 0x00,
    0xf8, 0xfc, 0xf8, 0x00, 0xf8, 0xfc, 0xf8, 0x00, 0xf8, 0xfc, 0xf8, 0x00,
    0xf8, 0xfc, 0xf8, 0x00, 0xf8, 0xfc, 0xf8, 0x00, 0xf8, 0xfc, 0xf8, 0x00,
    0xf8, 0xfc, 0xf8, 0x00, 0xf8, 0xfc, 0xf8, 0x00, 0xf8, 0xfc, 0xf8, 0x00,
    0xf8, 0xfc, 0xf8, 0x00, 0xf8, 0xfc, 0xf8, 0x00, 0xf8, 0xfc, 0xf8, 0x00,
    0xf8, 0xfc, 0xf8, 0x00, 0xf8, 0xfc, 0xf8, 0x00, 0xf8, 0xfc, 0xf8, 0x00,
    0xf8, 0xfc, 0xf8, 0x00, 0xf8, 0xfc, 0xf8, 0x00, 0xf8, 0xfc, 0xf8, 0x00,
    0xf8, 0xfc, 0xf8, 0x00, 0xf8, 0xfc, 0xf8, 0x00, 0xf8, 0xfc, 0xf8, 0x00,
    0xf8, 0xfc, 0xf8, 0x00, 0xf8, 0xfc, 0xf8, 0x00, 0xf8, 0xfc, 0xf8, 0x00,
    0xf8, 0xfc, 0xf8, 0x00, 0xf8, 0xfc, 0xf8, 0x00, 0xf8, 0xfc, 0xf8, 0x00,
    0xf8, 0xfc, 0xf8, 0x00, 0xf8, 0xfc, 0xf8, 0x00, 0xf8, 0xfc, 0xf8, 0x00,
    0xf8, 0xfc, 0xf8, 0x00, 0xf8, 0xfc, 0xf8, 0x00, 0xf8, 0xfc, 0xf8, 0x00,
    0xf8, 0xfc, 0xf8, 0x00, 0xf8, 0xfc, 0xf8, 0x00, 0xf8, 0xfc, 0xf8, 0x00,
    0xf8, 0xfc, 0xf8, 0x00, 0xf8, 0xfc, 0xf8, 0x00, 0xf8, 0xfc, 0xf8, 0x00,
    0x00, 0x00, 0xf8, 0x9a, 0x00, 0x00, 0xf8, 0xfb, 0x00, 0x00, 0xf8, 0xff,
    0x00, 0x00, 0xf8, 0xff, 0x00, 0x00, 0xf8, 0xff, 0x00, 0x00, 0xf8, 0xff,
    0x00, 0x00, 0xf8, 0xff, 0x00, 0x00, 0xf8, 0xff, 0x00, 0x00, 0xf8, 0xff,
    0x00, 0x00, 0xf8, 0xff, 0x00, 0x00, 0xf8, 0xff, 0x00, 0x00, 0xf8, 0xff,
    0x00, 0x00, 0xf8, 0xff, 0x00, 0x00, 0xf8, 0xff, 0x00, 0x00, 0xf8, 0xff,
    0x00, 0x00, 0xf8, 0xff, 0x00, 0x00, 0xf8, 0xff, 0x00, 0x00, 0xf8, 0xff,
    0x00, 0x00, 0xf8, 0xff, 0x00, 0x00, 0xf8, 0xff, 0x00, 0x00, 0xf8, 0xff,
    0x00, 0x00, 0xf8, 0xff, 0x00, 0x00, 0xf8, 0xff, 0x00, 0x00, 0xf8, 0xff,
    0x00, 0x00, 0xf8, 0xff, 0x00, 0x00, 0xf8, 0xff, 0x00, 0x00, 0xf8, 0xff,
    0x00, 0x00, 0xf8, 0xff, 0x00, 0x00, 0xf8, 0xff, 0x00, 0x00, 0xf8, 0xff,
    0x00, 0x00, 0xf8, 0xff, 0x00, 0x00, 0xf8, 0xff, 0x00, 0x00, 0xf8, 0xff,
    0x00, 0x00, 0xf8, 0xff, 0x00, 0x00, 0xf8, 0xff, 0x00, 0x00, 0xf8, 0xff,
    0x00, 0x00, 0xf8, 0xff, 0x00, 0x00, 0xf8, 0xff, 0x00, 0x00, 0xf8, 0xff,
    0x00, 0x00, 0xf8, 0xff, 0x00, 0x00, 0xf8, 0xff, 0x00, 0x00, 0xf8, 0xff,
    0x00, 0x00, 0xf8, 0xff, 0x00, 0x00, 0xf8, 0xff, 0x00, 0x00, 0xf8, 0xff,
    0x00, 0x00, 0xf8, 0xff, 0x00, 0x00, 0xf8, 0xff, 0x00, 0x00, 0xf8, 0xff,
    0x00, 0x00, 0xf8, 0xff, 0x00, 0x00, 0xf8, 0xff, 0x00, 0x00, 0xf8, 0xff,
    0x00, 0x00, 0xf8, 0xff, 0x00, 0x00, 0xf8, 0xff, 0x00, 0x00, 0xf8, 0xff,
    0x00, 0x00, 0xf8, 0xff, 0x00, 0x00, 0xf8, 0xff, 0x00, 0x00, 0xf8, 0xff,
    0x00, 0x00, 0xf8, 0xff, 0x00, 0x00, 0xf8, 0xff, 0x00, 0x00, 0xf8, 0xff,
    0x00, 0x00, 0xf8, 0xff, 0x00, 0x00, 0xf8, 0xff, 0x00, 0x00, 0xf8, 0xff,
    0x00, 0x00, 0xf8, 0xff, 0x00, 0x00, 0xf8, 0xff, 0x00, 0x00, 0xf8, 0xff,
    0x00, 0x00, 0xf8, 0xff, 0x00, 0x00, 0xf8, 0xff, 0x00, 0x00, 0xf8, 0xff,
    0x00, 0x00, 0xf8, 0xff, 0x00, 0x00, 0xf8, 0xff, 0x00, 0x00, 0xf8, 0xff,
    0x00, 0x00, 0xf8, 0xff, 0x00, 0x00, 0xf8, 0xff, 0x00, 0x00, 0xf8, 0xff,
    0x00, 0x00, 0xf8, 0xff, 0x00, 0x00, 0xf8, 0xff, 0x00, 0x00, 0xf8, 0xff,
    0x00, 0x00, 0xf8, 0xff, 0x00, 0x00, 0xf8, 0xff, 0x00, 0x00, 0xf8, 0xff,
    0x00, 0x00, 0xf8, 0xff, 0x00, 0x00, 0xf8, 0xff, 0x00, 0x00, 0xf8, 0xff,
    0x00, 0x00, 0xf8, 0xff, 0x00, 0x00, 0xf8, 0xff, 0x00, 0x00, 0xf8, 0xff,
    0x00, 0x00, 0xf8, 0xff, 0x00, 0x00, 0xf8, 0xff, 0x00, 0x00, 0xf8, 0xff,
    0x00, 0x00, 0xf8, 0xff, 0x00, 0x00, 0xf8, 0xff, 0x00, 0x00, 0xf8, 0xff,
    0x00, 0x00, 0xf8, 0xff, 0x00, 0x00, 0xf8, 0xff, 0x00, 0x00, 0xf8, 0xff,
    0x00, 0x00, 0xf8, 0xff, 0x00, 0x00, 0xf8, 0xff, 0x00, 0x00, 0xf8, 0xff,
    0x00, 0x00, 0xf8, 0xff, 0x00, 0x00, 0xf8, 0xfb, 0x00, 0x00, 0xf8, 0x9a,
    0xf8, 0xfc, 0xf8, 0x00, 0xf8, 0xfc, 0xf8, 0x00, 0xf8, 0xfc, 0xf8, 0x00,
    0xf8, 0xfc, 0xf8, 0x00, 0xf8, 0xfc, 0xf8, 0x00, 0xf8, 0xfc, 0xf8, 0x00,
    0xf8, 0xfc, 0xf8, 0x00, 0xf8, 0xfc, 0xf8, 0x00, 0xf8, 0xfc, 0xf8, 0x00,
    0xf8, 0xfc, 0xf8, 0x00, 0xf8, 0xfc, 0xf8, 0x00, 0xf8, 0xfc, 0xf8, 0x00,
    0xf8, 0xfc, 0xf8, 0x00, 0xf8, 0xfc, 0xf8, 0x00, 0xf8, 0xfc, 0xf8, 0x00,
    0xf8, 0xfc, 0xf8, 0x00, 0xf8, 0xfc, 0xf8, 0x00, 0xf8, 0xfc, 0xf8, 0x00,
    0xf8, 0xfc, 0xf8, 0x00, 0xf8, 0xfc, 0xf8, 0x00, 0xf8, 0xfc, 0xf8, 0x00,
    0xf8, 0xfc, 0xf8, 0x00, 0xf8, 0xfc, 0xf8, 0x00, 0xf8, 0xfc, 0xf8, 0x00,
    0xf8, 0xfc, 0xf8, 0x00, 0xf8, 0xfc, 0xf8, 0x00, 0xf8, 0xfc, 0xf8, 0x00,
    0xf8, 0xfc, 0xf8, 0x00, 0xf8, 0xfc, 0xf8, 0x00, 0xf8, 0xfc, 0xf8, 0x00,
    0xf8, 0xfc, 0xf8, 0x00, 0xf8, 0xfc, 0xf8, 0x00, 0xf8, 0xfc, 0xf8, 0x00,
    0xf8, 0xfc, 0xf8, 0x00, 0xf8, 0xfc, 0xf8, 0x00, 0xf8, 0xfc, 0xf8, 0x00,
    0xf8, 0xfc, 0xf8, 0x00, 0xf8, 0xfc, 0xf8, 0x00, 0xf8, 0xfc, 0xf8, 0x00,
    0xf8, 0xfc, 0xf8, 0x00, 0xf8, 0xfc, 0xf8, 0x00, 0xf8, 0xfc, 0xf8, 0x00,
    0xf8, 0xfc, 0xf8, 0x00, 0xf8, 0xfc, 0xf8, 0x00, 0xf8, 0xfc, 0xf8, 0x00,
    0xf8, 0xfc, 0xf8, 0x00, 0xf8, 0xfc, 0xf8, 0x00, 0xf8, 0xfc, 0xf8, 0x00,
    0xf8, 0xfc, 0xf8, 0x00, 0xf8, 0xfc, 0xf8, 0x00, 0xf8, 0xfc, 0xf8, 0x00,
    0xf8, 0xfc, 0xf8, 0x00, 0x00, 0x00, 0xf8, 0xcf, 0x00, 0x00, 0xf8, 0xff,
    0x00, 0x00, 0xf8, 0xff, 0x00, 0x00, 0xf8, 0xff, 0x00, 0x00, 0xf8, 0xff,
    0x00, 0x00, 0xf8, 0xff, 0x00, 0x00, 0xf8, 0xff, 0x00, 0x00, 0xf8, 0xff,
    0x00, 0x00, 0xf8, 0xff, 0x00, 0x00, 0xf8, 0xff, 0x00, 0x00, 0xf8, 0xff,
    0x00, 0x00, 0xf8, 0xff, 0x00, 0x00, 0xf8, 0xff, 0x00, 0x00, 0xf8, 0xff,
    0x00, 0x00, 0xf8, 0xff, 0x00, 0x00, 0xf8, 0xff, 0x00, 0x00, 0xf8, 0xff,
    0x00, 0x00, 0xf8, 0xff, 0x00, 0x00, 0xf8, 0xff, 0x00, 0x00, 0xf8, 0xff,
    0x00, 0x00, 0xf8, 0xff, 0x00, 0x00, 0xf8, 0xff, 0x00, 0x00, 0xf8, 0xff,
    0x00, 0x00, 0xf8, 0xff, 0x00, 0x00, 0xf8, 0xff, 0x00, 0x00, 0xf8, 0xff,
    0x00, 0x00, 0xf8, 0xff, 0x00, 0x00, 0xf8, 0xff, 0x00, 0x00, 0xf8, 0xff,
    0x00, 0x00, 0xf8, 0xff, 0x00, 0x00, 0xf8, 0xff, 0x00, 0x00, 0xf8, 0xff,
    0x00, 0x00, 0xf8, 0xff, 0x00, 0x00, 0xf8, 0xff, 0x00, 0x00, 0xf8, 0xff,
    0x00, 0x00, 0xf8, 0xff, 0x00, 0x00, 0xf8, 0xff, 0x00, 0x00, 0xf8, 0xff,
    0x00, 0x00, 0xf8, 0xff, 0x00, 0x00, 0xf8, 0xff, 0x00, 0x00, 0xf8, 0xff,
    0x00, 0x00, 0xf8, 0xff, 0x00, 0x00, 0xf8, 0xff, 0x00, 0x00, 0xf8, 0xff,
    0x00, 0x00, 0xf8, 0xff, 0x00, 0x00, 0xf8, 0xff, 0x00, 0x00, 0xf8, 0xff,
    0x00, 0x00, 0xf8, 0xff, 0x00, 0x00, 0xf8, 0xff, 0x00, 0x00, 0xf8, 0xff,
    0x00, 0x00, 0xf8, 0xff, 0x00, 0x00, 0xf8, 0xff, 0x00, 0x00, 0xf8, 0xff,
    0x00, 0x00, 0xf8, 0xff, 0x00, 0x00, 0xf8, 0xff, 0x00, 0x00, 0xf8, 0xff,
    0x00, 0x00, 0xf8, 0xff, 0x00, 0x00, 0xf8, 0xff, 0x00, 0x00, 0xf8, 0xff,
    0x00, 0x00, 0xf8, 0xff, 0x00, 0x00, 0xf8, 0xff, 0x00, 0x00, 0xf8, 0xff,
    0x00, 0x00, 0xf8, 0xff, 0x00, 0x00, 0xf8, 0xff, 0x00, 0x00, 0xf8, 0xff,
    0x00, 0x00, 0xf8, 0xff, 0x00, 0x00, 0xf8, 0xff, 0x00, 0x00, 0xf8, 0xff,
    0x00, 0x00, 0xf8, 0xff, 0x00, 0x00, 0xf8, 0xff, 0x00, 0x00, 0xf8, 0xff,
    0x00, 0x00, 0xf8, 0xff, 0x00, 0x00, 0xf8, 0xff, 0x00, 0x00, 0xf8, 0xff,
    0x00, 0x00, 0xf8, 0xff, 0x00, 0x00, 0xf8, 0xff, 0x00, 0x00, 0xf8, 0xff,
    0x00, 0x00, 0xf8, 0xff, 0x00, 0x00, 0xf8, 0xff, 0x00, 0x00, 0xf8, 0xff,
    0x00, 0x00, 0xf8, 0xff, 0x00, 0x00, 0xf8, 0xff, 0x00, 0x00, 0xf8, 0xff,
    0x00, 0x00, 0xf8, 0xff, 0x00, 0x00, 0xf8, 0xff, 0x00, 0x00, 0xf8, 0xff,
    0x00, 0x00, 0xf8, 0xff, 0x00, 0x00, 0xf8, 0xff, 0x00, 0x00, 0xf8, 0xff,
    0x00, 0x00, 0xf8, 0xff, 0x00, 0x00, 0xf8, 0xff, 0x00, 0x00, 0xf8, 0xff,
    0x00, 0x00, 0xf8, 0xff, 0x00, 0x00, 0xf8, 0xff, 0x00, 0x00, 0xf8, 0xff,
    0x00, 0x00, 0xf8, 0xff, 0x00, 0x00, 0xf8, 0xff, 0x00, 0x00, 0xf8, 0xff,
    0x00, 0x00, 0xf8, 0xff, 0x00, 0x00, 0xf8, 0xff, 0x00, 0x00, 0xf8, 0xff,
    0x00, 0x00, 0xf8, 0xcf, 0xf8, 0xfc, 0xf8, 0x00, 0xf8, 0xfc, 0xf8, 0x00,
    0xf8, 0xfc, 0xf8, 0x00, 0xf8, 0xfc, 0xf8, 0x00, 0xf8, 0xfc, 0xf8, 0x00,
    0xf8, 0xfc, 0xf8, 0x00, 0xf8, 0xfc, 0xf8, 0x00, 0xf8, 0xfc, 0xf8, 0x00,
    0xf8, 0xfc, 0xf8, 0x00, 0xf8, 0xfc, 0xf8, 0x00, 0xf8, 0xfc, 0xf8, 0x00,
    0xf8, 0xfc, 0xf8, 0x00, 0xf8, 0xfc, 0xf8, 0x00, 0xf8, 0xfc, 0xf8, 0x00,
    0xf8, 0xfc, 0xf8, 0x00, 0xf8, 0xfc, 0xf8, 0x00, 0xf8, 0xfc, 0xf8, 0x00,
    0xf8, 0xfc, 0xf8, 0x00, 0xf8, 0xfc, 0xf8, 0x00, 0xf8, 0xfc, 0xf8, 0x00,
    0xf8, 0xfc, 0xf8, 0x00, 0xf8, 0xfc, 0xf8, 0x00, 0xf8, 0xfc, 0xf8, 0x00,
    0xf8, 0xfc, 0xf8, 0x00, 0xf8, 0xfc, 0xf8, 0x00, 0xf8, 0xfc, 0xf8, 0x00,
    0xf8, 0xfc, 0xf8, 0x00, 0xf8, 0xfc, 0xf8, 0x00, 0xf8, 0xfc, 0xf8, 0x00,
    0xf8, 0xfc, 0xf8, 0x00, 0xf8, 0xfc, 0xf8, 0x00, 0xf8, 0xfc, 0xf8, 0x00,
    0xf8, 0xfc, 0xf8, 0x00, 0xf8, 0xfc, 0xf8, 0x00, 0xf8, 0xfc, 0xf8, 0x00,
    0xf8, 0xfc, 0xf8, 0x00, 0xf8, 0xfc, 0xf8, 0x00, 0xf8, 0xfc, 0xf8, 0x00,
    0xf8, 0xfc, 0xf8, 0x00, 0xf8, 0xfc, 0xf8, 0x00, 0xf8, 0xfc, 0xf8, 0x00,
    0xf8, 0xfc, 0xf8, 0x00, 0xf8, 0xfc, 0xf8, 0x00, 0xf8, 0xfc, 0xf8, 0x00,
    0xf8, 0xfc, 0xf8, 0x00, 0xf8, 0xfc, 0xf8, 0x00, 0xf8, 0xfc, 0xf8, 0x00,
    0xf8, 0xfc, 0xf8, 0x00, 0xf8, 0xfc, 0xf8, 0x00, 0xf8, 0xfc, 0xf8, 0x00,
    0xf8, 0xfc, 0xf8, 0x00, 0x00, 0x00, 0xf8, 0x00, 0x00, 0x00, 0xf8, 0xfb,
    0x00, 0x00, 0xf8, 0xff, 0x00, 0x00, 0xf8, 0xff, 0x00, 0x00, 0xf8, 0xff,
    0x00, 0x00, 0xf8, 0xff, 0x00, 0x00, 0xf8, 0xff, 0x00, 0x00, 0xf8, 0xff,
    0x00, 0x00, 0xf8, 0xff, 0x00, 0x00, 0xf8, 0xff, 0x00, 0x00, 0xf8, 0xff,
    0x00, 0x00, 0xf8, 0xff, 0x00, 0x00, 0xf8, 0xff, 0x00, 0x00, 0xf8, 0xff,
    0x00, 0x00, 0xf8, 0xff, 0x00, 0x00, 0xf8, 0xff, 0x00, 0x00, 0xf8, 0xff,
    0x00, 0x00, 0xf8, 0xff, 0x00, 0x00, 0xf8, 0xff, 0x00, 0x00, 0xf8, 0xff,
    0x00, 0x00, 0xf8, 0xff, 0x00, 0x00, 0xf8, 0xff, 0x00, 0x00, 0xf8, 0xff,
    0x00, 0x00, 0xf8, 0xff, 0x00, 0x00, 0xf8, 0xff, 0x00, 0x00, 0xf8, 0xff,
    0x00, 0x00, 0xf8, 0xff, 0x00, 0x00, 0xf8, 0xff, 0x00, 0x00, 0xf8, 0xff,
    0x00, 0x00, 0xf8, 0xff, 0x00, 0x00, 0xf8, 0xff, 0x00, 0x00, 0xf8, 0xff,
    0x00, 0x00, 0xf8, 0xff, 0x00, 0x00, 0xf8, 0xff, 0x00, 0x00, 0xf8, 0xff,
    0x00, 0x00, 0xf8, 0xff, 0x00, 0x00, 0xf8, 0xff, 0x00, 0x00, 0xf8, 0xff,
    0x00, 0x00, 0xf8, 0xff, 0x00, 0x00, 0xf8, 0xff, 0x00, 0x00, 0xf8, 0xff,
    0x00, 0x00, 0xf8, 0xff, 0x00, 0x00, 0xf8, 0xff, 0x00, 0x00, 0xf8, 0xff,
    0x00, 0x00, 0xf8, 0xff, 0x00, 0x00, 0xf8, 0xff, 0x00, 0x00, 0xf8, 0xff,
    0x00, 0x00, 0xf8, 0xff, 0x00, 0x00, 0xf8, 0xff, 0x00, 0x00, 0xf8, 0xff,
    0x00, 0x00, 0xf8, 0xff, 0x00, 0x00, 0xf8, 0xff, 0x00, 0x00, 0xf8, 0xff,
    0x00, 0x00, 0xf8, 0xff, 0x00, 0x00, 0xf8, 0xff, 0x00, 0x00, 0xf8, 0xff,
    0x00, 0x00, 0xf8, 0xff, 0x00, 0x00, 0xf8, 0xff, 0x00, 0x00, 0xf8, 0xff,
    0x00, 0x00, 0xf8, 0xff, 0x00, 0x00, 0xf8, 0xff, 0x00, 0x00, 0xf8, 0xff,
    0x00, 0x00, 0xf8, 0xff, 0x00, 0x00, 0xf8, 0xff, 0x00, 0x00, 0xf8, 0xff,
    0x00, 0x00, 0xf8, 0xff, 0x00, 0x00, 0xf8, 0xff, 0x00, 0x00, 0xf8, 0xff,
    0x00, 0x00, 0xf8, 0xff, 0x00, 0x00, 0xf8, 0xff, 0x00, 0x00, 0xf8, 0xff,
    0x00, 0x00, 0xf8, 0xff, 0x00, 0x00, 0xf8, 0xff, 0x00, 0x00, 0xf8, 0xff,
    0x00, 0x00, 0xf8, 0xff, 0x00, 0x00, 0xf8, 0xff, 0x00, 0x00, 0xf8, 0xff,
    0x00, 0x00, 0xf8, 0xff, 0x00, 0x00, 0xf8, 0xff, 0x00, 0x00, 0xf8, 0xff,
    0x00, 0x00, 0xf8, 0xff, 0x00, 0x00, 0xf8, 0xff, 0x00, 0x00, 0xf8, 0xff,
    0x00, 0x00, 0xf8, 0xff, 0x00, 0x00, 0xf8, 0xff, 0x00, 0x00, 0xf8, 0xff,
    0x00, 0x00, 0xf8, 0xff, 0x00, 0x00, 0xf8, 0xff, 0x00, 0x00, 0xf8, 0xff,
    0x00, 0x00, 0xf8, 0xff, 0x00, 0x00, 0xf8, 0xff, 0x00, 0x00, 0xf8, 0xff,
    0x00, 0x00, 0xf8, 0xff, 0x00, 0x00, 0xf8, 0xff, 0x00, 0x00, 0xf8, 0xff,
    0x00, 0x00, 0xf8, 0xff, 0x00, 0x00, 0xf8, 0xff, 0x00, 0x00, 0xf8, 0xff,
    0x00, 0x00, 0xf8, 0xff, 0x00, 0x00, 0xf8, 0xff, 0x00, 0x00, 0xf8, 0xff,
    0x00, 0x00, 0xf8, 0xff, 0x00, 0x00, 0xf8, 0xfb, 0x00, 0x00, 0xf8, 0x00,
    0xf8, 0xfc, 0xf8, 0x00, 0xf8, 0xfc, 0xf8, 0x00, 0xf8, 0xfc, 0xf8, 0x00,
    0xf8, 0xfc, 0xf8, 0x00, 0xf8, 0xfc, 0xf8, 0x00, 0xf8, 0xfc, 0xf8, 0x00,
    0xf8, 0xfc, 0xf8, 0x00, 0xf8, 0xfc, 0xf8, 0x00, 0xf8, 0xfc, 0xf8, 0x00,
    0xf8, 0xfc, 0xf8, 0x00, 0xf8, 0xfc, 0xf8, 0x00, 0xf8, 0xfc, 0xf8, 0x00,
    0xf8, 0xfc, 0xf8, 0x00, 0xf8, 0xfc, 0xf8, 0x00, 0xf8, 0xfc, 0xf8, 0x00,
    0xf8, 0xfc, 0xf8, 0x00, 0xf8, 0xfc, 0xf8, 0x00, 0xf8, 0xfc, 0xf8, 0x00,
    0xf8, 0xfc, 0xf8, 0x00, 0xf8, 0xfc, 0xf8, 0x00, 0xf8, 0xfc, 0xf8, 0x00,
    0xf8, 0xfc, 0xf8, 0x00, 0xf8, 0xfc, 0xf8, 0x00, 0xf8, 0xfc, 0xf8, 0x00,
    0xf8, 0xfc, 0xf8, 0x00, 0xf8, 0xfc, 0xf8, 0x00, 0xf8, 0xfc, 0xf8, 0x00,
    0xf8, 0xfc, 0xf8, 0x00, 0xf8, 0xfc, 0xf8, 0x00, 0xf8, 0xfc, 0xf8, 0x00,
    0xf8, 0xfc, 0xf8, 0x00, 0xf8, 0xfc, 0xf8, 0x00, 0xf8, 0xfc, 0xf8, 0x00,
    0xf8, 0xfc, 0xf8, 0x00, 0xf8, 0xfc, 0xf8, 0x00, 0xf8, 0xfc, 0xf8, 0x00,
    0xf8, 0xfc, 0xf8, 0x00, 0xf8, 0xfc, 0xf8, 0x00, 0xf8, 0xfc, 0xf8, 0x00,
    0xf8, 0xfc, 0xf8, 0x00, 0xf8, 0xfc, 0xf8, 0x00, 0xf8, 0xfc, 0xf8, 0x00,
    0xf8, 0xfc, 0xf8, 0x00, 0xf8, 0xfc, 0xf8, 0x00, 0xf8, 0xfc, 0xf8, 0x00,
    0xf8, 0xfc, 0xf8, 0x00, 0xf8, 0xfc, 0xf8, 0x00, 0xf8, 0xfc, 0xf8, 0x00,
    0xf8, 0xfc, 0xf8, 0x00, 0xf8, 0xfc, 0xf8, 0x00, 0x00, 0x00, 0xf8, 0x14,
    0x00, 0x00, 0xf8, 0xff, 0x00, 0x00, 0xf8, 0xff, 0x00, 0x00, 0xf8, 0xff,
    0x00, 0x00, 0xf8, 0xff, 0x00, 0x00, 0xf8, 0xff, 0x00, 0x00, 0xf8, 0xff,
    0x00, 0x00, 0xf8, 0xff, 0x00, 0x00, 0xf8, 0xff, 0x00, 0x00, 0xf8, 0xff,
    0x00, 0x00, 0xf8, 0xff, 0x00, 0x00, 0xf8, 0xff, 0x00, 0x00, 0xf8, 0xff,
    0x00, 0x00, 0xf8, 0xff, 0x00, 0x00, 0xf8, 0xff, 0x00, 0x00, 0xf8, 0xff,
    0x00, 0x00, 0xf8, 0xff, 0x00, 0x00, 0xf8, 0xff, 0x00, 0x00, 0xf8, 0xff,
    0x00, 0x00, 0xf8, 0xff, 0x00, 0x00, 0xf8, 0xff, 0x00, 0x00, 0xf8, 0xff,
    0x00, 0x00, 0xf8, 0xff, 0x00, 0x00, 0xf8, 0xff, 0x00, 0x00, 0xf8, 0xff,
    0x00, 0x00, 0xf8, 0xff, 0x00, 0x00, 0xf8, 0xff, 0x00, 0x00, 0xf8, 0xff,
    0x00, 0x00, 0xf8, 0xff, 0x00, 0x00, 0xf8, 0xff, 0x00, 0x00, 0xf8, 0xff,
    0x00, 0x00, 0xf8, 0xff, 0x00, 0x00, 0xf8, 0xff, 0x00, 0x00, 0xf8, 0xff,
    0x00, 0x00, 0xf8, 0xff, 0x00, 0x00, 0xf8, 0xff, 0x00, 0x00, 0xf8, 0xff,
    0x00, 0x00, 0xf8, 0xff, 0x00, 0x00, 0xf8, 0xff, 0x00, 0x00, 0xf8, 0xff,
    0x00, 0x00, 0xf8, 0xff, 0x00, 0x00, 0xf8, 0xff, 0x00, 0x00, 0xf8, 0xff,
    0x00, 0x00, 0xf8, 0xff, 0x00, 0x00, 0xf8, 0xff, 0x00, 0x00, 0xf8, 0xff,
    0x00, 0x00, 0xf8, 0xff, 0x00, 0x00, 0xf8, 0xff, 0x00, 0x00, 0xf8, 0xff,
    0x00, 0x00, 0xf8, 0xff, 0x00, 0x00, 0xf8, 0xff, 0x00, 0x00, 0xf8, 0xff,
    0x00, 0x00, 0xf8, 0xff, 0x00, 0x00, 0xf8, 0xff, 0x00, 0x00, 0xf8, 0xff,
    0x00, 0x00, 0xf8, 0xff, 0x00, 0x00, 0xf8, 0xff, 0x00, 0x00, 0xf8, 0xff,
    0x00, 0x00, 0xf8, 0xff, 0x00, 0x00, 0xf8, 0xff, 0x00, 0x00, 0xf8, 0xff,
    0x00, 0x00, 0xf8, 0xff, 0x00, 0x00, 0xf8, 0xff, 0x00, 0x00, 0xf8, 0xff,
    0x00, 0x00, 0xf8, 0xff, 0x00, 0x00, 0xf8, 0xff, 0x00, 0x00, 0xf8, 0xff,
    0x00, 0x00, 0xf8, 0xff, 0x00, 0x00, 0xf8, 0xff, 0x00, 0x00, 0xf8, 0xff,
    0x00, 0x00, 0xf8, 0xff, 0x00, 0x00, 0xf8, 0xff, 0x00, 0x00, 0xf8, 0xff,
    0x00, 0x00, 0xf8, 0xff, 0x00, 0x00, 0xf8, 0xff, 0x00, 0x00, 0xf8, 0xff,
    0x00, 0x00, 0xf8, 0xff, 0x00, 0x00, 0xf8, 0xff, 0x00, 0x00, 0xf8, 0xff,
    0x00, 0x00, 0xf8, 0xff, 0x00, 0x00, 0xf8, 0xff, 0x00, 0x00, 0xf8, 0xff,
    0x00, 0x00, 0xf8, 0xff, 0x00, 0x00, 0xf8, 0xff, 0x00, 0x00, 0xf8, 0xff,
    0x00, 0x00, 0xf8, 0xff, 0x00, 0x00, 0xf8, 0xff, 0x00, 0x00, 0xf8, 0xff,
    0x00, 0x00, 0xf8, 0xff, 0x00, 0x00, 0xf8, 0xff, 0x00, 0x00, 0xf8, 0xff,
    0x00, 0x00, 0xf8, 0xff, 0x00, 0x00, 0xf8, 0xff, 0x00, 0x00, 0xf8, 0xff,
    0x00, 0x00, 0xf8, 0xff, 0x00, 0x00, 0xf8, 0xff, 0x00, 0x00, 0xf8, 0xff,
    0x00, 0x00, 0xf8, 0xff, 0x00, 0x00, 0xf8, 0xff, 0x00, 0x00, 0xf8, 0xff,
    0x00, 0x00, 0xf8, 0xff, 0x00, 0x00, 0xf8, 0xff, 0x00, 0x00, 0xf8, 0xff,
    0x00, 0x00, 0xf8, 0x14, 0xf8, 0xfc, 0xf8, 0x00, 0xf8, 0xfc, 0xf8, 0x00,
    0xf8, 0xfc, 0xf8, 0x00, 0xf8, 0xfc, 0xf8, 0x00, 0xf8, 0xfc, 0xf8, 0x00,
    0xf8, 0xfc, 0xf8, 0x00, 0xf8, 0xfc, 0xf8, 0x00, 0xf8, 0xfc, 0xf8, 0x00,
    0xf8, 0xfc, 0xf8, 0x00, 0xf8, 0xfc, 0xf8, 0x00, 0xf8, 0xfc, 0xf8, 0x00,
    0xf8, 0xfc, 0xf8, 0x00, 0xf8, 0xfc, 0xf8, 0x00, 0xf8, 0xfc, 0xf8, 0x00,
    0xf8, 0xfc, 0xf8, 0x00, 0xf8, 0xfc, 0xf8, 0x00, 0xf8, 0xfc, 0xf8, 0x00,
    0xf8, 0xfc, 0xf8, 0x00, 0xf8, 0xfc, 0xf8, 0x00, 0xf8, 0xfc, 0xf8, 0x00,
    0xf8, 0xfc, 0xf8, 0x00, 0xf8, 0xfc, 0xf8, 0x00, 0xf8, 0xfc, 0xf8, 0x00,
    0xf8, 0xfc, 0xf8, 0x00, 0xf8, 0xfc, 0xf8, 0x00, 0xf8, 0xfc, 0xf8, 0x00,
    0xf8, 0xfc, 0xf8, 0x00, 0xf8, 0xfc, 0xf8, 0x00, 0xf8, 0xfc, 0xf8, 0x00,
    0xf8, 0xfc, 0xf8, 0x00, 0xf8, 0xfc, 0xf8, 0x00, 0xf8, 0xfc, 0xf8, 0x00,
    0xf8, 0xfc, 0xf8, 0x00, 0xf8, 0xfc, 0xf8, 0x00, 0xf8, 0xfc, 0xf8, 0x00,
    0xf8, 0xfc, 0xf8, 0x00, 0xf8, 0xfc, 0xf8, 0x00, 0xf8, 0xfc, 0xf8, 0x00,
    0xf8, 0xfc, 0xf8, 0x00, 0xf8, 0xfc, 0xf8, 0x00, 0xf8, 0xfc, 0xf8, 0x00,
    0xf8, 0xfc, 0xf8, 0x00, 0xf8, 0xfc, 0xf8, 0x00, 0xf8, 0xfc, 0xf8, 0x00,
    0xf8, 0xfc, 0xf8, 0x00, 0xf8, 0xfc, 0xf8, 0x00, 0xf8, 0xfc, 0xf8, 0x00,
    0xf8, 0xfc, 0xf8, 0x00, 0xf8, 0xfc, 0xf8, 0x00, 0xf8, 0xfc, 0xf8, 0x00,
    0x00, 0x00, 0xf8, 0x30, 0x00, 0x00, 0xf8, 0xff, 0x00, 0x00, 0xf8, 0xff,
    0x00, 0x00, 0xf8, 0xff, 0x00, 0x00, 0xf8, 0xff, 0x00, 0x00, 0xf8, 0xff,
    0x00, 0x00, 0xf8, 0xff, 0x00, 0x00, 0xf8, 0xff, 0x00, 0x00, 0xf8, 0xff,
    0x00, 0x00, 0xf8, 0xff, 0x00, 0x00, 0xf8, 0xff, 0x00, 0x00, 0xf8, 0xff,
    0x00, 0x00, 0xf8, 0xff, 0x00, 0x00, 0xf8, 0xff, 0x00, 0x00, 0xf8, 0xff,
    0x00, 0x00, 0xf8, 0xff, 0x00, 0x00, 0xf8, 0xff, 0x00, 0x00, 0xf8, 0xff,
    0x00, 0x00, 0xf8, 0xff, 0x00, 0x00, 0xf8, 0xff, 0x00, 0x00, 0xf8, 0xff,
    0x00, 0x00, 0xf8, 0xff, 0x00, 0x00, 0xf8, 0xff, 0x00, 0x00, 0xf8, 0xff,
    0x00, 0x00, 0xf8, 0xff, 0x00, 0x00, 0xf8, 0xff, 0x00, 0x00, 0xf8, 0xff,
    0x00, 0x00, 0xf8, 0xff, 0x00, 0x00, 0xf8, 0xff, 0x00, 0x00, 0xf8, 0xff,
    0x00, 0x00, 0xf8, 0xff, 0x00, 0x00, 0xf8, 0xff, 0x00, 0x00, 0xf8, 0xff,
    0x00, 0x00, 0xf8, 0xff, 0x00, 0x00, 0xf8, 0xff, 0x00, 0x00, 0xf8, 0xff,
    0x00, 0x00, 0xf8, 0xff, 0x00, 0x00, 0xf8, 0xff, 0x00, 0x00, 0xf8, 0xff,
    0x00, 0x00, 0xf8, 0xff, 0x00, 0x00, 0xf8, 0xff, 0x00, 0x00, 0xf8, 0xff,
    0x00, 0x00, 0xf8, 0xff, 0x00, 0x00, 0xf8, 0xff, 0x00, 0x00, 0xf8, 0xff,
    0x00, 0x00, 0xf8, 0xff, 0x00, 0x00, 0xf8, 0xff, 0x00, 0x00, 0xf8, 0xff,
    0x00, 0x00, 0xf8, 0xff, 0x00, 0x00, 0xf8, 0xff, 0x00, 0x00, 0xf8, 0xff,
    0x00, 0x00, 0xf8, 0xff, 0x00, 0x00, 0xf8, 0xff, 0x00, 0x00, 0xf8, 0xff,
    0x00, 0x00, 0xf8, 0xff, 0x00, 0x00, 0xf8, 0xff, 0x00, 0x00, 0xf8, 0xff,
    0x00, 0x00, 0xf8, 0xff, 0x00, 0x00, 0xf8, 0xff, 0x00, 0x00, 0xf8, 0xff,
    0x00, 0x00, 0xf8, 0xff, 0x00, 0x00, 0xf8, 0xff, 0x00, 0x00, 0xf8, 0xff,
    0x00, 0x00, 0xf8, 0xff, 0x00, 0x00, 0xf8, 0xff, 0x00, 0x00, 0xf8, 0xff,
    0x00, 0x00, 0xf8, 0xff, 0x00, 0x00, 0xf8, 0xff, 0x00, 0x00, 0xf8, 0xff,
    0x00, 0x00, 0xf8, 0xff, 0x00, 0x00, 0xf8, 0xff, 0x00, 0x00, 0xf8, 0xff,
    0x00, 0x00, 0xf8, 0xff, 0x00, 0x00, 0xf8, 0xff, 0x00, 0x00, 0xf8, 0xff,
    0x00, 0x00, 0xf8, 0xff, 0x00, 0x00, 0xf8, 0xff, 0x00, 0x00, 0xf8, 0xff,
    0x00, 0x00, 0xf8, 0xff, 0x00, 0x00, 0xf8, 0xff, 0x00, 0x00, 0xf8, 0xff,
    0x00, 0x00, 0xf8, 0xff, 0x00, 0x00, 0xf8, 0xff, 0x00, 0x00, 0xf8, 0xff,
    0x00, 0x00, 0xf8, 0xff, 0x00, 0x00, 0xf8, 0xff, 0x00, 0x00, 0xf8, 0xff,
    0x00, 0x00, 0xf8, 0xff, 0x00, 0x00, 0xf8, 0xff, 0x00, 0x00, 0xf8, 0xff,
    0x00, 0x00, 0xf8, 0xff, 0x00, 0x00, 0xf8, 0xff, 0x00, 0x00, 0xf8, 0xff,
    0x00, 0x00, 0xf8, 0xff, 0x00, 0x00, 0xf8, 0xff, 0x00, 0x00, 0xf8, 0xff,
    0x00, 0x00, 0xf8, 0xff, 0x00, 0x00, 0xf8, 0xff, 0x00, 0x00, 0xf8, 0xff,
    0x00, 0x00, 0xf8, 0xff, 0x00, 0x00, 0xf8, 0xff, 0x00, 0x00, 0xf8, 0xff,
    0x00, 0x00, 0xf8, 0xff, 0x00, 0x00, 0xf8, 0x30, 0xf8, 0xfc, 0xf8, 0x00,
    0xf8, 0xfc, 0xf8, 0x00, 0xf8, 0xfc, 0xf8, 0x00, 0xf8, 0xfc, 0xf8, 0x00,
    0xf8, 0xfc, 0xf8, 0x00, 0xf8, 0xfc, 0xf8, 0x00, 0xf8, 0xfc, 0xf8, 0x00,
    0xf8, 0xfc, 0xf8, 0x00, 0xf8, 0xfc, 0xf8, 0x00, 0xf8, 0xfc, 0xf8, 0x00,
    0xf8, 0xfc, 0xf8, 0x00, 0xf8, 0xfc, 0xf8, 0x00, 0xf8, 0xfc, 0xf8, 0x00,
    0xf8, 0xfc, 0xf8, 0x00, 0xf8, 0xfc, 0xf8, 0x00, 0xf8, 0xfc, 0xf8, 0x00,
    0xf8, 0xfc, 0xf8, 0x00, 0xf8, 0xfc, 0xf8, 0x00, 0xf8, 0xfc, 0xf8, 0x00,
    0xf8, 0xfc, 0xf8, 0x00, 0xf8, 0xfc, 0xf8, 0x00, 0xf8, 0xfc, 0xf8, 0x00,
    0xf8, 0xfc, 0xf8, 0x00, 0xf8, 0xfc, 0xf8, 0x00, 0xf8, 0xfc, 0xf8, 0x00,
    0xf8, 0xfc, 0xf8, 0x00, 0xf8, 0xfc, 0xf8, 0x00, 0xf8, 0xfc, 0xf8, 0x00,
    0xf8, 0xfc, 0xf8, 0x00, 0xf8, 0xfc, 0xf8, 0x00, 0xf8, 0xfc, 0xf8, 0x00,
    0xf8, 0xfc, 0xf8, 0x00, 0xf8, 0xfc, 0xf8, 0x00, 0xf8, 0xfc, 0xf8, 0x00,
    0xf8, 0xfc, 0xf8, 0x00, 0xf8, 0xfc, 0xf8, 0x00, 0xf8, 0xfc, 0xf8, 0x00,
    0xf8, 0xfc, 0xf8, 0x00, 0xf8, 0xfc, 0xf8, 0x00, 0xf8, 0xfc, 0xf8, 0x00,
    0xf8, 0xfc, 0xf8, 0x00, 0xf8, 0xfc, 0xf8, 0x00, 0xf8, 0xfc, 0xf8, 0x00,
    0xf8, 0xfc, 0xf8, 0x00, 0xf8, 0xfc, 0xf8, 0x00, 0xf8, 0xfc, 0xf8, 0x00,
    0xf8, 0xfc, 0xf8, 0x00, 0xf8, 0xfc, 0xf8, 0x00, 0xf8, 0xfc, 0xf8, 0x00,
    0xf8, 0xfc, 0xf8, 0x00, 0x00, 0x00, 0xf8, 0x49, 0x00, 0x00, 0xf8, 0xff,
    0x00, 0x00, 0xf8, 0xff, 0x00, 0x00, 0xf8, 0xff, 0x00, 0x00, 0xf8, 0xff,
    0x00, 0x00, 0xf8, 0xff, 0x00, 0x00, 0xf8, 0xff, 0x00, 0x00, 0xf8, 0xff,
    0x00, 0x00, 0xf8, 0xff, 0x00, 0x00, 0xf8, 0xff, 0x00, 0x00, 0xf8, 0xff,
    0x00, 0x00, 0xf8, 0xff, 0x00, 0x00, 0xf8, 0xff, 0x00, 0x00, 0xf8, 0xff,
    0x00, 0x00, 0xf8, 0xff, 0x00, 0x00, 0xf8, 0xff, 0x00, 0x00, 0xf8, 0xff,
    0x00, 0x00, 0xf8, 0xff, 0x00, 0x00, 0xf8, 0xff, 0x00, 0x00, 0xf8, 0xff,
    0x00, 0x00, 0xf8, 0xff, 0x00, 0x00, 0xf8, 0xff, 0x00, 0x00, 0xf8, 0xff,
    0x00, 0x00, 0xf8, 0xff, 0x00, 0x00, 0xf8, 0xff, 0x00, 0x00, 0xf8, 0xff,
    0x00, 0x00, 0xf8, 0xff, 0x00, 0x00, 0xf8, 0xff, 0x00, 0x00, 0xf8, 0xff,
    0x00, 0x00, 0xf8, 0xff, 0x00, 0x00, 0xf8, 0xff, 0x00, 0x00, 0xf8, 0xff,
    0x00, 0x00, 0xf8, 0xff, 0x00, 0x00, 0xf8, 0xff, 0x00, 0x00, 0xf8, 0xff,
    0x00, 0x00, 0xf8, 0xff, 0x00, 0x00, 0xf8, 0xff, 0x00, 0x00, 0xf8, 0xff,
    0x00, 0x00, 0xf8, 0xff, 0x00, 0x00, 0xf8, 0xff, 0x00, 0x00, 0xf8, 0xff,
    0x00, 0x00, 0xf8, 0xff, 0x00, 0x00, 0xf8, 0xff, 0x00, 0x00, 0xf8, 0xff,
    0x00, 0x00, 0xf8, 0xff, 0x00, 0x00, 0xf8, 0xff, 0x00, 0x00, 0xf8, 0xff,
    0x00, 0x00, 0xf8, 0xff, 0x00, 0x00, 0xf8, 0xff, 0x00, 0x00, 0xf8, 0xff,
    0x00, 0x00, 0xf8, 0xff, 0x00, 0x00, 0xf8, 0xff, 0x00, 0x00, 0xf8, 0xff,
    0x00, 0x00, 0xf8, 0xff, 0x00, 0x00, 0xf8, 0xff, 0x00, 0x00, 0xf8, 0xff,
    0x00, 0x00, 0xf8, 0xff, 0x00, 0x00, 0xf8, 0xff, 0x00, 0x00, 0xf8, 0xff,
    0x00, 0x00, 0xf8, 0xff, 0x00, 0x00, 0xf8, 0xff, 0x00, 0x00, 0xf8, 0xff,
    0x00, 0x00, 0xf8, 0xff, 0x00, 0x00, 0xf8, 0xff, 0x00, 0x00, 0xf8, 0xff,
    0x00, 0x00, 0xf8, 0xff, 0x00, 0x00, 0xf8, 0xff, 0x00, 0x00, 0xf8, 0xff,
    0x00, 0x00, 0xf8, 0xff, 0x00, 0x00, 0xf8, 0xff, 0x00, 0x00, 0xf8, 0xff,
    0x00, 0x00, 0xf8, 0xff, 0x00, 0x00, 0xf8, 0xff, 0x00, 0x00, 0xf8, 0xff,
    0x00, 0x00, 0xf8, 0xff, 0x00, 0x00, 0xf8, 0xff, 0x00, 0x00, 0xf8, 0xff,
    0x00, 0x00, 0xf8, 0xff, 0x00, 0x00, 0xf8, 0xff, 0x00, 0x00, 0xf8, 0xff,
    0x00, 0x00, 0xf8, 0xff, 0x00, 0x00, 0xf8, 0xff, 0x00, 0x00, 0xf8, 0xff,
    0x00, 0x00, 0xf8, 0xff, 0x00, 0x00, 0xf8, 0xff, 0x00, 0x00, 0xf8, 0xff,
    0x00, 0x00, 0xf8, 0xff, 0x00, 0x00, 0xf8, 0xff, 0x00, 0x00, 0xf8, 0xff,
    0x00, 0x00, 0xf8, 0xff, 0x00, 0x00, 0xf8, 0xff, 0x00, 0x00, 0xf8, 0xff,
    0x00, 0x00, 0xf8, 0xff, 0x00, 0x00, 0xf8, 0xff, 0x00, 0x00, 0xf8, 0xff,
    0x00, 0x00, 0xf8, 0xff, 0x00, 0x00, 0xf8, 0xff, 0x00, 0x00, 0xf8, 0xff,
    0x00, 0x00, 0xf8, 0xff, 0x00, 0x00, 0xf8, 0xff, 0x00, 0x00, 0xf8, 0xff,
    0x00, 0x00, 0xf8, 0xff, 0x00, 0x00, 0xf8, 0xff, 0x00, 0x00, 0xf8, 0x49,
    0xf8, 0xfc, 0xf8, 0x00, 0xf8, 0xfc, 0xf8, 0x00, 0xf8, 0xfc, 0xf8, 0x00,
    0xf8, 0xfc, 0xf8, 0x00, 0xf8, 0xfc, 0xf8, 0x00, 0xf8, 0xfc, 0xf8, 0x00,
    0xf8, 0xfc, 0xf8, 0x00, 0xf8, 0xfc, 0xf8, 0x00, 0xf8, 0xfc, 0xf8, 0x00,
    0xf8, 0xfc, 0xf8, 0x00, 0xf8, 0xfc, 0xf8, 0x00, 0xf8, 0xfc, 0xf8, 0x00,
    0xf8, 0xfc, 0xf8, 0x00, 0xf8, 0xfc, 0xf8, 0x00, 0xf8, 0xfc, 0xf8, 0x00,
    0xf8, 0xfc, 0xf8, 0x00, 0xf8, 0xfc, 0xf8, 0x00, 0xf8, 0xfc, 0xf8, 0x00,
    0xf8, 0xfc, 0xf8, 0x00, 0xf8, 0xfc, 0xf8, 0x00, 0xf8, 0xfc, 0xf8, 0x00,
    0xf8, 0xfc, 0xf8, 0x00, 0xf8, 0xfc, 0xf8, 0x00, 0xf8, 0xfc, 0xf8, 0x00,
    0xf8, 0xfc, 0xf8, 0x00, 0xf8, 0xfc, 0xf8, 0x00, 0xf8, 0xfc, 0xf8, 0x00,
    0xf8, 0xfc, 0xf8, 0x00, 0xf8, 0xfc, 0xf8, 0x00, 0xf8, 0xfc, 0xf8, 0x00,
    0xf8, 0xfc, 0xf8, 0x00, 0xf8, 0xfc, 0xf8, 0x00, 0xf8, 0xfc, 0xf8, 0x00,
    0xf8, 0xfc, 0xf8, 0x00, 0xf8, 0xfc, 0xf8, 0x00, 0xf8, 0xfc, 0xf8, 0x00,
    0xf8, 0xfc, 0xf8, 0x00, 0xf8, 0xfc, 0xf8, 0x00, 0xf8, 0xfc, 0xf8, 0x00,
    0xf8, 0xfc, 0xf8, 0x00, 0xf8, 0xfc, 0xf8, 0x00, 0xf8, 0xfc, 0xf8, 0x00,
    0xf8, 0xfc, 0xf8, 0x00, 0xf8, 0xfc, 0xf8, 0x00, 0xf8, 0xfc, 0xf8, 0x00,
    0xf8, 0xfc, 0xf8, 0x00, 0xf8, 0xfc, 0xf8, 0x00, 0xf8, 0xfc, 0xf8, 0x00,
    0xf8, 0xfc, 0xf8, 0x00, 0xf8, 0xfc, 0xf8, 0x00, 0x00, 0x00, 0xf8, 0x61,
    0x00, 0x00, 0xf8, 0xff, 0x00, 0x00, 0xf8, 0xff, 0x00, 0x00, 0xf8, 0xff,
    0x00, 0x00, 0xf8, 0xff, 0x00, 0x00, 0xf8, 0xff, 0x00, 0x00, 0xf8, 0xff,
    0x00, 0x00, 0xf8, 0xff, 0x00, 0x00, 0xf8, 0xff, 0x00, 0x00, 0xf8, 0xff,
    0x00, 0x00, 0xf8, 0xff, 0x00, 0x00, 0xf8, 0xff, 0x00, 0x00, 0xf8, 0xff,
    0x00, 0x00, 0xf8, 0xff, 0x00, 0x00, 0xf8, 0xff, 0x00, 0x00, 0xf8, 0xff,
    0x00, 0x00, 0xf8, 0xff, 0x00, 0x00, 0xf8, 0xff, 0x00, 0x00, 0xf8, 0xff,
    0x00, 0x00, 0xf8, 0xff, 0x00, 0x00, 0xf8, 0xff, 0x00, 0x00, 0xf8, 0xff,
    0x00, 0x00, 0xf8, 0xff, 0x00, 0x00, 0xf8, 0xff, 0x00, 0x00, 0xf8, 0xff,
    0x00, 0x00, 0xf8, 0xff, 0x00, 0x00, 0xf8, 0xff, 0x00, 0x00, 0xf8, 0xff,
    0x00, 0x00, 0xf8, 0xff, 0x00, 0x00, 0xf8, 0xff, 0x00, 0x00, 0xf8, 0xff,
    0x00, 0x00, 0xf8, 0xff, 0x00, 0x00, 0xf8, 0xff, 0x00, 0x00, 0xf8, 0xff,
    0x00, 0x00, 0xf8, 0xff, 0x00, 0x00, 0xf8, 0xff, 0x00, 0x00, 0xf8, 0xff,
    0x00, 0x00, 0xf8, 0xff, 0x00, 0x00, 0xf8, 0xff, 0x00, 0x00, 0xf8, 0xff,
    0x00, 0x00, 0xf8, 0xff, 0x00, 0x00, 0xf8, 0xff, 0x00, 0x00, 0xf8, 0xff,
    0x00, 0x00, 0xf8, 0xff, 0x00, 0x00, 0xf8, 0xff, 0x00, 0x00, 0xf8, 0xff,
    0x00, 0x00, 0xf8, 0xff, 0x00, 0x00, 0xf8, 0xff, 0x00, 0x00, 0xf8, 0xff,
    0x00, 0x00, 0xf8, 0xff, 0x00, 0x00, 0xf8, 0xff, 0x00, 0x00, 0xf8, 0xff,
    0x00, 0x00, 0xf8, 0xff, 0x00, 0x00, 0xf8, 0xff, 0x00, 0x00, 0xf8, 0xff,
    0x00, 0x00, 0xf8, 0xff, 0x00, 0x00, 0xf8, 0xff, 0x00, 0x00, 0xf8, 0xff,
    0x00, 0x00, 0xf8, 0xff, 0x00, 0x00, 0xf8, 0xff, 0x00, 0x00, 0xf8, 0xff,
    0x00, 0x00, 0xf8, 0xff, 0x00, 0x00, 0xf8, 0xff, 0x00, 0x00, 0xf8, 0xff,
    0x00, 0x00, 0xf8, 0xff, 0x00, 0x00, 0xf8, 0xff, 0x00, 0x00, 0xf8, 0xff,
    0x00, 0x00, 0xf8, 0xff, 0x00, 0x00, 0xf8, 0xff, 0x00, 0x00, 0xf8, 0xff,
    0x00, 0x00, 0xf8, 0xff, 0x00, 0x00, 0xf8, 0xff, 0x00, 0x00, 0xf8, 0xff,
    0x00, 0x00, 0xf8, 0xff, 0x00, 0x00, 0xf8, 0xff, 0x00, 0x00, 0xf8, 0xff,
    0x00, 0x00, 0xf8, 0xff, 0x00, 0x00, 0xf8, 0xff, 0x00, 0x00, 0xf8, 0xff,
    0x00, 0x00, 0xf8, 0xff, 0x00, 0x00, 0xf8, 0xff, 0x00, 0x00, 0xf8, 0xff,
    0x00, 0x00, 0xf8, 0xff, 0x00, 0x00, 0xf8, 0xff, 0x00, 0x00, 0xf8, 0xff,
    0x00, 0x00, 0xf8, 0xff, 0x00, 0x00, 0xf8, 0xff, 0x00, 0x00, 0xf8, 0xff,
    0x00, 0x00, 0xf8, 0xff, 0x00, 0x00, 0xf8, 0xff, 0x00, 0x00, 0xf8, 0xff,
    0x00, 0x00, 0xf8, 0xff, 0x00, 0x00, 0xf8, 0xff, 0x00, 0x00, 0xf8, 0xff,
    0x00, 0x00, 0xf8, 0xff, 0x00, 0x00, 0xf8, 0xff, 0x00, 0x00, 0xf8, 0xff,
    0x00, 0x00, 0xf8, 0xff, 0x00, 0x00, 0xf8, 0xff, 0x00, 0x00, 0xf8, 0xff,
    0x00, 0x00, 0xf8, 0xff, 0x00, 0x00, 0xf8, 0xff, 0x00, 0x00, 0xf8, 0xff,
    0x00, 0x00, 0xf8, 0x61, 0xf8, 0xfc, 0xf8, 0x00, 0xf8, 0xfc, 0xf8, 0x00,
    0xf8, 0xfc, 0xf8, 0x00, 0xf8, 0xfc, 0xf8, 0x00, 0xf8, 0xfc, 0xf8, 0x00,
    0xf8, 0xfc, 0xf8, 0x00, 0xf8, 0xfc, 0xf8, 0x00, 0xf8, 0xfc, 0xf8, 0x00,
    0xf8, 0xfc, 0xf8, 0x00, 0xf8, 0xfc, 0xf8, 0x00, 0xf8, 0xfc, 0xf8, 0x00,
    0xf8, 0xfc, 0xf8, 0x00, 0xf8, 0xfc, 0xf8, 0x00, 0xf8, 0xfc, 0xf8, 0x00,
    0xf8, 0xfc, 0xf8, 0x00, 0xf8, 0xfc, 0xf8, 0x00, 0xf8, 0xfc, 0xf8, 0x00,
    0xf8, 0xfc, 0xf8, 0x00, 0xf8, 0xfc, 0xf8, 0x00, 0xf8, 0xfc, 0xf8, 0x00,
    0xf8, 0xfc, 0xf8, 0x00, 0xf8, 0xfc, 0xf8, 0x00, 0xf8, 0xfc, 0xf8, 0x00,
    0xf8, 0xfc, 0xf8, 0x00, 0xf8, 0xfc, 0xf8, 0x00, 0xf8, 0xfc, 0xf8, 0x00,
    0xf8, 0xfc, 0xf8, 0x00, 0xf8, 0xfc, 0xf8, 0x00, 0xf8, 0xfc, 0xf8, 0x00,
    0xf8, 0xfc, 0xf8, 0x00, 0xf8, 0xfc, 0xf8, 0x00, 0xf8, 0xfc, 0xf8, 0x00,
    0xf8, 0xfc, 0xf8, 0x00, 0xf8, 0xfc, 0xf8, 0x00, 0xf8, 0xfc, 0xf8, 0x00,
    0xf8, 0xfc, 0xf8, 0x00, 0xf8, 0xfc, 0xf8, 0x00, 0xf8, 0xfc, 0xf8, 0x00,
    0xf8, 0xfc, 0xf8, 0x00, 0xf8, 0xfc, 0xf8, 0x00, 0xf8, 0xfc, 0xf8, 0x00,
    0xf8, 0xfc, 0xf8, 0x00, 0xf8, 0xfc, 0xf8, 0x00, 0xf8, 0xfc, 0xf8, 0x00,
    0xf8, 0xfc, 0xf8, 0x00, 0xf8, 0xfc, 0xf8, 0x00, 0xf8, 0xfc, 0xf8, 0x00,
    0xf8, 0xfc, 0xf8, 0x00, 0xf8, 0xfc, 0xf8, 0x00, 0xf8, 0xfc, 0xf8, 0x00,
    0x00, 0x00, 0xf8, 0x79, 0x00, 0x00, 0xf8, 0xfb, 0x00, 0x00, 0xf8, 0xff,
    0x00, 0x00, 0xf8, 0xff, 0x00, 0x00, 0xf8, 0xff, 0x00, 0x00, 0xf8, 0xff,
    0x00, 0x00, 0xf8, 0xff, 0x00, 0x00, 0xf8, 0xff, 0x00, 0x00, 0xf8, 0xff,
    0x00, 0x00, 0xf8, 0xff, 0x00, 0x00, 0xf8, 0xff, 0x00, 0x00, 0xf8, 0xff,
    0x00, 0x00, 0xf8, 0xff, 0x00, 0x00, 0xf8, 0xff, 0x00, 0x00, 0xf8, 0xff,
    0x00, 0x00, 0xf8, 0xff, 0x00, 0x00, 0xf8, 0xff, 0x00, 0x00, 0xf8, 0xff,
    0x00, 0x00, 0xf8, 0xff, 0x00, 0x00, 0xf8, 0xff, 0x00, 0x00, 0xf8, 0xff,
    0x00, 0x00, 0xf8, 0xff, 0x00, 0x00, 0xf8, 0xff, 0x00, 0x00, 0xf8, 0xff,
    0x00, 0x00, 0xf8, 0xff, 0x00, 0x00, 0xf8, 0xff, 0x00, 0x00, 0xf8, 0xff,
    0x00, 0x00, 0xf8, 0xff, 0x00, 0x00, 0xf8, 0xff, 0x00, 0x00, 0xf8, 0xff,
    0x00, 0x00, 0xf8, 0xff, 0x00, 0x00, 0xf8, 0xff, 0x00, 0x00, 0xf8, 0xff,
    0x00, 0x00, 0xf8, 0xff, 0x00, 0x00, 0xf8, 0xff, 0x00, 0x00, 0xf8, 0xff,
    0x00, 0x00, 0xf8, 0xff, 0x00, 0x00, 0xf8, 0xff, 0x00, 0x00, 0xf8, 0xff,
    0x00, 0x00, 0xf8, 0xff, 0x00, 0x00, 0xf8, 0xff, 0x00, 0x00, 0xf8, 0xff,
    0x00, 0x00, 0xf8, 0xff, 0x00, 0x00, 0xf8, 0xff, 0x00, 0x00, 0xf8, 0xff,
    0x00, 0x00, 0xf8, 0xff, 0x00, 0x00, 0xf8, 0xff, 0x00, 0x00, 0xf8, 0xff,
    0x00, 0x00, 0xf8, 0xff, 0x00, 0x00, 0xf8, 0xff, 0x00, 0x00, 0xf8, 0xff,
    0x00, 0x00, 0xf8, 0xff, 0x00, 0x00, 0xf8, 0xff, 0x00, 0x00, 0xf8, 0xff,
    0x00, 0x00, 0xf8, 0xff, 0x00, 0x00, 0xf8, 0xff, 0x00, 0x00, 0xf8, 0xff,
    0x00, 0x00, 0xf8, 0xff, 0x00, 0x00, 0xf8, 0xff, 0x00, 0x00, 0xf8, 0xff,
    0x00, 0x00, 0xf8, 0xff, 0x00, 0x00, 0xf8, 0xff, 0x00, 0x00, 0xf8, 0xff,
    0x00, 0x00, 0xf8, 0xff, 0x00, 0x00, 0xf8, 0xff, 0x00, 0x00, 0xf8, 0xff,
    0x00, 0x00, 0xf8, 0xff, 0x00, 0x00, 0xf8, 0xff, 0x00, 0x00, 0xf8, 0xff,
    0x00, 0x00, 0xf8, 0xff, 0x00, 0x00, 0xf8, 0xff, 0x00, 0x00, 0xf8, 0xff,
    0x00, 0x00, 0xf8, 0xff, 0x00, 0x00, 0xf8, 0xff, 0x00, 0x00, 0xf8, 0xff,
    0x00, 0x00, 0xf8, 0xff, 0x00, 0x00, 0xf8, 0xff, 0x00, 0x00, 0xf8, 0xff,
    0x00, 0x00, 0xf8, 0xff, 0x00, 0x00, 0xf8, 0xff, 0x00, 0x00, 0xf8, 0xff,
    0x00, 0x00, 0xf8, 0xff, 0x00, 0x00, 0xf8, 0xff, 0x00, 0x00, 0xf8, 0xff,
    0x00, 0x00, 0xf8, 0xff, 0x00, 0x00, 0xf8, 0xff, 0x00, 0x00, 0xf8, 0xff,
    0x00, 0x00, 0xf8, 0xff, 0x00, 0x00, 0xf8, 0xff, 0x00, 0x00, 0xf8, 0xff,
    0x00, 0x00, 0xf8, 0xff, 0x00, 0x00, 0xf8, 0xff, 0x00, 0x00, 0xf8, 0xff,
    0x00, 0x00, 0xf8, 0xff, 0x00, 0x00, 0xf8, 0xff, 0x00, 0x00, 0xf8, 0xff,
    0x00, 0x00, 0xf8, 0xff, 0x00, 0x00, 0xf8, 0xff, 0x00, 0x00, 0xf8, 0xff,
    0x00, 0x00, 0xf8, 0xff, 0x00, 0x00, 0xf8, 0xff, 0x00, 0x00, 0xf8, 0xff,
    0x00, 0x00, 0xf8, 0xfb, 0x00, 0x00, 0xf8, 0x75, 0xf8, 0xfc, 0xf8, 0x00,
    0xf8, 0xfc, 0xf8, 0x00, 0xf8, 0xfc, 0xf8, 0x00, 0xf8, 0xfc, 0xf8, 0x00,
    0xf8, 0xfc, 0xf8, 0x00, 0xf8, 0xfc, 0xf8, 0x00, 0xf8, 0xfc, 0xf8, 0x00,
    0xf8, 0xfc, 0xf8, 0x00, 0xf8, 0xfc, 0xf8, 0x00, 0xf8, 0xfc, 0xf8, 0x00,
    0xf8, 0xfc, 0xf8, 0x00, 0xf8, 0xfc, 0xf8, 0x00, 0xf8, 0xfc, 0xf8, 0x00,
    0xf8, 0xfc, 0xf8, 0x00, 0xf8, 0xfc, 0xf8, 0x00, 0xf8, 0xfc, 0xf8, 0x00,
    0xf8, 0xfc, 0xf8, 0x00, 0xf8, 0xfc, 0xf8, 0x00, 0xf8, 0xfc, 0xf8, 0x00,
    0xf8, 0xfc, 0xf8, 0x00, 0xf8, 0xfc, 0xf8, 0x00, 0xf8, 0xfc, 0xf8, 0x00,
    0xf8, 0xfc, 0xf8, 0x00, 0xf8, 0xfc, 0xf8, 0x00, 0xf8, 0xfc, 0xf8, 0x00,
    0xf8, 0xfc, 0xf8, 0x00, 0xf8, 0xfc, 0xf8, 0x00, 0xf8, 0xfc, 0xf8, 0x00,
    0xf8, 0xfc, 0xf8, 0x00, 0xf8, 0xfc, 0xf8, 0x00, 0xf8, 0xfc, 0xf8, 0x00,
    0xf8, 0xfc, 0xf8, 0x00, 0xf8, 0xfc, 0xf8, 0x00, 0xf8, 0xfc, 0xf8, 0x00,
    0xf8, 0xfc, 0xf8, 0x00, 0xf8, 0xfc, 0xf8, 0x00, 0xf8, 0xfc, 0xf8, 0x00,
    0xf8, 0xfc, 0xf8, 0x00, 0xf8, 0xfc, 0xf8, 0x00, 0xf8, 0xfc, 0xf8, 0x00,
    0xf8, 0xfc, 0xf8, 0x00, 0xf8, 0xfc, 0xf8, 0x00, 0xf8, 0xfc, 0xf8, 0x00,
    0xf8, 0xfc, 0xf8, 0x00, 0xf8, 0xfc, 0xf8, 0x00, 0xf8, 0xfc, 0xf8, 0x00,
    0xf8, 0xfc, 0xf8, 0x00, 0xf8, 0xfc, 0xf8, 0x00, 0xf8, 0xfc, 0xf8, 0x00,
    0xf8, 0xfc, 0xf8, 0x00, 0x00, 0x00, 0xf8, 0x7d, 0x00, 0x00, 0xf8, 0xfb,
    0x00, 0x00, 0xf8, 0xff, 0x00, 0x00, 0xf8, 0xff, 0x00, 0x00, 0xf8, 0xff,
    0x00, 0x00, 0xf8, 0xff, 0x00, 0x00, 0xf8, 0xff, 0x00, 0x00, 0xf8, 0xff,
    0x00, 0x00, 0xf8, 0xff, 0x00, 0x00, 0xf8, 0xff, 0x00, 0x00, 0xf8, 0xff,
    0x00, 0x00, 0xf8, 0xff, 0x00, 0x00, 0xf8, 0xff, 0x00, 0x00, 0xf8, 0xff,
    0x00, 0x00, 0xf8, 0xff, 0x00, 0x00, 0xf8, 0xff, 0x00, 0x00, 0xf8, 0xff,
    0x00, 0x00, 0xf8, 0xff, 0x00, 0x00, 0xf8, 0xff, 0x00, 0x00, 0xf8, 0xff,
    0x00, 0x00, 0xf8, 0xff, 0x00, 0x00, 0xf8, 0xff, 0x00, 0x00, 0xf8, 0xff,
    0x00, 0x00, 0xf8, 0xff, 0x00, 0x00, 0xf8, 0xff, 0x00, 0x00, 0xf8, 0xff,
    0x00, 0x00, 0xf8, 0xff, 0x00, 0x00, 0xf8, 0xff, 0x00, 0x00, 0xf8, 0xff,
    0x00, 0x00, 0xf8, 0xff, 0x00, 0x00, 0xf8, 0xff, 0x00, 0x00, 0xf8, 0xff,
    0x00, 0x00, 0xf8, 0xff, 0x00, 0x00, 0xf8, 0xff, 0x00, 0x00, 0xf8, 0xff,
    0x00, 0x00, 0xf8, 0xff, 0x00, 0x00, 0xf8, 0xff, 0x00, 0x00, 0xf8, 0xff,
    0x00, 0x00, 0xf8, 0xff, 0x00, 0x00, 0xf8, 0xff, 0x00, 0x00, 0xf8, 0xff,
    0x00, 0x00, 0xf8, 0xff, 0x00, 0x00, 0xf8, 0xff, 0x00, 0x00, 0xf8, 0xff,
    0x00, 0x00, 0xf8, 0xff, 0x00, 0x00, 0xf8, 0xff, 0x00, 0x00, 0xf8, 0xff,
    0x00, 0x00, 0xf8, 0xff, 0x00, 0x00, 0xf8, 0xff, 0x00, 0x00, 0xf8, 0xff,
    0x00, 0x00, 0xf8, 0xff, 0x00, 0x00, 0xf8, 0xff, 0x00, 0x00, 0xf8, 0xff,
    0x00, 0x00, 0xf8, 0xff, 0x00, 0x00, 0xf8, 0xff, 0x00, 0x00, 0xf8, 0xff,
    0x00, 0x00, 0xf8, 0xff, 0x00, 0x00, 0xf8, 0xff, 0x00, 0x00, 0xf8, 0xff,
    0x00, 0x00, 0xf8, 0xff, 0x00, 0x00, 0xf8, 0xff, 0x00, 0x00, 0xf8, 0xff,
    0x00, 0x00, 0xf8, 0xff, 0x00, 0x00, 0xf8, 0xff, 0x00, 0x00, 0xf8, 0xff,
    0x00, 0x00, 0xf8, 0xff, 0x00, 0x00, 0xf8, 0xff, 0x00, 0x00, 0xf8, 0xff,
    0x00, 0x00, 0xf8, 0xff, 0x00, 0x00, 0xf8, 0xff, 0x00, 0x00, 0xf8, 0xff,
    0x00, 0x00, 0xf8, 0xff, 0x00, 0x00, 0xf8, 0xff, 0x00, 0x00, 0xf8, 0xff,
    0x00, 0x00, 0xf8, 0xff, 0x00, 0x00, 0xf8, 0xff, 0x00, 0x00, 0xf8, 0xff,
    0x00, 0x00, 0xf8, 0xff, 0x00, 0x00, 0xf8, 0xff, 0x00, 0x00, 0xf8, 0xff,
    0x00, 0x00, 0xf8, 0xff, 0x00, 0x00, 0xf8, 0xff, 0x00, 0x00, 0xf8, 0xff,
    0x00, 0x00, 0xf8, 0xff, 0x00, 0x00, 0xf8, 0xff, 0x00, 0x00, 0xf8, 0xff,
    0x00, 0x00, 0xf8, 0xff, 0x00, 0x00, 0xf8, 0xff, 0x00, 0x00, 0xf8, 0xff,
    0x00, 0x00, 0xf8, 0xff, 0x00, 0x00, 0xf8, 0xff, 0x00, 0x00, 0xf8, 0xff,
    0x00, 0x00, 0xf8, 0xff, 0x00, 0x00, 0xf8, 0xff, 0x00, 0x00, 0xf8, 0xff,
    0x00, 0x00, 0xf8, 0xff, 0x00, 0x00, 0xf8, 0xff, 0x00, 0x00, 0xf8, 0xff,
    0x00, 0x00, 0xf8, 0xff, 0x00, 0x00, 0xf8, 0xff, 0x00, 0x00, 0xf8, 0xff,
    0x00, 0x00, 0xf8, 0xff, 0x00, 0x00, 0xf8, 0xfb, 0x00, 0x00, 0xf8, 0x7d,
    0xf8, 0xfc, 0xf8, 0x00, 0xf8, 0xfc, 0xf8, 0x00, 0xf8, 0xfc, 0xf8, 0x00,
    0xf8, 0xfc, 0xf8, 0x00, 0xf8, 0xfc, 0xf8, 0x00, 0xf8, 0xfc, 0xf8, 0x00,
    0xf8, 0xfc, 0xf8, 0x00, 0xf8, 0xfc, 0xf8, 0x00, 0xf8, 0xfc, 0xf8, 0x00,
    0xf8, 0xfc, 0xf8, 0x00, 0xf8, 0xfc, 0xf8, 0x00, 0xf8, 0xfc, 0xf8, 0x00,
    0xf8, 0xfc, 0xf8, 0x00, 0xf8, 0xfc, 0xf8, 0x00, 0xf8, 0xfc, 0xf8, 0x00,
    0xf8, 0xfc, 0xf8, 0x00, 0xf8, 0xfc, 0xf8, 0x00, 0xf8, 0xfc, 0xf8, 0x00,
    0xf8, 0xfc, 0xf8, 0x00, 0xf8, 0xfc, 0xf8, 0x00, 0xf8, 0xfc, 0xf8, 0x00,
    0xf8, 0xfc, 0xf8, 0x00, 0xf8, 0xfc, 0xf8, 0x00, 0xf8, 0xfc, 0xf8, 0x00,
    0xf8, 0xfc, 0xf8, 0x00, 0xf8, 0xfc, 0xf8, 0x00, 0xf8, 0xfc, 0xf8, 0x00,
    0xf8, 0xfc, 0xf8, 0x00, 0xf8, 0xfc, 0xf8, 0x00, 0xf8, 0xfc, 0xf8, 0x00,
    0xf8, 0xfc, 0xf8, 0x00, 0xf8, 0xfc, 0xf8, 0x00, 0xf8, 0xfc, 0xf8, 0x00,
    0xf8, 0xfc, 0xf8, 0x00, 0xf8, 0xfc, 0xf8, 0x00, 0xf8, 0xfc, 0xf8, 0x00,
    0xf8, 0xfc, 0xf8, 0x00, 0xf8, 0xfc, 0xf8, 0x00, 0xf8, 0xfc, 0xf8, 0x00,
    0xf8, 0xfc, 0xf8, 0x00, 0xf8, 0xfc, 0xf8, 0x00, 0xf8, 0xfc, 0xf8, 0x00,
    0xf8, 0xfc, 0xf8, 0x00, 0xf8, 0xfc, 0xf8, 0x00, 0xf8, 0xfc, 0xf8, 0x00,
    0xf8, 0xfc, 0xf8, 0x00, 0xf8, 0xfc, 0xf8, 0x00, 0xf8, 0xfc, 0xf8, 0x00,
    0xf8, 0xfc, 0xf8, 0x00, 0xf8, 0xfc, 0xf8, 0x00, 0x00, 0x00, 0xf8, 0x82,
    0x00, 0x00, 0xf8, 0xfb, 0x00, 0x00, 0xf8, 0xff, 0x00, 0x00, 0xf8, 0xff,
    0x00, 0x00, 0xf8, 0xff, 0x00, 0x00, 0xf8, 0xff, 0x00, 0x00, 0xf8, 0xff,
    0x00, 0x00, 0xf8, 0xff, 0x00, 0x00, 0xf8, 0xff, 0x00, 0x00, 0xf8, 0xff,
    0x00, 0x00, 0xf8, 0xff, 0x00, 0x00, 0xf8, 0xff, 0x00, 0x00, 0xf8, 0xff,
    0x00, 0x00, 0xf8, 0xff, 0x00, 0x00, 0xf8, 0xff, 0x00, 0x00, 0xf8, 0xff,
    0x00, 0x00, 0xf8, 0xff, 0x00, 0x00, 0xf8, 0xff, 0x00, 0x00, 0xf8, 0xff,
    0x00, 0x00, 0xf8, 0xff, 0x00, 0x00, 0xf8, 0xff, 0x00, 0x00, 0xf8, 0xff,
    0x00, 0x00, 0xf8, 0xff, 0x00, 0x00, 0xf8, 0xff, 0x00, 0x00, 0xf8, 0xff,
    0x00, 0x00, 0xf8, 0xff, 0x00, 0x00, 0xf8, 0xff, 0x00, 0x00, 0xf8, 0xff,
    0x00, 0x00, 0xf8, 0xff, 0x00, 0x00, 0xf8, 0xff, 0x00, 0x00, 0xf8, 0xff,
    0x00, 0x00, 0xf8, 0xff, 0x00, 0x00, 0xf8, 0xff, 0x00, 0x00, 0xf8, 0xff,
    0x00, 0x00, 0xf8, 0xff, 0x00, 0x00, 0xf8, 0xff, 0x00, 0x00, 0xf8, 0xff,
    0x00, 0x00, 0xf8, 0xff, 0x00, 0x00, 0xf8, 0xff, 0x00, 0x00, 0xf8, 0xff,
    0x00, 0x00, 0xf8, 0xff, 0x00, 0x00, 0xf8, 0xff, 0x00, 0x00, 0xf8, 0xff,
    0x00, 0x00, 0xf8, 0xff, 0x00, 0x00, 0xf8, 0xff, 0x00, 0x00, 0xf8, 0xff,
    0x00, 0x00, 0xf8, 0xff, 0x00, 0x00, 0xf8, 0xff, 0x00, 0x00, 0xf8, 0xff,
    0x00, 0x00, 0xf8, 0xff, 0x00, 0x00, 0xf8, 0xff, 0x00, 0x00, 0xf8, 0xff,
    0x00, 0x00, 0xf8, 0xff, 0x00, 0x00, 0xf8, 0xff, 0x00, 0x00, 0xf8, 0xff,
    0x00, 0x00, 0xf8, 0xff, 0x00, 0x00, 0xf8, 0xff, 0x00, 0x00, 0xf8, 0xff,
    0x00, 0x00, 0xf8, 0xff, 0x00, 0x00, 0xf8, 0xff, 0x00, 0x00, 0xf8, 0xff,
    0x00, 0x00, 0xf8, 0xff, 0x00, 0x00, 0xf8, 0xff, 0x00, 0x00, 0xf8, 0xff,
    0x00, 0x00, 0xf8, 0xff, 0x00, 0x00, 0xf8, 0xff, 0x00, 0x00, 0xf8, 0xff,
    0x00, 0x00, 0xf8, 0xff, 0x00, 0x00, 0xf8, 0xff, 0x00, 0x00, 0xf8, 0xff,
    0x00, 0x00, 0xf8, 0xff, 0x00, 0x00, 0xf8, 0xff, 0x00, 0x00, 0xf8, 0xff,
    0x00, 0x00, 0xf8, 0xff, 0x00, 0x00, 0xf8, 0xff, 0x00, 0x00, 0xf8, 0xff,
    0x00, 0x00, 0xf8, 0xff, 0x00, 0x00, 0xf8, 0xff, 0x00, 0x00, 0xf8, 0xff,
    0x00, 0x00, 0xf8, 0xff, 0x00, 0x00, 0xf8, 0xff, 0x00, 0x00, 0xf8, 0xff,
    0x00, 0x00, 0xf8, 0xff, 0x00, 0x00, 0xf8, 0xff, 0x00, 0x00, 0xf8, 0xff,
    0x00, 0x00, 0xf8, 0xff, 0x00, 0x00, 0xf8, 0xff, 0x00, 0x00, 0xf8, 0xff,
    0x00, 0x00, 0xf8, 0xff, 0x00, 0x00, 0xf8, 0xff, 0x00, 0x00, 0xf8, 0xff,
    0x00, 0x00, 0xf8, 0xff, 0x00, 0x00, 0xf8, 0xff, 0x00, 0x00, 0xf8, 0xff,
    0x00, 0x00, 0xf8, 0xff, 0x00, 0x00, 0xf8, 0xff, 0x00, 0x00, 0xf8, 0xff,
    0x00, 0x00, 0xf8, 0xff, 0x00, 0x00, 0xf8, 0xff, 0x00, 0x00, 0xf8, 0xff,
    0x00, 0x00, 0xf8, 0xff, 0x00, 0x00, 0xf8, 0xff, 0x00, 0x00, 0xf8, 0xfb,
    0x00, 0x00, 0xf8, 0x82, 0xf8, 0xfc, 0xf8, 0x00, 0xf8, 0xfc, 0xf8, 0x00,
    0xf8, 0xfc, 0xf8, 0x00, 0xf8, 0xfc, 0xf8, 0x00, 0xf8, 0xfc, 0xf8, 0x00,
    0xf8, 0xfc, 0xf8, 0x00, 0xf8, 0xfc, 0xf8, 0x00, 0xf8, 0xfc, 0xf8, 0x00,
    0xf8, 0xfc, 0xf8, 0x00, 0xf8, 0xfc, 0xf8, 0x00, 0xf8, 0xfc, 0xf8, 0x00,
    0xf8, 0xfc, 0xf8, 0x00, 0xf8, 0xfc, 0xf8, 0x00, 0xf8, 0xfc, 0xf8, 0x00,
    0xf8, 0xfc, 0xf8, 0x00, 0xf8, 0xfc, 0xf8, 0x00, 0xf8, 0xfc, 0xf8, 0x00,
    0xf8, 0xfc, 0xf8, 0x00, 0xf8, 0xfc, 0xf8, 0x00, 0xf8, 0xfc, 0xf8, 0x00,
    0xf8, 0xfc, 0xf8, 0x00, 0xf8, 0xfc, 0xf8, 0x00, 0xf8, 0xfc, 0xf8, 0x00,
    0xf8, 0xfc, 0xf8, 0x00, 0xf8, 0xfc, 0xf8, 0x00, 0xf8, 0xfc, 0xf8, 0x00,
    0xf8, 0xfc, 0xf8, 0x00, 0xf8, 0xfc, 0xf8, 0x00, 0xf8, 0xfc, 0xf8, 0x00,
    0xf8, 0xfc, 0xf8, 0x00, 0xf8, 0xfc, 0xf8, 0x00, 0xf8, 0xfc, 0xf8, 0x00,
    0xf8, 0xfc, 0xf8, 0x00, 0xf8, 0xfc, 0xf8, 0x00, 0xf8, 0xfc, 0xf8, 0x00,
    0xf8, 0xfc, 0xf8, 0x00, 0xf8, 0xfc, 0xf8, 0x00, 0xf8, 0xfc, 0xf8, 0x00,
    0xf8, 0xfc, 0xf8, 0x00, 0xf8, 0xfc, 0xf8, 0x00, 0xf8, 0xfc, 0xf8, 0x00,
    0xf8, 0xfc, 0xf8, 0x00, 0xf8, 0xfc, 0xf8, 0x00, 0xf8, 0xfc, 0xf8, 0x00,
    0xf8, 0xfc, 0xf8, 0x00, 0xf8, 0xfc, 0xf8, 0x00, 0xf8, 0xfc, 0xf8, 0x00,
    0xf8, 0xfc, 0xf8, 0x00, 0xf8, 0xfc, 0xf8, 0x00, 0xf8, 0xfc, 0xf8, 0x00,
    0x00, 0x00, 0xf8, 0x82, 0x00, 0x00, 0xf8, 0xfb, 0x00, 0x00, 0xf8, 0xff,
    0x00, 0x00, 0xf8, 0xff, 0x00, 0x00, 0xf8, 0xff, 0x00, 0x00, 0xf8, 0xff,
    0x00, 0x00, 0xf8, 0xff, 0x00, 0x00, 0xf8, 0xff, 0x00, 0x00, 0xf8, 0xff,
    0x00, 0x00, 0xf8, 0xff, 0x00, 0x00, 0xf8, 0xff, 0x00, 0x00, 0xf8, 0xff,
    0x00, 0x00, 0xf8, 0xff, 0x00, 0x00, 0xf8, 0xff, 0x00, 0x00, 0xf8, 0xff,
    0x00, 0x00, 0xf8, 0xff, 0x00, 0x00, 0xf8, 0xff, 0x00, 0x00, 0xf8, 0xff,
    0x00, 0x00, 0xf8, 0xff, 0x00, 0x00, 0xf8, 0xff, 0x00, 0x00, 0xf8, 0xff,
    0x00, 0x00, 0xf8, 0xff, 0x00, 0x00, 0xf8, 0xff, 0x00, 0x00, 0xf8, 0xff,
    0x00, 0x00, 0xf8, 0xff, 0x00, 0x00, 0xf8, 0xff, 0x00, 0x00, 0xf8, 0xff,
    0x00, 0x00, 0xf8, 0xff, 0x00, 0x00, 0xf8, 0xff, 0x00, 0x00, 0xf8, 0xff,
    0x00, 0x00, 0xf8, 0xff, 0x00, 0x00, 0xf8, 0xff, 0x00, 0x00, 0xf8, 0xff,
    0x00, 0x00, 0xf8, 0xff, 0x00, 0x00, 0xf8, 0xff, 0x00, 0x00, 0xf8, 0xff,
    0x00, 0x00, 0xf8, 0xff, 0x00, 0x00, 0xf8, 0xff, 0x00, 0x00, 0xf8, 0xff,
    0x00, 0x00, 0xf8, 0xff, 0x00, 0x00, 0xf8, 0xff, 0x00, 0x00, 0xf8, 0xff,
    0x00, 0x00, 0xf8, 0xff, 0x00, 0x00, 0xf8, 0xff, 0x00, 0x00, 0xf8, 0xff,
    0x00, 0x00, 0xf8, 0xff, 0x00, 0x00, 0xf8, 0xff, 0x00, 0x00, 0xf8, 0xff,
    0x00, 0x00, 0xf8, 0xff, 0x00, 0x00, 0xf8, 0xff, 0x00, 0x00, 0xf8, 0xff,
    0x00, 0x00, 0xf8, 0xff, 0x00, 0x00, 0xf8, 0xff, 0x00, 0x00, 0xf8, 0xff,
    0x00, 0x00, 0xf8, 0xff, 0x00, 0x00, 0xf8, 0xff, 0x00, 0x00, 0xf8, 0xff,
    0x00, 0x00, 0xf8, 0xff, 0x00, 0x00, 0xf8, 0xff, 0x00, 0x00, 0xf8, 0xff,
    0x00, 0x00, 0xf8, 0xff, 0x00, 0x00, 0xf8, 0xff, 0x00, 0x00, 0xf8, 0xff,
    0x00, 0x00, 0xf8, 0xff, 0x00, 0x00, 0xf8, 0xff, 0x00, 0x00, 0xf8, 0xff,
    0x00, 0x00, 0xf8, 0xff, 0x00, 0x00, 0xf8, 0xff, 0x00, 0x00, 0xf8, 0xff,
    0x00, 0x00, 0xf8, 0xff, 0x00, 0x00, 0xf8, 0xff, 0x00, 0x00, 0xf8, 0xff,
    0x00, 0x00, 0xf8, 0xff, 0x00, 0x00, 0xf8, 0xff, 0x00, 0x00, 0xf8, 0xff,
    0x00, 0x00, 0xf8, 0xff, 0x00, 0x00, 0xf8, 0xff, 0x00, 0x00, 0xf8, 0xff,
    0x00, 0x00, 0xf8, 0xff, 0x00, 0x00, 0xf8, 0xff, 0x00, 0x00, 0xf8, 0xff,
    0x00, 0x00, 0xf8, 0xff, 0x00, 0x00, 0xf8, 0xff, 0x00, 0x00, 0xf8, 0xff,
    0x00, 0x00, 0xf8, 0xff, 0x00, 0x00, 0xf8, 0xff, 0x00, 0x00, 0xf8, 0xff,
    0x00, 0x00, 0xf8, 0xff, 0x00, 0x00, 0xf8, 0xff, 0x00, 0x00, 0xf8, 0xff,
    0x00, 0x00, 0xf8, 0xff, 0x00, 0x00, 0xf8, 0xff, 0x00, 0x00, 0xf8, 0xff,
    0x00, 0x00, 0xf8, 0xff, 0x00, 0x00, 0xf8, 0xff, 0x00, 0x00, 0xf8, 0xff,
    0x00, 0x00, 0xf8, 0xff, 0x00, 0x00, 0xf8, 0xff, 0x00, 0x00, 0xf8, 0xff,
    0x00, 0x00, 0xf8, 0xff, 0x00, 0x00, 0xf8, 0xff, 0x00, 0x00, 0xf8, 0xff,
    0x00, 0x00, 0xf8, 0xfb, 0x00, 0x00, 0xf8, 0x82, 0xf8, 0xfc, 0xf8, 0x00,
    0xf8, 0xfc, 0xf8, 0x00, 0xf8, 0xfc, 0xf8, 0x00, 0xf8, 0xfc, 0xf8, 0x00,
    0xf8, 0xfc, 0xf8, 0x00, 0xf8, 0xfc, 0xf8, 0x00, 0xf8, 0xfc, 0xf8, 0x00,
    0xf8, 0xfc, 0xf8, 0x00, 0xf8, 0xfc, 0xf8, 0x00, 0xf8, 0xfc, 0xf8, 0x00,
    0xf8, 0xfc, 0xf8, 0x00, 0xf8, 0xfc, 0xf8, 0x00, 0xf8, 0xfc, 0xf8, 0x00,
    0xf8, 0xfc, 0xf8, 0x00, 0xf8, 0xfc, 0xf8, 0x00, 0xf8, 0xfc, 0xf8, 0x00,
    0xf8, 0xfc, 0xf8, 0x00, 0xf8, 0xfc, 0xf8, 0x00, 0xf8, 0xfc, 0xf8, 0x00,
    0xf8, 0xfc, 0xf8, 0x00, 0xf8, 0xfc, 0xf8, 0x00, 0xf8, 0xfc, 0xf8, 0x00,
    0xf8, 0xfc, 0xf8, 0x00, 0xf8, 0xfc, 0xf8, 0x00, 0xf8, 0xfc, 0xf8, 0x00,
    0xf8, 0xfc, 0xf8, 0x00, 0xf8, 0xfc, 0xf8, 0x00, 0xf8, 0xfc, 0xf8, 0x00,
    0xf8, 0xfc, 0xf8, 0x00, 0xf8, 0xfc, 0xf8, 0x00, 0xf8, 0xfc, 0xf8, 0x00,
    0xf8, 0xfc, 0xf8, 0x00, 0xf8, 0xfc, 0xf8, 0x00, 0xf8, 0xfc, 0xf8, 0x00,
    0xf8, 0xfc, 0xf8, 0x00, 0xf8, 0xfc, 0xf8, 0x00, 0xf8, 0xfc, 0xf8, 0x00,
    0xf8, 0xfc, 0xf8, 0x00, 0xf8, 0xfc, 0xf8, 0x00, 0xf8, 0xfc, 0xf8, 0x00,
    0xf8, 0xfc, 0xf8, 0x00, 0xf8, 0xfc, 0xf8, 0x00, 0xf8, 0xfc, 0xf8, 0x00,
    0xf8, 0xfc, 0xf8, 0x00, 0xf8, 0xfc, 0xf8, 0x00, 0xf8, 0xfc, 0xf8, 0x00,
    0xf8, 0xfc, 0xf8, 0x00, 0xf8, 0xfc, 0xf8, 0x00, 0xf8, 0xfc, 0xf8, 0x00,
    0xf8, 0xfc, 0xf8, 0x00, 0x00, 0x00, 0xf8, 0x7d, 0x00, 0x00, 0xf8, 0xfb,
    0x00, 0x00, 0xf8, 0xff, 0x00, 0x00, 0xf8, 0xff, 0x00, 0x00, 0xf8, 0xff,
    0x00, 0x00, 0xf8, 0xff, 0x00, 0x00, 0xf8, 0xff, 0x00, 0x00, 0xf8, 0xff,
    0x00, 0x00, 0xf8, 0xff, 0x00, 0x00, 0xf8, 0xff, 0x00, 0x00, 0xf8, 0xff,
    0x00, 0x00, 0xf8, 0xff, 0x00, 0x00, 0xf8, 0xff, 0x00, 0x00, 0xf8, 0xff,
    0x00, 0x00, 0xf8, 0xff, 0x00, 0x00, 0xf8, 0xff, 0x00, 0x00, 0xf8, 0xff,
    0x00, 0x00, 0xf8, 0xff, 0x00, 0x00, 0xf8, 0xff, 0x00, 0x00, 0xf8, 0xff,
    0x00, 0x00, 0xf8, 0xff, 0x00, 0x00, 0xf8, 0xff, 0x00, 0x00, 0xf8, 0xff,
    0x00, 0x00, 0xf8, 0xff, 0x00, 0x00, 0xf8, 0xff, 0x00, 0x00, 0xf8, 0xff,
    0x00, 0x00, 0xf8, 0xff, 0x00, 0x00, 0xf8, 0xff, 0x00, 0x00, 0xf8, 0xff,
    0x00, 0x00, 0xf8, 0xff, 0x00, 0x00, 0xf8, 0xff, 0x00, 0x00, 0xf8, 0xff,
    0x00, 0x00, 0xf8, 0xff, 0x00, 0x00, 0xf8, 0xff, 0x00, 0x00, 0xf8, 0xff,
    0x00, 0x00, 0xf8, 0xff, 0x00, 0x00, 0xf8, 0xff, 0x00, 0x00, 0xf8, 0xff,
    0x00, 0x00, 0xf8, 0xff, 0x00, 0x00, 0xf8, 0xff, 0x00, 0x00, 0xf8, 0xff,
    0x00, 0x00, 0xf8, 0xff, 0x00, 0x00, 0xf8, 0xff, 0x00, 0x00, 0xf8, 0xff,
    0x00, 0x00, 0xf8, 0xff, 0x00, 0x00, 0xf8, 0xff, 0x00, 0x00, 0xf8, 0xff,
    0x00, 0x00, 0xf8, 0xff, 0x00, 0x00, 0xf8, 0xff, 0x00, 0x00, 0xf8, 0xff,
    0x00, 0x00, 0xf8, 0xff, 0x00, 0x00, 0xf8, 0xff, 0x00, 0x00, 0xf8, 0xff,
    0x00, 0x00, 0xf8, 0xff, 0x00, 0x00, 0xf8, 0xff, 0x00, 0x00, 0xf8, 0xff,
    0x00, 0x00, 0xf8, 0xff, 0x00, 0x00, 0xf8, 0xff, 0x00, 0x00, 0xf8, 0xff,
    0x00, 0x00, 0xf8, 0xff, 0x00, 0x00, 0xf8, 0xff, 0x00, 0x00, 0xf8, 0xff,
    0x00, 0x00, 0xf8, 0xff, 0x00, 0x00, 0xf8, 0xff, 0x00, 0x00, 0xf8, 0xff,
    0x00, 0x00, 0xf8, 0xff, 0x00, 0x00, 0xf8, 0xff, 0x00, 0x00, 0xf8, 0xff,
    0x00, 0x00, 0xf8, 0xff, 0x00, 0x00, 0xf8, 0xff, 0x00, 0x00, 0xf8, 0xff,
    0x00, 0x00, 0xf8, 0xff, 0x00, 0x00, 0xf8, 0xff, 0x00, 0x00, 0xf8, 0xff,
    0x00, 0x00, 0xf8, 0xff, 0x00, 0x00, 0xf8, 0xff, 0x00, 0x00, 0xf8, 0xff,
    0x00, 0x00, 0xf8, 0xff, 0x00, 0x00, 0xf8, 0xff, 0x00, 0x00, 0xf8, 0xff,
    0x00, 0x00, 0xf8, 0xff, 0x00, 0x00, 0xf8, 0xff, 0x00, 0x00, 0xf8, 0xff,
    0x00, 0x00, 0xf8, 0xff, 0x00, 0x00, 0xf8, 0xff, 0x00, 0x00, 0xf8, 0xff,
    0x00, 0x00, 0xf8, 0xff, 0x00, 0x00, 0xf8, 0xff, 0x00, 0x00, 0xf8, 0xff,
    0x00, 0x00, 0xf8, 0xff, 0x00, 0x00, 0xf8, 0xff, 0x00, 0x00, 0xf8, 0xff,
    0x00, 0x00, 0xf8, 0xff, 0x00, 0x00, 0xf8, 0xff, 0x00, 0x00, 0xf8, 0xff,
    0x00, 0x00, 0xf8, 0xff, 0x00, 0x00, 0xf8, 0xff, 0x00, 0x00, 0xf8, 0xff,
    0x00, 0x00, 0xf8, 0xff, 0x00, 0x00, 0xf8, 0xff, 0x00, 0x00, 0xf8, 0xff,
    0x00, 0x00, 0xf8, 0xff, 0x00, 0x00, 0xf8, 0xfb, 0x00, 0x00, 0xf8, 0x7d,
    0xf8, 0xfc, 0xf8, 0x00, 0xf8, 0xfc, 0xf8, 0x00, 0xf8, 0xfc, 0xf8, 0x00,
    0xf8, 0xfc, 0xf8, 0x00, 0xf8, 0xfc, 0xf8, 0x00, 0xf8, 0xfc, 0xf8, 0x00,
    0xf8, 0xfc, 0xf8, 0x00, 0xf8, 0xfc, 0xf8, 0x00, 0xf8, 0xfc, 0xf8, 0x00,
    0xf8, 0xfc, 0xf8, 0x00, 0xf8, 0xfc, 0xf8, 0x00, 0xf8, 0xfc, 0xf8, 0x00,
    0xf8, 0xfc, 0xf8, 0x00, 0xf8, 0xfc, 0xf8, 0x00, 0xf8, 0xfc, 0xf8, 0x00,
    0xf8, 0xfc, 0xf8, 0x00, 0xf8, 0xfc, 0xf8, 0x00, 0xf8, 0xfc, 0xf8, 0x00,
    0xf8, 0xfc, 0xf8, 0x00, 0xf8, 0xfc, 0xf8, 0x00, 0xf8, 0xfc, 0xf8, 0x00,
    0xf8, 0xfc, 0xf8, 0x00, 0xf8, 0xfc, 0xf8, 0x00, 0xf8, 0xfc, 0xf8, 0x00,
    0xf8, 0xfc, 0xf8, 0x00, 0xf8, 0xfc, 0xf8, 0x00, 0xf8, 0xfc, 0xf8, 0x00,
    0xf8, 0xfc, 0xf8, 0x00, 0xf8, 0xfc, 0xf8, 0x00, 0xf8, 0xfc, 0xf8, 0x00,
    0xf8, 0xfc, 0xf8, 0x00, 0xf8, 0xfc, 0xf8, 0x00, 0xf8, 0xfc, 0xf8, 0x00,
    0xf8, 0xfc, 0xf8, 0x00, 0xf8, 0xfc, 0xf8, 0x00, 0xf8, 0xfc, 0xf8, 0x00,
    0xf8, 0xfc, 0xf8, 0x00, 0xf8, 0xfc, 0xf8, 0x00, 0xf8, 0xfc, 0xf8, 0x00,
    0xf8, 0xfc, 0xf8, 0x00, 0xf8, 0xfc, 0xf8, 0x00, 0xf8, 0xfc, 0xf8, 0x00,
    0xf8, 0xfc, 0xf8, 0x00, 0xf8, 0xfc, 0xf8, 0x00, 0xf8, 0xfc, 0xf8, 0x00,
    0xf8, 0xfc, 0xf8, 0x00, 0xf8, 0xfc, 0xf8, 0x00, 0xf8, 0xfc, 0xf8, 0x00,
    0xf8, 0xfc, 0xf8, 0x00, 0xf8, 0xfc, 0xf8, 0x00, 0x00, 0x00, 0xf8, 0x79,
    0x00, 0x00, 0xf8, 0xfb, 0x00, 0x00, 0xf8, 0xff, 0x00, 0x00, 0xf8, 0xff,
    0x00, 0x00, 0xf8, 0xff, 0x00, 0x00, 0xf8, 0xff, 0x00, 0x00, 0xf8, 0xff,
    0x00, 0x00, 0xf8, 0xff, 0x00, 0x00, 0xf8, 0xff, 0x00, 0x00, 0xf8, 0xff,
    0x00, 0x00, 0xf8, 0xff, 0x00, 0x00, 0xf8, 0xff, 0x00, 0x00, 0xf8, 0xff,
    0x00, 0x00, 0xf8, 0xff, 0x00, 0x00, 0xf8, 0xff, 0x00, 0x00, 0xf8, 0xff,
    0x00, 0x00, 0xf8, 0xff, 0x00, 0x00, 0xf8, 0xff, 0x00, 0x00, 0xf8, 0xff,
    0x00, 0x00, 0xf8, 0xff, 0x00, 0x00, 0xf8, 0xff, 0x00, 0x00, 0xf8, 0xff,
    0x00, 0x00, 0xf8, 0xff, 0x00, 0x00, 0xf8, 0xff, 0x00, 0x00, 0xf8, 0xff,
    0x00, 0x00, 0xf8, 0xff, 0x00, 0x00, 0xf8, 0xff, 0x00, 0x00, 0xf8, 0xff,
    0x00, 0x00, 0xf8, 0xff, 0x00, 0x00, 0xf8, 0xff, 0x00, 0x00, 0xf8, 0xff,
    0x00, 0x00, 0xf8, 0xff, 0x00, 0x00, 0xf8, 0xff, 0x00, 0x00, 0xf8, 0xff,
    0x00, 0x00, 0xf8, 0xff, 0x00, 0x00, 0xf8, 0xff, 0x00, 0x00, 0xf8, 0xff,
    0x00, 0x00, 0xf8, 0xff, 0x00, 0x00, 0xf8, 0xff, 0x00, 0x00, 0xf8, 0xff,
    0x00, 0x00, 0xf8, 0xff, 0x00, 0x00, 0xf8, 0xff, 0x00, 0x00, 0xf8, 0xff,
    0x00, 0x00, 0xf8, 0xff, 0x00, 0x00, 0xf8, 0xff, 0x00, 0x00, 0xf8, 0xff,
    0x00, 0x00, 0xf8, 0xff, 0x00, 0x00, 0xf8, 0xff, 0x00, 0x00, 0xf8, 0xff,
    0x00, 0x00, 0xf8, 0xff, 0x00, 0x00, 0xf8, 0xff, 0x00, 0x00, 0xf8, 0xff,
    0x00, 0x00, 0xf8, 0xff, 0x00, 0x00, 0xf8, 0xff, 0x00, 0x00, 0xf8, 0xff,
    0x00, 0x00, 0xf8, 0xff, 0x00, 0x00, 0xf8, 0xff, 0x00, 0x00, 0xf8, 0xff,
    0x00, 0x00, 0xf8, 0xff, 0x00, 0x00, 0xf8, 0xff, 0x00, 0x00, 0xf8, 0xff,
    0x00, 0x00, 0xf8, 0xff, 0x00, 0x00, 0xf8, 0xff, 0x00, 0x00, 0xf8, 0xff,
    0x00, 0x00, 0xf8, 0xff, 0x00, 0x00, 0xf8, 0xff, 0x00, 0x00, 0xf8, 0xff,
    0x00, 0x00, 0xf8, 0xff, 0x00, 0x00, 0xf8, 0xff, 0x00, 0x00, 0xf8, 0xff,
    0x00, 0x00, 0xf8, 0xff, 0x00, 0x00, 0xf8, 0xff, 0x00, 0x00, 0xf8, 0xff,
    0x00, 0x00, 0xf8, 0xff, 0x00, 0x00, 0xf8, 0xff, 0x00, 0x00, 0xf8, 0xff,
    0x00, 0x00, 0xf8, 0xff, 0x00, 0x00, 0xf8, 0xff, 0x00, 0x00, 0xf8, 0xff,
    0x00, 0x00, 0xf8, 0xff, 0x00, 0x00, 0xf8, 0xff, 0x00, 0x00, 0xf8, 0xff,
    0x00, 0x00, 0xf8, 0xff, 0x00, 0x00, 0xf8, 0xff, 0x00, 0x00, 0xf8, 0xff,
    0x00, 0x00, 0xf8, 0xff, 0x00, 0x00, 0xf8, 0xff, 0x00, 0x00, 0xf8, 0xff,
    0x00, 0x00, 0xf8, 0xff, 0x00, 0x00, 0xf8, 0xff, 0x00, 0x00, 0xf8, 0xff,
    0x00, 0x00, 0xf8, 0xff, 0x00, 0x00, 0xf8, 0xff, 0x00, 0x00, 0xf8, 0xff,
    0x00, 0x00, 0xf8, 0xff, 0x00, 0x00, 0xf8, 0xff, 0x00, 0x00, 0xf8, 0xff,
    0x00, 0x00, 0xf8, 0xff, 0x00, 0x00, 0xf8, 0xff, 0x00, 0x00, 0xf8, 0xff,
    0x00, 0x00, 0xf8, 0xff, 0x00, 0x00, 0xf8, 0xff, 0x00, 0x00, 0xf8, 0xfb,
    0x00, 0x00, 0xf8, 0x75, 0xf8, 0xfc, 0xf8, 0x00, 0xf8, 0xfc, 0xf8, 0x00,
    0xf8, 0xfc, 0xf8, 0x00, 0xf8, 0xfc, 0xf8, 0x00, 0xf8, 0xfc, 0xf8, 0x00,
    0xf8, 0xfc, 0xf8, 0x00, 0xf8, 0xfc, 0xf8, 0x00, 0xf8, 0xfc, 0xf8, 0x00,
    0xf8, 0xfc, 0xf8, 0x00, 0xf8, 0xfc, 0xf8, 0x00, 0xf8, 0xfc, 0xf8, 0x00,
    0xf8, 0xfc, 0xf8, 0x00, 0xf8, 0xfc, 0xf8, 0x00, 0xf8, 0xfc, 0xf8, 0x00,
    0xf8, 0xfc, 0xf8, 0x00, 0xf8, 0xfc, 0xf8, 0x00, 0xf8, 0xfc, 0xf8, 0x00,
    0xf8, 0xfc, 0xf8, 0x00, 0xf8, 0xfc, 0xf8, 0x00, 0xf8, 0xfc, 0xf8, 0x00,
    0xf8, 0xfc, 0xf8, 0x00, 0xf8, 0xfc, 0xf8, 0x00, 0xf8, 0xfc, 0xf8, 0x00,
    0xf8, 0xfc, 0xf8, 0x00, 0xf8, 0xfc, 0xf8, 0x00, 0xf8, 0xfc, 0xf8, 0x00,
    0xf8, 0xfc, 0xf8, 0x00, 0xf8, 0xfc, 0xf8, 0x00, 0xf8, 0xfc, 0xf8, 0x00,
    0xf8, 0xfc, 0xf8, 0x00, 0xf8, 0xfc, 0xf8, 0x00, 0xf8, 0xfc, 0xf8, 0x00,
    0xf8, 0xfc, 0xf8, 0x00, 0xf8, 0xfc, 0xf8, 0x00, 0xf8, 0xfc, 0xf8, 0x00,
    0xf8, 0xfc, 0xf8, 0x00, 0xf8, 0xfc, 0xf8, 0x00, 0xf8, 0xfc, 0xf8, 0x00,
    0xf8, 0xfc, 0xf8, 0x00, 0xf8, 0xfc, 0xf8, 0x00, 0xf8, 0xfc, 0xf8, 0x00,
    0xf8, 0xfc, 0xf8, 0x00, 0xf8, 0xfc, 0xf8, 0x00, 0xf8, 0xfc, 0xf8, 0x00,
    0xf8, 0xfc, 0xf8, 0x00, 0xf8, 0xfc, 0xf8, 0x00, 0xf8, 0xfc, 0xf8, 0x00,
    0xf8, 0xfc, 0xf8, 0x00, 0xf8, 0xfc, 0xf8, 0x00, 0xf8, 0xfc, 0xf8, 0x00,
    0x00, 0x00, 0xf8, 0x61, 0x00, 0x00, 0xf8, 0xff, 0x00, 0x00, 0xf8, 0xff,
    0x00, 0x00, 0xf8, 0xff, 0x00, 0x00, 0xf8, 0xff, 0x00, 0x00, 0xf8, 0xff,
    0x00, 0x00, 0xf8, 0xff, 0x00, 0x00, 0xf8, 0xff, 0x00, 0x00, 0xf8, 0xff,
    0x00, 0x00, 0xf8, 0xff, 0x00, 0x00, 0xf8, 0xff, 0x00, 0x00, 0xf8, 0xff,
    0x00, 0x00, 0xf8, 0xff, 0x00, 0x00, 0xf8, 0xff, 0x00, 0x00, 0xf8, 0xff,
    0x00, 0x00, 0xf8, 0xff, 0x00, 0x00, 0xf8, 0xff, 0x00, 0x00, 0xf8, 0xff,
    0x00, 0x00, 0xf8, 0xff, 0x00, 0x00, 0xf8, 0xff, 0x00, 0x00, 0xf8, 0xff,
    0x00, 0x00, 0xf8, 0xff, 0x00, 0x00, 0xf8, 0xff, 0x00, 0x00, 0xf8, 0xff,
    0x00, 0x00, 0xf8, 0xff, 0x00, 0x00, 0xf8, 0xff, 0x00, 0x00, 0xf8, 0xff,
    0x00, 0x00, 0xf8, 0xff, 0x00, 0x00, 0xf8, 0xff, 0x00, 0x00, 0xf8, 0xff,
    0x00, 0x00, 0xf8, 0xff, 0x00, 0x00, 0xf8, 0xff, 0x00, 0x00, 0xf8, 0xff,
    0x00, 0x00, 0xf8, 0xff, 0x00, 0x00, 0xf8, 0xff, 0x00, 0x00, 0xf8, 0xff,
    0x00, 0x00, 0xf8, 0xff, 0x00, 0x00, 0xf8, 0xff, 0x00, 0x00, 0xf8, 0xff,
    0x00, 0x00, 0xf8, 0xff, 0x00, 0x00, 0xf8, 0xff, 0x00, 0x00, 0xf8, 0xff,
    0x00, 0x00, 0xf8, 0xff, 0x00, 0x00, 0xf8, 0xff, 0x00, 0x00, 0xf8, 0xff,
    0x00, 0x00, 0xf8, 0xff, 0x00, 0x00, 0xf8, 0xff, 0x00, 0x00, 0xf8, 0xff,
    0x00, 0x00, 0xf8, 0xff, 0x00, 0x00, 0xf8, 0xff, 0x00, 0x00, 0xf8, 0xff,
    0x00, 0x00, 0xf8, 0xff, 0x00, 0x00, 0xf8, 0xff, 0x00, 0x00, 0xf8, 0xff,
    0x00, 0x00, 0xf8, 0xff, 0x00, 0x00, 0xf8, 0xff, 0x00, 0x00, 0xf8, 0xff,
    0x00, 0x00, 0xf8, 0xff, 0x00, 0x00, 0xf8, 0xff, 0x00, 0x00, 0xf8, 0xff,
    0x00, 0x00, 0xf8, 0xff, 0x00, 0x00, 0xf8, 0xff, 0x00, 0x00, 0xf8, 0xff,
    0x00, 0x00, 0xf8, 0xff, 0x00, 0x00, 0xf8, 0xff, 0x00, 0x00, 0xf8, 0xff,
    0x00, 0x00, 0xf8, 0xff, 0x00, 0x00, 0xf8, 0xff, 0x00, 0x00, 0xf8, 0xff,
    0x00, 0x00, 0xf8, 0xff, 0x00, 0x00, 0xf8, 0xff, 0x00, 0x00, 0xf8, 0xff,
    0x00, 0x00, 0xf8, 0xff, 0x00, 0x00, 0xf8, 0xff, 0x00, 0x00, 0xf8, 0xff,
    0x00, 0x00, 0xf8, 0xff, 0x00, 0x00, 0xf8, 0xff, 0x00, 0x00, 0xf8, 0xff,
    0x00, 0x00, 0xf8, 0xff, 0x00, 0x00, 0xf8, 0xff, 0x00, 0x00, 0xf8, 0xff,
    0x00, 0x00, 0xf8, 0xff, 0x00, 0x00, 0xf8, 0xff, 0x00, 0x00, 0xf8, 0xff,
    0x00, 0x00, 0xf8, 0xff, 0x00, 0x00, 0xf8, 0xff, 0x00, 0x00, 0xf8, 0xff,
    0x00, 0x00, 0xf8, 0xff, 0x00, 0x00, 0xf8, 0xff, 0x00, 0x00, 0xf8, 0xff,
    0x00, 0x00, 0xf8, 0xff, 0x00, 0x00, 0xf8, 0xff, 0x00, 0x00, 0xf8, 0xff,
    0x00, 0x00, 0xf8, 0xff, 0x00, 0x00, 0xf8, 0xff, 0x00, 0x00, 0xf8, 0xff,
    0x00, 0x00, 0xf8, 0xff, 0x00, 0x00, 0xf8, 0xff, 0x00, 0x00, 0xf8, 0xff,
    0x00, 0x00, 0xf8, 0xff, 0x00, 0x00, 0xf8, 0xff, 0x00, 0x00, 0xf8, 0xff,
    0x00, 0x00, 0xf8, 0xff, 0x00, 0x00, 0xf8, 0x61, 0xf8, 0xfc, 0xf8, 0x00,
    0xf8, 0xfc, 0xf8, 0x00, 0xf8, 0xfc, 0xf8, 0x00, 0xf8, 0xfc, 0xf8, 0x00,
    0xf8, 0xfc, 0xf8, 0x00, 0xf8, 0xfc, 0xf8, 0x00, 0xf8, 0xfc, 0xf8, 0x00,
    0xf8, 0xfc, 0xf8, 0x00, 0xf8, 0xfc, 0xf8, 0x00, 0xf8, 0xfc, 0xf8, 0x00,
    0xf8, 0xfc, 0xf8, 0x00, 0xf8, 0xfc, 0xf8, 0x00, 0xf8, 0xfc, 0xf8, 0x00,
    0xf8, 0xfc, 0xf8, 0x00, 0xf8, 0xfc, 0xf8, 0x00, 0xf8, 0xfc, 0xf8, 0x00,
    0xf8, 0xfc, 0xf8, 0x00, 0xf8, 0xfc, 0xf8, 0x00, 0xf8, 0xfc, 0xf8, 0x00,
    0xf8, 0xfc, 0xf8, 0x00, 0xf8, 0xfc, 0xf8, 0x00, 0xf8, 0xfc, 0xf8, 0x00,
    0xf8, 0xfc, 0xf8, 0x00, 0xf8, 0xfc, 0xf8, 0x00, 0xf8, 0xfc, 0xf8, 0x00,
    0xf8, 0xfc, 0xf8, 0x00, 0xf8, 0xfc, 0xf8, 0x00, 0xf8, 0xfc, 0xf8, 0x00,
    0xf8, 0xfc, 0xf8, 0x00, 0xf8, 0xfc, 0xf8, 0x00, 0xf8, 0xfc, 0xf8, 0x00,
    0xf8, 0xfc, 0xf8, 0x00, 0xf8, 0xfc, 0xf8, 0x00, 0xf8, 0xfc, 0xf8, 0x00,
    0xf8, 0xfc, 0xf8, 0x00, 0xf8, 0xfc, 0xf8, 0x00, 0xf8, 0xfc, 0xf8, 0x00,
    0xf8, 0xfc, 0xf8, 0x00, 0xf8, 0xfc, 0xf8, 0x00, 0xf8, 0xfc, 0xf8, 0x00,
    0xf8, 0xfc, 0xf8, 0x00, 0xf8, 0xfc, 0xf8, 0x00, 0xf8, 0xfc, 0xf8, 0x00,
    0xf8, 0xfc, 0xf8, 0x00, 0xf8, 0xfc, 0xf8, 0x00, 0xf8, 0xfc, 0xf8, 0x00,
    0xf8, 0xfc, 0xf8, 0x00, 0xf8, 0xfc, 0xf8, 0x00, 0xf8, 0xfc, 0xf8, 0x00,
    0xf8, 0xfc, 0xf8, 0x00, 0x00, 0x00, 0xf8, 0x49, 0x00, 0x00, 0xf8, 0xff,
    0x00, 0x00, 0xf8, 0xff, 0x00, 0x00, 0xf8, 0xff, 0x00, 0x00, 0xf8, 0xff,
    0x00, 0x00, 0xf8, 0xff, 0x00, 0x00, 0xf8, 0xff, 0x00, 0x00, 0xf8, 0xff,
    0x00, 0x00, 0xf8, 0xff, 0x00, 0x00, 0xf8, 0xff, 0x00, 0x00, 0xf8, 0xff,
    0x00, 0x00, 0xf8, 0xff, 0x00, 0x00, 0xf8, 0xff, 0x00, 0x00, 0xf8, 0xff,
    0x00, 0x00, 0xf8, 0xff, 0x00, 0x00, 0xf8, 0xff, 0x00, 0x00, 0xf8, 0xff,
    0x00, 0x00, 0xf8, 0xff, 0x00, 0x00, 0xf8, 0xff, 0x00, 0x00, 0xf8, 0xff,
    0x00, 0x00, 0xf8, 0xff, 0x00, 0x00, 0xf8, 0xff, 0x00, 0x00, 0xf8, 0xff,
    0x00, 0x00, 0xf8, 0xff, 0x00, 0x00, 0xf8, 0xff, 0x00, 0x00, 0xf8, 0xff,
    0x00, 0x00, 0xf8, 0xff, 0x00, 0x00, 0xf8, 0xff, 0x00, 0x00, 0xf8, 0xff,
    0x00, 0x00, 0xf8, 0xff, 0x00, 0x00, 0xf8, 0xff, 0x00, 0x00, 0xf8, 0xff,
    0x00, 0x00, 0xf8, 0xff, 0x00, 0x00, 0xf8, 0xff, 0x00, 0x00, 0xf8, 0xff,
    0x00, 0x00, 0xf8, 0xff, 0x00, 0x00, 0xf8, 0xff, 0x00, 0x00, 0xf8, 0xff,
    0x00, 0x00, 0xf8, 0xff, 0x00, 0x00, 0xf8, 0xff, 0x00, 0x00, 0xf8, 0xff,
    0x00, 0x00, 0xf8, 0xff, 0x00, 0x00, 0xf8, 0xff, 0x00, 0x00, 0xf8, 0xff,
    0x00, 0x00, 0xf8, 0xff, 0x00, 0x00, 0xf8, 0xff, 0x00, 0x00, 0xf8, 0xff,
    0x00, 0x00, 0xf8, 0xff, 0x00, 0x00, 0xf8, 0xff, 0x00, 0x00, 0xf8, 0xff,
    0x00, 0x00, 0xf8, 0xff, 0x00, 0x00, 0xf8, 0xff, 0x00, 0x00, 0xf8, 0xff,
    0x00, 0x00, 0xf8, 0xff, 0x00, 0x00, 0xf8, 0xff, 0x00, 0x00, 0xf8, 0xff,
    0x00, 0x00, 0xf8, 0xff, 0x00, 0x00, 0xf8, 0xff, 0x00, 0x00, 0xf8, 0xff,
    0x00, 0x00, 0xf8, 0xff, 0x00, 0x00, 0xf8, 0xff, 0x00, 0x00, 0xf8, 0xff,
    0x00, 0x00, 0xf8, 0xff, 0x00, 0x00, 0xf8, 0xff, 0x00, 0x00, 0xf8, 0xff,
    0x00, 0x00, 0xf8, 0xff, 0x00, 0x00, 0xf8, 0xff, 0x00, 0x00, 0xf8, 0xff,
    0x00, 0x00, 0xf8, 0xff, 0x00, 0x00, 0xf8, 0xff, 0x00, 0x00, 0xf8, 0xff,
    0x00, 0x00, 0xf8, 0xff, 0x00, 0x00, 0xf8, 0xff, 0x00, 0x00, 0xf8, 0xff,
    0x00, 0x00, 0xf8, 0xff, 0x00, 0x00, 0xf8, 0xff, 0x00, 0x00, 0xf8, 0xff,
    0x00, 0x00, 0xf8, 0xff, 0x00, 0x00, 0xf8, 0xff, 0x00, 0x00, 0xf8, 0xff,
    0x00, 0x00, 0xf8, 0xff, 0x00, 0x00, 0xf8, 0xff, 0x00, 0x00, 0xf8, 0xff,
    0x00, 0x00, 0xf8, 0xff, 0x00, 0x00, 0xf8, 0xff, 0x00, 0x00, 0xf8, 0xff,
    0x00, 0x00, 0xf8, 0xff, 0x00, 0x00, 0xf8, 0xff, 0x00, 0x00, 0xf8, 0xff,
    0x00, 0x00, 0xf8, 0xff, 0x00, 0x00, 0xf8, 0xff, 0x00, 0x00, 0xf8, 0xff,
    0x00, 0x00, 0xf8, 0xff, 0x00, 0x00, 0xf8, 0xff, 0x00, 0x00, 0xf8, 0xff,
    0x00, 0x00, 0xf8, 0xff, 0x00, 0x00, 0xf8, 0xff, 0x00, 0x00, 0xf8, 0xff,
    0x00, 0x00, 0xf8, 0xff, 0x00, 0x00, 0xf8, 0xff, 0x00, 0x00, 0xf8, 0xff,
    0x00, 0x00, 0xf8, 0xff, 0x00, 0x00, 0xf8, 0xff, 0x00, 0x00, 0xf8, 0x49,
    0xf8, 0xfc, 0xf8, 0x00, 0xf8, 0xfc, 0xf8, 0x00, 0xf8, 0xfc, 0xf8, 0x00,
    0xf8, 0xfc, 0xf8, 0x00, 0xf8, 0xfc, 0xf8, 0x00, 0xf8, 0xfc, 0xf8, 0x00,
    0xf8, 0xfc, 0xf8, 0x00, 0xf8, 0xfc, 0xf8, 0x00, 0xf8, 0xfc, 0xf8, 0x00,
    0xf8, 0xfc, 0xf8, 0x00, 0xf8, 0xfc, 0xf8, 0x00, 0xf8, 0xfc, 0xf8, 0x00,
    0xf8, 0xfc, 0xf8, 0x00, 0xf8, 0xfc, 0xf8, 0x00, 0xf8, 0xfc, 0xf8, 0x00,
    0xf8, 0xfc, 0xf8, 0x00, 0xf8, 0xfc, 0xf8, 0x00, 0xf8, 0xfc, 0xf8, 0x00,
    0xf8, 0xfc, 0xf8, 0x00, 0xf8, 0xfc, 0xf8, 0x00, 0xf8, 0xfc, 0xf8, 0x00,
    0xf8, 0xfc, 0xf8, 0x00, 0xf8, 0xfc, 0xf8, 0x00, 0xf8, 0xfc, 0xf8, 0x00,
    0xf8, 0xfc, 0xf8, 0x00, 0xf8, 0xfc, 0xf8, 0x00, 0xf8, 0xfc, 0xf8, 0x00,
    0xf8, 0xfc, 0xf8, 0x00, 0xf8, 0xfc, 0xf8, 0x00, 0xf8, 0xfc, 0xf8, 0x00,
    0xf8, 0xfc, 0xf8, 0x00, 0xf8, 0xfc, 0xf8, 0x00, 0xf8, 0xfc, 0xf8, 0x00,
    0xf8, 0xfc, 0xf8, 0x00, 0xf8, 0xfc, 0xf8, 0x00, 0xf8, 0xfc, 0xf8, 0x00,
    0xf8, 0xfc, 0xf8, 0x00, 0xf8, 0xfc, 0xf8, 0x00, 0xf8, 0xfc, 0xf8, 0x00,
    0xf8, 0xfc, 0xf8, 0x00, 0xf8, 0xfc, 0xf8, 0x00, 0xf8, 0xfc, 0xf8, 0x00,
    0xf8, 0xfc, 0xf8, 0x00, 0xf8, 0xfc, 0xf8, 0x00, 0xf8, 0xfc, 0xf8, 0x00,
    0xf8, 0xfc, 0xf8, 0x00, 0xf8, 0xfc, 0xf8, 0x00, 0xf8, 0xfc, 0xf8, 0x00,
    0xf8, 0xfc, 0xf8, 0x00, 0xf8, 0xfc, 0xf8, 0x00, 0x00, 0x00, 0xf8, 0x30,
    0x00, 0x00, 0xf8, 0xff, 0x00, 0x00, 0xf8, 0xff, 0x00, 0x00, 0xf8, 0xff,
    0x00, 0x00, 0xf8, 0xff, 0x00, 0x00, 0xf8, 0xff, 0x00, 0x00, 0xf8, 0xff,
    0x00, 0x00, 0xf8, 0xff, 0x00, 0x00, 0xf8, 0xff, 0x00, 0x00, 0xf8, 0xff,
    0x00, 0x00, 0xf8, 0xff, 0x00, 0x00, 0xf8, 0xff, 0x00, 0x00, 0xf8, 0xff,
    0x00, 0x00, 0xf8, 0xff, 0x00, 0x00, 0xf8, 0xff, 0x00, 0x00, 0xf8, 0xff,
    0x00, 0x00, 0xf8, 0xff, 0x00, 0x00, 0xf8, 0xff, 0x00, 0x00, 0xf8, 0xff,
    0x00, 0x00, 0xf8, 0xff, 0x00, 0x00, 0xf8, 0xff, 0x00, 0x00, 0xf8, 0xff,
    0x00, 0x00, 0xf8, 0xff, 0x00, 0x00, 0xf8, 0xff, 0x00, 0x00, 0xf8, 0xff,
    0x00, 0x00, 0xf8, 0xff, 0x00, 0x00, 0xf8, 0xff, 0x00, 0x00, 0xf8, 0xff,
    0x00, 0x00, 0xf8, 0xff, 0x00, 0x00, 0xf8, 0xff, 0x00, 0x00, 0xf8, 0xff,
    0x00, 0x00, 0xf8, 0xff, 0x00, 0x00, 0xf8, 0xff, 0x00, 0x00, 0xf8, 0xff,
    0x00, 0x00, 0xf8, 0xff, 0x00, 0x00, 0xf8, 0xff, 0x00, 0x00, 0xf8, 0xff,
    0x00, 0x00, 0xf8, 0xff, 0x00, 0x00, 0xf8, 0xff, 0x00, 0x00, 0xf8, 0xff,
    0x00, 0x00, 0xf8, 0xff, 0x00, 0x00, 0xf8, 0xff, 0x00, 0x00, 0xf8, 0xff,
    0x00, 0x00, 0xf8, 0xff, 0x00, 0x00, 0xf8, 0xff, 0x00, 0x00, 0xf8, 0xff,
    0x00, 0x00, 0xf8, 0xff, 0x00, 0x00, 0xf8, 0xff, 0x00, 0x00, 0xf8, 0xff,
    0x00, 0x00, 0xf8, 0xff, 0x00, 0x00, 0xf8, 0xff, 0x00, 0x00, 0xf8, 0xff,
    0x00, 0x00, 0xf8, 0xff, 0x00, 0x00, 0xf8, 0xff, 0x00, 0x00, 0xf8, 0xff,
    0x00, 0x00, 0xf8, 0xff, 0x00, 0x00, 0xf8, 0xff, 0x00, 0x00, 0xf8, 0xff,
    0x00, 0x00, 0xf8, 0xff, 0x00, 0x00, 0xf8, 0xff, 0x00, 0x00, 0xf8, 0xff,
    0x00, 0x00, 0xf8, 0xff, 0x00, 0x00, 0xf8, 0xff, 0x00, 0x00, 0xf8, 0xff,
    0x00, 0x00, 0xf8, 0xff, 0x00, 0x00, 0xf8, 0xff, 0x00, 0x00, 0xf8, 0xff,
    0x00, 0x00, 0xf8, 0xff, 0x00, 0x00, 0xf8, 0xff, 0x00, 0x00, 0xf8, 0xff,
    0x00, 0x00, 0xf8, 0xff, 0x00, 0x00, 0xf8, 0xff, 0x00, 0x00, 0xf8, 0xff,
    0x00, 0x00, 0xf8, 0xff, 0x00, 0x00, 0xf8, 0xff, 0x00, 0x00, 0xf8, 0xff,
    0x00, 0x00, 0xf8, 0xff, 0x00, 0x00, 0xf8, 0xff, 0x00, 0x00, 0xf8, 0xff,
    0x00, 0x00, 0xf8, 0xff, 0x00, 0x00, 0xf8, 0xff, 0x00, 0x00, 0xf8, 0xff,
    0x00, 0x00, 0xf8, 0xff, 0x00, 0x00, 0xf8, 0xff, 0x00, 0x00, 0xf8, 0xff,
    0x00, 0x00, 0xf8, 0xff, 0x00, 0x00, 0xf8, 0xff, 0x00, 0x00, 0xf8, 0xff,
    0x00, 0x00, 0xf8, 0xff, 0x00, 0x00, 0xf8, 0xff, 0x00, 0x00, 0xf8, 0xff,
    0x00, 0x00, 0xf8, 0xff, 0x00, 0x00, 0xf8, 0xff, 0x00, 0x00, 0xf8, 0xff,
    0x00, 0x00, 0xf8, 0xff, 0x00, 0x00, 0xf8, 0xff, 0x00, 0x00, 0xf8, 0xff,
    0x00, 0x00, 0xf8, 0xff, 0x00, 0x00, 0xf8, 0xff, 0x00, 0x00, 0xf8, 0xff,
    0x00, 0x00, 0xf8, 0xff, 0x00, 0x00, 0xf8, 0xff, 0x00, 0x00, 0xf8, 0xff,
    0x00, 0x00, 0xf8, 0x2c, 0xf8, 0xfc, 0xf8, 0x00, 0xf8, 0xfc, 0xf8, 0x00,
    0xf8, 0xfc, 0xf8, 0x00, 0xf8, 0xfc, 0xf8, 0x00, 0xf8, 0xfc, 0xf8, 0x00,
    0xf8, 0xfc, 0xf8, 0x00, 0xf8, 0xfc, 0xf8, 0x00, 0xf8, 0xfc, 0xf8, 0x00,
    0xf8, 0xfc, 0xf8, 0x00, 0xf8, 0xfc, 0xf8, 0x00, 0xf8, 0xfc, 0xf8, 0x00,
    0xf8, 0xfc, 0xf8, 0x00, 0xf8, 0xfc, 0xf8, 0x00, 0xf8, 0xfc, 0xf8, 0x00,
    0xf8, 0xfc, 0xf8, 0x00, 0xf8, 0xfc, 0xf8, 0x00, 0xf8, 0xfc, 0xf8, 0x00,
    0xf8, 0xfc, 0xf8, 0x00, 0xf8, 0xfc, 0xf8, 0x00, 0xf8, 0xfc, 0xf8, 0x00,
    0xf8, 0xfc, 0xf8, 0x00, 0xf8, 0xfc, 0xf8, 0x00, 0xf8, 0xfc, 0xf8, 0x00,
    0xf8, 0xfc, 0xf8, 0x00, 0xf8, 0xfc, 0xf8, 0x00, 0xf8, 0xfc, 0xf8, 0x00,
    0xf8, 0xfc, 0xf8, 0x00, 0xf8, 0xfc, 0xf8, 0x00, 0xf8, 0xfc, 0xf8, 0x00,
    0xf8, 0xfc, 0xf8, 0x00, 0xf8, 0xfc, 0xf8, 0x00, 0xf8, 0xfc, 0xf8, 0x00,
    0xf8, 0xfc, 0xf8, 0x00, 0xf8, 0xfc, 0xf8, 0x00, 0xf8, 0xfc, 0xf8, 0x00,
    0xf8, 0xfc, 0xf8, 0x00, 0xf8, 0xfc, 0xf8, 0x00, 0xf8, 0xfc, 0xf8, 0x00,
    0xf8, 0xfc, 0xf8, 0x00, 0xf8, 0xfc, 0xf8, 0x00, 0xf8, 0xfc, 0xf8, 0x00,
    0xf8, 0xfc, 0xf8, 0x00, 0xf8, 0xfc, 0xf8, 0x00, 0xf8, 0xfc, 0xf8, 0x00,
    0xf8, 0xfc, 0xf8, 0x00, 0xf8, 0xfc, 0xf8, 0x00, 0xf8, 0xfc, 0xf8, 0x00,
    0xf8, 0xfc, 0xf8, 0x00, 0xf8, 0xfc, 0xf8, 0x00, 0xf8, 0xfc, 0xf8, 0x00,
    0x00, 0x00, 0xf8, 0x14, 0x00, 0x00, 0xf8, 0xff, 0x00, 0x00, 0xf8, 0xff,
    0x00, 0x00, 0xf8, 0xff, 0x00, 0x00, 0xf8, 0xff, 0x00, 0x00, 0xf8, 0xff,
    0x00, 0x00, 0xf8, 0xff, 0x00, 0x00, 0xf8, 0xff, 0x00, 0x00, 0xf8, 0xff,
    0x00, 0x00, 0xf8, 0xff, 0x00, 0x00, 0xf8, 0xff, 0x00, 0x00, 0xf8, 0xff,
    0x00, 0x00, 0xf8, 0xff, 0x00, 0x00, 0xf8, 0xff, 0x00, 0x00, 0xf8, 0xff,
    0x00, 0x00, 0xf8, 0xff, 0x00, 0x00, 0xf8, 0xff, 0x00, 0x00, 0xf8, 0xff,
    0x00, 0x00, 0xf8, 0xff, 0x00, 0x00, 0xf8, 0xff, 0x00, 0x00, 0xf8, 0xff,
    0x00, 0x00, 0xf8, 0xff, 0x00, 0x00, 0xf8, 0xff, 0x00, 0x00, 0xf8, 0xff,
    0x00, 0x00, 0xf8, 0xff, 0x00, 0x00, 0xf8, 0xff, 0x00, 0x00, 0xf8, 0xff,
    0x00, 0x00, 0xf8, 0xff, 0x00, 0x00, 0xf8, 0xff, 0x00, 0x00, 0xf8, 0xff,
    0x00, 0x00, 0xf8, 0xff, 0x00, 0x00, 0xf8, 0xff, 0x00, 0x00, 0xf8, 0xff,
    0x00, 0x00, 0xf8, 0xff, 0x00, 0x00, 0xf8, 0xff, 0x00, 0x00, 0xf8, 0xff,
    0x00, 0x00, 0xf8, 0xff, 0x00, 0x00, 0xf8, 0xff, 0x00, 0x00, 0xf8, 0xff,
    0x00, 0x00, 0xf8, 0xff, 0x00, 0x00, 0xf8, 0xff, 0x00, 0x00, 0xf8, 0xff,
    0x00, 0x00, 0xf8, 0xff, 0x00, 0x00, 0xf8, 0xff, 0x00, 0x00, 0xf8, 0xff,
    0x00, 0x00, 0xf8, 0xff, 0x00, 0x00, 0xf8, 0xff, 0x00, 0x00, 0xf8, 0xff,
    0x00, 0x00, 0xf8, 0xff, 0x00, 0x00, 0xf8, 0xff, 0x00, 0x00, 0xf8, 0xff,
    0x00, 0x00, 0xf8, 0xff, 0x00, 0x00, 0xf8, 0xff, 0x00, 0x00, 0xf8, 0xff,
    0x00, 0x00, 0xf8, 0xff, 0x00, 0x00, 0xf8, 0xff, 0x00, 0x00, 0xf8, 0xff,
    0x00, 0x00, 0xf8, 0xff, 0x00, 0x00, 0xf8, 0xff, 0x00, 0x00, 0xf8, 0xff,
    0x00, 0x00, 0xf8, 0xff, 0x00, 0x00, 0xf8, 0xff, 0x00, 0x00, 0xf8, 0xff,
    0x00, 0x00, 0xf8, 0xff, 0x00, 0x00, 0xf8, 0xff, 0x00, 0x00, 0xf8, 0xff,
    0x00, 0x00, 0xf8, 0xff, 0x00, 0x00, 0xf8, 0xff, 0x00, 0x00, 0xf8, 0xff,
    0x00, 0x00, 0xf8, 0xff, 0x00, 0x00, 0xf8, 0xff, 0x00, 0x00, 0xf8, 0xff,
    0x00, 0x00, 0xf8, 0xff, 0x00, 0x00, 0xf8, 0xff, 0x00, 0x00, 0xf8, 0xff,
    0x00, 0x00, 0xf8, 0xff, 0x00, 0x00, 0xf8, 0xff, 0x00, 0x00, 0xf8, 0xff,
    0x00, 0x00, 0xf8, 0xff, 0x00, 0x00, 0xf8, 0xff, 0x00, 0x00, 0xf8, 0xff,
    0x00, 0x00, 0xf8, 0xff, 0x00, 0x00, 0xf8, 0xff, 0x00, 0x00, 0xf8, 0xff,
    0x00, 0x00, 0xf8, 0xff, 0x00, 0x00, 0xf8, 0xff, 0x00, 0x00, 0xf8, 0xff,
    0x00, 0x00, 0xf8, 0xff, 0x00, 0x00, 0xf8, 0xff, 0x00, 0x00, 0xf8, 0xff,
    0x00, 0x00, 0xf8, 0xff, 0x00, 0x00, 0xf8, 0xff, 0x00, 0x00, 0xf8, 0xff,
    0x00, 0x00, 0xf8, 0xff, 0x00, 0x00, 0xf8, 0xff, 0x00, 0x00, 0xf8, 0xff,
    0x00, 0x00, 0xf8, 0xff, 0x00, 0x00, 0xf8, 0xff, 0x00, 0x00, 0xf8, 0xff,
    0x00, 0x00, 0xf8, 0xff, 0x00, 0x00, 0xf8, 0xff, 0x00, 0x00, 0xf8, 0xff,
    0x00, 0x00, 0xf8, 0xff, 0x00, 0x00, 0xf8, 0x14, 0xf8, 0xfc, 0xf8, 0x00,
    0xf8, 0xfc, 0xf8, 0x00, 0xf8, 0xfc, 0xf8, 0x00, 0xf8, 0xfc, 0xf8, 0x00,
    0xf8, 0xfc, 0xf8, 0x00, 0xf8, 0xfc, 0xf8, 0x00, 0xf8, 0xfc, 0xf8, 0x00,
    0xf8, 0xfc, 0xf8, 0x00, 0xf8, 0xfc, 0xf8, 0x00, 0xf8, 0xfc, 0xf8, 0x00,
    0xf8, 0xfc, 0xf8, 0x00, 0xf8, 0xfc, 0xf8, 0x00, 0xf8, 0xfc, 0xf8, 0x00,
    0xf8, 0xfc, 0xf8, 0x00, 0xf8, 0xfc, 0xf8, 0x00, 0xf8, 0xfc, 0xf8, 0x00,
    0xf8, 0xfc, 0xf8, 0x00, 0xf8, 0xfc, 0xf8, 0x00, 0xf8, 0xfc, 0xf8, 0x00,
    0xf8, 0xfc, 0xf8, 0x00, 0xf8, 0xfc, 0xf8, 0x00, 0xf8, 0xfc, 0xf8, 0x00,
    0xf8, 0xfc, 0xf8, 0x00, 0xf8, 0xfc, 0xf8, 0x00, 0xf8, 0xfc, 0xf8, 0x00,
    0xf8, 0xfc, 0xf8, 0x00, 0xf8, 0xfc, 0xf8, 0x00, 0xf8, 0xfc, 0xf8, 0x00,
    0xf8, 0xfc, 0xf8, 0x00, 0xf8, 0xfc, 0xf8, 0x00, 0xf8, 0xfc, 0xf8, 0x00,
    0xf8, 0xfc, 0xf8, 0x00, 0xf8, 0xfc, 0xf8, 0x00, 0xf8, 0xfc, 0xf8, 0x00,
    0xf8, 0xfc, 0xf8, 0x00, 0xf8, 0xfc, 0xf8, 0x00, 0xf8, 0xfc, 0xf8, 0x00,
    0xf8, 0xfc, 0xf8, 0x00, 0xf8, 0xfc, 0xf8, 0x00, 0xf8, 0xfc, 0xf8, 0x00,
    0xf8, 0xfc, 0xf8, 0x00, 0xf8, 0xfc, 0xf8, 0x00, 0xf8, 0xfc, 0xf8, 0x00,
    0xf8, 0xfc, 0xf8, 0x00, 0xf8, 0xfc, 0xf8, 0x00, 0xf8, 0xfc, 0xf8, 0x00,
    0xf8, 0xfc, 0xf8, 0x00, 0xf8, 0xfc, 0xf8, 0x00, 0xf8, 0xfc, 0xf8, 0x00,
    0xf8, 0xfc, 0xf8, 0x00, 0x00, 0x00, 0xf8, 0x00, 0x00, 0x00, 0xf8, 0xfb,
    0x00, 0x00, 0xf8, 0xff, 0x00, 0x00, 0xf8, 0xff, 0x00, 0x00, 0xf8, 0xff,
    0x00, 0x00, 0xf8, 0xff, 0x00, 0x00, 0xf8, 0xff, 0x00, 0x00, 0xf8, 0xff,
    0x00, 0x00, 0xf8, 0xff, 0x00, 0x00, 0xf8, 0xff, 0x00, 0x00, 0xf8, 0xff,
    0x00, 0x00, 0xf8, 0xff, 0x00, 0x00, 0xf8, 0xff, 0x00, 0x00, 0xf8, 0xff,
    0x00, 0x00, 0xf8, 0xff, 0x00, 0x00, 0xf8, 0xff, 0x00, 0x00, 0xf8, 0xff,
    0x00, 0x00, 0xf8, 0xff, 0x00, 0x00, 0xf8, 0xff, 0x00, 0x00, 0xf8, 0xff,
    0x00, 0x00, 0xf8, 0xff, 0x00, 0x00, 0xf8, 0xff, 0x00, 0x00, 0xf8, 0xff,
    0x00, 0x00, 0xf8, 0xff, 0x00, 0x00, 0xf8, 0xff, 0x00, 0x00, 0xf8, 0xff,
    0x00, 0x00, 0xf8, 0xff, 0x00, 0x00, 0xf8, 0xff, 0x00, 0x00, 0xf8, 0xff,
    0x00, 0x00, 0xf8, 0xff, 0x00, 0x00, 0xf8, 0xff, 0x00, 0x00, 0xf8, 0xff,
    0x00, 0x00, 0xf8, 0xff, 0x00, 0x00, 0xf8, 0xff, 0x00, 0x00, 0xf8, 0xff,
    0x00, 0x00, 0xf8, 0xff, 0x00, 0x00, 0xf8, 0xff, 0x00, 0x00, 0xf8, 0xff,
    0x00, 0x00, 0xf8, 0xff, 0x00, 0x00, 0xf8, 0xff, 0x00, 0x00, 0xf8, 0xff,
    0x00, 0x00, 0xf8, 0xff, 0x00, 0x00, 0xf8, 0xff, 0x00, 0x00, 0xf8, 0xff,
    0x00, 0x00, 0xf8, 0xff, 0x00, 0x00, 0xf8, 0xff, 0x00, 0x00, 0xf8, 0xff,
    0x00, 0x00, 0xf8, 0xff, 0x00, 0x00, 0xf8, 0xff, 0x00, 0x00, 0xf8, 0xff,
    0x00, 0x00, 0xf8, 0xff, 0x00, 0x00, 0xf8, 0xff, 0x00, 0x00, 0xf8, 0xff,
    0x00, 0x00, 0xf8, 0xff, 0x00, 0x00, 0xf8, 0xff, 0x00, 0x00, 0xf8, 0xff,
    0x00, 0x00, 0xf8, 0xff, 0x00, 0x00, 0xf8, 0xff, 0x00, 0x00, 0xf8, 0xff,
    0x00, 0x00, 0xf8, 0xff, 0x00, 0x00, 0xf8, 0xff, 0x00, 0x00, 0xf8, 0xff,
    0x00, 0x00, 0xf8, 0xff, 0x00, 0x00, 0xf8, 0xff, 0x00, 0x00, 0xf8, 0xff,
    0x00, 0x00, 0xf8, 0xff, 0x00, 0x00, 0xf8, 0xff, 0x00, 0x00, 0xf8, 0xff,
    0x00, 0x00, 0xf8, 0xff, 0x00, 0x00, 0xf8, 0xff, 0x00, 0x00, 0xf8, 0xff,
    0x00, 0x00, 0xf8, 0xff, 0x00, 0x00, 0xf8, 0xff, 0x00, 0x00, 0xf8, 0xff,
    0x00, 0x00, 0xf8, 0xff, 0x00, 0x00, 0xf8, 0xff, 0x00, 0x00, 0xf8, 0xff,
    0x00, 0x00, 0xf8, 0xff, 0x00, 0x00, 0xf8, 0xff, 0x00, 0x00, 0xf8, 0xff,
    0x00, 0x00, 0xf8, 0xff, 0x00, 0x00, 0xf8, 0xff, 0x00, 0x00, 0xf8, 0xff,
    0x00, 0x00, 0xf8, 0xff, 0x00, 0x00, 0xf8, 0xff, 0x00, 0x00, 0xf8, 0xff,
    0x00, 0x00, 0xf8, 0xff, 0x00, 0x00, 0xf8, 0xff, 0x00, 0x00, 0xf8, 0xff,
    0x00, 0x00, 0xf8, 0xff, 0x00, 0x00, 0xf8, 0xff, 0x00, 0x00, 0xf8, 0xff,
    0x00, 0x00, 0xf8, 0xff, 0x00, 0x00, 0xf8, 0xff, 0x00, 0x00, 0xf8, 0xff,
    0x00, 0x00, 0xf8, 0xff, 0x00, 0x00, 0xf8, 0xff, 0x00, 0x00, 0xf8, 0xff,
    0x00, 0x00, 0xf8, 0xff, 0x00, 0x00, 0xf8, 0xff, 0x00, 0x00, 0xf8, 0xff,
    0x00, 0x00, 0xf8, 0xff, 0x00, 0x00, 0xf8, 0xfb, 0x00, 0x00, 0xf8, 0x04,
    0xf8, 0xfc, 0xf8, 0x00, 0xf8, 0xfc, 0xf8, 0x00, 0xf8, 0xfc, 0xf8, 0x00,
    0xf8, 0xfc, 0xf8, 0x00, 0xf8, 0xfc, 0xf8, 0x00, 0xf8, 0xfc, 0xf8, 0x00,
    0xf8, 0xfc, 0xf8, 0x00, 0xf8, 0xfc, 0xf8, 0x00, 0xf8, 0xfc, 0xf8, 0x00,
    0xf8, 0xfc, 0xf8, 0x00, 0xf8, 0xfc, 0xf8, 0x00, 0xf8, 0xfc, 0xf8, 0x00,
    0xf8, 0xfc, 0xf8, 0x00, 0xf8, 0xfc, 0xf8, 0x00, 0xf8, 0xfc, 0xf8, 0x00,
    0xf8, 0xfc, 0xf8, 0x00, 0xf8, 0xfc, 0xf8, 0x00, 0xf8, 0xfc, 0xf8, 0x00,
    0xf8, 0xfc, 0xf8, 0x00, 0xf8, 0xfc, 0xf8, 0x00, 0xf8, 0xfc, 0xf8, 0x00,
    0xf8, 0xfc, 0xf8, 0x00, 0xf8, 0xfc, 0xf8, 0x00, 0xf8, 0xfc, 0xf8, 0x00,
    0xf8, 0xfc, 0xf8, 0x00, 0xf8, 0xfc, 0xf8, 0x00, 0xf8, 0xfc, 0xf8, 0x00,
    0xf8, 0xfc, 0xf8, 0x00, 0xf8, 0xfc, 0xf8, 0x00, 0xf8, 0xfc, 0xf8, 0x00,
    0xf8, 0xfc, 0xf8, 0x00, 0xf8, 0xfc, 0xf8, 0x00, 0xf8, 0xfc, 0xf8, 0x00,
    0xf8, 0xfc, 0xf8, 0x00, 0xf8, 0xfc, 0xf8, 0x00, 0xf8, 0xfc, 0xf8, 0x00,
    0xf8, 0xfc, 0xf8, 0x00, 0xf8, 0xfc, 0xf8, 0x00, 0xf8, 0xfc, 0xf8, 0x00,
    0xf8, 0xfc, 0xf8, 0x00, 0xf8, 0xfc, 0xf8, 0x00, 0xf8, 0xfc, 0xf8, 0x00,
    0xf8, 0xfc, 0xf8, 0x00, 0xf8, 0xfc, 0xf8, 0x00, 0xf8, 0xfc, 0xf8, 0x00,
    0xf8, 0xfc, 0xf8, 0x00, 0xf8, 0xfc, 0xf8, 0x00, 0xf8, 0xfc, 0xf8, 0x00,
    0xf8, 0xfc, 0xf8, 0x00, 0xf8, 0xfc, 0xf8, 0x00, 0xf8, 0xfc, 0xf8, 0x00,
    0x00, 0x00, 0xf8, 0xcf, 0x00, 0x00, 0xf8, 0xff, 0x00, 0x00, 0xf8, 0xff,
    0x00, 0x00, 0xf8, 0xff, 0x00, 0x00, 0xf8, 0xff, 0x00, 0x00, 0xf8, 0xff,
    0x00, 0x00, 0xf8, 0xff, 0x00, 0x00, 0xf8, 0xff, 0x00, 0x00, 0xf8, 0xff,
    0x00, 0x00, 0xf8, 0xff, 0x00, 0x00, 0xf8, 0xff, 0x00, 0x00, 0xf8, 0xff,
    0x00, 0x00, 0xf8, 0xff, 0x00, 0x00, 0xf8, 0xff, 0x00, 0x00, 0xf8, 0xff,
    0x00, 0x00, 0xf8, 0xff, 0x00, 0x00, 0xf8, 0xff, 0x00, 0x00, 0xf8, 0xff,
    0x00, 0x00, 0xf8, 0xff, 0x00, 0x00, 0xf8, 0xff, 0x00, 0x00, 0xf8, 0xff,
    0x00, 0x00, 0xf8, 0xff, 0x00, 0x00, 0xf8, 0xff, 0x00, 0x00, 0xf8, 0xff,
    0x00, 0x00, 0xf8, 0xff, 0x00, 0x00, 0xf8, 0xff, 0x00, 0x00, 0xf8, 0xff,
    0x00, 0x00, 0xf8, 0xff, 0x00, 0x00, 0xf8, 0xff, 0x00, 0x00, 0xf8, 0xff,
    0x00, 0x00, 0xf8, 0xff, 0x00, 0x00, 0xf8, 0xff, 0x00, 0x00, 0xf8, 0xff,
    0x00, 0x00, 0xf8, 0xff, 0x00, 0x00, 0xf8, 0xff, 0x00, 0x00, 0xf8, 0xff,
    0x00, 0x00, 0xf8, 0xff, 0x00, 0x00, 0xf8, 0xff, 0x00, 0x00, 0xf8, 0xff,
    0x00, 0x00, 0xf8, 0xff, 0x00, 0x00, 0xf8, 0xff, 0x00, 0x00, 0xf8, 0xff,
    0x00, 0x00, 0xf8, 0xff, 0x00, 0x00, 0xf8, 0xff, 0x00, 0x00, 0xf8, 0xff,
    0x00, 0x00, 0xf8, 0xff, 0x00, 0x00, 0xf8, 0xff, 0x00, 0x00, 0xf8, 0xff,
    0x00, 0x00, 0xf8, 0xff, 0x00, 0x00, 0xf8, 0xff, 0x00, 0x00, 0xf8, 0xff,
    0x00, 0x00, 0xf8, 0xff, 0x00, 0x00, 0xf8, 0xff, 0x00, 0x00, 0xf8, 0xff,
    0x00, 0x00, 0xf8, 0xff, 0x00, 0x00, 0xf8, 0xff, 0x00, 0x00, 0xf8, 0xff,
    0x00, 0x00, 0xf8, 0xff, 0x00, 0x00, 0xf8, 0xff, 0x00, 0x00, 0xf8, 0xff,
    0x00, 0x00, 0xf8, 0xff, 0x00, 0x00, 0xf8, 0xff, 0x00, 0x00, 0xf8, 0xff,
    0x00, 0x00, 0xf8, 0xff, 0x00, 0x00, 0xf8, 0xff, 0x00, 0x00, 0xf8, 0xff,
    0x00, 0x00, 0xf8, 0xff, 0x00, 0x00, 0xf8, 0xff, 0x00, 0x00, 0xf8, 0xff,
    0x00, 0x00, 0xf8, 0xff, 0x00, 0x00, 0xf8, 0xff, 0x00, 0x00, 0xf8, 0xff,
    0x00, 0x00, 0xf8, 0xff, 0x00, 0x00, 0xf8, 0xff, 0x00, 0x00, 0xf8, 0xff,
    0x00, 0x00, 0xf8, 0xff, 0x00, 0x00, 0xf8, 0xff, 0x00, 0x00, 0xf8, 0xff,
    0x00, 0x00, 0xf8, 0xff, 0x00, 0x00, 0xf8, 0xff, 0x00, 0x00, 0xf8, 0xff,
    0x00, 0x00, 0xf8, 0xff, 0x00, 0x00, 0xf8, 0xff, 0x00, 0x00, 0xf8, 0xff,
    0x00, 0x00, 0xf8, 0xff, 0x00, 0x00, 0xf8, 0xff, 0x00, 0x00, 0xf8, 0xff,
    0x00, 0x00, 0xf8, 0xff, 0x00, 0x00, 0xf8, 0xff, 0x00, 0x00, 0xf8, 0xff,
    0x00, 0x00, 0xf8, 0xff, 0x00, 0x00, 0xf8, 0xff, 0x00, 0x00, 0xf8, 0xff,
    0x00, 0x00, 0xf8, 0xff, 0x00, 0x00, 0xf8, 0xff, 0x00, 0x00, 0xf8, 0xff,
    0x00, 0x00, 0xf8, 0xff, 0x00, 0x00, 0xf8, 0xff, 0x00, 0x00, 0xf8, 0xff,
    0x00, 0x00, 0xf8, 0xff, 0x00, 0x00, 0xf8, 0xff, 0x00, 0x00, 0xf8, 0xcf,
    0xf8, 0xfc, 0xf8, 0x00, 0xf8, 0xfc, 0xf8, 0x00, 0xf8, 0xfc, 0xf8, 0x00,
    0xf8, 0xfc, 0xf8, 0x00, 0xf8, 0xfc, 0xf8, 0x00, 0xf8, 0xfc, 0xf8, 0x00,
    0xf8, 0xfc, 0xf8, 0x00, 0xf8, 0xfc, 0xf8, 0x00, 0xf8, 0xfc, 0xf8, 0x00,
    0xf8, 0xfc, 0xf8, 0x00, 0xf8, 0xfc, 0xf8, 0x00, 0xf8, 0xfc, 0xf8, 0x00,
    0xf8, 0xfc, 0xf8, 0x00, 0xf8, 0xfc, 0xf8, 0x00, 0xf8, 0xfc, 0xf8, 0x00,
    0xf8, 0xfc, 0xf8, 0x00, 0xf8, 0xfc, 0xf8, 0x00, 0xf8, 0xfc, 0xf8, 0x00,
    0xf8, 0xfc, 0xf8, 0x00, 0xf8, 0xfc, 0xf8, 0x00, 0xf8, 0xfc, 0xf8, 0x00,
    0xf8, 0xfc, 0xf8, 0x00, 0xf8, 0xfc, 0xf8, 0x00, 0xf8, 0xfc, 0xf8, 0x00,
    0xf8, 0xfc, 0xf8, 0x00, 0xf8, 0xfc, 0xf8, 0x00, 0xf8, 0xfc, 0xf8, 0x00,
    0xf8, 0xfc, 0xf8, 0x00, 0xf8, 0xfc, 0xf8, 0x00, 0xf8, 0xfc, 0xf8, 0x00,
    0xf8, 0xfc, 0xf8, 0x00, 0xf8, 0xfc, 0xf8, 0x00, 0xf8, 0xfc, 0xf8, 0x00,
    0xf8, 0xfc, 0xf8, 0x00, 0xf8, 0xfc, 0xf8, 0x00, 0xf8, 0xfc, 0xf8, 0x00,
    0xf8, 0xfc, 0xf8, 0x00, 0xf8, 0xfc, 0xf8, 0x00, 0xf8, 0xfc, 0xf8, 0x00,
    0xf8, 0xfc, 0xf8, 0x00, 0xf8, 0xfc, 0xf8, 0x00, 0xf8, 0xfc, 0xf8, 0x00,
    0xf8, 0xfc, 0xf8, 0x00, 0xf8, 0xfc, 0xf8, 0x00, 0xf8, 0xfc, 0xf8, 0x00,
    0xf8, 0xfc, 0xf8, 0x00, 0xf8, 0xfc, 0xf8, 0x00, 0xf8, 0xfc, 0xf8, 0x00,
    0xf8, 0xfc, 0xf8, 0x00, 0xf8, 0xfc, 0xf8, 0x00, 0xf8, 0xfc, 0xf8, 0x00,
    0xf8, 0xfc, 0xf8, 0x00, 0x00, 0x00, 0xf8, 0x9a, 0x00, 0x00, 0xf8, 0xfb,
    0x00, 0x00, 0xf8, 0xff, 0x00, 0x00, 0xf8, 0xff, 0x00, 0x00, 0xf8, 0xff,
    0x00, 0x00, 0xf8, 0xff, 0x00, 0x00, 0xf8, 0xff, 0x00, 0x00, 0xf8, 0xff,
    0x00, 0x00, 0xf8, 0xff, 0x00, 0x00, 0xf8, 0xff, 0x00, 0x00, 0xf8, 0xff,
    0x00, 0x00, 0xf8, 0xff, 0x00, 0x00, 0xf8, 0xff, 0x00, 0x00, 0xf8, 0xff,
    0x00, 0x00, 0xf8, 0xff, 0x00, 0x00, 0xf8, 0xff, 0x00, 0x00, 0xf8, 0xff,
    0x00, 0x00, 0xf8, 0xff, 0x00, 0x00, 0xf8, 0xff, 0x00, 0x00, 0xf8, 0xff,
    0x00, 0x00, 0xf8, 0xff, 0x00, 0x00, 0xf8, 0xff, 0x00, 0x00, 0xf8, 0xff,
    0x00, 0x00, 0xf8, 0xff, 0x00, 0x00, 0xf8, 0xff, 0x00, 0x00, 0xf8, 0xff,
    0x00, 0x00, 0xf8, 0xff, 0x00, 0x00, 0xf8, 0xff, 0x00, 0x00, 0xf8, 0xff,
    0x00, 0x00, 0xf8, 0xff, 0x00, 0x00, 0xf8, 0xff, 0x00, 0x00, 0xf8, 0xff,
    0x00, 0x00, 0xf8, 0xff, 0x00, 0x00, 0xf8, 0xff, 0x00, 0x00, 0xf8, 0xff,
    0x00, 0x00, 0xf8, 0xff, 0x00, 0x00, 0xf8, 0xff, 0x00, 0x00, 0xf8, 0xff,
    0x00, 0x00, 0xf8, 0xff, 0x00, 0x00, 0xf8, 0xff, 0x00, 0x00, 0xf8, 0xff,
    0x00, 0x00, 0xf8, 0xff, 0x00, 0x00, 0xf8, 0xff, 0x00, 0x00, 0xf8, 0xff,
    0x00, 0x00, 0xf8, 0xff, 0x00, 0x00, 0xf8, 0xff, 0x00, 0x00, 0xf8, 0xff,
    0x00, 0x00, 0xf8, 0xff, 0x00, 0x00, 0xf8, 0xff, 0x00, 0x00, 0xf8, 0xff,
    0x00, 0x00, 0xf8, 0xff, 0x00, 0x00, 0xf8, 0xff, 0x00, 0x00, 0xf8, 0xff,
    0x00, 0x00, 0xf8, 0xff, 0x00, 0x00, 0xf8, 0xff, 0x00, 0x00, 0xf8, 0xff,
    0x00, 0x00, 0xf8, 0xff, 0x00, 0x00, 0xf8, 0xff, 0x00, 0x00, 0xf8, 0xff,
    0x00, 0x00, 0xf8, 0xff, 0x00, 0x00, 0xf8, 0xff, 0x00, 0x00, 0xf8, 0xff,
    0x00, 0x00, 0xf8, 0xff, 0x00, 0x00, 0xf8, 0xff, 0x00, 0x00, 0xf8, 0xff,
    0x00, 0x00, 0xf8, 0xff, 0x00, 0x00, 0xf8, 0xff, 0x00, 0x00, 0xf8, 0xff,
    0x00, 0x00, 0xf8, 0xff, 0x00, 0x00, 0xf8, 0xff, 0x00, 0x00, 0xf8, 0xff,
    0x00, 0x00, 0xf8, 0xff, 0x00, 0x00, 0xf8, 0xff, 0x00, 0x00, 0xf8, 0xff,
    0x00, 0x00, 0xf8, 0xff, 0x00, 0x00, 0xf8, 0xff, 0x00, 0x00, 0xf8, 0xff,
    0x00, 0x00, 0xf8, 0xff, 0x00, 0x00, 0xf8, 0xff, 0x00, 0x00, 0xf8, 0xff,
    0x00, 0x00, 0xf8, 0xff, 0x00, 0x00, 0xf8, 0xff, 0x00, 0x00, 0xf8, 0xff,
    0x00, 0x00, 0xf8, 0xff, 0x00, 0x00, 0xf8, 0xff, 0x00, 0x00, 0xf8, 0xff,
    0x00, 0x00, 0xf8, 0xff, 0x00, 0x00, 0xf8, 0xff, 0x00, 0x00, 0xf8, 0xff,
    0x00, 0x00, 0xf8, 0xff, 0x00, 0x00, 0xf8, 0xff, 0x00, 0x00, 0xf8, 0xff,
    0x00, 0x00, 0xf8, 0xff, 0x00, 0x00, 0xf8, 0xff, 0x00, 0x00, 0xf8, 0xff,
    0x00, 0x00, 0xf8, 0xff, 0x00, 0x00, 0xf8, 0xff, 0x00, 0x00, 0xf8, 0xff,
    0x00, 0x00, 0xf8, 0xff, 0x00, 0x00, 0xf8, 0xff, 0x00, 0x00, 0xf8, 0xfb,
    0x00, 0x00, 0xf8, 0x96, 0xf8, 0xfc, 0xf8, 0x00, 0xf8, 0xfc, 0xf8, 0x00,
    0xf8, 0xfc, 0xf8, 0x00, 0xf8, 0xfc, 0xf8, 0x00, 0xf8, 0xfc, 0xf8, 0x00,
    0xf8, 0xfc, 0xf8, 0x00, 0xf8, 0xfc, 0xf8, 0x00, 0xf8, 0xfc, 0xf8, 0x00,
    0xf8, 0xfc, 0xf8, 0x00, 0xf8, 0xfc, 0xf8, 0x00, 0xf8, 0xfc, 0xf8, 0x00,
    0xf8, 0xfc, 0xf8, 0x00, 0xf8, 0xfc, 0xf8, 0x00, 0xf8, 0xfc, 0xf8, 0x00,
    0xf8, 0xfc, 0xf8, 0x00, 0xf8, 0xfc, 0xf8, 0x00, 0xf8, 0xfc, 0xf8, 0x00,
    0xf8, 0xfc, 0xf8, 0x00, 0xf8, 0xfc, 0xf8, 0x00, 0xf8, 0xfc, 0xf8, 0x00,
    0xf8, 0xfc, 0xf8, 0x00, 0xf8, 0xfc, 0xf8, 0x00, 0xf8, 0xfc, 0xf8, 0x00,
    0xf8, 0xfc, 0xf8, 0x00, 0xf8, 0xfc, 0xf8, 0x00, 0xf8, 0xfc, 0xf8, 0x00,
    0xf8, 0xfc, 0xf8, 0x00, 0xf8, 0xfc, 0xf8, 0x00, 0xf8, 0xfc, 0xf8, 0x00,
    0xf8, 0xfc, 0xf8, 0x00, 0xf8, 0xfc, 0xf8, 0x00, 0xf8, 0xfc, 0xf8, 0x00,
    0xf8, 0xfc, 0xf8, 0x00, 0xf8, 0xfc, 0xf8, 0x00, 0xf8, 0xfc, 0xf8, 0x00,
    0xf8, 0xfc, 0xf8, 0x00, 0xf8, 0xfc, 0xf8, 0x00, 0xf8, 0xfc, 0xf8, 0x00,
    0xf8, 0xfc, 0xf8, 0x00, 0xf8, 0xfc, 0xf8, 0x00, 0xf8, 0xfc, 0xf8, 0x00,
    0xf8, 0xfc, 0xf8, 0x00, 0xf8, 0xfc, 0xf8, 0x00, 0xf8, 0xfc, 0xf8, 0x00,
    0xf8, 0xfc, 0xf8, 0x00, 0xf8, 0xfc, 0xf8, 0x00, 0xf8, 0xfc, 0xf8, 0x00,
    0xf8, 0xfc, 0xf8, 0x00, 0xf8, 0xfc, 0xf8, 0x00, 0xf8, 0xfc, 0xf8, 0x00,
    0xf8, 0xfc, 0xf8, 0x00, 0xf8, 0xfc, 0xf8, 0x00, 0x00, 0x00, 0xf8, 0x65,
    0x00, 0x00, 0xf8, 0xff, 0x00, 0x00, 0xf8, 0xff, 0x00, 0x00, 0xf8, 0xff,
    0x00, 0x00, 0xf8, 0xff, 0x00, 0x00, 0xf8, 0xff, 0x00, 0x00, 0xf8, 0xff,
    0x00, 0x00, 0xf8, 0xff, 0x00, 0x00, 0xf8, 0xff, 0x00, 0x00, 0xf8, 0xff,
    0x00, 0x00, 0xf8, 0xff, 0x00, 0x00, 0xf8, 0xff, 0x00, 0x00, 0xf8, 0xff,
    0x00, 0x00, 0xf8, 0xff, 0x00, 0x00, 0xf8, 0xff, 0x00, 0x00, 0xf8, 0xff,
    0x00, 0x00, 0xf8, 0xff, 0x00, 0x00, 0xf8, 0xff, 0x00, 0x00, 0xf8, 0xff,
    0x00, 0x00, 0xf8, 0xff, 0x00, 0x00, 0xf8, 0xff, 0x00, 0x00, 0xf8, 0xff,
    0x00, 0x00, 0xf8, 0xff, 0x00, 0x00, 0xf8, 0xff, 0x00, 0x00, 0xf8, 0xff,
    0x00, 0x00, 0xf8, 0xff, 0x00, 0x00, 0xf8, 0xff, 0x00, 0x00, 0xf8, 0xff,
    0x00, 0x00, 0xf8, 0xff, 0x00, 0x00, 0xf8, 0xff, 0x00, 0x00, 0xf8, 0xff,
    0x00, 0x00, 0xf8, 0xff, 0x00, 0x00, 0xf8, 0xff, 0x00, 0x00, 0xf8, 0xff,
    0x00, 0x00, 0xf8, 0xff, 0x00, 0x00, 0xf8, 0xff, 0x00, 0x00, 0xf8, 0xff,
    0x00, 0x00, 0xf8, 0xff, 0x00, 0x00, 0xf8, 0xff, 0x00, 0x00, 0xf8, 0xff,
    0x00, 0x00, 0xf8, 0xff, 0x00, 0x00, 0xf8, 0xff, 0x00, 0x00, 0xf8, 0xff,
    0x00, 0x00, 0xf8, 0xff, 0x00, 0x00, 0xf8, 0xff, 0x00, 0x00, 0xf8, 0xff,
    0x00, 0x00, 0xf8, 0xff, 0x00, 0x00, 0xf8, 0xff, 0x00, 0x00, 0xf8, 0xff,
    0x00, 0x00, 0xf8, 0xff, 0x00, 0x00, 0xf8, 0xff, 0x00, 0x00, 0xf8, 0xff,
    0x00, 0x00, 0xf8, 0xff, 0x00, 0x00, 0xf8, 0xff, 0x00, 0x00, 0xf8, 0xff,
    0x00, 0x00, 0xf8, 0xff, 0x00, 0x00, 0xf8, 0xff, 0x00, 0x00, 0xf8, 0xff,
    0x00, 0x00, 0xf8, 0xff, 0x00, 0x00, 0xf8, 0xff, 0x00, 0x00, 0xf8, 0xff,
    0x00, 0x00, 0xf8, 0xff, 0x00, 0x00, 0xf8, 0xff, 0x00, 0x00, 0xf8, 0xff,
    0x00, 0x00, 0xf8, 0xff, 0x00, 0x00, 0xf8, 0xff, 0x00, 0x00, 0xf8, 0xff,
    0x00, 0x00, 0xf8, 0xff, 0x00, 0x00, 0xf8, 0xff, 0x00, 0x00, 0xf8, 0xff,
    0x00, 0x00, 0xf8, 0xff, 0x00, 0x00, 0xf8, 0xff, 0x00, 0x00, 0xf8, 0xff,
    0x00, 0x00, 0xf8, 0xff, 0x00, 0x00, 0xf8, 0xff, 0x00, 0x00, 0xf8, 0xff,
    0x00, 0x00, 0xf8, 0xff, 0x00, 0x00, 0xf8, 0xff, 0x00, 0x00, 0xf8, 0xff,
    0x00, 0x00, 0xf8, 0xff, 0x00, 0x00, 0xf8, 0xff, 0x00, 0x00, 0xf8, 0xff,
    0x00, 0x00, 0xf8, 0xff, 0x00, 0x00, 0xf8, 0xff, 0x00, 0x00, 0xf8, 0xff,
    0x00, 0x00, 0xf8, 0xff, 0x00, 0x00, 0xf8, 0xff, 0x00, 0x00, 0xf8, 0xff,
    0x00, 0x00, 0xf8, 0xff, 0x00, 0x00, 0xf8, 0xff, 0x00, 0x00, 0xf8, 0xff,
    0x00, 0x00, 0xf8, 0xff, 0x00, 0x00, 0xf8, 0xff, 0x00, 0x00, 0xf8, 0xff,
    0x00, 0x00, 0xf8, 0xff, 0x00, 0x00, 0xf8, 0xff, 0x00, 0x00, 0xf8, 0xff,
    0x00, 0x00, 0xf8, 0xff, 0x00, 0x00, 0xf8, 0xff, 0x00, 0x00, 0xf8, 0xff,
    0x00, 0x00, 0xf8, 0xff, 0x00, 0x00, 0xf8, 0x65, 0xf8, 0xfc, 0xf8, 0x00,
    0xf8, 0xfc, 0xf8, 0x00, 0xf8, 0xfc, 0xf8, 0x00, 0xf8, 0xfc, 0xf8, 0x00,
    0xf8, 0xfc, 0xf8, 0x00, 0xf8, 0xfc, 0xf8, 0x00, 0xf8, 0xfc, 0xf8, 0x00,
    0xf8, 0xfc, 0xf8, 0x00, 0xf8, 0xfc, 0xf8, 0x00, 0xf8, 0xfc, 0xf8, 0x00,
    0xf8, 0xfc, 0xf8, 0x00, 0xf8, 0xfc, 0xf8, 0x00, 0xf8, 0xfc, 0xf8, 0x00,
    0xf8, 0xfc, 0xf8, 0x00, 0xf8, 0xfc, 0xf8, 0x00, 0xf8, 0xfc, 0xf8, 0x00,
    0xf8, 0xfc, 0xf8, 0x00, 0xf8, 0xfc, 0xf8, 0x00, 0xf8, 0xfc, 0xf8, 0x00,
    0xf8, 0xfc, 0xf8, 0x00, 0xf8, 0xfc, 0xf8, 0x00, 0xf8, 0xfc, 0xf8, 0x00,
    0xf8, 0xfc, 0xf8, 0x00, 0xf8, 0xfc, 0xf8, 0x00, 0xf8, 0xfc, 0xf8, 0x00,
    0xf8, 0xfc, 0xf8, 0x00, 0xf8, 0xfc, 0xf8, 0x00, 0xf8, 0xfc, 0xf8, 0x00,
    0xf8, 0xfc, 0xf8, 0x00, 0xf8, 0xfc, 0xf8, 0x00, 0xf8, 0xfc, 0xf8, 0x00,
    0xf8, 0xfc, 0xf8, 0x00, 0xf8, 0xfc, 0xf8, 0x00, 0xf8, 0xfc, 0xf8, 0x00,
    0xf8, 0xfc, 0xf8, 0x00, 0xf8, 0xfc, 0xf8, 0x00, 0xf8, 0xfc, 0xf8, 0x00,
    0xf8, 0xfc, 0xf8, 0x00, 0xf8, 0xfc, 0xf8, 0x00, 0xf8, 0xfc, 0xf8, 0x00,
    0xf8, 0xfc, 0xf8, 0x00, 0xf8, 0xfc, 0xf8, 0x00, 0xf8, 0xfc, 0xf8, 0x00,
    0xf8, 0xfc, 0xf8, 0x00, 0xf8, 0xfc, 0xf8, 0x00, 0xf8, 0xfc, 0xf8, 0x00,
    0xf8, 0xfc, 0xf8, 0x00, 0xf8, 0xfc, 0xf8, 0x00, 0xf8, 0xfc, 0xf8, 0x00,
    0xf8, 0xfc, 0xf8, 0x00, 0xf8, 0xfc, 0xf8, 0x00, 0xf8, 0xfc, 0xf8, 0x00,
    0x00, 0x00, 0xf8, 0x30, 0x00, 0x00, 0xf8, 0xff, 0x00, 0x00, 0xf8, 0xff,
    0x00, 0x00, 0xf8, 0xff, 0x00, 0x00, 0xf8, 0xff, 0x00, 0x00, 0xf8, 0xff,
    0x00, 0x00, 0xf8, 0xff, 0x00, 0x00, 0xf8, 0xff, 0x00, 0x00, 0xf8, 0xff,
    0x00, 0x00, 0xf8, 0xff, 0x00, 0x00, 0xf8, 0xff, 0x00, 0x00, 0xf8, 0xff,
    0x00, 0x00, 0xf8, 0xff, 0x00, 0x00, 0xf8, 0xff, 0x00, 0x00, 0xf8, 0xff,
    0x00, 0x00, 0xf8, 0xff, 0x00, 0x00, 0xf8, 0xff, 0x00, 0x00, 0xf8, 0xff,
    0x00, 0x00, 0xf8, 0xff, 0x00, 0x00, 0xf8, 0xff, 0x00, 0x00, 0xf8, 0xff,
    0x00, 0x00, 0xf8, 0xff, 0x00, 0x00, 0xf8, 0xff, 0x00, 0x00, 0xf8, 0xff,
    0x00, 0x00, 0xf8, 0xff, 0x00, 0x00, 0xf8, 0xff, 0x00, 0x00, 0xf8, 0xff,
    0x00, 0x00, 0xf8, 0xff, 0x00, 0x00, 0xf8, 0xff, 0x00, 0x00, 0xf8, 0xff,
    0x00, 0x00, 0xf8, 0xff, 0x00, 0x00, 0xf8, 0xff, 0x00, 0x00, 0xf8, 0xff,
    0x00, 0x00, 0xf8, 0xff, 0x00, 0x00, 0xf8, 0xff, 0x00, 0x00, 0xf8, 0xff,
    0x00, 0x00, 0xf8, 0xff, 0x00, 0x00, 0xf8, 0xff, 0x00, 0x00, 0xf8, 0xff,
    0x00, 0x00, 0xf8, 0xff, 0x00, 0x00, 0xf8, 0xff, 0x00, 0x00, 0xf8, 0xff,
    0x00, 0x00, 0xf8, 0xff, 0x00, 0x00, 0xf8, 0xff, 0x00, 0x00, 0xf8, 0xff,
    0x00, 0x00, 0xf8, 0xff, 0x00, 0x00, 0xf8, 0xff, 0x00, 0x00, 0xf8, 0xff,
    0x00, 0x00, 0xf8, 0xff, 0x00, 0x00, 0xf8, 0xff, 0x00, 0x00, 0xf8, 0xff,
    0x00, 0x00, 0xf8, 0xff, 0x00, 0x00, 0xf8, 0xff, 0x00, 0x00, 0xf8, 0xff,
    0x00, 0x00, 0xf8, 0xff, 0x00, 0x00, 0xf8, 0xff, 0x00, 0x00, 0xf8, 0xff,
    0x00, 0x00, 0xf8, 0xff, 0x00, 0x00, 0xf8, 0xff, 0x00, 0x00, 0xf8, 0xff,
    0x00, 0x00, 0xf8, 0xff, 0x00, 0x00, 0xf8, 0xff, 0x00, 0x00, 0xf8, 0xff,
    0x00, 0x00, 0xf8, 0xff, 0x00, 0x00, 0xf8, 0xff, 0x00, 0x00, 0xf8, 0xff,
    0x00, 0x00, 0xf8, 0xff, 0x00, 0x00, 0xf8, 0xff, 0x00, 0x00, 0xf8, 0xff,
    0x00, 0x00, 0xf8, 0xff, 0x00, 0x00, 0xf8, 0xff, 0x00, 0x00, 0xf8, 0xff,
    0x00, 0x00, 0xf8, 0xff, 0x00, 0x00, 0xf8, 0xff, 0x00, 0x00, 0xf8, 0xff,
    0x00, 0x00, 0xf8, 0xff, 0x00, 0x00, 0xf8, 0xff, 0x00, 0x00, 0xf8, 0xff,
    0x00, 0x00, 0xf8, 0xff, 0x00, 0x00, 0xf8, 0xff, 0x00, 0x00, 0xf8, 0xff,
    0x00, 0x00, 0xf8, 0xff, 0x00, 0x00, 0xf8, 0xff, 0x00, 0x00, 0xf8, 0xff,
    0x00, 0x00, 0xf8, 0xff, 0x00, 0x00, 0xf8, 0xff, 0x00, 0x00, 0xf8, 0xff,
    0x00, 0x00, 0xf8, 0xff, 0x00, 0x00, 0xf8, 0xff, 0x00, 0x00, 0xf8, 0xff,
    0x00, 0x00, 0xf8, 0xff, 0x00, 0x00, 0xf8, 0xff, 0x00, 0x00, 0xf8, 0xff,
    0x00, 0x00, 0xf8, 0xff, 0x00, 0x00, 0xf8, 0xff, 0x00, 0x00, 0xf8, 0xff,
    0x00, 0x00, 0xf8, 0xff, 0x00, 0x00, 0xf8, 0xff, 0x00, 0x00, 0xf8, 0xff,
    0x00, 0x00, 0xf8, 0xff, 0x00, 0x00, 0xf8, 0xff, 0x00, 0x00, 0xf8, 0x30,
    0xf8, 0xfc, 0xf8, 0x00, 0xf8, 0xfc, 0xf8, 0x00, 0xf8, 0xfc, 0xf8, 0x00,
    0xf8, 0xfc, 0xf8, 0x00, 0xf8, 0xfc, 0xf8, 0x00, 0xf8, 0xfc, 0xf8, 0x00,
    0xf8, 0xfc, 0xf8, 0x00, 0xf8, 0xfc, 0xf8, 0x00, 0xf8, 0xfc, 0xf8, 0x00,
    0xf8, 0xfc, 0xf8, 0x00, 0xf8, 0xfc, 0xf8, 0x00, 0xf8, 0xfc, 0xf8, 0x00,
    0xf8, 0xfc, 0xf8, 0x00, 0xf8, 0xfc, 0xf8, 0x00, 0xf8, 0xfc, 0xf8, 0x00,
    0xf8, 0xfc, 0xf8, 0x00, 0xf8, 0xfc, 0xf8, 0x00, 0xf8, 0xfc, 0xf8, 0x00,
    0xf8, 0xfc, 0xf8, 0x00, 0xf8, 0xfc, 0xf8, 0x00, 0xf8, 0xfc, 0xf8, 0x00,
    0xf8, 0xfc, 0xf8, 0x00, 0xf8, 0xfc, 0xf8, 0x00, 0xf8, 0xfc, 0xf8, 0x00,
    0xf8, 0xfc, 0xf8, 0x00, 0xf8, 0xfc, 0xf8, 0x00, 0xf8, 0xfc, 0xf8, 0x00,
    0xf8, 0xfc, 0xf8, 0x00, 0xf8, 0xfc, 0xf8, 0x00, 0xf8, 0xfc, 0xf8, 0x00,
    0xf8, 0xfc, 0xf8, 0x00, 0xf8, 0xfc, 0xf8, 0x00, 0xf8, 0xfc, 0xf8, 0x00,
    0xf8, 0xfc, 0xf8, 0x00, 0xf8, 0xfc, 0xf8, 0x00, 0xf8, 0xfc, 0xf8, 0x00,
    0xf8, 0xfc, 0xf8, 0x00, 0xf8, 0xfc, 0xf8, 0x00, 0xf8, 0xfc, 0xf8, 0x00,
    0xf8, 0xfc, 0xf8, 0x00, 0xf8, 0xfc, 0xf8, 0x00, 0xf8, 0xfc, 0xf8, 0x00,
    0xf8, 0xfc, 0xf8, 0x00, 0xf8, 0xfc, 0xf8, 0x00, 0xf8, 0xfc, 0xf8, 0x00,
    0xf8, 0xfc, 0xf8, 0x00, 0xf8, 0xfc, 0xf8, 0x00, 0xf8, 0xfc, 0xf8, 0x00,
    0xf8, 0xfc, 0xf8, 0x00, 0xf8, 0xfc, 0xf8, 0x00, 0xf8, 0xfc, 0xf8, 0x00,
    0xf8, 0xfc, 0xf8, 0x00, 0x00, 0x00, 0xf8, 0x08, 0x00, 0x00, 0xf8, 0xf7,
    0x00, 0x00, 0xf8, 0xff, 0x00, 0x00, 0xf8, 0xff, 0x00, 0x00, 0xf8, 0xff,
    0x00, 0x00, 0xf8, 0xff, 0x00, 0x00, 0xf8, 0xff, 0x00, 0x00, 0xf8, 0xff,
    0x00, 0x00, 0xf8, 0xff, 0x00, 0x00, 0xf8, 0xff, 0x00, 0x00, 0xf8, 0xff,
    0x00, 0x00, 0xf8, 0xff, 0x00, 0x00, 0xf8, 0xff, 0x00, 0x00, 0xf8, 0xff,
    0x00, 0x00, 0xf8, 0xff, 0x00, 0x00, 0xf8, 0xff, 0x00, 0x00, 0xf8, 0xff,
    0x00, 0x00, 0xf8, 0xff, 0x00, 0x00, 0xf8, 0xff, 0x00, 0x00, 0xf8, 0xff,
    0x00, 0x00, 0xf8, 0xff, 0x00, 0x00, 0xf8, 0xff, 0x00, 0x00, 0xf8, 0xff,
    0x00, 0x00, 0xf8, 0xff, 0x00, 0x00, 0xf8, 0xff, 0x00, 0x00, 0xf8, 0xff,
    0x00, 0x00, 0xf8, 0xff, 0x00, 0x00, 0xf8, 0xff, 0x00, 0x00, 0xf8, 0xff,
    0x00, 0x00, 0xf8, 0xff, 0x00, 0x00, 0xf8, 0xff, 0x00, 0x00, 0xf8, 0xff,
    0x00, 0x00, 0xf8, 0xff, 0x00, 0x00, 0xf8, 0xff, 0x00, 0x00, 0xf8, 0xff,
    0x00, 0x00, 0xf8, 0xff, 0x00, 0x00, 0xf8, 0xff, 0x00, 0x00, 0xf8, 0xff,
    0x00, 0x00, 0xf8, 0xff, 0x00, 0x00, 0xf8, 0xff, 0x00, 0x00, 0xf8, 0xff,
    0x00, 0x00, 0xf8, 0xff, 0x00, 0x00, 0xf8, 0xff, 0x00, 0x00, 0xf8, 0xff,
    0x00, 0x00, 0xf8, 0xff, 0x00, 0x00, 0xf8, 0xff, 0x00, 0x00, 0xf8, 0xff,
    0x00, 0x00, 0xf8, 0xff, 0x00, 0x00, 0xf8, 0xff, 0x00, 0x00, 0xf8, 0xff,
    0x00, 0x00, 0xf8, 0xff, 0x00, 0x00, 0xf8, 0xff, 0x00, 0x00, 0xf8, 0xff,
    0x00, 0x00, 0xf8, 0xff, 0x00, 0x00, 0xf8, 0xff, 0x00, 0x00, 0xf8, 0xff,
    0x00, 0x00, 0xf8, 0xff, 0x00, 0x00, 0xf8, 0xff, 0x00, 0x00, 0xf8, 0xff,
    0x00, 0x00, 0xf8, 0xff, 0x00, 0x00, 0xf8, 0xff, 0x00, 0x00, 0xf8, 0xff,
    0x00, 0x00, 0xf8, 0xff, 0x00, 0x00, 0xf8, 0xff, 0x00, 0x00, 0xf8, 0xff,
    0x00, 0x00, 0xf8, 0xff, 0x00, 0x00, 0xf8, 0xff, 0x00, 0x00, 0xf8, 0xff,
    0x00, 0x00, 0xf8, 0xff, 0x00, 0x00, 0xf8, 0xff, 0x00, 0x00, 0xf8, 0xff,
    0x00, 0x00, 0xf8, 0xff, 0x00, 0x00, 0xf8, 0xff, 0x00, 0x00, 0xf8, 0xff,
    0x00, 0x00, 0xf8, 0xff, 0x00, 0x00, 0xf8, 0xff, 0x00, 0x00, 0xf8, 0xff,
    0x00, 0x00, 0xf8, 0xff, 0x00, 0x00, 0xf8, 0xff, 0x00, 0x00, 0xf8, 0xff,
    0x00, 0x00, 0xf8, 0xff, 0x00, 0x00, 0xf8, 0xff, 0x00, 0x00, 0xf8, 0xff,
    0x00, 0x00, 0xf8, 0xff, 0x00, 0x00, 0xf8, 0xff, 0x00, 0x00, 0xf8, 0xff,
    0x00, 0x00, 0xf8, 0xff, 0x00, 0x00, 0xf8, 0xff, 0x00, 0x00, 0xf8, 0xff,
    0x00, 0x00, 0xf8, 0xff, 0x00, 0x00, 0xf8, 0xff, 0x00, 0x00, 0xf8, 0xff,
    0x00, 0x00, 0xf8, 0xff, 0x00, 0x00, 0xf8, 0xff, 0x00, 0x00, 0xf8, 0xff,
    0x00, 0x00, 0xf8, 0xff, 0x00, 0x00, 0xf8, 0xff, 0x00, 0x00, 0xf8, 0xff,
    0x00, 0x00, 0xf8, 0xff, 0x00, 0x00, 0xf8, 0xff, 0x00, 0x00, 0xf8, 0xf7,
    0x00, 0x00, 0xf8, 0x08, 0xf8, 0xfc, 0xf8, 0x00, 0xf8, 0xfc, 0xf8, 0x00,
    0xf8, 0xfc, 0xf8, 0x00, 0xf8, 0xfc, 0xf8, 0x00, 0xf8, 0xfc, 0xf8, 0x00,
    0xf8, 0xfc, 0xf8, 0x00, 0xf8, 0xfc, 0xf8, 0x00, 0xf8, 0xfc, 0xf8, 0x00,
    0xf8, 0xfc, 0xf8, 0x00, 0xf8, 0xfc, 0xf8, 0x00, 0xf8, 0xfc, 0xf8, 0x00,
    0xf8, 0xfc, 0xf8, 0x00, 0xf8, 0xfc, 0xf8, 0x00, 0xf8, 0xfc, 0xf8, 0x00,
    0xf8, 0xfc, 0xf8, 0x00, 0xf8, 0xfc, 0xf8, 0x00, 0xf8, 0xfc, 0xf8, 0x00,
    0xf8, 0xfc, 0xf8, 0x00, 0xf8, 0xfc, 0xf8, 0x00, 0xf8, 0xfc, 0xf8, 0x00,
    0xf8, 0xfc, 0xf8, 0x00, 0xf8, 0xfc, 0xf8, 0x00, 0xf8, 0xfc, 0xf8, 0x00,
    0xf8, 0xfc, 0xf8, 0x00, 0xf8, 0xfc, 0xf8, 0x00, 0xf8, 0xfc, 0xf8, 0x00,
    0xf8, 0xfc, 0xf8, 0x00, 0xf8, 0xfc, 0xf8, 0x00, 0xf8, 0xfc, 0xf8, 0x00,
    0xf8, 0xfc, 0xf8, 0x00, 0xf8, 0xfc, 0xf8, 0x00, 0xf8, 0xfc, 0xf8, 0x00,
    0xf8, 0xfc, 0xf8, 0x00, 0xf8, 0xfc, 0xf8, 0x00, 0xf8, 0xfc, 0xf8, 0x00,
    0xf8, 0xfc, 0xf8, 0x00, 0xf8, 0xfc, 0xf8, 0x00, 0xf8, 0xfc, 0xf8, 0x00,
    0xf8, 0xfc, 0xf8, 0x00, 0xf8, 0xfc, 0xf8, 0x00, 0xf8, 0xfc, 0xf8, 0x00,
    0xf8, 0xfc, 0xf8, 0x00, 0xf8, 0xfc, 0xf8, 0x00, 0xf8, 0xfc, 0xf8, 0x00,
    0xf8, 0xfc, 0xf8, 0x00, 0xf8, 0xfc, 0xf8, 0x00, 0xf8, 0xfc, 0xf8, 0x00,
    0xf8, 0xfc, 0xf8, 0x00, 0xf8, 0xfc, 0xf8, 0x00, 0xf8, 0xfc, 0xf8, 0x00,
    0xf8, 0xfc, 0xf8, 0x00, 0xf8, 0xfc, 0xf8, 0x00, 0xf8, 0xfc, 0xf8, 0x00,
    0x00, 0x00, 0xf8, 0xb2, 0x00, 0x00, 0xf8, 0xfb, 0x00, 0x00, 0xf8, 0xff,
    0x00, 0x00, 0xf8, 0xff, 0x00, 0x00, 0xf8, 0xff, 0x00, 0x00, 0xf8, 0xff,
    0x00, 0x00, 0xf8, 0xff, 0x00, 0x00, 0xf8, 0xff, 0x00, 0x00, 0xf8, 0xff,
    0x00, 0x00, 0xf8, 0xff, 0x00, 0x00, 0xf8, 0xff, 0x00, 0x00, 0xf8, 0xff,
    0x00, 0x00, 0xf8, 0xff, 0x00, 0x00, 0xf8, 0xff, 0x00, 0x00, 0xf8, 0xff,
    0x00, 0x00, 0xf8, 0xff, 0x00, 0x00, 0xf8, 0xff, 0x00, 0x00, 0xf8, 0xff,
    0x00, 0x00, 0xf8, 0xff, 0x00, 0x00, 0xf8, 0xff, 0x00, 0x00, 0xf8, 0xff,
    0x00, 0x00, 0xf8, 0xff, 0x00, 0x00, 0xf8, 0xff, 0x00, 0x00, 0xf8, 0xff,
    0x00, 0x00, 0xf8, 0xff, 0x00, 0x00, 0xf8, 0xff, 0x00, 0x00, 0xf8, 0xff,
    0x00, 0x00, 0xf8, 0xff, 0x00, 0x00, 0xf8, 0xff, 0x00, 0x00, 0xf8, 0xff,
    0x00, 0x00, 0xf8, 0xff, 0x00, 0x00, 0xf8, 0xff, 0x00, 0x00, 0xf8, 0xff,
    0x00, 0x00, 0xf8, 0xff, 0x00, 0x00, 0xf8, 0xff, 0x00, 0x00, 0xf8, 0xff,
    0x00, 0x00, 0xf8, 0xff, 0x00, 0x00, 0xf8, 0xff, 0x00, 0x00, 0xf8, 0xff,
    0x00, 0x00, 0xf8, 0xff, 0x00, 0x00, 0xf8, 0xff, 0x00, 0x00, 0xf8, 0xff,
    0x00, 0x00, 0xf8, 0xff, 0x00, 0x00, 0xf8, 0xff, 0x00, 0x00, 0xf8, 0xff,
    0x00, 0x00, 0xf8, 0xff, 0x00, 0x00, 0xf8, 0xff, 0x00, 0x00, 0xf8, 0xff,
    0x00, 0x00, 0xf8, 0xff, 0x00, 0x00, 0xf8, 0xff, 0x00, 0x00, 0xf8, 0xff,
    0x00, 0x00, 0xf8, 0xff, 0x00, 0x00, 0xf8, 0xff, 0x00, 0x00, 0xf8, 0xff,
    0x00, 0x00, 0xf8, 0xff, 0x00, 0x00, 0xf8, 0xff, 0x00, 0x00, 0xf8, 0xff,
    0x00, 0x00, 0xf8, 0xff, 0x00, 0x00, 0xf8, 0xff, 0x00, 0x00, 0xf8, 0xff,
    0x00, 0x00, 0xf8, 0xff, 0x00, 0x00, 0xf8, 0xff, 0x00, 0x00, 0xf8, 0xff,
    0x00, 0x00, 0xf8, 0xff, 0x00, 0x00, 0xf8, 0xff, 0x00, 0x00, 0xf8, 0xff,
    0x00, 0x00, 0xf8, 0xff, 0x00, 0x00, 0xf8, 0xff, 0x00, 0x00, 0xf8, 0xff,
    0x00, 0x00, 0xf8, 0xff, 0x00, 0x00, 0xf8, 0xff, 0x00, 0x00, 0xf8, 0xff,
    0x00, 0x00, 0xf8, 0xff, 0x00, 0x00, 0xf8, 0xff, 0x00, 0x00, 0xf8, 0xff,
    0x00, 0x00, 0xf8, 0xff, 0x00, 0x00, 0xf8, 0xff, 0x00, 0x00, 0xf8, 0xff,
    0x00, 0x00, 0xf8, 0xff, 0x00, 0x00, 0xf8, 0xff, 0x00, 0x00, 0xf8, 0xff,
    0x00, 0x00, 0xf8, 0xff, 0x00, 0x00, 0xf8, 0xff, 0x00, 0x00, 0xf8, 0xff,
    0x00, 0x00, 0xf8, 0xff, 0x00, 0x00, 0xf8, 0xff, 0x00, 0x00, 0xf8, 0xff,
    0x00, 0x00, 0xf8, 0xff, 0x00, 0x00, 0xf8, 0xff, 0x00, 0x00, 0xf8, 0xff,
    0x00, 0x00, 0xf8, 0xff, 0x00, 0x00, 0xf8, 0xff, 0x00, 0x00, 0xf8, 0xff,
    0x00, 0x00, 0xf8, 0xff, 0x00, 0x00, 0xf8, 0xff, 0x00, 0x00, 0xf8, 0xff,
    0x00, 0x00, 0xf8, 0xff, 0x00, 0x00, 0xf8, 0xff, 0x00, 0x00, 0xf8, 0xfb,
    0x00, 0x00, 0xf8, 0xb2, 0xf8, 0xfc, 0xf8, 0x00, 0xf8, 0xfc, 0xf8, 0x00,
    0xf8, 0xfc, 0xf8, 0x00, 0xf8, 0xfc, 0xf8, 0x00, 0xf8, 0xfc, 0xf8, 0x00,
    0xf8, 0xfc, 0xf8, 0x00, 0xf8, 0xfc, 0xf8, 0x00, 0xf8, 0xfc, 0xf8, 0x00,
    0xf8, 0xfc, 0xf8, 0x00, 0xf8, 0xfc, 0xf8, 0x00, 0xf8, 0xfc, 0xf8, 0x00,
    0xf8, 0xfc, 0xf8, 0x00, 0xf8, 0xfc, 0xf8, 0x00, 0xf8, 0xfc, 0xf8, 0x00,
    0xf8, 0xfc, 0xf8, 0x00, 0xf8, 0xfc, 0xf8, 0x00, 0xf8, 0xfc, 0xf8, 0x00,
    0xf8, 0xfc, 0xf8, 0x00, 0xf8, 0xfc, 0xf8, 0x00, 0xf8, 0xfc, 0xf8, 0x00,
    0xf8, 0xfc, 0xf8, 0x00, 0xf8, 0xfc, 0xf8, 0x00, 0xf8, 0xfc, 0xf8, 0x00,
    0xf8, 0xfc, 0xf8, 0x00, 0xf8, 0xfc, 0xf8, 0x00, 0xf8, 0xfc, 0xf8, 0x00,
    0xf8, 0xfc, 0xf8, 0x00, 0xf8, 0xfc, 0xf8, 0x00, 0xf8, 0xfc, 0xf8, 0x00,
    0xf8, 0xfc, 0xf8, 0x00, 0xf8, 0xfc, 0xf8, 0x00, 0xf8, 0xfc, 0xf8, 0x00,
    0xf8, 0xfc, 0xf8, 0x00, 0xf8, 0xfc, 0xf8, 0x00, 0xf8, 0xfc, 0xf8, 0x00,
    0xf8, 0xfc, 0xf8, 0x00, 0xf8, 0xfc, 0xf8, 0x00, 0xf8, 0xfc, 0xf8, 0x00,
    0xf8, 0xfc, 0xf8, 0x00, 0xf8, 0xfc, 0xf8, 0x00, 0xf8, 0xfc, 0xf8, 0x00,
    0xf8, 0xfc, 0xf8, 0x00, 0xf8, 0xfc, 0xf8, 0x00, 0xf8, 0xfc, 0xf8, 0x00,
    0xf8, 0xfc, 0xf8, 0x00, 0xf8, 0xfc, 0xf8, 0x00, 0xf8, 0xfc, 0xf8, 0x00,
    0xf8, 0xfc, 0xf8, 0x00, 0xf8, 0xfc, 0xf8, 0x00, 0xf8, 0xfc, 0xf8, 0x00,
    0xf8, 0xfc, 0xf8, 0x00, 0xf8, 0xfc, 0xf8, 0x00, 0xf8, 0xfc, 0xf8, 0x00,
    0xf8, 0xfc, 0xf8, 0x00, 0x00, 0x00, 0xf8, 0x65, 0x00, 0x00, 0xf8, 0xff,
    0x00, 0x00, 0xf8, 0xff, 0x00, 0x00, 0xf8, 0xff, 0x00, 0x00, 0xf8, 0xff,
    0x00, 0x00, 0xf8, 0xff, 0x00, 0x00, 0xf8, 0xff, 0x00, 0x00, 0xf8, 0xff,
    0x00, 0x00, 0xf8, 0xff, 0x00, 0x00, 0xf8, 0xff, 0x00, 0x00, 0xf8, 0xff,
    0x00, 0x00, 0xf8, 0xff, 0x00, 0x00, 0xf8, 0xff, 0x00, 0x00, 0xf8, 0xff,
    0x00, 0x00, 0xf8, 0xff, 0x00, 0x00, 0xf8, 0xff, 0x00, 0x00, 0xf8, 0xff,
    0x00, 0x00, 0xf8, 0xff, 0x00, 0x00, 0xf8, 0xff, 0x00, 0x00, 0xf8, 0xff,
    0x00, 0x00, 0xf8, 0xff, 0x00, 0x00, 0xf8, 0xff, 0x00, 0x00, 0xf8, 0xff,
    0x00, 0x00, 0xf8, 0xff, 0x00, 0x00, 0xf8, 0xff, 0x00, 0x00, 0xf8, 0xff,
    0x00, 0x00, 0xf8, 0xff, 0x00, 0x00, 0xf8, 0xff, 0x00, 0x00, 0xf8, 0xff,
    0x00, 0x00, 0xf8, 0xff, 0x00, 0x00, 0xf8, 0xff, 0x00, 0x00, 0xf8, 0xff,
    0x00, 0x00, 0xf8, 0xff, 0x00, 0x00, 0xf8, 0xff, 0x00, 0x00, 0xf8, 0xff,
    0x00, 0x00, 0xf8, 0xff, 0x00, 0x00, 0xf8, 0xff, 0x00, 0x00, 0xf8, 0xff,
    0x00, 0x00, 0xf8, 0xff, 0x00, 0x00, 0xf8, 0xff, 0x00, 0x00, 0xf8, 0xff,
    0x00, 0x00, 0xf8, 0xff, 0x00, 0x00, 0xf8, 0xff, 0x00, 0x00, 0xf8, 0xff,
    0x00, 0x00, 0xf8, 0xff, 0x00, 0x00, 0xf8, 0xff, 0x00, 0x00, 0xf8, 0xff,
    0x00, 0x00, 0xf8, 0xff, 0x00, 0x00, 0xf8, 0xff, 0x00, 0x00, 0xf8, 0xff,
    0x00, 0x00, 0xf8, 0xff, 0x00, 0x00, 0xf8, 0xff, 0x00, 0x00, 0xf8, 0xff,
    0x00, 0x00, 0xf8, 0xff, 0x00, 0x00, 0xf8, 0xff, 0x00, 0x00, 0xf8, 0xff,
    0x00, 0x00, 0xf8, 0xff, 0x00, 0x00, 0xf8, 0xff, 0x00, 0x00, 0xf8, 0xff,
    0x00, 0x00, 0xf8, 0xff, 0x00, 0x00, 0xf8, 0xff, 0x00, 0x00, 0xf8, 0xff,
    0x00, 0x00, 0xf8, 0xff, 0x00, 0x00, 0xf8, 0xff, 0x00, 0x00, 0xf8, 0xff,
    0x00, 0x00, 0xf8, 0xff, 0x00, 0x00, 0xf8, 0xff, 0x00, 0x00, 0xf8, 0xff,
    0x00, 0x00, 0xf8, 0xff, 0x00, 0x00, 0xf8, 0xff, 0x00, 0x00, 0xf8, 0xff,
    0x00, 0x00, 0xf8, 0xff, 0x00, 0x00, 0xf8, 0xff, 0x00, 0x00, 0xf8, 0xff,
    0x00, 0x00, 0xf8, 0xff, 0x00, 0x00, 0xf8, 0xff, 0x00, 0x00, 0xf8, 0xff,
    0x00, 0x00, 0xf8, 0xff, 0x00, 0x00, 0xf8, 0xff, 0x00, 0x00, 0xf8, 0xff,
    0x00, 0x00, 0xf8, 0xff, 0x00, 0x00, 0xf8, 0xff, 0x00, 0x00, 0xf8, 0xff,
    0x00, 0x00, 0xf8, 0xff, 0x00, 0x00, 0xf8, 0xff, 0x00, 0x00, 0xf8, 0xff,
    0x00, 0x00, 0xf8, 0xff, 0x00, 0x00, 0xf8, 0xff, 0x00, 0x00, 0xf8, 0xff,
    0x00, 0x00, 0xf8, 0xff, 0x00, 0x00, 0xf8, 0xff, 0x00, 0x00, 0xf8, 0xff,
    0x00, 0x00, 0xf8, 0xff, 0x00, 0x00, 0xf8, 0xff, 0x00, 0x00, 0xf8, 0xff,
    0x00, 0x00, 0xf8, 0xff, 0x00, 0x00, 0xf8, 0xff, 0x00, 0x00, 0xf8, 0xff,
    0x00, 0x00, 0xf8, 0xff, 0x00, 0x00, 0xf8, 0x65, 0xf8, 0xfc, 0xf8, 0x00,
    0xf8, 0xfc, 0xf8, 0x00, 0xf8, 0xfc, 0xf8, 0x00, 0xf8, 0xfc, 0xf8, 0x00,
    0xf8, 0xfc, 0xf8, 0x00, 0xf8, 0xfc, 0xf8, 0x00, 0xf8, 0xfc, 0xf8, 0x00,
    0xf8, 0xfc, 0xf8, 0x00, 0xf8, 0xfc, 0xf8, 0x00, 0xf8, 0xfc, 0xf8, 0x00,
    0xf8, 0xfc, 0xf8, 0x00, 0xf8, 0xfc, 0xf8, 0x00, 0xf8, 0xfc, 0xf8, 0x00,
    0xf8, 0xfc, 0xf8, 0x00, 0xf8, 0xfc, 0xf8, 0x00, 0xf8, 0xfc, 0xf8, 0x00,
    0xf8, 0xfc, 0xf8, 0x00, 0xf8, 0xfc, 0xf8, 0x00, 0xf8, 0xfc, 0xf8, 0x00,
    0xf8, 0xfc, 0xf8, 0x00, 0xf8, 0xfc, 0xf8, 0x00, 0xf8, 0xfc, 0xf8, 0x00,
    0xf8, 0xfc, 0xf8, 0x00, 0xf8, 0xfc, 0xf8, 0x00, 0xf8, 0xfc, 0xf8, 0x00,
    0xf8, 0xfc, 0xf8, 0x00, 0xf8, 0xfc, 0xf8, 0x00, 0xf8, 0xfc, 0xf8, 0x00,
    0xf8, 0xfc, 0xf8, 0x00, 0xf8, 0xfc, 0xf8, 0x00, 0xf8, 0xfc, 0xf8, 0x00,
    0xf8, 0xfc, 0xf8, 0x00, 0xf8, 0xfc, 0xf8, 0x00, 0xf8, 0xfc, 0xf8, 0x00,
    0xf8, 0xfc, 0xf8, 0x00, 0xf8, 0xfc, 0xf8, 0x00, 0xf8, 0xfc, 0xf8, 0x00,
    0xf8, 0xfc, 0xf8, 0x00, 0xf8, 0xfc, 0xf8, 0x00, 0xf8, 0xfc, 0xf8, 0x00,
    0xf8, 0xfc, 0xf8, 0x00, 0xf8, 0xfc, 0xf8, 0x00, 0xf8, 0xfc, 0xf8, 0x00,
    0xf8, 0xfc, 0xf8, 0x00, 0xf8, 0xfc, 0xf8, 0x00, 0xf8, 0xfc, 0xf8, 0x00,
    0xf8, 0xfc, 0xf8, 0x00, 0xf8, 0xfc, 0xf8, 0x00, 0xf8, 0xfc, 0xf8, 0x00,
    0xf8, 0xfc, 0xf8, 0x00, 0xf8, 0xfc, 0xf8, 0x00, 0xf8, 0xfc, 0xf8, 0x00,
    0xf8, 0xfc, 0xf8, 0x00, 0xf8, 0xfc, 0xf8, 0x00, 0x00, 0x00, 0xf8, 0x18,
    0x00, 0x00, 0xf8, 0xff, 0x00, 0x00, 0xf8, 0xff, 0x00, 0x00, 0xf8, 0xff,
    0x00, 0x00, 0xf8, 0xff, 0x00, 0x00, 0xf8, 0xff, 0x00, 0x00, 0xf8, 0xff,
    0x00, 0x00, 0xf8, 0xff, 0x00, 0x00, 0xf8, 0xff, 0x00, 0x00, 0xf8, 0xff,
    0x00, 0x00, 0xf8, 0xff, 0x00, 0x00, 0xf8, 0xff, 0x00, 0x00, 0xf8, 0xff,
    0x00, 0x00, 0xf8, 0xff, 0x00, 0x00, 0xf8, 0xff, 0x00, 0x00, 0xf8, 0xff,
    0x00, 0x00, 0xf8, 0xff, 0x00, 0x00, 0xf8, 0xff, 0x00, 0x00, 0xf8, 0xff,
    0x00, 0x00, 0xf8, 0xff, 0x00, 0x00, 0xf8, 0xff, 0x00, 0x00, 0xf8, 0xff,
    0x00, 0x00, 0xf8, 0xff, 0x00, 0x00, 0xf8, 0xff, 0x00, 0x00, 0xf8, 0xff,
    0x00, 0x00, 0xf8, 0xff, 0x00, 0x00, 0xf8, 0xff, 0x00, 0x00, 0xf8, 0xff,
    0x00, 0x00, 0xf8, 0xff, 0x00, 0x00, 0xf8, 0xff, 0x00, 0x00, 0xf8, 0xff,
    0x00, 0x00, 0xf8, 0xff, 0x00, 0x00, 0xf8, 0xff, 0x00, 0x00, 0xf8, 0xff,
    0x00, 0x00, 0xf8, 0xff, 0x00, 0x00, 0xf8, 0xff, 0x00, 0x00, 0xf8, 0xff,
    0x00, 0x00, 0xf8, 0xff, 0x00, 0x00, 0xf8, 0xff, 0x00, 0x00, 0xf8, 0xff,
    0x00, 0x00, 0xf8, 0xff, 0x00, 0x00, 0xf8, 0xff, 0x00, 0x00, 0xf8, 0xff,
    0x00, 0x00, 0xf8, 0xff, 0x00, 0x00, 0xf8, 0xff, 0x00, 0x00, 0xf8, 0xff,
    0x00, 0x00, 0xf8, 0xff, 0x00, 0x00, 0xf8, 0xff, 0x00, 0x00, 0xf8, 0xff,
    0x00, 0x00, 0xf8, 0xff, 0x00, 0x00, 0xf8, 0xff, 0x00, 0x00, 0xf8, 0xff,
    0x00, 0x00, 0xf8, 0xff, 0x00, 0x00, 0xf8, 0xff, 0x00, 0x00, 0xf8, 0xff,
    0x00, 0x00, 0xf8, 0xff, 0x00, 0x00, 0xf8, 0xff, 0x00, 0x00, 0xf8, 0xff,
    0x00, 0x00, 0xf8, 0xff, 0x00, 0x00, 0xf8, 0xff, 0x00, 0x00, 0xf8, 0xff,
    0x00, 0x00, 0xf8, 0xff, 0x00, 0x00, 0xf8, 0xff, 0x00, 0x00, 0xf8, 0xff,
    0x00, 0x00, 0xf8, 0xff, 0x00, 0x00, 0xf8, 0xff, 0x00, 0x00, 0xf8, 0xff,
    0x00, 0x00, 0xf8, 0xff, 0x00, 0x00, 0xf8, 0xff, 0x00, 0x00, 0xf8, 0xff,
    0x00, 0x00, 0xf8, 0xff, 0x00, 0x00, 0xf8, 0xff, 0x00, 0x00, 0xf8, 0xff,
    0x00, 0x00, 0xf8, 0xff, 0x00, 0x00, 0xf8, 0xff, 0x00, 0x00, 0xf8, 0xff,
    0x00, 0x00, 0xf8, 0xff, 0x00, 0x00, 0xf8, 0xff, 0x00, 0x00, 0xf8, 0xff,
    0x00, 0x00, 0xf8, 0xff, 0x00, 0x00, 0xf8, 0xff, 0x00, 0x00, 0xf8, 0xff,
    0x00, 0x00, 0xf8, 0xff, 0x00, 0x00, 0xf8, 0xff, 0x00, 0x00, 0xf8, 0xff,
    0x00, 0x00, 0xf8, 0xff, 0x00, 0x00, 0xf8, 0xff, 0x00, 0x00, 0xf8, 0xff,
    0x00, 0x00, 0xf8, 0xff, 0x00, 0x00, 0xf8, 0xff, 0x00, 0x00, 0xf8, 0xff,
    0x00, 0x00, 0xf8, 0xff, 0x00, 0x00, 0xf8, 0xff, 0x00, 0x00, 0xf8, 0xff,
    0x00, 0x00, 0xf8, 0xff, 0x00, 0x00, 0xf8, 0xff, 0x00, 0x00, 0xf8, 0xff,
    0x00, 0x00, 0xf8, 0xff, 0x00, 0x00, 0xf8, 0xff, 0x00, 0x00, 0xf8, 0x18,
    0xf8, 0xfc, 0xf8, 0x00, 0xf8, 0xfc, 0xf8, 0x00, 0xf8, 0xfc, 0xf8, 0x00,
    0xf8, 0xfc, 0xf8, 0x00, 0xf8, 0xfc, 0xf8, 0x00, 0xf8, 0xfc, 0xf8, 0x00,
    0xf8, 0xfc, 0xf8, 0x00, 0xf8, 0xfc, 0xf8, 0x00, 0xf8, 0xfc, 0xf8, 0x00,
    0xf8, 0xfc, 0xf8, 0x00, 0xf8, 0xfc, 0xf8, 0x00, 0xf8, 0xfc, 0xf8, 0x00,
    0xf8, 0xfc, 0xf8, 0x00, 0xf8, 0xfc, 0xf8, 0x00, 0xf8, 0xfc, 0xf8, 0x00,
    0xf8, 0xfc, 0xf8, 0x00, 0xf8, 0xfc, 0xf8, 0x00, 0xf8, 0xfc, 0xf8, 0x00,
    0xf8, 0xfc, 0xf8, 0x00, 0xf8, 0xfc, 0xf8, 0x00, 0xf8, 0xfc, 0xf8, 0x00,
    0xf8, 0xfc, 0xf8, 0x00, 0xf8, 0xfc, 0xf8, 0x00, 0xf8, 0xfc, 0xf8, 0x00,
    0xf8, 0xfc, 0xf8, 0x00, 0xf8, 0xfc, 0xf8, 0x00, 0xf8, 0xfc, 0xf8, 0x00,
    0xf8, 0xfc, 0xf8, 0x00, 0xf8, 0xfc, 0xf8, 0x00, 0xf8, 0xfc, 0xf8, 0x00,
    0xf8, 0xfc, 0xf8, 0x00, 0xf8, 0xfc, 0xf8, 0x00, 0xf8, 0xfc, 0xf8, 0x00,
    0xf8, 0xfc, 0xf8, 0x00, 0xf8, 0xfc, 0xf8, 0x00, 0xf8, 0xfc, 0xf8, 0x00,
    0xf8, 0xfc, 0xf8, 0x00, 0xf8, 0xfc, 0xf8, 0x00, 0xf8, 0xfc, 0xf8, 0x00,
    0xf8, 0xfc, 0xf8, 0x00, 0xf8, 0xfc, 0xf8, 0x00, 0xf8, 0xfc, 0xf8, 0x00,
    0xf8, 0xfc, 0xf8, 0x00, 0xf8, 0xfc, 0xf8, 0x00, 0xf8, 0xfc, 0xf8, 0x00,
    0xf8, 0xfc, 0xf8, 0x00, 0xf8, 0xfc, 0xf8, 0x00, 0xf8, 0xfc, 0xf8, 0x00,
    0xf8, 0xfc, 0xf8, 0x00, 0xf8, 0xfc, 0xf8, 0x00, 0xf8, 0xfc, 0xf8, 0x00,
    0xf8, 0xfc, 0xf8, 0x00, 0xf8, 0xfc, 0xf8, 0x00, 0xf8, 0xfc, 0xf8, 0x00,
    0xf8, 0xfc, 0xf8, 0x00, 0x00, 0x00, 0xf8, 0xcb, 0x00, 0x00, 0xf8, 0xff,
    0x00, 0x00, 0xf8, 0xff, 0x00, 0x00, 0xf8, 0xff, 0x00, 0x00, 0xf8, 0xff,
    0x00, 0x00, 0xf8, 0xff, 0x00, 0x00, 0xf8, 0xff, 0x00, 0x00, 0xf8, 0xff,
    0x00, 0x00, 0xf8, 0xff, 0x00, 0x00, 0xf8, 0xff, 0x00, 0x00, 0xf8, 0xff,
    0x00, 0x00, 0xf8, 0xff, 0x00, 0x00, 0xf8, 0xff, 0x00, 0x00, 0xf8, 0xff,
    0x00, 0x00, 0xf8, 0xff, 0x00, 0x00, 0xf8, 0xff, 0x00, 0x00, 0xf8, 0xff,
    0x00, 0x00, 0xf8, 0xff, 0x00, 0x00, 0xf8, 0xff, 0x00, 0x00, 0xf8, 0xff,
    0x00, 0x00, 0xf8, 0xff, 0x00, 0x00, 0xf8, 0xff, 0x00, 0x00, 0xf8, 0xff,
    0x00, 0x00, 0xf8, 0xff, 0x00, 0x00, 0xf8, 0xff, 0x00, 0x00, 0xf8, 0xff,
    0x00, 0x00, 0xf8, 0xff, 0x00, 0x00, 0xf8, 0xff, 0x00, 0x00, 0xf8, 0xff,
    0x00, 0x00, 0xf8, 0xff, 0x00, 0x00, 0xf8, 0xff, 0x00, 0x00, 0xf8, 0xff,
    0x00, 0x00, 0xf8, 0xff, 0x00, 0x00, 0xf8, 0xff, 0x00, 0x00, 0xf8, 0xff,
    0x00, 0x00, 0xf8, 0xff, 0x00, 0x00, 0xf8, 0xff, 0x00, 0x00, 0xf8, 0xff,
    0x00, 0x00, 0xf8, 0xff, 0x00, 0x00, 0xf8, 0xff, 0x00, 0x00, 0xf8, 0xff,
    0x00, 0x00, 0xf8, 0xff, 0x00, 0x00, 0xf8, 0xff, 0x00, 0x00, 0xf8, 0xff,
    0x00, 0x00, 0xf8, 0xff, 0x00, 0x00, 0xf8, 0xff, 0x00, 0x00, 0xf8, 0xff,
    0x00, 0x00, 0xf8, 0xff, 0x00, 0x00, 0xf8, 0xff, 0x00, 0x00, 0xf8, 0xff,
    0x00, 0x00, 0xf8, 0xff, 0x00, 0x00, 0xf8, 0xff, 0x00, 0x00, 0xf8, 0xff,
    0x00, 0x00, 0xf8, 0xff, 0x00, 0x00, 0xf8, 0xff, 0x00, 0x00, 0xf8, 0xff,
    0x00, 0x00, 0xf8, 0xff, 0x00, 0x00, 0xf8, 0xff, 0x00, 0x00, 0xf8, 0xff,
    0x00, 0x00, 0xf8, 0xff, 0x00, 0x00, 0xf8, 0xff, 0x00, 0x00, 0xf8, 0xff,
    0x00, 0x00, 0xf8, 0xff, 0x00, 0x00, 0xf8, 0xff, 0x00, 0x00, 0xf8, 0xff,
    0x00, 0x00, 0xf8, 0xff, 0x00, 0x00, 0xf8, 0xff, 0x00, 0x00, 0xf8, 0xff,
    0x00, 0x00, 0xf8, 0xff, 0x00, 0x00, 0xf8, 0xff, 0x00, 0x00, 0xf8, 0xff,
    0x00, 0x00, 0xf8, 0xff, 0x00, 0x00, 0xf8, 0xff, 0x00, 0x00, 0xf8, 0xff,
    0x00, 0x00, 0xf8, 0xff, 0x00, 0x00, 0xf8, 0xff, 0x00, 0x00, 0xf8, 0xff,
    0x00, 0x00, 0xf8, 0xff, 0x00, 0x00, 0xf8, 0xff, 0x00, 0x00, 0xf8, 0xff,
    0x00, 0x00, 0xf8, 0xff, 0x00, 0x00, 0xf8, 0xff, 0x00, 0x00, 0xf8, 0xff,
    0x00, 0x00, 0xf8, 0xff, 0x00, 0x00, 0xf8, 0xff, 0x00, 0x00, 0xf8, 0xff,
    0x00, 0x00, 0xf8, 0xff, 0x00, 0x00, 0xf8, 0xff, 0x00, 0x00, 0xf8, 0xff,
    0x00, 0x00, 0xf8, 0xff, 0x00, 0x00, 0xf8, 0xff, 0x00, 0x00, 0xf8, 0xff,
    0x00, 0x00, 0xf8, 0xff, 0x00, 0x00, 0xf8, 0xff, 0x00, 0x00, 0xf8, 0xff,
    0x00, 0x00, 0xf8, 0xff, 0x00, 0x00, 0xf8, 0xff, 0x00, 0x00, 0xf8, 0xcb,
    0xf8, 0xfc, 0xf8, 0x00, 0xf8, 0xfc, 0xf8, 0x00, 0xf8, 0xfc, 0xf8, 0x00,
    0xf8, 0xfc, 0xf8, 0x00, 0xf8, 0xfc, 0xf8, 0x00, 0xf8, 0xfc, 0xf8, 0x00,
    0xf8, 0xfc, 0xf8, 0x00, 0xf8, 0xfc, 0xf8, 0x00, 0xf8, 0xfc, 0xf8, 0x00,
    0xf8, 0xfc, 0xf8, 0x00, 0xf8, 0xfc, 0xf8, 0x00, 0xf8, 0xfc, 0xf8, 0x00,
    0xf8, 0xfc, 0xf8, 0x00, 0xf8, 0xfc, 0xf8, 0x00, 0xf8, 0xfc, 0xf8, 0x00,
    0xf8, 0xfc, 0xf8, 0x00, 0xf8, 0xfc, 0xf8, 0x00, 0xf8, 0xfc, 0xf8, 0x00,
    0xf8, 0xfc, 0xf8, 0x00, 0xf8, 0xfc, 0xf8, 0x00, 0xf8, 0xfc, 0xf8, 0x00,
    0xf8, 0xfc, 0xf8, 0x00, 0xf8, 0xfc, 0xf8, 0x00, 0xf8, 0xfc, 0xf8, 0x00,
    0xf8, 0xfc, 0xf8, 0x00, 0xf8, 0xfc, 0xf8, 0x00, 0xf8, 0xfc, 0xf8, 0x00,
    0xf8, 0xfc, 0xf8, 0x00, 0xf8, 0xfc, 0xf8, 0x00, 0xf8, 0xfc, 0xf8, 0x00,
    0xf8, 0xfc, 0xf8, 0x00, 0xf8, 0xfc, 0xf8, 0x00, 0xf8, 0xfc, 0xf8, 0x00,
    0xf8, 0xfc, 0xf8, 0x00, 0xf8, 0xfc, 0xf8, 0x00, 0xf8, 0xfc, 0xf8, 0x00,
    0xf8, 0xfc, 0xf8, 0x00, 0xf8, 0xfc, 0xf8, 0x00, 0xf8, 0xfc, 0xf8, 0x00,
    0xf8, 0xfc, 0xf8, 0x00, 0xf8, 0xfc, 0xf8, 0x00, 0xf8, 0xfc, 0xf8, 0x00,
    0xf8, 0xfc, 0xf8, 0x00, 0xf8, 0xfc, 0xf8, 0x00, 0xf8, 0xfc, 0xf8, 0x00,
    0xf8, 0xfc, 0xf8, 0x00, 0xf8, 0xfc, 0xf8, 0x00, 0xf8, 0xfc, 0xf8, 0x00,
    0xf8, 0xfc, 0xf8, 0x00, 0xf8, 0xfc, 0xf8, 0x00, 0xf8, 0xfc, 0xf8, 0x00,
    0xf8, 0xfc, 0xf8, 0x00, 0xf8, 0xfc, 0xf8, 0x00, 0xf8, 0xfc, 0xf8, 0x00,
    0xf8, 0xfc, 0xf8, 0x00, 0xf8, 0xfc, 0xf8, 0x00, 0x00, 0x00, 0xf8, 0x75,
    0x00, 0x00, 0xf8, 0xff, 0x00, 0x00, 0xf8, 0xff, 0x00, 0x00, 0xf8, 0xff,
    0x00, 0x00, 0xf8, 0xff, 0x00, 0x00, 0xf8, 0xff, 0x00, 0x00, 0xf8, 0xff,
    0x00, 0x00, 0xf8, 0xff, 0x00, 0x00, 0xf8, 0xff, 0x00, 0x00, 0xf8, 0xff,
    0x00, 0x00, 0xf8, 0xff, 0x00, 0x00, 0xf8, 0xff, 0x00, 0x00, 0xf8, 0xff,
    0x00, 0x00, 0xf8, 0xff, 0x00, 0x00, 0xf8, 0xff, 0x00, 0x00, 0xf8, 0xff,
    0x00, 0x00, 0xf8, 0xff, 0x00, 0x00, 0xf8, 0xff, 0x00, 0x00, 0xf8, 0xff,
    0x00, 0x00, 0xf8, 0xff, 0x00, 0x00, 0xf8, 0xff, 0x00, 0x00, 0xf8, 0xff,
    0x00, 0x00, 0xf8, 0xff, 0x00, 0x00, 0xf8, 0xff, 0x00, 0x00, 0xf8, 0xff,
    0x00, 0x00, 0xf8, 0xff, 0x00, 0x00, 0xf8, 0xff, 0x00, 0x00, 0xf8, 0xff,
    0x00, 0x00, 0xf8, 0xff, 0x00, 0x00, 0xf8, 0xff, 0x00, 0x00, 0xf8, 0xff,
    0x00, 0x00, 0xf8, 0xff, 0x00, 0x00, 0xf8, 0xff, 0x00, 0x00, 0xf8, 0xff,
    0x00, 0x00, 0xf8, 0xff, 0x00, 0x00, 0xf8, 0xff, 0x00, 0x00, 0xf8, 0xff,
    0x00, 0x00, 0xf8, 0xff, 0x00, 0x00, 0xf8, 0xff, 0x00, 0x00, 0xf8, 0xff,
    0x00, 0x00, 0xf8, 0xff, 0x00, 0x00, 0xf8, 0xff, 0x00, 0x00, 0xf8, 0xff,
    0x00, 0x00, 0xf8, 0xff, 0x00, 0x00, 0xf8, 0xff, 0x00, 0x00, 0xf8, 0xff,
    0x00, 0x00, 0xf8, 0xff, 0x00, 0x00, 0xf8, 0xff, 0x00, 0x00, 0xf8, 0xff,
    0x00, 0x00, 0xf8, 0xff, 0x00, 0x00, 0xf8, 0xff, 0x00, 0x00, 0xf8, 0xff,
    0x00, 0x00, 0xf8, 0xff, 0x00, 0x00, 0xf8, 0xff, 0x00, 0x00, 0xf8, 0xff,
    0x00, 0x00, 0xf8, 0xff, 0x00, 0x00, 0xf8, 0xff, 0x00, 0x00, 0xf8, 0xff,
    0x00, 0x00, 0xf8, 0xff, 0x00, 0x00, 0xf8, 0xff, 0x00, 0x00, 0xf8, 0xff,
    0x00, 0x00, 0xf8, 0xff, 0x00, 0x00, 0xf8, 0xff, 0x00, 0x00, 0xf8, 0xff,
    0x00, 0x00, 0xf8, 0xff, 0x00, 0x00, 0xf8, 0xff, 0x00, 0x00, 0xf8, 0xff,
    0x00, 0x00, 0xf8, 0xff, 0x00, 0x00, 0xf8, 0xff, 0x00, 0x00, 0xf8, 0xff,
    0x00, 0x00, 0xf8, 0xff, 0x00, 0x00, 0xf8, 0xff, 0x00, 0x00, 0xf8, 0xff,
    0x00, 0x00, 0xf8, 0xff, 0x00, 0x00, 0xf8, 0xff, 0x00, 0x00, 0xf8, 0xff,
    0x00, 0x00, 0xf8, 0xff, 0x00, 0x00, 0xf8, 0xff, 0x00, 0x00, 0xf8, 0xff,
    0x00, 0x00, 0xf8, 0xff, 0x00, 0x00, 0xf8, 0xff, 0x00, 0x00, 0xf8, 0xff,
    0x00, 0x00, 0xf8, 0xff, 0x00, 0x00, 0xf8, 0xff, 0x00, 0x00, 0xf8, 0xff,
    0x00, 0x00, 0xf8, 0xff, 0x00, 0x00, 0xf8, 0xff, 0x00, 0x00, 0xf8, 0xff,
    0x00, 0x00, 0xf8, 0xff, 0x00, 0x00, 0xf8, 0xff, 0x00, 0x00, 0xf8, 0xff,
    0x00, 0x00, 0xf8, 0xff, 0x00, 0x00, 0xf8, 0xff, 0x00, 0x00, 0xf8, 0xff,
    0x00, 0x00, 0xf8, 0xff, 0x00, 0x00, 0xf8, 0xff, 0x00, 0x00, 0xf8, 0xfb,
    0x00, 0x00, 0xf8, 0x75, 0xf8, 0xfc, 0xf8, 0x00, 0xf8, 0xfc, 0xf8, 0x00,
    0xf8, 0xfc, 0xf8, 0x00, 0xf8, 0xfc, 0xf8, 0x00, 0xf8, 0xfc, 0xf8, 0x00,
    0xf8, 0xfc, 0xf8, 0x00, 0xf8, 0xfc, 0xf8, 0x00, 0xf8, 0xfc, 0xf8, 0x00,
    0xf8, 0xfc, 0xf8, 0x00, 0xf8, 0xfc, 0xf8, 0x00, 0xf8, 0xfc, 0xf8, 0x00,
    0xf8, 0xfc, 0xf8, 0x00, 0xf8, 0xfc, 0xf8, 0x00, 0xf8, 0xfc, 0xf8, 0x00,
    0xf8, 0xfc, 0xf8, 0x00, 0xf8, 0xfc, 0xf8, 0x00, 0xf8, 0xfc, 0xf8, 0x00,
    0xf8, 0xfc, 0xf8, 0x00, 0xf8, 0xfc, 0xf8, 0x00, 0xf8, 0xfc, 0xf8, 0x00,
    0xf8, 0xfc, 0xf8, 0x00, 0xf8, 0xfc, 0xf8, 0x00, 0xf8, 0xfc, 0xf8, 0x00,
    0xf8, 0xfc, 0xf8, 0x00, 0xf8, 0xfc, 0xf8, 0x00, 0xf8, 0xfc, 0xf8, 0x00,
    0xf8, 0xfc, 0xf8, 0x00, 0xf8, 0xfc, 0xf8, 0x00, 0xf8, 0xfc, 0xf8, 0x00,
    0xf8, 0xfc, 0xf8, 0x00, 0xf8, 0xfc, 0xf8, 0x00, 0xf8, 0xfc, 0xf8, 0x00,
    0xf8, 0xfc, 0xf8, 0x00, 0xf8, 0xfc, 0xf8, 0x00, 0xf8, 0xfc, 0xf8, 0x00,
    0xf8, 0xfc, 0xf8, 0x00, 0xf8, 0xfc, 0xf8, 0x00, 0xf8, 0xfc, 0xf8, 0x00,
    0xf8, 0xfc, 0xf8, 0x00, 0xf8, 0xfc, 0xf8, 0x00, 0xf8, 0xfc, 0xf8, 0x00,
    0xf8, 0xfc, 0xf8, 0x00, 0xf8, 0xfc, 0xf8, 0x00, 0xf8, 0xfc, 0xf8, 0x00,
    0xf8, 0xfc, 0xf8, 0x00, 0xf8, 0xfc, 0xf8, 0x00, 0xf8, 0xfc, 0xf8, 0x00,
    0xf8, 0xfc, 0xf8, 0x00, 0xf8, 0xfc, 0xf8, 0x00, 0xf8, 0xfc, 0xf8, 0x00,
    0xf8, 0xfc, 0xf8, 0x00, 0xf8, 0xfc, 0xf8, 0x00, 0xf8, 0xfc, 0xf8, 0x00,
    0xf8, 0xfc, 0xf8, 0x00, 0xf8, 0xfc, 0xf8, 0x00, 0xf8, 0xfc, 0xf8, 0x00,
    0x00, 0x00, 0xf8, 0x14, 0x00, 0x00, 0xf8, 0xfb, 0x00, 0x00, 0xf8, 0xff,
    0x00, 0x00, 0xf8, 0xff, 0x00, 0x00, 0xf8, 0xff, 0x00, 0x00, 0xf8, 0xff,
    0x00, 0x00, 0xf8, 0xff, 0x00, 0x00, 0xf8, 0xff, 0x00, 0x00, 0xf8, 0xff,
    0x00, 0x00, 0xf8, 0xff, 0x00, 0x00, 0xf8, 0xff, 0x00, 0x00, 0xf8, 0xff,
    0x00, 0x00, 0xf8, 0xff, 0x00, 0x00, 0xf8, 0xff, 0x00, 0x00, 0xf8, 0xff,
    0x00, 0x00, 0xf8, 0xff, 0x00, 0x00, 0xf8, 0xff, 0x00, 0x00, 0xf8, 0xff,
    0x00, 0x00, 0xf8, 0xff, 0x00, 0x00, 0xf8, 0xff, 0x00, 0x00, 0xf8, 0xff,
    0x00, 0x00, 0xf8, 0xff, 0x00, 0x00, 0xf8, 0xff, 0x00, 0x00, 0xf8, 0xff,
    0x00, 0x00, 0xf8, 0xff, 0x00, 0x00, 0xf8, 0xff, 0x00, 0x00, 0xf8, 0xff,
    0x00, 0x00, 0xf8, 0xff, 0x00, 0x00, 0xf8, 0xff, 0x00, 0x00, 0xf8, 0xff,
    0x00, 0x00, 0xf8, 0xff, 0x00, 0x00, 0xf8, 0xff, 0x00, 0x00, 0xf8, 0xff,
    0x00, 0x00, 0xf8, 0xff, 0x00, 0x00, 0xf8, 0xff, 0x00, 0x00, 0xf8, 0xff,
    0x00, 0x00, 0xf8, 0xff, 0x00, 0x00, 0xf8, 0xff, 0x00, 0x00, 0xf8, 0xff,
    0x00, 0x00, 0xf8, 0xff, 0x00, 0x00, 0xf8, 0xff, 0x00, 0x00, 0xf8, 0xff,
    0x00, 0x00, 0xf8, 0xff, 0x00, 0x00, 0xf8, 0xff, 0x00, 0x00, 0xf8, 0xff,
    0x00, 0x00, 0xf8, 0xff, 0x00, 0x00, 0xf8, 0xff, 0x00, 0x00, 0xf8, 0xff,
    0x00, 0x00, 0xf8, 0xff, 0x00, 0x00, 0xf8, 0xff, 0x00, 0x00, 0xf8, 0xff,
    0x00, 0x00, 0xf8, 0xff, 0x00, 0x00, 0xf8, 0xff, 0x00, 0x00, 0xf8, 0xff,
    0x00, 0x00, 0xf8, 0xff, 0x00, 0x00, 0xf8, 0xff, 0x00, 0x00, 0xf8, 0xff,
    0x00, 0x00, 0xf8, 0xff, 0x00, 0x00, 0xf8, 0xff, 0x00, 0x00, 0xf8, 0xff,
    0x00, 0x00, 0xf8, 0xff, 0x00, 0x00, 0xf8, 0xff, 0x00, 0x00, 0xf8, 0xff,
    0x00, 0x00, 0xf8, 0xff, 0x00, 0x00, 0xf8, 0xff, 0x00, 0x00, 0xf8, 0xff,
    0x00, 0x00, 0xf8, 0xff, 0x00, 0x00, 0xf8, 0xff, 0x00, 0x00, 0xf8, 0xff,
    0x00, 0x00, 0xf8, 0xff, 0x00, 0x00, 0xf8, 0xff, 0x00, 0x00, 0xf8, 0xff,
    0x00, 0x00, 0xf8, 0xff, 0x00, 0x00, 0xf8, 0xff, 0x00, 0x00, 0xf8, 0xff,
    0x00, 0x00, 0xf8, 0xff, 0x00, 0x00, 0xf8, 0xff, 0x00, 0x00, 0xf8, 0xff,
    0x00, 0x00, 0xf8, 0xff, 0x00, 0x00, 0xf8, 0xff, 0x00, 0x00, 0xf8, 0xff,
    0x00, 0x00, 0xf8, 0xff, 0x00, 0x00, 0xf8, 0xff, 0x00, 0x00, 0xf8, 0xff,
    0x00, 0x00, 0xf8, 0xff, 0x00, 0x00, 0xf8, 0xff, 0x00, 0x00, 0xf8, 0xff,
    0x00, 0x00, 0xf8, 0xff, 0x00, 0x00, 0xf8, 0xff, 0x00, 0x00, 0xf8, 0xff,
    0x00, 0x00, 0xf8, 0xff, 0x00, 0x00, 0xf8, 0xff, 0x00, 0x00, 0xf8, 0xff,
    0x00, 0x00, 0xf8, 0xff, 0x00, 0x00, 0xf8, 0xff, 0x00, 0x00, 0xf8, 0xff,
    0x00, 0x00, 0xf8, 0xfb, 0x00, 0x00, 0xf8, 0x14, 0xf8, 0xfc, 0xf8, 0x00,
    0xf8, 0xfc, 0xf8, 0x00, 0xf8, 0xfc, 0xf8, 0x00, 0xf8, 0xfc, 0xf8, 0x00,
    0xf8, 0xfc, 0xf8, 0x00, 0xf8, 0xfc, 0xf8, 0x00, 0xf8, 0xfc, 0xf8, 0x00,
    0xf8, 0xfc, 0xf8, 0x00, 0xf8, 0xfc, 0xf8, 0x00, 0xf8, 0xfc, 0xf8, 0x00,
    0xf8, 0xfc, 0xf8, 0x00, 0xf8, 0xfc, 0xf8, 0x00, 0xf8, 0xfc, 0xf8, 0x00,
    0xf8, 0xfc, 0xf8, 0x00, 0xf8, 0xfc, 0xf8, 0x00, 0xf8, 0xfc, 0xf8, 0x00,
    0xf8, 0xfc, 0xf8, 0x00, 0xf8, 0xfc, 0xf8, 0x00, 0xf8, 0xfc, 0xf8, 0x00,
    0xf8, 0xfc, 0xf8, 0x00, 0xf8, 0xfc, 0xf8, 0x00, 0xf8, 0xfc, 0xf8, 0x00,
    0xf8, 0xfc, 0xf8, 0x00, 0xf8, 0xfc, 0xf8, 0x00, 0xf8, 0xfc, 0xf8, 0x00,
    0xf8, 0xfc, 0xf8, 0x00, 0xf8, 0xfc, 0xf8, 0x00, 0xf8, 0xfc, 0xf8, 0x00,
    0xf8, 0xfc, 0xf8, 0x00, 0xf8, 0xfc, 0xf8, 0x00, 0xf8, 0xfc, 0xf8, 0x00,
    0xf8, 0xfc, 0xf8, 0x00, 0xf8, 0xfc, 0xf8, 0x00, 0xf8, 0xfc, 0xf8, 0x00,
    0xf8, 0xfc, 0xf8, 0x00, 0xf8, 0xfc, 0xf8, 0x00, 0xf8, 0xfc, 0xf8, 0x00,
    0xf8, 0xfc, 0xf8, 0x00, 0xf8, 0xfc, 0xf8, 0x00, 0xf8, 0xfc, 0xf8, 0x00,
    0xf8, 0xfc, 0xf8, 0x00, 0xf8, 0xfc, 0xf8, 0x00, 0xf8, 0xfc, 0xf8, 0x00,
    0xf8, 0xfc, 0xf8, 0x00, 0xf8, 0xfc, 0xf8, 0x00, 0xf8, 0xfc, 0xf8, 0x00,
    0xf8, 0xfc, 0xf8, 0x00, 0xf8, 0xfc, 0xf8, 0x00, 0xf8, 0xfc, 0xf8, 0x00,
    0xf8, 0xfc, 0xf8, 0x00, 0xf8, 0xfc, 0xf8, 0x00, 0xf8, 0xfc, 0xf8, 0x00,
    0xf8, 0xfc, 0xf8, 0x00, 0xf8, 0xfc, 0xf8, 0x00, 0xf8, 0xfc, 0xf8, 0x00,
    0xf8, 0xfc, 0xf8, 0x00, 0xf8, 0xfc, 0xf8, 0x00, 0x00, 0x00, 0xf8, 0xa2,
    0x00, 0x00, 0xf8, 0xfb, 0x00, 0x00, 0xf8, 0xff, 0x00, 0x00, 0xf8, 0xff,
    0x00, 0x00, 0xf8, 0xff, 0x00, 0x00, 0xf8, 0xff, 0x00, 0x00, 0xf8, 0xff,
    0x00, 0x00, 0xf8, 0xff, 0x00, 0x00, 0xf8, 0xff, 0x00, 0x00, 0xf8, 0xff,
    0x00, 0x00, 0xf8, 0xff, 0x00, 0x00, 0xf8, 0xff, 0x00, 0x00, 0xf8, 0xff,
    0x00, 0x00, 0xf8, 0xff, 0x00, 0x00, 0xf8, 0xff, 0x00, 0x00, 0xf8, 0xff,
    0x00, 0x00, 0xf8, 0xff, 0x00, 0x00, 0xf8, 0xff, 0x00, 0x00, 0xf8, 0xff,
    0x00, 0x00, 0xf8, 0xff, 0x00, 0x00, 0xf8, 0xff, 0x00, 0x00, 0xf8, 0xff,
    0x00, 0x00, 0xf8, 0xff, 0x00, 0x00, 0xf8, 0xff, 0x00, 0x00, 0xf8, 0xff,
    0x00, 0x00, 0xf8, 0xff, 0x00, 0x00, 0xf8, 0xff, 0x00, 0x00, 0xf8, 0xff,
    0x00, 0x00, 0xf8, 0xff, 0x00, 0x00, 0xf8, 0xff, 0x00, 0x00, 0xf8, 0xff,
    0x00, 0x00, 0xf8, 0xff, 0x00, 0x00, 0xf8, 0xff, 0x00, 0x00, 0xf8, 0xff,
    0x00, 0x00, 0xf8, 0xff, 0x00, 0x00, 0xf8, 0xff, 0x00, 0x00, 0xf8, 0xff,
    0x00, 0x00, 0xf8, 0xff, 0x00, 0x00, 0xf8, 0xff, 0x00, 0x00, 0xf8, 0xff,
    0x00, 0x00, 0xf8, 0xff, 0x00, 0x00, 0xf8, 0xff, 0x00, 0x00, 0xf8, 0xff,
    0x00, 0x00, 0xf8, 0xff, 0x00, 0x00, 0xf8, 0xff, 0x00, 0x00, 0xf8, 0xff,
    0x00, 0x00, 0xf8, 0xff, 0x00, 0x00, 0xf8, 0xff, 0x00, 0x00, 0xf8, 0xff,
    0x00, 0x00, 0xf8, 0xff, 0x00, 0x00, 0xf8, 0xff, 0x00, 0x00, 0xf8, 0xff,
    0x00, 0x00, 0xf8, 0xff, 0x00, 0x00, 0xf8, 0xff, 0x00, 0x00, 0xf8, 0xff,
    0x00, 0x00, 0xf8, 0xff, 0x00, 0x00, 0xf8, 0xff, 0x00, 0x00, 0xf8, 0xff,
    0x00, 0x00, 0xf8, 0xff, 0x00, 0x00, 0xf8, 0xff, 0x00, 0x00, 0xf8, 0xff,
    0x00, 0x00, 0xf8, 0xff, 0x00, 0x00, 0xf8, 0xff, 0x00, 0x00, 0xf8, 0xff,
    0x00, 0x00, 0xf8, 0xff, 0x00, 0x00, 0xf8, 0xff, 0x00, 0x00, 0xf8, 0xff,
    0x00, 0x00, 0xf8, 0xff, 0x00, 0x00, 0xf8, 0xff, 0x00, 0x00, 0xf8, 0xff,
    0x00, 0x00, 0xf8, 0xff, 0x00, 0x00, 0xf8, 0xff, 0x00, 0x00, 0xf8, 0xff,
    0x00, 0x00, 0xf8, 0xff, 0x00, 0x00, 0xf8, 0xff, 0x00, 0x00, 0xf8, 0xff,
    0x00, 0x00, 0xf8, 0xff, 0x00, 0x00, 0xf8, 0xff, 0x00, 0x00, 0xf8, 0xff,
    0x00, 0x00, 0xf8, 0xff, 0x00, 0x00, 0xf8, 0xff, 0x00, 0x00, 0xf8, 0xff,
    0x00, 0x00, 0xf8, 0xff, 0x00, 0x00, 0xf8, 0xff, 0x00, 0x00, 0xf8, 0xff,
    0x00, 0x00, 0xf8, 0xff, 0x00, 0x00, 0xf8, 0xff, 0x00, 0x00, 0xf8, 0xff,
    0x00, 0x00, 0xf8, 0xff, 0x00, 0x00, 0xf8, 0xff, 0x00, 0x00, 0xf8, 0xff,
    0x00, 0x00, 0xf8, 0xff, 0x00, 0x00, 0xf8, 0xff, 0x00, 0x00, 0xf8, 0xff,
    0x00, 0x00, 0xf8, 0xfb, 0x00, 0x00, 0xf8, 0xa2, 0xf8, 0xfc, 0xf8, 0x00,
    0xf8, 0xfc, 0xf8, 0x00, 0xf8, 0xfc, 0xf8, 0x00, 0xf8, 0xfc, 0xf8, 0x00,
    0xf8, 0xfc, 0xf8, 0x00, 0xf8, 0xfc, 0xf8, 0x00, 0xf8, 0xfc, 0xf8, 0x00,
    0xf8, 0xfc, 0xf8, 0x00, 0xf8, 0xfc, 0xf8, 0x00, 0xf8, 0xfc, 0xf8, 0x00,
    0xf8, 0xfc, 0xf8, 0x00, 0xf8, 0xfc, 0xf8, 0x00, 0xf8, 0xfc, 0xf8, 0x00,
    0xf8, 0xfc, 0xf8, 0x00, 0xf8, 0xfc, 0xf8, 0x00, 0xf8, 0xfc, 0xf8, 0x00,
    0xf8, 0xfc, 0xf8, 0x00, 0xf8, 0xfc, 0xf8, 0x00, 0xf8, 0xfc, 0xf8, 0x00,
    0xf8, 0xfc, 0xf8, 0x00, 0xf8, 0xfc, 0xf8, 0x00, 0xf8, 0xfc, 0xf8, 0x00,
    0xf8, 0xfc, 0xf8, 0x00, 0xf8, 0xfc, 0xf8, 0x00, 0xf8, 0xfc, 0xf8, 0x00,
    0xf8, 0xfc, 0xf8, 0x00, 0xf8, 0xfc, 0xf8, 0x00, 0xf8, 0xfc, 0xf8, 0x00,
    0xf8, 0xfc, 0xf8, 0x00, 0xf8, 0xfc, 0xf8, 0x00, 0xf8, 0xfc, 0xf8, 0x00,
    0xf8, 0xfc, 0xf8, 0x00, 0xf8, 0xfc, 0xf8, 0x00, 0xf8, 0xfc, 0xf8, 0x00,
    0xf8, 0xfc, 0xf8, 0x00, 0xf8, 0xfc, 0xf8, 0x00, 0xf8, 0xfc, 0xf8, 0x00,
    0xf8, 0xfc, 0xf8, 0x00, 0xf8, 0xfc, 0xf8, 0x00, 0xf8, 0xfc, 0xf8, 0x00,
    0xf8, 0xfc, 0xf8, 0x00, 0xf8, 0xfc, 0xf8, 0x00, 0xf8, 0xfc, 0xf8, 0x00,
    0xf8, 0xfc, 0xf8, 0x00, 0xf8, 0xfc, 0xf8, 0x00, 0xf8, 0xfc, 0xf8, 0x00,
    0xf8, 0xfc, 0xf8, 0x00, 0xf8, 0xfc, 0xf8, 0x00, 0xf8, 0xfc, 0xf8, 0x00,
    0xf8, 0xfc, 0xf8, 0x00, 0xf8, 0xfc, 0xf8, 0x00, 0xf8, 0xfc, 0xf8, 0x00,
    0xf8, 0xfc, 0xf8, 0x00, 0xf8, 0xfc, 0xf8, 0x00, 0xf8, 0xfc, 0xf8, 0x00,
    0xf8, 0xfc, 0xf8, 0x00, 0xf8, 0xfc, 0xf8, 0x00, 0xf8, 0xfc, 0xf8, 0x00,
    0x00, 0x00, 0xf8, 0x38, 0x00, 0x00, 0xf8, 0xff, 0x00, 0x00, 0xf8, 0xff,
    0x00, 0x00, 0xf8, 0xff, 0x00, 0x00, 0xf8, 0xff, 0x00, 0x00, 0xf8, 0xff,
    0x00, 0x00, 0xf8, 0xff, 0x00, 0x00, 0xf8, 0xff, 0x00, 0x00, 0xf8, 0xff,
    0x00, 0x00, 0xf8, 0xff, 0x00, 0x00, 0xf8, 0xff, 0x00, 0x00, 0xf8, 0xff,
    0x00, 0x00, 0xf8, 0xff, 0x00, 0x00, 0xf8, 0xff, 0x00, 0x00, 0xf8, 0xff,
    0x00, 0x00, 0xf8, 0xff, 0x00, 0x00, 0xf8, 0xff, 0x00, 0x00, 0xf8, 0xff,
    0x00, 0x00, 0xf8, 0xff, 0x00, 0x00, 0xf8, 0xff, 0x00, 0x00, 0xf8, 0xff,
    0x00, 0x00, 0xf8, 0xff, 0x00, 0x00, 0xf8, 0xff, 0x00, 0x00, 0xf8, 0xff,
    0x00, 0x00, 0xf8, 0xff, 0x00, 0x00, 0xf8, 0xff, 0x00, 0x00, 0xf8, 0xff,
    0x00, 0x00, 0xf8, 0xff, 0x00, 0x00, 0xf8, 0xff, 0x00, 0x00, 0xf8, 0xff,
    0x00, 0x00, 0xf8, 0xff, 0x00, 0x00, 0xf8, 0xff, 0x00, 0x00, 0xf8, 0xff,
    0x00, 0x00, 0xf8, 0xff, 0x00, 0x00, 0xf8, 0xff, 0x00, 0x00, 0xf8, 0xff,
    0x00, 0x00, 0xf8, 0xff, 0x00, 0x00, 0xf8, 0xff, 0x00, 0x00, 0xf8, 0xff,
    0x00, 0x00, 0xf8, 0xff, 0x00, 0x00, 0xf8, 0xff, 0x00, 0x00, 0xf8, 0xff,
    0x00, 0x00, 0xf8, 0xff, 0x00, 0x00, 0xf8, 0xff, 0x00, 0x00, 0xf8, 0xff,
    0x00, 0x00, 0xf8, 0xff, 0x00, 0x00, 0xf8, 0xff, 0x00, 0x00, 0xf8, 0xff,
    0x00, 0x00, 0xf8, 0xff, 0x00, 0x00, 0xf8, 0xff, 0x00, 0x00, 0xf8, 0xff,
    0x00, 0x00, 0xf8, 0xff, 0x00, 0x00, 0xf8, 0xff, 0x00, 0x00, 0xf8, 0xff,
    0x00, 0x00, 0xf8, 0xff, 0x00, 0x00, 0xf8, 0xff, 0x00, 0x00, 0xf8, 0xff,
    0x00, 0x00, 0xf8, 0xff, 0x00, 0x00, 0xf8, 0xff, 0x00, 0x00, 0xf8, 0xff,
    0x00, 0x00, 0xf8, 0xff, 0x00, 0x00, 0xf8, 0xff, 0x00, 0x00, 0xf8, 0xff,
    0x00, 0x00, 0xf8, 0xff, 0x00, 0x00, 0xf8, 0xff, 0x00, 0x00, 0xf8, 0xff,
    0x00, 0x00, 0xf8, 0xff, 0x00, 0x00, 0xf8, 0xff, 0x00, 0x00, 0xf8, 0xff,
    0x00, 0x00, 0xf8, 0xff, 0x00, 0x00, 0xf8, 0xff, 0x00, 0x00, 0xf8, 0xff,
    0x00, 0x00, 0xf8, 0xff, 0x00, 0x00, 0xf8, 0xff, 0x00, 0x00, 0xf8, 0xff,
    0x00, 0x00, 0xf8, 0xff, 0x00, 0x00, 0xf8, 0xff, 0x00, 0x00, 0xf8, 0xff,
    0x00, 0x00, 0xf8, 0xff, 0x00, 0x00, 0xf8, 0xff, 0x00, 0x00, 0xf8, 0xff,
    0x00, 0x00, 0xf8, 0xff, 0x00, 0x00, 0xf8, 0xff, 0x00, 0x00, 0xf8, 0xff,
    0x00, 0x00, 0xf8, 0xff, 0x00, 0x00, 0xf8, 0xff, 0x00, 0x00, 0xf8, 0xff,
    0x00, 0x00, 0xf8, 0xff, 0x00, 0x00, 0xf8, 0xff, 0x00, 0x00, 0xf8, 0xff,
    0x00, 0x00, 0xf8, 0xff, 0x00, 0x00, 0xf8, 0xff, 0x00, 0x00, 0xf8, 0xff,
    0x00, 0x00, 0xf8, 0xff, 0x00, 0x00, 0xf8, 0xff, 0x00, 0x00, 0xf8, 0x38,
    0xf8, 0xfc, 0xf8, 0x00, 0xf8, 0xfc, 0xf8, 0x00, 0xf8, 0xfc, 0xf8, 0x00,
    0xf8, 0xfc, 0xf8, 0x00, 0xf8, 0xfc, 0xf8, 0x00, 0xf8, 0xfc, 0xf8, 0x00,
    0xf8, 0xfc, 0xf8, 0x00, 0xf8, 0xfc, 0xf8, 0x00, 0xf8, 0xfc, 0xf8, 0x00,
    0xf8, 0xfc, 0xf8, 0x00, 0xf8, 0xfc, 0xf8, 0x00, 0xf8, 0xfc, 0xf8, 0x00,
    0xf8, 0xfc, 0xf8, 0x00, 0xf8, 0xfc, 0xf8, 0x00, 0xf8, 0xfc, 0xf8, 0x00,
    0xf8, 0xfc, 0xf8, 0x00, 0xf8, 0xfc, 0xf8, 0x00, 0xf8, 0xfc, 0xf8, 0x00,
    0xf8, 0xfc, 0xf8, 0x00, 0xf8, 0xfc, 0xf8, 0x00, 0xf8, 0xfc, 0xf8, 0x00,
    0xf8, 0xfc, 0xf8, 0x00, 0xf8, 0xfc, 0xf8, 0x00, 0xf8, 0xfc, 0xf8, 0x00,
    0xf8, 0xfc, 0xf8, 0x00, 0xf8, 0xfc, 0xf8, 0x00, 0xf8, 0xfc, 0xf8, 0x00,
    0xf8, 0xfc, 0xf8, 0x00, 0xf8, 0xfc, 0xf8, 0x00, 0xf8, 0xfc, 0xf8, 0x00,
    0xf8, 0xfc, 0xf8, 0x00, 0xf8, 0xfc, 0xf8, 0x00, 0xf8, 0xfc, 0xf8, 0x00,
    0xf8, 0xfc, 0xf8, 0x00, 0xf8, 0xfc, 0xf8, 0x00, 0xf8, 0xfc, 0xf8, 0x00,
    0xf8, 0xfc, 0xf8, 0x00, 0xf8, 0xfc, 0xf8, 0x00, 0xf8, 0xfc, 0xf8, 0x00,
    0xf8, 0xfc, 0xf8, 0x00, 0xf8, 0xfc, 0xf8, 0x00, 0xf8, 0xfc, 0xf8, 0x00,
    0xf8, 0xfc, 0xf8, 0x00, 0xf8, 0xfc, 0xf8, 0x00, 0xf8, 0xfc, 0xf8, 0x00,
    0xf8, 0xfc, 0xf8, 0x00, 0xf8, 0xfc, 0xf8, 0x00, 0xf8, 0xfc, 0xf8, 0x00,
    0xf8, 0xfc, 0xf8, 0x00, 0xf8, 0xfc, 0xf8, 0x00, 0xf8, 0xfc, 0xf8, 0x00,
    0xf8, 0xfc, 0xf8, 0x00, 0xf8, 0xfc, 0xf8, 0x00, 0xf8, 0xfc, 0xf8, 0x00,
    0xf8, 0xfc, 0xf8, 0x00, 0xf8, 0xfc, 0xf8, 0x00, 0xf8, 0xfc, 0xf8, 0x00,
    0xf8, 0xfc, 0xf8, 0x00, 0x00, 0x00, 0xf8, 0x00, 0x00, 0x00, 0xf8, 0xd3,
    0x00, 0x00, 0xf8, 0xff, 0x00, 0x00, 0xf8, 0xff, 0x00, 0x00, 0xf8, 0xff,
    0x00, 0x00, 0xf8, 0xff, 0x00, 0x00, 0xf8, 0xff, 0x00, 0x00, 0xf8, 0xff,
    0x00, 0x00, 0xf8, 0xff, 0x00, 0x00, 0xf8, 0xff, 0x00, 0x00, 0xf8, 0xff,
    0x00, 0x00, 0xf8, 0xff, 0x00, 0x00, 0xf8, 0xff, 0x00, 0x00, 0xf8, 0xff,
    0x00, 0x00, 0xf8, 0xff, 0x00, 0x00, 0xf8, 0xff, 0x00, 0x00, 0xf8, 0xff,
    0x00, 0x00, 0xf8, 0xff, 0x00, 0x00, 0xf8, 0xff, 0x00, 0x00, 0xf8, 0xff,
    0x00, 0x00, 0xf8, 0xff, 0x00, 0x00, 0xf8, 0xff, 0x00, 0x00, 0xf8, 0xff,
    0x00, 0x00, 0xf8, 0xff, 0x00, 0x00, 0xf8, 0xff, 0x00, 0x00, 0xf8, 0xff,
    0x00, 0x00, 0xf8, 0xff, 0x00, 0x00, 0xf8, 0xff, 0x00, 0x00, 0xf8, 0xff,
    0x00, 0x00, 0xf8, 0xff, 0x00, 0x00, 0xf8, 0xff, 0x00, 0x00, 0xf8, 0xff,
    0x00, 0x00, 0xf8, 0xff, 0x00, 0x00, 0xf8, 0xff, 0x00, 0x00, 0xf8, 0xff,
    0x00, 0x00, 0xf8, 0xff, 0x00, 0x00, 0xf8, 0xff, 0x00, 0x00, 0xf8, 0xff,
    0x00, 0x00, 0xf8, 0xff, 0x00, 0x00, 0xf8, 0xff, 0x00, 0x00, 0xf8, 0xff,
    0x00, 0x00, 0xf8, 0xff, 0x00, 0x00, 0xf8, 0xff, 0x00, 0x00, 0xf8, 0xff,
    0x00, 0x00, 0xf8, 0xff, 0x00, 0x00, 0xf8, 0xff, 0x00, 0x00, 0xf8, 0xff,
    0x00, 0x00, 0xf8, 0xff, 0x00, 0x00, 0xf8, 0xff, 0x00, 0x00, 0xf8, 0xff,
    0x00, 0x00, 0xf8, 0xff, 0x00, 0x00, 0xf8, 0xff, 0x00, 0x00, 0xf8, 0xff,
    0x00, 0x00, 0xf8, 0xff, 0x00, 0x00, 0xf8, 0xff, 0x00, 0x00, 0xf8, 0xff,
    0x00, 0x00, 0xf8, 0xff, 0x00, 0x00, 0xf8, 0xff, 0x00, 0x00, 0xf8, 0xff,
    0x00, 0x00, 0xf8, 0xff, 0x00, 0x00, 0xf8, 0xff, 0x00, 0x00, 0xf8, 0xff,
    0x00, 0x00, 0xf8, 0xff, 0x00, 0x00, 0xf8, 0xff, 0x00, 0x00, 0xf8, 0xff,
    0x00, 0x00, 0xf8, 0xff, 0x00, 0x00, 0xf8, 0xff, 0x00, 0x00, 0xf8, 0xff,
    0x00, 0x00, 0xf8, 0xff, 0x00, 0x00, 0xf8, 0xff, 0x00, 0x00, 0xf8, 0xff,
    0x00, 0x00, 0xf8, 0xff, 0x00, 0x00, 0xf8, 0xff, 0x00, 0x00, 0xf8, 0xff,
    0x00, 0x00, 0xf8, 0xff, 0x00, 0x00, 0xf8, 0xff, 0x00, 0x00, 0xf8, 0xff,
    0x00, 0x00, 0xf8, 0xff, 0x00, 0x00, 0xf8, 0xff, 0x00, 0x00, 0xf8, 0xff,
    0x00, 0x00, 0xf8, 0xff, 0x00, 0x00, 0xf8, 0xff, 0x00, 0x00, 0xf8, 0xff,
    0x00, 0x00, 0xf8, 0xff, 0x00, 0x00, 0xf8, 0xff, 0x00, 0x00, 0xf8, 0xff,
    0x00, 0x00, 0xf8, 0xff, 0x00, 0x00, 0xf8, 0xff, 0x00, 0x00, 0xf8, 0xff,
    0x00, 0x00, 0xf8, 0xff, 0x00, 0x00, 0xf8, 0xff, 0x00, 0x00, 0xf8, 0xff,
    0x00, 0x00, 0xf8, 0xff, 0x00, 0x00, 0xf8, 0xfb, 0x00, 0x00, 0xf8, 0xd3,
    0x00, 0x00, 0xf8, 0x00, 0xf8, 0xfc, 0xf8, 0x00, 0xf8, 0xfc, 0xf8, 0x00,
    0xf8, 0xfc, 0xf8, 0x00, 0xf8, 0xfc, 0xf8, 0x00, 0xf8, 0xfc, 0xf8, 0x00,
    0xf8, 0xfc, 0xf8, 0x00, 0xf8, 0xfc, 0xf8, 0x00, 0xf8, 0xfc, 0xf8, 0x00,
    0xf8, 0xfc, 0xf8, 0x00, 0xf8, 0xfc, 0xf8, 0x00, 0xf8, 0xfc, 0xf8, 0x00,
    0xf8, 0xfc, 0xf8, 0x00, 0xf8, 0xfc, 0xf8, 0x00, 0xf8, 0xfc, 0xf8, 0x00,
    0xf8, 0xfc, 0xf8, 0x00, 0xf8, 0xfc, 0xf8, 0x00, 0xf8, 0xfc, 0xf8, 0x00,
    0xf8, 0xfc, 0xf8, 0x00, 0xf8, 0xfc, 0xf8, 0x00, 0xf8, 0xfc, 0xf8, 0x00,
    0xf8, 0xfc, 0xf8, 0x00, 0xf8, 0xfc, 0xf8, 0x00, 0xf8, 0xfc, 0xf8, 0x00,
    0xf8, 0xfc, 0xf8, 0x00, 0xf8, 0xfc, 0xf8, 0x00, 0xf8, 0xfc, 0xf8, 0x00,
    0xf8, 0xfc, 0xf8, 0x00, 0xf8, 0xfc, 0xf8, 0x00, 0xf8, 0xfc, 0xf8, 0x00,
    0xf8, 0xfc, 0xf8, 0x00, 0xf8, 0xfc, 0xf8, 0x00, 0xf8, 0xfc, 0xf8, 0x00,
    0xf8, 0xfc, 0xf8, 0x00, 0xf8, 0xfc, 0xf8, 0x00, 0xf8, 0xfc, 0xf8, 0x00,
    0xf8, 0xfc, 0xf8, 0x00, 0xf8, 0xfc, 0xf8, 0x00, 0xf8, 0xfc, 0xf8, 0x00,
    0xf8, 0xfc, 0xf8, 0x00, 0xf8, 0xfc, 0xf8, 0x00, 0xf8, 0xfc, 0xf8, 0x00,
    0xf8, 0xfc, 0xf8, 0x00, 0xf8, 0xfc, 0xf8, 0x00, 0xf8, 0xfc, 0xf8, 0x00,
    0xf8, 0xfc, 0xf8, 0x00, 0xf8, 0xfc, 0xf8, 0x00, 0xf8, 0xfc, 0xf8, 0x00,
    0xf8, 0xfc, 0xf8, 0x00, 0xf8, 0xfc, 0xf8, 0x00, 0xf8, 0xfc, 0xf8, 0x00,
    0xf8, 0xfc, 0xf8, 0x00, 0xf8, 0xfc, 0xf8, 0x00, 0xf8, 0xfc, 0xf8, 0x00,
    0xf8, 0xfc, 0xf8, 0x00, 0xf8, 0xfc, 0xf8, 0x00, 0xf8, 0xfc, 0xf8, 0x00,
    0xf8, 0xfc, 0xf8, 0x00, 0xf8, 0xfc, 0xf8, 0x00, 0xf8, 0xfc, 0xf8, 0x00,
    0x00, 0x00, 0xf8, 0x59, 0x00, 0x00, 0xf8, 0xff, 0x00, 0x00, 0xf8, 0xff,
    0x00, 0x00, 0xf8, 0xff, 0x00, 0x00, 0xf8, 0xff, 0x00, 0x00, 0xf8, 0xff,
    0x00, 0x00, 0xf8, 0xff, 0x00, 0x00, 0xf8, 0xff, 0x00, 0x00, 0xf8, 0xff,
    0x00, 0x00, 0xf8, 0xff, 0x00, 0x00, 0xf8, 0xff, 0x00, 0x00, 0xf8, 0xff,
    0x00, 0x00, 0xf8, 0xff, 0x00, 0x00, 0xf8, 0xff, 0x00, 0x00, 0xf8, 0xff,
    0x00, 0x00, 0xf8, 0xff, 0x00, 0x00, 0xf8, 0xff, 0x00, 0x00, 0xf8, 0xff,
    0x00, 0x00, 0xf8, 0xff, 0x00, 0x00, 0xf8, 0xff, 0x00, 0x00, 0xf8, 0xff,
    0x00, 0x00, 0xf8, 0xff, 0x00, 0x00, 0xf8, 0xff, 0x00, 0x00, 0xf8, 0xff,
    0x00, 0x00, 0xf8, 0xff, 0x00, 0x00, 0xf8, 0xff, 0x00, 0x00, 0xf8, 0xff,
    0x00, 0x00, 0xf8, 0xff, 0x00, 0x00, 0xf8, 0xff, 0x00, 0x00, 0xf8, 0xff,
    0x00, 0x00, 0xf8, 0xff, 0x00, 0x00, 0xf8, 0xff, 0x00, 0x00, 0xf8, 0xff,
    0x00, 0x00, 0xf8, 0xff, 0x00, 0x00, 0xf8, 0xff, 0x00, 0x00, 0xf8, 0xff,
    0x00, 0x00, 0xf8, 0xff, 0x00, 0x00, 0xf8, 0xff, 0x00, 0x00, 0xf8, 0xff,
    0x00, 0x00, 0xf8, 0xff, 0x00, 0x00, 0xf8, 0xff, 0x00, 0x00, 0xf8, 0xff,
    0x00, 0x00, 0xf8, 0xff, 0x00, 0x00, 0xf8, 0xff, 0x00, 0x00, 0xf8, 0xff,
    0x00, 0x00, 0xf8, 0xff, 0x00, 0x00, 0xf8, 0xff, 0x00, 0x00, 0xf8, 0xff,
    0x00, 0x00, 0xf8, 0xff, 0x00, 0x00, 0xf8, 0xff, 0x00, 0x00, 0xf8, 0xff,
    0x00, 0x00, 0xf8, 0xff, 0x00, 0x00, 0xf8, 0xff, 0x00, 0x00, 0xf8, 0xff,
    0x00, 0x00, 0xf8, 0xff, 0x00, 0x00, 0xf8, 0xff, 0x00, 0x00, 0xf8, 0xff,
    0x00, 0x00, 0xf8, 0xff, 0x00, 0x00, 0xf8, 0xff, 0x00, 0x00, 0xf8, 0xff,
    0x00, 0x00, 0xf8, 0xff, 0x00, 0x00, 0xf8, 0xff, 0x00, 0x00, 0xf8, 0xff,
    0x00, 0x00, 0xf8, 0xff, 0x00, 0x00, 0xf8, 0xff, 0x00, 0x00, 0xf8, 0xff,
    0x00, 0x00, 0xf8, 0xff, 0x00, 0x00, 0xf8, 0xff, 0x00, 0x00, 0xf8, 0xff,
    0x00, 0x00, 0xf8, 0xff, 0x00, 0x00, 0xf8, 0xff, 0x00, 0x00, 0xf8, 0xff,
    0x00, 0x00, 0xf8, 0xff, 0x00, 0x00, 0xf8, 0xff, 0x00, 0x00, 0xf8, 0xff,
    0x00, 0x00, 0xf8, 0xff, 0x00, 0x00, 0xf8, 0xff, 0x00, 0x00, 0xf8, 0xff,
    0x00, 0x00, 0xf8, 0xff, 0x00, 0x00, 0xf8, 0xff, 0x00, 0x00, 0xf8, 0xff,
    0x00, 0x00, 0xf8, 0xff, 0x00, 0x00, 0xf8, 0xff, 0x00, 0x00, 0xf8, 0xff,
    0x00, 0x00, 0xf8, 0xff, 0x00, 0x00, 0xf8, 0xff, 0x00, 0x00, 0xf8, 0xff,
    0x00, 0x00, 0xf8, 0xff, 0x00, 0x00, 0xf8, 0xff, 0x00, 0x00, 0xf8, 0xff,
    0x00, 0x00, 0xf8, 0xff, 0x00, 0x00, 0xf8, 0xff, 0x00, 0x00, 0xf8, 0xff,
    0x00, 0x00, 0xf8, 0x59, 0xf8, 0xfc, 0xf8, 0x00, 0xf8, 0xfc, 0xf8, 0x00,
    0xf8, 0xfc, 0xf8, 0x00, 0xf8, 0xfc, 0xf8, 0x00, 0xf8, 0xfc, 0xf8, 0x00,
    0xf8, 0xfc, 0xf8, 0x00, 0xf8, 0xfc, 0xf8, 0x00, 0xf8, 0xfc, 0xf8, 0x00,
    0xf8, 0xfc, 0xf8, 0x00, 0xf8, 0xfc, 0xf8, 0x00, 0xf8, 0xfc, 0xf8, 0x00,
    0xf8, 0xfc, 0xf8, 0x00, 0xf8, 0xfc, 0xf8, 0x00, 0xf8, 0xfc, 0xf8, 0x00,
    0xf8, 0xfc, 0xf8, 0x00, 0xf8, 0xfc, 0xf8, 0x00, 0xf8, 0xfc, 0xf8, 0x00,
    0xf8, 0xfc, 0xf8, 0x00, 0xf8, 0xfc, 0xf8, 0x00, 0xf8, 0xfc, 0xf8, 0x00,
    0xf8, 0xfc, 0xf8, 0x00, 0xf8, 0xfc, 0xf8, 0x00, 0xf8, 0xfc, 0xf8, 0x00,
    0xf8, 0xfc, 0xf8, 0x00, 0xf8, 0xfc, 0xf8, 0x00, 0xf8, 0xfc, 0xf8, 0x00,
    0xf8, 0xfc, 0xf8, 0x00, 0xf8, 0xfc, 0xf8, 0x00, 0xf8, 0xfc, 0xf8, 0x00,
    0xf8, 0xfc, 0xf8, 0x00, 0xf8, 0xfc, 0xf8, 0x00, 0xf8, 0xfc, 0xf8, 0x00,
    0xf8, 0xfc, 0xf8, 0x00, 0xf8, 0xfc, 0xf8, 0x00, 0xf8, 0xfc, 0xf8, 0x00,
    0xf8, 0xfc, 0xf8, 0x00, 0xf8, 0xfc, 0xf8, 0x00, 0xf8, 0xfc, 0xf8, 0x00,
    0xf8, 0xfc, 0xf8, 0x00, 0xf8, 0xfc, 0xf8, 0x00, 0xf8, 0xfc, 0xf8, 0x00,
    0xf8, 0xfc, 0xf8, 0x00, 0xf8, 0xfc, 0xf8, 0x00, 0xf8, 0xfc, 0xf8, 0x00,
    0xf8, 0xfc, 0xf8, 0x00, 0xf8, 0xfc, 0xf8, 0x00, 0xf8, 0xfc, 0xf8, 0x00,
    0xf8, 0xfc, 0xf8, 0x00, 0xf8, 0xfc, 0xf8, 0x00, 0xf8, 0xfc, 0xf8, 0x00,
    0xf8, 0xfc, 0xf8, 0x00, 0xf8, 0xfc, 0xf8, 0x00, 0xf8, 0xfc, 0xf8, 0x00,
    0xf8, 0xfc, 0xf8, 0x00, 0xf8, 0xfc, 0xf8, 0x00, 0xf8, 0xfc, 0xf8, 0x00,
    0xf8, 0xfc, 0xf8, 0x00, 0xf8, 0xfc, 0xf8, 0x00, 0xf8, 0xfc, 0xf8, 0x00,
    0xf8, 0xfc, 0xf8, 0x00, 0x00, 0x00, 0xf8, 0x00, 0x00, 0x00, 0xf8, 0xcf,
    0x00, 0x00, 0xf8, 0xfb, 0x00, 0x00, 0xf8, 0xff, 0x00, 0x00, 0xf8, 0xff,
    0x00, 0x00, 0xf8, 0xff, 0x00, 0x00, 0xf8, 0xff, 0x00, 0x00, 0xf8, 0xff,
    0x00, 0x00, 0xf8, 0xff, 0x00, 0x00, 0xf8, 0xff, 0x00, 0x00, 0xf8, 0xff,
    0x00, 0x00, 0xf8, 0xff, 0x00, 0x00, 0xf8, 0xff, 0x00, 0x00, 0xf8, 0xff,
    0x00, 0x00, 0xf8, 0xff, 0x00, 0x00, 0xf8, 0xff, 0x00, 0x00, 0xf8, 0xff,
    0x00, 0x00, 0xf8, 0xff, 0x00, 0x00, 0xf8, 0xff, 0x00, 0x00, 0xf8, 0xff,
    0x00, 0x00, 0xf8, 0xff, 0x00, 0x00, 0xf8, 0xff, 0x00, 0x00, 0xf8, 0xff,
    0x00, 0x00, 0xf8, 0xff, 0x00, 0x00, 0xf8, 0xff, 0x00, 0x00, 0xf8, 0xff,
    0x00, 0x00, 0xf8, 0xff, 0x00, 0x00, 0xf8, 0xff, 0x00, 0x00, 0xf8, 0xff,
    0x00, 0x00, 0xf8, 0xff, 0x00, 0x00, 0xf8, 0xff, 0x00, 0x00, 0xf8, 0xff,
    0x00, 0x00, 0xf8, 0xff, 0x00, 0x00, 0xf8, 0xff, 0x00, 0x00, 0xf8, 0xff,
    0x00, 0x00, 0xf8, 0xff, 0x00, 0x00, 0xf8, 0xff, 0x00, 0x00, 0xf8, 0xff,
    0x00, 0x00, 0xf8, 0xff, 0x00, 0x00, 0xf8, 0xff, 0x00, 0x00, 0xf8, 0xff,
    0x00, 0x00, 0xf8, 0xff, 0x00, 0x00, 0xf8, 0xff, 0x00, 0x00, 0xf8, 0xff,
    0x00, 0x00, 0xf8, 0xff, 0x00, 0x00, 0xf8, 0xff, 0x00, 0x00, 0xf8, 0xff,
    0x00, 0x00, 0xf8, 0xff, 0x00, 0x00, 0xf8, 0xff, 0x00, 0x00, 0xf8, 0xff,
    0x00, 0x00, 0xf8, 0xff, 0x00, 0x00, 0xf8, 0xff, 0x00, 0x00, 0xf8, 0xff,
    0x00, 0x00, 0xf8, 0xff, 0x00, 0x00, 0xf8, 0xff, 0x00, 0x00, 0xf8, 0xff,
    0x00, 0x00, 0xf8, 0xff, 0x00, 0x00, 0xf8, 0xff, 0x00, 0x00, 0xf8, 0xff,
    0x00, 0x00, 0xf8, 0xff, 0x00, 0x00, 0xf8, 0xff, 0x00, 0x00, 0xf8, 0xff,
    0x00, 0x00, 0xf8, 0xff, 0x00, 0x00, 0xf8, 0xff, 0x00, 0x00, 0xf8, 0xff,
    0x00, 0x00, 0xf8, 0xff, 0x00, 0x00, 0xf8, 0xff, 0x00, 0x00, 0xf8, 0xff,
    0x00, 0x00, 0xf8, 0xff, 0x00, 0x00, 0xf8, 0xff, 0x00, 0x00, 0xf8, 0xff,
    0x00, 0x00, 0xf8, 0xff, 0x00, 0x00, 0xf8, 0xff, 0x00, 0x00, 0xf8, 0xff,
    0x00, 0x00, 0xf8, 0xff, 0x00, 0x00, 0xf8, 0xff, 0x00, 0x00, 0xf8, 0xff,
    0x00, 0x00, 0xf8, 0xff, 0x00, 0x00, 0xf8, 0xff, 0x00, 0x00, 0xf8, 0xff,
    0x00, 0x00, 0xf8, 0xff, 0x00, 0x00, 0xf8, 0xff, 0x00, 0x00, 0xf8, 0xff,
    0x00, 0x00, 0xf8, 0xff, 0x00, 0x00, 0xf8, 0xff, 0x00, 0x00, 0xf8, 0xff,
    0x00, 0x00, 0xf8, 0xff, 0x00, 0x00, 0xf8, 0xff, 0x00, 0x00, 0xf8, 0xff,
    0x00, 0x00, 0xf8, 0xff, 0x00, 0x00, 0xf8, 0xff, 0x00, 0x00, 0xf8, 0xfb,
    0x00, 0x00, 0xf8, 0xcf, 0x00, 0x00, 0xf8, 0x04, 0xf8, 0xfc, 0xf8, 0x00,
    0xf8, 0xfc, 0xf8, 0x00, 0xf8, 0xfc, 0xf8, 0x00, 0xf8, 0xfc, 0xf8, 0x00,
    0xf8, 0xfc, 0xf8, 0x00, 0xf8, 0xfc, 0xf8, 0x00, 0xf8, 0xfc, 0xf8, 0x00,
    0xf8, 0xfc, 0xf8, 0x00, 0xf8, 0xfc, 0xf8, 0x00, 0xf8, 0xfc, 0xf8, 0x00,
    0xf8, 0xfc, 0xf8, 0x00, 0xf8, 0xfc, 0xf8, 0x00, 0xf8, 0xfc, 0xf8, 0x00,
    0xf8, 0xfc, 0xf8, 0x00, 0xf8, 0xfc, 0xf8, 0x00, 0xf8, 0xfc, 0xf8, 0x00,
    0xf8, 0xfc, 0xf8, 0x00, 0xf8, 0xfc, 0xf8, 0x00, 0xf8, 0xfc, 0xf8, 0x00,
    0xf8, 0xfc, 0xf8, 0x00, 0xf8, 0xfc, 0xf8, 0x00, 0xf8, 0xfc, 0xf8, 0x00,
    0xf8, 0xfc, 0xf8, 0x00, 0xf8, 0xfc, 0xf8, 0x00, 0xf8, 0xfc, 0xf8, 0x00,
    0xf8, 0xfc, 0xf8, 0x00, 0xf8, 0xfc, 0xf8, 0x00, 0xf8, 0xfc, 0xf8, 0x00,
    0xf8, 0xfc, 0xf8, 0x00, 0xf8, 0xfc, 0xf8, 0x00, 0xf8, 0xfc, 0xf8, 0x00,
    0xf8, 0xfc, 0xf8, 0x00, 0xf8, 0xfc, 0xf8, 0x00, 0xf8, 0xfc, 0xf8, 0x00,
    0xf8, 0xfc, 0xf8, 0x00, 0xf8, 0xfc, 0xf8, 0x00, 0xf8, 0xfc, 0xf8, 0x00,
    0xf8, 0xfc, 0xf8, 0x00, 0xf8, 0xfc, 0xf8, 0x00, 0xf8, 0xfc, 0xf8, 0x00,
    0xf8, 0xfc, 0xf8, 0x00, 0xf8, 0xfc, 0xf8, 0x00, 0xf8, 0xfc, 0xf8, 0x00,
    0xf8, 0xfc, 0xf8, 0x00, 0xf8, 0xfc, 0xf8, 0x00, 0xf8, 0xfc, 0xf8, 0x00,
    0xf8, 0xfc, 0xf8, 0x00, 0xf8, 0xfc, 0xf8, 0x00, 0xf8, 0xfc, 0xf8, 0x00,
    0xf8, 0xfc, 0xf8, 0x00, 0xf8, 0xfc, 0xf8, 0x00, 0xf8, 0xfc, 0xf8, 0x00,
    0xf8, 0xfc, 0xf8, 0x00, 0xf8, 0xfc, 0xf8, 0x00, 0xf8, 0xfc, 0xf8, 0x00,
    0xf8, 0xfc, 0xf8, 0x00, 0xf8, 0xfc, 0xf8, 0x00, 0xf8, 0xfc, 0xf8, 0x00,
    0xf8, 0xfc, 0xf8, 0x00, 0xf8, 0xfc, 0xf8, 0x00, 0xf8, 0xfc, 0xf8, 0x00,
    0x00, 0x00, 0xf8, 0x45, 0x00, 0x00, 0xf8, 0xff, 0x00, 0x00, 0xf8, 0xff,
    0x00, 0x00, 0xf8, 0xff, 0x00, 0x00, 0xf8, 0xff, 0x00, 0x00, 0xf8, 0xff,
    0x00, 0x00, 0xf8, 0xff, 0x00, 0x00, 0xf8, 0xff, 0x00, 0x00, 0xf8, 0xff,
    0x00, 0x00, 0xf8, 0xff, 0x00, 0x00, 0xf8, 0xff, 0x00, 0x00, 0xf8, 0xff,
    0x00, 0x00, 0xf8, 0xff, 0x00, 0x00, 0xf8, 0xff, 0x00, 0x00, 0xf8, 0xff,
    0x00, 0x00, 0xf8, 0xff, 0x00, 0x00, 0xf8, 0xff, 0x00, 0x00, 0xf8, 0xff,
    0x00, 0x00, 0xf8, 0xff, 0x00, 0x00, 0xf8, 0xff, 0x00, 0x00, 0xf8, 0xff,
    0x00, 0x00, 0xf8, 0xff, 0x00, 0x00, 0xf8, 0xff, 0x00, 0x00, 0xf8, 0xff,
    0x00, 0x00, 0xf8, 0xff, 0x00, 0x00, 0xf8, 0xff, 0x00, 0x00, 0xf8, 0xff,
    0x00, 0x00, 0xf8, 0xff, 0x00, 0x00, 0xf8, 0xff, 0x00, 0x00, 0xf8, 0xff,
    0x00, 0x00, 0xf8, 0xff, 0x00, 0x00, 0xf8, 0xff, 0x00, 0x00, 0xf8, 0xff,
    0x00, 0x00, 0xf8, 0xff, 0x00, 0x00, 0xf8, 0xff, 0x00, 0x00, 0xf8, 0xff,
    0x00, 0x00, 0xf8, 0xff, 0x00, 0x00, 0xf8, 0xff, 0x00, 0x00, 0xf8, 0xff,
    0x00, 0x00, 0xf8, 0xff, 0x00, 0x00, 0xf8, 0xff, 0x00, 0x00, 0xf8, 0xff,
    0x00, 0x00, 0xf8, 0xff, 0x00, 0x00, 0xf8, 0xff, 0x00, 0x00, 0xf8, 0xff,
    0x00, 0x00, 0xf8, 0xff, 0x00, 0x00, 0xf8, 0xff, 0x00, 0x00, 0xf8, 0xff,
    0x00, 0x00, 0xf8, 0xff, 0x00, 0x00, 0xf8, 0xff, 0x00, 0x00, 0xf8, 0xff,
    0x00, 0x00, 0xf8, 0xff, 0x00, 0x00, 0xf8, 0xff, 0x00, 0x00, 0xf8, 0xff,
    0x00, 0x00, 0xf8, 0xff, 0x00, 0x00, 0xf8, 0xff, 0x00, 0x00, 0xf8, 0xff,
    0x00, 0x00, 0xf8, 0xff, 0x00, 0x00, 0xf8, 0xff, 0x00, 0x00, 0xf8, 0xff,
    0x00, 0x00, 0xf8, 0xff, 0x00, 0x00, 0xf8, 0xff, 0x00, 0x00, 0xf8, 0xff,
    0x00, 0x00, 0xf8, 0xff, 0x00, 0x00, 0xf8, 0xff, 0x00, 0x00, 0xf8, 0xff,
    0x00, 0x00, 0xf8, 0xff, 0x00, 0x00, 0xf8, 0xff, 0x00, 0x00, 0xf8, 0xff,
    0x00, 0x00, 0xf8, 0xff, 0x00, 0x00, 0xf8, 0xff, 0x00, 0x00, 0xf8, 0xff,
    0x00, 0x00, 0xf8, 0xff, 0x00, 0x00, 0xf8, 0xff, 0x00, 0x00, 0xf8, 0xff,
    0x00, 0x00, 0xf8, 0xff, 0x00, 0x00, 0xf8, 0xff, 0x00, 0x00, 0xf8, 0xff,
    0x00, 0x00, 0xf8, 0xff, 0x00, 0x00, 0xf8, 0xff, 0x00, 0x00, 0xf8, 0xff,
    0x00, 0x00, 0xf8, 0xff, 0x00, 0x00, 0xf8, 0xff, 0x00, 0x00, 0xf8, 0xff,
    0x00, 0x00, 0xf8, 0xff, 0x00, 0x00, 0xf8, 0xff, 0x00, 0x00, 0xf8, 0xff,
    0x00, 0x00, 0xf8, 0xff, 0x00, 0x00, 0xf8, 0xff, 0x00, 0x00, 0xf8, 0xff,
    0x00, 0x00, 0xf8, 0xff, 0x00, 0x00, 0xf8, 0x45, 0xf8, 0xfc, 0xf8, 0x00,
    0xf8, 0xfc, 0xf8, 0x00, 0xf8, 0xfc, 0xf8, 0x00, 0xf8, 0xfc, 0xf8, 0x00,
    0xf8, 0xfc, 0xf8, 0x00, 0xf8, 0xfc, 0xf8, 0x00, 0xf8, 0xfc, 0xf8, 0x00,
    0xf8, 0xfc, 0xf8, 0x00, 0xf8, 0xfc, 0xf8, 0x00, 0xf8, 0xfc, 0xf8, 0x00,
    0xf8, 0xfc, 0xf8, 0x00, 0xf8, 0xfc, 0xf8, 0x00, 0xf8, 0xfc, 0xf8, 0x00,
    0xf8, 0xfc, 0xf8, 0x00, 0xf8, 0xfc, 0xf8, 0x00, 0xf8, 0xfc, 0xf8, 0x00,
    0xf8, 0xfc, 0xf8, 0x00, 0xf8, 0xfc, 0xf8, 0x00, 0xf8, 0xfc, 0xf8, 0x00,
    0xf8, 0xfc, 0xf8, 0x00, 0xf8, 0xfc, 0xf8, 0x00, 0xf8, 0xfc, 0xf8, 0x00,
    0xf8, 0xfc, 0xf8, 0x00, 0xf8, 0xfc, 0xf8, 0x00, 0xf8, 0xfc, 0xf8, 0x00,
    0xf8, 0xfc, 0xf8, 0x00, 0xf8, 0xfc, 0xf8, 0x00, 0xf8, 0xfc, 0xf8, 0x00,
    0xf8, 0xfc, 0xf8, 0x00, 0xf8, 0xfc, 0xf8, 0x00, 0xf8, 0xfc, 0xf8, 0x00,
    0xf8, 0xfc, 0xf8, 0x00, 0xf8, 0xfc, 0xf8, 0x00, 0xf8, 0xfc, 0xf8, 0x00,
    0xf8, 0xfc, 0xf8, 0x00, 0xf8, 0xfc, 0xf8, 0x00, 0xf8, 0xfc, 0xf8, 0x00,
    0xf8, 0xfc, 0xf8, 0x00, 0xf8, 0xfc, 0xf8, 0x00, 0xf8, 0xfc, 0xf8, 0x00,
    0xf8, 0xfc, 0xf8, 0x00, 0xf8, 0xfc, 0xf8, 0x00, 0xf8, 0xfc, 0xf8, 0x00,
    0xf8, 0xfc, 0xf8, 0x00, 0xf8, 0xfc, 0xf8, 0x00, 0xf8, 0xfc, 0xf8, 0x00,
    0xf8, 0xfc, 0xf8, 0x00, 0xf8, 0xfc, 0xf8, 0x00, 0xf8, 0xfc, 0xf8, 0x00,
    0xf8, 0xfc, 0xf8, 0x00, 0xf8, 0xfc, 0xf8, 0x00, 0xf8, 0xfc, 0xf8, 0x00,
    0xf8, 0xfc, 0xf8, 0x00, 0xf8, 0xfc, 0xf8, 0x00, 0xf8, 0xfc, 0xf8, 0x00,
    0xf8, 0xfc, 0xf8, 0x00, 0xf8, 0xfc, 0xf8, 0x00, 0xf8, 0xfc, 0xf8, 0x00,
    0xf8, 0xfc, 0xf8, 0x00, 0xf8, 0xfc, 0xf8, 0x00, 0xf8, 0xfc, 0xf8, 0x00,
    0xf8, 0xfc, 0xf8, 0x00, 0x00, 0x00, 0xf8, 0x04, 0x00, 0x00, 0xf8, 0xc3,
    0x00, 0x00, 0xf8, 0xfb, 0x00, 0x00, 0xf8, 0xff, 0x00, 0x00, 0xf8, 0xff,
    0x00, 0x00, 0xf8, 0xff, 0x00, 0x00, 0xf8, 0xff, 0x00, 0x00, 0xf8, 0xff,
    0x00, 0x00, 0xf8, 0xff, 0x00, 0x00, 0xf8, 0xff, 0x00, 0x00, 0xf8, 0xff,
    0x00, 0x00, 0xf8, 0xff, 0x00, 0x00, 0xf8, 0xff, 0x00, 0x00, 0xf8, 0xff,
    0x00, 0x00, 0xf8, 0xff, 0x00, 0x00, 0xf8, 0xff, 0x00, 0x00, 0xf8, 0xff,
    0x00, 0x00, 0xf8, 0xff, 0x00, 0x00, 0xf8, 0xff, 0x00, 0x00, 0xf8, 0xff,
    0x00, 0x00, 0xf8, 0xff, 0x00, 0x00, 0xf8, 0xff, 0x00, 0x00, 0xf8, 0xff,
    0x00, 0x00, 0xf8, 0xff, 0x00, 0x00, 0xf8, 0xff, 0x00, 0x00, 0xf8, 0xff,
    0x00, 0x00, 0xf8, 0xff, 0x00, 0x00, 0xf8, 0xff, 0x00, 0x00, 0xf8, 0xff,
    0x00, 0x00, 0xf8, 0xff, 0x00, 0x00, 0xf8, 0xff, 0x00, 0x00, 0xf8, 0xff,
    0x00, 0x00, 0xf8, 0xff, 0x00, 0x00, 0xf8, 0xff, 0x00, 0x00, 0xf8, 0xff,
    0x00, 0x00, 0xf8, 0xff, 0x00, 0x00, 0xf8, 0xff, 0x00, 0x00, 0xf8, 0xff,
    0x00, 0x00, 0xf8, 0xff, 0x00, 0x00, 0xf8, 0xff, 0x00, 0x00, 0xf8, 0xff,
    0x00, 0x00, 0xf8, 0xff, 0x00, 0x00, 0xf8, 0xff, 0x00, 0x00, 0xf8, 0xff,
    0x00, 0x00, 0xf8, 0xff, 0x00, 0x00, 0xf8, 0xff, 0x00, 0x00, 0xf8, 0xff,
    0x00, 0x00, 0xf8, 0xff, 0x00, 0x00, 0xf8, 0xff, 0x00, 0x00, 0xf8, 0xff,
    0x00, 0x00, 0xf8, 0xff, 0x00, 0x00, 0xf8, 0xff, 0x00, 0x00, 0xf8, 0xff,
    0x00, 0x00, 0xf8, 0xff, 0x00, 0x00, 0xf8, 0xff, 0x00, 0x00, 0xf8, 0xff,
    0x00, 0x00, 0xf8, 0xff, 0x00, 0x00, 0xf8, 0xff, 0x00, 0x00, 0xf8, 0xff,
    0x00, 0x00, 0xf8, 0xff, 0x00, 0x00, 0xf8, 0xff, 0x00, 0x00, 0xf8, 0xff,
    0x00, 0x00, 0xf8, 0xff, 0x00, 0x00, 0xf8, 0xff, 0x00, 0x00, 0xf8, 0xff,
    0x00, 0x00, 0xf8, 0xff, 0x00, 0x00, 0xf8, 0xff, 0x00, 0x00, 0xf8, 0xff,
    0x00, 0x00, 0xf8, 0xff, 0x00, 0x00, 0xf8, 0xff, 0x00, 0x00, 0xf8, 0xff,
    0x00, 0x00, 0xf8, 0xff, 0x00, 0x00, 0xf8, 0xff, 0x00, 0x00, 0xf8, 0xff,
    0x00, 0x00, 0xf8, 0xff, 0x00, 0x00, 0xf8, 0xff, 0x00, 0x00, 0xf8, 0xff,
    0x00, 0x00, 0xf8, 0xff, 0x00, 0x00, 0xf8, 0xff, 0x00, 0x00, 0xf8, 0xff,
    0x00, 0x00, 0xf8, 0xff, 0x00, 0x00, 0xf8, 0xff, 0x00, 0x00, 0xf8, 0xff,
    0x00, 0x00, 0xf8, 0xff, 0x00, 0x00, 0xf8, 0xff, 0x00, 0x00, 0xf8, 0xff,
    0x00, 0x00, 0xf8, 0xff, 0x00, 0x00, 0xf8, 0xff, 0x00, 0x00, 0xf8, 0xff,
    0x00, 0x00, 0xf8, 0xfb, 0x00, 0x00, 0xf8, 0xbe, 0x00, 0x00, 0xf8, 0x00,
    0xf8, 0xfc, 0xf8, 0x00, 0xf8, 0xfc, 0xf8, 0x00, 0xf8, 0xfc, 0xf8, 0x00,
    0xf8, 0xfc, 0xf8, 0x00, 0xf8, 0xfc, 0xf8, 0x00, 0xf8, 0xfc, 0xf8, 0x00,
    0xf8, 0xfc, 0xf8, 0x00, 0xf8, 0xfc, 0xf8, 0x00, 0xf8, 0xfc, 0xf8, 0x00,
    0xf8, 0xfc, 0xf8, 0x00, 0xf8, 0xfc, 0xf8, 0x00, 0xf8, 0xfc, 0xf8, 0x00,
    0xf8, 0xfc, 0xf8, 0x00, 0xf8, 0xfc, 0xf8, 0x00, 0xf8, 0xfc, 0xf8, 0x00,
    0xf8, 0xfc, 0xf8, 0x00, 0xf8, 0xfc, 0xf8, 0x00, 0xf8, 0xfc, 0xf8, 0x00,
    0xf8, 0xfc, 0xf8, 0x00, 0xf8, 0xfc, 0xf8, 0x00, 0xf8, 0xfc, 0xf8, 0x00,
    0xf8, 0xfc, 0xf8, 0x00, 0xf8, 0xfc, 0xf8, 0x00, 0xf8, 0xfc, 0xf8, 0x00,
    0xf8, 0xfc, 0xf8, 0x00, 0xf8, 0xfc, 0xf8, 0x00, 0xf8, 0xfc, 0xf8, 0x00,
    0xf8, 0xfc, 0xf8, 0x00, 0xf8, 0xfc, 0xf8, 0x00, 0xf8, 0xfc, 0xf8, 0x00,
    0xf8, 0xfc, 0xf8, 0x00, 0xf8, 0xfc, 0xf8, 0x00, 0xf8, 0xfc, 0xf8, 0x00,
    0xf8, 0xfc, 0xf8, 0x00, 0xf8, 0xfc, 0xf8, 0x00, 0xf8, 0xfc, 0xf8, 0x00,
    0xf8, 0xfc, 0xf8, 0x00, 0xf8, 0xfc, 0xf8, 0x00, 0xf8, 0xfc, 0xf8, 0x00,
    0xf8, 0xfc, 0xf8, 0x00, 0xf8, 0xfc, 0xf8, 0x00, 0xf8, 0xfc, 0xf8, 0x00,
    0xf8, 0xfc, 0xf8, 0x00, 0xf8, 0xfc, 0xf8, 0x00, 0xf8, 0xfc, 0xf8, 0x00,
    0xf8, 0xfc, 0xf8, 0x00, 0xf8, 0xfc, 0xf8, 0x00, 0xf8, 0xfc, 0xf8, 0x00,
    0xf8, 0xfc, 0xf8, 0x00, 0xf8, 0xfc, 0xf8, 0x00, 0xf8, 0xfc, 0xf8, 0x00,
    0xf8, 0xfc, 0xf8, 0x00, 0xf8, 0xfc, 0xf8, 0x00, 0xf8, 0xfc, 0xf8, 0x00,
    0xf8, 0xfc, 0xf8, 0x00, 0xf8, 0xfc, 0xf8, 0x00, 0xf8, 0xfc, 0xf8, 0x00,
    0xf8, 0xfc, 0xf8, 0x00, 0xf8, 0xfc, 0xf8, 0x00, 0xf8, 0xfc, 0xf8, 0x00,
    0xf8, 0xfc, 0xf8, 0x00, 0xf8, 0xfc, 0xf8, 0x00, 0xf8, 0xfc, 0xf8, 0x00,
    0x00, 0x00, 0xf8, 0x34, 0x00, 0x00, 0xf8, 0xff, 0x00, 0x00, 0xf8, 0xff,
    0x00, 0x00, 0xf8, 0xff, 0x00, 0x00, 0xf8, 0xff, 0x00, 0x00, 0xf8, 0xff,
    0x00, 0x00, 0xf8, 0xff, 0x00, 0x00, 0xf8, 0xff, 0x00, 0x00, 0xf8, 0xff,
    0x00, 0x00, 0xf8, 0xff, 0x00, 0x00, 0xf8, 0xff, 0x00, 0x00, 0xf8, 0xff,
    0x00, 0x00, 0xf8, 0xff, 0x00, 0x00, 0xf8, 0xff, 0x00, 0x00, 0xf8, 0xff,
    0x00, 0x00, 0xf8, 0xff, 0x00, 0x00, 0xf8, 0xff, 0x00, 0x00, 0xf8, 0xff,
    0x00, 0x00, 0xf8, 0xff, 0x00, 0x00, 0xf8, 0xff, 0x00, 0x00, 0xf8, 0xff,
    0x00, 0x00, 0xf8, 0xff, 0x00, 0x00, 0xf8, 0xff, 0x00, 0x00, 0xf8, 0xff,
    0x00, 0x00, 0xf8, 0xff, 0x00, 0x00, 0xf8, 0xff, 0x00, 0x00, 0xf8, 0xff,
    0x00, 0x00, 0xf8, 0xff, 0x00, 0x00, 0xf8, 0xff, 0x00, 0x00, 0xf8, 0xff,
    0x00, 0x00, 0xf8, 0xff, 0x00, 0x00, 0xf8, 0xff, 0x00, 0x00, 0xf8, 0xff,
    0x00, 0x00, 0xf8, 0xff, 0x00, 0x00, 0xf8, 0xff, 0x00, 0x00, 0xf8, 0xff,
    0x00, 0x00, 0xf8, 0xff, 0x00, 0x00, 0xf8, 0xff, 0x00, 0x00, 0xf8, 0xff,
    0x00, 0x00, 0xf8, 0xff, 0x00, 0x00, 0xf8, 0xff, 0x00, 0x00, 0xf8, 0xff,
    0x00, 0x00, 0xf8, 0xff, 0x00, 0x00, 0xf8, 0xff, 0x00, 0x00, 0xf8, 0xff,
    0x00, 0x00, 0xf8, 0xff, 0x00, 0x00, 0xf8, 0xff, 0x00, 0x00, 0xf8, 0xff,
    0x00, 0x00, 0xf8, 0xff, 0x00, 0x00, 0xf8, 0xff, 0x00, 0x00, 0xf8, 0xff,
    0x00, 0x00, 0xf8, 0xff, 0x00, 0x00, 0xf8, 0xff, 0x00, 0x00, 0xf8, 0xff,
    0x00, 0x00, 0xf8, 0xff, 0x00, 0x00, 0xf8, 0xff, 0x00, 0x00, 0xf8, 0xff,
    0x00, 0x00, 0xf8, 0xff, 0x00, 0x00, 0xf8, 0xff, 0x00, 0x00, 0xf8, 0xff,
    0x00, 0x00, 0xf8, 0xff, 0x00, 0x00, 0xf8, 0xff, 0x00, 0x00, 0xf8, 0xff,
    0x00, 0x00, 0xf8, 0xff, 0x00, 0x00, 0xf8, 0xff, 0x00, 0x00, 0xf8, 0xff,
    0x00, 0x00, 0xf8, 0xff, 0x00, 0x00, 0xf8, 0xff, 0x00, 0x00, 0xf8, 0xff,
    0x00, 0x00, 0xf8, 0xff, 0x00, 0x00, 0xf8, 0xff, 0x00, 0x00, 0xf8, 0xff,
    0x00, 0x00, 0xf8, 0xff, 0x00, 0x00, 0xf8, 0xff, 0x00, 0x00, 0xf8, 0xff,
    0x00, 0x00, 0xf8, 0xff, 0x00, 0x00, 0xf8, 0xff, 0x00, 0x00, 0xf8, 0xff,
    0x00, 0x00, 0xf8, 0xff, 0x00, 0x00, 0xf8, 0xff, 0x00, 0x00, 0xf8, 0xff,
    0x00, 0x00, 0xf8, 0xff, 0x00, 0x00, 0xf8, 0xff, 0x00, 0x00, 0xf8, 0xff,
    0x00, 0x00, 0xf8, 0xff, 0x00, 0x00, 0xf8, 0xff, 0x00, 0x00, 0xf8, 0xff,
    0x00, 0x00, 0xf8, 0xff, 0x00, 0x00, 0xf8, 0xff, 0x00, 0x00, 0xf8, 0x34,
    0xf8, 0xfc, 0xf8, 0x00, 0xf8, 0xfc, 0xf8, 0x00, 0xf8, 0xfc, 0xf8, 0x00,
    0xf8, 0xfc, 0xf8, 0x00, 0xf8, 0xfc, 0xf8, 0x00, 0xf8, 0xfc, 0xf8, 0x00,
    0xf8, 0xfc, 0xf8, 0x00, 0xf8, 0xfc, 0xf8, 0x00, 0xf8, 0xfc, 0xf8, 0x00,
    0xf8, 0xfc, 0xf8, 0x00, 0xf8, 0xfc, 0xf8, 0x00, 0xf8, 0xfc, 0xf8, 0x00,
    0xf8, 0xfc, 0xf8, 0x00, 0xf8, 0xfc, 0xf8, 0x00, 0xf8, 0xfc, 0xf8, 0x00,
    0xf8, 0xfc, 0xf8, 0x00, 0xf8, 0xfc, 0xf8, 0x00, 0xf8, 0xfc, 0xf8, 0x00,
    0xf8, 0xfc, 0xf8, 0x00, 0xf8, 0xfc, 0xf8, 0x00, 0xf8, 0xfc, 0xf8, 0x00,
    0xf8, 0xfc, 0xf8, 0x00, 0xf8, 0xfc, 0xf8, 0x00, 0xf8, 0xfc, 0xf8, 0x00,
    0xf8, 0xfc, 0xf8, 0x00, 0xf8, 0xfc, 0xf8, 0x00, 0xf8, 0xfc, 0xf8, 0x00,
    0xf8, 0xfc, 0xf8, 0x00, 0xf8, 0xfc, 0xf8, 0x00, 0xf8, 0xfc, 0xf8, 0x00,
    0xf8, 0xfc, 0xf8, 0x00, 0xf8, 0xfc, 0xf8, 0x00, 0xf8, 0xfc, 0xf8, 0x00,
    0xf8, 0xfc, 0xf8, 0x00, 0xf8, 0xfc, 0xf8, 0x00, 0xf8, 0xfc, 0xf8, 0x00,
    0xf8, 0xfc, 0xf8, 0x00, 0xf8, 0xfc, 0xf8, 0x00, 0xf8, 0xfc, 0xf8, 0x00,
    0xf8, 0xfc, 0xf8, 0x00, 0xf8, 0xfc, 0xf8, 0x00, 0xf8, 0xfc, 0xf8, 0x00,
    0xf8, 0xfc, 0xf8, 0x00, 0xf8, 0xfc, 0xf8, 0x00, 0xf8, 0xfc, 0xf8, 0x00,
    0xf8, 0xfc, 0xf8, 0x00, 0xf8, 0xfc, 0xf8, 0x00, 0xf8, 0xfc, 0xf8, 0x00,
    0xf8, 0xfc, 0xf8, 0x00, 0xf8, 0xfc, 0xf8, 0x00, 0xf8, 0xfc, 0xf8, 0x00,
    0xf8, 0xfc, 0xf8, 0x00, 0xf8, 0xfc, 0xf8, 0x00, 0xf8, 0xfc, 0xf8, 0x00,
    0xf8, 0xfc, 0xf8, 0x00, 0xf8, 0xfc, 0xf8, 0x00, 0xf8, 0xfc, 0xf8, 0x00,
    0xf8, 0xfc, 0xf8, 0x00, 0xf8, 0xfc, 0xf8, 0x00, 0xf8, 0xfc, 0xf8, 0x00,
    0xf8, 0xfc, 0xf8, 0x00, 0xf8, 0xfc, 0xf8, 0x00, 0xf8, 0xfc, 0xf8, 0x00,
    0xf8, 0xfc, 0xf8, 0x00, 0xf8, 0xfc, 0xf8, 0x00, 0x00, 0x00, 0xf8, 0x8a,
    0x00, 0x00, 0xf8, 0xfb, 0x00, 0x00, 0xf8, 0xff, 0x00, 0x00, 0xf8, 0xff,
    0x00, 0x00, 0xf8, 0xff, 0x00, 0x00, 0xf8, 0xff, 0x00, 0x00, 0xf8, 0xff,
    0x00, 0x00, 0xf8, 0xff, 0x00, 0x00, 0xf8, 0xff, 0x00, 0x00, 0xf8, 0xff,
    0x00, 0x00, 0xf8, 0xff, 0x00, 0x00, 0xf8, 0xff, 0x00, 0x00, 0xf8, 0xff,
    0x00, 0x00, 0xf8, 0xff, 0x00, 0x00, 0xf8, 0xff, 0x00, 0x00, 0xf8, 0xff,
    0x00, 0x00, 0xf8, 0xff, 0x00, 0x00, 0xf8, 0xff, 0x00, 0x00, 0xf8, 0xff,
    0x00, 0x00, 0xf8, 0xff, 0x00, 0x00, 0xf8, 0xff, 0x00, 0x00, 0xf8, 0xff,
    0x00, 0x00, 0xf8, 0xff, 0x00, 0x00, 0xf8, 0xff, 0x00, 0x00, 0xf8, 0xff,
    0x00, 0x00, 0xf8, 0xff, 0x00, 0x00, 0xf8, 0xff, 0x00, 0x00, 0xf8, 0xff,
    0x00, 0x00, 0xf8, 0xff, 0x00, 0x00, 0xf8, 0xff, 0x00, 0x00, 0xf8, 0xff,
    0x00, 0x00, 0xf8, 0xff, 0x00, 0x00, 0xf8, 0xff, 0x00, 0x00, 0xf8, 0xff,
    0x00, 0x00, 0xf8, 0xff, 0x00, 0x00, 0xf8, 0xff, 0x00, 0x00, 0xf8, 0xff,
    0x00, 0x00, 0xf8, 0xff, 0x00, 0x00, 0xf8, 0xff, 0x00, 0x00, 0xf8, 0xff,
    0x00, 0x00, 0xf8, 0xff, 0x00, 0x00, 0xf8, 0xff, 0x00, 0x00, 0xf8, 0xff,
    0x00, 0x00, 0xf8, 0xff, 0x00, 0x00, 0xf8, 0xff, 0x00, 0x00, 0xf8, 0xff,
    0x00, 0x00, 0xf8, 0xff, 0x00, 0x00, 0xf8, 0xff, 0x00, 0x00, 0xf8, 0xff,
    0x00, 0x00, 0xf8, 0xff, 0x00, 0x00, 0xf8, 0xff, 0x00, 0x00, 0xf8, 0xff,
    0x00, 0x00, 0xf8, 0xff, 0x00, 0x00, 0xf8, 0xff, 0x00, 0x00, 0xf8, 0xff,
    0x00, 0x00, 0xf8, 0xff, 0x00, 0x00, 0xf8, 0xff, 0x00, 0x00, 0xf8, 0xff,
    0x00, 0x00, 0xf8, 0xff, 0x00, 0x00, 0xf8, 0xff, 0x00, 0x00, 0xf8, 0xff,
    0x00, 0x00, 0xf8, 0xff, 0x00, 0x00, 0xf8, 0xff, 0x00, 0x00, 0xf8, 0xff,
    0x00, 0x00, 0xf8, 0xff, 0x00, 0x00, 0xf8, 0xff, 0x00, 0x00, 0xf8, 0xff,
    0x00, 0x00, 0xf8, 0xff, 0x00, 0x00, 0xf8, 0xff, 0x00, 0x00, 0xf8, 0xff,
    0x00, 0x00, 0xf8, 0xff, 0x00, 0x00, 0xf8, 0xff, 0x00, 0x00, 0xf8, 0xff,
    0x00, 0x00, 0xf8, 0xff, 0x00, 0x00, 0xf8, 0xff, 0x00, 0x00, 0xf8, 0xff,
    0x00, 0x00, 0xf8, 0xff, 0x00, 0x00, 0xf8, 0xff, 0x00, 0x00, 0xf8, 0xff,
    0x00, 0x00, 0xf8, 0xff, 0x00, 0x00, 0xf8, 0xff, 0x00, 0x00, 0xf8, 0xff,
    0x00, 0x00, 0xf8, 0xff, 0x00, 0x00, 0xf8, 0xff, 0x00, 0x00, 0xf8, 0xff,
    0x00, 0x00, 0xf8, 0xff, 0x00, 0x00, 0xf8, 0xff, 0x00, 0x00, 0xf8, 0x86,
    0xf8, 0xfc, 0xf8, 0x00, 0xf8, 0xfc, 0xf8, 0x00, 0xf8, 0xfc, 0xf8, 0x00,
    0xf8, 0xfc, 0xf8, 0x00, 0xf8, 0xfc, 0xf8, 0x00, 0xf8, 0xfc, 0xf8, 0x00,
    0xf8, 0xfc, 0xf8, 0x00, 0xf8, 0xfc, 0xf8, 0x00, 0xf8, 0xfc, 0xf8, 0x00,
    0xf8, 0xfc, 0xf8, 0x00, 0xf8, 0xfc, 0xf8, 0x00, 0xf8, 0xfc, 0xf8, 0x00,
    0xf8, 0xfc, 0xf8, 0x00, 0xf8, 0xfc, 0xf8, 0x00, 0xf8, 0xfc, 0xf8, 0x00,
    0xf8, 0xfc, 0xf8, 0x00, 0xf8, 0xfc, 0xf8, 0x00, 0xf8, 0xfc, 0xf8, 0x00,
    0xf8, 0xfc, 0xf8, 0x00, 0xf8, 0xfc, 0xf8, 0x00, 0xf8, 0xfc, 0xf8, 0x00,
    0xf8, 0xfc, 0xf8, 0x00, 0xf8, 0xfc, 0xf8, 0x00, 0xf8, 0xfc, 0xf8, 0x00,
    0xf8, 0xfc, 0xf8, 0x00, 0xf8, 0xfc, 0xf8, 0x00, 0xf8, 0xfc, 0xf8, 0x00,
    0xf8, 0xfc, 0xf8, 0x00, 0xf8, 0xfc, 0xf8, 0x00, 0xf8, 0xfc, 0xf8, 0x00,
    0xf8, 0xfc, 0xf8, 0x00, 0xf8, 0xfc, 0xf8, 0x00, 0xf8, 0xfc, 0xf8, 0x00,
    0xf8, 0xfc, 0xf8, 0x00, 0xf8, 0xfc, 0xf8, 0x00, 0xf8, 0xfc, 0xf8, 0x00,
    0xf8, 0xfc, 0xf8, 0x00, 0xf8, 0xfc, 0xf8, 0x00, 0xf8, 0xfc, 0xf8, 0x00,
    0xf8, 0xfc, 0xf8, 0x00, 0xf8, 0xfc, 0xf8, 0x00, 0xf8, 0xfc, 0xf8, 0x00,
    0xf8, 0xfc, 0xf8, 0x00, 0xf8, 0xfc, 0xf8, 0x00, 0xf8, 0xfc, 0xf8, 0x00,
    0xf8, 0xfc, 0xf8, 0x00, 0xf8, 0xfc, 0xf8, 0x00, 0xf8, 0xfc, 0xf8, 0x00,
    0xf8, 0xfc, 0xf8, 0x00, 0xf8, 0xfc, 0xf8, 0x00, 0xf8, 0xfc, 0xf8, 0x00,
    0xf8, 0xfc, 0xf8, 0x00, 0xf8, 0xfc, 0xf8, 0x00, 0xf8, 0xfc, 0xf8, 0x00,
    0xf8, 0xfc, 0xf8, 0x00, 0xf8, 0xfc, 0xf8, 0x00, 0xf8, 0xfc, 0xf8, 0x00,
    0xf8, 0xfc, 0xf8, 0x00, 0xf8, 0xfc, 0xf8, 0x00, 0xf8, 0xfc, 0xf8, 0x00,
    0xf8, 0xfc, 0xf8, 0x00, 0xf8, 0xfc, 0xf8, 0x00, 0xf8, 0xfc, 0xf8, 0x00,
    0xf8, 0xfc, 0xf8, 0x00, 0xf8, 0xfc, 0xf8, 0x00, 0xf8, 0xfc, 0xf8, 0x00,
    0x00, 0x00, 0xf8, 0x08, 0x00, 0x00, 0xf8, 0xdb, 0x00, 0x00, 0xf8, 0xfb,
    0x00, 0x00, 0xf8, 0xff, 0x00, 0x00, 0xf8, 0xff, 0x00, 0x00, 0xf8, 0xff,
    0x00, 0x00, 0xf8, 0xff, 0x00, 0x00, 0xf8, 0xff, 0x00, 0x00, 0xf8, 0xff,
    0x00, 0x00, 0xf8, 0xff, 0x00, 0x00, 0xf8, 0xff, 0x00, 0x00, 0xf8, 0xff,
    0x00, 0x00, 0xf8, 0xff, 0x00, 0x00, 0xf8, 0xff, 0x00, 0x00, 0xf8, 0xff,
    0x00, 0x00, 0xf8, 0xff, 0x00, 0x00, 0xf8, 0xff, 0x00, 0x00, 0xf8, 0xff,
    0x00, 0x00, 0xf8, 0xff, 0x00, 0x00, 0xf8, 0xff, 0x00, 0x00, 0xf8, 0xff,
    0x00, 0x00, 0xf8, 0xff, 0x00, 0x00, 0xf8, 0xff, 0x00, 0x00, 0xf8, 0xff,
    0x00, 0x00, 0xf8, 0xff, 0x00, 0x00, 0xf8, 0xff, 0x00, 0x00, 0xf8, 0xff,
    0x00, 0x00, 0xf8, 0xff, 0x00, 0x00, 0xf8, 0xff, 0x00, 0x00, 0xf8, 0xff,
    0x00, 0x00, 0xf8, 0xff, 0x00, 0x00, 0xf8, 0xff, 0x00, 0x00, 0xf8, 0xff,
    0x00, 0x00, 0xf8, 0xff, 0x00, 0x00, 0xf8, 0xff, 0x00, 0x00, 0xf8, 0xff,
    0x00, 0x00, 0xf8, 0xff, 0x00, 0x00, 0xf8, 0xff, 0x00, 0x00, 0xf8, 0xff,
    0x00, 0x00, 0xf8, 0xff, 0x00, 0x00, 0xf8, 0xff, 0x00, 0x00, 0xf8, 0xff,
    0x00, 0x00, 0xf8, 0xff, 0x00, 0x00, 0xf8, 0xff, 0x00, 0x00, 0xf8, 0xff,
    0x00, 0x00, 0xf8, 0xff, 0x00, 0x00, 0xf8, 0xff, 0x00, 0x00, 0xf8, 0xff,
    0x00, 0x00, 0xf8, 0xff, 0x00, 0x00, 0xf8, 0xff, 0x00, 0x00, 0xf8, 0xff,
    0x00, 0x00, 0xf8, 0xff, 0x00, 0x00, 0xf8, 0xff, 0x00, 0x00, 0xf8, 0xff,
    0x00, 0x00, 0xf8, 0xff, 0x00, 0x00, 0xf8, 0xff, 0x00, 0x00, 0xf8, 0xff,
    0x00, 0x00, 0xf8, 0xff, 0x00, 0x00, 0xf8, 0xff, 0x00, 0x00, 0xf8, 0xff,
    0x00, 0x00, 0xf8, 0xff, 0x00, 0x00, 0xf8, 0xff, 0x00, 0x00, 0xf8, 0xff,
    0x00, 0x00, 0xf8, 0xff, 0x00, 0x00, 0xf8, 0xff, 0x00, 0x00, 0xf8, 0xff,
    0x00, 0x00, 0xf8, 0xff, 0x00, 0x00, 0xf8, 0xff, 0x00, 0x00, 0xf8, 0xff,
    0x00, 0x00, 0xf8, 0xff, 0x00, 0x00, 0xf8, 0xff, 0x00, 0x00, 0xf8, 0xff,
    0x00, 0x00, 0xf8, 0xff, 0x00, 0x00, 0xf8, 0xff, 0x00, 0x00, 0xf8, 0xff,
    0x00, 0x00, 0xf8, 0xff, 0x00, 0x00, 0xf8, 0xff, 0x00, 0x00, 0xf8, 0xff,
    0x00, 0x00, 0xf8, 0xff, 0x00, 0x00, 0xf8, 0xff, 0x00, 0x00, 0xf8, 0xff,
    0x00, 0x00, 0xf8, 0xff, 0x00, 0x00, 0xf8, 0xff, 0x00, 0x00, 0xf8, 0xff,
    0x00, 0x00, 0xf8, 0xff, 0x00, 0x00, 0xf8, 0xfb, 0x00, 0x00, 0xf8, 0xdb,
    0x00, 0x00, 0xf8, 0x08, 0xf8, 0xfc, 0xf8, 0x00, 0xf8, 0xfc, 0xf8, 0x00,
    0xf8, 0xfc, 0xf8, 0x00, 0xf8, 0xfc, 0xf8, 0x00, 0xf8, 0xfc, 0xf8, 0x00,
    0xf8, 0xfc, 0xf8, 0x00, 0xf8, 0xfc, 0xf8, 0x00, 0xf8, 0xfc, 0xf8, 0x00,
    0xf8, 0xfc, 0xf8, 0x00, 0xf8, 0xfc, 0xf8, 0x00, 0xf8, 0xfc, 0xf8, 0x00,
    0xf8, 0xfc, 0xf8, 0x00, 0xf8, 0xfc, 0xf8, 0x00, 0xf8, 0xfc, 0xf8, 0x00,
    0xf8, 0xfc, 0xf8, 0x00, 0xf8, 0xfc, 0xf8, 0x00, 0xf8, 0xfc, 0xf8, 0x00,
    0xf8, 0xfc, 0xf8, 0x00, 0xf8, 0xfc, 0xf8, 0x00, 0xf8, 0xfc, 0xf8, 0x00,
    0xf8, 0xfc, 0xf8, 0x00, 0xf8, 0xfc, 0xf8, 0x00, 0xf8, 0xfc, 0xf8, 0x00,
    0xf8, 0xfc, 0xf8, 0x00, 0xf8, 0xfc, 0xf8, 0x00, 0xf8, 0xfc, 0xf8, 0x00,
    0xf8, 0xfc, 0xf8, 0x00, 0xf8, 0xfc, 0xf8, 0x00, 0xf8, 0xfc, 0xf8, 0x00,
    0xf8, 0xfc, 0xf8, 0x00, 0xf8, 0xfc, 0xf8, 0x00, 0xf8, 0xfc, 0xf8, 0x00,
    0xf8, 0xfc, 0xf8, 0x00, 0xf8, 0xfc, 0xf8, 0x00, 0xf8, 0xfc, 0xf8, 0x00,
    0xf8, 0xfc, 0xf8, 0x00, 0xf8, 0xfc, 0xf8, 0x00, 0xf8, 0xfc, 0xf8, 0x00,
    0xf8, 0xfc, 0xf8, 0x00, 0xf8, 0xfc, 0xf8, 0x00, 0xf8, 0xfc, 0xf8, 0x00,
    0xf8, 0xfc, 0xf8, 0x00, 0xf8, 0xfc, 0xf8, 0x00, 0xf8, 0xfc, 0xf8, 0x00,
    0xf8, 0xfc, 0xf8, 0x00, 0xf8, 0xfc, 0xf8, 0x00, 0xf8, 0xfc, 0xf8, 0x00,
    0xf8, 0xfc, 0xf8, 0x00, 0xf8, 0xfc, 0xf8, 0x00, 0xf8, 0xfc, 0xf8, 0x00,
    0xf8, 0xfc, 0xf8, 0x00, 0xf8, 0xfc, 0xf8, 0x00, 0xf8, 0xfc, 0xf8, 0x00,
    0xf8, 0xfc, 0xf8, 0x00, 0xf8, 0xfc, 0xf8, 0x00, 0xf8, 0xfc, 0xf8, 0x00,
    0xf8, 0xfc, 0xf8, 0x00, 0xf8, 0xfc, 0xf8, 0x00, 0xf8, 0xfc, 0xf8, 0x00,
    0xf8, 0xfc, 0xf8, 0x00, 0xf8, 0xfc, 0xf8, 0x00, 0xf8, 0xfc, 0xf8, 0x00,
    0xf8, 0xfc, 0xf8, 0x00, 0xf8, 0xfc, 0xf8, 0x00, 0xf8, 0xfc, 0xf8, 0x00,
    0xf8, 0xfc, 0xf8, 0x00, 0xf8, 0xfc, 0xf8, 0x00, 0x00, 0x00, 0xf8, 0x34,
    0x00, 0x00, 0xf8, 0xff, 0x00, 0x00, 0xf8, 0xff, 0x00, 0x00, 0xf8, 0xff,
    0x00, 0x00, 0xf8, 0xff, 0x00, 0x00, 0xf8, 0xff, 0x00, 0x00, 0xf8, 0xff,
    0x00, 0x00, 0xf8, 0xff, 0x00, 0x00, 0xf8, 0xff, 0x00, 0x00, 0xf8, 0xff,
    0x00, 0x00, 0xf8, 0xff, 0x00, 0x00, 0xf8, 0xff, 0x00, 0x00, 0xf8, 0xff,
    0x00, 0x00, 0xf8, 0xff, 0x00, 0x00, 0xf8, 0xff, 0x00, 0x00, 0xf8, 0xff,
    0x00, 0x00, 0xf8, 0xff, 0x00, 0x00, 0xf8, 0xff, 0x00, 0x00, 0xf8, 0xff,
    0x00, 0x00, 0xf8, 0xff, 0x00, 0x00, 0xf8, 0xff, 0x00, 0x00, 0xf8, 0xff,
    0x00, 0x00, 0xf8, 0xff, 0x00, 0x00, 0xf8, 0xff, 0x00, 0x00, 0xf8, 0xff,
    0x00, 0x00, 0xf8, 0xff, 0x00, 0x00, 0xf8, 0xff, 0x00, 0x00, 0xf8, 0xff,
    0x00, 0x00, 0xf8, 0xff, 0x00, 0x00, 0xf8, 0xff, 0x00, 0x00, 0xf8, 0xff,
    0x00, 0x00, 0xf8, 0xff, 0x00, 0x00, 0xf8, 0xff, 0x00, 0x00, 0xf8, 0xff,
    0x00, 0x00, 0xf8, 0xff, 0x00, 0x00, 0xf8, 0xff, 0x00, 0x00, 0xf8, 0xff,
    0x00, 0x00, 0xf8, 0xff, 0x00, 0x00, 0xf8, 0xff, 0x00, 0x00, 0xf8, 0xff,
    0x00, 0x00, 0xf8, 0xff, 0x00, 0x00, 0xf8, 0xff, 0x00, 0x00, 0xf8, 0xff,
    0x00, 0x00, 0xf8, 0xff, 0x00, 0x00, 0xf8, 0xff, 0x00, 0x00, 0xf8, 0xff,
    0x00, 0x00, 0xf8, 0xff, 0x00, 0x00, 0xf8, 0xff, 0x00, 0x00, 0xf8, 0xff,
    0x00, 0x00, 0xf8, 0xff, 0x00, 0x00, 0xf8, 0xff, 0x00, 0x00, 0xf8, 0xff,
    0x00, 0x00, 0xf8, 0xff, 0x00, 0x00, 0xf8, 0xff, 0x00, 0x00, 0xf8, 0xff,
    0x00, 0x00, 0xf8, 0xff, 0x00, 0x00, 0xf8, 0xff, 0x00, 0x00, 0xf8, 0xff,
    0x00, 0x00, 0xf8, 0xff, 0x00, 0x00, 0xf8, 0xff, 0x00, 0x00, 0xf8, 0xff,
    0x00, 0x00, 0xf8, 0xff, 0x00, 0x00, 0xf8, 0xff, 0x00, 0x00, 0xf8, 0xff,
    0x00, 0x00, 0xf8, 0xff, 0x00, 0x00, 0xf8, 0xff, 0x00, 0x00, 0xf8, 0xff,
    0x00, 0x00, 0xf8, 0xff, 0x00, 0x00, 0xf8, 0xff, 0x00, 0x00, 0xf8, 0xff,
    0x00, 0x00, 0xf8, 0xff, 0x00, 0x00, 0xf8, 0xff, 0x00, 0x00, 0xf8, 0xff,
    0x00, 0x00, 0xf8, 0xff, 0x00, 0x00, 0xf8, 0xff, 0x00, 0x00, 0xf8, 0xff,
    0x00, 0x00, 0xf8, 0xff, 0x00, 0x00, 0xf8, 0xff, 0x00, 0x00, 0xf8, 0xff,
    0x00, 0x00, 0xf8, 0xff, 0x00, 0x00, 0xf8, 0xff, 0x00, 0x00, 0xf8, 0xff,
    0x00, 0x00, 0xf8, 0xff, 0x00, 0x00, 0xf8, 0xff, 0x00, 0x00, 0xf8, 0xff,
    0x00, 0x00, 0xf8, 0x34, 0xf8, 0xfc, 0xf8, 0x00, 0xf8, 0xfc, 0xf8, 0x00,
    0xf8, 0xfc, 0xf8, 0x00, 0xf8, 0xfc, 0xf8, 0x00, 0xf8, 0xfc, 0xf8, 0x00,
    0xf8, 0xfc, 0xf8, 0x00, 0xf8, 0xfc, 0xf8, 0x00, 0xf8, 0xfc, 0xf8, 0x00,
    0xf8, 0xfc, 0xf8, 0x00, 0xf8, 0xfc, 0xf8, 0x00, 0xf8, 0xfc, 0xf8, 0x00,
    0xf8, 0xfc, 0xf8, 0x00, 0xf8, 0xfc, 0xf8, 0x00, 0xf8, 0xfc, 0xf8, 0x00,
    0xf8, 0xfc, 0xf8, 0x00, 0xf8, 0xfc, 0xf8, 0x00, 0xf8, 0xfc, 0xf8, 0x00,
    0xf8, 0xfc, 0xf8, 0x00, 0xf8, 0xfc, 0xf8, 0x00, 0xf8, 0xfc, 0xf8, 0x00,
    0xf8, 0xfc, 0xf8, 0x00, 0xf8, 0xfc, 0xf8, 0x00, 0xf8, 0xfc, 0xf8, 0x00,
    0xf8, 0xfc, 0xf8, 0x00, 0xf8, 0xfc, 0xf8, 0x00, 0xf8, 0xfc, 0xf8, 0x00,
    0xf8, 0xfc, 0xf8, 0x00, 0xf8, 0xfc, 0xf8, 0x00, 0xf8, 0xfc, 0xf8, 0x00,
    0xf8, 0xfc, 0xf8, 0x00, 0xf8, 0xfc, 0xf8, 0x00, 0xf8, 0xfc, 0xf8, 0x00,
    0xf8, 0xfc, 0xf8, 0x00, 0xf8, 0xfc, 0xf8, 0x00, 0xf8, 0xfc, 0xf8, 0x00,
    0xf8, 0xfc, 0xf8, 0x00, 0xf8, 0xfc, 0xf8, 0x00, 0xf8, 0xfc, 0xf8, 0x00,
    0xf8, 0xfc, 0xf8, 0x00, 0xf8, 0xfc, 0xf8, 0x00, 0xf8, 0xfc, 0xf8, 0x00,
    0xf8, 0xfc, 0xf8, 0x00, 0xf8, 0xfc, 0xf8, 0x00, 0xf8, 0xfc, 0xf8, 0x00,
    0xf8, 0xfc, 0xf8, 0x00, 0xf8, 0xfc, 0xf8, 0x00, 0xf8, 0xfc, 0xf8, 0x00,
    0xf8, 0xfc, 0xf8, 0x00, 0xf8, 0xfc, 0xf8, 0x00, 0xf8, 0xfc, 0xf8, 0x00,
    0xf8, 0xfc, 0xf8, 0x00, 0xf8, 0xfc, 0xf8, 0x00, 0xf8, 0xfc, 0xf8, 0x00,
    0xf8, 0xfc, 0xf8, 0x00, 0xf8, 0xfc, 0xf8, 0x00, 0xf8, 0xfc, 0xf8, 0x00,
    0xf8, 0xfc, 0xf8, 0x00, 0xf8, 0xfc, 0xf8, 0x00, 0xf8, 0xfc, 0xf8, 0x00,
    0xf8, 0xfc, 0xf8, 0x00, 0xf8, 0xfc, 0xf8, 0x00, 0xf8, 0xfc, 0xf8, 0x00,
    0xf8, 0xfc, 0xf8, 0x00, 0xf8, 0xfc, 0xf8, 0x00, 0xf8, 0xfc, 0xf8, 0x00,
    0xf8, 0xfc, 0xf8, 0x00, 0xf8, 0xfc, 0xf8, 0x00, 0xf8, 0xfc, 0xf8, 0x00,
    0xf8, 0xfc, 0xf8, 0x00, 0x00, 0x00, 0xf8, 0x86, 0x00, 0x00, 0xf8, 0xff,
    0x00, 0x00, 0xf8, 0xff, 0x00, 0x00, 0xf8, 0xff, 0x00, 0x00, 0xf8, 0xff,
    0x00, 0x00, 0xf8, 0xff, 0x00, 0x00, 0xf8, 0xff, 0x00, 0x00, 0xf8, 0xff,
    0x00, 0x00, 0xf8, 0xff, 0x00, 0x00, 0xf8, 0xff, 0x00, 0x00, 0xf8, 0xff,
    0x00, 0x00, 0xf8, 0xff, 0x00, 0x00, 0xf8, 0xff, 0x00, 0x00, 0xf8, 0xff,
    0x00, 0x00, 0xf8, 0xff, 0x00, 0x00, 0xf8, 0xff, 0x00, 0x00, 0xf8, 0xff,
    0x00, 0x00, 0xf8, 0xff, 0x00, 0x00, 0xf8, 0xff, 0x00, 0x00, 0xf8, 0xff,
    0x00, 0x00, 0xf8, 0xff, 0x00, 0x00, 0xf8, 0xff, 0x00, 0x00, 0xf8, 0xff,
    0x00, 0x00, 0xf8, 0xff, 0x00, 0x00, 0xf8, 0xff, 0x00, 0x00, 0xf8, 0xff,
    0x00, 0x00, 0xf8, 0xff, 0x00, 0x00, 0xf8, 0xff, 0x00, 0x00, 0xf8, 0xff,
    0x00, 0x00, 0xf8, 0xff, 0x00, 0x00, 0xf8, 0xff, 0x00, 0x00, 0xf8, 0xff,
    0x00, 0x00, 0xf8, 0xff, 0x00, 0x00, 0xf8, 0xff, 0x00, 0x00, 0xf8, 0xff,
    0x00, 0x00, 0xf8, 0xff, 0x00, 0x00, 0xf8, 0xff, 0x00, 0x00, 0xf8, 0xff,
    0x00, 0x00, 0xf8, 0xff, 0x00, 0x00, 0xf8, 0xff, 0x00, 0x00, 0xf8, 0xff,
    0x00, 0x00, 0xf8, 0xff, 0x00, 0x00, 0xf8, 0xff, 0x00, 0x00, 0xf8, 0xff,
    0x00, 0x00, 0xf8, 0xff, 0x00, 0x00, 0xf8, 0xff, 0x00, 0x00, 0xf8, 0xff,
    0x00, 0x00, 0xf8, 0xff, 0x00, 0x00, 0xf8, 0xff, 0x00, 0x00, 0xf8, 0xff,
    0x00, 0x00, 0xf8, 0xff, 0x00, 0x00, 0xf8, 0xff, 0x00, 0x00, 0xf8, 0xff,
    0x00, 0x00, 0xf8, 0xff, 0x00, 0x00, 0xf8, 0xff, 0x00, 0x00, 0xf8, 0xff,
    0x00, 0x00, 0xf8, 0xff, 0x00, 0x00, 0xf8, 0xff, 0x00, 0x00, 0xf8, 0xff,
    0x00, 0x00, 0xf8, 0xff, 0x00, 0x00, 0xf8, 0xff, 0x00, 0x00, 0xf8, 0xff,
    0x00, 0x00, 0xf8, 0xff, 0x00, 0x00, 0xf8, 0xff, 0x00, 0x00, 0xf8, 0xff,
    0x00, 0x00, 0xf8, 0xff, 0x00, 0x00, 0xf8, 0xff, 0x00, 0x00, 0xf8, 0xff,
    0x00, 0x00, 0xf8, 0xff, 0x00, 0x00, 0xf8, 0xff, 0x00, 0x00, 0xf8, 0xff,
    0x00, 0x00, 0xf8, 0xff, 0x00, 0x00, 0xf8, 0xff, 0x00, 0x00, 0xf8, 0xff,
    0x00, 0x00, 0xf8, 0xff, 0x00, 0x00, 0xf8, 0xff, 0x00, 0x00, 0xf8, 0xff,
    0x00, 0x00, 0xf8, 0xff, 0x00, 0x00, 0xf8, 0xff, 0x00, 0x00, 0xf8, 0xff,
    0x00, 0x00, 0xf8, 0xff, 0x00, 0x00, 0xf8, 0xff, 0x00, 0x00, 0xf8, 0xff,
    0x00, 0x00, 0xf8, 0x86, 0xf8, 0xfc, 0xf8, 0x00, 0xf8, 0xfc, 0xf8, 0x00,
    0xf8, 0xfc, 0xf8, 0x00, 0xf8, 0xfc, 0xf8, 0x00, 0xf8, 0xfc, 0xf8, 0x00,
    0xf8, 0xfc, 0xf8, 0x00, 0xf8, 0xfc, 0xf8, 0x00, 0xf8, 0xfc, 0xf8, 0x00,
    0xf8, 0xfc, 0xf8, 0x00, 0xf8, 0xfc, 0xf8, 0x00, 0xf8, 0xfc, 0xf8, 0x00,
    0xf8, 0xfc, 0xf8, 0x00, 0xf8, 0xfc, 0xf8, 0x00, 0xf8, 0xfc, 0xf8, 0x00,
    0xf8, 0xfc, 0xf8, 0x00, 0xf8, 0xfc, 0xf8, 0x00, 0xf8, 0xfc, 0xf8, 0x00,
    0xf8, 0xfc, 0xf8, 0x00, 0xf8, 0xfc, 0xf8, 0x00, 0xf8, 0xfc, 0xf8, 0x00,
    0xf8, 0xfc, 0xf8, 0x00, 0xf8, 0xfc, 0xf8, 0x00, 0xf8, 0xfc, 0xf8, 0x00,
    0xf8, 0xfc, 0xf8, 0x00, 0xf8, 0xfc, 0xf8, 0x00, 0xf8, 0xfc, 0xf8, 0x00,
    0xf8, 0xfc, 0xf8, 0x00, 0xf8, 0xfc, 0xf8, 0x00, 0xf8, 0xfc, 0xf8, 0x00,
    0xf8, 0xfc, 0xf8, 0x00, 0xf8, 0xfc, 0xf8, 0x00, 0xf8, 0xfc, 0xf8, 0x00,
    0xf8, 0xfc, 0xf8, 0x00, 0xf8, 0xfc, 0xf8, 0x00, 0xf8, 0xfc, 0xf8, 0x00,
    0xf8, 0xfc, 0xf8, 0x00, 0xf8, 0xfc, 0xf8, 0x00, 0xf8, 0xfc, 0xf8, 0x00,
    0xf8, 0xfc, 0xf8, 0x00, 0xf8, 0xfc, 0xf8, 0x00, 0xf8, 0xfc, 0xf8, 0x00,
    0xf8, 0xfc, 0xf8, 0x00, 0xf8, 0xfc, 0xf8, 0x00, 0xf8, 0xfc, 0xf8, 0x00,
    0xf8, 0xfc, 0xf8, 0x00, 0xf8, 0xfc, 0xf8, 0x00, 0xf8, 0xfc, 0xf8, 0x00,
    0xf8, 0xfc, 0xf8, 0x00, 0xf8, 0xfc, 0xf8, 0x00, 0xf8, 0xfc, 0xf8, 0x00,
    0xf8, 0xfc, 0xf8, 0x00, 0xf8, 0xfc, 0xf8, 0x00, 0xf8, 0xfc, 0xf8, 0x00,
    0xf8, 0xfc, 0xf8, 0x00, 0xf8, 0xfc, 0xf8, 0x00, 0xf8, 0xfc, 0xf8, 0x00,
    0xf8, 0xfc, 0xf8, 0x00, 0xf8, 0xfc, 0xf8, 0x00, 0xf8, 0xfc, 0xf8, 0x00,
    0xf8, 0xfc, 0xf8, 0x00, 0xf8, 0xfc, 0xf8, 0x00, 0xf8, 0xfc, 0xf8, 0x00,
    0xf8, 0xfc, 0xf8, 0x00, 0xf8, 0xfc, 0xf8, 0x00, 0xf8, 0xfc, 0xf8, 0x00,
    0xf8, 0xfc, 0xf8, 0x00, 0xf8, 0xfc, 0xf8, 0x00, 0xf8, 0xfc, 0xf8, 0x00,
    0xf8, 0xfc, 0xf8, 0x00, 0xf8, 0xfc, 0xf8, 0x00, 0x00, 0x00, 0xf8, 0x04,
    0x00, 0x00, 0xf8, 0xba, 0x00, 0x00, 0xf8, 0xfb, 0x00, 0x00, 0xf8, 0xff,
    0x00, 0x00, 0xf8, 0xff, 0x00, 0x00, 0xf8, 0xff, 0x00, 0x00, 0xf8, 0xff,
    0x00, 0x00, 0xf8, 0xff, 0x00, 0x00, 0xf8, 0xff, 0x00, 0x00, 0xf8, 0xff,
    0x00, 0x00, 0xf8, 0xff, 0x00, 0x00, 0xf8, 0xff, 0x00, 0x00, 0xf8, 0xff,
    0x00, 0x00, 0xf8, 0xff, 0x00, 0x00, 0xf8, 0xff, 0x00, 0x00, 0xf8, 0xff,
    0x00, 0x00, 0xf8, 0xff, 0x00, 0x00, 0xf8, 0xff, 0x00, 0x00, 0xf8, 0xff,
    0x00, 0x00, 0xf8, 0xff, 0x00, 0x00, 0xf8, 0xff, 0x00, 0x00, 0xf8, 0xff,
    0x00, 0x00, 0xf8, 0xff, 0x00, 0x00, 0xf8, 0xff, 0x00, 0x00, 0xf8, 0xff,
    0x00, 0x00, 0xf8, 0xff, 0x00, 0x00, 0xf8, 0xff, 0x00, 0x00, 0xf8, 0xff,
    0x00, 0x00, 0xf8, 0xff, 0x00, 0x00, 0xf8, 0xff, 0x00, 0x00, 0xf8, 0xff,
    0x00, 0x00, 0xf8, 0xff, 0x00, 0x00, 0xf8, 0xff, 0x00, 0x00, 0xf8, 0xff,
    0x00, 0x00, 0xf8, 0xff, 0x00, 0x00, 0xf8, 0xff, 0x00, 0x00, 0xf8, 0xff,
    0x00, 0x00, 0xf8, 0xff, 0x00, 0x00, 0xf8, 0xff, 0x00, 0x00, 0xf8, 0xff,
    0x00, 0x00, 0xf8, 0xff, 0x00, 0x00, 0xf8, 0xff, 0x00, 0x00, 0xf8, 0xff,
    0x00, 0x00, 0xf8, 0xff, 0x00, 0x00, 0xf8, 0xff, 0x00, 0x00, 0xf8, 0xff,
    0x00, 0x00, 0xf8, 0xff, 0x00, 0x00, 0xf8, 0xff, 0x00, 0x00, 0xf8, 0xff,
    0x00, 0x00, 0xf8, 0xff, 0x00, 0x00, 0xf8, 0xff, 0x00, 0x00, 0xf8, 0xff,
    0x00, 0x00, 0xf8, 0xff, 0x00, 0x00, 0xf8, 0xff, 0x00, 0x00, 0xf8, 0xff,
    0x00, 0x00, 0xf8, 0xff, 0x00, 0x00, 0xf8, 0xff, 0x00, 0x00, 0xf8, 0xff,
    0x00, 0x00, 0xf8, 0xff, 0x00, 0x00, 0xf8, 0xff, 0x00, 0x00, 0xf8, 0xff,
    0x00, 0x00, 0xf8, 0xff, 0x00, 0x00, 0xf8, 0xff, 0x00, 0x00, 0xf8, 0xff,
    0x00, 0x00, 0xf8, 0xff, 0x00, 0x00, 0xf8, 0xff, 0x00, 0x00, 0xf8, 0xff,
    0x00, 0x00, 0xf8, 0xff, 0x00, 0x00, 0xf8, 0xff, 0x00, 0x00, 0xf8, 0xff,
    0x00, 0x00, 0xf8, 0xff, 0x00, 0x00, 0xf8, 0xff, 0x00, 0x00, 0xf8, 0xff,
    0x00, 0x00, 0xf8, 0xff, 0x00, 0x00, 0xf8, 0xff, 0x00, 0x00, 0xf8, 0xff,
    0x00, 0x00, 0xf8, 0xff, 0x00, 0x00, 0xf8, 0xff, 0x00, 0x00, 0xf8, 0xff,
    0x00, 0x00, 0xf8, 0xff, 0x00, 0x00, 0xf8, 0xff, 0x00, 0x00, 0xf8, 0xfb,
    0x00, 0x00, 0xf8, 0xba, 0x00, 0x00, 0xf8, 0x04, 0xf8, 0xfc, 0xf8, 0x00,
    0xf8, 0xfc, 0xf8, 0x00, 0xf8, 0xfc, 0xf8, 0x00, 0xf8, 0xfc, 0xf8, 0x00,
    0xf8, 0xfc, 0xf8, 0x00, 0xf8, 0xfc, 0xf8, 0x00, 0xf8, 0xfc, 0xf8, 0x00,
    0xf8, 0xfc, 0xf8, 0x00, 0xf8, 0xfc, 0xf8, 0x00, 0xf8, 0xfc, 0xf8, 0x00,
    0xf8, 0xfc, 0xf8, 0x00, 0xf8, 0xfc, 0xf8, 0x00, 0xf8, 0xfc, 0xf8, 0x00,
    0xf8, 0xfc, 0xf8, 0x00, 0xf8, 0xfc, 0xf8, 0x00, 0xf8, 0xfc, 0xf8, 0x00,
    0xf8, 0xfc, 0xf8, 0x00, 0xf8, 0xfc, 0xf8, 0x00, 0xf8, 0xfc, 0xf8, 0x00,
    0xf8, 0xfc, 0xf8, 0x00, 0xf8, 0xfc, 0xf8, 0x00, 0xf8, 0xfc, 0xf8, 0x00,
    0xf8, 0xfc, 0xf8, 0x00, 0xf8, 0xfc, 0xf8, 0x00, 0xf8, 0xfc, 0xf8, 0x00,
    0xf8, 0xfc, 0xf8, 0x00, 0xf8, 0xfc, 0xf8, 0x00, 0xf8, 0xfc, 0xf8, 0x00,
    0xf8, 0xfc, 0xf8, 0x00, 0xf8, 0xfc, 0xf8, 0x00, 0xf8, 0xfc, 0xf8, 0x00,
    0xf8, 0xfc, 0xf8, 0x00, 0xf8, 0xfc, 0xf8, 0x00, 0xf8, 0xfc, 0xf8, 0x00,
    0xf8, 0xfc, 0xf8, 0x00, 0xf8, 0xfc, 0xf8, 0x00, 0xf8, 0xfc, 0xf8, 0x00,
    0xf8, 0xfc, 0xf8, 0x00, 0xf8, 0xfc, 0xf8, 0x00, 0xf8, 0xfc, 0xf8, 0x00,
    0xf8, 0xfc, 0xf8, 0x00, 0xf8, 0xfc, 0xf8, 0x00, 0xf8, 0xfc, 0xf8, 0x00,
    0xf8, 0xfc, 0xf8, 0x00, 0xf8, 0xfc, 0xf8, 0x00, 0xf8, 0xfc, 0xf8, 0x00,
    0xf8, 0xfc, 0xf8, 0x00, 0xf8, 0xfc, 0xf8, 0x00, 0xf8, 0xfc, 0xf8, 0x00,
    0xf8, 0xfc, 0xf8, 0x00, 0xf8, 0xfc, 0xf8, 0x00, 0xf8, 0xfc, 0xf8, 0x00,
    0xf8, 0xfc, 0xf8, 0x00, 0xf8, 0xfc, 0xf8, 0x00, 0xf8, 0xfc, 0xf8, 0x00,
    0xf8, 0xfc, 0xf8, 0x00, 0xf8, 0xfc, 0xf8, 0x00, 0xf8, 0xfc, 0xf8, 0x00,
    0xf8, 0xfc, 0xf8, 0x00, 0xf8, 0xfc, 0xf8, 0x00, 0xf8, 0xfc, 0xf8, 0x00,
    0xf8, 0xfc, 0xf8, 0x00, 0xf8, 0xfc, 0xf8, 0x00, 0xf8, 0xfc, 0xf8, 0x00,
    0xf8, 0xfc, 0xf8, 0x00, 0xf8, 0xfc, 0xf8, 0x00, 0xf8, 0xfc, 0xf8, 0x00,
    0xf8, 0xfc, 0xf8, 0x00, 0xf8, 0xfc, 0xf8, 0x00, 0xf8, 0xfc, 0xf8, 0x00,
    0xf8, 0xfc, 0xf8, 0x00, 0x00, 0x00, 0xf8, 0x10, 0x00, 0x00, 0xf8, 0xdf,
    0x00, 0x00, 0xf8, 0xfb, 0x00, 0x00, 0xf8, 0xff, 0x00, 0x00, 0xf8, 0xff,
    0x00, 0x00, 0xf8, 0xff, 0x00, 0x00, 0xf8, 0xff, 0x00, 0x00, 0xf8, 0xff,
    0x00, 0x00, 0xf8, 0xff, 0x00, 0x00, 0xf8, 0xff, 0x00, 0x00, 0xf8, 0xff,
    0x00, 0x00, 0xf8, 0xff, 0x00, 0x00, 0xf8, 0xff, 0x00, 0x00, 0xf8, 0xff,
    0x00, 0x00, 0xf8, 0xff, 0x00, 0x00, 0xf8, 0xff, 0x00, 0x00, 0xf8, 0xff,
    0x00, 0x00, 0xf8, 0xff, 0x00, 0x00, 0xf8, 0xff, 0x00, 0x00, 0xf8, 0xff,
    0x00, 0x00, 0xf8, 0xff, 0x00, 0x00, 0xf8, 0xff, 0x00, 0x00, 0xf8, 0xff,
    0x00, 0x00, 0xf8, 0xff, 0x00, 0x00, 0xf8, 0xff, 0x00, 0x00, 0xf8, 0xff,
    0x00, 0x00, 0xf8, 0xff, 0x00, 0x00, 0xf8, 0xff, 0x00, 0x00, 0xf8, 0xff,
    0x00, 0x00, 0xf8, 0xff, 0x00, 0x00, 0xf8, 0xff, 0x00, 0x00, 0xf8, 0xff,
    0x00, 0x00, 0xf8, 0xff, 0x00, 0x00, 0xf8, 0xff, 0x00, 0x00, 0xf8, 0xff,
    0x00, 0x00, 0xf8, 0xff, 0x00, 0x00, 0xf8, 0xff, 0x00, 0x00, 0xf8, 0xff,
    0x00, 0x00, 0xf8, 0xff, 0x00, 0x00, 0xf8, 0xff, 0x00, 0x00, 0xf8, 0xff,
    0x00, 0x00, 0xf8, 0xff, 0x00, 0x00, 0xf8, 0xff, 0x00, 0x00, 0xf8, 0xff,
    0x00, 0x00, 0xf8, 0xff, 0x00, 0x00, 0xf8, 0xff, 0x00, 0x00, 0xf8, 0xff,
    0x00, 0x00, 0xf8, 0xff, 0x00, 0x00, 0xf8, 0xff, 0x00, 0x00, 0xf8, 0xff,
    0x00, 0x00, 0xf8, 0xff, 0x00, 0x00, 0xf8, 0xff, 0x00, 0x00, 0xf8, 0xff,
    0x00, 0x00, 0xf8, 0xff, 0x00, 0x00, 0xf8, 0xff, 0x00, 0x00, 0xf8, 0xff,
    0x00, 0x00, 0xf8, 0xff, 0x00, 0x00, 0xf8, 0xff, 0x00, 0x00, 0xf8, 0xff,
    0x00, 0x00, 0xf8, 0xff, 0x00, 0x00, 0xf8, 0xff, 0x00, 0x00, 0xf8, 0xff,
    0x00, 0x00, 0xf8, 0xff, 0x00, 0x00, 0xf8, 0xff, 0x00, 0x00, 0xf8, 0xff,
    0x00, 0x00, 0xf8, 0xff, 0x00, 0x00, 0xf8, 0xff, 0x00, 0x00, 0xf8, 0xff,
    0x00, 0x00, 0xf8, 0xff, 0x00, 0x00, 0xf8, 0xff, 0x00, 0x00, 0xf8, 0xff,
    0x00, 0x00, 0xf8, 0xff, 0x00, 0x00, 0xf8, 0xff, 0x00, 0x00, 0xf8, 0xff,
    0x00, 0x00, 0xf8, 0xff, 0x00, 0x00, 0xf8, 0xff, 0x00, 0x00, 0xf8, 0xff,
    0x00, 0x00, 0xf8, 0xff, 0x00, 0x00, 0xf8, 0xff, 0x00, 0x00, 0xf8, 0xfb,
    0x00, 0x00, 0xf8, 0xdf, 0x00, 0x00, 0xf8, 0x10, 0xf8, 0xfc, 0xf8, 0x00,
    0xf8, 0xfc, 0xf8, 0x00, 0xf8, 0xfc, 0xf8, 0x00, 0xf8, 0xfc, 0xf8, 0x00,
    0xf8, 0xfc, 0xf8, 0x00, 0xf8, 0xfc, 0xf8, 0x00, 0xf8, 0xfc, 0xf8, 0x00,
    0xf8, 0xfc, 0xf8, 0x00, 0xf8, 0xfc, 0xf8, 0x00, 0xf8, 0xfc, 0xf8, 0x00,
    0xf8, 0xfc, 0xf8, 0x00, 0xf8, 0xfc, 0xf8, 0x00, 0xf8, 0xfc, 0xf8, 0x00,
    0xf8, 0xfc, 0xf8, 0x00, 0xf8, 0xfc, 0xf8, 0x00, 0xf8, 0xfc, 0xf8, 0x00,
    0xf8, 0xfc, 0xf8, 0x00, 0xf8, 0xfc, 0xf8, 0x00, 0xf8, 0xfc, 0xf8, 0x00,
    0xf8, 0xfc, 0xf8, 0x00, 0xf8, 0xfc, 0xf8, 0x00, 0xf8, 0xfc, 0xf8, 0x00,
    0xf8, 0xfc, 0xf8, 0x00, 0xf8, 0xfc, 0xf8, 0x00, 0xf8, 0xfc, 0xf8, 0x00,
    0xf8, 0xfc, 0xf8, 0x00, 0xf8, 0xfc, 0xf8, 0x00, 0xf8, 0xfc, 0xf8, 0x00,
    0xf8, 0xfc, 0xf8, 0x00, 0xf8, 0xfc, 0xf8, 0x00, 0xf8, 0xfc, 0xf8, 0x00,
    0xf8, 0xfc, 0xf8, 0x00, 0xf8, 0xfc, 0xf8, 0x00, 0xf8, 0xfc, 0xf8, 0x00,
    0xf8, 0xfc, 0xf8, 0x00, 0xf8, 0xfc, 0xf8, 0x00, 0xf8, 0xfc, 0xf8, 0x00,
    0xf8, 0xfc, 0xf8, 0x00, 0xf8, 0xfc, 0xf8, 0x00, 0xf8, 0xfc, 0xf8, 0x00,
    0xf8, 0xfc, 0xf8, 0x00, 0xf8, 0xfc, 0xf8, 0x00, 0xf8, 0xfc, 0xf8, 0x00,
    0xf8, 0xfc, 0xf8, 0x00, 0xf8, 0xfc, 0xf8, 0x00, 0xf8, 0xfc, 0xf8, 0x00,
    0xf8, 0xfc, 0xf8, 0x00, 0xf8, 0xfc, 0xf8, 0x00, 0xf8, 0xfc, 0xf8, 0x00,
    0xf8, 0xfc, 0xf8, 0x00, 0xf8, 0xfc, 0xf8, 0x00, 0xf8, 0xfc, 0xf8, 0x00,
    0xf8, 0xfc, 0xf8, 0x00, 0xf8, 0xfc, 0xf8, 0x00, 0xf8, 0xfc, 0xf8, 0x00,
    0xf8, 0xfc, 0xf8, 0x00, 0xf8, 0xfc, 0xf8, 0x00, 0xf8, 0xfc, 0xf8, 0x00,
    0xf8, 0xfc, 0xf8, 0x00, 0xf8, 0xfc, 0xf8, 0x00, 0xf8, 0xfc, 0xf8, 0x00,
    0xf8, 0xfc, 0xf8, 0x00, 0xf8, 0xfc, 0xf8, 0x00, 0xf8, 0xfc, 0xf8, 0x00,
    0xf8, 0xfc, 0xf8, 0x00, 0xf8, 0xfc, 0xf8, 0x00, 0xf8, 0xfc, 0xf8, 0x00,
    0xf8, 0xfc, 0xf8, 0x00, 0xf8, 0xfc, 0xf8, 0x00, 0xf8, 0xfc, 0xf8, 0x00,
    0xf8, 0xfc, 0xf8, 0x00, 0xf8, 0xfc, 0xf8, 0x00, 0xf8, 0xfc, 0xf8, 0x00,
    0x00, 0x00, 0xf8, 0x28, 0x00, 0x00, 0xf8, 0xf3, 0x00, 0x00, 0xf8, 0xff,
    0x00, 0x00, 0xf8, 0xff, 0x00, 0x00, 0xf8, 0xff, 0x00, 0x00, 0xf8, 0xff,
    0x00, 0x00, 0xf8, 0xff, 0x00, 0x00, 0xf8, 0xff, 0x00, 0x00, 0xf8, 0xff,
    0x00, 0x00, 0xf8, 0xff, 0x00, 0x00, 0xf8, 0xff, 0x00, 0x00, 0xf8, 0xff,
    0x00, 0x00, 0xf8, 0xff, 0x00, 0x00, 0xf8, 0xff, 0x00, 0x00, 0xf8, 0xff,
    0x00, 0x00, 0xf8, 0xff, 0x00, 0x00, 0xf8, 0xff, 0x00, 0x00, 0xf8, 0xff,
    0x00, 0x00, 0xf8, 0xff, 0x00, 0x00, 0xf8, 0xff, 0x00, 0x00, 0xf8, 0xff,
    0x00, 0x00, 0xf8, 0xff, 0x00, 0x00, 0xf8, 0xff, 0x00, 0x00, 0xf8, 0xff,
    0x00, 0x00, 0xf8, 0xff, 0x00, 0x00, 0xf8, 0xff, 0x00, 0x00, 0xf8, 0xff,
    0x00, 0x00, 0xf8, 0xff, 0x00, 0x00, 0xf8, 0xff, 0x00, 0x00, 0xf8, 0xff,
    0x00, 0x00, 0xf8, 0xff, 0x00, 0x00, 0xf8, 0xff, 0x00, 0x00, 0xf8, 0xff,
    0x00, 0x00, 0xf8, 0xff, 0x00, 0x00, 0xf8, 0xff, 0x00, 0x00, 0xf8, 0xff,
    0x00, 0x00, 0xf8, 0xff, 0x00, 0x00, 0xf8, 0xff, 0x00, 0x00, 0xf8, 0xff,
    0x00, 0x00, 0xf8, 0xff, 0x00, 0x00, 0xf8, 0xff, 0x00, 0x00, 0xf8, 0xff,
    0x00, 0x00, 0xf8, 0xff, 0x00, 0x00, 0xf8, 0xff, 0x00, 0x00, 0xf8, 0xff,
    0x00, 0x00, 0xf8, 0xff, 0x00, 0x00, 0xf8, 0xff, 0x00, 0x00, 0xf8, 0xff,
    0x00, 0x00, 0xf8, 0xff, 0x00, 0x00, 0xf8, 0xff, 0x00, 0x00, 0xf8, 0xff,
    0x00, 0x00, 0xf8, 0xff, 0x00, 0x00, 0xf8, 0xff, 0x00, 0x00, 0xf8, 0xff,
    0x00, 0x00, 0xf8, 0xff, 0x00, 0x00, 0xf8, 0xff, 0x00, 0x00, 0xf8, 0xff,
    0x00, 0x00, 0xf8, 0xff, 0x00, 0x00, 0xf8, 0xff, 0x00, 0x00, 0xf8, 0xff,
    0x00, 0x00, 0xf8, 0xff, 0x00, 0x00, 0xf8, 0xff, 0x00, 0x00, 0xf8, 0xff,
    0x00, 0x00, 0xf8, 0xff, 0x00, 0x00, 0xf8, 0xff, 0x00, 0x00, 0xf8, 0xff,
    0x00, 0x00, 0xf8, 0xff, 0x00, 0x00, 0xf8, 0xff, 0x00, 0x00, 0xf8, 0xff,
    0x00, 0x00, 0xf8, 0xff, 0x00, 0x00, 0xf8, 0xff, 0x00, 0x00, 0xf8, 0xff,
    0x00, 0x00, 0xf8, 0xff, 0x00, 0x00, 0xf8, 0xff, 0x00, 0x00, 0xf8, 0xff,
    0x00, 0x00, 0xf8, 0xff, 0x00, 0x00, 0xf8, 0xff, 0x00, 0x00, 0xf8, 0xfb,
    0x00, 0x00, 0xf8, 0xf3, 0x00, 0x00, 0xf8, 0x28, 0xf8, 0xfc, 0xf8, 0x00,
    0xf8, 0xfc, 0xf8, 0x00, 0xf8, 0xfc, 0xf8, 0x00, 0xf8, 0xfc, 0xf8, 0x00,
    0xf8, 0xfc, 0xf8, 0x00, 0xf8, 0xfc, 0xf8, 0x00, 0xf8, 0xfc, 0xf8, 0x00,
    0xf8, 0xfc, 0xf8, 0x00, 0xf8, 0xfc, 0xf8, 0x00, 0xf8, 0xfc, 0xf8, 0x00,
    0xf8, 0xfc, 0xf8, 0x00, 0xf8, 0xfc, 0xf8, 0x00, 0xf8, 0xfc, 0xf8, 0x00,
    0xf8, 0xfc, 0xf8, 0x00, 0xf8, 0xfc, 0xf8, 0x00, 0xf8, 0xfc, 0xf8, 0x00,
    0xf8, 0xfc, 0xf8, 0x00, 0xf8, 0xfc, 0xf8, 0x00, 0xf8, 0xfc, 0xf8, 0x00,
    0xf8, 0xfc, 0xf8, 0x00, 0xf8, 0xfc, 0xf8, 0x00, 0xf8, 0xfc, 0xf8, 0x00,
    0xf8, 0xfc, 0xf8, 0x00, 0xf8, 0xfc, 0xf8, 0x00, 0xf8, 0xfc, 0xf8, 0x00,
    0xf8, 0xfc, 0xf8, 0x00, 0xf8, 0xfc, 0xf8, 0x00, 0xf8, 0xfc, 0xf8, 0x00,
    0xf8, 0xfc, 0xf8, 0x00, 0xf8, 0xfc, 0xf8, 0x00, 0xf8, 0xfc, 0xf8, 0x00,
    0xf8, 0xfc, 0xf8, 0x00, 0xf8, 0xfc, 0xf8, 0x00, 0xf8, 0xfc, 0xf8, 0x00,
    0xf8, 0xfc, 0xf8, 0x00, 0xf8, 0xfc, 0xf8, 0x00, 0xf8, 0xfc, 0xf8, 0x00,
    0xf8, 0xfc, 0xf8, 0x00, 0xf8, 0xfc, 0xf8, 0x00, 0xf8, 0xfc, 0xf8, 0x00,
    0xf8, 0xfc, 0xf8, 0x00, 0xf8, 0xfc, 0xf8, 0x00, 0xf8, 0xfc, 0xf8, 0x00,
    0xf8, 0xfc, 0xf8, 0x00, 0xf8, 0xfc, 0xf8, 0x00, 0xf8, 0xfc, 0xf8, 0x00,
    0xf8, 0xfc, 0xf8, 0x00, 0xf8, 0xfc, 0xf8, 0x00, 0xf8, 0xfc, 0xf8, 0x00,
    0xf8, 0xfc, 0xf8, 0x00, 0xf8, 0xfc, 0xf8, 0x00, 0xf8, 0xfc, 0xf8, 0x00,
    0xf8, 0xfc, 0xf8, 0x00, 0xf8, 0xfc, 0xf8, 0x00, 0xf8, 0xfc, 0xf8, 0x00,
    0xf8, 0xfc, 0xf8, 0x00, 0xf8, 0xfc, 0xf8, 0x00, 0xf8, 0xfc, 0xf8, 0x00,
    0xf8, 0xfc, 0xf8, 0x00, 0xf8, 0xfc, 0xf8, 0x00, 0xf8, 0xfc, 0xf8, 0x00,
    0xf8, 0xfc, 0xf8, 0x00, 0xf8, 0xfc, 0xf8, 0x00, 0xf8, 0xfc, 0xf8, 0x00,
    0xf8, 0xfc, 0xf8, 0x00, 0xf8, 0xfc, 0xf8, 0x00, 0xf8, 0xfc, 0xf8, 0x00,
    0xf8, 0xfc, 0xf8, 0x00, 0xf8, 0xfc, 0xf8, 0x00, 0xf8, 0xfc, 0xf8, 0x00,
    0xf8, 0xfc, 0xf8, 0x00, 0xf8, 0xfc, 0xf8, 0x00, 0xf8, 0xfc, 0xf8, 0x00,
    0xf8, 0xfc, 0xf8, 0x00, 0xf8, 0xfc, 0xf8, 0x00, 0x00, 0x00, 0xf8, 0x49,
    0x00, 0x00, 0xf8, 0xff, 0x00, 0x00, 0xf8, 0xff, 0x00, 0x00, 0xf8, 0xff,
    0x00, 0x00, 0xf8, 0xff, 0x00, 0x00, 0xf8, 0xff, 0x00, 0x00, 0xf8, 0xff,
    0x00, 0x00, 0xf8, 0xff, 0x00, 0x00, 0xf8, 0xff, 0x00, 0x00, 0xf8, 0xff,
    0x00, 0x00, 0xf8, 0xff, 0x00, 0x00, 0xf8, 0xff, 0x00, 0x00, 0xf8, 0xff,
    0x00, 0x00, 0xf8, 0xff, 0x00, 0x00, 0xf8, 0xff, 0x00, 0x00, 0xf8, 0xff,
    0x00, 0x00, 0xf8, 0xff, 0x00, 0x00, 0xf8, 0xff, 0x00, 0x00, 0xf8, 0xff,
    0x00, 0x00, 0xf8, 0xff, 0x00, 0x00, 0xf8, 0xff, 0x00, 0x00, 0xf8, 0xff,
    0x00, 0x00, 0xf8, 0xff, 0x00, 0x00, 0xf8, 0xff, 0x00, 0x00, 0xf8, 0xff,
    0x00, 0x00, 0xf8, 0xff, 0x00, 0x00, 0xf8, 0xff, 0x00, 0x00, 0xf8, 0xff,
    0x00, 0x00, 0xf8, 0xff, 0x00, 0x00, 0xf8, 0xff, 0x00, 0x00, 0xf8, 0xff,
    0x00, 0x00, 0xf8, 0xff, 0x00, 0x00, 0xf8, 0xff, 0x00, 0x00, 0xf8, 0xff,
    0x00, 0x00, 0xf8, 0xff, 0x00, 0x00, 0xf8, 0xff, 0x00, 0x00, 0xf8, 0xff,
    0x00, 0x00, 0xf8, 0xff, 0x00, 0x00, 0xf8, 0xff, 0x00, 0x00, 0xf8, 0xff,
    0x00, 0x00, 0xf8, 0xff, 0x00, 0x00, 0xf8, 0xff, 0x00, 0x00, 0xf8, 0xff,
    0x00, 0x00, 0xf8, 0xff, 0x00, 0x00, 0xf8, 0xff, 0x00, 0x00, 0xf8, 0xff,
    0x00, 0x00, 0xf8, 0xff, 0x00, 0x00, 0xf8, 0xff, 0x00, 0x00, 0xf8, 0xff,
    0x00, 0x00, 0xf8, 0xff, 0x00, 0x00, 0xf8, 0xff, 0x00, 0x00, 0xf8, 0xff,
    0x00, 0x00, 0xf8, 0xff, 0x00, 0x00, 0xf8, 0xff, 0x00, 0x00, 0xf8, 0xff,
    0x00, 0x00, 0xf8, 0xff, 0x00, 0x00, 0xf8, 0xff, 0x00, 0x00, 0xf8, 0xff,
    0x00, 0x00, 0xf8, 0xff, 0x00, 0x00, 0xf8, 0xff, 0x00, 0x00, 0xf8, 0xff,
    0x00, 0x00, 0xf8, 0xff, 0x00, 0x00, 0xf8, 0xff, 0x00, 0x00, 0xf8, 0xff,
    0x00, 0x00, 0xf8, 0xff, 0x00, 0x00, 0xf8, 0xff, 0x00, 0x00, 0xf8, 0xff,
    0x00, 0x00, 0xf8, 0xff, 0x00, 0x00, 0xf8, 0xff, 0x00, 0x00, 0xf8, 0xff,
    0x00, 0x00, 0xf8, 0xff, 0x00, 0x00, 0xf8, 0xff, 0x00, 0x00, 0xf8, 0xff,
    0x00, 0x00, 0xf8, 0xff, 0x00, 0x00, 0xf8, 0xff, 0x00, 0x00, 0xf8, 0xff,
    0x00, 0x00, 0xf8, 0xfb, 0x00, 0x00, 0xf8, 0x49, 0xf8, 0xfc, 0xf8, 0x00,
    0xf8, 0xfc, 0xf8, 0x00, 0xf8, 0xfc, 0xf8, 0x00, 0xf8, 0xfc, 0xf8, 0x00,
    0xf8, 0xfc, 0xf8, 0x00, 0xf8, 0xfc, 0xf8, 0x00, 0xf8, 0xfc, 0xf8, 0x00,
    0xf8, 0xfc, 0xf8, 0x00, 0xf8, 0xfc, 0xf8, 0x00, 0xf8, 0xfc, 0xf8, 0x00,
    0xf8, 0xfc, 0xf8, 0x00, 0xf8, 0xfc, 0xf8, 0x00, 0xf8, 0xfc, 0xf8, 0x00,
    0xf8, 0xfc, 0xf8, 0x00, 0xf8, 0xfc, 0xf8, 0x00, 0xf8, 0xfc, 0xf8, 0x00,
    0xf8, 0xfc, 0xf8, 0x00, 0xf8, 0xfc, 0xf8, 0x00, 0xf8, 0xfc, 0xf8, 0x00,
    0xf8, 0xfc, 0xf8, 0x00, 0xf8, 0xfc, 0xf8, 0x00, 0xf8, 0xfc, 0xf8, 0x00,
    0xf8, 0xfc, 0xf8, 0x00, 0xf8, 0xfc, 0xf8, 0x00, 0xf8, 0xfc, 0xf8, 0x00,
    0xf8, 0xfc, 0xf8, 0x00, 0xf8, 0xfc, 0xf8, 0x00, 0xf8, 0xfc, 0xf8, 0x00,
    0xf8, 0xfc, 0xf8, 0x00, 0xf8, 0xfc, 0xf8, 0x00, 0xf8, 0xfc, 0xf8, 0x00,
    0xf8, 0xfc, 0xf8, 0x00, 0xf8, 0xfc, 0xf8, 0x00, 0xf8, 0xfc, 0xf8, 0x00,
    0xf8, 0xfc, 0xf8, 0x00, 0xf8, 0xfc, 0xf8, 0x00, 0xf8, 0xfc, 0xf8, 0x00,
    0xf8, 0xfc, 0xf8, 0x00, 0xf8, 0xfc, 0xf8, 0x00, 0xf8, 0xfc, 0xf8, 0x00,
    0xf8, 0xfc, 0xf8, 0x00, 0xf8, 0xfc, 0xf8, 0x00, 0xf8, 0xfc, 0xf8, 0x00,
    0xf8, 0xfc, 0xf8, 0x00, 0xf8, 0xfc, 0xf8, 0x00, 0xf8, 0xfc, 0xf8, 0x00,
    0xf8, 0xfc, 0xf8, 0x00, 0xf8, 0xfc, 0xf8, 0x00, 0xf8, 0xfc, 0xf8, 0x00,
    0xf8, 0xfc, 0xf8, 0x00, 0xf8, 0xfc, 0xf8, 0x00, 0xf8, 0xfc, 0xf8, 0x00,
    0xf8, 0xfc, 0xf8, 0x00, 0xf8, 0xfc, 0xf8, 0x00, 0xf8, 0xfc, 0xf8, 0x00,
    0xf8, 0xfc, 0xf8, 0x00, 0xf8, 0xfc, 0xf8, 0x00, 0xf8, 0xfc, 0xf8, 0x00,
    0xf8, 0xfc, 0xf8, 0x00, 0xf8, 0xfc, 0xf8, 0x00, 0xf8, 0xfc, 0xf8, 0x00,
    0xf8, 0xfc, 0xf8, 0x00, 0xf8, 0xfc, 0xf8, 0x00, 0xf8, 0xfc, 0xf8, 0x00,
    0xf8, 0xfc, 0xf8, 0x00, 0xf8, 0xfc, 0xf8, 0x00, 0xf8, 0xfc, 0xf8, 0x00,
    0xf8, 0xfc, 0xf8, 0x00, 0xf8, 0xfc, 0xf8, 0x00, 0xf8, 0xfc, 0xf8, 0x00,
    0xf8, 0xfc, 0xf8, 0x00, 0xf8, 0xfc, 0xf8, 0x00, 0xf8, 0xfc, 0xf8, 0x00,
    0xf8, 0xfc, 0xf8, 0x00, 0xf8, 0xfc, 0xf8, 0x00, 0xf8, 0xfc, 0xf8, 0x00,
    0xf8, 0xfc, 0xf8, 0x00, 0x00, 0x00, 0xf8, 0x55, 0x00, 0x00, 0xf8, 0xff,
    0x00, 0x00, 0xf8, 0xff, 0x00, 0x00, 0xf8, 0xff, 0x00, 0x00, 0xf8, 0xff,
    0x00, 0x00, 0xf8, 0xff, 0x00, 0x00, 0xf8, 0xff, 0x00, 0x00, 0xf8, 0xff,
    0x00, 0x00, 0xf8, 0xff, 0x00, 0x00, 0xf8, 0xff, 0x00, 0x00, 0xf8, 0xff,
    0x00, 0x00, 0xf8, 0xff, 0x00, 0x00, 0xf8, 0xff, 0x00, 0x00, 0xf8, 0xff,
    0x00, 0x00, 0xf8, 0xff, 0x00, 0x00, 0xf8, 0xff, 0x00, 0x00, 0xf8, 0xff,
    0x00, 0x00, 0xf8, 0xff, 0x00, 0x00, 0xf8, 0xff, 0x00, 0x00, 0xf8, 0xff,
    0x00, 0x00, 0xf8, 0xff, 0x00, 0x00, 0xf8, 0xff, 0x00, 0x00, 0xf8, 0xff,
    0x00, 0x00, 0xf8, 0xff, 0x00, 0x00, 0xf8, 0xff, 0x00, 0x00, 0xf8, 0xff,
    0x00, 0x00, 0xf8, 0xff, 0x00, 0x00, 0xf8, 0xff, 0x00, 0x00, 0xf8, 0xff,
    0x00, 0x00, 0xf8, 0xff, 0x00, 0x00, 0xf8, 0xff, 0x00, 0x00, 0xf8, 0xff,
    0x00, 0x00, 0xf8, 0xff, 0x00, 0x00, 0xf8, 0xff, 0x00, 0x00, 0xf8, 0xff,
    0x00, 0x00, 0xf8, 0xff, 0x00, 0x00, 0xf8, 0xff, 0x00, 0x00, 0xf8, 0xff,
    0x00, 0x00, 0xf8, 0xff, 0x00, 0x00, 0xf8, 0xff, 0x00, 0x00, 0xf8, 0xff,
    0x00, 0x00, 0xf8, 0xff, 0x00, 0x00, 0xf8, 0xff, 0x00, 0x00, 0xf8, 0xff,
    0x00, 0x00, 0xf8, 0xff, 0x00, 0x00, 0xf8, 0xff, 0x00, 0x00, 0xf8, 0xff,
    0x00, 0x00, 0xf8, 0xff, 0x00, 0x00, 0xf8, 0xff, 0x00, 0x00, 0xf8, 0xff,
    0x00, 0x00, 0xf8, 0xff, 0x00, 0x00, 0xf8, 0xff, 0x00, 0x00, 0xf8, 0xff,
    0x00, 0x00, 0xf8, 0xff, 0x00, 0x00, 0xf8, 0xff, 0x00, 0x00, 0xf8, 0xff,
    0x00, 0x00, 0xf8, 0xff, 0x00, 0x00, 0xf8, 0xff, 0x00, 0x00, 0xf8, 0xff,
    0x00, 0x00, 0xf8, 0xff, 0x00, 0x00, 0xf8, 0xff, 0x00, 0x00, 0xf8, 0xff,
    0x00, 0x00, 0xf8, 0xff, 0x00, 0x00, 0xf8, 0xff, 0x00, 0x00, 0xf8, 0xff,
    0x00, 0x00, 0xf8, 0xff, 0x00, 0x00, 0xf8, 0xff, 0x00, 0x00, 0xf8, 0xff,
    0x00, 0x00, 0xf8, 0xff, 0x00, 0x00, 0xf8, 0xff, 0x00, 0x00, 0xf8, 0xff,
    0x00, 0x00, 0xf8, 0xff, 0x00, 0x00, 0xf8, 0xff, 0x00, 0x00, 0xf8, 0xff,
    0x00, 0x00, 0xf8, 0xff, 0x00, 0x00, 0xf8, 0x55, 0xf8, 0xfc, 0xf8, 0x00,
    0xf8, 0xfc, 0xf8, 0x00, 0xf8, 0xfc, 0xf8, 0x00, 0xf8, 0xfc, 0xf8, 0x00,
    0xf8, 0xfc, 0xf8, 0x00, 0xf8, 0xfc, 0xf8, 0x00, 0xf8, 0xfc, 0xf8, 0x00,
    0xf8, 0xfc, 0xf8, 0x00, 0xf8, 0xfc, 0xf8, 0x00, 0xf8, 0xfc, 0xf8, 0x00,
    0xf8, 0xfc, 0xf8, 0x00, 0xf8, 0xfc, 0xf8, 0x00, 0xf8, 0xfc, 0xf8, 0x00,
    0xf8, 0xfc, 0xf8, 0x00, 0xf8, 0xfc, 0xf8, 0x00, 0xf8, 0xfc, 0xf8, 0x00,
    0xf8, 0xfc, 0xf8, 0x00, 0xf8, 0xfc, 0xf8, 0x00, 0xf8, 0xfc, 0xf8, 0x00,
    0xf8, 0xfc, 0xf8, 0x00, 0xf8, 0xfc, 0xf8, 0x00, 0xf8, 0xfc, 0xf8, 0x00,
    0xf8, 0xfc, 0xf8, 0x00, 0xf8, 0xfc, 0xf8, 0x00, 0xf8, 0xfc, 0xf8, 0x00,
    0xf8, 0xfc, 0xf8, 0x00, 0xf8, 0xfc, 0xf8, 0x00, 0xf8, 0xfc, 0xf8, 0x00,
    0xf8, 0xfc, 0xf8, 0x00, 0xf8, 0xfc, 0xf8, 0x00, 0xf8, 0xfc, 0xf8, 0x00,
    0xf8, 0xfc, 0xf8, 0x00, 0xf8, 0xfc, 0xf8, 0x00, 0xf8, 0xfc, 0xf8, 0x00,
    0xf8, 0xfc, 0xf8, 0x00, 0xf8, 0xfc, 0xf8, 0x00, 0xf8, 0xfc, 0xf8, 0x00,
    0xf8, 0xfc, 0xf8, 0x00, 0xf8, 0xfc, 0xf8, 0x00, 0xf8, 0xfc, 0xf8, 0x00,
    0xf8, 0xfc, 0xf8, 0x00, 0xf8, 0xfc, 0xf8, 0x00, 0xf8, 0xfc, 0xf8, 0x00,
    0xf8, 0xfc, 0xf8, 0x00, 0xf8, 0xfc, 0xf8, 0x00, 0xf8, 0xfc, 0xf8, 0x00,
    0xf8, 0xfc, 0xf8, 0x00, 0xf8, 0xfc, 0xf8, 0x00, 0xf8, 0xfc, 0xf8, 0x00,
    0xf8, 0xfc, 0xf8, 0x00, 0xf8, 0xfc, 0xf8, 0x00, 0xf8, 0xfc, 0xf8, 0x00,
    0xf8, 0xfc, 0xf8, 0x00, 0xf8, 0xfc, 0xf8, 0x00, 0xf8, 0xfc, 0xf8, 0x00,
    0xf8, 0xfc, 0xf8, 0x00, 0xf8, 0xfc, 0xf8, 0x00, 0xf8, 0xfc, 0xf8, 0x00,
    0xf8, 0xfc, 0xf8, 0x00, 0xf8, 0xfc, 0xf8, 0x00, 0xf8, 0xfc, 0xf8, 0x00,
    0xf8, 0xfc, 0xf8, 0x00, 0xf8, 0xfc, 0xf8, 0x00, 0xf8, 0xfc, 0xf8, 0x00,
    0xf8, 0xfc, 0xf8, 0x00, 0xf8, 0xfc, 0xf8, 0x00, 0xf8, 0xfc, 0xf8, 0x00,
    0xf8, 0xfc, 0xf8, 0x00, 0xf8, 0xfc, 0xf8, 0x00, 0xf8, 0xfc, 0xf8, 0x00,
    0xf8, 0xfc, 0xf8, 0x00, 0xf8, 0xfc, 0xf8, 0x00, 0xf8, 0xfc, 0xf8, 0x00,
    0xf8, 0xfc, 0xf8, 0x00, 0xf8, 0xfc, 0xf8, 0x00, 0xf8, 0xfc, 0xf8, 0x00,
    0xf8, 0xfc, 0xf8, 0x00, 0xf8, 0xfc, 0xf8, 0x00, 0xf8, 0xfc, 0xf8, 0x00,
    0x00, 0x00, 0xf8, 0x5d, 0x00, 0x00, 0xf8, 0xff, 0x00, 0x00, 0xf8, 0xff,
    0x00, 0x00, 0xf8, 0xff, 0x00, 0x00, 0xf8, 0xff, 0x00, 0x00, 0xf8, 0xff,
    0x00, 0x00, 0xf8, 0xff, 0x00, 0x00, 0xf8, 0xff, 0x00, 0x00, 0xf8, 0xff,
    0x00, 0x00, 0xf8, 0xff, 0x00, 0x00, 0xf8, 0xff, 0x00, 0x00, 0xf8, 0xff,
    0x00, 0x00, 0xf8, 0xff, 0x00, 0x00, 0xf8, 0xff, 0x00, 0x00, 0xf8, 0xff,
    0x00, 0x00, 0xf8, 0xff, 0x00, 0x00, 0xf8, 0xff, 0x00, 0x00, 0xf8, 0xff,
    0x00, 0x00, 0xf8, 0xff, 0x00, 0x00, 0xf8, 0xff, 0x00, 0x00, 0xf8, 0xff,
    0x00, 0x00, 0xf8, 0xff, 0x00, 0x00, 0xf8, 0xff, 0x00, 0x00, 0xf8, 0xff,
    0x00, 0x00, 0xf8, 0xff, 0x00, 0x00, 0xf8, 0xff, 0x00, 0x00, 0xf8, 0xff,
    0x00, 0x00, 0xf8, 0xff, 0x00, 0x00, 0xf8, 0xff, 0x00, 0x00, 0xf8, 0xff,
    0x00, 0x00, 0xf8, 0xff, 0x00, 0x00, 0xf8, 0xff, 0x00, 0x00, 0xf8, 0xff,
    0x00, 0x00, 0xf8, 0xff, 0x00, 0x00, 0xf8, 0xff, 0x00, 0x00, 0xf8, 0xff,
    0x00, 0x00, 0xf8, 0xff, 0x00, 0x00, 0xf8, 0xff, 0x00, 0x00, 0xf8, 0xff,
    0x00, 0x00, 0xf8, 0xff, 0x00, 0x00, 0xf8, 0xff, 0x00, 0x00, 0xf8, 0xff,
    0x00, 0x00, 0xf8, 0xff, 0x00, 0x00, 0xf8, 0xff, 0x00, 0x00, 0xf8, 0xff,
    0x00, 0x00, 0xf8, 0xff, 0x00, 0x00, 0xf8, 0xff, 0x00, 0x00, 0xf8, 0xff,
    0x00, 0x00, 0xf8, 0xff, 0x00, 0x00, 0xf8, 0xff, 0x00, 0x00, 0xf8, 0xff,
    0x00, 0x00, 0xf8, 0xff, 0x00, 0x00, 0xf8, 0xff, 0x00, 0x00, 0xf8, 0xff,
    0x00, 0x00, 0xf8, 0xff, 0x00, 0x00, 0xf8, 0xff, 0x00, 0x00, 0xf8, 0xff,
    0x00, 0x00, 0xf8, 0xff, 0x00, 0x00, 0xf8, 0xff, 0x00, 0x00, 0xf8, 0xff,
    0x00, 0x00, 0xf8, 0xff, 0x00, 0x00, 0xf8, 0xff, 0x00, 0x00, 0xf8, 0xff,
    0x00, 0x00, 0xf8, 0xff, 0x00, 0x00, 0xf8, 0xff, 0x00, 0x00, 0xf8, 0xff,
    0x00, 0x00, 0xf8, 0xff, 0x00, 0x00, 0xf8, 0xff, 0x00, 0x00, 0xf8, 0xff,
    0x00, 0x00, 0xf8, 0xff, 0x00, 0x00, 0xf8, 0xff, 0x00, 0x00, 0xf8, 0xff,
    0x00, 0x00, 0xf8, 0xff, 0x00, 0x00, 0xf8, 0x5d, 0xf8, 0xfc, 0xf8, 0x00,
    0xf8, 0xfc, 0xf8, 0x00, 0xf8, 0xfc, 0xf8, 0x00, 0xf8, 0xfc, 0xf8, 0x00,
    0xf8, 0xfc, 0xf8, 0x00, 0xf8, 0xfc, 0xf8, 0x00, 0xf8, 0xfc, 0xf8, 0x00,
    0xf8, 0xfc, 0xf8, 0x00, 0xf8, 0xfc, 0xf8, 0x00, 0xf8, 0xfc, 0xf8, 0x00,
    0xf8, 0xfc, 0xf8, 0x00, 0xf8, 0xfc, 0xf8, 0x00, 0xf8, 0xfc, 0xf8, 0x00,
    0xf8, 0xfc, 0xf8, 0x00, 0xf8, 0xfc, 0xf8, 0x00, 0xf8, 0xfc, 0xf8, 0x00,
    0xf8, 0xfc, 0xf8, 0x00, 0xf8, 0xfc, 0xf8, 0x00, 0xf8, 0xfc, 0xf8, 0x00,
    0xf8, 0xfc, 0xf8, 0x00, 0xf8, 0xfc, 0xf8, 0x00, 0xf8, 0xfc, 0xf8, 0x00,
    0xf8, 0xfc, 0xf8, 0x00, 0xf8, 0xfc, 0xf8, 0x00, 0xf8, 0xfc, 0xf8, 0x00,
    0xf8, 0xfc, 0xf8, 0x00, 0xf8, 0xfc, 0xf8, 0x00, 0xf8, 0xfc, 0xf8, 0x00,
    0xf8, 0xfc, 0xf8, 0x00, 0xf8, 0xfc, 0xf8, 0x00, 0xf8, 0xfc, 0xf8, 0x00,
    0xf8, 0xfc, 0xf8, 0x00, 0xf8, 0xfc, 0xf8, 0x00, 0xf8, 0xfc, 0xf8, 0x00,
    0xf8, 0xfc, 0xf8, 0x00, 0xf8, 0xfc, 0xf8, 0x00, 0xf8, 0xfc, 0xf8, 0x00,
    0xf8, 0xfc, 0xf8, 0x00, 0xf8, 0xfc, 0xf8, 0x00, 0xf8, 0xfc, 0xf8, 0x00,
    0xf8, 0xfc, 0xf8, 0x00, 0xf8, 0xfc, 0xf8, 0x00, 0xf8, 0xfc, 0xf8, 0x00,
    0xf8, 0xfc, 0xf8, 0x00, 0xf8, 0xfc, 0xf8, 0x00, 0xf8, 0xfc, 0xf8, 0x00,
    0xf8, 0xfc, 0xf8, 0x00, 0xf8, 0xfc, 0xf8, 0x00, 0xf8, 0xfc, 0xf8, 0x00,
    0xf8, 0xfc, 0xf8, 0x00, 0xf8, 0xfc, 0xf8, 0x00, 0xf8, 0xfc, 0xf8, 0x00,
    0xf8, 0xfc, 0xf8, 0x00, 0xf8, 0xfc, 0xf8, 0x00, 0xf8, 0xfc, 0xf8, 0x00,
    0xf8, 0xfc, 0xf8, 0x00, 0xf8, 0xfc, 0xf8, 0x00, 0xf8, 0xfc, 0xf8, 0x00,
    0xf8, 0xfc, 0xf8, 0x00, 0xf8, 0xfc, 0xf8, 0x00, 0xf8, 0xfc, 0xf8, 0x00,
    0xf8, 0xfc, 0xf8, 0x00, 0xf8, 0xfc, 0xf8, 0x00, 0xf8, 0xfc, 0xf8, 0x00,
    0xf8, 0xfc, 0xf8, 0x00, 0xf8, 0xfc, 0xf8, 0x00, 0xf8, 0xfc, 0xf8, 0x00,
    0xf8, 0xfc, 0xf8, 0x00, 0xf8, 0xfc, 0xf8, 0x00, 0xf8, 0xfc, 0xf8, 0x00,
    0xf8, 0xfc, 0xf8, 0x00, 0xf8, 0xfc, 0xf8, 0x00, 0xf8, 0xfc, 0xf8, 0x00,
    0xf8, 0xfc, 0xf8, 0x00, 0xf8, 0xfc, 0xf8, 0x00, 0xf8, 0xfc, 0xf8, 0x00,
    0xf8, 0xfc, 0xf8, 0x00, 0xf8, 0xfc, 0xf8, 0x00, 0xf8, 0xfc, 0xf8, 0x00,
    0xf8, 0xfc, 0xf8, 0x00, 0xf8, 0xfc, 0xf8, 0x00, 0x00, 0x00, 0xf8, 0x55,
    0x00, 0x00, 0xf8, 0xfb, 0x00, 0x00, 0xf8, 0xfb, 0x00, 0x00, 0xf8, 0xff,
    0x00, 0x00, 0xf8, 0xff, 0x00, 0x00, 0xf8, 0xff, 0x00, 0x00, 0xf8, 0xff,
    0x00, 0x00, 0xf8, 0xff, 0x00, 0x00, 0xf8, 0xff, 0x00, 0x00, 0xf8, 0xff,
    0x00, 0x00, 0xf8, 0xff, 0x00, 0x00, 0xf8, 0xff, 0x00, 0x00, 0xf8, 0xff,
    0x00, 0x00, 0xf8, 0xff, 0x00, 0x00, 0xf8, 0xff, 0x00, 0x00, 0xf8, 0xff,
    0x00, 0x00, 0xf8, 0xff, 0x00, 0x00, 0xf8, 0xff, 0x00, 0x00, 0xf8, 0xff,
    0x00, 0x00, 0xf8, 0xff, 0x00, 0x00, 0xf8, 0xff, 0x00, 0x00, 0xf8, 0xff,
    0x00, 0x00, 0xf8, 0xff, 0x00, 0x00, 0xf8, 0xff, 0x00, 0x00, 0xf8, 0xff,
    0x00, 0x00, 0xf8, 0xff, 0x00, 0x00, 0xf8, 0xff, 0x00, 0x00, 0xf8, 0xff,
    0x00, 0x00, 0xf8, 0xff, 0x00, 0x00, 0xf8, 0xff, 0x00, 0x00, 0xf8, 0xff,
    0x00, 0x00, 0xf8, 0xff, 0x00, 0x00, 0xf8, 0xff, 0x00, 0x00, 0xf8, 0xff,
    0x00, 0x00, 0xf8, 0xff, 0x00, 0x00, 0xf8, 0xff, 0x00, 0x00, 0xf8, 0xff,
    0x00, 0x00, 0xf8, 0xff, 0x00, 0x00, 0xf8, 0xff, 0x00, 0x00, 0xf8, 0xff,
    0x00, 0x00, 0xf8, 0xff, 0x00, 0x00, 0xf8, 0xff, 0x00, 0x00, 0xf8, 0xff,
    0x00, 0x00, 0xf8, 0xff, 0x00, 0x00, 0xf8, 0xff, 0x00, 0x00, 0xf8, 0xff,
    0x00, 0x00, 0xf8, 0xff, 0x00, 0x00, 0xf8, 0xff, 0x00, 0x00, 0xf8, 0xff,
    0x00, 0x00, 0xf8, 0xff, 0x00, 0x00, 0xf8, 0xff, 0x00, 0x00, 0xf8, 0xff,
    0x00, 0x00, 0xf8, 0xff, 0x00, 0x00, 0xf8, 0xff, 0x00, 0x00, 0xf8, 0xff,
    0x00, 0x00, 0xf8, 0xff, 0x00, 0x00, 0xf8, 0xff, 0x00, 0x00, 0xf8, 0xff,
    0x00, 0x00, 0xf8, 0xff, 0x00, 0x00, 0xf8, 0xff, 0x00, 0x00, 0xf8, 0xff,
    0x00, 0x00, 0xf8, 0xff, 0x00, 0x00, 0xf8, 0xff, 0x00, 0x00, 0xf8, 0xff,
    0x00, 0x00, 0xf8, 0xff, 0x00, 0x00, 0xf8, 0xff, 0x00, 0x00, 0xf8, 0xff,
    0x00, 0x00, 0xf8, 0xff, 0x00, 0x00, 0xf8, 0xff, 0x00, 0x00, 0xf8, 0xfb,
    0x00, 0x00, 0xf8, 0xfb, 0x00, 0x00, 0xf8, 0x55, 0xf8, 0xfc, 0xf8, 0x00,
    0xf8, 0xfc, 0xf8, 0x00, 0xf8, 0xfc, 0xf8, 0x00, 0xf8, 0xfc, 0xf8, 0x00,
    0xf8, 0xfc, 0xf8, 0x00, 0xf8, 0xfc, 0xf8, 0x00, 0xf8, 0xfc, 0xf8, 0x00,
    0xf8, 0xfc, 0xf8, 0x00, 0xf8, 0xfc, 0xf8, 0x00, 0xf8, 0xfc, 0xf8, 0x00,
    0xf8, 0xfc, 0xf8, 0x00, 0xf8, 0xfc, 0xf8, 0x00, 0xf8, 0xfc, 0xf8, 0x00,
    0xf8, 0xfc, 0xf8, 0x00, 0xf8, 0xfc, 0xf8, 0x00, 0xf8, 0xfc, 0xf8, 0x00,
    0xf8, 0xfc, 0xf8, 0x00, 0xf8, 0xfc, 0xf8, 0x00, 0xf8, 0xfc, 0xf8, 0x00,
    0xf8, 0xfc, 0xf8, 0x00, 0xf8, 0xfc, 0xf8, 0x00, 0xf8, 0xfc, 0xf8, 0x00,
    0xf8, 0xfc, 0xf8, 0x00, 0xf8, 0xfc, 0xf8, 0x00, 0xf8, 0xfc, 0xf8, 0x00,
    0xf8, 0xfc, 0xf8, 0x00, 0xf8, 0xfc, 0xf8, 0x00, 0xf8, 0xfc, 0xf8, 0x00,
    0xf8, 0xfc, 0xf8, 0x00, 0xf8, 0xfc, 0xf8, 0x00, 0xf8, 0xfc, 0xf8, 0x00,
    0xf8, 0xfc, 0xf8, 0x00, 0xf8, 0xfc, 0xf8, 0x00, 0xf8, 0xfc, 0xf8, 0x00,
    0xf8, 0xfc, 0xf8, 0x00, 0xf8, 0xfc, 0xf8, 0x00, 0xf8, 0xfc, 0xf8, 0x00,
    0xf8, 0xfc, 0xf8, 0x00, 0xf8, 0xfc, 0xf8, 0x00, 0xf8, 0xfc, 0xf8, 0x00,
    0xf8, 0xfc, 0xf8, 0x00, 0xf8, 0xfc, 0xf8, 0x00, 0xf8, 0xfc, 0xf8, 0x00,
    0xf8, 0xfc, 0xf8, 0x00, 0xf8, 0xfc, 0xf8, 0x00, 0xf8, 0xfc, 0xf8, 0x00,
    0xf8, 0xfc, 0xf8, 0x00, 0xf8, 0xfc, 0xf8, 0x00, 0xf8, 0xfc, 0xf8, 0x00,
    0xf8, 0xfc, 0xf8, 0x00, 0xf8, 0xfc, 0xf8, 0x00, 0xf8, 0xfc, 0xf8, 0x00,
    0xf8, 0xfc, 0xf8, 0x00, 0xf8, 0xfc, 0xf8, 0x00, 0xf8, 0xfc, 0xf8, 0x00,
    0xf8, 0xfc, 0xf8, 0x00, 0xf8, 0xfc, 0xf8, 0x00, 0xf8, 0xfc, 0xf8, 0x00,
    0xf8, 0xfc, 0xf8, 0x00, 0xf8, 0xfc, 0xf8, 0x00, 0xf8, 0xfc, 0xf8, 0x00,
    0xf8, 0xfc, 0xf8, 0x00, 0xf8, 0xfc, 0xf8, 0x00, 0xf8, 0xfc, 0xf8, 0x00,
    0xf8, 0xfc, 0xf8, 0x00, 0xf8, 0xfc, 0xf8, 0x00, 0xf8, 0xfc, 0xf8, 0x00,
    0xf8, 0xfc, 0xf8, 0x00, 0xf8, 0xfc, 0xf8, 0x00, 0xf8, 0xfc, 0xf8, 0x00,
    0xf8, 0xfc, 0xf8, 0x00, 0xf8, 0xfc, 0xf8, 0x00, 0xf8, 0xfc, 0xf8, 0x00,
    0xf8, 0xfc, 0xf8, 0x00, 0xf8, 0xfc, 0xf8, 0x00, 0xf8, 0xfc, 0xf8, 0x00,
    0xf8, 0xfc, 0xf8, 0x00, 0xf8, 0xfc, 0xf8, 0x00, 0xf8, 0xfc, 0xf8, 0x00,
    0xf8, 0xfc, 0xf8, 0x00, 0xf8, 0xfc, 0xf8, 0x00, 0xf8, 0xfc, 0xf8, 0x00,
    0xf8, 0xfc, 0xf8, 0x00, 0x00, 0x00, 0xf8, 0x49, 0x00, 0x00, 0xf8, 0xf3,
    0x00, 0x00, 0xf8, 0xfb, 0x00, 0x00, 0xf8, 0xff, 0x00, 0x00, 0xf8, 0xff,
    0x00, 0x00, 0xf8, 0xff, 0x00, 0x00, 0xf8, 0xff, 0x00, 0x00, 0xf8, 0xff,
    0x00, 0x00, 0xf8, 0xff, 0x00, 0x00, 0xf8, 0xff, 0x00, 0x00, 0xf8, 0xff,
    0x00, 0x00, 0xf8, 0xff, 0x00, 0x00, 0xf8, 0xff, 0x00, 0x00, 0xf8, 0xff,
    0x00, 0x00, 0xf8, 0xff, 0x00, 0x00, 0xf8, 0xff, 0x00, 0x00, 0xf8, 0xff,
    0x00, 0x00, 0xf8, 0xff, 0x00, 0x00, 0xf8, 0xff, 0x00, 0x00, 0xf8, 0xff,
    0x00, 0x00, 0xf8, 0xff, 0x00, 0x00, 0xf8, 0xff, 0x00, 0x00, 0xf8, 0xff,
    0x00, 0x00, 0xf8, 0xff, 0x00, 0x00, 0xf8, 0xff, 0x00, 0x00, 0xf8, 0xff,
    0x00, 0x00, 0xf8, 0xff, 0x00, 0x00, 0xf8, 0xff, 0x00, 0x00, 0xf8, 0xff,
    0x00, 0x00, 0xf8, 0xff, 0x00, 0x00, 0xf8, 0xff, 0x00, 0x00, 0xf8, 0xff,
    0x00, 0x00, 0xf8, 0xff, 0x00, 0x00, 0xf8, 0xff, 0x00, 0x00, 0xf8, 0xff,
    0x00, 0x00, 0xf8, 0xff, 0x00, 0x00, 0xf8, 0xff, 0x00, 0x00, 0xf8, 0xff,
    0x00, 0x00, 0xf8, 0xff, 0x00, 0x00, 0xf8, 0xff, 0x00, 0x00, 0xf8, 0xff,
    0x00, 0x00, 0xf8, 0xff, 0x00, 0x00, 0xf8, 0xff, 0x00, 0x00, 0xf8, 0xff,
    0x00, 0x00, 0xf8, 0xff, 0x00, 0x00, 0xf8, 0xff, 0x00, 0x00, 0xf8, 0xff,
    0x00, 0x00, 0xf8, 0xff, 0x00, 0x00, 0xf8, 0xff, 0x00, 0x00, 0xf8, 0xff,
    0x00, 0x00, 0xf8, 0xff, 0x00, 0x00, 0xf8, 0xff, 0x00, 0x00, 0xf8, 0xff,
    0x00, 0x00, 0xf8, 0xff, 0x00, 0x00, 0xf8, 0xff, 0x00, 0x00, 0xf8, 0xff,
    0x00, 0x00, 0xf8, 0xff, 0x00, 0x00, 0xf8, 0xff, 0x00, 0x00, 0xf8, 0xff,
    0x00, 0x00, 0xf8, 0xff, 0x00, 0x00, 0xf8, 0xff, 0x00, 0x00, 0xf8, 0xff,
    0x00, 0x00, 0xf8, 0xff, 0x00, 0x00, 0xf8, 0xff, 0x00, 0x00, 0xf8, 0xff,
    0x00, 0x00, 0xf8, 0xff, 0x00, 0x00, 0xf8, 0xff, 0x00, 0x00, 0xf8, 0xfb,
    0x00, 0x00, 0xf8, 0xf3, 0x00, 0x00, 0xf8, 0x49, 0xf8, 0xfc, 0xf8, 0x00,
    0xf8, 0xfc, 0xf8, 0x00, 0xf8, 0xfc, 0xf8, 0x00, 0xf8, 0xfc, 0xf8, 0x00,
    0xf8, 0xfc, 0xf8, 0x00, 0xf8, 0xfc, 0xf8, 0x00, 0xf8, 0xfc, 0xf8, 0x00,
    0xf8, 0xfc, 0xf8, 0x00, 0xf8, 0xfc, 0xf8, 0x00, 0xf8, 0xfc, 0xf8, 0x00,
    0xf8, 0xfc, 0xf8, 0x00, 0xf8, 0xfc, 0xf8, 0x00, 0xf8, 0xfc, 0xf8, 0x00,
    0xf8, 0xfc, 0xf8, 0x00, 0xf8, 0xfc, 0xf8, 0x00, 0xf8, 0xfc, 0xf8, 0x00,
    0xf8, 0xfc, 0xf8, 0x00, 0xf8, 0xfc, 0xf8, 0x00, 0xf8, 0xfc, 0xf8, 0x00,
    0xf8, 0xfc, 0xf8, 0x00, 0xf8, 0xfc, 0xf8, 0x00, 0xf8, 0xfc, 0xf8, 0x00,
    0xf8, 0xfc, 0xf8, 0x00, 0xf8, 0xfc, 0xf8, 0x00, 0xf8, 0xfc, 0xf8, 0x00,
    0xf8, 0xfc, 0xf8, 0x00, 0xf8, 0xfc, 0xf8, 0x00, 0xf8, 0xfc, 0xf8, 0x00,
    0xf8, 0xfc, 0xf8, 0x00, 0xf8, 0xfc, 0xf8, 0x00, 0xf8, 0xfc, 0xf8, 0x00,
    0xf8, 0xfc, 0xf8, 0x00, 0xf8, 0xfc, 0xf8, 0x00, 0xf8, 0xfc, 0xf8, 0x00,
    0xf8, 0xfc, 0xf8, 0x00, 0xf8, 0xfc, 0xf8, 0x00, 0xf8, 0xfc, 0xf8, 0x00,
    0xf8, 0xfc, 0xf8, 0x00, 0xf8, 0xfc, 0xf8, 0x00, 0xf8, 0xfc, 0xf8, 0x00,
    0xf8, 0xfc, 0xf8, 0x00, 0xf8, 0xfc, 0xf8, 0x00, 0xf8, 0xfc, 0xf8, 0x00,
    0xf8, 0xfc, 0xf8, 0x00, 0xf8, 0xfc, 0xf8, 0x00, 0xf8, 0xfc, 0xf8, 0x00,
    0xf8, 0xfc, 0xf8, 0x00, 0xf8, 0xfc, 0xf8, 0x00, 0xf8, 0xfc, 0xf8, 0x00,
    0xf8, 0xfc, 0xf8, 0x00, 0xf8, 0xfc, 0xf8, 0x00, 0xf8, 0xfc, 0xf8, 0x00,
    0xf8, 0xfc, 0xf8, 0x00, 0xf8, 0xfc, 0xf8, 0x00, 0xf8, 0xfc, 0xf8, 0x00,
    0xf8, 0xfc, 0xf8, 0x00, 0xf8, 0xfc, 0xf8, 0x00, 0xf8, 0xfc, 0xf8, 0x00,
    0xf8, 0xfc, 0xf8, 0x00, 0xf8, 0xfc, 0xf8, 0x00, 0xf8, 0xfc, 0xf8, 0x00,
    0xf8, 0xfc, 0xf8, 0x00, 0xf8, 0xfc, 0xf8, 0x00, 0xf8, 0xfc, 0xf8, 0x00,
    0xf8, 0xfc, 0xf8, 0x00, 0xf8, 0xfc, 0xf8, 0x00, 0xf8, 0xfc, 0xf8, 0x00,
    0xf8, 0xfc, 0xf8, 0x00, 0xf8, 0xfc, 0xf8, 0x00, 0xf8, 0xfc, 0xf8, 0x00,
    0xf8, 0xfc, 0xf8, 0x00, 0xf8, 0xfc, 0xf8, 0x00, 0xf8, 0xfc, 0xf8, 0x00,
    0xf8, 0xfc, 0xf8, 0x00, 0xf8, 0xfc, 0xf8, 0x00, 0xf8, 0xfc, 0xf8, 0x00,
    0xf8, 0xfc, 0xf8, 0x00, 0xf8, 0xfc, 0xf8, 0x00, 0xf8, 0xfc, 0xf8, 0x00,
    0xf8, 0xfc, 0xf8, 0x00, 0xf8, 0xfc, 0xf8, 0x00, 0xf8, 0xfc, 0xf8, 0x00,
    0xf8, 0xfc, 0xf8, 0x00, 0xf8, 0xfc, 0xf8, 0x00, 0xf8, 0xfc, 0xf8, 0x00,
    0x00, 0x00, 0xf8, 0x28, 0x00, 0x00, 0xf8, 0xdf, 0x00, 0x00, 0xf8, 0xfb,
    0x00, 0x00, 0xf8, 0xff, 0x00, 0x00, 0xf8, 0xff, 0x00, 0x00, 0xf8, 0xff,
    0x00, 0x00, 0xf8, 0xff, 0x00, 0x00, 0xf8, 0xff, 0x00, 0x00, 0xf8, 0xff,
    0x00, 0x00, 0xf8, 0xff, 0x00, 0x00, 0xf8, 0xff, 0x00, 0x00, 0xf8, 0xff,
    0x00, 0x00, 0xf8, 0xff, 0x00, 0x00, 0xf8, 0xff, 0x00, 0x00, 0xf8, 0xff,
    0x00, 0x00, 0xf8, 0xff, 0x00, 0x00, 0xf8, 0xff, 0x00, 0x00, 0xf8, 0xff,
    0x00, 0x00, 0xf8, 0xff, 0x00, 0x00, 0xf8, 0xff, 0x00, 0x00, 0xf8, 0xff,
    0x00, 0x00, 0xf8, 0xff, 0x00, 0x00, 0xf8, 0xff, 0x00, 0x00, 0xf8, 0xff,
    0x00, 0x00, 0xf8, 0xff, 0x00, 0x00, 0xf8, 0xff, 0x00, 0x00, 0xf8, 0xff,
    0x00, 0x00, 0xf8, 0xff, 0x00, 0x00, 0xf8, 0xff, 0x00, 0x00, 0xf8, 0xff,
    0x00, 0x00, 0xf8, 0xff, 0x00, 0x00, 0xf8, 0xff, 0x00, 0x00, 0xf8, 0xff,
    0x00, 0x00, 0xf8, 0xff, 0x00, 0x00, 0xf8, 0xff, 0x00, 0x00, 0xf8, 0xff,
    0x00, 0x00, 0xf8, 0xff, 0x00, 0x00, 0xf8, 0xff, 0x00, 0x00, 0xf8, 0xff,
    0x00, 0x00, 0xf8, 0xff, 0x00, 0x00, 0xf8, 0xff, 0x00, 0x00, 0xf8, 0xff,
    0x00, 0x00, 0xf8, 0xff, 0x00, 0x00, 0xf8, 0xff, 0x00, 0x00, 0xf8, 0xff,
    0x00, 0x00, 0xf8, 0xff, 0x00, 0x00, 0xf8, 0xff, 0x00, 0x00, 0xf8, 0xff,
    0x00, 0x00, 0xf8, 0xff, 0x00, 0x00, 0xf8, 0xff, 0x00, 0x00, 0xf8, 0xff,
    0x00, 0x00, 0xf8, 0xff, 0x00, 0x00, 0xf8, 0xff, 0x00, 0x00, 0xf8, 0xff,
    0x00, 0x00, 0xf8, 0xff, 0x00, 0x00, 0xf8, 0xff, 0x00, 0x00, 0xf8, 0xff,
    0x00, 0x00, 0xf8, 0xff, 0x00, 0x00, 0xf8, 0xff, 0x00, 0x00, 0xf8, 0xff,
    0x00, 0x00, 0xf8, 0xff, 0x00, 0x00, 0xf8, 0xff, 0x00, 0x00, 0xf8, 0xff,
    0x00, 0x00, 0xf8, 0xff, 0x00, 0x00, 0xf8, 0xff, 0x00, 0x00, 0xf8, 0xfb,
    0x00, 0x00, 0xf8, 0xdf, 0x00, 0x00, 0xf8, 0x28, 0xf8, 0xfc, 0xf8, 0x00,
    0xf8, 0xfc, 0xf8, 0x00, 0xf8, 0xfc, 0xf8, 0x00, 0xf8, 0xfc, 0xf8, 0x00,
    0xf8, 0xfc, 0xf8, 0x00, 0xf8, 0xfc, 0xf8, 0x00, 0xf8, 0xfc, 0xf8, 0x00,
    0xf8, 0xfc, 0xf8, 0x00, 0xf8, 0xfc, 0xf8, 0x00, 0xf8, 0xfc, 0xf8, 0x00,
    0xf8, 0xfc, 0xf8, 0x00, 0xf8, 0xfc, 0xf8, 0x00, 0xf8, 0xfc, 0xf8, 0x00,
    0xf8, 0xfc, 0xf8, 0x00, 0xf8, 0xfc, 0xf8, 0x00, 0xf8, 0xfc, 0xf8, 0x00,
    0xf8, 0xfc, 0xf8, 0x00, 0xf8, 0xfc, 0xf8, 0x00, 0xf8, 0xfc, 0xf8, 0x00,
    0xf8, 0xfc, 0xf8, 0x00, 0xf8, 0xfc, 0xf8, 0x00, 0xf8, 0xfc, 0xf8, 0x00,
    0xf8, 0xfc, 0xf8, 0x00, 0xf8, 0xfc, 0xf8, 0x00, 0xf8, 0xfc, 0xf8, 0x00,
    0xf8, 0xfc, 0xf8, 0x00, 0xf8, 0xfc, 0xf8, 0x00, 0xf8, 0xfc, 0xf8, 0x00,
    0xf8, 0xfc, 0xf8, 0x00, 0xf8, 0xfc, 0xf8, 0x00, 0xf8, 0xfc, 0xf8, 0x00,
    0xf8, 0xfc, 0xf8, 0x00, 0xf8, 0xfc, 0xf8, 0x00, 0xf8, 0xfc, 0xf8, 0x00,
    0xf8, 0xfc, 0xf8, 0x00, 0xf8, 0xfc, 0xf8, 0x00, 0xf8, 0xfc, 0xf8, 0x00,
    0xf8, 0xfc, 0xf8, 0x00, 0xf8, 0xfc, 0xf8, 0x00, 0xf8, 0xfc, 0xf8, 0x00,
    0xf8, 0xfc, 0xf8, 0x00, 0xf8, 0xfc, 0xf8, 0x00, 0xf8, 0xfc, 0xf8, 0x00,
    0xf8, 0xfc, 0xf8, 0x00, 0xf8, 0xfc, 0xf8, 0x00, 0xf8, 0xfc, 0xf8, 0x00,
    0xf8, 0xfc, 0xf8, 0x00, 0xf8, 0xfc, 0xf8, 0x00, 0xf8, 0xfc, 0xf8, 0x00,
    0xf8, 0xfc, 0xf8, 0x00, 0xf8, 0xfc, 0xf8, 0x00, 0xf8, 0xfc, 0xf8, 0x00,
    0xf8, 0xfc, 0xf8, 0x00, 0xf8, 0xfc, 0xf8, 0x00, 0xf8, 0xfc, 0xf8, 0x00,
    0xf8, 0xfc, 0xf8, 0x00, 0xf8, 0xfc, 0xf8, 0x00, 0xf8, 0xfc, 0xf8, 0x00,
    0xf8, 0xfc, 0xf8, 0x00, 0xf8, 0xfc, 0xf8, 0x00, 0xf8, 0xfc, 0xf8, 0x00,
    0xf8, 0xfc, 0xf8, 0x00, 0xf8, 0xfc, 0xf8, 0x00, 0xf8, 0xfc, 0xf8, 0x00,
    0xf8, 0xfc, 0xf8, 0x00, 0xf8, 0xfc, 0xf8, 0x00, 0xf8, 0xfc, 0xf8, 0x00,
    0xf8, 0xfc, 0xf8, 0x00, 0xf8, 0xfc, 0xf8, 0x00, 0xf8, 0xfc, 0xf8, 0x00,
    0xf8, 0xfc, 0xf8, 0x00, 0xf8, 0xfc, 0xf8, 0x00, 0xf8, 0xfc, 0xf8, 0x00,
    0xf8, 0xfc, 0xf8, 0x00, 0xf8, 0xfc, 0xf8, 0x00, 0xf8, 0xfc, 0xf8, 0x00,
    0xf8, 0xfc, 0xf8, 0x00, 0xf8, 0xfc, 0xf8, 0x00, 0xf8, 0xfc, 0xf8, 0x00,
    0xf8, 0xfc, 0xf8, 0x00, 0xf8, 0xfc, 0xf8, 0x00, 0xf8, 0xfc, 0xf8, 0x00,
    0xf8, 0xfc, 0xf8, 0x00, 0xf8, 0xfc, 0xf8, 0x00, 0xf8, 0xfc, 0xf8, 0x00,
    0xf8, 0xfc, 0xf8, 0x00, 0xf8, 0xfc, 0xf8, 0x00, 0x00, 0x00, 0xf8, 0x10,
    0x00, 0x00, 0xf8, 0xba, 0x00, 0x00, 0xf8, 0xff, 0x00, 0x00, 0xf8, 0xff,
    0x00, 0x00, 0xf8, 0xff, 0x00, 0x00, 0xf8, 0xff, 0x00, 0x00, 0xf8, 0xff,
    0x00, 0x00, 0xf8, 0xff, 0x00, 0x00, 0xf8, 0xff, 0x00, 0x00, 0xf8, 0xff,
    0x00, 0x00, 0xf8, 0xff, 0x00, 0x00, 0xf8, 0xff, 0x00, 0x00, 0xf8, 0xff,
    0x00, 0x00, 0xf8, 0xff, 0x00, 0x00, 0xf8, 0xff, 0x00, 0x00, 0xf8, 0xff,
    0x00, 0x00, 0xf8, 0xff, 0x00, 0x00, 0xf8, 0xff, 0x00, 0x00, 0xf8, 0xff,
    0x00, 0x00, 0xf8, 0xff, 0x00, 0x00, 0xf8, 0xff, 0x00, 0x00, 0xf8, 0xff,
    0x00, 0x00, 0xf8, 0xff, 0x00, 0x00, 0xf8, 0xff, 0x00, 0x00, 0xf8, 0xff,
    0x00, 0x00, 0xf8, 0xff, 0x00, 0x00, 0xf8, 0xff, 0x00, 0x00, 0xf8, 0xff,
    0x00, 0x00, 0xf8, 0xff, 0x00, 0x00, 0xf8, 0xff, 0x00, 0x00, 0xf8, 0xff,
    0x00, 0x00, 0xf8, 0xff, 0x00, 0x00, 0xf8, 0xff, 0x00, 0x00, 0xf8, 0xff,
    0x00, 0x00, 0xf8, 0xff, 0x00, 0x00, 0xf8, 0xff, 0x00, 0x00, 0xf8, 0xff,
    0x00, 0x00, 0xf8, 0xff, 0x00, 0x00, 0xf8, 0xff, 0x00, 0x00, 0xf8, 0xff,
    0x00, 0x00, 0xf8, 0xff, 0x00, 0x00, 0xf8, 0xff, 0x00, 0x00, 0xf8, 0xff,
    0x00, 0x00, 0xf8, 0xff, 0x00, 0x00, 0xf8, 0xff, 0x00, 0x00, 0xf8, 0xff,
    0x00, 0x00, 0xf8, 0xff, 0x00, 0x00, 0xf8, 0xff, 0x00, 0x00, 0xf8, 0xff,
    0x00, 0x00, 0xf8, 0xff, 0x00, 0x00, 0xf8, 0xff, 0x00, 0x00, 0xf8, 0xff,
    0x00, 0x00, 0xf8, 0xff, 0x00, 0x00, 0xf8, 0xff, 0x00, 0x00, 0xf8, 0xff,
    0x00, 0x00, 0xf8, 0xff, 0x00, 0x00, 0xf8, 0xff, 0x00, 0x00, 0xf8, 0xff,
    0x00, 0x00, 0xf8, 0xff, 0x00, 0x00, 0xf8, 0xff, 0x00, 0x00, 0xf8, 0xff,
    0x00, 0x00, 0xf8, 0xff, 0x00, 0x00, 0xf8, 0xff, 0x00, 0x00, 0xf8, 0xff,
    0x00, 0x00, 0xf8, 0xba, 0x00, 0x00, 0xf8, 0x10, 0xf8, 0xfc, 0xf8, 0x00,
    0xf8, 0xfc, 0xf8, 0x00, 0xf8, 0xfc, 0xf8, 0x00, 0xf8, 0xfc, 0xf8, 0x00,
    0xf8, 0xfc, 0xf8, 0x00, 0xf8, 0xfc, 0xf8, 0x00, 0xf8, 0xfc, 0xf8, 0x00,
    0xf8, 0xfc, 0xf8, 0x00, 0xf8, 0xfc, 0xf8, 0x00, 0xf8, 0xfc, 0xf8, 0x00,
    0xf8, 0xfc, 0xf8, 0x00, 0xf8, 0xfc, 0xf8, 0x00, 0xf8, 0xfc, 0xf8, 0x00,
    0xf8, 0xfc, 0xf8, 0x00, 0xf8, 0xfc, 0xf8, 0x00, 0xf8, 0xfc, 0xf8, 0x00,
    0xf8, 0xfc, 0xf8, 0x00, 0xf8, 0xfc, 0xf8, 0x00, 0xf8, 0xfc, 0xf8, 0x00,
    0xf8, 0xfc, 0xf8, 0x00, 0xf8, 0xfc, 0xf8, 0x00, 0xf8, 0xfc, 0xf8, 0x00,
    0xf8, 0xfc, 0xf8, 0x00, 0xf8, 0xfc, 0xf8, 0x00, 0xf8, 0xfc, 0xf8, 0x00,
    0xf8, 0xfc, 0xf8, 0x00, 0xf8, 0xfc, 0xf8, 0x00, 0xf8, 0xfc, 0xf8, 0x00,
    0xf8, 0xfc, 0xf8, 0x00, 0xf8, 0xfc, 0xf8, 0x00, 0xf8, 0xfc, 0xf8, 0x00,
    0xf8, 0xfc, 0xf8, 0x00, 0xf8, 0xfc, 0xf8, 0x00, 0xf8, 0xfc, 0xf8, 0x00,
    0xf8, 0xfc, 0xf8, 0x00, 0xf8, 0xfc, 0xf8, 0x00, 0xf8, 0xfc, 0xf8, 0x00,
    0xf8, 0xfc, 0xf8, 0x00, 0xf8, 0xfc, 0xf8, 0x00, 0xf8, 0xfc, 0xf8, 0x00,
    0xf8, 0xfc, 0xf8, 0x00, 0xf8, 0xfc, 0xf8, 0x00, 0xf8, 0xfc, 0xf8, 0x00,
    0xf8, 0xfc, 0xf8, 0x00, 0xf8, 0xfc, 0xf8, 0x00, 0xf8, 0xfc, 0xf8, 0x00,
    0xf8, 0xfc, 0xf8, 0x00, 0xf8, 0xfc, 0xf8, 0x00, 0xf8, 0xfc, 0xf8, 0x00,
    0xf8, 0xfc, 0xf8, 0x00, 0xf8, 0xfc, 0xf8, 0x00, 0xf8, 0xfc, 0xf8, 0x00,
    0xf8, 0xfc, 0xf8, 0x00, 0xf8, 0xfc, 0xf8, 0x00, 0xf8, 0xfc, 0xf8, 0x00,
    0xf8, 0xfc, 0xf8, 0x00, 0xf8, 0xfc, 0xf8, 0x00, 0xf8, 0xfc, 0xf8, 0x00,
    0xf8, 0xfc, 0xf8, 0x00, 0xf8, 0xfc, 0xf8, 0x00, 0xf8, 0xfc, 0xf8, 0x00,
    0xf8, 0xfc, 0xf8, 0x00, 0xf8, 0xfc, 0xf8, 0x00, 0xf8, 0xfc, 0xf8, 0x00,
    0xf8, 0xfc, 0xf8, 0x00, 0xf8, 0xfc, 0xf8, 0x00, 0xf8, 0xfc, 0xf8, 0x00,
    0xf8, 0xfc, 0xf8, 0x00, 0xf8, 0xfc, 0xf8, 0x00, 0xf8, 0xfc, 0xf8, 0x00,
    0xf8, 0xfc, 0xf8, 0x00, 0xf8, 0xfc, 0xf8, 0x00, 0xf8, 0xfc, 0xf8, 0x00,
    0xf8, 0xfc, 0xf8, 0x00, 0xf8, 0xfc, 0xf8, 0x00, 0xf8, 0xfc, 0xf8, 0x00,
    0xf8, 0xfc, 0xf8, 0x00, 0xf8, 0xfc, 0xf8, 0x00, 0xf8, 0xfc, 0xf8, 0x00,
    0xf8, 0xfc, 0xf8, 0x00, 0xf8, 0xfc, 0xf8, 0x00, 0xf8, 0xfc, 0xf8, 0x00,
    0xf8, 0xfc, 0xf8, 0x00, 0xf8, 0xfc, 0xf8, 0x00, 0xf8, 0xfc, 0xf8, 0x00,
    0xf8, 0xfc, 0xf8, 0x00, 0xf8, 0xfc, 0xf8, 0x00, 0xf8, 0xfc, 0xf8, 0x00,
    0xf8, 0xfc, 0xf8, 0x00, 0x00, 0x00, 0xf8, 0x04, 0x00, 0x00, 0xf8, 0x86,
    0x00, 0x00, 0xf8, 0xff, 0x00, 0x00, 0xf8, 0xfb, 0x00, 0x00, 0xf8, 0xff,
    0x00, 0x00, 0xf8, 0xff, 0x00, 0x00, 0xf8, 0xff, 0x00, 0x00, 0xf8, 0xff,
    0x00, 0x00, 0xf8, 0xff, 0x00, 0x00, 0xf8, 0xff, 0x00, 0x00, 0xf8, 0xff,
    0x00, 0x00, 0xf8, 0xff, 0x00, 0x00, 0xf8, 0xff, 0x00, 0x00, 0xf8, 0xff,
    0x00, 0x00, 0xf8, 0xff, 0x00, 0x00, 0xf8, 0xff, 0x00, 0x00, 0xf8, 0xff,
    0x00, 0x00, 0xf8, 0xff, 0x00, 0x00, 0xf8, 0xff, 0x00, 0x00, 0xf8, 0xff,
    0x00, 0x00, 0xf8, 0xff, 0x00, 0x00, 0xf8, 0xff, 0x00, 0x00, 0xf8, 0xff,
    0x00, 0x00, 0xf8, 0xff, 0x00, 0x00, 0xf8, 0xff, 0x00, 0x00, 0xf8, 0xff,
    0x00, 0x00, 0xf8, 0xff, 0x00, 0x00, 0xf8, 0xff, 0x00, 0x00, 0xf8, 0xff,
    0x00, 0x00, 0xf8, 0xff, 0x00, 0x00, 0xf8, 0xff, 0x00, 0x00, 0xf8, 0xff,
    0x00, 0x00, 0xf8, 0xff, 0x00, 0x00, 0xf8, 0xff, 0x00, 0x00, 0xf8, 0xff,
    0x00, 0x00, 0xf8, 0xff, 0x00, 0x00, 0xf8, 0xff, 0x00, 0x00, 0xf8, 0xff,
    0x00, 0x00, 0xf8, 0xff, 0x00, 0x00, 0xf8, 0xff, 0x00, 0x00, 0xf8, 0xff,
    0x00, 0x00, 0xf8, 0xff, 0x00, 0x00, 0xf8, 0xff, 0x00, 0x00, 0xf8, 0xff,
    0x00, 0x00, 0xf8, 0xff, 0x00, 0x00, 0xf8, 0xff, 0x00, 0x00, 0xf8, 0xff,
    0x00, 0x00, 0xf8, 0xff, 0x00, 0x00, 0xf8, 0xff, 0x00, 0x00, 0xf8, 0xff,
    0x00, 0x00, 0xf8, 0xff, 0x00, 0x00, 0xf8, 0xff, 0x00, 0x00, 0xf8, 0xff,
    0x00, 0x00, 0xf8, 0xff, 0x00, 0x00, 0xf8, 0xff, 0x00, 0x00, 0xf8, 0xff,
    0x00, 0x00, 0xf8, 0xff, 0x00, 0x00, 0xf8, 0xff, 0x00, 0x00, 0xf8, 0xff,
    0x00, 0x00, 0xf8, 0xff, 0x00, 0x00, 0xf8, 0xfb, 0x00, 0x00, 0xf8, 0xff,
    0x00, 0x00, 0xf8, 0x86, 0x00, 0x00, 0xf8, 0x04, 0xf8, 0xfc, 0xf8, 0x00,
    0xf8, 0xfc, 0xf8, 0x00, 0xf8, 0xfc, 0xf8, 0x00, 0xf8, 0xfc, 0xf8, 0x00,
    0xf8, 0xfc, 0xf8, 0x00, 0xf8, 0xfc, 0xf8, 0x00, 0xf8, 0xfc, 0xf8, 0x00,
    0xf8, 0xfc, 0xf8, 0x00, 0xf8, 0xfc, 0xf8, 0x00, 0xf8, 0xfc, 0xf8, 0x00,
    0xf8, 0xfc, 0xf8, 0x00, 0xf8, 0xfc, 0xf8, 0x00, 0xf8, 0xfc, 0xf8, 0x00,
    0xf8, 0xfc, 0xf8, 0x00, 0xf8, 0xfc, 0xf8, 0x00, 0xf8, 0xfc, 0xf8, 0x00,
    0xf8, 0xfc, 0xf8, 0x00, 0xf8, 0xfc, 0xf8, 0x00, 0xf8, 0xfc, 0xf8, 0x00,
    0xf8, 0xfc, 0xf8, 0x00, 0xf8, 0xfc, 0xf8, 0x00, 0xf8, 0xfc, 0xf8, 0x00,
    0xf8, 0xfc, 0xf8, 0x00, 0xf8, 0xfc, 0xf8, 0x00, 0xf8, 0xfc, 0xf8, 0x00,
    0xf8, 0xfc, 0xf8, 0x00, 0xf8, 0xfc, 0xf8, 0x00, 0xf8, 0xfc, 0xf8, 0x00,
    0xf8, 0xfc, 0xf8, 0x00, 0xf8, 0xfc, 0xf8, 0x00, 0xf8, 0xfc, 0xf8, 0x00,
    0xf8, 0xfc, 0xf8, 0x00, 0xf8, 0xfc, 0xf8, 0x00, 0xf8, 0xfc, 0xf8, 0x00,
    0xf8, 0xfc, 0xf8, 0x00, 0xf8, 0xfc, 0xf8, 0x00, 0xf8, 0xfc, 0xf8, 0x00,
    0xf8, 0xfc, 0xf8, 0x00, 0xf8, 0xfc, 0xf8, 0x00, 0xf8, 0xfc, 0xf8, 0x00,
    0xf8, 0xfc, 0xf8, 0x00, 0xf8, 0xfc, 0xf8, 0x00, 0xf8, 0xfc, 0xf8, 0x00,
    0xf8, 0xfc, 0xf8, 0x00, 0xf8, 0xfc, 0xf8, 0x00, 0xf8, 0xfc, 0xf8, 0x00,
    0xf8, 0xfc, 0xf8, 0x00, 0xf8, 0xfc, 0xf8, 0x00, 0xf8, 0xfc, 0xf8, 0x00,
    0xf8, 0xfc, 0xf8, 0x00, 0xf8, 0xfc, 0xf8, 0x00, 0xf8, 0xfc, 0xf8, 0x00,
    0xf8, 0xfc, 0xf8, 0x00, 0xf8, 0xfc, 0xf8, 0x00, 0xf8, 0xfc, 0xf8, 0x00,
    0xf8, 0xfc, 0xf8, 0x00, 0xf8, 0xfc, 0xf8, 0x00, 0xf8, 0xfc, 0xf8, 0x00,
    0xf8, 0xfc, 0xf8, 0x00, 0xf8, 0xfc, 0xf8, 0x00, 0xf8, 0xfc, 0xf8, 0x00,
    0xf8, 0xfc, 0xf8, 0x00, 0xf8, 0xfc, 0xf8, 0x00, 0xf8, 0xfc, 0xf8, 0x00,
    0xf8, 0xfc, 0xf8, 0x00, 0xf8, 0xfc, 0xf8, 0x00, 0xf8, 0xfc, 0xf8, 0x00,
    0xf8, 0xfc, 0xf8, 0x00, 0xf8, 0xfc, 0xf8, 0x00, 0xf8, 0xfc, 0xf8, 0x00,
    0xf8, 0xfc, 0xf8, 0x00, 0xf8, 0xfc, 0xf8, 0x00, 0xf8, 0xfc, 0xf8, 0x00,
    0xf8, 0xfc, 0xf8, 0x00, 0xf8, 0xfc, 0xf8, 0x00, 0xf8, 0xfc, 0xf8, 0x00,
    0xf8, 0xfc, 0xf8, 0x00, 0xf8, 0xfc, 0xf8, 0x00, 0xf8, 0xfc, 0xf8, 0x00,
    0xf8, 0xfc, 0xf8, 0x00, 0xf8, 0xfc, 0xf8, 0x00, 0xf8, 0xfc, 0xf8, 0x00,
    0xf8, 0xfc, 0xf8, 0x00, 0xf8, 0xfc, 0xf8, 0x00, 0xf8, 0xfc, 0xf8, 0x00,
    0xf8, 0xfc, 0xf8, 0x00, 0xf8, 0xfc, 0xf8, 0x00, 0xf8, 0xfc, 0xf8, 0x00,
    0xf8, 0xfc, 0xf8, 0x00, 0xf8, 0xfc, 0xf8, 0x00, 0xf8, 0xfc, 0xf8, 0x00,
    0xf8, 0xfc, 0xf8, 0x00, 0x00, 0x00, 0xf8, 0x38, 0x00, 0x00, 0xf8, 0xdb,
    0x00, 0x00, 0xf8, 0xfb, 0x00, 0x00, 0xf8, 0xff, 0x00, 0x00, 0xf8, 0xff,
    0x00, 0x00, 0xf8, 0xff, 0x00, 0x00, 0xf8, 0xff, 0x00, 0x00, 0xf8, 0xff,
    0x00, 0x00, 0xf8, 0xff, 0x00, 0x00, 0xf8, 0xff, 0x00, 0x00, 0xf8, 0xff,
    0x00, 0x00, 0xf8, 0xff, 0x00, 0x00, 0xf8, 0xff, 0x00, 0x00, 0xf8, 0xff,
    0x00, 0x00, 0xf8, 0xff, 0x00, 0x00, 0xf8, 0xff, 0x00, 0x00, 0xf8, 0xff,
    0x00, 0x00, 0xf8, 0xff, 0x00, 0x00, 0xf8, 0xff, 0x00, 0x00, 0xf8, 0xff,
    0x00, 0x00, 0xf8, 0xff, 0x00, 0x00, 0xf8, 0xff, 0x00, 0x00, 0xf8, 0xff,
    0x00, 0x00, 0xf8, 0xff, 0x00, 0x00, 0xf8, 0xff, 0x00, 0x00, 0xf8, 0xff,
    0x00, 0x00, 0xf8, 0xff, 0x00, 0x00, 0xf8, 0xff, 0x00, 0x00, 0xf8, 0xff,
    0x00, 0x00, 0xf8, 0xff, 0x00, 0x00, 0xf8, 0xff, 0x00, 0x00, 0xf8, 0xff,
    0x00, 0x00, 0xf8, 0xff, 0x00, 0x00, 0xf8, 0xff, 0x00, 0x00, 0xf8, 0xff,
    0x00, 0x00, 0xf8, 0xff, 0x00, 0x00, 0xf8, 0xff, 0x00, 0x00, 0xf8, 0xff,
    0x00, 0x00, 0xf8, 0xff, 0x00, 0x00, 0xf8, 0xff, 0x00, 0x00, 0xf8, 0xff,
    0x00, 0x00, 0xf8, 0xff, 0x00, 0x00, 0xf8, 0xff, 0x00, 0x00, 0xf8, 0xff,
    0x00, 0x00, 0xf8, 0xff, 0x00, 0x00, 0xf8, 0xff, 0x00, 0x00, 0xf8, 0xff,
    0x00, 0x00, 0xf8, 0xff, 0x00, 0x00, 0xf8, 0xff, 0x00, 0x00, 0xf8, 0xff,
    0x00, 0x00, 0xf8, 0xff, 0x00, 0x00, 0xf8, 0xff, 0x00, 0x00, 0xf8, 0xff,
    0x00, 0x00, 0xf8, 0xff, 0x00, 0x00, 0xf8, 0xff, 0x00, 0x00, 0xf8, 0xff,
    0x00, 0x00, 0xf8, 0xff, 0x00, 0x00, 0xf8, 0xfb, 0x00, 0x00, 0xf8, 0xdb,
    0x00, 0x00, 0xf8, 0x34, 0xf8, 0xfc, 0xf8, 0x00, 0xf8, 0xfc, 0xf8, 0x00,
    0xf8, 0xfc, 0xf8, 0x00, 0xf8, 0xfc, 0xf8, 0x00, 0xf8, 0xfc, 0xf8, 0x00,
    0xf8, 0xfc, 0xf8, 0x00, 0xf8, 0xfc, 0xf8, 0x00, 0xf8, 0xfc, 0xf8, 0x00,
    0xf8, 0xfc, 0xf8, 0x00, 0xf8, 0xfc, 0xf8, 0x00, 0xf8, 0xfc, 0xf8, 0x00,
    0xf8, 0xfc, 0xf8, 0x00, 0xf8, 0xfc, 0xf8, 0x00, 0xf8, 0xfc, 0xf8, 0x00,
    0xf8, 0xfc, 0xf8, 0x00, 0xf8, 0xfc, 0xf8, 0x00, 0xf8, 0xfc, 0xf8, 0x00,
    0xf8, 0xfc, 0xf8, 0x00, 0xf8, 0xfc, 0xf8, 0x00, 0xf8, 0xfc, 0xf8, 0x00,
    0xf8, 0xfc, 0xf8, 0x00, 0xf8, 0xfc, 0xf8, 0x00, 0xf8, 0xfc, 0xf8, 0x00,
    0xf8, 0xfc, 0xf8, 0x00, 0xf8, 0xfc, 0xf8, 0x00, 0xf8, 0xfc, 0xf8, 0x00,
    0xf8, 0xfc, 0xf8, 0x00, 0xf8, 0xfc, 0xf8, 0x00, 0xf8, 0xfc, 0xf8, 0x00,
    0xf8, 0xfc, 0xf8, 0x00, 0xf8, 0xfc, 0xf8, 0x00, 0xf8, 0xfc, 0xf8, 0x00,
    0xf8, 0xfc, 0xf8, 0x00, 0xf8, 0xfc, 0xf8, 0x00, 0xf8, 0xfc, 0xf8, 0x00,
    0xf8, 0xfc, 0xf8, 0x00, 0xf8, 0xfc, 0xf8, 0x00, 0xf8, 0xfc, 0xf8, 0x00,
    0xf8, 0xfc, 0xf8, 0x00, 0xf8, 0xfc, 0xf8, 0x00, 0xf8, 0xfc, 0xf8, 0x00,
    0xf8, 0xfc, 0xf8, 0x00, 0xf8, 0xfc, 0xf8, 0x00, 0xf8, 0xfc, 0xf8, 0x00,
    0xf8, 0xfc, 0xf8, 0x00, 0xf8, 0xfc, 0xf8, 0x00, 0xf8, 0xfc, 0xf8, 0x00,
    0xf8, 0xfc, 0xf8, 0x00, 0xf8, 0xfc, 0xf8, 0x00, 0xf8, 0xfc, 0xf8, 0x00,
    0xf8, 0xfc, 0xf8, 0x00, 0xf8, 0xfc, 0xf8, 0x00, 0xf8, 0xfc, 0xf8, 0x00,
    0xf8, 0xfc, 0xf8, 0x00, 0xf8, 0xfc, 0xf8, 0x00, 0xf8, 0xfc, 0xf8, 0x00,
    0xf8, 0xfc, 0xf8, 0x00, 0xf8, 0xfc, 0xf8, 0x00, 0xf8, 0xfc, 0xf8, 0x00,
    0xf8, 0xfc, 0xf8, 0x00, 0xf8, 0xfc, 0xf8, 0x00, 0xf8, 0xfc, 0xf8, 0x00,
    0xf8, 0xfc, 0xf8, 0x00, 0xf8, 0xfc, 0xf8, 0x00, 0xf8, 0xfc, 0xf8, 0x00,
    0xf8, 0xfc, 0xf8, 0x00, 0xf8, 0xfc, 0xf8, 0x00, 0xf8, 0xfc, 0xf8, 0x00,
    0xf8, 0xfc, 0xf8, 0x00, 0xf8, 0xfc, 0xf8, 0x00, 0xf8, 0xfc, 0xf8, 0x00,
    0xf8, 0xfc, 0xf8, 0x00, 0xf8, 0xfc, 0xf8, 0x00, 0xf8, 0xfc, 0xf8, 0x00,
    0xf8, 0xfc, 0xf8, 0x00, 0xf8, 0xfc, 0xf8, 0x00, 0xf8, 0xfc, 0xf8, 0x00,
    0xf8, 0xfc, 0xf8, 0x00, 0xf8, 0xfc, 0xf8, 0x00, 0xf8, 0xfc, 0xf8, 0x00,
    0xf8, 0xfc, 0xf8, 0x00, 0xf8, 0xfc, 0xf8, 0x00, 0xf8, 0xfc, 0xf8, 0x00,
    0xf8, 0xfc, 0xf8, 0x00, 0xf8, 0xfc, 0xf8, 0x00, 0xf8, 0xfc, 0xf8, 0x00,
    0xf8, 0xfc, 0xf8, 0x00, 0xf8, 0xfc, 0xf8, 0x00, 0xf8, 0xfc, 0xf8, 0x00,
    0xf8, 0xfc, 0xf8, 0x00, 0xf8, 0xfc, 0xf8, 0x00, 0xf8, 0xfc, 0xf8, 0x00,
    0xf8, 0xfc, 0xf8, 0x00, 0xf8, 0xfc, 0xf8, 0x00, 0xf8, 0xfc, 0xf8, 0x00,
    0x00, 0x00, 0xf8, 0x08, 0x00, 0x00, 0xf8, 0x8a, 0x00, 0x00, 0xf8, 0xff,
    0x00, 0x00, 0xf8, 0xfb, 0x00, 0x00, 0xf8, 0xff, 0x00, 0x00, 0xf8, 0xff,
    0x00, 0x00, 0xf8, 0xff, 0x00, 0x00, 0xf8, 0xff, 0x00, 0x00, 0xf8, 0xff,
    0x00, 0x00, 0xf8, 0xff, 0x00, 0x00, 0xf8, 0xff, 0x00, 0x00, 0xf8, 0xff,
    0x00, 0x00, 0xf8, 0xff, 0x00, 0x00, 0xf8, 0xff, 0x00, 0x00, 0xf8, 0xff,
    0x00, 0x00, 0xf8, 0xff, 0x00, 0x00, 0xf8, 0xff, 0x00, 0x00, 0xf8, 0xff,
    0x00, 0x00, 0xf8, 0xff, 0x00, 0x00, 0xf8, 0xff, 0x00, 0x00, 0xf8, 0xff,
    0x00, 0x00, 0xf8, 0xff, 0x00, 0x00, 0xf8, 0xff, 0x00, 0x00, 0xf8, 0xff,
    0x00, 0x00, 0xf8, 0xff, 0x00, 0x00, 0xf8, 0xff, 0x00, 0x00, 0xf8, 0xff,
    0x00, 0x00, 0xf8, 0xff, 0x00, 0x00, 0xf8, 0xff, 0x00, 0x00, 0xf8, 0xff,
    0x00, 0x00, 0xf8, 0xff, 0x00, 0x00, 0xf8, 0xff, 0x00, 0x00, 0xf8, 0xff,
    0x00, 0x00, 0xf8, 0xff, 0x00, 0x00, 0xf8, 0xff, 0x00, 0x00, 0xf8, 0xff,
    0x00, 0x00, 0xf8, 0xff, 0x00, 0x00, 0xf8, 0xff, 0x00, 0x00, 0xf8, 0xff,
    0x00, 0x00, 0xf8, 0xff, 0x00, 0x00, 0xf8, 0xff, 0x00, 0x00, 0xf8, 0xff,
    0x00, 0x00, 0xf8, 0xff, 0x00, 0x00, 0xf8, 0xff, 0x00, 0x00, 0xf8, 0xff,
    0x00, 0x00, 0xf8, 0xff, 0x00, 0x00, 0xf8, 0xff, 0x00, 0x00, 0xf8, 0xff,
    0x00, 0x00, 0xf8, 0xff, 0x00, 0x00, 0xf8, 0xff, 0x00, 0x00, 0xf8, 0xff,
    0x00, 0x00, 0xf8, 0xff, 0x00, 0x00, 0xf8, 0xff, 0x00, 0x00, 0xf8, 0xff,
    0x00, 0x00, 0xf8, 0xfb, 0x00, 0x00, 0xf8, 0xff, 0x00, 0x00, 0xf8, 0x86,
    0x00, 0x00, 0xf8, 0x08, 0xf8, 0xfc, 0xf8, 0x00, 0xf8, 0xfc, 0xf8, 0x00,
    0xf8, 0xfc, 0xf8, 0x00, 0xf8, 0xfc, 0xf8, 0x00, 0xf8, 0xfc, 0xf8, 0x00,
    0xf8, 0xfc, 0xf8, 0x00, 0xf8, 0xfc, 0xf8, 0x00, 0xf8, 0xfc, 0xf8, 0x00,
    0xf8, 0xfc, 0xf8, 0x00, 0xf8, 0xfc, 0xf8, 0x00, 0xf8, 0xfc, 0xf8, 0x00,
    0xf8, 0xfc, 0xf8, 0x00, 0xf8, 0xfc, 0xf8, 0x00, 0xf8, 0xfc, 0xf8, 0x00,
    0xf8, 0xfc, 0xf8, 0x00, 0xf8, 0xfc, 0xf8, 0x00, 0xf8, 0xfc, 0xf8, 0x00,
    0xf8, 0xfc, 0xf8, 0x00, 0xf8, 0xfc, 0xf8, 0x00, 0xf8, 0xfc, 0xf8, 0x00,
    0xf8, 0xfc, 0xf8, 0x00, 0xf8, 0xfc, 0xf8, 0x00, 0xf8, 0xfc, 0xf8, 0x00,
    0xf8, 0xfc, 0xf8, 0x00, 0xf8, 0xfc, 0xf8, 0x00, 0xf8, 0xfc, 0xf8, 0x00,
    0xf8, 0xfc, 0xf8, 0x00, 0xf8, 0xfc, 0xf8, 0x00, 0xf8, 0xfc, 0xf8, 0x00,
    0xf8, 0xfc, 0xf8, 0x00, 0xf8, 0xfc, 0xf8, 0x00, 0xf8, 0xfc, 0xf8, 0x00,
    0xf8, 0xfc, 0xf8, 0x00, 0xf8, 0xfc, 0xf8, 0x00, 0xf8, 0xfc, 0xf8, 0x00,
    0xf8, 0xfc, 0xf8, 0x00, 0xf8, 0xfc, 0xf8, 0x00, 0xf8, 0xfc, 0xf8, 0x00,
    0xf8, 0xfc, 0xf8, 0x00, 0xf8, 0xfc, 0xf8, 0x00, 0xf8, 0xfc, 0xf8, 0x00,
    0xf8, 0xfc, 0xf8, 0x00, 0xf8, 0xfc, 0xf8, 0x00, 0xf8, 0xfc, 0xf8, 0x00,
    0xf8, 0xfc, 0xf8, 0x00, 0xf8, 0xfc, 0xf8, 0x00, 0xf8, 0xfc, 0xf8, 0x00,
    0xf8, 0xfc, 0xf8, 0x00, 0xf8, 0xfc, 0xf8, 0x00, 0xf8, 0xfc, 0xf8, 0x00,
    0xf8, 0xfc, 0xf8, 0x00, 0xf8, 0xfc, 0xf8, 0x00, 0xf8, 0xfc, 0xf8, 0x00,
    0xf8, 0xfc, 0xf8, 0x00, 0xf8, 0xfc, 0xf8, 0x00, 0xf8, 0xfc, 0xf8, 0x00,
    0xf8, 0xfc, 0xf8, 0x00, 0xf8, 0xfc, 0xf8, 0x00, 0xf8, 0xfc, 0xf8, 0x00,
    0xf8, 0xfc, 0xf8, 0x00, 0xf8, 0xfc, 0xf8, 0x00, 0xf8, 0xfc, 0xf8, 0x00,
    0xf8, 0xfc, 0xf8, 0x00, 0xf8, 0xfc, 0xf8, 0x00, 0xf8, 0xfc, 0xf8, 0x00,
    0xf8, 0xfc, 0xf8, 0x00, 0xf8, 0xfc, 0xf8, 0x00, 0xf8, 0xfc, 0xf8, 0x00,
    0xf8, 0xfc, 0xf8, 0x00, 0xf8, 0xfc, 0xf8, 0x00, 0xf8, 0xfc, 0xf8, 0x00,
    0xf8, 0xfc, 0xf8, 0x00, 0xf8, 0xfc, 0xf8, 0x00, 0xf8, 0xfc, 0xf8, 0x00,
    0xf8, 0xfc, 0xf8, 0x00, 0xf8, 0xfc, 0xf8, 0x00, 0xf8, 0xfc, 0xf8, 0x00,
    0xf8, 0xfc, 0xf8, 0x00, 0xf8, 0xfc, 0xf8, 0x00, 0xf8, 0xfc, 0xf8, 0x00,
    0xf8, 0xfc, 0xf8, 0x00, 0xf8, 0xfc, 0xf8, 0x00, 0xf8, 0xfc, 0xf8, 0x00,
    0xf8, 0xfc, 0xf8, 0x00, 0xf8, 0xfc, 0xf8, 0x00, 0xf8, 0xfc, 0xf8, 0x00,
    0xf8, 0xfc, 0xf8, 0x00, 0xf8, 0xfc, 0xf8, 0x00, 0xf8, 0xfc, 0xf8, 0x00,
    0xf8, 0xfc, 0xf8, 0x00, 0xf8, 0xfc, 0xf8, 0x00, 0xf8, 0xfc, 0xf8, 0x00,
    0xf8, 0xfc, 0xf8, 0x00, 0xf8, 0xfc, 0xf8, 0x00, 0xf8, 0xfc, 0xf8, 0x00,
    0xf8, 0xfc, 0xf8, 0x00, 0xf8, 0xfc, 0xf8, 0x00, 0xf8, 0xfc, 0xf8, 0x00,
    0x00, 0x00, 0xf8, 0x34, 0x00, 0x00, 0xf8, 0xbe, 0x00, 0x00, 0xf8, 0xff,
    0x00, 0x00, 0xf8, 0xfb, 0x00, 0x00, 0xf8, 0xff, 0x00, 0x00, 0xf8, 0xff,
    0x00, 0x00, 0xf8, 0xff, 0x00, 0x00, 0xf8, 0xff, 0x00, 0x00, 0xf8, 0xff,
    0x00, 0x00, 0xf8, 0xff, 0x00, 0x00, 0xf8, 0xff, 0x00, 0x00, 0xf8, 0xff,
    0x00, 0x00, 0xf8, 0xff, 0x00, 0x00, 0xf8, 0xff, 0x00, 0x00, 0xf8, 0xff,
    0x00, 0x00, 0xf8, 0xff, 0x00, 0x00, 0xf8, 0xff, 0x00, 0x00, 0xf8, 0xff,
    0x00, 0x00, 0xf8, 0xff, 0x00, 0x00, 0xf8, 0xff, 0x00, 0x00, 0xf8, 0xff,
    0x00, 0x00, 0xf8, 0xff, 0x00, 0x00, 0xf8, 0xff, 0x00, 0x00, 0xf8, 0xff,
    0x00, 0x00, 0xf8, 0xff, 0x00, 0x00, 0xf8, 0xff, 0x00, 0x00, 0xf8, 0xff,
    0x00, 0x00, 0xf8, 0xff, 0x00, 0x00, 0xf8, 0xff, 0x00, 0x00, 0xf8, 0xff,
    0x00, 0x00, 0xf8, 0xff, 0x00, 0x00, 0xf8, 0xff, 0x00, 0x00, 0xf8, 0xff,
    0x00, 0x00, 0xf8, 0xff, 0x00, 0x00, 0xf8, 0xff, 0x00, 0x00, 0xf8, 0xff,
    0x00, 0x00, 0xf8, 0xff, 0x00, 0x00, 0xf8, 0xff, 0x00, 0x00, 0xf8, 0xff,
    0x00, 0x00, 0xf8, 0xff, 0x00, 0x00, 0xf8, 0xff, 0x00, 0x00, 0xf8, 0xff,
    0x00, 0x00, 0xf8, 0xff, 0x00, 0x00, 0xf8, 0xff, 0x00, 0x00, 0xf8, 0xff,
    0x00, 0x00, 0xf8, 0xff, 0x00, 0x00, 0xf8, 0xff, 0x00, 0x00, 0xf8, 0xff,
    0x00, 0x00, 0xf8, 0xff, 0x00, 0x00, 0xf8, 0xff, 0x00, 0x00, 0xf8, 0xfb,
    0x00, 0x00, 0xf8, 0xff, 0x00, 0x00, 0xf8, 0xbe, 0x00, 0x00, 0xf8, 0x34,
    0xf8, 0xfc, 0xf8, 0x00, 0xf8, 0xfc, 0xf8, 0x00, 0xf8, 0xfc, 0xf8, 0x00,
    0xf8, 0xfc, 0xf8, 0x00, 0xf8, 0xfc, 0xf8, 0x00, 0xf8, 0xfc, 0xf8, 0x00,
    0xf8, 0xfc, 0xf8, 0x00, 0xf8, 0xfc, 0xf8, 0x00, 0xf8, 0xfc, 0xf8, 0x00,
    0xf8, 0xfc, 0xf8, 0x00, 0xf8, 0xfc, 0xf8, 0x00, 0xf8, 0xfc, 0xf8, 0x00,
    0xf8, 0xfc, 0xf8, 0x00, 0xf8, 0xfc, 0xf8, 0x00, 0xf8, 0xfc, 0xf8, 0x00,
    0xf8, 0xfc, 0xf8, 0x00, 0xf8, 0xfc, 0xf8, 0x00, 0xf8, 0xfc, 0xf8, 0x00,
    0xf8, 0xfc, 0xf8, 0x00, 0xf8, 0xfc, 0xf8, 0x00, 0xf8, 0xfc, 0xf8, 0x00,
    0xf8, 0xfc, 0xf8, 0x00, 0xf8, 0xfc, 0xf8, 0x00, 0xf8, 0xfc, 0xf8, 0x00,
    0xf8, 0xfc, 0xf8, 0x00, 0xf8, 0xfc, 0xf8, 0x00, 0xf8, 0xfc, 0xf8, 0x00,
    0xf8, 0xfc, 0xf8, 0x00, 0xf8, 0xfc, 0xf8, 0x00, 0xf8, 0xfc, 0xf8, 0x00,
    0xf8, 0xfc, 0xf8, 0x00, 0xf8, 0xfc, 0xf8, 0x00, 0xf8, 0xfc, 0xf8, 0x00,
    0xf8, 0xfc, 0xf8, 0x00, 0xf8, 0xfc, 0xf8, 0x00, 0xf8, 0xfc, 0xf8, 0x00,
    0xf8, 0xfc, 0xf8, 0x00, 0xf8, 0xfc, 0xf8, 0x00, 0xf8, 0xfc, 0xf8, 0x00,
    0xf8, 0xfc, 0xf8, 0x00, 0xf8, 0xfc, 0xf8, 0x00, 0xf8, 0xfc, 0xf8, 0x00,
    0xf8, 0xfc, 0xf8, 0x00, 0xf8, 0xfc, 0xf8, 0x00, 0xf8, 0xfc, 0xf8, 0x00,
    0xf8, 0xfc, 0xf8, 0x00, 0xf8, 0xfc, 0xf8, 0x00, 0xf8, 0xfc, 0xf8, 0x00,
    0xf8, 0xfc, 0xf8, 0x00, 0xf8, 0xfc, 0xf8, 0x00, 0xf8, 0xfc, 0xf8, 0x00,
    0xf8, 0xfc, 0xf8, 0x00, 0xf8, 0xfc, 0xf8, 0x00, 0xf8, 0xfc, 0xf8, 0x00,
    0xf8, 0xfc, 0xf8, 0x00, 0xf8, 0xfc, 0xf8, 0x00, 0xf8, 0xfc, 0xf8, 0x00,
    0xf8, 0xfc, 0xf8, 0x00, 0xf8, 0xfc, 0xf8, 0x00, 0xf8, 0xfc, 0xf8, 0x00,
    0xf8, 0xfc, 0xf8, 0x00, 0xf8, 0xfc, 0xf8, 0x00, 0xf8, 0xfc, 0xf8, 0x00,
    0xf8, 0xfc, 0xf8, 0x00, 0xf8, 0xfc, 0xf8, 0x00, 0xf8, 0xfc, 0xf8, 0x00,
    0xf8, 0xfc, 0xf8, 0x00, 0xf8, 0xfc, 0xf8, 0x00, 0xf8, 0xfc, 0xf8, 0x00,
    0xf8, 0xfc, 0xf8, 0x00, 0xf8, 0xfc, 0xf8, 0x00, 0xf8, 0xfc, 0xf8, 0x00,
    0xf8, 0xfc, 0xf8, 0x00, 0xf8, 0xfc, 0xf8, 0x00, 0xf8, 0xfc, 0xf8, 0x00,
    0xf8, 0xfc, 0xf8, 0x00, 0xf8, 0xfc, 0xf8, 0x00, 0xf8, 0xfc, 0xf8, 0x00,
    0xf8, 0xfc, 0xf8, 0x00, 0xf8, 0xfc, 0xf8, 0x00, 0xf8, 0xfc, 0xf8, 0x00,
    0xf8, 0xfc, 0xf8, 0x00, 0xf8, 0xfc, 0xf8, 0x00, 0xf8, 0xfc, 0xf8, 0x00,
    0xf8, 0xfc, 0xf8, 0x00, 0xf8, 0xfc, 0xf8, 0x00, 0xf8, 0xfc, 0xf8, 0x00,
    0xf8, 0xfc, 0xf8, 0x00, 0xf8, 0xfc, 0xf8, 0x00, 0xf8, 0xfc, 0xf8, 0x00,
    0xf8, 0xfc, 0xf8, 0x00, 0xf8, 0xfc, 0xf8, 0x00, 0xf8, 0xfc, 0xf8, 0x00,
    0xf8, 0xfc, 0xf8, 0x00, 0xf8, 0xfc, 0xf8, 0x00, 0xf8, 0xfc, 0xf8, 0x00,
    0xf8, 0xfc, 0xf8, 0x00, 0xf8, 0xfc, 0xf8, 0x00, 0xf8, 0xfc, 0xf8, 0x00,
    0xf8, 0xfc, 0xf8, 0x00, 0xf8, 0xfc, 0xf8, 0x00, 0x00, 0x00, 0xf8, 0x00,
    0x00, 0x00, 0xf8, 0x45, 0x00, 0x00, 0xf8, 0xd3, 0x00, 0x00, 0xf8, 0xff,
    0x00, 0x00, 0xf8, 0xfb, 0x00, 0x00, 0xf8, 0xff, 0x00, 0x00, 0xf8, 0xff,
    0x00, 0x00, 0xf8, 0xff, 0x00, 0x00, 0xf8, 0xff, 0x00, 0x00, 0xf8, 0xff,
    0x00, 0x00, 0xf8, 0xff, 0x00, 0x00, 0xf8, 0xff, 0x00, 0x00, 0xf8, 0xff,
    0x00, 0x00, 0xf8, 0xff, 0x00, 0x00, 0xf8, 0xff, 0x00, 0x00, 0xf8, 0xff,
    0x00, 0x00, 0xf8, 0xff, 0x00, 0x00, 0xf8, 0xff, 0x00, 0x00, 0xf8, 0xff,
    0x00, 0x00, 0xf8, 0xff, 0x00, 0x00, 0xf8, 0xff, 0x00, 0x00, 0xf8, 0xff,
    0x00, 0x00, 0xf8, 0xff, 0x00, 0x00, 0xf8, 0xff, 0x00, 0x00, 0xf8, 0xff,
    0x00, 0x00, 0xf8, 0xff, 0x00, 0x00, 0xf8, 0xff, 0x00, 0x00, 0xf8, 0xff,
    0x00, 0x00, 0xf8, 0xff, 0x00, 0x00, 0xf8, 0xff, 0x00, 0x00, 0xf8, 0xff,
    0x00, 0x00, 0xf8, 0xff, 0x00, 0x00, 0xf8, 0xff, 0x00, 0x00, 0xf8, 0xff,
    0x00, 0x00, 0xf8, 0xff, 0x00, 0x00, 0xf8, 0xff, 0x00, 0x00, 0xf8, 0xff,
    0x00, 0x00, 0xf8, 0xff, 0x00, 0x00, 0xf8, 0xff, 0x00, 0x00, 0xf8, 0xff,
    0x00, 0x00, 0xf8, 0xff, 0x00, 0x00, 0xf8, 0xff, 0x00, 0x00, 0xf8, 0xff,
    0x00, 0x00, 0xf8, 0xff, 0x00, 0x00, 0xf8, 0xff, 0x00, 0x00, 0xf8, 0xff,
    0x00, 0x00, 0xf8, 0xff, 0x00, 0x00, 0xf8, 0xfb, 0x00, 0x00, 0xf8, 0xff,
    0x00, 0x00, 0xf8, 0xcf, 0x00, 0x00, 0xf8, 0x45, 0x00, 0x00, 0xf8, 0x00,
    0xf8, 0xfc, 0xf8, 0x00, 0xf8, 0xfc, 0xf8, 0x00, 0xf8, 0xfc, 0xf8, 0x00,
    0xf8, 0xfc, 0xf8, 0x00, 0xf8, 0xfc, 0xf8, 0x00, 0xf8, 0xfc, 0xf8, 0x00,
    0xf8, 0xfc, 0xf8, 0x00, 0xf8, 0xfc, 0xf8, 0x00, 0xf8, 0xfc, 0xf8, 0x00,
    0xf8, 0xfc, 0xf8, 0x00, 0xf8, 0xfc, 0xf8, 0x00, 0xf8, 0xfc, 0xf8, 0x00,
    0xf8, 0xfc, 0xf8, 0x00, 0xf8, 0xfc, 0xf8, 0x00, 0xf8, 0xfc, 0xf8, 0x00,
    0xf8, 0xfc, 0xf8, 0x00, 0xf8, 0xfc, 0xf8, 0x00, 0xf8, 0xfc, 0xf8, 0x00,
    0xf8, 0xfc, 0xf8, 0x00, 0xf8, 0xfc, 0xf8, 0x00, 0xf8, 0xfc, 0xf8, 0x00,
    0xf8, 0xfc, 0xf8, 0x00, 0xf8, 0xfc, 0xf8, 0x00, 0xf8, 0xfc, 0xf8, 0x00,
    0xf8, 0xfc, 0xf8, 0x00, 0xf8, 0xfc, 0xf8, 0x00, 0xf8, 0xfc, 0xf8, 0x00,
    0xf8, 0xfc, 0xf8, 0x00, 0xf8, 0xfc, 0xf8, 0x00, 0xf8, 0xfc, 0xf8, 0x00,
    0xf8, 0xfc, 0xf8, 0x00, 0xf8, 0xfc, 0xf8, 0x00, 0xf8, 0xfc, 0xf8, 0x00,
    0xf8, 0xfc, 0xf8, 0x00, 0xf8, 0xfc, 0xf8, 0x00, 0xf8, 0xfc, 0xf8, 0x00,
    0xf8, 0xfc, 0xf8, 0x00, 0xf8, 0xfc, 0xf8, 0x00, 0xf8, 0xfc, 0xf8, 0x00,
    0xf8, 0xfc, 0xf8, 0x00, 0xf8, 0xfc, 0xf8, 0x00, 0xf8, 0xfc, 0xf8, 0x00,
    0xf8, 0xfc, 0xf8, 0x00, 0xf8, 0xfc, 0xf8, 0x00, 0xf8, 0xfc, 0xf8, 0x00,
    0xf8, 0xfc, 0xf8, 0x00, 0xf8, 0xfc, 0xf8, 0x00, 0xf8, 0xfc, 0xf8, 0x00,
    0xf8, 0xfc, 0xf8, 0x00, 0xf8, 0xfc, 0xf8, 0x00, 0xf8, 0xfc, 0xf8, 0x00,
    0xf8, 0xfc, 0xf8, 0x00, 0xf8, 0xfc, 0xf8, 0x00, 0xf8, 0xfc, 0xf8, 0x00,
    0xf8, 0xfc, 0xf8, 0x00, 0xf8, 0xfc, 0xf8, 0x00, 0xf8, 0xfc, 0xf8, 0x00,
    0xf8, 0xfc, 0xf8, 0x00, 0xf8, 0xfc, 0xf8, 0x00, 0xf8, 0xfc, 0xf8, 0x00,
    0xf8, 0xfc, 0xf8, 0x00, 0xf8, 0xfc, 0xf8, 0x00, 0xf8, 0xfc, 0xf8, 0x00,
    0xf8, 0xfc, 0xf8, 0x00, 0xf8, 0xfc, 0xf8, 0x00, 0xf8, 0xfc, 0xf8, 0x00,
    0xf8, 0xfc, 0xf8, 0x00, 0xf8, 0xfc, 0xf8, 0x00, 0xf8, 0xfc, 0xf8, 0x00,
    0xf8, 0xfc, 0xf8, 0x00, 0xf8, 0xfc, 0xf8, 0x00, 0xf8, 0xfc, 0xf8, 0x00,
    0xf8, 0xfc, 0xf8, 0x00, 0xf8, 0xfc, 0xf8, 0x00, 0xf8, 0xfc, 0xf8, 0x00,
    0xf8, 0xfc, 0xf8, 0x00, 0xf8, 0xfc, 0xf8, 0x00, 0xf8, 0xfc, 0xf8, 0x00,
    0xf8, 0xfc, 0xf8, 0x00, 0xf8, 0xfc, 0xf8, 0x00, 0xf8, 0xfc, 0xf8, 0x00,
    0xf8, 0xfc, 0xf8, 0x00, 0xf8, 0xfc, 0xf8, 0x00, 0xf8, 0xfc, 0xf8, 0x00,
    0xf8, 0xfc, 0xf8, 0x00, 0xf8, 0xfc, 0xf8, 0x00, 0xf8, 0xfc, 0xf8, 0x00,
    0xf8, 0xfc, 0xf8, 0x00, 0xf8, 0xfc, 0xf8, 0x00, 0xf8, 0xfc, 0xf8, 0x00,
    0xf8, 0xfc, 0xf8, 0x00, 0xf8, 0xfc, 0xf8, 0x00, 0xf8, 0xfc, 0xf8, 0x00,
    0xf8, 0xfc, 0xf8, 0x00, 0xf8, 0xfc, 0xf8, 0x00, 0xf8, 0xfc, 0xf8, 0x00,
    0xf8, 0xfc, 0xf8, 0x00, 0xf8, 0xfc, 0xf8, 0x00, 0xf8, 0xfc, 0xf8, 0x00,
    0xf8, 0xfc, 0xf8, 0x00, 0xf8, 0xfc, 0xf8, 0x00, 0xf8, 0xfc, 0xf8, 0x00,
    0xf8, 0xfc, 0xf8, 0x00, 0xf8, 0xfc, 0xf8, 0x00, 0x00, 0x00, 0xf8, 0x04,
    0x00, 0x00, 0xf8, 0x55, 0x00, 0x00, 0xf8, 0xd3, 0x00, 0x00, 0xf8, 0xff,
    0x00, 0x00, 0xf8, 0xfb, 0x00, 0x00, 0xf8, 0xff, 0x00, 0x00, 0xf8, 0xff,
    0x00, 0x00, 0xf8, 0xff, 0x00, 0x00, 0xf8, 0xff, 0x00, 0x00, 0xf8, 0xff,
    0x00, 0x00, 0xf8, 0xff, 0x00, 0x00, 0xf8, 0xff, 0x00, 0x00, 0xf8, 0xff,
    0x00, 0x00, 0xf8, 0xff, 0x00, 0x00, 0xf8, 0xff, 0x00, 0x00, 0xf8, 0xff,
    0x00, 0x00, 0xf8, 0xff, 0x00, 0x00, 0xf8, 0xff, 0x00, 0x00, 0xf8, 0xff,
    0x00, 0x00, 0xf8, 0xff, 0x00, 0x00, 0xf8, 0xff, 0x00, 0x00, 0xf8, 0xff,
    0x00, 0x00, 0xf8, 0xff, 0x00, 0x00, 0xf8, 0xff, 0x00, 0x00, 0xf8, 0xff,
    0x00, 0x00, 0xf8, 0xff, 0x00, 0x00, 0xf8, 0xff, 0x00, 0x00, 0xf8, 0xff,
    0x00, 0x00, 0xf8, 0xff, 0x00, 0x00, 0xf8, 0xff, 0x00, 0x00, 0xf8, 0xff,
    0x00, 0x00, 0xf8, 0xff, 0x00, 0x00, 0xf8, 0xff, 0x00, 0x00, 0xf8, 0xff,
    0x00, 0x00, 0xf8, 0xff, 0x00, 0x00, 0xf8, 0xff, 0x00, 0x00, 0xf8, 0xff,
    0x00, 0x00, 0xf8, 0xff, 0x00, 0x00, 0xf8, 0xff, 0x00, 0x00, 0xf8, 0xff,
    0x00, 0x00, 0xf8, 0xff, 0x00, 0x00, 0xf8, 0xff, 0x00, 0x00, 0xf8, 0xff,
    0x00, 0x00, 0xf8, 0xfb, 0x00, 0x00, 0xf8, 0xff, 0x00, 0x00, 0xf8, 0xd3,
    0x00, 0x00, 0xf8, 0x59, 0x00, 0x00, 0xf8, 0x04, 0xf8, 0xfc, 0xf8, 0x00,
    0xf8, 0xfc, 0xf8, 0x00, 0xf8, 0xfc, 0xf8, 0x00, 0xf8, 0xfc, 0xf8, 0x00,
    0xf8, 0xfc, 0xf8, 0x00, 0xf8, 0xfc, 0xf8, 0x00, 0xf8, 0xfc, 0xf8, 0x00,
    0xf8, 0xfc, 0xf8, 0x00, 0xf8, 0xfc, 0xf8, 0x00, 0xf8, 0xfc, 0xf8, 0x00,
    0xf8, 0xfc, 0xf8, 0x00, 0xf8, 0xfc, 0xf8, 0x00, 0xf8, 0xfc, 0xf8, 0x00,
    0xf8, 0xfc, 0xf8, 0x00, 0xf8, 0xfc, 0xf8, 0x00, 0xf8, 0xfc, 0xf8, 0x00,
    0xf8, 0xfc, 0xf8, 0x00, 0xf8, 0xfc, 0xf8, 0x00, 0xf8, 0xfc, 0xf8, 0x00,
    0xf8, 0xfc, 0xf8, 0x00, 0xf8, 0xfc, 0xf8, 0x00, 0xf8, 0xfc, 0xf8, 0x00,
    0xf8, 0xfc, 0xf8, 0x00, 0xf8, 0xfc, 0xf8, 0x00, 0xf8, 0xfc, 0xf8, 0x00,
    0xf8, 0xfc, 0xf8, 0x00, 0xf8, 0xfc, 0xf8, 0x00, 0xf8, 0xfc, 0xf8, 0x00,
    0xf8, 0xfc, 0xf8, 0x00, 0xf8, 0xfc, 0xf8, 0x00, 0xf8, 0xfc, 0xf8, 0x00,
    0xf8, 0xfc, 0xf8, 0x00, 0xf8, 0xfc, 0xf8, 0x00, 0xf8, 0xfc, 0xf8, 0x00,
    0xf8, 0xfc, 0xf8, 0x00, 0xf8, 0xfc, 0xf8, 0x00, 0xf8, 0xfc, 0xf8, 0x00,
    0xf8, 0xfc, 0xf8, 0x00, 0xf8, 0xfc, 0xf8, 0x00, 0xf8, 0xfc, 0xf8, 0x00,
    0xf8, 0xfc, 0xf8, 0x00, 0xf8, 0xfc, 0xf8, 0x00, 0xf8, 0xfc, 0xf8, 0x00,
    0xf8, 0xfc, 0xf8, 0x00, 0xf8, 0xfc, 0xf8, 0x00, 0xf8, 0xfc, 0xf8, 0x00,
    0xf8, 0xfc, 0xf8, 0x00, 0xf8, 0xfc, 0xf8, 0x00, 0xf8, 0xfc, 0xf8, 0x00,
    0xf8, 0xfc, 0xf8, 0x00, 0xf8, 0xfc, 0xf8, 0x00, 0xf8, 0xfc, 0xf8, 0x00,
    0xf8, 0xfc, 0xf8, 0x00, 0xf8, 0xfc, 0xf8, 0x00, 0xf8, 0xfc, 0xf8, 0x00,
    0xf8, 0xfc, 0xf8, 0x00, 0xf8, 0xfc, 0xf8, 0x00, 0xf8, 0xfc, 0xf8, 0x00,
    0xf8, 0xfc, 0xf8, 0x00, 0xf8, 0xfc, 0xf8, 0x00, 0xf8, 0xfc, 0xf8, 0x00,
    0xf8, 0xfc, 0xf8, 0x00, 0xf8, 0xfc, 0xf8, 0x00, 0xf8, 0xfc, 0xf8, 0x00,
    0xf8, 0xfc, 0xf8, 0x00, 0xf8, 0xfc, 0xf8, 0x00, 0xf8, 0xfc, 0xf8, 0x00,
    0xf8, 0xfc, 0xf8, 0x00, 0xf8, 0xfc, 0xf8, 0x00, 0xf8, 0xfc, 0xf8, 0x00,
    0xf8, 0xfc, 0xf8, 0x00, 0xf8, 0xfc, 0xf8, 0x00, 0xf8, 0xfc, 0xf8, 0x00,
    0xf8, 0xfc, 0xf8, 0x00, 0xf8, 0xfc, 0xf8, 0x00, 0xf8, 0xfc, 0xf8, 0x00,
    0xf8, 0xfc, 0xf8, 0x00, 0xf8, 0xfc, 0xf8, 0x00, 0xf8, 0xfc, 0xf8, 0x00,
    0xf8, 0xfc, 0xf8, 0x00, 0xf8, 0xfc, 0xf8, 0x00, 0xf8, 0xfc, 0xf8, 0x00,
    0xf8, 0xfc, 0xf8, 0x00, 0xf8, 0xfc, 0xf8, 0x00, 0xf8, 0xfc, 0xf8, 0x00,
    0xf8, 0xfc, 0xf8, 0x00, 0xf8, 0xfc, 0xf8, 0x00, 0xf8, 0xfc, 0xf8, 0x00,
    0xf8, 0xfc, 0xf8, 0x00, 0xf8, 0xfc, 0xf8, 0x00, 0xf8, 0xfc, 0xf8, 0x00,
    0xf8, 0xfc, 0xf8, 0x00, 0xf8, 0xfc, 0xf8, 0x00, 0xf8, 0xfc, 0xf8, 0x00,
    0xf8, 0xfc, 0xf8, 0x00, 0xf8, 0xfc, 0xf8, 0x00, 0xf8, 0xfc, 0xf8, 0x00,
    0xf8, 0xfc, 0xf8, 0x00, 0xf8, 0xfc, 0xf8, 0x00, 0xf8, 0xfc, 0xf8, 0x00,
    0xf8, 0xfc, 0xf8, 0x00, 0xf8, 0xfc, 0xf8, 0x00, 0xf8, 0xfc, 0xf8, 0x00,
    0xf8, 0xfc, 0xf8, 0x00, 0xf8, 0xfc, 0xf8, 0x00, 0xf8, 0xfc, 0xf8, 0x00,
    0xf8, 0xfc, 0xf8, 0x00, 0xf8, 0xfc, 0xf8, 0x00, 0x00, 0x00, 0xf8, 0x00,
    0x00, 0x00, 0xf8, 0x38, 0x00, 0x00, 0xf8, 0xa2, 0x00, 0x00, 0xf8, 0xfb,
    0x00, 0x00, 0xf8, 0xff, 0x00, 0x00, 0xf8, 0xff, 0x00, 0x00, 0xf8, 0xff,
    0x00, 0x00, 0xf8, 0xff, 0x00, 0x00, 0xf8, 0xff, 0x00, 0x00, 0xf8, 0xff,
    0x00, 0x00, 0xf8, 0xff, 0x00, 0x00, 0xf8, 0xff, 0x00, 0x00, 0xf8, 0xff,
    0x00, 0x00, 0xf8, 0xff, 0x00, 0x00, 0xf8, 0xff, 0x00, 0x00, 0xf8, 0xff,
    0x00, 0x00, 0xf8, 0xff, 0x00, 0x00, 0xf8, 0xff, 0x00, 0x00, 0xf8, 0xff,
    0x00, 0x00, 0xf8, 0xff, 0x00, 0x00, 0xf8, 0xff, 0x00, 0x00, 0xf8, 0xff,
    0x00, 0x00, 0xf8, 0xff, 0x00, 0x00, 0xf8, 0xff, 0x00, 0x00, 0xf8, 0xff,
    0x00, 0x00, 0xf8, 0xff, 0x00, 0x00, 0xf8, 0xff, 0x00, 0x00, 0xf8, 0xff,
    0x00, 0x00, 0xf8, 0xff, 0x00, 0x00, 0xf8, 0xff, 0x00, 0x00, 0xf8, 0xff,
    0x00, 0x00, 0xf8, 0xff, 0x00, 0x00, 0xf8, 0xff, 0x00, 0x00, 0xf8, 0xff,
    0x00, 0x00, 0xf8, 0xff, 0x00, 0x00, 0xf8, 0xff, 0x00, 0x00, 0xf8, 0xff,
    0x00, 0x00, 0xf8, 0xff, 0x00, 0x00, 0xf8, 0xff, 0x00, 0x00, 0xf8, 0xfb,
    0x00, 0x00, 0xf8, 0xfb, 0x00, 0x00, 0xf8, 0xa2, 0x00, 0x00, 0xf8, 0x38,
    0x00, 0x00, 0xf8, 0x00, 0xf8, 0xfc, 0xf8, 0x00, 0xf8, 0xfc, 0xf8, 0x00,
    0xf8, 0xfc, 0xf8, 0x00, 0xf8, 0xfc, 0xf8, 0x00, 0xf8, 0xfc, 0xf8, 0x00,
    0xf8, 0xfc, 0xf8, 0x00, 0xf8, 0xfc, 0xf8, 0x00, 0xf8, 0xfc, 0xf8, 0x00,
    0xf8, 0xfc, 0xf8, 0x00, 0xf8, 0xfc, 0xf8, 0x00, 0xf8, 0xfc, 0xf8, 0x00,
    0xf8, 0xfc, 0xf8, 0x00, 0xf8, 0xfc, 0xf8, 0x00, 0xf8, 0xfc, 0xf8, 0x00,
    0xf8, 0xfc, 0xf8, 0x00, 0xf8, 0xfc, 0xf8, 0x00, 0xf8, 0xfc, 0xf8, 0x00,
    0xf8, 0xfc, 0xf8, 0x00, 0xf8, 0xfc, 0xf8, 0x00, 0xf8, 0xfc, 0xf8, 0x00,
    0xf8, 0xfc, 0xf8, 0x00, 0xf8, 0xfc, 0xf8, 0x00, 0xf8, 0xfc, 0xf8, 0x00,
    0xf8, 0xfc, 0xf8, 0x00, 0xf8, 0xfc, 0xf8, 0x00, 0xf8, 0xfc, 0xf8, 0x00,
    0xf8, 0xfc, 0xf8, 0x00, 0xf8, 0xfc, 0xf8, 0x00, 0xf8, 0xfc, 0xf8, 0x00,
    0xf8, 0xfc, 0xf8, 0x00, 0xf8, 0xfc, 0xf8, 0x00, 0xf8, 0xfc, 0xf8, 0x00,
    0xf8, 0xfc, 0xf8, 0x00, 0xf8, 0xfc, 0xf8, 0x00, 0xf8, 0xfc, 0xf8, 0x00,
    0xf8, 0xfc, 0xf8, 0x00, 0xf8, 0xfc, 0xf8, 0x00, 0xf8, 0xfc, 0xf8, 0x00,
    0xf8, 0xfc, 0xf8, 0x00, 0xf8, 0xfc, 0xf8, 0x00, 0xf8, 0xfc, 0xf8, 0x00,
    0xf8, 0xfc, 0xf8, 0x00, 0xf8, 0xfc, 0xf8, 0x00, 0xf8, 0xfc, 0xf8, 0x00,
    0xf8, 0xfc, 0xf8, 0x00, 0xf8, 0xfc, 0xf8, 0x00, 0xf8, 0xfc, 0xf8, 0x00,
    0xf8, 0xfc, 0xf8, 0x00, 0xf8, 0xfc, 0xf8, 0x00, 0xf8, 0xfc, 0xf8, 0x00,
    0xf8, 0xfc, 0xf8, 0x00, 0xf8, 0xfc, 0xf8, 0x00, 0xf8, 0xfc, 0xf8, 0x00,
    0xf8, 0xfc, 0xf8, 0x00, 0xf8, 0xfc, 0xf8, 0x00, 0xf8, 0xfc, 0xf8, 0x00,
    0xf8, 0xfc, 0xf8, 0x00, 0xf8, 0xfc, 0xf8, 0x00, 0xf8, 0xfc, 0xf8, 0x00,
    0xf8, 0xfc, 0xf8, 0x00, 0xf8, 0xfc, 0xf8, 0x00, 0xf8, 0xfc, 0xf8, 0x00,
    0xf8, 0xfc, 0xf8, 0x00, 0xf8, 0xfc, 0xf8, 0x00, 0xf8, 0xfc, 0xf8, 0x00,
    0xf8, 0xfc, 0xf8, 0x00, 0xf8, 0xfc, 0xf8, 0x00, 0xf8, 0xfc, 0xf8, 0x00,
    0xf8, 0xfc, 0xf8, 0x00, 0xf8, 0xfc, 0xf8, 0x00, 0xf8, 0xfc, 0xf8, 0x00,
    0xf8, 0xfc, 0xf8, 0x00, 0xf8, 0xfc, 0xf8, 0x00, 0xf8, 0xfc, 0xf8, 0x00,
    0xf8, 0xfc, 0xf8, 0x00, 0xf8, 0xfc, 0xf8, 0x00, 0xf8, 0xfc, 0xf8, 0x00,
    0xf8, 0xfc, 0xf8, 0x00, 0xf8, 0xfc, 0xf8, 0x00, 0xf8, 0xfc, 0xf8, 0x00,
    0xf8, 0xfc, 0xf8, 0x00, 0xf8, 0xfc, 0xf8, 0x00, 0xf8, 0xfc, 0xf8, 0x00,
    0xf8, 0xfc, 0xf8, 0x00, 0xf8, 0xfc, 0xf8, 0x00, 0xf8, 0xfc, 0xf8, 0x00,
    0xf8, 0xfc, 0xf8, 0x00, 0xf8, 0xfc, 0xf8, 0x00, 0xf8, 0xfc, 0xf8, 0x00,
    0xf8, 0xfc, 0xf8, 0x00, 0xf8, 0xfc, 0xf8, 0x00, 0xf8, 0xfc, 0xf8, 0x00,
    0xf8, 0xfc, 0xf8, 0x00, 0xf8, 0xfc, 0xf8, 0x00, 0xf8, 0xfc, 0xf8, 0x00,
    0xf8, 0xfc, 0xf8, 0x00, 0xf8, 0xfc, 0xf8, 0x00, 0xf8, 0xfc, 0xf8, 0x00,
    0xf8, 0xfc, 0xf8, 0x00, 0xf8, 0xfc, 0xf8, 0x00, 0xf8, 0xfc, 0xf8, 0x00,
    0xf8, 0xfc, 0xf8, 0x00, 0xf8, 0xfc, 0xf8, 0x00, 0xf8, 0xfc, 0xf8, 0x00,
    0xf8, 0xfc, 0xf8, 0x00, 0xf8, 0xfc, 0xf8, 0x00, 0xf8, 0xfc, 0xf8, 0x00,
    0xf8, 0xfc, 0xf8, 0x00, 0xf8, 0xfc, 0xf8, 0x00, 0xf8, 0xfc, 0xf8, 0x00,
    0xf8, 0xfc, 0xf8, 0x00, 0xf8, 0xfc, 0xf8, 0x00, 0xf8, 0xfc, 0xf8, 0x00,
    0x00, 0x00, 0xf8, 0x14, 0x00, 0x00, 0xf8, 0x75, 0x00, 0x00, 0xf8, 0xcb,
    0x00, 0x00, 0xf8, 0xff, 0x00, 0x00, 0xf8, 0xff, 0x00, 0x00, 0xf8, 0xfb,
    0x00, 0x00, 0xf8, 0xff, 0x00, 0x00, 0xf8, 0xff, 0x00, 0x00, 0xf8, 0xff,
    0x00, 0x00, 0xf8, 0xff, 0x00, 0x00, 0xf8, 0xff, 0x00, 0x00, 0xf8, 0xff,
    0x00, 0x00, 0xf8, 0xff, 0x00, 0x00, 0xf8, 0xff, 0x00, 0x00, 0xf8, 0xff,
    0x00, 0x00, 0xf8, 0xff, 0x00, 0x00, 0xf8, 0xff, 0x00, 0x00, 0xf8, 0xff,
    0x00, 0x00, 0xf8, 0xff, 0x00, 0x00, 0xf8, 0xff, 0x00, 0x00, 0xf8, 0xff,
    0x00, 0x00, 0xf8, 0xff, 0x00, 0x00, 0xf8, 0xff, 0x00, 0x00, 0xf8, 0xff,
    0x00, 0x00, 0xf8, 0xff, 0x00, 0x00, 0xf8, 0xff, 0x00, 0x00, 0xf8, 0xff,
    0x00, 0x00, 0xf8, 0xff, 0x00, 0x00, 0xf8, 0xff, 0x00, 0x00, 0xf8, 0xff,
    0x00, 0x00, 0xf8, 0xff, 0x00, 0x00, 0xf8, 0xff, 0x00, 0x00, 0xf8, 0xfb,
    0x00, 0x00, 0xf8, 0xff, 0x00, 0x00, 0xf8, 0xff, 0x00, 0x00, 0xf8, 0xcb,
    0x00, 0x00, 0xf8, 0x75, 0x00, 0x00, 0xf8, 0x14, 0xf8, 0xfc, 0xf8, 0x00,
    0xf8, 0xfc, 0xf8, 0x00, 0xf8, 0xfc, 0xf8, 0x00, 0xf8, 0xfc, 0xf8, 0x00,
    0xf8, 0xfc, 0xf8, 0x00, 0xf8, 0xfc, 0xf8, 0x00, 0xf8, 0xfc, 0xf8, 0x00,
    0xf8, 0xfc, 0xf8, 0x00, 0xf8, 0xfc, 0xf8, 0x00, 0xf8, 0xfc, 0xf8, 0x00,
    0xf8, 0xfc, 0xf8, 0x00, 0xf8, 0xfc, 0xf8, 0x00, 0xf8, 0xfc, 0xf8, 0x00,
    0xf8, 0xfc, 0xf8, 0x00, 0xf8, 0xfc, 0xf8, 0x00, 0xf8, 0xfc, 0xf8, 0x00,
    0xf8, 0xfc, 0xf8, 0x00, 0xf8, 0xfc, 0xf8, 0x00, 0xf8, 0xfc, 0xf8, 0x00,
    0xf8, 0xfc, 0xf8, 0x00, 0xf8, 0xfc, 0xf8, 0x00, 0xf8, 0xfc, 0xf8, 0x00,
    0xf8, 0xfc, 0xf8, 0x00, 0xf8, 0xfc, 0xf8, 0x00, 0xf8, 0xfc, 0xf8, 0x00,
    0xf8, 0xfc, 0xf8, 0x00, 0xf8, 0xfc, 0xf8, 0x00, 0xf8, 0xfc, 0xf8, 0x00,
    0xf8, 0xfc, 0xf8, 0x00, 0xf8, 0xfc, 0xf8, 0x00, 0xf8, 0xfc, 0xf8, 0x00,
    0xf8, 0xfc, 0xf8, 0x00, 0xf8, 0xfc, 0xf8, 0x00, 0xf8, 0xfc, 0xf8, 0x00,
    0xf8, 0xfc, 0xf8, 0x00, 0xf8, 0xfc, 0xf8, 0x00, 0xf8, 0xfc, 0xf8, 0x00,
    0xf8, 0xfc, 0xf8, 0x00, 0xf8, 0xfc, 0xf8, 0x00, 0xf8, 0xfc, 0xf8, 0x00,
    0xf8, 0xfc, 0xf8, 0x00, 0xf8, 0xfc, 0xf8, 0x00, 0xf8, 0xfc, 0xf8, 0x00,
    0xf8, 0xfc, 0xf8, 0x00, 0xf8, 0xfc, 0xf8, 0x00, 0xf8, 0xfc, 0xf8, 0x00,
    0xf8, 0xfc, 0xf8, 0x00, 0xf8, 0xfc, 0xf8, 0x00, 0xf8, 0xfc, 0xf8, 0x00,
    0xf8, 0xfc, 0xf8, 0x00, 0xf8, 0xfc, 0xf8, 0x00, 0xf8, 0xfc, 0xf8, 0x00,
    0xf8, 0xfc, 0xf8, 0x00, 0xf8, 0xfc, 0xf8, 0x00, 0xf8, 0xfc, 0xf8, 0x00,
    0xf8, 0xfc, 0xf8, 0x00, 0xf8, 0xfc, 0xf8, 0x00, 0xf8, 0xfc, 0xf8, 0x00,
    0xf8, 0xfc, 0xf8, 0x00, 0xf8, 0xfc, 0xf8, 0x00, 0xf8, 0xfc, 0xf8, 0x00,
    0xf8, 0xfc, 0xf8, 0x00, 0xf8, 0xfc, 0xf8, 0x00, 0xf8, 0xfc, 0xf8, 0x00,
    0xf8, 0xfc, 0xf8, 0x00, 0xf8, 0xfc, 0xf8, 0x00, 0xf8, 0xfc, 0xf8, 0x00,
    0xf8, 0xfc, 0xf8, 0x00, 0xf8, 0xfc, 0xf8, 0x00, 0xf8, 0xfc, 0xf8, 0x00,
    0xf8, 0xfc, 0xf8, 0x00, 0xf8, 0xfc, 0xf8, 0x00, 0xf8, 0xfc, 0xf8, 0x00,
    0xf8, 0xfc, 0xf8, 0x00, 0xf8, 0xfc, 0xf8, 0x00, 0xf8, 0xfc, 0xf8, 0x00,
    0xf8, 0xfc, 0xf8, 0x00, 0xf8, 0xfc, 0xf8, 0x00, 0xf8, 0xfc, 0xf8, 0x00,
    0xf8, 0xfc, 0xf8, 0x00, 0xf8, 0xfc, 0xf8, 0x00, 0xf8, 0xfc, 0xf8, 0x00,
    0xf8, 0xfc, 0xf8, 0x00, 0xf8, 0xfc, 0xf8, 0x00, 0xf8, 0xfc, 0xf8, 0x00,
    0xf8, 0xfc, 0xf8, 0x00, 0xf8, 0xfc, 0xf8, 0x00, 0xf8, 0xfc, 0xf8, 0x00,
    0xf8, 0xfc, 0xf8, 0x00, 0xf8, 0xfc, 0xf8, 0x00, 0xf8, 0xfc, 0xf8, 0x00,
    0xf8, 0xfc, 0xf8, 0x00, 0xf8, 0xfc, 0xf8, 0x00, 0xf8, 0xfc, 0xf8, 0x00,
    0xf8, 0xfc, 0xf8, 0x00, 0xf8, 0xfc, 0xf8, 0x00, 0xf8, 0xfc, 0xf8, 0x00,
    0xf8, 0xfc, 0xf8, 0x00, 0xf8, 0xfc, 0xf8, 0x00, 0xf8, 0xfc, 0xf8, 0x00,
    0xf8, 0xfc, 0xf8, 0x00, 0xf8, 0xfc, 0xf8, 0x00, 0xf8, 0xfc, 0xf8, 0x00,
    0xf8, 0xfc, 0xf8, 0x00, 0xf8, 0xfc, 0xf8, 0x00, 0xf8, 0xfc, 0xf8, 0x00,
    0xf8, 0xfc, 0xf8, 0x00, 0xf8, 0xfc, 0xf8, 0x00, 0xf8, 0xfc, 0xf8, 0x00,
    0xf8, 0xfc, 0xf8, 0x00, 0xf8, 0xfc, 0xf8, 0x00, 0xf8, 0xfc, 0xf8, 0x00,
    0xf8, 0xfc, 0xf8, 0x00, 0xf8, 0xfc, 0xf8, 0x00, 0xf8, 0xfc, 0xf8, 0x00,
    0xf8, 0xfc, 0xf8, 0x00, 0xf8, 0xfc, 0xf8, 0x00, 0xf8, 0xfc, 0xf8, 0x00,
    0xf8, 0xfc, 0xf8, 0x00, 0x00, 0x00, 0xf8, 0x18, 0x00, 0x00, 0xf8, 0x65,
    0x00, 0x00, 0xf8, 0xb2, 0x00, 0x00, 0xf8, 0xf7, 0x00, 0x00, 0xf8, 0xff,
    0x00, 0x00, 0xf8, 0xff, 0x00, 0x00, 0xf8, 0xfb, 0x00, 0x00, 0xf8, 0xff,
    0x00, 0x00, 0xf8, 0xff, 0x00, 0x00, 0xf8, 0xff, 0x00, 0x00, 0xf8, 0xff,
    0x00, 0x00, 0xf8, 0xff, 0x00, 0x00, 0xf8, 0xff, 0x00, 0x00, 0xf8, 0xff,
    0x00, 0x00, 0xf8, 0xff, 0x00, 0x00, 0xf8, 0xff, 0x00, 0x00, 0xf8, 0xff,
    0x00, 0x00, 0xf8, 0xff, 0x00, 0x00, 0xf8, 0xff, 0x00, 0x00, 0xf8, 0xff,
    0x00, 0x00, 0xf8, 0xff, 0x00, 0x00, 0xf8, 0xff, 0x00, 0x00, 0xf8, 0xff,
    0x00, 0x00, 0xf8, 0xff, 0x00, 0x00, 0xf8, 0xff, 0x00, 0x00, 0xf8, 0xfb,
    0x00, 0x00, 0xf8, 0xff, 0x00, 0x00, 0xf8, 0xff, 0x00, 0x00, 0xf8, 0xf7,
    0x00, 0x00, 0xf8, 0xb2, 0x00, 0x00, 0xf8, 0x65, 0x00, 0x00, 0xf8, 0x18,
    0xf8, 0xfc, 0xf8, 0x00, 0xf8, 0xfc, 0xf8, 0x00, 0xf8, 0xfc, 0xf8, 0x00,
    0xf8, 0xfc, 0xf8, 0x00, 0xf8, 0xfc, 0xf8, 0x00, 0xf8, 0xfc, 0xf8, 0x00,
    0xf8, 0xfc, 0xf8, 0x00, 0xf8, 0xfc, 0xf8, 0x00, 0xf8, 0xfc, 0xf8, 0x00,
    0xf8, 0xfc, 0xf8, 0x00, 0xf8, 0xfc, 0xf8, 0x00, 0xf8, 0xfc, 0xf8, 0x00,
    0xf8, 0xfc, 0xf8, 0x00, 0xf8, 0xfc, 0xf8, 0x00, 0xf8, 0xfc, 0xf8, 0x00,
    0xf8, 0xfc, 0xf8, 0x00, 0xf8, 0xfc, 0xf8, 0x00, 0xf8, 0xfc, 0xf8, 0x00,
    0xf8, 0xfc, 0xf8, 0x00, 0xf8, 0xfc, 0xf8, 0x00, 0xf8, 0xfc, 0xf8, 0x00,
    0xf8, 0xfc, 0xf8, 0x00, 0xf8, 0xfc, 0xf8, 0x00, 0xf8, 0xfc, 0xf8, 0x00,
    0xf8, 0xfc, 0xf8, 0x00, 0xf8, 0xfc, 0xf8, 0x00, 0xf8, 0xfc, 0xf8, 0x00,
    0xf8, 0xfc, 0xf8, 0x00, 0xf8, 0xfc, 0xf8, 0x00, 0xf8, 0xfc, 0xf8, 0x00,
    0xf8, 0xfc, 0xf8, 0x00, 0xf8, 0xfc, 0xf8, 0x00, 0xf8, 0xfc, 0xf8, 0x00,
    0xf8, 0xfc, 0xf8, 0x00, 0xf8, 0xfc, 0xf8, 0x00, 0xf8, 0xfc, 0xf8, 0x00,
    0xf8, 0xfc, 0xf8, 0x00, 0xf8, 0xfc, 0xf8, 0x00, 0xf8, 0xfc, 0xf8, 0x00,
    0xf8, 0xfc, 0xf8, 0x00, 0xf8, 0xfc, 0xf8, 0x00, 0xf8, 0xfc, 0xf8, 0x00,
    0xf8, 0xfc, 0xf8, 0x00, 0xf8, 0xfc, 0xf8, 0x00, 0xf8, 0xfc, 0xf8, 0x00,
    0xf8, 0xfc, 0xf8, 0x00, 0xf8, 0xfc, 0xf8, 0x00, 0xf8, 0xfc, 0xf8, 0x00,
    0xf8, 0xfc, 0xf8, 0x00, 0xf8, 0xfc, 0xf8, 0x00, 0xf8, 0xfc, 0xf8, 0x00,
    0xf8, 0xfc, 0xf8, 0x00, 0xf8, 0xfc, 0xf8, 0x00, 0xf8, 0xfc, 0xf8, 0x00,
    0xf8, 0xfc, 0xf8, 0x00, 0xf8, 0xfc, 0xf8, 0x00, 0xf8, 0xfc, 0xf8, 0x00,
    0xf8, 0xfc, 0xf8, 0x00, 0xf8, 0xfc, 0xf8, 0x00, 0xf8, 0xfc, 0xf8, 0x00,
    0xf8, 0xfc, 0xf8, 0x00, 0xf8, 0xfc, 0xf8, 0x00, 0xf8, 0xfc, 0xf8, 0x00,
    0xf8, 0xfc, 0xf8, 0x00, 0xf8, 0xfc, 0xf8, 0x00, 0xf8, 0xfc, 0xf8, 0x00,
    0xf8, 0xfc, 0xf8, 0x00, 0xf8, 0xfc, 0xf8, 0x00, 0xf8, 0xfc, 0xf8, 0x00,
    0xf8, 0xfc, 0xf8, 0x00, 0xf8, 0xfc, 0xf8, 0x00, 0xf8, 0xfc, 0xf8, 0x00,
    0xf8, 0xfc, 0xf8, 0x00, 0xf8, 0xfc, 0xf8, 0x00, 0xf8, 0xfc, 0xf8, 0x00,
    0xf8, 0xfc, 0xf8, 0x00, 0xf8, 0xfc, 0xf8, 0x00, 0xf8, 0xfc, 0xf8, 0x00,
    0xf8, 0xfc, 0xf8, 0x00, 0xf8, 0xfc, 0xf8, 0x00, 0xf8, 0xfc, 0xf8, 0x00,
    0xf8, 0xfc, 0xf8, 0x00, 0xf8, 0xfc, 0xf8, 0x00, 0xf8, 0xfc, 0xf8, 0x00,
    0xf8, 0xfc, 0xf8, 0x00, 0xf8, 0xfc, 0xf8, 0x00, 0xf8, 0xfc, 0xf8, 0x00,
    0xf8, 0xfc, 0xf8, 0x00, 0xf8, 0xfc, 0xf8, 0x00, 0xf8, 0xfc, 0xf8, 0x00,
    0xf8, 0xfc, 0xf8, 0x00, 0xf8, 0xfc, 0xf8, 0x00, 0xf8, 0xfc, 0xf8, 0x00,
    0xf8, 0xfc, 0xf8, 0x00, 0xf8, 0xfc, 0xf8, 0x00, 0xf8, 0xfc, 0xf8, 0x00,
    0xf8, 0xfc, 0xf8, 0x00, 0xf8, 0xfc, 0xf8, 0x00, 0xf8, 0xfc, 0xf8, 0x00,
    0xf8, 0xfc, 0xf8, 0x00, 0xf8, 0xfc, 0xf8, 0x00, 0xf8, 0xfc, 0xf8, 0x00,
    0xf8, 0xfc, 0xf8, 0x00, 0xf8, 0xfc, 0xf8, 0x00, 0xf8, 0xfc, 0xf8, 0x00,
    0xf8, 0xfc, 0xf8, 0x00, 0xf8, 0xfc, 0xf8, 0x00, 0xf8, 0xfc, 0xf8, 0x00,
    0xf8, 0xfc, 0xf8, 0x00, 0xf8, 0xfc, 0xf8, 0x00, 0xf8, 0xfc, 0xf8, 0x00,
    0xf8, 0xfc, 0xf8, 0x00, 0xf8, 0xfc, 0xf8, 0x00, 0xf8, 0xfc, 0xf8, 0x00,
    0xf8, 0xfc, 0xf8, 0x00, 0xf8, 0xfc, 0xf8, 0x00, 0xf8, 0xfc, 0xf8, 0x00,
    0xf8, 0xfc, 0xf8, 0x00, 0xf8, 0xfc, 0xf8, 0x00, 0xf8, 0xfc, 0xf8, 0x00,
    0xf8, 0xfc, 0xf8, 0x00, 0xf8, 0xfc, 0xf8, 0x00, 0xf8, 0xfc, 0xf8, 0x00,
    0xf8, 0xfc, 0xf8, 0x00, 0xf8, 0xfc, 0xf8, 0x00, 0x00, 0x00, 0xf8, 0x08,
    0x00, 0x00, 0xf8, 0x30, 0x00, 0x00, 0xf8, 0x65, 0x00, 0x00, 0xf8, 0x9a,
    0x00, 0x00, 0xf8, 0xcf, 0x00, 0x00, 0xf8, 0xfb, 0x00, 0x00, 0xf8, 0xff,
    0x00, 0x00, 0xf8, 0xff, 0x00, 0x00, 0xf8, 0xff, 0x00, 0x00, 0xf8, 0xff,
    0x00, 0x00, 0xf8, 0xfb, 0x00, 0x00, 0xf8, 0xfb, 0x00, 0x00, 0xf8, 0xfb,
    0x00, 0x00, 0xf8, 0xfb, 0x00, 0x00, 0xf8, 0xfb, 0x00, 0x00, 0xf8, 0xfb,
    0x00, 0x00, 0xf8, 0xff, 0x00, 0x00, 0xf8, 0xff, 0x00, 0x00, 0xf8, 0xff,
    0x00, 0x00, 0xf8, 0xff, 0x00, 0x00, 0xf8, 0xfb, 0x00, 0x00, 0xf8, 0xcf,
    0x00, 0x00, 0xf8, 0x96, 0x00, 0x00, 0xf8, 0x65, 0x00, 0x00, 0xf8, 0x30,
    0x00, 0x00, 0xf8, 0x08, 0xf8, 0xfc, 0xf8, 0x00, 0xf8, 0xfc, 0xf8, 0x00,
    0xf8, 0xfc, 0xf8, 0x00, 0xf8, 0xfc, 0xf8, 0x00, 0xf8, 0xfc, 0xf8, 0x00,
    0xf8, 0xfc, 0xf8, 0x00, 0xf8, 0xfc, 0xf8, 0x00, 0xf8, 0xfc, 0xf8, 0x00,
    0xf8, 0xfc, 0xf8, 0x00, 0xf8, 0xfc, 0xf8, 0x00, 0xf8, 0xfc, 0xf8, 0x00,
    0xf8, 0xfc, 0xf8, 0x00, 0xf8, 0xfc, 0xf8, 0x00, 0xf8, 0xfc, 0xf8, 0x00,
    0xf8, 0xfc, 0xf8, 0x00, 0xf8, 0xfc, 0xf8, 0x00, 0xf8, 0xfc, 0xf8, 0x00,
    0xf8, 0xfc, 0xf8, 0x00, 0xf8, 0xfc, 0xf8, 0x00, 0xf8, 0xfc, 0xf8, 0x00,
    0xf8, 0xfc, 0xf8, 0x00, 0xf8, 0xfc, 0xf8, 0x00, 0xf8, 0xfc, 0xf8, 0x00,
    0xf8, 0xfc, 0xf8, 0x00, 0xf8, 0xfc, 0xf8, 0x00, 0xf8, 0xfc, 0xf8, 0x00,
    0xf8, 0xfc, 0xf8, 0x00, 0xf8, 0xfc, 0xf8, 0x00, 0xf8, 0xfc, 0xf8, 0x00,
    0xf8, 0xfc, 0xf8, 0x00, 0xf8, 0xfc, 0xf8, 0x00, 0xf8, 0xfc, 0xf8, 0x00,
    0xf8, 0xfc, 0xf8, 0x00, 0xf8, 0xfc, 0xf8, 0x00, 0xf8, 0xfc, 0xf8, 0x00,
    0xf8, 0xfc, 0xf8, 0x00, 0xf8, 0xfc, 0xf8, 0x00, 0xf8, 0xfc, 0xf8, 0x00,
    0xf8, 0xfc, 0xf8, 0x00, 0xf8, 0xfc, 0xf8, 0x00, 0xf8, 0xfc, 0xf8, 0x00,
    0xf8, 0xfc, 0xf8, 0x00, 0xf8, 0xfc, 0xf8, 0x00, 0xf8, 0xfc, 0xf8, 0x00,
    0xf8, 0xfc, 0xf8, 0x00, 0xf8, 0xfc, 0xf8, 0x00, 0xf8, 0xfc, 0xf8, 0x00,
    0xf8, 0xfc, 0xf8, 0x00, 0xf8, 0xfc, 0xf8, 0x00, 0xf8, 0xfc, 0xf8, 0x00,
    0xf8, 0xfc, 0xf8, 0x00, 0xf8, 0xfc, 0xf8, 0x00, 0xf8, 0xfc, 0xf8, 0x00,
    0xf8, 0xfc, 0xf8, 0x00, 0xf8, 0xfc, 0xf8, 0x00, 0xf8, 0xfc, 0xf8, 0x00,
    0xf8, 0xfc, 0xf8, 0x00, 0xf8, 0xfc, 0xf8, 0x00, 0xf8, 0xfc, 0xf8, 0x00,
    0xf8, 0xfc, 0xf8, 0x00, 0xf8, 0xfc, 0xf8, 0x00, 0xf8, 0xfc, 0xf8, 0x00,
    0xf8, 0xfc, 0xf8, 0x00, 0xf8, 0xfc, 0xf8, 0x00, 0xf8, 0xfc, 0xf8, 0x00,
    0xf8, 0xfc, 0xf8, 0x00, 0xf8, 0xfc, 0xf8, 0x00, 0xf8, 0xfc, 0xf8, 0x00,
    0xf8, 0xfc, 0xf8, 0x00, 0xf8, 0xfc, 0xf8, 0x00, 0xf8, 0xfc, 0xf8, 0x00,
    0xf8, 0xfc, 0xf8, 0x00, 0xf8, 0xfc, 0xf8, 0x00, 0xf8, 0xfc, 0xf8, 0x00,
    0xf8, 0xfc, 0xf8, 0x00, 0xf8, 0xfc, 0xf8, 0x00, 0xf8, 0xfc, 0xf8, 0x00,
    0xf8, 0xfc, 0xf8, 0x00, 0xf8, 0xfc, 0xf8, 0x00, 0xf8, 0xfc, 0xf8, 0x00,
    0xf8, 0xfc, 0xf8, 0x00, 0xf8, 0xfc, 0xf8, 0x00, 0xf8, 0xfc, 0xf8, 0x00,
    0xf8, 0xfc, 0xf8, 0x00, 0xf8, 0xfc, 0xf8, 0x00, 0xf8, 0xfc, 0xf8, 0x00,
    0xf8, 0xfc, 0xf8, 0x00, 0xf8, 0xfc, 0xf8, 0x00, 0xf8, 0xfc, 0xf8, 0x00,
    0xf8, 0xfc, 0xf8, 0x00, 0xf8, 0xfc, 0xf8, 0x00, 0xf8, 0xfc, 0xf8, 0x00,
    0xf8, 0xfc, 0xf8, 0x00, 0xf8, 0xfc, 0xf8, 0x00, 0xf8, 0xfc, 0xf8, 0x00,
    0xf8, 0xfc, 0xf8, 0x00, 0xf8, 0xfc, 0xf8, 0x00, 0xf8, 0xfc, 0xf8, 0x00,
    0xf8, 0xfc, 0xf8, 0x00, 0xf8, 0xfc, 0xf8, 0x00, 0xf8, 0xfc, 0xf8, 0x00,
    0xf8, 0xfc, 0xf8, 0x00, 0xf8, 0xfc, 0xf8, 0x00, 0xf8, 0xfc, 0xf8, 0x00,
    0xf8, 0xfc, 0xf8, 0x00, 0xf8, 0xfc, 0xf8, 0x00, 0xf8, 0xfc, 0xf8, 0x00,
    0xf8, 0xfc, 0xf8, 0x00, 0xf8, 0xfc, 0xf8, 0x00, 0xf8, 0xfc, 0xf8, 0x00,
    0xf8, 0xfc, 0xf8, 0x00, 0xf8, 0xfc, 0xf8, 0x00, 0xf8, 0xfc, 0xf8, 0x00,
    0xf8, 0xfc, 0xf8, 0x00, 0xf8, 0xfc, 0xf8, 0x00, 0xf8, 0xfc, 0xf8, 0x00,
    0xf8, 0xfc, 0xf8, 0x00, 0xf8, 0xfc, 0xf8, 0x00, 0xf8, 0xfc, 0xf8, 0x00,
    0xf8, 0xfc, 0xf8, 0x00, 0xf8, 0xfc, 0xf8, 0x00, 0xf8, 0xfc, 0xf8, 0x00,
    0xf8, 0xfc, 0xf8, 0x00, 0xf8, 0xfc, 0xf8, 0x00, 0xf8, 0xfc, 0xf8, 0x00,
    0xf8, 0xfc, 0xf8, 0x00, 0xf8, 0xfc, 0xf8, 0x00, 0xf8, 0xfc, 0xf8, 0x00,
    0xf8, 0xfc, 0xf8, 0x00, 0xf8, 0xfc, 0xf8, 0x00, 0xf8, 0xfc, 0xf8, 0x00,
    0xf8, 0xfc, 0xf8, 0x00, 0xf8, 0xfc, 0xf8, 0x00, 0x00, 0x00, 0xf8, 0x00,
    0x00, 0x00, 0xf8, 0x14, 0x00, 0x00, 0xf8, 0x30, 0x00, 0x00, 0xf8, 0x49,
    0x00, 0x00, 0xf8, 0x61, 0x00, 0x00, 0xf8, 0x75, 0x00, 0x00, 0xf8, 0x7d,
    0x00, 0x00, 0xf8, 0x82, 0x00, 0x00, 0xf8, 0x82, 0x00, 0x00, 0xf8, 0x7d,
    0x00, 0x00, 0xf8, 0x75, 0x00, 0x00, 0xf8, 0x61, 0x00, 0x00, 0xf8, 0x49,
    0x00, 0x00, 0xf8, 0x2c, 0x00, 0x00, 0xf8, 0x14, 0x00, 0x00, 0xf8, 0x04,
    0xf8, 0xfc, 0xf8, 0x00, 0xf8, 0xfc, 0xf8, 0x00, 0xf8, 0xfc, 0xf8, 0x00,
    0xf8, 0xfc, 0xf8, 0x00, 0xf8, 0xfc, 0xf8, 0x00, 0xf8, 0xfc, 0xf8, 0x00,
    0xf8, 0xfc, 0xf8, 0x00, 0xf8, 0xfc, 0xf8, 0x00, 0xf8, 0xfc, 0xf8, 0x00,
    0xf8, 0xfc, 0xf8, 0x00, 0xf8, 0xfc, 0xf8, 0x00, 0xf8, 0xfc, 0xf8, 0x00,
    0xf8, 0xfc, 0xf8, 0x00, 0xf8, 0xfc, 0xf8, 0x00, 0xf8, 0xfc, 0xf8, 0x00,
    0xf8, 0xfc, 0xf8, 0x00, 0xf8, 0xfc, 0xf8, 0x00, 0xf8, 0xfc, 0xf8, 0x00,
    0xf8, 0xfc, 0xf8, 0x00, 0xf8, 0xfc, 0xf8, 0x00, 0xf8, 0xfc, 0xf8, 0x00,
    0xf8, 0xfc, 0xf8, 0x00, 0xf8, 0xfc, 0xf8, 0x00, 0xf8, 0xfc, 0xf8, 0x00,
    0xf8, 0xfc, 0xf8, 0x00, 0xf8, 0xfc, 0xf8, 0x00, 0xf8, 0xfc, 0xf8, 0x00,
    0xf8, 0xfc, 0xf8, 0x00, 0xf8, 0xfc, 0xf8, 0x00, 0xf8, 0xfc, 0xf8, 0x00,
    0xf8, 0xfc, 0xf8, 0x00, 0xf8, 0xfc, 0xf8, 0x00, 0xf8, 0xfc, 0xf8, 0x00,
    0xf8, 0xfc, 0xf8, 0x00, 0xf8, 0xfc, 0xf8, 0x00, 0xf8, 0xfc, 0xf8, 0x00,
    0xf8, 0xfc, 0xf8, 0x00, 0xf8, 0xfc, 0xf8, 0x00, 0xf8, 0xfc, 0xf8, 0x00,
    0xf8, 0xfc, 0xf8, 0x00, 0xf8, 0xfc, 0xf8, 0x00, 0xf8, 0xfc, 0xf8, 0x00,
    0xf8, 0xfc, 0xf8, 0x00, 0xf8, 0xfc, 0xf8, 0x00, 0xf8, 0xfc, 0xf8, 0x00,
    0xf8, 0xfc, 0xf8, 0x00, 0xf8, 0xfc, 0xf8, 0x00, 0xf8, 0xfc, 0xf8, 0x00,
    0xf8, 0xfc, 0xf8, 0x00, 0xf8, 0xfc, 0xf8, 0x00, 0xf8, 0xfc, 0xf8, 0x00,
    0xf8, 0xfc, 0xf8, 0x00, 0xf8, 0xfc, 0xf8, 0x00, 0xf8, 0xfc, 0xf8, 0x00,
    0xf8, 0xfc, 0xf8, 0x00, 0xf8, 0xfc, 0xf8, 0x00, 0xf8, 0xfc, 0xf8, 0x00,
    0xf8, 0xfc, 0xf8, 0x00, 0xf8, 0xfc, 0xf8, 0x00, 0xf8, 0xfc, 0xf8, 0x00,
    0xf8, 0xfc, 0xf8, 0x00, 0xf8, 0xfc, 0xf8, 0x00, 0xf8, 0xfc, 0xf8, 0x00,
    0xf8, 0xfc, 0xf8, 0x00, 0xf8, 0xfc, 0xf8, 0x00, 0xf8, 0xfc, 0xf8, 0x00,
    0xf8, 0xfc, 0xf8, 0x00, 0xf8, 0xfc, 0xf8, 0x00, 0xf8, 0xfc, 0xf8, 0x00,
    0xf8, 0xfc, 0xf8, 0x00, 0xf8, 0xfc, 0xf8, 0x00, 0xf8, 0xfc, 0xf8, 0x00,
    0xf8, 0xfc, 0xf8, 0x00, 0xf8, 0xfc, 0xf8, 0x00, 0xf8, 0xfc, 0xf8, 0x00,
    0xf8, 0xfc, 0xf8, 0x00, 0xf8, 0xfc, 0xf8, 0x00, 0xf8, 0xfc, 0xf8, 0x00,
    0xf8, 0xfc, 0xf8, 0x00, 0xf8, 0xfc, 0xf8, 0x00, 0xf8, 0xfc, 0xf8, 0x00,
    0xf8, 0xfc, 0xf8, 0x00, 0xf8, 0xfc, 0xf8, 0x00, 0xf8, 0xfc, 0xf8, 0x00,
    0xf8, 0xfc, 0xf8, 0x00, 0xf8, 0xfc, 0xf8, 0x00, 0xf8, 0xfc, 0xf8, 0x00,
    0xf8, 0xfc, 0xf8, 0x00, 0xf8, 0xfc, 0xf8, 0x00, 0xf8, 0xfc, 0xf8, 0x00,
    0xf8, 0xfc, 0xf8, 0x00, 0xf8, 0xfc, 0xf8, 0x00, 0xf8, 0xfc, 0xf8, 0x00,
    0xf8, 0xfc, 0xf8, 0x00, 0xf8, 0xfc, 0xf8, 0x00, 0xf8, 0xfc, 0xf8, 0x00,
    0xf8, 0xfc, 0xf8, 0x00, 0xf8, 0xfc, 0xf8, 0x00, 0xf8, 0xfc, 0xf8, 0x00,
    0xf8, 0xfc, 0xf8, 0x00, 0xf8, 0xfc, 0xf8, 0x00, 0xf8, 0xfc, 0xf8, 0x00,
    0xf8, 0xfc, 0xf8, 0x00, 0xf8, 0xfc, 0xf8, 0x00, 0xf8, 0xfc, 0xf8, 0x00,
    0xf8, 0xfc, 0xf8, 0x00, 0xf8, 0xfc, 0xf8, 0x00, 0xf8, 0xfc, 0xf8, 0x00,
    0xf8, 0xfc, 0xf8, 0x00, 0xf8, 0xfc, 0xf8, 0x00, 0xf8, 0xfc, 0xf8, 0x00,
    0xf8, 0xfc, 0xf8, 0x00, 0xf8, 0xfc, 0xf8, 0x00, 0xf8, 0xfc, 0xf8, 0x00,
    0xf8, 0xfc, 0xf8, 0x00, 0xf8, 0xfc, 0xf8, 0x00, 0xf8, 0xfc, 0xf8, 0x00,
    0xf8, 0xfc, 0xf8, 0x00, 0xf8, 0xfc, 0xf8, 0x00, 0xf8, 0xfc, 0xf8, 0x00,
    0xf8, 0xfc, 0xf8, 0x00, 0xf8, 0xfc, 0xf8, 0x00, 0xf8, 0xfc, 0xf8, 0x00,
    0xf8, 0xfc, 0xf8, 0x00, 0xf8, 0xfc, 0xf8, 0x00, 0xf8, 0xfc, 0xf8, 0x00,
    0xf8, 0xfc, 0xf8, 0x00, 0xf8, 0xfc, 0xf8, 0x00, 0xf8, 0xfc, 0xf8, 0x00,
    0xf8, 0xfc, 0xf8, 0x00, 0xf8, 0xfc, 0xf8, 0x00, 0xf8, 0xfc, 0xf8, 0x00,
    0xf8, 0xfc, 0xf8, 0x00, 0xf8, 0xfc, 0xf8, 0x00, 0xf8, 0xfc, 0xf8, 0x00,
    0xf8, 0xfc, 0xf8, 0x00, 0xf8, 0xfc, 0xf8, 0x00, 0xf8, 0xfc, 0xf8, 0x00,
    0xf8, 0xfc, 0xf8, 0x00, 0xf8, 0xfc, 0xf8, 0x00, 0xf8, 0xfc, 0xf8, 0x00,
    0xf8, 0xfc, 0xf8, 0x00, 0xf8, 0xfc, 0xf8, 0x00, 0xf8, 0xfc, 0xf8, 0x00,
    0xf8, 0xfc, 0xf8, 0x00, 0xf8, 0xfc, 0xf8, 0x00, 0xf8, 0xfc, 0xf8, 0x00,
    0xf8, 0xfc, 0xf8, 0x00, 0xf8, 0xfc, 0xf8, 0x00, 0xf8, 0xfc, 0xf8, 0x00,
    0xf8, 0xfc, 0xf8, 0x00, 0xf8, 0xfc, 0xf8, 0x00, 0xf8, 0xfc, 0xf8, 0x00,
    0xf8, 0xfc, 0xf8, 0x00, 0xf8, 0xfc, 0xf8, 0x00, 0xf8, 0xfc, 0xf8, 0x00,
    0xf8, 0xfc, 0xf8, 0x00, 0xf8, 0xfc, 0xf8, 0x00, 0xf8, 0xfc, 0xf8, 0x00,
    0xf8, 0xfc, 0xf8, 0x00, 0xf8, 0xfc, 0xf8, 0x00, 0xf8, 0xfc, 0xf8, 0x00,
    0xf8, 0xfc, 0xf8, 0x00, 0xf8, 0xfc, 0xf8, 0x00, 0xf8, 0xfc, 0xf8, 0x00,
    0xf8, 0xfc, 0xf8, 0x00, 0xf8, 0xfc, 0xf8, 0x00, 0xf8, 0xfc, 0xf8, 0x00,
    0xf8, 0xfc, 0xf8, 0x00, 0xf8, 0xfc, 0xf8, 0x00, 0xf8, 0xfc, 0xf8, 0x00,
    0xf8, 0xfc, 0xf8, 0x00, 0xf8, 0xfc, 0xf8, 0x00, 0xf8, 0xfc, 0xf8, 0x00,
    0xf8, 0xfc, 0xf8, 0x00, 0xf8, 0xfc, 0xf8, 0x00, 0xf8, 0xfc, 0xf8, 0x00,
    0xf8, 0xfc, 0xf8, 0x00, 0xf8, 0xfc, 0xf8, 0x00, 0xf8, 0xfc, 0xf8, 0x00,
    0xf8, 0xfc, 0xf8, 0x00, 0xf8, 0xfc, 0xf8, 0x00, 0xf8, 0xfc, 0xf8, 0x00,
    0xf8, 0xfc, 0xf8, 0x00, 0xf8, 0xfc, 0xf8, 0x00, 0xf8, 0xfc, 0xf8, 0x00,
    0xf8, 0xfc, 0xf8, 0x00, 0xf8, 0xfc, 0xf8, 0x00, 0xf8, 0xfc, 0xf8, 0x00,
    0xf8, 0xfc, 0xf8, 0x00, 0xf8, 0xfc, 0xf8, 0x00, 0xf8, 0xfc, 0xf8, 0x00,
    0xf8, 0xfc, 0xf8, 0x00, 0xf8, 0xfc, 0xf8, 0x00, 0xf8, 0xfc, 0xf8, 0x00,
    0xf8, 0xfc, 0xf8, 0x00, 0xf8, 0xfc, 0xf8, 0x00, 0xf8, 0xfc, 0xf8, 0x00,
    0xf8, 0xfc, 0xf8, 0x00, 0xf8, 0xfc, 0xf8, 0x00, 0xf8, 0xfc, 0xf8, 0x00,
    0xf8, 0xfc, 0xf8, 0x00, 0xf8, 0xfc, 0xf8, 0x00, 0xf8, 0xfc, 0xf8, 0x00,
    0xf8, 0xfc, 0xf8, 0x00, 0xf8, 0xfc, 0xf8, 0x00, 0xf8, 0xfc, 0xf8, 0x00,
    0xf8, 0xfc, 0xf8, 0x00, 0xf8, 0xfc, 0xf8, 0x00, 0xf8, 0xfc, 0xf8, 0x00,
    0xf8, 0xfc, 0xf8, 0x00, 0xf8, 0xfc, 0xf8, 0x00, 0xf8, 0xfc, 0xf8, 0x00,
    0xf8, 0xfc, 0xf8, 0x00, 0xf8, 0xfc, 0xf8, 0x00, 0xf8, 0xfc, 0xf8, 0x00,
    0xf8, 0xfc, 0xf8, 0x00, 0xf8, 0xfc, 0xf8, 0x00, 0xf8, 0xfc, 0xf8, 0x00,
    0xf8, 0xfc, 0xf8, 0x00, 0xf8, 0xfc, 0xf8, 0x00, 0xf8, 0xfc, 0xf8, 0x00,
    0xf8, 0xfc, 0xf8, 0x00, 0xf8, 0xfc, 0xf8, 0x00, 0xf8, 0xfc, 0xf8, 0x00,
    0xf8, 0xfc, 0xf8, 0x00, 0xf8, 0xfc, 0xf8, 0x00, 0xf8, 0xfc, 0xf8, 0x00,
    0xf8, 0xfc, 0xf8, 0x00, 0xf8, 0xfc, 0xf8, 0x00, 0xf8, 0xfc, 0xf8, 0x00,
    0xf8, 0xfc, 0xf8, 0x00, 0xf8, 0xfc, 0xf8, 0x00, 0xf8, 0xfc, 0xf8, 0x00,
    0xf8, 0xfc, 0xf8, 0x00, 0xf8, 0xfc, 0xf8, 0x00, 0xf8, 0xfc, 0xf8, 0x00,
    0xf8, 0xfc, 0xf8, 0x00, 0xf8, 0xfc, 0xf8, 0x00, 0xf8, 0xfc, 0xf8, 0x00,
    0xf8, 0xfc, 0xf8, 0x00, 0xf8, 0xfc, 0xf8, 0x00, 0xf8, 0xfc, 0xf8, 0x00,
    0xf8, 0xfc, 0xf8, 0x00, 0xf8, 0xfc, 0xf8, 0x00, 0xf8, 0xfc, 0xf8, 0x00,
    0xf8, 0xfc, 0xf8, 0x00, 0xf8, 0xfc, 0xf8, 0x00, 0xf8, 0xfc, 0xf8, 0x00,
    0xf8, 0xfc, 0xf8, 0x00, 0xf8, 0xfc, 0xf8, 0x00, 0xf8, 0xfc, 0xf8, 0x00,
    0xf8, 0xfc, 0xf8, 0x00, 0xf8, 0xfc, 0xf8, 0x00, 0xf8, 0xfc, 0xf8, 0x00,
    0xf8, 0xfc, 0xf8, 0x00, 0xf8, 0xfc, 0xf8, 0x00, 0xf8, 0xfc, 0xf8, 0x00,
    0xf8, 0xfc, 0xf8, 0x00, 0xf8, 0xfc, 0xf8, 0x00, 0xf8, 0xfc, 0xf8, 0x00,
    0xf8, 0xfc, 0xf8, 0x00, 0xf8, 0xfc, 0xf8, 0x00, 0xf8, 0xfc, 0xf8, 0x00,
    0xf8, 0xfc, 0xf8, 0x00, 0xf8, 0xfc, 0xf8, 0x00, 0xf8, 0xfc, 0xf8, 0x00,
    0xf8, 0xfc, 0xf8, 0x00, 0xf8, 0xfc, 0xf8, 0x00, 0xf8, 0xfc, 0xf8, 0x00,
    0xf8, 0xfc, 0xf8, 0x00, 0xf8, 0xfc, 0xf8, 0x00, 0xf8, 0xfc, 0xf8, 0x00,
    0xf8, 0xfc, 0xf8, 0x00, 0xf8, 0xfc, 0xf8, 0x00, 0xf8, 0xfc, 0xf8, 0x00,
    0xf8, 0xfc, 0xf8, 0x00, 0xf8, 0xfc, 0xf8, 0x00, 0xf8, 0xfc, 0xf8, 0x00,
    0xf8, 0xfc, 0xf8, 0x00, 0xf8, 0xfc, 0xf8, 0x00, 0xf8, 0xfc, 0xf8, 0x00,
    0xf8, 0xfc, 0xf8, 0x00, 0xf8, 0xfc, 0xf8, 0x00, 0xf8, 0xfc, 0xf8, 0x00,
    0xf8, 0xfc, 0xf8, 0x00, 0xf8, 0xfc, 0xf8, 0x00, 0xf8, 0xfc, 0xf8, 0x00,
    0xf8, 0xfc, 0xf8, 0x00, 0xf8, 0xfc, 0xf8, 0x00, 0xf8, 0xfc, 0xf8, 0x00,
    0xf8, 0xfc, 0xf8, 0x00, 0xf8, 0xfc, 0xf8, 0x00, 0xf8, 0xfc, 0xf8, 0x00,
    0xf8, 0xfc, 0xf8, 0x00, 0xf8, 0xfc, 0xf8, 0x00, 0xf8, 0xfc, 0xf8, 0x00,
    0xf8, 0xfc, 0xf8, 0x00, 0xf8, 0xfc, 0xf8, 0x00, 0xf8, 0xfc, 0xf8, 0x00,
    0xf8, 0xfc, 0xf8, 0x00, 0xf8, 0xfc, 0xf8, 0x00, 0xf8, 0xfc, 0xf8, 0x00,
    0xf8, 0xfc, 0xf8, 0x00, 0xf8, 0xfc, 0xf8, 0x00, 0xf8, 0xfc, 0xf8, 0x00,
    0xf8, 0xfc, 0xf8, 0x00, 0xf8, 0xfc, 0xf8, 0x00, 0xf8, 0xfc, 0xf8, 0x00,
    0xf8, 0xfc, 0xf8, 0x00, 0xf8, 0xfc, 0xf8, 0x00, 0xf8, 0xfc, 0xf8, 0x00,
    0xf8, 0xfc, 0xf8, 0x00, 0xf8, 0xfc, 0xf8, 0x00, 0xf8, 0xfc, 0xf8, 0x00,
    0xf8, 0xfc, 0xf8, 0x00, 0xf8, 0xfc, 0xf8, 0x00, 0xf8, 0xfc, 0xf8, 0x00,
    0xf8, 0xfc, 0xf8, 0x00, 0xf8, 0xfc, 0xf8, 0x00, 0xf8, 0xfc, 0xf8, 0x00,
    0xf8, 0xfc, 0xf8, 0x00, 0xf8, 0xfc, 0xf8, 0x00, 0xf8, 0xfc, 0xf8, 0x00,
    0xf8, 0xfc, 0xf8, 0x00, 0xf8, 0xfc, 0xf8, 0x00, 0xf8, 0xfc, 0xf8, 0x00,
    0xf8, 0xfc, 0xf8, 0x00, 0xf8, 0xfc, 0xf8, 0x00, 0xf8, 0xfc, 0xf8, 0x00,
    0xf8, 0xfc, 0xf8, 0x00, 0xf8, 0xfc, 0xf8, 0x00, 0xf8, 0xfc, 0xf8, 0x00,
    0xf8, 0xfc, 0xf8, 0x00, 0xf8, 0xfc, 0xf8, 0x00, 0xf8, 0xfc, 0xf8, 0x00,
    0xf8, 0xfc, 0xf8, 0x00, 0xf8, 0xfc, 0xf8, 0x00, 0xf8, 0xfc, 0xf8, 0x00,
    0xf8, 0xfc, 0xf8, 0x00, 0xf8, 0xfc, 0xf8, 0x00, 0xf8, 0xfc, 0xf8, 0x00,
    0xf8, 0xfc, 0xf8, 0x00, 0xf8, 0xfc, 0xf8, 0x00, 0xf8, 0xfc, 0xf8, 0x00,
    0xf8, 0xfc, 0xf8, 0x00, 0xf8, 0xfc, 0xf8, 0x00, 0xf8, 0xfc, 0xf8, 0x00,
    0xf8, 0xfc, 0xf8, 0x00, 0xf8, 0xfc, 0xf8, 0x00, 0xf8, 0xfc, 0xf8, 0x00,
    0xf8, 0xfc, 0xf8, 0x00, 0xf8, 0xfc, 0xf8, 0x00, 0xf8, 0xfc, 0xf8, 0x00,
    0xf8, 0xfc, 0xf8, 0x00, 0xf8, 0xfc, 0xf8, 0x00, 0xf8, 0xfc, 0xf8, 0x00,
    0xf8, 0xfc, 0xf8, 0x00, 0xf8, 0xfc, 0xf8, 0x00, 0xf8, 0xfc, 0xf8, 0x00,
    0xf8, 0xfc, 0xf8, 0x00, 0xf8, 0xfc, 0xf8, 0x00, 0xf8, 0xfc, 0xf8, 0x00,
    0xf8, 0xfc, 0xf8, 0x00, 0xf8, 0xfc, 0xf8, 0x00, 0xf8, 0xfc, 0xf8, 0x00,
    0xf8, 0xfc, 0xf8, 0x00, 0xf8, 0xfc, 0xf8, 0x00, 0xf8, 0xfc, 0xf8, 0x00,
    0xf8, 0xfc, 0xf8, 0x00, 0xf8, 0xfc, 0xf8, 0x00, 0xf8, 0xfc, 0xf8, 0x00,
    0xf8, 0xfc, 0xf8, 0x00, 0xf8, 0xfc, 0xf8, 0x00, 0xf8, 0xfc, 0xf8, 0x00,
    0xf8, 0xfc, 0xf8, 0x00, 0xf8, 0xfc, 0xf8, 0x00, 0xf8, 0xfc, 0xf8, 0x00,
    0xf8, 0xfc, 0xf8, 0x00, 0xf8, 0xfc, 0xf8, 0x00, 0xf8, 0xfc, 0xf8, 0x00,
    0xf8, 0xfc, 0xf8, 0x00, 0xf8, 0xfc, 0xf8, 0x00, 0xf8, 0xfc, 0xf8, 0x00,
    0xf8, 0xfc, 0xf8, 0x00, 0xf8, 0xfc, 0xf8, 0x00, 0xf8, 0xfc, 0xf8, 0x00,
    0xf8, 0xfc, 0xf8, 0x00, 0xf8, 0xfc, 0xf8, 0x00, 0xf8, 0xfc, 0xf8, 0x00,
    0xf8, 0xfc, 0xf8, 0x00, 0xf8, 0xfc, 0xf8, 0x00, 0xf8, 0xfc, 0xf8, 0x00,
    0xf8, 0xfc, 0xf8, 0x00, 0xf8, 0xfc, 0xf8, 0x00, 0xf8, 0xfc, 0xf8, 0x00,
    0xf8, 0xfc, 0xf8, 0x00, 0xf8, 0xfc, 0xf8, 0x00, 0xf8, 0xfc, 0xf8, 0x00,
    0xf8, 0xfc, 0xf8, 0x00, 0xf8, 0xfc, 0xf8, 0x00, 0xf8, 0xfc, 0xf8, 0x00,
    0xf8, 0xfc, 0xf8, 0x00, 0xf8, 0xfc, 0xf8, 0x00, 0xf8, 0xfc, 0xf8, 0x00,
    0xf8, 0xfc, 0xf8, 0x00, 0xf8, 0xfc, 0xf8, 0x00, 0xf8, 0xfc, 0xf8, 0x00,
    0xf8, 0xfc, 0xf8, 0x00, 0xf8, 0xfc, 0xf8, 0x00, 0xf8, 0xfc, 0xf8, 0x00,
    0xf8, 0xfc, 0xf8, 0x00, 0xf8, 0xfc, 0xf8, 0x00, 0xf8, 0xfc, 0xf8, 0x00,
    0xf8, 0xfc, 0xf8, 0x00, 0xf8, 0xfc, 0xf8, 0x00, 0xf8, 0xfc, 0xf8, 0x00,
    0xf8, 0xfc, 0xf8, 0x00, 0xf8, 0xfc, 0xf8, 0x00, 0xf8, 0xfc, 0xf8, 0x00,
    0xf8, 0xfc, 0xf8, 0x00, 0xf8, 0xfc, 0xf8, 0x00, 0xf8, 0xfc, 0xf8, 0x00,
    0xf8, 0xfc, 0xf8, 0x00, 0xf8, 0xfc, 0xf8, 0x00, 0xf8, 0xfc, 0xf8, 0x00,
    0xf8, 0xfc, 0xf8, 0x00, 0xf8, 0xfc, 0xf8, 0x00, 0xf8, 0xfc, 0xf8, 0x00,
    0xf8, 0xfc, 0xf8, 0x00, 0xf8, 0xfc, 0xf8, 0x00, 0xf8, 0xfc, 0xf8, 0x00,
    0xf8, 0xfc, 0xf8, 0x00, 0xf8, 0xfc, 0xf8, 0x00, 0xf8, 0xfc, 0xf8, 0x00,
    0xf8, 0xfc, 0xf8, 0x00, 0xf8, 0xfc, 0xf8, 0x00, 0xf8, 0xfc, 0xf8, 0x00,
    0xf8, 0xfc, 0xf8, 0x00, 0xf8, 0xfc, 0xf8, 0x00, 0xf8, 0xfc, 0xf8, 0x00,
    0xf8, 0xfc, 0xf8, 0x00, 0xf8, 0xfc, 0xf8, 0x00, 0xf8, 0xfc, 0xf8, 0x00,
    0xf8, 0xfc, 0xf8, 0x00, 0xf8, 0xfc, 0xf8, 0x00, 0xf8, 0xfc, 0xf8, 0x00,
    0xf8, 0xfc, 0xf8, 0x00, 0xf8, 0xfc, 0xf8, 0x00, 0xf8, 0xfc, 0xf8, 0x00,
    0xf8, 0xfc, 0xf8, 0x00, 0xf8, 0xfc, 0xf8, 0x00, 0xf8, 0xfc, 0xf8, 0x00,
    0xf8, 0xfc, 0xf8, 0x00, 0xf8, 0xfc, 0xf8, 0x00, 0xf8, 0xfc, 0xf8, 0x00,
    0xf8, 0xfc, 0xf8, 0x00, 0xf8, 0xfc, 0xf8, 0x00, 0xf8, 0xfc, 0xf8, 0x00,
    0xf8, 0xfc, 0xf8, 0x00, 0xf8, 0xfc, 0xf8, 0x00, 0xf8, 0xfc, 0xf8, 0x00,
    0xf8, 0xfc, 0xf8, 0x00, 0xf8, 0xfc, 0xf8, 0x00, 0xf8, 0xfc, 0xf8, 0x00,
    0xf8, 0xfc, 0xf8, 0x00, 0xf8, 0xfc, 0xf8, 0x00, 0xf8, 0xfc, 0xf8, 0x00,
    0xf8, 0xfc, 0xf8, 0x00, 0xf8, 0xfc, 0xf8, 0x00, 0xf8, 0xfc, 0xf8, 0x00,
    0xf8, 0xfc, 0xf8, 0x00, 0xf8, 0xfc, 0xf8, 0x00, 0xf8, 0xfc, 0xf8, 0x00,
    0xf8, 0xfc, 0xf8, 0x00, 0xf8, 0xfc, 0xf8, 0x00, 0xf8, 0xfc, 0xf8, 0x00,
    0xf8, 0xfc, 0xf8, 0x00, 0xf8, 0xfc, 0xf8, 0x00, 0xf8, 0xfc, 0xf8, 0x00,
    0xf8, 0xfc, 0xf8, 0x00, 0xf8, 0xfc, 0xf8, 0x00, 0xf8, 0xfc, 0xf8, 0x00,
    0xf8, 0xfc, 0xf8, 0x00, 0xf8, 0xfc, 0xf8, 0x00, 0xf8, 0xfc, 0xf8, 0x00,
    0xf8, 0xfc, 0xf8, 0x00, 0xf8, 0xfc, 0xf8, 0x00, 0xf8, 0xfc, 0xf8, 0x00,
    0xf8, 0xfc, 0xf8, 0x00, 0xf8, 0xfc, 0xf8, 0x00, 0xf8, 0xfc, 0xf8, 0x00,
    0xf8, 0xfc, 0xf8, 0x00, 0xf8, 0xfc, 0xf8, 0x00, 0xf8, 0xfc, 0xf8, 0x00,
    0xf8, 0xfc, 0xf8, 0x00, 0xf8, 0xfc, 0xf8, 0x00, 0xf8, 0xfc, 0xf8, 0x00,
    0xf8, 0xfc, 0xf8, 0x00, 0xf8, 0xfc, 0xf8, 0x00, 0xf8, 0xfc, 0xf8, 0x00,
    0xf8, 0xfc, 0xf8, 0x00, 0xf8, 0xfc, 0xf8, 0x00, 0xf8, 0xfc, 0xf8, 0x00,
    0xf8, 0xfc, 0xf8, 0x00, 0xf8, 0xfc, 0xf8, 0x00, 0xf8, 0xfc, 0xf8, 0x00,
    0xf8, 0xfc, 0xf8, 0x00, 0xf8, 0xfc, 0xf8, 0x00, 0xf8, 0xfc, 0xf8, 0x00,
    0xf8, 0xfc, 0xf8, 0x00, 0xf8, 0xfc, 0xf8, 0x00, 0xf8, 0xfc, 0xf8, 0x00,
    0xf8, 0xfc, 0xf8, 0x00, 0xf8, 0xfc, 0xf8, 0x00, 0xf8, 0xfc, 0xf8, 0x00,
    0xf8, 0xfc, 0xf8, 0x00, 0xf8, 0xfc, 0xf8, 0x00, 0xf8, 0xfc, 0xf8, 0x00,
    0xf8, 0xfc, 0xf8, 0x00, 0xf8, 0xfc, 0xf8, 0x00, 0xf8, 0xfc, 0xf8, 0x00,
    0xf8, 0xfc, 0xf8, 0x00, 0xf8, 0xfc, 0xf8, 0x00, 0xf8, 0xfc, 0xf8, 0x00,
    0xf8, 0xfc, 0xf8, 0x00, 0xf8, 0xfc, 0xf8, 0x00, 0xf8, 0xfc, 0xf8, 0x00,
    0xf8, 0xfc, 0xf8, 0x00, 0xf8, 0xfc, 0xf8, 0x00, 0xf8, 0xfc, 0xf8, 0x00,
    0xf8, 0xfc, 0xf8, 0x00, 0xf8, 0xfc, 0xf8, 0x00, 0xf8, 0xfc, 0xf8, 0x00,
    0xf8, 0xfc, 0xf8, 0x00, 0xf8, 0xfc, 0xf8, 0x00, 0xf8, 0xfc, 0xf8, 0x00,
    0xf8, 0xfc, 0xf8, 0x00, 0xf8, 0xfc, 0xf8, 0x00, 0xf8, 0xfc, 0xf8, 0x00,
    0xf8, 0xfc, 0xf8, 0x00, 0xf8, 0xfc, 0xf8, 0x00, 0xf8, 0xfc, 0xf8, 0x00,
    0xf8, 0xfc, 0xf8, 0x00, 0xf8, 0xfc, 0xf8, 0x00, 0xf8, 0xfc, 0xf8, 0x00,
    0xf8, 0xfc, 0xf8, 0x00, 0xf8, 0xfc, 0xf8, 0x00, 0xf8, 0xfc, 0xf8, 0x00,
    0xf8, 0xfc, 0xf8, 0x00, 0xf8, 0xfc, 0xf8, 0x00, 0xf8, 0xfc, 0xf8, 0x00,
    0xf8, 0xfc, 0xf8, 0x00, 0xf8, 0xfc, 0xf8, 0x00, 0xf8, 0xfc, 0xf8, 0x00,
    0xf8, 0xfc, 0xf8, 0x00, 0xf8, 0xfc, 0xf8, 0x00, 0xf8, 0xfc, 0xf8, 0x00,
    0xf8, 0xfc, 0xf8, 0x00, 0xf8, 0xfc, 0xf8, 0x00, 0xf8, 0xfc, 0xf8, 0x00,
    0xf8, 0xfc, 0xf8, 0x00, 0xf8, 0xfc, 0xf8, 0x00, 0xf8, 0xfc, 0xf8, 0x00,
    0xf8, 0xfc, 0xf8, 0x00, 0xf8, 0xfc, 0xf8, 0x00, 0xf8, 0xfc, 0xf8, 0x00,
    0xf8, 0xfc, 0xf8, 0x00, 0xf8, 0xfc, 0xf8, 0x00, 0xf8, 0xfc, 0xf8, 0x00,
    0xf8, 0xfc, 0xf8, 0x00, 0xf8, 0xfc, 0xf8, 0x00, 0xf8, 0xfc, 0xf8, 0x00,
    0xf8, 0xfc, 0xf8, 0x00, 0xf8, 0xfc, 0xf8, 0x00, 0xf8, 0xfc, 0xf8, 0x00,
    0xf8, 0xfc, 0xf8, 0x00, 0xf8, 0xfc, 0xf8, 0x00, 0xf8, 0xfc, 0xf8, 0x00,
    0xf8, 0xfc, 0xf8, 0x00, 0xf8, 0xfc, 0xf8, 0x00, 0xf8, 0xfc, 0xf8, 0x00,
    0xf8, 0xfc, 0xf8, 0x00, 0xf8, 0xfc, 0xf8, 0x00, 0xf8, 0xfc, 0xf8, 0x00,
    0xf8, 0xfc, 0xf8, 0x00, 0xf8, 0xfc, 0xf8, 0x00, 0xf8, 0xfc, 0xf8, 0x00,
    0xf8, 0xfc, 0xf8, 0x00, 0xf8, 0xfc, 0xf8, 0x00, 0xf8, 0xfc, 0xf8, 0x00,
    0xf8, 0xfc, 0xf8, 0x00, 0xf8, 0xfc, 0xf8, 0x00, 0xf8, 0xfc, 0xf8, 0x00,
    0xf8, 0xfc, 0xf8, 0x00, 0xf8, 0xfc, 0xf8, 0x00, 0xf8, 0xfc, 0xf8, 0x00,
    0xf8, 0xfc, 0xf8, 0x00, 0xf8, 0xfc, 0xf8, 0x00, 0xf8, 0xfc, 0xf8, 0x00,
    0xf8, 0xfc, 0xf8, 0x00, 0xf8, 0xfc, 0xf8, 0x00, 0xf8, 0xfc, 0xf8, 0x00,
    0xf8, 0xfc, 0xf8, 0x00, 0xf8, 0xfc, 0xf8, 0x00, 0xf8, 0xfc, 0xf8, 0x00,
    0xf8, 0xfc, 0xf8, 0x00, 0xf8, 0xfc, 0xf8, 0x00, 0xf8, 0xfc, 0xf8, 0x00,
    0xf8, 0xfc, 0xf8, 0x00, 0xf8, 0xfc, 0xf8, 0x00, 0xf8, 0xfc, 0xf8, 0x00,
    0xf8, 0xfc, 0xf8, 0x00, 0xf8, 0xfc, 0xf8, 0x00, 0xf8, 0xfc, 0xf8, 0x00,
    0xf8, 0xfc, 0xf8, 0x00, 0xf8, 0xfc, 0xf8, 0x00, 0xf8, 0xfc, 0xf8, 0x00,
    0xf8, 0xfc, 0xf8, 0x00, 0xf8, 0xfc, 0xf8, 0x00, 0xf8, 0xfc, 0xf8, 0x00,
    0xf8, 0xfc, 0xf8, 0x00, 0xf8, 0xfc, 0xf8, 0x00, 0xf8, 0xfc, 0xf8, 0x00,
    0xf8, 0xfc, 0xf8, 0x00, 0xf8, 0xfc, 0xf8, 0x00, 0xf8, 0xfc, 0xf8, 0x00,
    0xf8, 0xfc, 0xf8, 0x00, 0xf8, 0xfc, 0xf8, 0x00, 0xf8, 0xfc, 0xf8, 0x00,
    0xf8, 0xfc, 0xf8, 0x00, 0xf8, 0xfc, 0xf8, 0x00, 0xf8, 0xfc, 0xf8, 0x00,
    0xf8, 0xfc, 0xf8, 0x00, 0xf8, 0xfc, 0xf8, 0x00, 0xf8, 0xfc, 0xf8, 0x00,
    0xf8, 0xfc, 0xf8, 0x00, 0xf8, 0xfc, 0xf8, 0x00, 0xf8, 0xfc, 0xf8, 0x00,
    0xf8, 0xfc, 0xf8, 0x00, 0xf8, 0xfc, 0xf8, 0x00, 0xf8, 0xfc, 0xf8, 0x00,
    0xf8, 0xfc, 0xf8, 0x00, 0xf8, 0xfc, 0xf8, 0x00, 0xf8, 0xfc, 0xf8, 0x00,
    0xf8, 0xfc, 0xf8, 0x00, 0xf8, 0xfc, 0xf8, 0x00, 0xf8, 0xfc, 0xf8, 0x00,
    0xf8, 0xfc, 0xf8, 0x00, 0xf8, 0xfc, 0xf8, 0x00, 0xf8, 0xfc, 0xf8, 0x00,
    0xf8, 0xfc, 0xf8, 0x00, 0xf8, 0xfc, 0xf8, 0x00, 0xf8, 0xfc, 0xf8, 0x00,
    0xf8, 0xfc, 0xf8, 0x00, 0xf8, 0xfc, 0xf8, 0x00, 0xf8, 0xfc, 0xf8, 0x00,
    0xf8, 0xfc, 0xf8, 0x00, 0xf8, 0xfc, 0xf8, 0x00, 0xf8, 0xfc, 0xf8, 0x00,
    0xf8, 0xfc, 0xf8, 0x00, 0xf8, 0xfc, 0xf8, 0x00, 0xf8, 0xfc, 0xf8, 0x00,
    0xf8, 0xfc, 0xf8, 0x00, 0xf8, 0xfc, 0xf8, 0x00, 0xf8, 0xfc, 0xf8, 0x00,
    0xf8, 0xfc, 0xf8, 0x00, 0xf8, 0xfc, 0xf8, 0x00, 0xf8, 0xfc, 0xf8, 0x00,
    0xf8, 0xfc, 0xf8, 0x00, 0xf8, 0xfc, 0xf8, 0x00, 0xf8, 0xfc, 0xf8, 0x00,
    0xf8, 0xfc, 0xf8, 0x00, 0xf8, 0xfc, 0xf8, 0x00, 0xf8, 0xfc, 0xf8, 0x00,
    0xf8, 0xfc, 0xf8, 0x00, 0xf8, 0xfc, 0xf8, 0x00, 0xf8, 0xfc, 0xf8, 0x00,
    0xf8, 0xfc, 0xf8, 0x00, 0xf8, 0xfc, 0xf8, 0x00, 0xf8, 0xfc, 0xf8, 0x00,
    0xf8, 0xfc, 0xf8, 0x00, 0xf8, 0xfc, 0xf8, 0x00, 0xf8, 0xfc, 0xf8, 0x00,
    0xf8, 0xfc, 0xf8, 0x00, 0xf8, 0xfc, 0xf8, 0x00, 0xf8, 0xfc, 0xf8, 0x00,
    0xf8, 0xfc, 0xf8, 0x00, 0xf8, 0xfc, 0xf8, 0x00, 0xf8, 0xfc, 0xf8, 0x00,
    0xf8, 0xfc, 0xf8, 0x00, 0xf8, 0xfc, 0xf8, 0x00, 0xf8, 0xfc, 0xf8, 0x00,
    0xf8, 0xfc, 0xf8, 0x00, 0xf8, 0xfc, 0xf8, 0x00, 0xf8, 0xfc, 0xf8, 0x00,
    0xf8, 0xfc, 0xf8, 0x00, 0xf8, 0xfc, 0xf8, 0x00, 0xf8, 0xfc, 0xf8, 0x00,
    0xf8, 0xfc, 0xf8, 0x00, 0xf8, 0xfc, 0xf8, 0x00, 0xf8, 0xfc, 0xf8, 0x00,
    0xf8, 0xfc, 0xf8, 0x00, 0xf8, 0xfc, 0xf8, 0x00, 0xf8, 0xfc, 0xf8, 0x00,
    0xf8, 0xfc, 0xf8, 0x00, 0xf8, 0xfc, 0xf8, 0x00, 0xf8, 0xfc, 0xf8, 0x00,
    0xf8, 0xfc, 0xf8, 0x00, 0xf8, 0xfc, 0xf8, 0x00, 0xf8, 0xfc, 0xf8, 0x00,
    0xf8, 0xfc, 0xf8, 0x00, 0xf8, 0xfc, 0xf8, 0x00, 0xf8, 0xfc, 0xf8, 0x00,
    0xf8, 0xfc, 0xf8, 0x00, 0xf8, 0xfc, 0xf8, 0x00, 0xf8, 0xfc, 0xf8, 0x00,
    0xf8, 0xfc, 0xf8, 0x00, 0xf8, 0xfc, 0xf8, 0x00, 0xf8, 0xfc, 0xf8, 0x00,
    0xf8, 0xfc, 0xf8, 0x00, 0xf8, 0xfc, 0xf8, 0x00, 0xf8, 0xfc, 0xf8, 0x00,
    0xf8, 0xfc, 0xf8, 0x00, 0xf8, 0xfc, 0xf8, 0x00, 0xf8, 0xfc, 0xf8, 0x00,
    0xf8, 0xfc, 0xf8, 0x00, 0xf8, 0xfc, 0xf8, 0x00, 0xf8, 0xfc, 0xf8, 0x00,
    0xf8, 0xfc, 0xf8, 0x00, 0xf8, 0xfc, 0xf8, 0x00, 0xf8, 0xfc, 0xf8, 0x00,
    0xf8, 0xfc, 0xf8, 0x00, 0xf8, 0xfc, 0xf8, 0x00, 0xf8, 0xfc, 0xf8, 0x00,
    0xf8, 0xfc, 0xf8, 0x00, 0xf8, 0xfc, 0xf8, 0x00, 0xf8, 0xfc, 0xf8, 0x00,
    0xf8, 0xfc, 0xf8, 0x00, 0xf8, 0xfc, 0xf8, 0x00, 0xf8, 0xfc, 0xf8, 0x00,
    0xf8, 0xfc, 0xf8, 0x00, 0xf8, 0xfc, 0xf8, 0x00, 0xf8, 0xfc, 0xf8, 0x00,
    0xf8, 0xfc, 0xf8, 0x00, 0xf8, 0xfc, 0xf8, 0x00, 0xf8, 0xfc, 0xf8, 0x00,
    0xf8, 0xfc, 0xf8, 0x00, 0xf8, 0xfc, 0xf8, 0x00, 0xf8, 0xfc, 0xf8, 0x00,
    0xf8, 0xfc, 0xf8, 0x00, 0xf8, 0xfc, 0xf8, 0x00, 0xf8, 0xfc, 0xf8, 0x00,
    0xf8, 0xfc, 0xf8, 0x00, 0xf8, 0xfc, 0xf8, 0x00, 0xf8, 0xfc, 0xf8, 0x00,
    0xf8, 0xfc, 0xf8, 0x00, 0xf8, 0xfc, 0xf8, 0x00, 0xf8, 0xfc, 0xf8, 0x00,
    0xf8, 0xfc, 0xf8, 0x00, 0xf8, 0xfc, 0xf8, 0x00, 0xf8, 0xfc, 0xf8, 0x00,
    0xf8, 0xfc, 0xf8, 0x00, 0xf8, 0xfc, 0xf8, 0x00, 0xf8, 0xfc, 0xf8, 0x00,
    0xf8, 0xfc, 0xf8, 0x00, 0xf8, 0xfc, 0xf8, 0x00, 0xf8, 0xfc, 0xf8, 0x00,
    0xf8, 0xfc, 0xf8, 0x00, 0xf8, 0xfc, 0xf8, 0x00, 0xf8, 0xfc, 0xf8, 0x00,
    0xf8, 0xfc, 0xf8, 0x00, 0xf8, 0xfc, 0xf8, 0x00, 0xf8, 0xfc, 0xf8, 0x00,
    0xf8, 0xfc, 0xf8, 0x00, 0xf8, 0xfc, 0xf8, 0x00, 0xf8, 0xfc, 0xf8, 0x00,
    0xf8, 0xfc, 0xf8, 0x00, 0xf8, 0xfc, 0xf8, 0x00, 0xf8, 0xfc, 0xf8, 0x00,
    0xf8, 0xfc, 0xf8, 0x00, 0xf8, 0xfc, 0xf8, 0x00, 0xf8, 0xfc, 0xf8, 0x00,
    0xf8, 0xfc, 0xf8, 0x00, 0xf8, 0xfc, 0xf8, 0x00, 0xf8, 0xfc, 0xf8, 0x00,
    0xf8, 0xfc, 0xf8, 0x00, 0xf8, 0xfc, 0xf8, 0x00, 0xf8, 0xfc, 0xf8, 0x00,
    0xf8, 0xfc, 0xf8, 0x00, 0xf8, 0xfc, 0xf8, 0x00, 0xf8, 0xfc, 0xf8, 0x00,
    0xf8, 0xfc, 0xf8, 0x00, 0xf8, 0xfc, 0xf8, 0x00, 0xf8, 0xfc, 0xf8, 0x00,
    0xf8, 0xfc, 0xf8, 0x00, 0xf8, 0xfc, 0xf8, 0x00, 0xf8, 0xfc, 0xf8, 0x00,
    0xf8, 0xfc, 0xf8, 0x00, 0xf8, 0xfc, 0xf8, 0x00, 0xf8, 0xfc, 0xf8, 0x00,
    0xf8, 0xfc, 0xf8, 0x00, 0xf8, 0xfc, 0xf8, 0x00, 0xf8, 0xfc, 0xf8, 0x00,
    0xf8, 0xfc, 0xf8, 0x00, 0xf8, 0xfc, 0xf8, 0x00, 0xf8, 0xfc, 0xf8, 0x00,
    0xf8, 0xfc, 0xf8, 0x00, 0xf8, 0xfc, 0xf8, 0x00, 0xf8, 0xfc, 0xf8, 0x00,
    0xf8, 0xfc, 0xf8, 0x00, 0xf8, 0xfc, 0xf8, 0x00, 0xf8, 0xfc, 0xf8, 0x00,
    0xf8, 0xfc, 0xf8, 0x00, 0xf8, 0xfc, 0xf8, 0x00, 0xf8, 0xfc, 0xf8, 0x00,
    0xf8, 0xfc, 0xf8, 0x00, 0xf8, 0xfc, 0xf8, 0x00, 0xf8, 0xfc, 0xf8, 0x00,
    0xf8, 0xfc, 0xf8, 0x00, 0xf8, 0xfc, 0xf8, 0x00, 0xf8, 0xfc, 0xf8, 0x00,
    0xf8, 0xfc, 0xf8, 0x00, 0xf8, 0xfc, 0xf8, 0x00, 0xf8, 0xfc, 0xf8, 0x00,
    0xf8, 0xfc, 0xf8, 0x00, 0xf8, 0xfc, 0xf8, 0x00, 0xf8, 0xfc, 0xf8, 0x00,
    0xf8, 0xfc, 0xf8, 0x00, 0xf8, 0xfc, 0xf8, 0x00, 0xf8, 0xfc, 0xf8, 0x00,
    0xf8, 0xfc, 0xf8, 0x00, 0xf8, 0xfc, 0xf8, 0x00, 0xf8, 0xfc, 0xf8, 0x00,
    0xf8, 0xfc, 0xf8, 0x00, 0xf8, 0xfc, 0xf8, 0x00, 0xf8, 0xfc, 0xf8, 0x00,
    0xf8, 0xfc, 0xf8, 0x00, 0xf8, 0xfc, 0xf8, 0x00, 0xf8, 0xfc, 0xf8, 0x00,
    0xf8, 0xfc, 0xf8, 0x00, 0xf8, 0xfc, 0xf8, 0x00, 0xf8, 0xfc, 0xf8, 0x00,
    0xf8, 0xfc, 0xf8, 0x00, 0xf8, 0xfc, 0xf8, 0x00, 0xf8, 0xfc, 0xf8, 0x00,
    0xf8, 0xfc, 0xf8, 0x00, 0xf8, 0xfc, 0xf8, 0x00, 0xf8, 0xfc, 0xf8, 0x00,
    0xf8, 0xfc, 0xf8, 0x00, 0xf8, 0xfc, 0xf8, 0x00, 0xf8, 0xfc, 0xf8, 0x00,
    0xf8, 0xfc, 0xf8, 0x00, 0xf8, 0xfc, 0xf8, 0x00, 0xf8, 0xfc, 0xf8, 0x00,
    0xf8, 0xfc, 0xf8, 0x00, 0xf8, 0xfc, 0xf8, 0x00, 0xf8, 0xfc, 0xf8, 0x00,
    0xf8, 0xfc, 0xf8, 0x00, 0xf8, 0xfc, 0xf8, 0x00, 0xf8, 0xfc, 0xf8, 0x00,
    0xf8, 0xfc, 0xf8, 0x00, 0xf8, 0xfc, 0xf8, 0x00, 0xf8, 0xfc, 0xf8, 0x00,
    0xf8, 0xfc, 0xf8, 0x00, 0xf8, 0xfc, 0xf8, 0x00, 0xf8, 0xfc, 0xf8, 0x00,
    0xf8, 0xfc, 0xf8, 0x00, 0xf8, 0xfc, 0xf8, 0x00, 0xf8, 0xfc, 0xf8, 0x00,
    0xf8, 0xfc, 0xf8, 0x00, 0xf8, 0xfc, 0xf8, 0x00, 0xf8, 0xfc, 0xf8, 0x00,
    0xf8, 0xfc, 0xf8, 0x00, 0xf8, 0xfc, 0xf8, 0x00, 0xf8, 0xfc, 0xf8, 0x00,
    0xf8, 0xfc, 0xf8, 0x00, 0xf8, 0xfc, 0xf8, 0x00, 0xf8, 0xfc, 0xf8, 0x00,
    0xf8, 0xfc, 0xf8, 0x00, 0xf8, 0xfc, 0xf8, 0x00, 0xf8, 0xfc, 0xf8, 0x00,
    0xf8, 0xfc, 0xf8, 0x00, 0xf8, 0xfc, 0xf8, 0x00, 0xf8, 0xfc, 0xf8, 0x00,
    0xf8, 0xfc, 0xf8, 0x00, 0xf8, 0xfc, 0xf8, 0x00, 0xf8, 0xfc, 0xf8, 0x00,
    0xf8, 0xfc, 0xf8, 0x00, 0xf8, 0xfc, 0xf8, 0x00, 0xf8, 0xfc, 0xf8, 0x00,
    0xf8, 0xfc, 0xf8, 0x00, 0xf8, 0xfc, 0xf8, 0x00, 0xf8, 0xfc, 0xf8, 0x00,
    0xf8, 0xfc, 0xf8, 0x00, 0xf8, 0xfc, 0xf8, 0x00, 0xf8, 0xfc, 0xf8, 0x00,
    0xf8, 0xfc, 0xf8, 0x00, 0xf8, 0xfc, 0xf8, 0x00, 0xf8, 0xfc, 0xf8, 0x00,
    0xf8, 0xfc, 0xf8, 0x00, 0xf8, 0xfc, 0xf8, 0x00, 0xf8, 0xfc, 0xf8, 0x00,
    0xf8, 0xfc, 0xf8, 0x00, 0xf8, 0xfc, 0xf8, 0x00, 0xf8, 0xfc, 0xf8, 0x00,
    0xf8, 0xfc, 0xf8, 0x00, 0xf8, 0xfc, 0xf8, 0x00, 0xf8, 0xfc, 0xf8, 0x00,
    0xf8, 0xfc, 0xf8, 0x00, 0xf8, 0xfc, 0xf8, 0x00, 0xf8, 0xfc, 0xf8, 0x00,
    0xf8, 0xfc, 0xf8, 0x00, 0xf8, 0xfc, 0xf8, 0x00, 0xf8, 0xfc, 0xf8, 0x00,
    0xf8, 0xfc, 0xf8, 0x00, 0xf8, 0xfc, 0xf8, 0x00, 0xf8, 0xfc, 0xf8, 0x00,
    0xf8, 0xfc, 0xf8, 0x00, 0xf8, 0xfc, 0xf8, 0x00, 0xf8, 0xfc, 0xf8, 0x00,
    0xf8, 0xfc, 0xf8, 0x00, 0xf8, 0xfc, 0xf8, 0x00, 0xf8, 0xfc, 0xf8, 0x00,
    0xf8, 0xfc, 0xf8, 0x00, 0xf8, 0xfc, 0xf8, 0x00, 0xf8, 0xfc, 0xf8, 0x00,
    0xf8, 0xfc, 0xf8, 0x00, 0xf8, 0xfc, 0xf8, 0x00, 0xf8, 0xfc, 0xf8, 0x00,
    0xf8, 0xfc, 0xf8, 0x00, 0xf8, 0xfc, 0xf8, 0x00, 0xf8, 0xfc, 0xf8, 0x00,
    0xf8, 0xfc, 0xf8, 0x00, 0xf8, 0xfc, 0xf8, 0x00, 0xf8, 0xfc, 0xf8, 0x00,
    0xf8, 0xfc, 0xf8, 0x00, 0xf8, 0xfc, 0xf8, 0x00, 0xf8, 0xfc, 0xf8, 0x00,
    0xf8, 0xfc, 0xf8, 0x00, 0xf8, 0xfc, 0xf8, 0x00, 0xf8, 0xfc, 0xf8, 0x00,
    0xf8, 0xfc, 0xf8, 0x00, 0xf8, 0xfc, 0xf8, 0x00, 0xf8, 0xfc, 0xf8, 0x00,
    0xf8, 0xfc, 0xf8, 0x00, 0xf8, 0xfc, 0xf8, 0x00, 0xf8, 0xfc, 0xf8, 0x00,
    0xf8, 0xfc, 0xf8, 0x00, 0xf8, 0xfc, 0xf8, 0x00, 0xf8, 0xfc, 0xf8, 0x00,
    0xf8, 0xfc, 0xf8, 0x00, 0xf8, 0xfc, 0xf8, 0x00, 0xf8, 0xfc, 0xf8, 0x00,
    0xf8, 0xfc, 0xf8, 0x00, 0xf8, 0xfc, 0xf8, 0x00, 0xf8, 0xfc, 0xf8, 0x00,
    0xf8, 0xfc, 0xf8, 0x00, 0xf8, 0xfc, 0xf8, 0x00, 0xf8, 0xfc, 0xf8, 0x00,
    0xf8, 0xfc, 0xf8, 0x00, 0xf8, 0xfc, 0xf8, 0x00, 0xf8, 0xfc, 0xf8, 0x00,
    0xf8, 0xfc, 0xf8, 0x00, 0xf8, 0xfc, 0xf8, 0x00, 0xf8, 0xfc, 0xf8, 0x00,
    0xf8, 0xfc, 0xf8, 0x00, 0xf8, 0xfc, 0xf8, 0x00, 0xf8, 0xfc, 0xf8, 0x00,
    0xf8, 0xfc, 0xf8, 0x00, 0xf8, 0xfc, 0xf8, 0x00, 0xf8, 0xfc, 0xf8, 0x00,
    0xf8, 0xfc, 0xf8, 0x00, 0xf8, 0xfc, 0xf8, 0x00, 0xf8, 0xfc, 0xf8, 0x00,
    0xf8, 0xfc, 0xf8, 0x00, 0xf8, 0xfc, 0xf8, 0x00, 0xf8, 0xfc, 0xf8, 0x00,
    0xf8, 0xfc, 0xf8, 0x00, 0xf8, 0xfc, 0xf8, 0x00, 0xf8, 0xfc, 0xf8, 0x00,
    0xf8, 0xfc, 0xf8, 0x00, 0xf8, 0xfc, 0xf8, 0x00, 0xf8, 0xfc, 0xf8, 0x00,
    0xf8, 0xfc, 0xf8, 0x00, 0xf8, 0xfc, 0xf8, 0x00, 0xf8, 0xfc, 0xf8, 0x00,
    0xf8, 0xfc, 0xf8, 0x00, 0xf8, 0xfc, 0xf8, 0x00, 0xf8, 0xfc, 0xf8, 0x00,
    0xf8, 0xfc, 0xf8, 0x00, 0xf8, 0xfc, 0xf8, 0x00, 0xf8, 0xfc, 0xf8, 0x00,
    0xf8, 0xfc, 0xf8, 0x00, 0xf8, 0xfc, 0xf8, 0x00, 0xf8, 0xfc, 0xf8, 0x00,
    0xf8, 0xfc, 0xf8, 0x00, 0xf8, 0xfc, 0xf8, 0x00, 0xf8, 0xfc, 0xf8, 0x00,
    0xf8, 0xfc, 0xf8, 0x00, 0xf8, 0xfc, 0xf8, 0x00, 0xf8, 0xfc, 0xf8, 0x00,
    0xf8, 0xfc, 0xf8, 0x00, 0xf8, 0xfc, 0xf8, 0x00, 0xf8, 0xfc, 0xf8, 0x00,
    0xf8, 0xfc, 0xf8, 0x00, 0xf8, 0xfc, 0xf8, 0x00, 0xf8, 0xfc, 0xf8, 0x00,
    0xf8, 0xfc, 0xf8, 0x00, 0xf8, 0xfc, 0xf8, 0x00, 0xf8, 0xfc, 0xf8, 0x00,
    0xf8, 0xfc, 0xf8, 0x00, 0xf8, 0xfc, 0xf8, 0x00, 0xf8, 0xfc, 0xf8, 0x00,
    0xf8, 0xfc, 0xf8, 0x00, 0xf8, 0xfc, 0xf8, 0x00, 0xf8, 0xfc, 0xf8, 0x00,
    0xf8, 0xfc, 0xf8, 0x00, 0xf8, 0xfc, 0xf8, 0x00, 0xf8, 0xfc, 0xf8, 0x00,
    0xf8, 0xfc, 0xf8, 0x00, 0xf8, 0xfc, 0xf8, 0x00, 0xf8, 0xfc, 0xf8, 0x00,
    0xf8, 0xfc, 0xf8, 0x00, 0xf8, 0xfc, 0xf8, 0x00, 0xf8, 0xfc, 0xf8, 0x00,
    0xf8, 0xfc, 0xf8, 0x00, 0xf8, 0xfc, 0xf8, 0x00, 0xf8, 0xfc, 0xf8, 0x00,
    0xf8, 0xfc, 0xf8, 0x00, 0xf8, 0xfc, 0xf8, 0x00, 0xf8, 0xfc, 0xf8, 0x00,
    0xf8, 0xfc, 0xf8, 0x00, 0xf8, 0xfc, 0xf8, 0x00, 0xf8, 0xfc, 0xf8, 0x00,
    0xf8, 0xfc, 0xf8, 0x00, 0xf8, 0xfc, 0xf8, 0x00, 0xf8, 0xfc, 0xf8, 0x00,
    0xf8, 0xfc, 0xf8, 0x00, 0xf8, 0xfc, 0xf8, 0x00, 0xf8, 0xfc, 0xf8, 0x00,
    0xf8, 0xfc, 0xf8, 0x00, 0xf8, 0xfc, 0xf8, 0x00, 0xf8, 0xfc, 0xf8, 0x00,
    0xf8, 0xfc, 0xf8, 0x00, 0xf8, 0xfc, 0xf8, 0x00, 0xf8, 0xfc, 0xf8, 0x00,
    0xf8, 0xfc, 0xf8, 0x00, 0xf8, 0xfc, 0xf8, 0x00, 0xf8, 0xfc, 0xf8, 0x00,
    0xf8, 0xfc, 0xf8, 0x00, 0xf8, 0xfc, 0xf8, 0x00, 0xf8, 0xfc, 0xf8, 0x00,
    0xf8, 0xfc, 0xf8, 0x00, 0xf8, 0xfc, 0xf8, 0x00, 0xf8, 0xfc, 0xf8, 0x00,
    0xf8, 0xfc, 0xf8, 0x00, 0xf8, 0xfc, 0xf8, 0x00, 0xf8, 0xfc, 0xf8, 0x00,
    0xf8, 0xfc, 0xf8, 0x00, 0xf8, 0xfc, 0xf8, 0x00, 0xf8, 0xfc, 0xf8, 0x00,
    0xf8, 0xfc, 0xf8, 0x00, 0xf8, 0xfc, 0xf8, 0x00, 0xf8, 0xfc, 0xf8, 0x00,
    0xf8, 0xfc, 0xf8, 0x00, 0xf8, 0xfc, 0xf8, 0x00, 0xf8, 0xfc, 0xf8, 0x00,
    0xf8, 0xfc, 0xf8, 0x00, 0xf8, 0xfc, 0xf8, 0x00, 0xf8, 0xfc, 0xf8, 0x00,
    0xf8, 0xfc, 0xf8, 0x00, 0xf8, 0xfc, 0xf8, 0x00, 0xf8, 0xfc, 0xf8, 0x00,
    0xf8, 0xfc, 0xf8, 0x00, 0xf8, 0xfc, 0xf8, 0x00, 0xf8, 0xfc, 0xf8, 0x00,
    0xf8, 0xfc, 0xf8, 0x00, 0xf8, 0xfc, 0xf8, 0x00, 0xf8, 0xfc, 0xf8, 0x00,
    0xf8, 0xfc, 0xf8, 0x00, 0xf8, 0xfc, 0xf8, 0x00, 0xf8, 0xfc, 0xf8, 0x00,
    0xf8, 0xfc, 0xf8, 0x00, 0xf8, 0xfc, 0xf8, 0x00, 0xf8, 0xfc, 0xf8, 0x00,
    0xf8, 0xfc, 0xf8, 0x00, 0xf8, 0xfc, 0xf8, 0x00, 0xf8, 0xfc, 0xf8, 0x00,
    0xf8, 0xfc, 0xf8, 0x00, 0xf8, 0xfc, 0xf8, 0x00, 0xf8, 0xfc, 0xf8, 0x00,
    0xf8, 0xfc, 0xf8, 0x00, 0xf8, 0xfc, 0xf8, 0x00, 0xf8, 0xfc, 0xf8, 0x00,
    0xf8, 0xfc, 0xf8, 0x00, 0xf8, 0xfc, 0xf8, 0x00, 0xf8, 0xfc, 0xf8, 0x00,
    0xf8, 0xfc, 0xf8, 0x00, 0xf8, 0xfc, 0xf8, 0x00, 0xf8, 0xfc, 0xf8, 0x00,
    0xf8, 0xfc, 0xf8, 0x00, 0xf8, 0xfc, 0xf8, 0x00, 0xf8, 0xfc, 0xf8, 0x00,
    0xf8, 0xfc, 0xf8, 0x00, 0xf8, 0xfc, 0xf8, 0x00, 0xf8, 0xfc, 0xf8, 0x00,
    0xf8, 0xfc, 0xf8, 0x00, 0xf8, 0xfc, 0xf8, 0x00, 0xf8, 0xfc, 0xf8, 0x00,
    0xf8, 0xfc, 0xf8, 0x00, 0xf8, 0xfc, 0xf8, 0x00, 0xf8, 0xfc, 0xf8, 0x00,
    0xf8, 0xfc, 0xf8, 0x00, 0xf8, 0xfc, 0xf8, 0x00, 0xf8, 0xfc, 0xf8, 0x00,
    0xf8, 0xfc, 0xf8, 0x00, 0xf8, 0xfc, 0xf8, 0x00, 0xf8, 0xfc, 0xf8, 0x00,
    0xf8, 0xfc, 0xf8, 0x00, 0xf8, 0xfc, 0xf8, 0x00, 0xf8, 0xfc, 0xf8, 0x00,
    0xf8, 0xfc, 0xf8, 0x00, 0xf8, 0xfc, 0xf8, 0x00, 0xf8, 0xfc, 0xf8, 0x00,
    0xf8, 0xfc, 0xf8, 0x00, 0xf8, 0xfc, 0xf8, 0x00, 0xf8, 0xfc, 0xf8, 0x00,
    0xf8, 0xfc, 0xf8, 0x00, 0xf8, 0xfc, 0xf8, 0x00, 0xf8, 0xfc, 0xf8, 0x00,
    0xf8, 0xfc, 0xf8, 0x00, 0xf8, 0xfc, 0xf8, 0x00, 0xf8, 0xfc, 0xf8, 0x00,
    0xf8, 0xfc, 0xf8, 0x00, 0xf8, 0xfc, 0xf8, 0x00, 0xf8, 0xfc, 0xf8, 0x00,
    0xf8, 0xfc, 0xf8, 0x00, 0xf8, 0xfc, 0xf8, 0x00, 0xf8, 0xfc, 0xf8, 0x00,
    0xf8, 0xfc, 0xf8, 0x00, 0xf8, 0xfc, 0xf8, 0x00, 0xf8, 0xfc, 0xf8, 0x00,
    0xf8, 0xfc, 0xf8, 0x00, 0xf8, 0xfc, 0xf8, 0x00, 0xf8, 0xfc, 0xf8, 0x00,
    0xf8, 0xfc, 0xf8, 0x00, 0xf8, 0xfc, 0xf8, 0x00, 0xf8, 0xfc, 0xf8, 0x00,
    0xf8, 0xfc, 0xf8, 0x00, 0xf8, 0xfc, 0xf8, 0x00, 0xf8, 0xfc, 0xf8, 0x00,
    0xf8, 0xfc, 0xf8, 0x00, 0xf8, 0xfc, 0xf8, 0x00, 0xf8, 0xfc, 0xf8, 0x00,
    0xf8, 0xfc, 0xf8, 0x00, 0xf8, 0xfc, 0xf8, 0x00, 0xf8, 0xfc, 0xf8, 0x00,
    0xf8, 0xfc, 0xf8, 0x00, 0xf8, 0xfc, 0xf8, 0x00, 0xf8, 0xfc, 0xf8, 0x00,
    0xf8, 0xfc, 0xf8, 0x00, 0xf8, 0xfc, 0xf8, 0x00, 0xf8, 0xfc, 0xf8, 0x00,
    0xf8, 0xfc, 0xf8, 0x00, 0xf8, 0xfc, 0xf8, 0x00, 0xf8, 0xfc, 0xf8, 0x00,
    0xf8, 0xfc, 0xf8, 0x00, 0xf8, 0xfc, 0xf8, 0x00, 0xf8, 0xfc, 0xf8, 0x00,
    0xf8, 0xfc, 0xf8, 0x00, 0xf8, 0xfc, 0xf8, 0x00, 0xf8, 0xfc, 0xf8, 0x00,
    0xf8, 0xfc, 0xf8, 0x00, 0xf8, 0xfc, 0xf8, 0x00, 0xf8, 0xfc, 0xf8, 0x00,
    0xf8, 0xfc, 0xf8, 0x00, 0xf8, 0xfc, 0xf8, 0x00, 0xf8, 0xfc, 0xf8, 0x00,
    0xf8, 0xfc, 0xf8, 0x00, 0xf8, 0xfc, 0xf8, 0x00, 0xf8, 0xfc, 0xf8, 0x00,
    0xf8, 0xfc, 0xf8, 0x00, 0xf8, 0xfc, 0xf8, 0x00, 0xf8, 0xfc, 0xf8, 0x00,
    0xf8, 0xfc, 0xf8, 0x00, 0xf8, 0xfc, 0xf8, 0x00, 0xf8, 0xfc, 0xf8, 0x00,
    0xf8, 0xfc, 0xf8, 0x00, 0xf8, 0xfc, 0xf8, 0x00, 0xf8, 0xfc, 0xf8, 0x00,
    0xf8, 0xfc, 0xf8, 0x00, 0xf8, 0xfc, 0xf8, 0x00, 0xf8, 0xfc, 0xf8, 0x00,
    0xf8, 0xfc, 0xf8, 0x00, 0xf8, 0xfc, 0xf8, 0x00, 0xf8, 0xfc, 0xf8, 0x00,
    0xf8, 0xfc, 0xf8, 0x00, 0xf8, 0xfc, 0xf8, 0x00, 0xf8, 0xfc, 0xf8, 0x00,
    0xf8, 0xfc, 0xf8, 0x00, 0xf8, 0xfc, 0xf8, 0x00, 0xf8, 0xfc, 0xf8, 0x00,
    0xf8, 0xfc, 0xf8, 0x00, 0xf8, 0xfc, 0xf8, 0x00, 0xf8, 0xfc, 0xf8, 0x00,
    0xf8, 0xfc, 0xf8, 0x00, 0xf8, 0xfc, 0xf8, 0x00, 0xf8, 0xfc, 0xf8, 0x00,
    0xf8, 0xfc, 0xf8, 0x00, 0xf8, 0xfc, 0xf8, 0x00, 0xf8, 0xfc, 0xf8, 0x00,
    0xf8, 0xfc, 0xf8, 0x00, 0xf8, 0xfc, 0xf8, 0x00, 0xf8, 0xfc, 0xf8, 0x00,
    0xf8, 0xfc, 0xf8, 0x00, 0xf8, 0xfc, 0xf8, 0x00, 0xf8, 0xfc, 0xf8, 0x00,
    0xf8, 0xfc, 0xf8, 0x00, 0xf8, 0xfc, 0xf8, 0x00, 0xf8, 0xfc, 0xf8, 0x00,
    0xf8, 0xfc, 0xf8, 0x00, 0xf8, 0xfc, 0xf8, 0x00, 0xf8, 0xfc, 0xf8, 0x00,
    0xf8, 0xfc, 0xf8, 0x00, 0xf8, 0xfc, 0xf8, 0x00, 0xf8, 0xfc, 0xf8, 0x00,
    0xf8, 0xfc, 0xf8, 0x00, 0xf8, 0xfc, 0xf8, 0x00, 0xf8, 0xfc, 0xf8, 0x00,
    0xf8, 0xfc, 0xf8, 0x00, 0xf8, 0xfc, 0xf8, 0x00, 0xf8, 0xfc, 0xf8, 0x00,
    0xf8, 0xfc, 0xf8, 0x00, 0xf8, 0xfc, 0xf8, 0x00, 0xf8, 0xfc, 0xf8, 0x00,
    0xf8, 0xfc, 0xf8, 0x00, 0xf8, 0xfc, 0xf8, 0x00, 0xf8, 0xfc, 0xf8, 0x00,
    0xf8, 0xfc, 0xf8, 0x00, 0xf8, 0xfc, 0xf8, 0x00, 0xf8, 0xfc, 0xf8, 0x00,
    0xf8, 0xfc, 0xf8, 0x00, 0xf8, 0xfc, 0xf8, 0x00, 0xf8, 0xfc, 0xf8, 0x00,
    0xf8, 0xfc, 0xf8, 0x00, 0xf8, 0xfc, 0xf8, 0x00, 0xf8, 0xfc, 0xf8, 0x00,
    0xf8, 0xfc, 0xf8, 0x00, 0xf8, 0xfc, 0xf8, 0x00, 0xf8, 0xfc, 0xf8, 0x00,
    0xf8, 0xfc, 0xf8, 0x00, 0xf8, 0xfc, 0xf8, 0x00, 0xf8, 0xfc, 0xf8, 0x00,
    0xf8, 0xfc, 0xf8, 0x00, 0xf8, 0xfc, 0xf8, 0x00, 0xf8, 0xfc, 0xf8, 0x00,
    0xf8, 0xfc, 0xf8, 0x00, 0xf8, 0xfc, 0xf8, 0x00, 0xf8, 0xfc, 0xf8, 0x00,
    0xf8, 0xfc, 0xf8, 0x00, 0xf8, 0xfc, 0xf8, 0x00, 0xf8, 0xfc, 0xf8, 0x00,
    0xf8, 0xfc, 0xf8, 0x00, 0xf8, 0xfc, 0xf8, 0x00, 0xf8, 0xfc, 0xf8, 0x00,
    0xf8, 0xfc, 0xf8, 0x00, 0xf8, 0xfc, 0xf8, 0x00, 0xf8, 0xfc, 0xf8, 0x00,
    0xf8, 0xfc, 0xf8, 0x00, 0xf8, 0xfc, 0xf8, 0x00, 0xf8, 0xfc, 0xf8, 0x00,
    0xf8, 0xfc, 0xf8, 0x00, 0xf8, 0xfc, 0xf8, 0x00, 0xf8, 0xfc, 0xf8, 0x00,
    0xf8, 0xfc, 0xf8, 0x00, 0xf8, 0xfc, 0xf8, 0x00, 0xf8, 0xfc, 0xf8, 0x00,
    0xf8, 0xfc, 0xf8, 0x00, 0xf8, 0xfc, 0xf8, 0x00, 0xf8, 0xfc, 0xf8, 0x00,
    0xf8, 0xfc, 0xf8, 0x00, 0xf8, 0xfc, 0xf8, 0x00, 0xf8, 0xfc, 0xf8, 0x00,
    0xf8, 0xfc, 0xf8, 0x00, 0xf8, 0xfc, 0xf8, 0x00, 0xf8, 0xfc, 0xf8, 0x00,
    0xf8, 0xfc, 0xf8, 0x00, 0xf8, 0xfc, 0xf8, 0x00, 0xf8, 0xfc, 0xf8, 0x00,
    0xf8, 0xfc, 0xf8, 0x00, 0xf8, 0xfc, 0xf8, 0x00, 0xf8, 0xfc, 0xf8, 0x00,
    0xf8, 0xfc, 0xf8, 0x00, 0xf8, 0xfc, 0xf8, 0x00, 0xf8, 0xfc, 0xf8, 0x00,
    0xf8, 0xfc, 0xf8, 0x00, 0xf8, 0xfc, 0xf8, 0x00, 0xf8, 0xfc, 0xf8, 0x00,
    0xf8, 0xfc, 0xf8, 0x00, 0xf8, 0xfc, 0xf8, 0x00, 0xf8, 0xfc, 0xf8, 0x00,
    0xf8, 0xfc, 0xf8, 0x00, 0xf8, 0xfc, 0xf8, 0x00, 0xf8, 0xfc, 0xf8, 0x00,
    0xf8, 0xfc, 0xf8, 0x00, 0xf8, 0xfc, 0xf8, 0x00, 0xf8, 0xfc, 0xf8, 0x00,
    0xf8, 0xfc, 0xf8, 0x00, 0xf8, 0xfc, 0xf8, 0x00, 0xf8, 0xfc, 0xf8, 0x00,
    0xf8, 0xfc, 0xf8, 0x00, 0xf8, 0xfc, 0xf8, 0x00, 0xf8, 0xfc, 0xf8, 0x00,
    0xf8, 0xfc, 0xf8, 0x00, 0xf8, 0xfc, 0xf8, 0x00, 0xf8, 0xfc, 0xf8, 0x00,
    0xf8, 0xfc, 0xf8, 0x00, 0xf8, 0xfc, 0xf8, 0x00, 0xf8, 0xfc, 0xf8, 0x00,
    0xf8, 0xfc, 0xf8, 0x00, 0xf8, 0xfc, 0xf8, 0x00, 0xf8, 0xfc, 0xf8, 0x00,
    0xf8, 0xfc, 0xf8, 0x00, 0xf8, 0xfc, 0xf8, 0x00, 0xf8, 0xfc, 0xf8, 0x00,
    0xf8, 0xfc, 0xf8, 0x00, 0xf8, 0xfc, 0xf8, 0x00, 0xf8, 0xfc, 0xf8, 0x00,
    0xf8, 0xfc, 0xf8, 0x00, 0xf8, 0xfc, 0xf8, 0x00, 0xf8, 0xfc, 0xf8, 0x00,
    0xf8, 0xfc, 0xf8, 0x00, 0xf8, 0xfc, 0xf8, 0x00, 0xf8, 0xfc, 0xf8, 0x00,
    0xf8, 0xfc, 0xf8, 0x00, 0xf8, 0xfc, 0xf8, 0x00, 0xf8, 0xfc, 0xf8, 0x00,
    0xf8, 0xfc, 0xf8, 0x00, 0xf8, 0xfc, 0xf8, 0x00, 0xf8, 0xfc, 0xf8, 0x00,
    0xf8, 0xfc, 0xf8, 0x00, 0xf8, 0xfc, 0xf8, 0x00, 0xf8, 0xfc, 0xf8, 0x00,
    0xf8, 0xfc, 0xf8, 0x00, 0xf8, 0xfc, 0xf8, 0x00, 0xf8, 0xfc, 0xf8, 0x00,
    0xf8, 0xfc, 0xf8, 0x00, 0xf8, 0xfc, 0xf8, 0x00, 0xf8, 0xfc, 0xf8, 0x00,
    0xf8, 0xfc, 0xf8, 0x00, 0xf8, 0xfc, 0xf8, 0x00, 0xf8, 0xfc, 0xf8, 0x00,
    0xf8, 0xfc, 0xf8, 0x00, 0xf8, 0xfc, 0xf8, 0x00, 0xf8, 0xfc, 0xf8, 0x00,
    0xf8, 0xfc, 0xf8, 0x00, 0xf8, 0xfc, 0xf8, 0x00, 0xf8, 0xfc, 0xf8, 0x00,
    0xf8, 0xfc, 0xf8, 0x00, 0xf8, 0xfc, 0xf8, 0x00, 0xf8, 0xfc, 0xf8, 0x00,
    0xf8, 0xfc, 0xf8, 0x00, 0xf8, 0xfc, 0xf8, 0x00, 0xf8, 0xfc, 0xf8, 0x00,
    0xf8, 0xfc, 0xf8, 0x00, 0xf8, 0xfc, 0xf8, 0x00, 0xf8, 0xfc, 0xf8, 0x00,
    0xf8, 0xfc, 0xf8, 0x00, 0xf8, 0xfc, 0xf8, 0x00, 0xf8, 0xfc, 0xf8, 0x00,
    0xf8, 0xfc, 0xf8, 0x00, 0xf8, 0xfc, 0xf8, 0x00, 0xf8, 0xfc, 0xf8, 0x00,
    0xf8, 0xfc, 0xf8, 0x00, 0xf8, 0xfc, 0xf8, 0x00, 0xf8, 0xfc, 0xf8, 0x00,
    0xf8, 0xfc, 0xf8, 0x00, 0xf8, 0xfc, 0xf8, 0x00, 0xf8, 0xfc, 0xf8, 0x00,
    0xf8, 0xfc, 0xf8, 0x00, 0xf8, 0xfc, 0xf8, 0x00, 0xf8, 0xfc, 0xf8, 0x00,
    0xf8, 0xfc, 0xf8, 0x00, 0xf8, 0xfc, 0xf8, 0x00, 0xf8, 0xfc, 0xf8, 0x00,
    0xf8, 0xfc, 0xf8, 0x00, 0xf8, 0xfc, 0xf8, 0x00, 0xf8, 0xfc, 0xf8, 0x00,
    0xf8, 0xfc, 0xf8, 0x00, 0xf8, 0xfc, 0xf8, 0x00, 0xf8, 0xfc, 0xf8, 0x00,
    0xf8, 0xfc, 0xf8, 0x00, 0xf8, 0xfc, 0xf8, 0x00, 0xf8, 0xfc, 0xf8, 0x00,
    0xf8, 0xfc, 0xf8, 0x00, 0xf8, 0xfc, 0xf8, 0x00, 0xf8, 0xfc, 0xf8, 0x00,
    0xf8, 0xfc, 0xf8, 0x00, 0xf8, 0xfc, 0xf8, 0x00, 0xf8, 0xfc, 0xf8, 0x00,
    0xf8, 0xfc, 0xf8, 0x00, 0xf8, 0xfc, 0xf8, 0x00, 0xf8, 0xfc, 0xf8, 0x00,
    0xf8, 0xfc, 0xf8, 0x00, 0xf8, 0xfc, 0xf8, 0x00, 0xf8, 0xfc, 0xf8, 0x00,
    0xf8, 0xfc, 0xf8, 0x00, 0xf8, 0xfc, 0xf8, 0x00, 0xf8, 0xfc, 0xf8, 0x00,
    0xf8, 0xfc, 0xf8, 0x00, 0xf8, 0xfc, 0xf8, 0x00, 0xf8, 0xfc, 0xf8, 0x00,
    0xf8, 0xfc, 0xf8, 0x00, 0xf8, 0xfc, 0xf8, 0x00, 0xf8, 0xfc, 0xf8, 0x00,
    0xf8, 0xfc, 0xf8, 0x00, 0xf8, 0xfc, 0xf8, 0x00, 0xf8, 0xfc, 0xf8, 0x00,
    0xf8, 0xfc, 0xf8, 0x00, 0xf8, 0xfc, 0xf8, 0x00, 0xf8, 0xfc, 0xf8, 0x00,
    0xf8, 0xfc, 0xf8, 0x00, 0xf8, 0xfc, 0xf8, 0x00, 0xf8, 0xfc, 0xf8, 0x00,
    0xf8, 0xfc, 0xf8, 0x00, 0xf8, 0xfc, 0xf8, 0x00, 0xf8, 0xfc, 0xf8, 0x00,
    0xf8, 0xfc, 0xf8, 0x00, 0xf8, 0xfc, 0xf8, 0x00, 0xf8, 0xfc, 0xf8, 0x00,
    0xf8, 0xfc, 0xf8, 0x00, 0xf8, 0xfc, 0xf8, 0x00, 0xf8, 0xfc, 0xf8, 0x00,
    0xf8, 0xfc, 0xf8, 0x00, 0xf8, 0xfc, 0xf8, 0x00, 0xf8, 0xfc, 0xf8, 0x00,
    0xf8, 0xfc, 0xf8, 0x00, 0xf8, 0xfc, 0xf8, 0x00, 0xf8, 0xfc, 0xf8, 0x00,
    0xf8, 0xfc, 0xf8, 0x00, 0xf8, 0xfc, 0xf8, 0x00, 0xf8, 0xfc, 0xf8, 0x00,
    0xf8, 0xfc, 0xf8, 0x00, 0xf8, 0xfc, 0xf8, 0x00, 0xf8, 0xfc, 0xf8, 0x00,
    0xf8, 0xfc, 0xf8, 0x00, 0xf8, 0xfc, 0xf8, 0x00, 0xf8, 0xfc, 0xf8, 0x00,
    0xf8, 0xfc, 0xf8, 0x00, 0xf8, 0xfc, 0xf8, 0x00, 0xf8, 0xfc, 0xf8, 0x00,
    0xf8, 0xfc, 0xf8, 0x00, 0xf8, 0xfc, 0xf8, 0x00, 0xf8, 0xfc, 0xf8, 0x00,
    0xf8, 0xfc, 0xf8, 0x00, 0xf8, 0xfc, 0xf8, 0x00, 0xf8, 0xfc, 0xf8, 0x00,
    0xf8, 0xfc, 0xf8, 0x00, 0xf8, 0xfc, 0xf8, 0x00, 0xf8, 0xfc, 0xf8, 0x00,
    0xf8, 0xfc, 0xf8, 0x00, 0xf8, 0xfc, 0xf8, 0x00, 0xf8, 0xfc, 0xf8, 0x00,
    0xf8, 0xfc, 0xf8, 0x00, 0xf8, 0xfc, 0xf8, 0x00, 0xf8, 0xfc, 0xf8, 0x00,
    0xf8, 0xfc, 0xf8, 0x00, 0xf8, 0xfc, 0xf8, 0x00, 0xf8, 0xfc, 0xf8, 0x00,
    0xf8, 0xfc, 0xf8, 0x00, 0xf8, 0xfc, 0xf8, 0x00, 0xf8, 0xfc, 0xf8, 0x00,
    0xf8, 0xfc, 0xf8, 0x00, 0xf8, 0xfc, 0xf8, 0x00, 0xf8, 0xfc, 0xf8, 0x00,
    0xf8, 0xfc, 0xf8, 0x00, 0xf8, 0xfc, 0xf8, 0x00, 0xf8, 0xfc, 0xf8, 0x00,
    0xf8, 0xfc, 0xf8, 0x00, 0xf8, 0xfc, 0xf8, 0x00, 0xf8, 0xfc, 0xf8, 0x00,
    0xf8, 0xfc, 0xf8, 0x00, 0xf8, 0xfc, 0xf8, 0x00, 0xf8, 0xfc, 0xf8, 0x00,
    0xf8, 0xfc, 0xf8, 0x00, 0xf8, 0xfc, 0xf8, 0x00, 0xf8, 0xfc, 0xf8, 0x00,
    0xf8, 0xfc, 0xf8, 0x00, 0xf8, 0xfc, 0xf8, 0x00, 0xf8, 0xfc, 0xf8, 0x00,
    0xf8, 0xfc, 0xf8, 0x00, 0xf8, 0xfc, 0xf8, 0x00, 0xf8, 0xfc, 0xf8, 0x00,
    0xf8, 0xfc, 0xf8, 0x00, 0xf8, 0xfc, 0xf8, 0x00, 0xf8, 0xfc, 0xf8, 0x00,
    0xf8, 0xfc, 0xf8, 0x00, 0xf8, 0xfc, 0xf8, 0x00, 0xf8, 0xfc, 0xf8, 0x00,
    0xf8, 0xfc, 0xf8, 0x00, 0xf8, 0xfc, 0xf8, 0x00, 0xf8, 0xfc, 0xf8, 0x00,
    0xf8, 0xfc, 0xf8, 0x00, 0xf8, 0xfc, 0xf8, 0x00, 0xf8, 0xfc, 0xf8, 0x00,
    0xf8, 0xfc, 0xf8, 0x00, 0xf8, 0xfc, 0xf8, 0x00, 0xf8, 0xfc, 0xf8, 0x00,
    0xf8, 0xfc, 0xf8, 0x00, 0xf8, 0xfc, 0xf8, 0x00, 0xf8, 0xfc, 0xf8, 0x00,
    0xf8, 0xfc, 0xf8, 0x00, 0xf8, 0xfc, 0xf8, 0x00, 0xf8, 0xfc, 0xf8, 0x00,
    0xf8, 0xfc, 0xf8, 0x00, 0xf8, 0xfc, 0xf8, 0x00, 0xf8, 0xfc, 0xf8, 0x00,
    0xf8, 0xfc, 0xf8, 0x00, 0xf8, 0xfc, 0xf8, 0x00, 0xf8, 0xfc, 0xf8, 0x00,
    0xf8, 0xfc, 0xf8, 0x00, 0xf8, 0xfc, 0xf8, 0x00, 0xf8, 0xfc, 0xf8, 0x00,
    0xf8, 0xfc, 0xf8, 0x00, 0xf8, 0xfc, 0xf8, 0x00, 0xf8, 0xfc, 0xf8, 0x00,
    0xf8, 0xfc, 0xf8, 0x00, 0xf8, 0xfc, 0xf8, 0x00, 0xf8, 0xfc, 0xf8, 0x00,
    0xf8, 0xfc, 0xf8, 0x00, 0xf8, 0xfc, 0xf8, 0x00, 0xf8, 0xfc, 0xf8, 0x00,
    0xf8, 0xfc, 0xf8, 0x00, 0xf8, 0xfc, 0xf8, 0x00, 0xf8, 0xfc, 0xf8, 0x00,
    0xf8, 0xfc, 0xf8, 0x00, 0xf8, 0xfc, 0xf8, 0x00, 0xf8, 0xfc, 0xf8, 0x00,
    0xf8, 0xfc, 0xf8, 0x00, 0xf8, 0xfc, 0xf8, 0x00, 0xf8, 0xfc, 0xf8, 0x00,
    0xf8, 0xfc, 0xf8, 0x00, 0xf8, 0xfc, 0xf8, 0x00, 0xf8, 0xfc, 0xf8, 0x00,
    0xf8, 0xfc, 0xf8, 0x00, 0xf8, 0xfc, 0xf8, 0x00, 0xf8, 0xfc, 0xf8, 0x00,
    0xf8, 0xfc, 0xf8, 0x00, 0xf8, 0xfc, 0xf8, 0x00, 0xf8, 0xfc, 0xf8, 0x00,
    0xf8, 0xfc, 0xf8, 0x00, 0xf8, 0xfc, 0xf8, 0x00, 0xf8, 0xfc, 0xf8, 0x00,
    0xf8, 0xfc, 0xf8, 0x00, 0xf8, 0xfc, 0xf8, 0x00, 0xf8, 0xfc, 0xf8, 0x00,
    0xf8, 0xfc, 0xf8, 0x00, 0xf8, 0xfc, 0xf8, 0x00, 0xf8, 0xfc, 0xf8, 0x00,
    0xf8, 0xfc, 0xf8, 0x00, 0xf8, 0xfc, 0xf8, 0x00, 0xf8, 0xfc, 0xf8, 0x00,
    0xf8, 0xfc, 0xf8, 0x00, 0xf8, 0xfc, 0xf8, 0x00, 0xf8, 0xfc, 0xf8, 0x00,
    0xf8, 0xfc, 0xf8, 0x00, 0xf8, 0xfc, 0xf8, 0x00, 0xf8, 0xfc, 0xf8, 0x00,
    0xf8, 0xfc, 0xf8, 0x00, 0xf8, 0xfc, 0xf8, 0x00, 0xf8, 0xfc, 0xf8, 0x00,
    0xf8, 0xfc, 0xf8, 0x00, 0xf8, 0xfc, 0xf8, 0x00, 0xf8, 0xfc, 0xf8, 0x00,
    0xf8, 0xfc, 0xf8, 0x00, 0xf8, 0xfc, 0xf8, 0x00, 0xf8, 0xfc, 0xf8, 0x00,
    0xf8, 0xfc, 0xf8, 0x00, 0xf8, 0xfc, 0xf8, 0x00, 0xf8, 0xfc, 0xf8, 0x00,
    0xf8, 0xfc, 0xf8, 0x00, 0xf8, 0xfc, 0xf8, 0x00, 0xf8, 0xfc, 0xf8, 0x00,
    0xf8, 0xfc, 0xf8, 0x00, 0xf8, 0xfc, 0xf8, 0x00, 0xf8, 0xfc, 0xf8, 0x00,
    0xf8, 0xfc, 0xf8, 0x00, 0xf8, 0xfc, 0xf8, 0x00, 0xf8, 0xfc, 0xf8, 0x00,
    0xf8, 0xfc, 0xf8, 0x00, 0xf8, 0xfc, 0xf8, 0x00, 0xf8, 0xfc, 0xf8, 0x00,
    0xf8, 0xfc, 0xf8, 0x00, 0xf8, 0xfc, 0xf8, 0x00, 0xf8, 0xfc, 0xf8, 0x00,
    0xf8, 0xfc, 0xf8, 0x00, 0xf8, 0xfc, 0xf8, 0x00, 0xf8, 0xfc, 0xf8, 0x00,
    0xf8, 0xfc, 0xf8, 0x00, 0xf8, 0xfc, 0xf8, 0x00, 0xf8, 0xfc, 0xf8, 0x00,
    0xf8, 0xfc, 0xf8, 0x00, 0xf8, 0xfc, 0xf8, 0x00, 0xf8, 0xfc, 0xf8, 0x00,
    0xf8, 0xfc, 0xf8, 0x00, 0xf8, 0xfc, 0xf8, 0x00, 0xf8, 0xfc, 0xf8, 0x00,
    0xf8, 0xfc, 0xf8, 0x00, 0xf8, 0xfc, 0xf8, 0x00, 0xf8, 0xfc, 0xf8, 0x00,
    0xf8, 0xfc, 0xf8, 0x00, 0xf8, 0xfc, 0xf8, 0x00, 0xf8, 0xfc, 0xf8, 0x00,
    0xf8, 0xfc, 0xf8, 0x00, 0xf8, 0xfc, 0xf8, 0x00, 0xf8, 0xfc, 0xf8, 0x00,
    0xf8, 0xfc, 0xf8, 0x00, 0xf8, 0xfc, 0xf8, 0x00, 0xf8, 0xfc, 0xf8, 0x00,
    0xf8, 0xfc, 0xf8, 0x00, 0xf8, 0xfc, 0xf8, 0x00, 0xf8, 0xfc, 0xf8, 0x00,
    0xf8, 0xfc, 0xf8, 0x00, 0xf8, 0xfc, 0xf8, 0x00, 0xf8, 0xfc, 0xf8, 0x00,
    0xf8, 0xfc, 0xf8, 0x00, 0xf8, 0xfc, 0xf8, 0x00, 0xf8, 0xfc, 0xf8, 0x00,
    0xf8, 0xfc, 0xf8, 0x00, 0xf8, 0xfc, 0xf8, 0x00, 0xf8, 0xfc, 0xf8, 0x00,
    0xf8, 0xfc, 0xf8, 0x00, 0xf8, 0xfc, 0xf8, 0x00, 0xf8, 0xfc, 0xf8, 0x00,
    0xf8, 0xfc, 0xf8, 0x00, 0xf8, 0xfc, 0xf8, 0x00, 0xf8, 0xfc, 0xf8, 0x00,
    0xf8, 0xfc, 0xf8, 0x00, 0xf8, 0xfc, 0xf8, 0x00, 0xf8, 0xfc, 0xf8, 0x00,
    0xf8, 0xfc, 0xf8, 0x00, 0xf8, 0xfc, 0xf8, 0x00, 0xf8, 0xfc, 0xf8, 0x00,
    0xf8, 0xfc, 0xf8, 0x00, 0xf8, 0xfc, 0xf8, 0x00, 0xf8, 0xfc, 0xf8, 0x00,
    0xf8, 0xfc, 0xf8, 0x00, 0xf8, 0xfc, 0xf8, 0x00, 0xf8, 0xfc, 0xf8, 0x00,
    0xf8, 0xfc, 0xf8, 0x00, 0xf8, 0xfc, 0xf8, 0x00, 0xf8, 0xfc, 0xf8, 0x00,
    0xf8, 0xfc, 0xf8, 0x00, 0xf8, 0xfc, 0xf8, 0x00, 0xf8, 0xfc, 0xf8, 0x00,
    0xf8, 0xfc, 0xf8, 0x00, 0xf8, 0xfc, 0xf8, 0x00, 0xf8, 0xfc, 0xf8, 0x00,
    0xf8, 0xfc, 0xf8, 0x00, 0xf8, 0xfc, 0xf8, 0x00, 0xf8, 0xfc, 0xf8, 0x00,
    0xf8, 0xfc, 0xf8, 0x00, 0xf8, 0xfc, 0xf8, 0x00, 0xf8, 0xfc, 0xf8, 0x00,
    0xf8, 0xfc, 0xf8, 0x00, 0xf8, 0xfc, 0xf8, 0x00, 0xf8, 0xfc, 0xf8, 0x00,
    0xf8, 0xfc, 0xf8, 0x00, 0xf8, 0xfc, 0xf8, 0x00, 0xf8, 0xfc, 0xf8, 0x00,
    0xf8, 0xfc, 0xf8, 0x00, 0xf8, 0xfc, 0xf8, 0x00, 0xf8, 0xfc, 0xf8, 0x00,
    0xf8, 0xfc, 0xf8, 0x00, 0xf8, 0xfc, 0xf8, 0x00, 0xf8, 0xfc, 0xf8, 0x00,
    0xf8, 0xfc, 0xf8, 0x00, 0xf8, 0xfc, 0xf8, 0x00, 0xf8, 0xfc, 0xf8, 0x00,
    0xf8, 0xfc, 0xf8, 0x00, 0xf8, 0xfc, 0xf8, 0x00, 0xf8, 0xfc, 0xf8, 0x00,
    0xf8, 0xfc, 0xf8, 0x00, 0xf8, 0xfc, 0xf8, 0x00, 0xf8, 0xfc, 0xf8, 0x00,
    0xf8, 0xfc, 0xf8, 0x00, 0xf8, 0xfc, 0xf8, 0x00, 0xf8, 0xfc, 0xf8, 0x00,
    0xf8, 0xfc, 0xf8, 0x00, 0xf8, 0xfc, 0xf8, 0x00, 0xf8, 0xfc, 0xf8, 0x00,
    0xf8, 0xfc, 0xf8, 0x00, 0xf8, 0xfc, 0xf8, 0x00, 0xf8, 0xfc, 0xf8, 0x00,
    0xf8, 0xfc, 0xf8, 0x00, 0xf8, 0xfc, 0xf8, 0x00, 0xf8, 0xfc, 0xf8, 0x00,
    0xf8, 0xfc, 0xf8, 0x00, 0xf8, 0xfc, 0xf8, 0x00, 0xf8, 0xfc, 0xf8, 0x00,
    0xf8, 0xfc, 0xf8, 0x00, 0xf8, 0xfc, 0xf8, 0x00, 0xf8, 0xfc, 0xf8, 0x00,
    0xf8, 0xfc, 0xf8, 0x00, 0xf8, 0xfc, 0xf8, 0x00, 0xf8, 0xfc, 0xf8, 0x00,
    0xf8, 0xfc, 0xf8, 0x00, 0xf8, 0xfc, 0xf8, 0x00, 0xf8, 0xfc, 0xf8, 0x00,
    0xf8, 0xfc, 0xf8, 0x00, 0xf8, 0xfc, 0xf8, 0x00, 0xf8, 0xfc, 0xf8, 0x00,
    0xf8, 0xfc, 0xf8, 0x00, 0xf8, 0xfc, 0xf8, 0x00, 0xf8, 0xfc, 0xf8, 0x00,
    0xf8, 0xfc, 0xf8, 0x00, 0xf8, 0xfc, 0xf8, 0x00, 0xf8, 0xfc, 0xf8, 0x00,
    0xf8, 0xfc, 0xf8, 0x00, 0xf8, 0xfc, 0xf8, 0x00, 0xf8, 0xfc, 0xf8, 0x00,
    0xf8, 0xfc, 0xf8, 0x00, 0xf8, 0xfc, 0xf8, 0x00, 0xf8, 0xfc, 0xf8, 0x00,
    0xf8, 0xfc, 0xf8, 0x00, 0xf8, 0xfc, 0xf8, 0x00, 0xf8, 0xfc, 0xf8, 0x00,
    0xf8, 0xfc, 0xf8, 0x00, 0xf8, 0xfc, 0xf8, 0x00, 0xf8, 0xfc, 0xf8, 0x00,
    0xf8, 0xfc, 0xf8, 0x00, 0xf8, 0xfc, 0xf8, 0x00, 0xf8, 0xfc, 0xf8, 0x00,
    0xf8, 0xfc, 0xf8, 0x00, 0xf8, 0xfc, 0xf8, 0x00, 0xf8, 0xfc, 0xf8, 0x00,
    0xf8, 0xfc, 0xf8, 0x00, 0xf8, 0xfc, 0xf8, 0x00, 0xf8, 0xfc, 0xf8, 0x00,
    0xf8, 0xfc, 0xf8, 0x00, 0xf8, 0xfc, 0xf8, 0x00, 0xf8, 0xfc, 0xf8, 0x00,
    0xf8, 0xfc, 0xf8, 0x00, 0xf8, 0xfc, 0xf8, 0x00, 0xf8, 0xfc, 0xf8, 0x00,
    0xf8, 0xfc, 0xf8, 0x00, 0xf8, 0xfc, 0xf8, 0x00, 0xf8, 0xfc, 0xf8, 0x00,
    0xf8, 0xfc, 0xf8, 0x00, 0xf8, 0xfc, 0xf8, 0x00, 0xf8, 0xfc, 0xf8, 0x00,
    0xf8, 0xfc, 0xf8, 0x00, 0xf8, 0xfc, 0xf8, 0x00, 0xf8, 0xfc, 0xf8, 0x00,
    0xf8, 0xfc, 0xf8, 0x00, 0xf8, 0xfc, 0xf8, 0x00, 0xf8, 0xfc, 0xf8, 0x00,
    0xf8, 0xfc, 0xf8, 0x00, 0xf8, 0xfc, 0xf8, 0x00, 0xf8, 0xfc, 0xf8, 0x00,
    0xf8, 0xfc, 0xf8, 0x00, 0xf8, 0xfc, 0xf8, 0x00, 0xf8, 0xfc, 0xf8, 0x00,
    0xf8, 0xfc, 0xf8, 0x00, 0xf8, 0xfc, 0xf8, 0x00, 0xf8, 0xfc, 0xf8, 0x00,
    0xf8, 0xfc, 0xf8, 0x00, 0xf8, 0xfc, 0xf8, 0x00, 0xf8, 0xfc, 0xf8, 0x00,
    0xf8, 0xfc, 0xf8, 0x00, 0xf8, 0xfc, 0xf8, 0x00, 0xf8, 0xfc, 0xf8, 0x00,
    0xf8, 0xfc, 0xf8, 0x00, 0xf8, 0xfc, 0xf8, 0x00, 0xf8, 0xfc, 0xf8, 0x00,
    0xf8, 0xfc, 0xf8, 0x00, 0xf8, 0xfc, 0xf8, 0x00, 0xf8, 0xfc, 0xf8, 0x00,
    0xf8, 0xfc, 0xf8, 0x00, 0xf8, 0xfc, 0xf8, 0x00, 0xf8, 0xfc, 0xf8, 0x00,
    0xf8, 0xfc, 0xf8, 0x00, 0xf8, 0xfc, 0xf8, 0x00, 0xf8, 0xfc, 0xf8, 0x00,
    0xf8, 0xfc, 0xf8, 0x00, 0xf8, 0xfc, 0xf8, 0x00, 0xf8, 0xfc, 0xf8, 0x00,
    0xf8, 0xfc, 0xf8, 0x00, 0xf8, 0xfc, 0xf8, 0x00, 0xf8, 0xfc, 0xf8, 0x00,
    0xf8, 0xfc, 0xf8, 0x00, 0xf8, 0xfc, 0xf8, 0x00, 0xf8, 0xfc, 0xf8, 0x00,
    0xf8, 0xfc, 0xf8, 0x00, 0xf8, 0xfc, 0xf8, 0x00, 0xf8, 0xfc, 0xf8, 0x00,
    0xf8, 0xfc, 0xf8, 0x00, 0xf8, 0xfc, 0xf8, 0x00, 0xf8, 0xfc, 0xf8, 0x00,
    0xf8, 0xfc, 0xf8, 0x00, 0xf8, 0xfc, 0xf8, 0x00, 0xf8, 0xfc, 0xf8, 0x00,
    0xf8, 0xfc, 0xf8, 0x00, 0xf8, 0xfc, 0xf8, 0x00, 0xf8, 0xfc, 0xf8, 0x00,
    0xf8, 0xfc, 0xf8, 0x00, 0xf8, 0xfc, 0xf8, 0x00, 0xf8, 0xfc, 0xf8, 0x00,
    0xf8, 0xfc, 0xf8, 0x00, 0xf8, 0xfc, 0xf8, 0x00, 0xf8, 0xfc, 0xf8, 0x00,
    0xf8, 0xfc, 0xf8, 0x00, 0xf8, 0xfc, 0xf8, 0x00, 0xf8, 0xfc, 0xf8, 0x00,
    0xf8, 0xfc, 0xf8, 0x00, 0xf8, 0xfc, 0xf8, 0x00, 0xf8, 0xfc, 0xf8, 0x00,
    0xf8, 0xfc, 0xf8, 0x00, 0xf8, 0xfc, 0xf8, 0x00, 0xf8, 0xfc, 0xf8, 0x00,
    0xf8, 0xfc, 0xf8, 0x00, 0xf8, 0xfc, 0xf8, 0x00, 0xf8, 0xfc, 0xf8, 0x00,
    0xf8, 0xfc, 0xf8, 0x00, 0xf8, 0xfc, 0xf8, 0x00, 0xf8, 0xfc, 0xf8, 0x00,
    0xf8, 0xfc, 0xf8, 0x00, 0xf8, 0xfc, 0xf8, 0x00, 0xf8, 0xfc, 0xf8, 0x00,
    0xf8, 0xfc, 0xf8, 0x00, 0xf8, 0xfc, 0xf8, 0x00, 0xf8, 0xfc, 0xf8, 0x00,
    0xf8, 0xfc, 0xf8, 0x00, 0xf8, 0xfc, 0xf8, 0x00, 0xf8, 0xfc, 0xf8, 0x00,
    0xf8, 0xfc, 0xf8, 0x00, 0xf8, 0xfc, 0xf8, 0x00, 0xf8, 0xfc, 0xf8, 0x00,
    0xf8, 0xfc, 0xf8, 0x00, 0xf8, 0xfc, 0xf8, 0x00, 0xf8, 0xfc, 0xf8, 0x00,
    0xf8, 0xfc, 0xf8, 0x00, 0xf8, 0xfc, 0xf8, 0x00, 0xf8, 0xfc, 0xf8, 0x00,
    0xf8, 0xfc, 0xf8, 0x00, 0xf8, 0xfc, 0xf8, 0x00, 0xf8, 0xfc, 0xf8, 0x00,
    0xf8, 0xfc, 0xf8, 0x00, 0xf8, 0xfc, 0xf8, 0x00, 0xf8, 0xfc, 0xf8, 0x00,
    0xf8, 0xfc, 0xf8, 0x00, 0xf8, 0xfc, 0xf8, 0x00, 0xf8, 0xfc, 0xf8, 0x00,
    0xf8, 0xfc, 0xf8, 0x00, 0xf8, 0xfc, 0xf8, 0x00, 0xf8, 0xfc, 0xf8, 0x00,
    0xf8, 0xfc, 0xf8, 0x00, 0xf8, 0xfc, 0xf8, 0x00, 0xf8, 0xfc, 0xf8, 0x00,
    0xf8, 0xfc, 0xf8, 0x00, 0xf8, 0xfc, 0xf8, 0x00, 0xf8, 0xfc, 0xf8, 0x00,
    0xf8, 0xfc, 0xf8, 0x00, 0xf8, 0xfc, 0xf8, 0x00, 0xf8, 0xfc, 0xf8, 0x00,
    0xf8, 0xfc, 0xf8, 0x00, 0xf8, 0xfc, 0xf8, 0x00, 0xf8, 0xfc, 0xf8, 0x00,
    0xf8, 0xfc, 0xf8, 0x00, 0xf8, 0xfc, 0xf8, 0x00, 0xf8, 0xfc, 0xf8, 0x00,
    0xf8, 0xfc, 0xf8, 0x00, 0xf8, 0xfc, 0xf8, 0x00, 0xf8, 0xfc, 0xf8, 0x00,
    0xf8, 0xfc, 0xf8, 0x00, 0xf8, 0xfc, 0xf8, 0x00, 0xf8, 0xfc, 0xf8, 0x00,
    0xf8, 0xfc, 0xf8, 0x00, 0xf8, 0xfc, 0xf8, 0x00, 0xf8, 0xfc, 0xf8, 0x00,
    0xf8, 0xfc, 0xf8, 0x00, 0xf8, 0xfc, 0xf8, 0x00, 0xf8, 0xfc, 0xf8, 0x00,
    0xf8, 0xfc, 0xf8, 0x00, 0xf8, 0xfc, 0xf8, 0x00, 0xf8, 0xfc, 0xf8, 0x00,
    0xf8, 0xfc, 0xf8, 0x00, 0xf8, 0xfc, 0xf8, 0x00, 0xf8, 0xfc, 0xf8, 0x00,
    0xf8, 0xfc, 0xf8, 0x00, 0xf8, 0xfc, 0xf8, 0x00, 0xf8, 0xfc, 0xf8, 0x00,
    0xf8, 0xfc, 0xf8, 0x00, 0xf8, 0xfc, 0xf8, 0x00, 0xf8, 0xfc, 0xf8, 0x00,
    0xf8, 0xfc, 0xf8, 0x00, 0xf8, 0xfc, 0xf8, 0x00, 0xf8, 0xfc, 0xf8, 0x00,
    0xf8, 0xfc, 0xf8, 0x00, 0xf8, 0xfc, 0xf8, 0x00, 0xf8, 0xfc, 0xf8, 0x00,
    0xf8, 0xfc, 0xf8, 0x00, 0xf8, 0xfc, 0xf8, 0x00, 0xf8, 0xfc, 0xf8, 0x00,
    0xf8, 0xfc, 0xf8, 0x00, 0xf8, 0xfc, 0xf8, 0x00, 0xf8, 0xfc, 0xf8, 0x00,
    0xf8, 0xfc, 0xf8, 0x00, 0xf8, 0xfc, 0xf8, 0x00, 0xf8, 0xfc, 0xf8, 0x00,
    0xf8, 0xfc, 0xf8, 0x00, 0xf8, 0xfc, 0xf8, 0x00, 0xf8, 0xfc, 0xf8, 0x00,
    0xf8, 0xfc, 0xf8, 0x00, 0xf8, 0xfc, 0xf8, 0x00, 0xf8, 0xfc, 0xf8, 0x00,
    0xf8, 0xfc, 0xf8, 0x00, 0xf8, 0xfc, 0xf8, 0x00, 0xf8, 0xfc, 0xf8, 0x00,
    0xf8, 0xfc, 0xf8, 0x00, 0xf8, 0xfc, 0xf8, 0x00, 0xf8, 0xfc, 0xf8, 0x00,
    0xf8, 0xfc, 0xf8, 0x00, 0xf8, 0xfc, 0xf8, 0x00, 0xf8, 0xfc, 0xf8, 0x00,
    0xf8, 0xfc, 0xf8, 0x00, 0xf8, 0xfc, 0xf8, 0x00, 0xf8, 0xfc, 0xf8, 0x00,
    0xf8, 0xfc, 0xf8, 0x00, 0xf8, 0xfc, 0xf8, 0x00, 0xf8, 0xfc, 0xf8, 0x00,
    0xf8, 0xfc, 0xf8, 0x00, 0xf8, 0xfc, 0xf8, 0x00, 0xf8, 0xfc, 0xf8, 0x00,
    0xf8, 0xfc, 0xf8, 0x00, 0xf8, 0xfc, 0xf8, 0x00, 0xf8, 0xfc, 0xf8, 0x00,
    0xf8, 0xfc, 0xf8, 0x00, 0xf8, 0xfc, 0xf8, 0x00, 0xf8, 0xfc, 0xf8, 0x00,
    0xf8, 0xfc, 0xf8, 0x00, 0xf8, 0xfc, 0xf8, 0x00, 0xf8, 0xfc, 0xf8, 0x00,
    0xf8, 0xfc, 0xf8, 0x00, 0xf8, 0xfc, 0xf8, 0x00, 0xf8, 0xfc, 0xf8, 0x00,
    0xf8, 0xfc, 0xf8, 0x00, 0xf8, 0xfc, 0xf8, 0x00, 0xf8, 0xfc, 0xf8, 0x00,
    0xf8, 0xfc, 0xf8, 0x00, 0xf8, 0xfc, 0xf8, 0x00, 0xf8, 0xfc, 0xf8, 0x00,
    0xf8, 0xfc, 0xf8, 0x00, 0xf8, 0xfc, 0xf8, 0x00, 0xf8, 0xfc, 0xf8, 0x00,
    0xf8, 0xfc, 0xf8, 0x00, 0xf8, 0xfc, 0xf8, 0x00, 0xf8, 0xfc, 0xf8, 0x00,
    0xf8, 0xfc, 0xf8, 0x00, 0xf8, 0xfc, 0xf8, 0x00, 0xf8, 0xfc, 0xf8, 0x00,
    0xf8, 0xfc, 0xf8, 0x00, 0xf8, 0xfc, 0xf8, 0x00, 0xf8, 0xfc, 0xf8, 0x00,
    0xf8, 0xfc, 0xf8, 0x00, 0xf8, 0xfc, 0xf8, 0x00, 0xf8, 0xfc, 0xf8, 0x00,
    0xf8, 0xfc, 0xf8, 0x00, 0xf8, 0xfc, 0xf8, 0x00, 0xf8, 0xfc, 0xf8, 0x00,
    0xf8, 0xfc, 0xf8, 0x00, 0xf8, 0xfc, 0xf8, 0x00, 0xf8, 0xfc, 0xf8, 0x00,
    0xf8, 0xfc, 0xf8, 0x00, 0xf8, 0xfc, 0xf8, 0x00, 0xf8, 0xfc, 0xf8, 0x00,
    0xf8, 0xfc, 0xf8, 0x00, 0xf8, 0xfc, 0xf8, 0x00, 0xf8, 0xfc, 0xf8, 0x00,
    0xf8, 0xfc, 0xf8, 0x00, 0xf8, 0xfc, 0xf8, 0x00, 0xf8, 0xfc, 0xf8, 0x00,
    0xf8, 0xfc, 0xf8, 0x00, 0xf8, 0xfc, 0xf8, 0x00, 0xf8, 0xfc, 0xf8, 0x00,
    0xf8, 0xfc, 0xf8, 0x00, 0xf8, 0xfc, 0xf8, 0x00, 0xf8, 0xfc, 0xf8, 0x00,
    0xf8, 0xfc, 0xf8, 0x00, 0xf8, 0xfc, 0xf8, 0x00, 0xf8, 0xfc, 0xf8, 0x00,
    0xf8, 0xfc, 0xf8, 0x00, 0xf8, 0xfc, 0xf8, 0x00, 0xf8, 0xfc, 0xf8, 0x00,
    0xf8, 0xfc, 0xf8, 0x00, 0xf8, 0xfc, 0xf8, 0x00, 0xf8, 0xfc, 0xf8, 0x00,
    0xf8, 0xfc, 0xf8, 0x00, 0xf8, 0xfc, 0xf8, 0x00, 0xf8, 0xfc, 0xf8, 0x00,
    0xf8, 0xfc, 0xf8, 0x00, 0xf8, 0xfc, 0xf8, 0x00, 0xf8, 0xfc, 0xf8, 0x00,
    0xf8, 0xfc, 0xf8, 0x00, 0xf8, 0xfc, 0xf8, 0x00, 0xf8, 0xfc, 0xf8, 0x00,
    0xf8, 0xfc, 0xf8, 0x00, 0xf8, 0xfc, 0xf8, 0x00, 0xf8, 0xfc, 0xf8, 0x00,
    0xf8, 0xfc, 0xf8, 0x00, 0xf8, 0xfc, 0xf8, 0x00, 0xf8, 0xfc, 0xf8, 0x00,
    0xf8, 0xfc, 0xf8, 0x00, 0xf8, 0xfc, 0xf8, 0x00, 0xf8, 0xfc, 0xf8, 0x00,
    0xf8, 0xfc, 0xf8, 0x00, 0xf8, 0xfc, 0xf8, 0x00, 0xf8, 0xfc, 0xf8, 0x00,
    0xf8, 0xfc, 0xf8, 0x00, 0xf8, 0xfc, 0xf8, 0x00, 0xf8, 0xfc, 0xf8, 0x00,
    0xf8, 0xfc, 0xf8, 0x00, 0xf8, 0xfc, 0xf8, 0x00, 0xf8, 0xfc, 0xf8, 0x00,
    0xf8, 0xfc, 0xf8, 0x00, 0xf8, 0xfc, 0xf8, 0x00, 0xf8, 0xfc, 0xf8, 0x00,
    0xf8, 0xfc, 0xf8, 0x00, 0xf8, 0xfc, 0xf8, 0x00, 0xf8, 0xfc, 0xf8, 0x00,
    0xf8, 0xfc, 0xf8, 0x00, 0xf8, 0xfc, 0xf8, 0x00, 0xf8, 0xfc, 0xf8, 0x00,
    0xf8, 0xfc, 0xf8, 0x00, 0xf8, 0xfc, 0xf8, 0x00, 0xf8, 0xfc, 0xf8, 0x00,
    0xf8, 0xfc, 0xf8, 0x00, 0xf8, 0xfc, 0xf8, 0x00, 0xf8, 0xfc, 0xf8, 0x00,
    0xf8, 0xfc, 0xf8, 0x00, 0xf8, 0xfc, 0xf8, 0x00, 0xf8, 0xfc, 0xf8, 0x00,
    0xf8, 0xfc, 0xf8, 0x00, 0xf8, 0xfc, 0xf8, 0x00, 0xf8, 0xfc, 0xf8, 0x00,
    0xf8, 0xfc, 0xf8, 0x00, 0xf8, 0xfc, 0xf8, 0x00, 0xf8, 0xfc, 0xf8, 0x00,
    0xf8, 0xfc, 0xf8, 0x00, 0xf8, 0xfc, 0xf8, 0x00, 0xf8, 0xfc, 0xf8, 0x00,
    0xf8, 0xfc, 0xf8, 0x00, 0xf8, 0xfc, 0xf8, 0x00, 0xf8, 0xfc, 0xf8, 0x00,
    0xf8, 0xfc, 0xf8, 0x00, 0xf8, 0xfc, 0xf8, 0x00, 0xf8, 0xfc, 0xf8, 0x00,
    0xf8, 0xfc, 0xf8, 0x00, 0xf8, 0xfc, 0xf8, 0x00, 0xf8, 0xfc, 0xf8, 0x00,
    0xf8, 0xfc, 0xf8, 0x00, 0xf8, 0xfc, 0xf8, 0x00, 0xf8, 0xfc, 0xf8, 0x00,
    0xf8, 0xfc, 0xf8, 0x00, 0xf8, 0xfc, 0xf8, 0x00, 0xf8, 0xfc, 0xf8, 0x00,
    0xf8, 0xfc, 0xf8, 0x00, 0xf8, 0xfc, 0xf8, 0x00, 0xf8, 0xfc, 0xf8, 0x00,
    0xf8, 0xfc, 0xf8, 0x00, 0xf8, 0xfc, 0xf8, 0x00, 0xf8, 0xfc, 0xf8, 0x00,
    0xf8, 0xfc, 0xf8, 0x00, 0xf8, 0xfc, 0xf8, 0x00, 0xf8, 0xfc, 0xf8, 0x00,
    0xf8, 0xfc, 0xf8, 0x00, 0xf8, 0xfc, 0xf8, 0x00, 0xf8, 0xfc, 0xf8, 0x00,
    0xf8, 0xfc, 0xf8, 0x00, 0xf8, 0xfc, 0xf8, 0x00, 0xf8, 0xfc, 0xf8, 0x00,
    0xf8, 0xfc, 0xf8, 0x00, 0xf8, 0xfc, 0xf8, 0x00, 0xf8, 0xfc, 0xf8, 0x00,
    0xf8, 0xfc, 0xf8, 0x00, 0xf8, 0xfc, 0xf8, 0x00, 0xf8, 0xfc, 0xf8, 0x00,
    0xf8, 0xfc, 0xf8, 0x00, 0xf8, 0xfc, 0xf8, 0x00, 0xf8, 0xfc, 0xf8, 0x00,
    0xf8, 0xfc, 0xf8, 0x00, 0xf8, 0xfc, 0xf8, 0x00, 0xf8, 0xfc, 0xf8, 0x00,
    0xf8, 0xfc, 0xf8, 0x00, 0xf8, 0xfc, 0xf8, 0x00, 0xf8, 0xfc, 0xf8, 0x00,
    0xf8, 0xfc, 0xf8, 0x00, 0xf8, 0xfc, 0xf8, 0x00, 0xf8, 0xfc, 0xf8, 0x00,
    0xf8, 0xfc, 0xf8, 0x00, 0xf8, 0xfc, 0xf8, 0x00, 0xf8, 0xfc, 0xf8, 0x00,
    0xf8, 0xfc, 0xf8, 0x00, 0xf8, 0xfc, 0xf8, 0x00, 0xf8, 0xfc, 0xf8, 0x00,
    0xf8, 0xfc, 0xf8, 0x00, 0xf8, 0xfc, 0xf8, 0x00, 0xf8, 0xfc, 0xf8, 0x00,
    0xf8, 0xfc, 0xf8, 0x00, 0xf8, 0xfc, 0xf8, 0x00, 0xf8, 0xfc, 0xf8, 0x00,
    0xf8, 0xfc, 0xf8, 0x00, 0xf8, 0xfc, 0xf8, 0x00, 0xf8, 0xfc, 0xf8, 0x00,
    0xf8, 0xfc, 0xf8, 0x00, 0xf8, 0xfc, 0xf8, 0x00, 0xf8, 0xfc, 0xf8, 0x00,
    0xf8, 0xfc, 0xf8, 0x00, 0xf8, 0xfc, 0xf8, 0x00, 0xf8, 0xfc, 0xf8, 0x00,
    0xf8, 0xfc, 0xf8, 0x00, 0xf8, 0xfc, 0xf8, 0x00, 0xf8, 0xfc, 0xf8, 0x00,
    0xf8, 0xfc, 0xf8, 0x00, 0xf8, 0xfc, 0xf8, 0x00, 0xf8, 0xfc, 0xf8, 0x00,
    0xf8, 0xfc, 0xf8, 0x00, 0xf8, 0xfc, 0xf8, 0x00, 0xf8, 0xfc, 0xf8, 0x00,
    0xf8, 0xfc, 0xf8, 0x00, 0xf8, 0xfc, 0xf8, 0x00, 0xf8, 0xfc, 0xf8, 0x00,
    0xf8, 0xfc, 0xf8, 0x00, 0xf8, 0xfc, 0xf8, 0x00, 0xf8, 0xfc, 0xf8, 0x00,
    0xf8, 0xfc, 0xf8, 0x00, 0xf8, 0xfc, 0xf8, 0x00, 0xf8, 0xfc, 0xf8, 0x00,
    0xf8, 0xfc, 0xf8, 0x00, 0xf8, 0xfc, 0xf8, 0x00, 0xf8, 0xfc, 0xf8, 0x00,
    0xf8, 0xfc, 0xf8, 0x00, 0xf8, 0xfc, 0xf8, 0x00, 0xf8, 0xfc, 0xf8, 0x00,
    0xf8, 0xfc, 0xf8, 0x00, 0xf8, 0xfc, 0xf8, 0x00, 0xf8, 0xfc, 0xf8, 0x00,
    0xf8, 0xfc, 0xf8, 0x00, 0xf8, 0xfc, 0xf8, 0x00, 0xf8, 0xfc, 0xf8, 0x00,
    0xf8, 0xfc, 0xf8, 0x00, 0xf8, 0xfc, 0xf8, 0x00, 0xf8, 0xfc, 0xf8, 0x00,
    0xf8, 0xfc, 0xf8, 0x00, 0xf8, 0xfc, 0xf8, 0x00, 0xf8, 0xfc, 0xf8, 0x00,
    0xf8, 0xfc, 0xf8, 0x00, 0xf8, 0xfc, 0xf8, 0x00, 0xf8, 0xfc, 0xf8, 0x00,
    0xf8, 0xfc, 0xf8, 0x00, 0xf8, 0xfc, 0xf8, 0x00, 0xf8, 0xfc, 0xf8, 0x00,
    0xf8, 0xfc, 0xf8, 0x00, 0xf8, 0xfc, 0xf8, 0x00, 0xf8, 0xfc, 0xf8, 0x00,
    0xf8, 0xfc, 0xf8, 0x00, 0xf8, 0xfc, 0xf8, 0x00, 0xf8, 0xfc, 0xf8, 0x00,
    0xf8, 0xfc, 0xf8, 0x00, 0xf8, 0xfc, 0xf8, 0x00, 0xf8, 0xfc, 0xf8, 0x00,
    0xf8, 0xfc, 0xf8, 0x00, 0xf8, 0xfc, 0xf8, 0x00, 0xf8, 0xfc, 0xf8, 0x00,
    0xf8, 0xfc, 0xf8, 0x00, 0xf8, 0xfc, 0xf8, 0x00, 0xf8, 0xfc, 0xf8, 0x00,
    0xf8, 0xfc, 0xf8, 0x00, 0xf8, 0xfc, 0xf8, 0x00, 0xf8, 0xfc, 0xf8, 0x00,
    0xf8, 0xfc, 0xf8, 0x00, 0xf8, 0xfc, 0xf8, 0x00, 0xf8, 0xfc, 0xf8, 0x00,
    0xf8, 0xfc, 0xf8, 0x00, 0xf8, 0xfc, 0xf8, 0x00, 0xf8, 0xfc, 0xf8, 0x00,
    0xf8, 0xfc, 0xf8, 0x00, 0xf8, 0xfc, 0xf8, 0x00, 0xf8, 0xfc, 0xf8, 0x00,
    0xf8, 0xfc, 0xf8, 0x00, 0xf8, 0xfc, 0xf8, 0x00, 0xf8, 0xfc, 0xf8, 0x00,
    0xf8, 0xfc, 0xf8, 0x00, 0xf8, 0xfc, 0xf8, 0x00, 0xf8, 0xfc, 0xf8, 0x00,
    0xf8, 0xfc, 0xf8, 0x00, 0xf8, 0xfc, 0xf8, 0x00, 0xf8, 0xfc, 0xf8, 0x00,
    0xf8, 0xfc, 0xf8, 0x00, 0xf8, 0xfc, 0xf8, 0x00, 0xf8, 0xfc, 0xf8, 0x00,
    0xf8, 0xfc, 0xf8, 0x00, 0xf8, 0xfc, 0xf8, 0x00, 0xf8, 0xfc, 0xf8, 0x00,
    0xf8, 0xfc, 0xf8, 0x00, 0xf8, 0xfc, 0xf8, 0x00, 0xf8, 0xfc, 0xf8, 0x00,
    0xf8, 0xfc, 0xf8, 0x00, 0xf8, 0xfc, 0xf8, 0x00, 0xf8, 0xfc, 0xf8, 0x00,
    0xf8, 0xfc, 0xf8, 0x00, 0xf8, 0xfc, 0xf8, 0x00, 0xf8, 0xfc, 0xf8, 0x00,
    0xf8, 0xfc, 0xf8, 0x00, 0xf8, 0xfc, 0xf8, 0x00, 0xf8, 0xfc, 0xf8, 0x00,
    0xf8, 0xfc, 0xf8, 0x00, 0xf8, 0xfc, 0xf8, 0x00, 0xf8, 0xfc, 0xf8, 0x00,
    0xf8, 0xfc, 0xf8, 0x00, 0xf8, 0xfc, 0xf8, 0x00, 0xf8, 0xfc, 0xf8, 0x00,
    0xf8, 0xfc, 0xf8, 0x00, 0xf8, 0xfc, 0xf8, 0x00, 0xf8, 0xfc, 0xf8, 0x00,
    0xf8, 0xfc, 0xf8, 0x00, 0xf8, 0xfc, 0xf8, 0x00, 0xf8, 0xfc, 0xf8, 0x00,
    0xf8, 0xfc, 0xf8, 0x00, 0xf8, 0xfc, 0xf8, 0x00, 0xf8, 0xfc, 0xf8, 0x00,
    0xf8, 0xfc, 0xf8, 0x00, 0xf8, 0xfc, 0xf8, 0x00, 0xf8, 0xfc, 0xf8, 0x00,
    0xf8, 0xfc, 0xf8, 0x00, 0xf8, 0xfc, 0xf8, 0x00, 0xf8, 0xfc, 0xf8, 0x00,
    0xf8, 0xfc, 0xf8, 0x00, 0xf8, 0xfc, 0xf8, 0x00, 0xf8, 0xfc, 0xf8, 0x00,
    0xf8, 0xfc, 0xf8, 0x00, 0xf8, 0xfc, 0xf8, 0x00, 0xf8, 0xfc, 0xf8, 0x00,
    0xf8, 0xfc, 0xf8, 0x00, 0xf8, 0xfc, 0xf8, 0x00, 0xf8, 0xfc, 0xf8, 0x00,
    0xf8, 0xfc, 0xf8, 0x00, 0xf8, 0xfc, 0xf8, 0x00, 0xf8, 0xfc, 0xf8, 0x00,
    0xf8, 0xfc, 0xf8, 0x00, 0xf8, 0xfc, 0xf8, 0x00, 0xf8, 0xfc, 0xf8, 0x00,
    0xf8, 0xfc, 0xf8, 0x00, 0xf8, 0xfc, 0xf8, 0x00, 0xf8, 0xfc, 0xf8, 0x00,
    0xf8, 0xfc, 0xf8, 0x00, 0xf8, 0xfc, 0xf8, 0x00, 0xf8, 0xfc, 0xf8, 0x00,
    0xf8, 0xfc, 0xf8, 0x00, 0xf8, 0xfc, 0xf8, 0x00, 0xf8, 0xfc, 0xf8, 0x00,
    0xf8, 0xfc, 0xf8, 0x00, 0xf8, 0xfc, 0xf8, 0x00, 0xf8, 0xfc, 0xf8, 0x00,
    0xf8, 0xfc, 0xf8, 0x00, 0xf8, 0xfc, 0xf8, 0x00, 0xf8, 0xfc, 0xf8, 0x00,
    0xf8, 0xfc, 0xf8, 0x00, 0xf8, 0xfc, 0xf8, 0x00, 0xf8, 0xfc, 0xf8, 0x00,
    0xf8, 0xfc, 0xf8, 0x00, 0xf8, 0xfc, 0xf8, 0x00, 0xf8, 0xfc, 0xf8, 0x00,
    0xf8, 0xfc, 0xf8, 0x00, 0xf8, 0xfc, 0xf8, 0x00, 0xf8, 0xfc, 0xf8, 0x00,
    0xf8, 0xfc, 0xf8, 0x00, 0xf8, 0xfc, 0xf8, 0x00, 0xf8, 0xfc, 0xf8, 0x00,
    0xf8, 0xfc, 0xf8, 0x00, 0xf8, 0xfc, 0xf8, 0x00, 0xf8, 0xfc, 0xf8, 0x00,
    0xf8, 0xfc, 0xf8, 0x00, 0xf8, 0xfc, 0xf8, 0x00, 0xf8, 0xfc, 0xf8, 0x00,
    0xf8, 0xfc, 0xf8, 0x00, 0xf8, 0xfc, 0xf8, 0x00, 0xf8, 0xfc, 0xf8, 0x00,
    0xf8, 0xfc, 0xf8, 0x00, 0xf8, 0xfc, 0xf8, 0x00, 0xf8, 0xfc, 0xf8, 0x00,
    0xf8, 0xfc, 0xf8, 0x00, 0xf8, 0xfc, 0xf8, 0x00, 0xf8, 0xfc, 0xf8, 0x00,
    0xf8, 0xfc, 0xf8, 0x00, 0xf8, 0xfc, 0xf8, 0x00, 0xf8, 0xfc, 0xf8, 0x00,
    0xf8, 0xfc, 0xf8, 0x00, 0xf8, 0xfc, 0xf8, 0x00, 0xf8, 0xfc, 0xf8, 0x00,
    0xf8, 0xfc, 0xf8, 0x00, 0xf8, 0xfc, 0xf8, 0x00, 0xf8, 0xfc, 0xf8, 0x00,
    0xf8, 0xfc, 0xf8, 0x00, 0xf8, 0xfc, 0xf8, 0x00, 0xf8, 0xfc, 0xf8, 0x00,
    0xf8, 0xfc, 0xf8, 0x00, 0xf8, 0xfc, 0xf8, 0x00, 0xf8, 0xfc, 0xf8, 0x00,
    0xf8, 0xfc, 0xf8, 0x00, 0xf8, 0xfc, 0xf8, 0x00, 0xf8, 0xfc, 0xf8, 0x00,
    0xf8, 0xfc, 0xf8, 0x00, 0xf8, 0xfc, 0xf8, 0x00, 0xf8, 0xfc, 0xf8, 0x00,
    0xf8, 0xfc, 0xf8, 0x00, 0xf8, 0xfc, 0xf8, 0x00, 0xf8, 0xfc, 0xf8, 0x00,
    0xf8, 0xfc, 0xf8, 0x00, 0xf8, 0xfc, 0xf8, 0x00, 0xf8, 0xfc, 0xf8, 0x00,
    0xf8, 0xfc, 0xf8, 0x00, 0xf8, 0xfc, 0xf8, 0x00, 0xf8, 0xfc, 0xf8, 0x00,
    0xf8, 0xfc, 0xf8, 0x00, 0xf8, 0xfc, 0xf8, 0x00, 0xf8, 0xfc, 0xf8, 0x00,
    0xf8, 0xfc, 0xf8, 0x00, 0xf8, 0xfc, 0xf8, 0x00, 0xf8, 0xfc, 0xf8, 0x00,
    0xf8, 0xfc, 0xf8, 0x00, 0xf8, 0xfc, 0xf8, 0x00, 0xf8, 0xfc, 0xf8, 0x00,
    0xf8, 0xfc, 0xf8, 0x00, 0xf8, 0xfc, 0xf8, 0x00, 0xf8, 0xfc, 0xf8, 0x00,
    0xf8, 0xfc, 0xf8, 0x00, 0xf8, 0xfc, 0xf8, 0x00, 0xf8, 0xfc, 0xf8, 0x00,
    0xf8, 0xfc, 0xf8, 0x00, 0xf8, 0xfc, 0xf8, 0x00, 0xf8, 0xfc, 0xf8, 0x00,
    0xf8, 0xfc, 0xf8, 0x00, 0xf8, 0xfc, 0xf8, 0x00, 0xf8, 0xfc, 0xf8, 0x00,
    0xf8, 0xfc, 0xf8, 0x00, 0xf8, 0xfc, 0xf8, 0x00, 0xf8, 0xfc, 0xf8, 0x00,
    0xf8, 0xfc, 0xf8, 0x00, 0xf8, 0xfc, 0xf8, 0x00, 0xf8, 0xfc, 0xf8, 0x00,
    0xf8, 0xfc, 0xf8, 0x00, 0xf8, 0xfc, 0xf8, 0x00, 0xf8, 0xfc, 0xf8, 0x00,
    0xf8, 0xfc, 0xf8, 0x00, 0xf8, 0xfc, 0xf8, 0x00, 0xf8, 0xfc, 0xf8, 0x00,
    0xf8, 0xfc, 0xf8, 0x00, 0xf8, 0xfc, 0xf8, 0x00, 0xf8, 0xfc, 0xf8, 0x00,
    0xf8, 0xfc, 0xf8, 0x00, 0xf8, 0xfc, 0xf8, 0x00, 0xf8, 0xfc, 0xf8, 0x00,
    0xf8, 0xfc, 0xf8, 0x00, 0xf8, 0xfc, 0xf8, 0x00, 0xf8, 0xfc, 0xf8, 0x00,
    0xf8, 0xfc, 0xf8, 0x00, 0xf8, 0xfc, 0xf8, 0x00, 0xf8, 0xfc, 0xf8, 0x00,
    0xf8, 0xfc, 0xf8, 0x00, 0xf8, 0xfc, 0xf8, 0x00, 0xf8, 0xfc, 0xf8, 0x00,
    0xf8, 0xfc, 0xf8, 0x00, 0xf8, 0xfc, 0xf8, 0x00, 0xf8, 0xfc, 0xf8, 0x00,
    0xf8, 0xfc, 0xf8, 0x00, 0xf8, 0xfc, 0xf8, 0x00, 0xf8, 0xfc, 0xf8, 0x00,
    0xf8, 0xfc, 0xf8, 0x00, 0xf8, 0xfc, 0xf8, 0x00, 0xf8, 0xfc, 0xf8, 0x00,
    0xf8, 0xfc, 0xf8, 0x00, 0xf8, 0xfc, 0xf8, 0x00, 0xf8, 0xfc, 0xf8, 0x00,
    0xf8, 0xfc, 0xf8, 0x00, 0xf8, 0xfc, 0xf8, 0x00, 0xf8, 0xfc, 0xf8, 0x00,
    0xf8, 0xfc, 0xf8, 0x00, 0xf8, 0xfc, 0xf8, 0x00, 0xf8, 0xfc, 0xf8, 0x00,
    0xf8, 0xfc, 0xf8, 0x00, 0xf8, 0xfc, 0xf8, 0x00, 0xf8, 0xfc, 0xf8, 0x00,
    0xf8, 0xfc, 0xf8, 0x00, 0xf8, 0xfc, 0xf8, 0x00, 0xf8, 0xfc, 0xf8, 0x00,
    0xf8, 0xfc, 0xf8, 0x00, 0xf8, 0xfc, 0xf8, 0x00, 0xf8, 0xfc, 0xf8, 0x00,
    0xf8, 0xfc, 0xf8, 0x00, 0xf8, 0xfc, 0xf8, 0x00, 0xf8, 0xfc, 0xf8, 0x00,
    0xf8, 0xfc, 0xf8, 0x00, 0xf8, 0xfc, 0xf8, 0x00, 0xf8, 0xfc, 0xf8, 0x00,
    0xf8, 0xfc, 0xf8, 0x00, 0xf8, 0xfc, 0xf8, 0x00, 0xf8, 0xfc, 0xf8, 0x00,
    0xf8, 0xfc, 0xf8, 0x00, 0xf8, 0xfc, 0xf8, 0x00, 0xf8, 0xfc, 0xf8, 0x00,
    0xf8, 0xfc, 0xf8, 0x00, 0xf8, 0xfc, 0xf8, 0x00, 0xf8, 0xfc, 0xf8, 0x00,
    0xf8, 0xfc, 0xf8, 0x00, 0xf8, 0xfc, 0xf8, 0x00, 0xf8, 0xfc, 0xf8, 0x00,
    0xf8, 0xfc, 0xf8, 0x00, 0xf8, 0xfc, 0xf8, 0x00, 0xf8, 0xfc, 0xf8, 0x00,
    0xf8, 0xfc, 0xf8, 0x00, 0xf8, 0xfc, 0xf8, 0x00, 0xf8, 0xfc, 0xf8, 0x00,
    0xf8, 0xfc, 0xf8, 0x00, 0xf8, 0xfc, 0xf8, 0x00, 0xf8, 0xfc, 0xf8, 0x00,
    0xf8, 0xfc, 0xf8, 0x00, 0xf8, 0xfc, 0xf8, 0x00, 0xf8, 0xfc, 0xf8, 0x00,
    0xf8, 0xfc, 0xf8, 0x00, 0xf8, 0xfc, 0xf8, 0x00, 0xf8, 0xfc, 0xf8, 0x00,
    0xf8, 0xfc, 0xf8, 0x00, 0xf8, 0xfc, 0xf8, 0x00, 0xf8, 0xfc, 0xf8, 0x00,
    0xf8, 0xfc, 0xf8, 0x00, 0xf8, 0xfc, 0xf8, 0x00, 0xf8, 0xfc, 0xf8, 0x00,
    0xf8, 0xfc, 0xf8, 0x00, 0xf8, 0xfc, 0xf8, 0x00, 0xf8, 0xfc, 0xf8, 0x00,
    0xf8, 0xfc, 0xf8, 0x00, 0xf8, 0xfc, 0xf8, 0x00, 0xf8, 0xfc, 0xf8, 0x00,
    0xf8, 0xfc, 0xf8, 0x00, 0xf8, 0xfc, 0xf8, 0x00, 0xf8, 0xfc, 0xf8, 0x00,
    0xf8, 0xfc, 0xf8, 0x00, 0xf8, 0xfc, 0xf8, 0x00, 0xf8, 0xfc, 0xf8, 0x00,
    0xf8, 0xfc, 0xf8, 0x00, 0xf8, 0xfc, 0xf8, 0x00, 0xf8, 0xfc, 0xf8, 0x00,
    0xf8, 0xfc, 0xf8, 0x00, 0xf8, 0xfc, 0xf8, 0x00, 0xf8, 0xfc, 0xf8, 0x00,
    0xf8, 0xfc, 0xf8, 0x00, 0xf8, 0xfc, 0xf8, 0x00, 0xf8, 0xfc, 0xf8, 0x00,
    0xf8, 0xfc, 0xf8, 0x00, 0xf8, 0xfc, 0xf8, 0x00, 0xf8, 0xfc, 0xf8, 0x00,
    0xf8, 0xfc, 0xf8, 0x00, 0xf8, 0xfc, 0xf8, 0x00, 0xf8, 0xfc, 0xf8, 0x00,
    0xf8, 0xfc, 0xf8, 0x00, 0xf8, 0xfc, 0xf8, 0x00, 0xf8, 0xfc, 0xf8, 0x00,
    0xf8, 0xfc, 0xf8, 0x00, 0xf8, 0xfc, 0xf8, 0x00, 0xf8, 0xfc, 0xf8, 0x00,
    0xf8, 0xfc, 0xf8, 0x00, 0xf8, 0xfc, 0xf8, 0x00, 0xf8, 0xfc, 0xf8, 0x00,
    0xf8, 0xfc, 0xf8, 0x00, 0xf8, 0xfc, 0xf8, 0x00, 0xf8, 0xfc, 0xf8, 0x00,
    0xf8, 0xfc, 0xf8, 0x00, 0xf8, 0xfc, 0xf8, 0x00, 0xf8, 0xfc, 0xf8, 0x00,
    0xf8, 0xfc, 0xf8, 0x00, 0xf8, 0xfc, 0xf8, 0x00, 0xf8, 0xfc, 0xf8, 0x00,
    0xf8, 0xfc, 0xf8, 0x00, 0xf8, 0xfc, 0xf8, 0x00, 0xf8, 0xfc, 0xf8, 0x00,
    0xf8, 0xfc, 0xf8, 0x00, 0xf8, 0xfc, 0xf8, 0x00, 0xf8, 0xfc, 0xf8, 0x00,
    0xf8, 0xfc, 0xf8, 0x00, 0xf8, 0xfc, 0xf8, 0x00, 0xf8, 0xfc, 0xf8, 0x00,
    0xf8, 0xfc, 0xf8, 0x00, 0xf8, 0xfc, 0xf8, 0x00, 0xf8, 0xfc, 0xf8, 0x00,
    0xf8, 0xfc, 0xf8, 0x00, 0xf8, 0xfc, 0xf8, 0x00, 0xf8, 0xfc, 0xf8, 0x00,
    0xf8, 0xfc, 0xf8, 0x00, 0xf8, 0xfc, 0xf8, 0x00, 0xf8, 0xfc, 0xf8, 0x00,
    0xf8, 0xfc, 0xf8, 0x00, 0xf8, 0xfc, 0xf8, 0x00, 0xf8, 0xfc, 0xf8, 0x00,
    0xf8, 0xfc, 0xf8, 0x00, 0xf8, 0xfc, 0xf8, 0x00, 0xf8, 0xfc, 0xf8, 0x00,
    0xf8, 0xfc, 0xf8, 0x00, 0xf8, 0xfc, 0xf8, 0x00, 0xf8, 0xfc, 0xf8, 0x00,
    0xf8, 0xfc, 0xf8, 0x00, 0xf8, 0xfc, 0xf8, 0x00, 0xf8, 0xfc, 0xf8, 0x00,
    0xf8, 0xfc, 0xf8, 0x00, 0xf8, 0xfc, 0xf8, 0x00, 0xf8, 0xfc, 0xf8, 0x00,
    0xf8, 0xfc, 0xf8, 0x00, 0xf8, 0xfc, 0xf8, 0x00, 0xf8, 0xfc, 0xf8, 0x00,
    0xf8, 0xfc, 0xf8, 0x00, 0xf8, 0xfc, 0xf8, 0x00, 0xf8, 0xfc, 0xf8, 0x00,
    0xf8, 0xfc, 0xf8, 0x00, 0xf8, 0xfc, 0xf8, 0x00, 0xf8, 0xfc, 0xf8, 0x00,
    0xf8, 0xfc, 0xf8, 0x00, 0xf8, 0xfc, 0xf8, 0x00, 0xf8, 0xfc, 0xf8, 0x00,
    0xf8, 0xfc, 0xf8, 0x00, 0xf8, 0xfc, 0xf8, 0x00, 0xf8, 0xfc, 0xf8, 0x00,
    0xf8, 0xfc, 0xf8, 0x00, 0xf8, 0xfc, 0xf8, 0x00, 0xf8, 0xfc, 0xf8, 0x00,
    0xf8, 0xfc, 0xf8, 0x00, 0xf8, 0xfc, 0xf8, 0x00, 0xf8, 0xfc, 0xf8, 0x00,
    0xf8, 0xfc, 0xf8, 0x00, 0xf8, 0xfc, 0xf8, 0x00, 0xf8, 0xfc, 0xf8, 0x00,
    0xf8, 0xfc, 0xf8, 0x00, 0xf8, 0xfc, 0xf8, 0x00, 0xf8, 0xfc, 0xf8, 0x00,
    0xf8, 0xfc, 0xf8, 0x00, 0xf8, 0xfc, 0xf8, 0x00, 0xf8, 0xfc, 0xf8, 0x00,
    0xf8, 0xfc, 0xf8, 0x00, 0xf8, 0xfc, 0xf8, 0x00, 0xf8, 0xfc, 0xf8, 0x00,
    0xf8, 0xfc, 0xf8, 0x00, 0xf8, 0xfc, 0xf8, 0x00, 0xf8, 0xfc, 0xf8, 0x00,
    0xf8, 0xfc, 0xf8, 0x00, 0xf8, 0xfc, 0xf8, 0x00, 0xf8, 0xfc, 0xf8, 0x00,
    0xf8, 0xfc, 0xf8, 0x00, 0xf8, 0xfc, 0xf8, 0x00, 0xf8, 0xfc, 0xf8, 0x00,
    0xf8, 0xfc, 0xf8, 0x00, 0xf8, 0xfc, 0xf8, 0x00, 0xf8, 0xfc, 0xf8, 0x00,
    0xf8, 0xfc, 0xf8, 0x00, 0xf8, 0xfc, 0xf8, 0x00, 0xf8, 0xfc, 0xf8, 0x00,
    0xf8, 0xfc, 0xf8, 0x00, 0xf8, 0xfc, 0xf8, 0x00, 0xf8, 0xfc, 0xf8, 0x00,
    0xf8, 0xfc, 0xf8, 0x00, 0xf8, 0xfc, 0xf8, 0x00, 0xf8, 0xfc, 0xf8, 0x00,
    0xf8, 0xfc, 0xf8, 0x00, 0xf8, 0xfc, 0xf8, 0x00, 0xf8, 0xfc, 0xf8, 0x00,
    0xf8, 0xfc, 0xf8, 0x00, 0xf8, 0xfc, 0xf8, 0x00, 0xf8, 0xfc, 0xf8, 0x00,
    0xf8, 0xfc, 0xf8, 0x00, 0xf8, 0xfc, 0xf8, 0x00, 0xf8, 0xfc, 0xf8, 0x00,
    0xf8, 0xfc, 0xf8, 0x00, 0xf8, 0xfc, 0xf8, 0x00, 0xf8, 0xfc, 0xf8, 0x00,
    0xf8, 0xfc, 0xf8, 0x00, 0xf8, 0xfc, 0xf8, 0x00, 0xf8, 0xfc, 0xf8, 0x00,
    0xf8, 0xfc, 0xf8, 0x00, 0xf8, 0xfc, 0xf8, 0x00, 0xf8, 0xfc, 0xf8, 0x00,
    0xf8, 0xfc, 0xf8, 0x00, 0xf8, 0xfc, 0xf8, 0x00, 0xf8, 0xfc, 0xf8, 0x00,
    0xf8, 0xfc, 0xf8, 0x00, 0xf8, 0xfc, 0xf8, 0x00, 0xf8, 0xfc, 0xf8, 0x00,
    0xf8, 0xfc, 0xf8, 0x00, 0xf8, 0xfc, 0xf8, 0x00, 0xf8, 0xfc, 0xf8, 0x00,
    0xf8, 0xfc, 0xf8, 0x00, 0xf8, 0xfc, 0xf8, 0x00, 0xf8, 0xfc, 0xf8, 0x00,
    0xf8, 0xfc, 0xf8, 0x00, 0xf8, 0xfc, 0xf8, 0x00, 0xf8, 0xfc, 0xf8, 0x00,
    0xf8, 0xfc, 0xf8, 0x00, 0xf8, 0xfc, 0xf8, 0x00, 0xf8, 0xfc, 0xf8, 0x00,
    0xf8, 0xfc, 0xf8, 0x00, 0xf8, 0xfc, 0xf8, 0x00, 0xf8, 0xfc, 0xf8, 0x00,
    0xf8, 0xfc, 0xf8, 0x00, 0xf8, 0xfc, 0xf8, 0x00, 0xf8, 0xfc, 0xf8, 0x00,
    0xf8, 0xfc, 0xf8, 0x00, 0xf8, 0xfc, 0xf8, 0x00, 0xf8, 0xfc, 0xf8, 0x00,
    0xf8, 0xfc, 0xf8, 0x00, 0xf8, 0xfc, 0xf8, 0x00, 0xf8, 0xfc, 0xf8, 0x00,
    0xf8, 0xfc, 0xf8, 0x00, 0xf8, 0xfc, 0xf8, 0x00, 0xf8, 0xfc, 0xf8, 0x00,
    0xf8, 0xfc, 0xf8, 0x00, 0xf8, 0xfc, 0xf8, 0x00, 0xf8, 0xfc, 0xf8, 0x00,
    0xf8, 0xfc, 0xf8, 0x00, 0xf8, 0xfc, 0xf8, 0x00, 0xf8, 0xfc, 0xf8, 0x00,
    0xf8, 0xfc, 0xf8, 0x00, 0xf8, 0xfc, 0xf8, 0x00, 0xf8, 0xfc, 0xf8, 0x00,
    0xf8, 0xfc, 0xf8, 0x00, 0xf8, 0xfc, 0xf8, 0x00, 0xf8, 0xfc, 0xf8, 0x00,
    0xf8, 0xfc, 0xf8, 0x00, 0xf8, 0xfc, 0xf8, 0x00, 0xf8, 0xfc, 0xf8, 0x00,
    0xf8, 0xfc, 0xf8, 0x00, 0xf8, 0xfc, 0xf8, 0x00, 0xf8, 0xfc, 0xf8, 0x00,
    0xf8, 0xfc, 0xf8, 0x00, 0xf8, 0xfc, 0xf8, 0x00, 0xf8, 0xfc, 0xf8, 0x00,
    0xf8, 0xfc, 0xf8, 0x00, 0xf8, 0xfc, 0xf8, 0x00, 0xf8, 0xfc, 0xf8, 0x00,
    0xf8, 0xfc, 0xf8, 0x00, 0xf8, 0xfc, 0xf8, 0x00, 0xf8, 0xfc, 0xf8, 0x00,
    0xf8, 0xfc, 0xf8, 0x00, 0xf8, 0xfc, 0xf8, 0x00, 0xf8, 0xfc, 0xf8, 0x00,
    0xf8, 0xfc, 0xf8, 0x00, 0xf8, 0xfc, 0xf8, 0x00, 0xf8, 0xfc, 0xf8, 0x00,
    0xf8, 0xfc, 0xf8, 0x00, 0xf8, 0xfc, 0xf8, 0x00, 0xf8, 0xfc, 0xf8, 0x00,
    0xf8, 0xfc, 0xf8, 0x00, 0xf8, 0xfc, 0xf8, 0x00, 0xf8, 0xfc, 0xf8, 0x00,
    0xf8, 0xfc, 0xf8, 0x00, 0xf8, 0xfc, 0xf8, 0x00, 0xf8, 0xfc, 0xf8, 0x00,
    0xf8, 0xfc, 0xf8, 0x00, 0xf8, 0xfc, 0xf8, 0x00, 0xf8, 0xfc, 0xf8, 0x00,
    0xf8, 0xfc, 0xf8, 0x00, 0xf8, 0xfc, 0xf8, 0x00, 0xf8, 0xfc, 0xf8, 0x00,
    0xf8, 0xfc, 0xf8, 0x00, 0xf8, 0xfc, 0xf8, 0x00, 0xf8, 0xfc, 0xf8, 0x00,
    0xf8, 0xfc, 0xf8, 0x00, 0xf8, 0xfc, 0xf8, 0x00, 0xf8, 0xfc, 0xf8, 0x00,
    0xf8, 0xfc, 0xf8, 0x00, 0xf8, 0xfc, 0xf8, 0x00, 0xf8, 0xfc, 0xf8, 0x00,
    0xf8, 0xfc, 0xf8, 0x00, 0xf8, 0xfc, 0xf8, 0x00, 0xf8, 0xfc, 0xf8, 0x00,
    0xf8, 0xfc, 0xf8, 0x00, 0xf8, 0xfc, 0xf8, 0x00, 0xf8, 0xfc, 0xf8, 0x00,
    0xf8, 0xfc, 0xf8, 0x00, 0xf8, 0xfc, 0xf8, 0x00, 0xf8, 0xfc, 0xf8, 0x00,
    0xf8, 0xfc, 0xf8, 0x00, 0xf8, 0xfc, 0xf8, 0x00, 0xf8, 0xfc, 0xf8, 0x00,
    0xf8, 0xfc, 0xf8, 0x00, 0xf8, 0xfc, 0xf8, 0x00, 0xf8, 0xfc, 0xf8, 0x00,
    0xf8, 0xfc, 0xf8, 0x00, 0xf8, 0xfc, 0xf8, 0x00, 0xf8, 0xfc, 0xf8, 0x00,
    0xf8, 0xfc, 0xf8, 0x00, 0xf8, 0xfc, 0xf8, 0x00, 0xf8, 0xfc, 0xf8, 0x00,
    0xf8, 0xfc, 0xf8, 0x00, 0xf8, 0xfc, 0xf8, 0x00, 0xf8, 0xfc, 0xf8, 0x00,
    0xf8, 0xfc, 0xf8, 0x00, 0xf8, 0xfc, 0xf8, 0x00, 0xf8, 0xfc, 0xf8, 0x00,
    0xf8, 0xfc, 0xf8, 0x00, 0xf8, 0xfc, 0xf8, 0x00, 0xf8, 0xfc, 0xf8, 0x00,
    0xf8, 0xfc, 0xf8, 0x00, 0xf8, 0xfc, 0xf8, 0x00, 0xf8, 0xfc, 0xf8, 0x00,
    0xf8, 0xfc, 0xf8, 0x00, 0xf8, 0xfc, 0xf8, 0x00, 0xf8, 0xfc, 0xf8, 0x00,
    0xf8, 0xfc, 0xf8, 0x00, 0xf8, 0xfc, 0xf8, 0x00, 0xf8, 0xfc, 0xf8, 0x00,
    0xf8, 0xfc, 0xf8, 0x00, 0xf8, 0xfc, 0xf8, 0x00, 0xf8, 0xfc, 0xf8, 0x00,
    0xf8, 0xfc, 0xf8, 0x00, 0xf8, 0xfc, 0xf8, 0x00, 0xf8, 0xfc, 0xf8, 0x00,
    0xf8, 0xfc, 0xf8, 0x00, 0xf8, 0xfc, 0xf8, 0x00, 0xf8, 0xfc, 0xf8, 0x00,
    0xf8, 0xfc, 0xf8, 0x00, 0xf8, 0xfc, 0xf8, 0x00, 0xf8, 0xfc, 0xf8, 0x00,
    0xf8, 0xfc, 0xf8, 0x00, 0xf8, 0xfc, 0xf8, 0x00, 0xf8, 0xfc, 0xf8, 0x00,
    0xf8, 0xfc, 0xf8, 0x00, 0xf8, 0xfc, 0xf8, 0x00, 0xf8, 0xfc, 0xf8, 0x00,
    0xf8, 0xfc, 0xf8, 0x00, 0xf8, 0xfc, 0xf8, 0x00, 0xf8, 0xfc, 0xf8, 0x00,
    0xf8, 0xfc, 0xf8, 0x00, 0xf8, 0xfc, 0xf8, 0x00, 0xf8, 0xfc, 0xf8, 0x00,
    0xf8, 0xfc, 0xf8, 0x00, 0xf8, 0xfc, 0xf8, 0x00, 0xf8, 0xfc, 0xf8, 0x00,
    0xf8, 0xfc, 0xf8, 0x00, 0xf8, 0xfc, 0xf8, 0x00, 0xf8, 0xfc, 0xf8, 0x00,
    0xf8, 0xfc, 0xf8, 0x00, 0xf8, 0xfc, 0xf8, 0x00, 0xf8, 0xfc, 0xf8, 0x00,
    0xf8, 0xfc, 0xf8, 0x00, 0xf8, 0xfc, 0xf8, 0x00, 0xf8, 0xfc, 0xf8, 0x00,
    0xf8, 0xfc, 0xf8, 0x00, 0xf8, 0xfc, 0xf8, 0x00, 0xf8, 0xfc, 0xf8, 0x00,
    0xf8, 0xfc, 0xf8, 0x00, 0xf8, 0xfc, 0xf8, 0x00, 0xf8, 0xfc, 0xf8, 0x00,
    0xf8, 0xfc, 0xf8, 0x00, 0xf8, 0xfc, 0xf8, 0x00, 0xf8, 0xfc, 0xf8, 0x00,
    0xf8, 0xfc, 0xf8, 0x00, 0xf8, 0xfc, 0xf8, 0x00, 0xf8, 0xfc, 0xf8, 0x00,
    0xf8, 0xfc, 0xf8, 0x00, 0xf8, 0xfc, 0xf8, 0x00, 0xf8, 0xfc, 0xf8, 0x00,
    0xf8, 0xfc, 0xf8, 0x00, 0xf8, 0xfc, 0xf8, 0x00, 0xf8, 0xfc, 0xf8, 0x00,
    0xf8, 0xfc, 0xf8, 0x00, 0xf8, 0xfc, 0xf8, 0x00, 0xf8, 0xfc, 0xf8, 0x00,
    0xf8, 0xfc, 0xf8, 0x00, 0xf8, 0xfc, 0xf8, 0x00, 0xf8, 0xfc, 0xf8, 0x00,
    0xf8, 0xfc, 0xf8, 0x00, 0xf8, 0xfc, 0xf8, 0x00, 0xf8, 0xfc, 0xf8, 0x00,
    0xf8, 0xfc, 0xf8, 0x00, 0xf8, 0xfc, 0xf8, 0x00, 0xf8, 0xfc, 0xf8, 0x00,
    0xf8, 0xfc, 0xf8, 0x00, 0xf8, 0xfc, 0xf8, 0x00, 0xf8, 0xfc, 0xf8, 0x00,
    0xf8, 0xfc, 0xf8, 0x00, 0xf8, 0xfc, 0xf8, 0x00, 0xf8, 0xfc, 0xf8, 0x00,
    0xf8, 0xfc, 0xf8, 0x00, 0xf8, 0xfc, 0xf8, 0x00, 0xf8, 0xfc, 0xf8, 0x00,
    0xf8, 0xfc, 0xf8, 0x00, 0xf8, 0xfc, 0xf8, 0x00, 0xf8, 0xfc, 0xf8, 0x00,
    0xf8, 0xfc, 0xf8, 0x00, 0xf8, 0xfc, 0xf8, 0x00, 0xf8, 0xfc, 0xf8, 0x00,
    0xf8, 0xfc, 0xf8, 0x00, 0xf8, 0xfc, 0xf8, 0x00, 0xf8, 0xfc, 0xf8, 0x00,
    0xf8, 0xfc, 0xf8, 0x00, 0xf8, 0xfc, 0xf8, 0x00, 0xf8, 0xfc, 0xf8, 0x00,
    0xf8, 0xfc, 0xf8, 0x00, 0xf8, 0xfc, 0xf8, 0x00, 0xf8, 0xfc, 0xf8, 0x00,
    0xf8, 0xfc, 0xf8, 0x00, 0xf8, 0xfc, 0xf8, 0x00, 0xf8, 0xfc, 0xf8, 0x00,
    0xf8, 0xfc, 0xf8, 0x00, 0xf8, 0xfc, 0xf8, 0x00, 0xf8, 0xfc, 0xf8, 0x00,
    0xf8, 0xfc, 0xf8, 0x00, 0xf8, 0xfc, 0xf8, 0x00, 0xf8, 0xfc, 0xf8, 0x00,
    0xf8, 0xfc, 0xf8, 0x00, 0xf8, 0xfc, 0xf8, 0x00, 0xf8, 0xfc, 0xf8, 0x00,
    0xf8, 0xfc, 0xf8, 0x00, 0xf8, 0xfc, 0xf8, 0x00, 0xf8, 0xfc, 0xf8, 0x00,
    0xf8, 0xfc, 0xf8, 0x00, 0xf8, 0xfc, 0xf8, 0x00, 0xf8, 0xfc, 0xf8, 0x00,
    0xf8, 0xfc, 0xf8, 0x00, 0xf8, 0xfc, 0xf8, 0x00, 0xf8, 0xfc, 0xf8, 0x00,
    0xf8, 0xfc, 0xf8, 0x00, 0xf8, 0xfc, 0xf8, 0x00, 0xf8, 0xfc, 0xf8, 0x00,
    0xf8, 0xfc, 0xf8, 0x00, 0xf8, 0xfc, 0xf8, 0x00, 0xf8, 0xfc, 0xf8, 0x00,
    0xf8, 0xfc, 0xf8, 0x00, 0xf8, 0xfc, 0xf8, 0x00, 0xf8, 0xfc, 0xf8, 0x00,
    0xf8, 0xfc, 0xf8, 0x00, 0xf8, 0xfc, 0xf8, 0x00, 0xf8, 0xfc, 0xf8, 0x00,
    0xf8, 0xfc, 0xf8, 0x00, 0xf8, 0xfc, 0xf8, 0x00, 0xf8, 0xfc, 0xf8, 0x00,
    0xf8, 0xfc, 0xf8, 0x00, 0xf8, 0xfc, 0xf8, 0x00, 0xf8, 0xfc, 0xf8, 0x00,
    0xf8, 0xfc, 0xf8, 0x00, 0xf8, 0xfc, 0xf8, 0x00, 0xf8, 0xfc, 0xf8, 0x00,
    0xf8, 0xfc, 0xf8, 0x00, 0xf8, 0xfc, 0xf8, 0x00, 0xf8, 0xfc, 0xf8, 0x00,
    0xf8, 0xfc, 0xf8, 0x00, 0xf8, 0xfc, 0xf8, 0x00, 0xf8, 0xfc, 0xf8, 0x00,
    0xf8, 0xfc, 0xf8, 0x00, 0xf8, 0xfc, 0xf8, 0x00, 0xf8, 0xfc, 0xf8, 0x00,
    0xf8, 0xfc, 0xf8, 0x00, 0xf8, 0xfc, 0xf8, 0x00, 0xf8, 0xfc, 0xf8, 0x00,
    0xf8, 0xfc, 0xf8, 0x00, 0xf8, 0xfc, 0xf8, 0x00, 0xf8, 0xfc, 0xf8, 0x00,
    0xf8, 0xfc, 0xf8, 0x00, 0xf8, 0xfc, 0xf8, 0x00, 0xf8, 0xfc, 0xf8, 0x00,
    0xf8, 0xfc, 0xf8, 0x00, 0xf8, 0xfc, 0xf8, 0x00, 0xf8, 0xfc, 0xf8, 0x00,
    0xf8, 0xfc, 0xf8, 0x00, 0xf8, 0xfc, 0xf8, 0x00, 0xf8, 0xfc, 0xf8, 0x00,
    0xf8, 0xfc, 0xf8, 0x00, 0xf8, 0xfc, 0xf8, 0x00, 0xf8, 0xfc, 0xf8, 0x00,
    0xf8, 0xfc, 0xf8, 0x00, 0xf8, 0xfc, 0xf8, 0x00, 0xf8, 0xfc, 0xf8, 0x00,
    0xf8, 0xfc, 0xf8, 0x00, 0xf8, 0xfc, 0xf8, 0x00, 0xf8, 0xfc, 0xf8, 0x00,
    0xf8, 0xfc, 0xf8, 0x00, 0xf8, 0xfc, 0xf8, 0x00, 0xf8, 0xfc, 0xf8, 0x00,
    0xf8, 0xfc, 0xf8, 0x00, 0xf8, 0xfc, 0xf8, 0x00, 0xf8, 0xfc, 0xf8, 0x00,
    0xf8, 0xfc, 0xf8, 0x00, 0xf8, 0xfc, 0xf8, 0x00, 0xf8, 0xfc, 0xf8, 0x00,
    0xf8, 0xfc, 0xf8, 0x00, 0xf8, 0xfc, 0xf8, 0x00, 0xf8, 0xfc, 0xf8, 0x00,
    0xf8, 0xfc, 0xf8, 0x00, 0xf8, 0xfc, 0xf8, 0x00, 0xf8, 0xfc, 0xf8, 0x00,
    0xf8, 0xfc, 0xf8, 0x00, 0xf8, 0xfc, 0xf8, 0x00, 0xf8, 0xfc, 0xf8, 0x00,
    0xf8, 0xfc, 0xf8, 0x00, 0xf8, 0xfc, 0xf8, 0x00, 0xf8, 0xfc, 0xf8, 0x00,
    0xf8, 0xfc, 0xf8, 0x00, 0xf8, 0xfc, 0xf8, 0x00, 0xf8, 0xfc, 0xf8, 0x00,
    0xf8, 0xfc, 0xf8, 0x00, 0xf8, 0xfc, 0xf8, 0x00, 0xf8, 0xfc, 0xf8, 0x00,
    0xf8, 0xfc, 0xf8, 0x00, 0xf8, 0xfc, 0xf8, 0x00, 0xf8, 0xfc, 0xf8, 0x00,
    0xf8, 0xfc, 0xf8, 0x00, 0xf8, 0xfc, 0xf8, 0x00, 0xf8, 0xfc, 0xf8, 0x00,
    0xf8, 0xfc, 0xf8, 0x00, 0xf8, 0xfc, 0xf8, 0x00, 0xf8, 0xfc, 0xf8, 0x00,
    0xf8, 0xfc, 0xf8, 0x00, 0xf8, 0xfc, 0xf8, 0x00, 0xf8, 0xfc, 0xf8, 0x00,
    0xf8, 0xfc, 0xf8, 0x00, 0xf8, 0xfc, 0xf8, 0x00, 0xf8, 0xfc, 0xf8, 0x00,
    0xf8, 0xfc, 0xf8, 0x00, 0xf8, 0xfc, 0xf8, 0x00, 0xf8, 0xfc, 0xf8, 0x00,
    0xf8, 0xfc, 0xf8, 0x00, 0xf8, 0xfc, 0xf8, 0x00, 0xf8, 0xfc, 0xf8, 0x00,
    0xf8, 0xfc, 0xf8, 0x00, 0xf8, 0xfc, 0xf8, 0x00, 0xf8, 0xfc, 0xf8, 0x00,
    0xf8, 0xfc, 0xf8, 0x00, 0xf8, 0xfc, 0xf8, 0x00, 0xf8, 0xfc, 0xf8, 0x00,
    0xf8, 0xfc, 0xf8, 0x00, 0xf8, 0xfc, 0xf8, 0x00, 0xf8, 0xfc, 0xf8, 0x00,
    0xf8, 0xfc, 0xf8, 0x00, 0xf8, 0xfc, 0xf8, 0x00, 0xf8, 0xfc, 0xf8, 0x00,
    0xf8, 0xfc, 0xf8, 0x00, 0xf8, 0xfc, 0xf8, 0x00, 0xf8, 0xfc, 0xf8, 0x00,
    0xf8, 0xfc, 0xf8, 0x00, 0xf8, 0xfc, 0xf8, 0x00, 0xf8, 0xfc, 0xf8, 0x00,
    0xf8, 0xfc, 0xf8, 0x00, 0xf8, 0xfc, 0xf8, 0x00, 0xf8, 0xfc, 0xf8, 0x00,
    0xf8, 0xfc, 0xf8, 0x00, 0xf8, 0xfc, 0xf8, 0x00, 0xf8, 0xfc, 0xf8, 0x00,
    0xf8, 0xfc, 0xf8, 0x00, 0xf8, 0xfc, 0xf8, 0x00, 0xf8, 0xfc, 0xf8, 0x00,
    0xf8, 0xfc, 0xf8, 0x00, 0xf8, 0xfc, 0xf8, 0x00, 0xf8, 0xfc, 0xf8, 0x00,
    0xf8, 0xfc, 0xf8, 0x00, 0xf8, 0xfc, 0xf8, 0x00, 0xf8, 0xfc, 0xf8, 0x00,
    0xf8, 0xfc, 0xf8, 0x00, 0xf8, 0xfc, 0xf8, 0x00, 0xf8, 0xfc, 0xf8, 0x00,
    0xf8, 0xfc, 0xf8, 0x00, 0xf8, 0xfc, 0xf8, 0x00, 0xf8, 0xfc, 0xf8, 0x00,
    0xf8, 0xfc, 0xf8, 0x00, 0xf8, 0xfc, 0xf8, 0x00, 0xf8, 0xfc, 0xf8, 0x00,
    0xf8, 0xfc, 0xf8, 0x00, 0xf8, 0xfc, 0xf8, 0x00, 0xf8, 0xfc, 0xf8, 0x00,
    0xf8, 0xfc, 0xf8, 0x00, 0xf8, 0xfc, 0xf8, 0x00, 0xf8, 0xfc, 0xf8, 0x00,
    0xf8, 0xfc, 0xf8, 0x00, 0xf8, 0xfc, 0xf8, 0x00, 0xf8, 0xfc, 0xf8, 0x00,
    0xf8, 0xfc, 0xf8, 0x00, 0xf8, 0xfc, 0xf8, 0x00, 0xf8, 0xfc, 0xf8, 0x00,
    0xf8, 0xfc, 0xf8, 0x00, 0xf8, 0xfc, 0xf8, 0x00, 0xf8, 0xfc, 0xf8, 0x00,
    0xf8, 0xfc, 0xf8, 0x00, 0xf8, 0xfc, 0xf8, 0x00, 0xf8, 0xfc, 0xf8, 0x00,
    0xf8, 0xfc, 0xf8, 0x00, 0xf8, 0xfc, 0xf8, 0x00, 0xf8, 0xfc, 0xf8, 0x00,
    0xf8, 0xfc, 0xf8, 0x00, 0xf8, 0xfc, 0xf8, 0x00, 0xf8, 0xfc, 0xf8, 0x00,
    0xf8, 0xfc, 0xf8, 0x00, 0xf8, 0xfc, 0xf8, 0x00, 0xf8, 0xfc, 0xf8, 0x00,
    0xf8, 0xfc, 0xf8, 0x00, 0xf8, 0xfc, 0xf8, 0x00, 0xf8, 0xfc, 0xf8, 0x00,
    0xf8, 0xfc, 0xf8, 0x00, 0xf8, 0xfc, 0xf8, 0x00, 0xf8, 0xfc, 0xf8, 0x00,
    0xf8, 0xfc, 0xf8, 0x00, 0xf8, 0xfc, 0xf8, 0x00, 0xf8, 0xfc, 0xf8, 0x00,
    0xf8, 0xfc, 0xf8, 0x00, 0xf8, 0xfc, 0xf8, 0x00, 0xf8, 0xfc, 0xf8, 0x00,
    0xf8, 0xfc, 0xf8, 0x00, 0xf8, 0xfc, 0xf8, 0x00, 0xf8, 0xfc, 0xf8, 0x00,
    0xf8, 0xfc, 0xf8, 0x00, 0xf8, 0xfc, 0xf8, 0x00, 0xf8, 0xfc, 0xf8, 0x00,
    0xf8, 0xfc, 0xf8, 0x00, 0xf8, 0xfc, 0xf8, 0x00, 0xf8, 0xfc, 0xf8, 0x00,
    0xf8, 0xfc, 0xf8, 0x00, 0xf8, 0xfc, 0xf8, 0x00, 0xf8, 0xfc, 0xf8, 0x00,
    0xf8, 0xfc, 0xf8, 0x00, 0xf8, 0xfc, 0xf8, 0x00, 0xf8, 0xfc, 0xf8, 0x00,
    0xf8, 0xfc, 0xf8, 0x00, 0xf8, 0xfc, 0xf8, 0x00, 0xf8, 0xfc, 0xf8, 0x00,
    0xf8, 0xfc, 0xf8, 0x00, 0xf8, 0xfc, 0xf8, 0x00, 0xf8, 0xfc, 0xf8, 0x00,
    0xf8, 0xfc, 0xf8, 0x00, 0xf8, 0xfc, 0xf8, 0x00, 0xf8, 0xfc, 0xf8, 0x00,
    0xf8, 0xfc, 0xf8, 0x00, 0xf8, 0xfc, 0xf8, 0x00, 0xf8, 0xfc, 0xf8, 0x00,
    0xf8, 0xfc, 0xf8, 0x00, 0xf8, 0xfc, 0xf8, 0x00, 0xf8, 0xfc, 0xf8, 0x00,
    0xf8, 0xfc, 0xf8, 0x00, 0xf8, 0xfc, 0xf8, 0x00, 0xf8, 0xfc, 0xf8, 0x00,
    0xf8, 0xfc, 0xf8, 0x00, 0xf8, 0xfc, 0xf8, 0x00, 0xf8, 0xfc, 0xf8, 0x00,
    0xf8, 0xfc, 0xf8, 0x00, 0xf8, 0xfc, 0xf8, 0x00, 0xf8, 0xfc, 0xf8, 0x00,
    0xf8, 0xfc, 0xf8, 0x00, 0xf8, 0xfc, 0xf8, 0x00, 0xf8, 0xfc, 0xf8, 0x00,
    0xf8, 0xfc, 0xf8, 0x00, 0xf8, 0xfc, 0xf8, 0x00, 0xf8, 0xfc, 0xf8, 0x00,
    0xf8, 0xfc, 0xf8, 0x00, 0xf8, 0xfc, 0xf8, 0x00, 0xf8, 0xfc, 0xf8, 0x00,
    0xf8, 0xfc, 0xf8, 0x00, 0xf8, 0xfc, 0xf8, 0x00, 0xf8, 0xfc, 0xf8, 0x00,
    0xf8, 0xfc, 0xf8, 0x00, 0xf8, 0xfc, 0xf8, 0x00, 0xf8, 0xfc, 0xf8, 0x00,
    0xf8, 0xfc, 0xf8, 0x00, 0xf8, 0xfc, 0xf8, 0x00, 0xf8, 0xfc, 0xf8, 0x00,
    0xf8, 0xfc, 0xf8, 0x00, 0xf8, 0xfc, 0xf8, 0x00, 0xf8, 0xfc, 0xf8, 0x00,
    0xf8, 0xfc, 0xf8, 0x00, 0xf8, 0xfc, 0xf8, 0x00, 0xf8, 0xfc, 0xf8, 0x00,
    0xf8, 0xfc, 0xf8, 0x00, 0xf8, 0xfc, 0xf8, 0x00, 0xf8, 0xfc, 0xf8, 0x00,
    0xf8, 0xfc, 0xf8, 0x00, 0xf8, 0xfc, 0xf8, 0x00, 0xf8, 0xfc, 0xf8, 0x00,
    0xf8, 0xfc, 0xf8, 0x00, 0xf8, 0xfc, 0xf8, 0x00, 0xf8, 0xfc, 0xf8, 0x00,
    0xf8, 0xfc, 0xf8, 0x00, 0xf8, 0xfc, 0xf8, 0x00, 0xf8, 0xfc, 0xf8, 0x00,
    0xf8, 0xfc, 0xf8, 0x00, 0xf8, 0xfc, 0xf8, 0x00, 0xf8, 0xfc, 0xf8, 0x00,
    0xf8, 0xfc, 0xf8, 0x00, 0xf8, 0xfc, 0xf8, 0x00, 0xf8, 0xfc, 0xf8, 0x00,
    0xf8, 0xfc, 0xf8, 0x00, 0xf8, 0xfc, 0xf8, 0x00, 0xf8, 0xfc, 0xf8, 0x00,
    0xf8, 0xfc, 0xf8, 0x00, 0xf8, 0xfc, 0xf8, 0x00, 0xf8, 0xfc, 0xf8, 0x00,
    0xf8, 0xfc, 0xf8, 0x00, 0xf8, 0xfc, 0xf8, 0x00, 0xf8, 0xfc, 0xf8, 0x00,
    0xf8, 0xfc, 0xf8, 0x00, 0xf8, 0xfc, 0xf8, 0x00, 0xf8, 0xfc, 0xf8, 0x00,
    0xf8, 0xfc, 0xf8, 0x00, 0xf8, 0xfc, 0xf8, 0x00, 0xf8, 0xfc, 0xf8, 0x00,
    0xf8, 0xfc, 0xf8, 0x00, 0xf8, 0xfc, 0xf8, 0x00, 0xf8, 0xfc, 0xf8, 0x00,
    0xf8, 0xfc, 0xf8, 0x00, 0xf8, 0xfc, 0xf8, 0x00, 0xf8, 0xfc, 0xf8, 0x00,
    0xf8, 0xfc, 0xf8, 0x00, 0xf8, 0xfc, 0xf8, 0x00, 0xf8, 0xfc, 0xf8, 0x00,
    0xf8, 0xfc, 0xf8, 0x00, 0xf8, 0xfc, 0xf8, 0x00, 0xf8, 0xfc, 0xf8, 0x00,
    0xf8, 0xfc, 0xf8, 0x00, 0xf8, 0xfc, 0xf8, 0x00, 0xf8, 0xfc, 0xf8, 0x00,
    0xf8, 0xfc, 0xf8, 0x00, 0xf8, 0xfc, 0xf8, 0x00, 0xf8, 0xfc, 0xf8, 0x00,
    0xf8, 0xfc, 0xf8, 0x00, 0xf8, 0xfc, 0xf8, 0x00, 0xf8, 0xfc, 0xf8, 0x00,
    0xf8, 0xfc, 0xf8, 0x00, 0xf8, 0xfc, 0xf8, 0x00, 0xf8, 0xfc, 0xf8, 0x00,
    0xf8, 0xfc, 0xf8, 0x00, 0xf8, 0xfc, 0xf8, 0x00, 0xf8, 0xfc, 0xf8, 0x00,
    0xf8, 0xfc, 0xf8, 0x00, 0xf8, 0xfc, 0xf8, 0x00, 0xf8, 0xfc, 0xf8, 0x00,
    0xf8, 0xfc, 0xf8, 0x00, 0xf8, 0xfc, 0xf8, 0x00, 0xf8, 0xfc, 0xf8, 0x00,
    0xf8, 0xfc, 0xf8, 0x00, 0xf8, 0xfc, 0xf8, 0x00, 0xf8, 0xfc, 0xf8, 0x00,
    0xf8, 0xfc, 0xf8, 0x00, 0xf8, 0xfc, 0xf8, 0x00, 0xf8, 0xfc, 0xf8, 0x00,
    0xf8, 0xfc, 0xf8, 0x00, 0xf8, 0xfc, 0xf8, 0x00, 0xf8, 0xfc, 0xf8, 0x00,
    0xf8, 0xfc, 0xf8, 0x00, 0xf8, 0xfc, 0xf8, 0x00, 0xf8, 0xfc, 0xf8, 0x00,
    0xf8, 0xfc, 0xf8, 0x00, 0xf8, 0xfc, 0xf8, 0x00, 0xf8, 0xfc, 0xf8, 0x00,
    0xf8, 0xfc, 0xf8, 0x00, 0xf8, 0xfc, 0xf8, 0x00, 0xf8, 0xfc, 0xf8, 0x00,
    0xf8, 0xfc, 0xf8, 0x00, 0xf8, 0xfc, 0xf8, 0x00, 0xf8, 0xfc, 0xf8, 0x00,
    0xf8, 0xfc, 0xf8, 0x00, 0xf8, 0xfc, 0xf8, 0x00, 0xf8, 0xfc, 0xf8, 0x00,
    0xf8, 0xfc, 0xf8, 0x00, 0xf8, 0xfc, 0xf8, 0x00, 0xf8, 0xfc, 0xf8, 0x00,
    0xf8, 0xfc, 0xf8, 0x00, 0xf8, 0xfc, 0xf8, 0x00, 0xf8, 0xfc, 0xf8, 0x00,
    0xf8, 0xfc, 0xf8, 0x00, 0xf8, 0xfc, 0xf8, 0x00, 0xf8, 0xfc, 0xf8, 0x00,
    0xf8, 0xfc, 0xf8, 0x00, 0xf8, 0xfc, 0xf8, 0x00, 0xf8, 0xfc, 0xf8, 0x00,
    0xf8, 0xfc, 0xf8, 0x00, 0xf8, 0xfc, 0xf8, 0x00, 0xf8, 0xfc, 0xf8, 0x00,
    0xf8, 0xfc, 0xf8, 0x00, 0xf8, 0xfc, 0xf8, 0x00, 0xf8, 0xfc, 0xf8, 0x00,
    0xf8, 0xfc, 0xf8, 0x00, 0xf8, 0xfc, 0xf8, 0x00, 0xf8, 0xfc, 0xf8, 0x00,
    0xf8, 0xfc, 0xf8, 0x00, 0xf8, 0xfc, 0xf8, 0x00, 0xf8, 0xfc, 0xf8, 0x00,
    0xf8, 0xfc, 0xf8, 0x00, 0xf8, 0xfc, 0xf8, 0x00, 0xf8, 0xfc, 0xf8, 0x00,
    0xf8, 0xfc, 0xf8, 0x00, 0xf8, 0xfc, 0xf8, 0x00, 0xf8, 0xfc, 0xf8, 0x00,
    0xf8, 0xfc, 0xf8, 0x00, 0xf8, 0xfc, 0xf8, 0x00, 0xf8, 0xfc, 0xf8, 0x00,
    0xf8, 0xfc, 0xf8, 0x00, 0xf8, 0xfc, 0xf8, 0x00, 0xf8, 0xfc, 0xf8, 0x00,
    0xf8, 0xfc, 0xf8, 0x00, 0xf8, 0xfc, 0xf8, 0x00, 0xf8, 0xfc, 0xf8, 0x00,
    0xf8, 0xfc, 0xf8, 0x00, 0xf8, 0xfc, 0xf8, 0x00, 0xf8, 0xfc, 0xf8, 0x00,
    0xf8, 0xfc, 0xf8, 0x00, 0xf8, 0xfc, 0xf8, 0x00, 0xf8, 0xfc, 0xf8, 0x00,
    0xf8, 0xfc, 0xf8, 0x00, 0xf8, 0xfc, 0xf8, 0x00, 0xf8, 0xfc, 0xf8, 0x00,
    0xf8, 0xfc, 0xf8, 0x00, 0xf8, 0xfc, 0xf8, 0x00, 0xf8, 0xfc, 0xf8, 0x00,
    0xf8, 0xfc, 0xf8, 0x00, 0xf8, 0xfc, 0xf8, 0x00, 0xf8, 0xfc, 0xf8, 0x00,
    0xf8, 0xfc, 0xf8, 0x00, 0xf8, 0xfc, 0xf8, 0x00, 0xf8, 0xfc, 0xf8, 0x00,
    0xf8, 0xfc, 0xf8, 0x00, 0xf8, 0xfc, 0xf8, 0x00, 0xf8, 0xfc, 0xf8, 0x00,
    0xf8, 0xfc, 0xf8, 0x00, 0xf8, 0xfc, 0xf8, 0x00, 0xf8, 0xfc, 0xf8, 0x00,
    0xf8, 0xfc, 0xf8, 0x00, 0xf8, 0xfc, 0xf8, 0x00, 0xf8, 0xfc, 0xf8, 0x00,
    0xf8, 0xfc, 0xf8, 0x00, 0xf8, 0xfc, 0xf8, 0x00, 0xf8, 0xfc, 0xf8, 0x00,
    0xf8, 0xfc, 0xf8, 0x00, 0xf8, 0xfc, 0xf8, 0x00, 0xf8, 0xfc, 0xf8, 0x00,
    0xf8, 0xfc, 0xf8, 0x00, 0xf8, 0xfc, 0xf8, 0x00, 0xf8, 0xfc, 0xf8, 0x00,
    0xf8, 0xfc, 0xf8, 0x00, 0xf8, 0xfc, 0xf8, 0x00, 0xf8, 0xfc, 0xf8, 0x00,
    0xf8, 0xfc, 0xf8, 0x00, 0xf8, 0xfc, 0xf8, 0x00, 0xf8, 0xfc, 0xf8, 0x00,
    0xf8, 0xfc, 0xf8, 0x00, 0xf8, 0xfc, 0xf8, 0x00, 0xf8, 0xfc, 0xf8, 0x00,
    0xf8, 0xfc, 0xf8, 0x00, 0xf8, 0xfc, 0xf8, 0x00, 0xf8, 0xfc, 0xf8, 0x00,
    0xf8, 0xfc, 0xf8, 0x00, 0xf8, 0xfc, 0xf8, 0x00, 0xf8, 0xfc, 0xf8, 0x00,
    0xf8, 0xfc, 0xf8, 0x00, 0xf8, 0xfc, 0xf8, 0x00, 0xf8, 0xfc, 0xf8, 0x00,
    0xf8, 0xfc, 0xf8, 0x00, 0xf8, 0xfc, 0xf8, 0x00, 0xf8, 0xfc, 0xf8, 0x00,
    0xf8, 0xfc, 0xf8, 0x00, 0xf8, 0xfc, 0xf8, 0x00, 0xf8, 0xfc, 0xf8, 0x00,
    0xf8, 0xfc, 0xf8, 0x00, 0xf8, 0xfc, 0xf8, 0x00, 0xf8, 0xfc, 0xf8, 0x00,
    0xf8, 0xfc, 0xf8, 0x00, 0xf8, 0xfc, 0xf8, 0x00, 0xf8, 0xfc, 0xf8, 0x00,
    0xf8, 0xfc, 0xf8, 0x00, 0xf8, 0xfc, 0xf8, 0x00, 0xf8, 0xfc, 0xf8, 0x00,
    0xf8, 0xfc, 0xf8, 0x00, 0xf8, 0xfc, 0xf8, 0x00, 0xf8, 0xfc, 0xf8, 0x00,
    0xf8, 0xfc, 0xf8, 0x00, 0xf8, 0xfc, 0xf8, 0x00, 0xf8, 0xfc, 0xf8, 0x00,
    0xf8, 0xfc, 0xf8, 0x00, 0xf8, 0xfc, 0xf8, 0x00, 0xf8, 0xfc, 0xf8, 0x00,
    0xf8, 0xfc, 0xf8, 0x00, 0xf8, 0xfc, 0xf8, 0x00, 0xf8, 0xfc, 0xf8, 0x00,
    0xf8, 0xfc, 0xf8, 0x00, 0xf8, 0xfc, 0xf8, 0x00, 0xf8, 0xfc, 0xf8, 0x00,
    0xf8, 0xfc, 0xf8, 0x00, 0xf8, 0xfc, 0xf8, 0x00, 0xf8, 0xfc, 0xf8, 0x00,
    0xf8, 0xfc, 0xf8, 0x00, 0xf8, 0xfc, 0xf8, 0x00, 0xf8, 0xfc, 0xf8, 0x00,
    0xf8, 0xfc, 0xf8, 0x00, 0xf8, 0xfc, 0xf8, 0x00, 0xf8, 0xfc, 0xf8, 0x00,
    0xf8, 0xfc, 0xf8, 0x00, 0xf8, 0xfc, 0xf8, 0x00, 0xf8, 0xfc, 0xf8, 0x00,
    0xf8, 0xfc, 0xf8, 0x00, 0xf8, 0xfc, 0xf8, 0x00, 0xf8, 0xfc, 0xf8, 0x00,
    0xf8, 0xfc, 0xf8, 0x00, 0xf8, 0xfc, 0xf8, 0x00, 0xf8, 0xfc, 0xf8, 0x00,
    0xf8, 0xfc, 0xf8, 0x00, 0xf8, 0xfc, 0xf8, 0x00, 0xf8, 0xfc, 0xf8, 0x00,
    0xf8, 0xfc, 0xf8, 0x00, 0xf8, 0xfc, 0xf8, 0x00, 0xf8, 0xfc, 0xf8, 0x00,
    0xf8, 0xfc, 0xf8, 0x00, 0xf8, 0xfc, 0xf8, 0x00, 0xf8, 0xfc, 0xf8, 0x00,
    0xf8, 0xfc, 0xf8, 0x00, 0xf8, 0xfc, 0xf8, 0x00, 0xf8, 0xfc, 0xf8, 0x00,
    0xf8, 0xfc, 0xf8, 0x00, 0xf8, 0xfc, 0xf8, 0x00, 0xf8, 0xfc, 0xf8, 0x00,
    0xf8, 0xfc, 0xf8, 0x00, 0xf8, 0xfc, 0xf8, 0x00, 0xf8, 0xfc, 0xf8, 0x00,
    0xf8, 0xfc, 0xf8, 0x00, 0xf8, 0xfc, 0xf8, 0x00, 0xf8, 0xfc, 0xf8, 0x00,
    0xf8, 0xfc, 0xf8, 0x00, 0xf8, 0xfc, 0xf8, 0x00, 0xf8, 0xfc, 0xf8, 0x00,
    0xf8, 0xfc, 0xf8, 0x00, 0xf8, 0xfc, 0xf8, 0x00, 0xf8, 0xfc, 0xf8, 0x00,
    0xf8, 0xfc, 0xf8, 0x00, 0xf8, 0xfc, 0xf8, 0x00, 0xf8, 0xfc, 0xf8, 0x00,
    0xf8, 0xfc, 0xf8, 0x00, 0xf8, 0xfc, 0xf8, 0x00, 0xf8, 0xfc, 0xf8, 0x00,
    0xf8, 0xfc, 0xf8, 0x00, 0xf8, 0xfc, 0xf8, 0x00, 0xf8, 0xfc, 0xf8, 0x00,
    0xf8, 0xfc, 0xf8, 0x00, 0xf8, 0xfc, 0xf8, 0x00, 0xf8, 0xfc, 0xf8, 0x00,
    0xf8, 0xfc, 0xf8, 0x00, 0xf8, 0xfc, 0xf8, 0x00, 0xf8, 0xfc, 0xf8, 0x00,
    0xf8, 0xfc, 0xf8, 0x00, 0xf8, 0xfc, 0xf8, 0x00, 0xf8, 0xfc, 0xf8, 0x00,
    0xf8, 0xfc, 0xf8, 0x00, 0xf8, 0xfc, 0xf8, 0x00, 0xf8, 0xfc, 0xf8, 0x00,
    0xf8, 0xfc, 0xf8, 0x00, 0xf8, 0xfc, 0xf8, 0x00, 0xf8, 0xfc, 0xf8, 0x00,
    0xf8, 0xfc, 0xf8, 0x00, 0xf8, 0xfc, 0xf8, 0x00, 0xf8, 0xfc, 0xf8, 0x00,
    0xf8, 0xfc, 0xf8, 0x00, 0xf8, 0xfc, 0xf8, 0x00, 0xf8, 0xfc, 0xf8, 0x00,
    0xf8, 0xfc, 0xf8, 0x00, 0xf8, 0xfc, 0xf8, 0x00, 0xf8, 0xfc, 0xf8, 0x00,
    0xf8, 0xfc, 0xf8, 0x00, 0xf8, 0xfc, 0xf8, 0x00, 0xf8, 0xfc, 0xf8, 0x00,
    0xf8, 0xfc, 0xf8, 0x00, 0xf8, 0xfc, 0xf8, 0x00, 0xf8, 0xfc, 0xf8, 0x00,
    0xf8, 0xfc, 0xf8, 0x00, 0xf8, 0xfc, 0xf8, 0x00, 0xf8, 0xfc, 0xf8, 0x00,
    0xf8, 0xfc, 0xf8, 0x00, 0xf8, 0xfc, 0xf8, 0x00, 0xf8, 0xfc, 0xf8, 0x00,
    0xf8, 0xfc, 0xf8, 0x00, 0xf8, 0xfc, 0xf8, 0x00, 0xf8, 0xfc, 0xf8, 0x00,
    0xf8, 0xfc, 0xf8, 0x00, 0xf8, 0xfc, 0xf8, 0x00, 0xf8, 0xfc, 0xf8, 0x00,
    0xf8, 0xfc, 0xf8, 0x00, 0xf8, 0xfc, 0xf8, 0x00, 0xf8, 0xfc, 0xf8, 0x00,
    0xf8, 0xfc, 0xf8, 0x00, 0xf8, 0xfc, 0xf8, 0x00, 0xf8, 0xfc, 0xf8, 0x00,
    0xf8, 0xfc, 0xf8, 0x00, 0xf8, 0xfc, 0xf8, 0x00, 0xf8, 0xfc, 0xf8, 0x00,
    0xf8, 0xfc, 0xf8, 0x00, 0xf8, 0xfc, 0xf8, 0x00, 0xf8, 0xfc, 0xf8, 0x00,
    0xf8, 0xfc, 0xf8, 0x00, 0xf8, 0xfc, 0xf8, 0x00, 0xf8, 0xfc, 0xf8, 0x00,
    0xf8, 0xfc, 0xf8, 0x00, 0xf8, 0xfc, 0xf8, 0x00, 0xf8, 0xfc, 0xf8, 0x00,
    0xf8, 0xfc, 0xf8, 0x00, 0xf8, 0xfc, 0xf8, 0x00, 0xf8, 0xfc, 0xf8, 0x00,
    0xf8, 0xfc, 0xf8, 0x00, 0xf8, 0xfc, 0xf8, 0x00, 0xf8, 0xfc, 0xf8, 0x00,
    0xf8, 0xfc, 0xf8, 0x00, 0xf8, 0xfc, 0xf8, 0x00, 0xf8, 0xfc, 0xf8, 0x00,
    0xf8, 0xfc, 0xf8, 0x00, 0xf8, 0xfc, 0xf8, 0x00, 0xf8, 0xfc, 0xf8, 0x00,
    0xf8, 0xfc, 0xf8, 0x00, 0xf8, 0xfc, 0xf8, 0x00, 0xf8, 0xfc, 0xf8, 0x00,
    0xf8, 0xfc, 0xf8, 0x00, 0xf8, 0xfc, 0xf8, 0x00, 0xf8, 0xfc, 0xf8, 0x00,
    0xf8, 0xfc, 0xf8, 0x00, 0xf8, 0xfc, 0xf8, 0x00, 0xf8, 0xfc, 0xf8, 0x00,
    0xf8, 0xfc, 0xf8, 0x00, 0xf8, 0xfc, 0xf8, 0x00, 0xf8, 0xfc, 0xf8, 0x00,
    0xf8, 0xfc, 0xf8, 0x00, 0xf8, 0xfc, 0xf8, 0x00, 0xf8, 0xfc, 0xf8, 0x00,
    0xf8, 0xfc, 0xf8, 0x00, 0xf8, 0xfc, 0xf8, 0x00, 0xf8, 0xfc, 0xf8, 0x00,
    0xf8, 0xfc, 0xf8, 0x00, 0xf8, 0xfc, 0xf8, 0x00, 0xf8, 0xfc, 0xf8, 0x00,
    0xf8, 0xfc, 0xf8, 0x00, 0xf8, 0xfc, 0xf8, 0x00, 0xf8, 0xfc, 0xf8, 0x00,
    0xf8, 0xfc, 0xf8, 0x00, 0xf8, 0xfc, 0xf8, 0x00, 0xf8, 0xfc, 0xf8, 0x00,
    0xf8, 0xfc, 0xf8, 0x00, 0xf8, 0xfc, 0xf8, 0x00, 0xf8, 0xfc, 0xf8, 0x00,
    0xf8, 0xfc, 0xf8, 0x00, 0xf8, 0xfc, 0xf8, 0x00, 0xf8, 0xfc, 0xf8, 0x00,
    0xf8, 0xfc, 0xf8, 0x00, 0xf8, 0xfc, 0xf8, 0x00, 0xf8, 0xfc, 0xf8, 0x00,
    0xf8, 0xfc, 0xf8, 0x00, 0xf8, 0xfc, 0xf8, 0x00, 0xf8, 0xfc, 0xf8, 0x00,
    0xf8, 0xfc, 0xf8, 0x00, 0xf8, 0xfc, 0xf8, 0x00, 0xf8, 0xfc, 0xf8, 0x00,
    0xf8, 0xfc, 0xf8, 0x00, 0xf8, 0xfc, 0xf8, 0x00, 0xf8, 0xfc, 0xf8, 0x00,
    0xf8, 0xfc, 0xf8, 0x00, 0xf8, 0xfc, 0xf8, 0x00, 0xf8, 0xfc, 0xf8, 0x00,
    0xf8, 0xfc, 0xf8, 0x00, 0xf8, 0xfc, 0xf8, 0x00, 0xf8, 0xfc, 0xf8, 0x00,
    0xf8, 0xfc, 0xf8, 0x00, 0xf8, 0xfc, 0xf8, 0x00, 0xf8, 0xfc, 0xf8, 0x00,
    0xf8, 0xfc, 0xf8, 0x00, 0xf8, 0xfc, 0xf8, 0x00, 0xf8, 0xfc, 0xf8, 0x00,
    0xf8, 0xfc, 0xf8, 0x00, 0xf8, 0xfc, 0xf8, 0x00, 0xf8, 0xfc, 0xf8, 0x00,
    0xf8, 0xfc, 0xf8, 0x00, 0xf8, 0xfc, 0xf8, 0x00, 0xf8, 0xfc, 0xf8, 0x00,
    0xf8, 0xfc, 0xf8, 0x00, 0xf8, 0xfc, 0xf8, 0x00, 0xf8, 0xfc, 0xf8, 0x00,
    0xf8, 0xfc, 0xf8, 0x00, 0xf8, 0xfc, 0xf8, 0x00, 0xf8, 0xfc, 0xf8, 0x00,
    0xf8, 0xfc, 0xf8, 0x00, 0xf8, 0xfc, 0xf8, 0x00, 0xf8, 0xfc, 0xf8, 0x00,
    0xf8, 0xfc, 0xf8, 0x00, 0xf8, 0xfc, 0xf8, 0x00, 0xf8, 0xfc, 0xf8, 0x00,
    0xf8, 0xfc, 0xf8, 0x00, 0xf8, 0xfc, 0xf8, 0x00, 0xf8, 0xfc, 0xf8, 0x00,
    0xf8, 0xfc, 0xf8, 0x00, 0xf8, 0xfc, 0xf8, 0x00, 0xf8, 0xfc, 0xf8, 0x00,
    0xf8, 0xfc, 0xf8, 0x00, 0xf8, 0xfc, 0xf8, 0x00, 0xf8, 0xfc, 0xf8, 0x00,
    0xf8, 0xfc, 0xf8, 0x00, 0xf8, 0xfc, 0xf8, 0x00, 0xf8, 0xfc, 0xf8, 0x00,
    0xf8, 0xfc, 0xf8, 0x00, 0xf8, 0xfc, 0xf8, 0x00, 0xf8, 0xfc, 0xf8, 0x00,
    0xf8, 0xfc, 0xf8, 0x00, 0xf8, 0xfc, 0xf8, 0x00, 0xf8, 0xfc, 0xf8, 0x00,
    0xf8, 0xfc, 0xf8, 0x00, 0xf8, 0xfc, 0xf8, 0x00, 0xf8, 0xfc, 0xf8, 0x00,
    0xf8, 0xfc, 0xf8, 0x00, 0xf8, 0xfc, 0xf8, 0x00, 0xf8, 0xfc, 0xf8, 0x00,
    0xf8, 0xfc, 0xf8, 0x00, 0xf8, 0xfc, 0xf8, 0x00, 0xf8, 0xfc, 0xf8, 0x00,
    0xf8, 0xfc, 0xf8, 0x00, 0xf8, 0xfc, 0xf8, 0x00, 0xf8, 0xfc, 0xf8, 0x00,
    0xf8, 0xfc, 0xf8, 0x00, 0xf8, 0xfc, 0xf8, 0x00, 0xf8, 0xfc, 0xf8, 0x00,
    0xf8, 0xfc, 0xf8, 0x00, 0xf8, 0xfc, 0xf8, 0x00, 0xf8, 0xfc, 0xf8, 0x00,
    0xf8, 0xfc, 0xf8, 0x00, 0xf8, 0xfc, 0xf8, 0x00, 0xf8, 0xfc, 0xf8, 0x00,
    0xf8, 0xfc, 0xf8, 0x00, 0xf8, 0xfc, 0xf8, 0x00, 0xf8, 0xfc, 0xf8, 0x00,
    0xf8, 0xfc, 0xf8, 0x00, 0xf8, 0xfc, 0xf8, 0x00, 0xf8, 0xfc, 0xf8, 0x00,
    0xf8, 0xfc, 0xf8, 0x00, 0xf8, 0xfc, 0xf8, 0x00, 0xf8, 0xfc, 0xf8, 0x00,
    0xf8, 0xfc, 0xf8, 0x00, 0xf8, 0xfc, 0xf8, 0x00, 0xf8, 0xfc, 0xf8, 0x00,
    0xf8, 0xfc, 0xf8, 0x00, 0xf8, 0xfc, 0xf8, 0x00, 0xf8, 0xfc, 0xf8, 0x00,
    0xf8, 0xfc, 0xf8, 0x00, 0xf8, 0xfc, 0xf8, 0x00, 0xf8, 0xfc, 0xf8, 0x00,
    0xf8, 0xfc, 0xf8, 0x00, 0xf8, 0xfc, 0xf8, 0x00, 0xf8, 0xfc, 0xf8, 0x00,
    0xf8, 0xfc, 0xf8, 0x00, 0xf8, 0xfc, 0xf8, 0x00, 0xf8, 0xfc, 0xf8, 0x00,
    0xf8, 0xfc, 0xf8, 0x00, 0xf8, 0xfc, 0xf8, 0x00, 0xf8, 0xfc, 0xf8, 0x00,
    0xf8, 0xfc, 0xf8, 0x00, 0xf8, 0xfc, 0xf8, 0x00, 0xf8, 0xfc, 0xf8, 0x00,
    0xf8, 0xfc, 0xf8, 0x00, 0xf8, 0xfc, 0xf8, 0x00, 0xf8, 0xfc, 0xf8, 0x00,
    0xf8, 0xfc, 0xf8, 0x00, 0xf8, 0xfc, 0xf8, 0x00, 0xf8, 0xfc, 0xf8, 0x00,
    0xf8, 0xfc, 0xf8, 0x00, 0xf8, 0xfc, 0xf8, 0x00, 0xf8, 0xfc, 0xf8, 0x00,
    0xf8, 0xfc, 0xf8, 0x00, 0xf8, 0xfc, 0xf8, 0x00, 0xf8, 0xfc, 0xf8, 0x00,
    0xf8, 0xfc, 0xf8, 0x00, 0xf8, 0xfc, 0xf8, 0x00, 0xf8, 0xfc, 0xf8, 0x00,
    0xf8, 0xfc, 0xf8, 0x00, 0xf8, 0xfc, 0xf8, 0x00, 0xf8, 0xfc, 0xf8, 0x00,
    0xf8, 0xfc, 0xf8, 0x00, 0xf8, 0xfc, 0xf8, 0x00, 0xf8, 0xfc, 0xf8, 0x00,
    0xf8, 0xfc, 0xf8, 0x00, 0xf8, 0xfc, 0xf8, 0x00, 0xf8, 0xfc, 0xf8, 0x00,
    0xf8, 0xfc, 0xf8, 0x00, 0xf8, 0xfc, 0xf8, 0x00, 0xf8, 0xfc, 0xf8, 0x00,
    0xf8, 0xfc, 0xf8, 0x00, 0xf8, 0xfc, 0xf8, 0x00, 0xf8, 0xfc, 0xf8, 0x00,
    0xf8, 0xfc, 0xf8, 0x00, 0xf8, 0xfc, 0xf8, 0x00, 0xf8, 0xfc, 0xf8, 0x00,
    0xf8, 0xfc, 0xf8, 0x00, 0xf8, 0xfc, 0xf8, 0x00, 0xf8, 0xfc, 0xf8, 0x00,
    0xf8, 0xfc, 0xf8, 0x00, 0xf8, 0xfc, 0xf8, 0x00, 0xf8, 0xfc, 0xf8, 0x00,
    0xf8, 0xfc, 0xf8, 0x00, 0xf8, 0xfc, 0xf8, 0x00, 0xf8, 0xfc, 0xf8, 0x00,
    0xf8, 0xfc, 0xf8, 0x00, 0xf8, 0xfc, 0xf8, 0x00, 0xf8, 0xfc, 0xf8, 0x00,
    0xf8, 0xfc, 0xf8, 0x00, 0xf8, 0xfc, 0xf8, 0x00, 0xf8, 0xfc, 0xf8, 0x00,
    0xf8, 0xfc, 0xf8, 0x00, 0xf8, 0xfc, 0xf8, 0x00, 0xf8, 0xfc, 0xf8, 0x00,
    0xf8, 0xfc, 0xf8, 0x00, 0xf8, 0xfc, 0xf8, 0x00, 0xf8, 0xfc, 0xf8, 0x00,
    0xf8, 0xfc, 0xf8, 0x00, 0xf8, 0xfc, 0xf8, 0x00, 0xf8, 0xfc, 0xf8, 0x00,
    0xf8, 0xfc, 0xf8, 0x00, 0xf8, 0xfc, 0xf8, 0x00, 0xf8, 0xfc, 0xf8, 0x00,
    0xf8, 0xfc, 0xf8, 0x00, 0xf8, 0xfc, 0xf8, 0x00, 0xf8, 0xfc, 0xf8, 0x00,
    0xf8, 0xfc, 0xf8, 0x00, 0xf8, 0xfc, 0xf8, 0x00, 0xf8, 0xfc, 0xf8, 0x00,
    0xf8, 0xfc, 0xf8, 0x00, 0xf8, 0xfc, 0xf8, 0x00, 0xf8, 0xfc, 0xf8, 0x00,
    0xf8, 0xfc, 0xf8, 0x00, 0xf8, 0xfc, 0xf8, 0x00, 0xf8, 0xfc, 0xf8, 0x00,
    0xf8, 0xfc, 0xf8, 0x00, 0xf8, 0xfc, 0xf8, 0x00, 0xf8, 0xfc, 0xf8, 0x00,
    0xf8, 0xfc, 0xf8, 0x00, 0xf8, 0xfc, 0xf8, 0x00, 0xf8, 0xfc, 0xf8, 0x00,
    0xf8, 0xfc, 0xf8, 0x00, 0xf8, 0xfc, 0xf8, 0x00, 0xf8, 0xfc, 0xf8, 0x00,
    0xf8, 0xfc, 0xf8, 0x00, 0xf8, 0xfc, 0xf8, 0x00, 0xf8, 0xfc, 0xf8, 0x00,
    0xf8, 0xfc, 0xf8, 0x00, 0xf8, 0xfc, 0xf8, 0x00, 0xf8, 0xfc, 0xf8, 0x00,
    0xf8, 0xfc, 0xf8, 0x00, 0xf8, 0xfc, 0xf8, 0x00, 0xf8, 0xfc, 0xf8, 0x00,
    0xf8, 0xfc, 0xf8, 0x00, 0xf8, 0xfc, 0xf8, 0x00, 0xf8, 0xfc, 0xf8, 0x00,
    0xf8, 0xfc, 0xf8, 0x00, 0xf8, 0xfc, 0xf8, 0x00, 0xf8, 0xfc, 0xf8, 0x00,
    0xf8, 0xfc, 0xf8, 0x00, 0xf8, 0xfc, 0xf8, 0x00, 0xf8, 0xfc, 0xf8, 0x00,
    0xf8, 0xfc, 0xf8, 0x00, 0xf8, 0xfc, 0xf8, 0x00, 0xf8, 0xfc, 0xf8, 0x00,
    0xf8, 0xfc, 0xf8, 0x00, 0xf8, 0xfc, 0xf8, 0x00, 0xf8, 0xfc, 0xf8, 0x00,
    0xf8, 0xfc, 0xf8, 0x00, 0xf8, 0xfc, 0xf8, 0x00, 0xf8, 0xfc, 0xf8, 0x00,
    0xf8, 0xfc, 0xf8, 0x00, 0xf8, 0xfc, 0xf8, 0x00, 0xf8, 0xfc, 0xf8, 0x00,
    0xf8, 0xfc, 0xf8, 0x00, 0xf8, 0xfc, 0xf8, 0x00, 0xf8, 0xfc, 0xf8, 0x00,
    0xf8, 0xfc, 0xf8, 0x00, 0xf8, 0xfc, 0xf8, 0x00, 0xf8, 0xfc, 0xf8, 0x00,
    0xf8, 0xfc, 0xf8, 0x00, 0xf8, 0xfc, 0xf8, 0x00, 0xf8, 0xfc, 0xf8, 0x00,
    0xf8, 0xfc, 0xf8, 0x00, 0xf8, 0xfc, 0xf8, 0x00, 0xf8, 0xfc, 0xf8, 0x00,
    0xf8, 0xfc, 0xf8, 0x00, 0xf8, 0xfc, 0xf8, 0x00, 0xf8, 0xfc, 0xf8, 0x00,
    0xf8, 0xfc, 0xf8, 0x00, 0xf8, 0xfc, 0xf8, 0x00, 0xf8, 0xfc, 0xf8, 0x00,
    0xf8, 0xfc, 0xf8, 0x00, 0xf8, 0xfc, 0xf8, 0x00, 0xf8, 0xfc, 0xf8, 0x00,
    0xf8, 0xfc, 0xf8, 0x00, 0xf8, 0xfc, 0xf8, 0x00, 0xf8, 0xfc, 0xf8, 0x00,
    0xf8, 0xfc, 0xf8, 0x00, 0xf8, 0xfc, 0xf8, 0x00, 0xf8, 0xfc, 0xf8, 0x00,
    0xf8, 0xfc, 0xf8, 0x00, 0xf8, 0xfc, 0xf8, 0x00, 0xf8, 0xfc, 0xf8, 0x00,
    0xf8, 0xfc, 0xf8, 0x00, 0xf8, 0xfc, 0xf8, 0x00, 0xf8, 0xfc, 0xf8, 0x00,
    0xf8, 0xfc, 0xf8, 0x00, 0xf8, 0xfc, 0xf8, 0x00, 0xf8, 0xfc, 0xf8, 0x00,
    0xf8, 0xfc, 0xf8, 0x00, 0xf8, 0xfc, 0xf8, 0x00, 0xf8, 0xfc, 0xf8, 0x00,
    0xf8, 0xfc, 0xf8, 0x00, 0xf8, 0xfc, 0xf8, 0x00, 0xf8, 0xfc, 0xf8, 0x00,
    0xf8, 0xfc, 0xf8, 0x00, 0xf8, 0xfc, 0xf8, 0x00, 0xf8, 0xfc, 0xf8, 0x00,
    0xf8, 0xfc, 0xf8, 0x00, 0xf8, 0xfc, 0xf8, 0x00, 0xf8, 0xfc, 0xf8, 0x00,
    0xf8, 0xfc, 0xf8, 0x00, 0xf8, 0xfc, 0xf8, 0x00, 0xf8, 0xfc, 0xf8, 0x00,
    0xf8, 0xfc, 0xf8, 0x00, 0xf8, 0xfc, 0xf8, 0x00, 0xf8, 0xfc, 0xf8, 0x00,
    0xf8, 0xfc, 0xf8, 0x00, 0xf8, 0xfc, 0xf8, 0x00, 0xf8, 0xfc, 0xf8, 0x00,
    0xf8, 0xfc, 0xf8, 0x00, 0xf8, 0xfc, 0xf8, 0x00, 0xf8, 0xfc, 0xf8, 0x00,
    0xf8, 0xfc, 0xf8, 0x00, 0xf8, 0xfc, 0xf8, 0x00, 0xf8, 0xfc, 0xf8, 0x00,
    0xf8, 0xfc, 0xf8, 0x00, 0xf8, 0xfc, 0xf8, 0x00, 0xf8, 0xfc, 0xf8, 0x00,
    0xf8, 0xfc, 0xf8, 0x00, 0xf8, 0xfc, 0xf8, 0x00, 0xf8, 0xfc, 0xf8, 0x00,
    0xf8, 0xfc, 0xf8, 0x00, 0xf8, 0xfc, 0xf8, 0x00, 0xf8, 0xfc, 0xf8, 0x00,
    0xf8, 0xfc, 0xf8, 0x00, 0xf8, 0xfc, 0xf8, 0x00, 0xf8, 0xfc, 0xf8, 0x00,
    0xf8, 0xfc, 0xf8, 0x00, 0xf8, 0xfc, 0xf8, 0x00, 0xf8, 0xfc, 0xf8, 0x00,
    0xf8, 0xfc, 0xf8, 0x00, 0xf8, 0xfc, 0xf8, 0x00, 0xf8, 0xfc, 0xf8, 0x00,
    0xf8, 0xfc, 0xf8, 0x00, 0xf8, 0xfc, 0xf8, 0x00, 0xf8, 0xfc, 0xf8, 0x00,
    0xf8, 0xfc, 0xf8, 0x00, 0xf8, 0xfc, 0xf8, 0x00, 0xf8, 0xfc, 0xf8, 0x00,
    0xf8, 0xfc, 0xf8, 0x00, 0xf8, 0xfc, 0xf8, 0x00, 0xf8, 0xfc, 0xf8, 0x00,
    0xf8, 0xfc, 0xf8, 0x00, 0xf8, 0xfc, 0xf8, 0x00, 0xf8, 0xfc, 0xf8, 0x00,
    0xf8, 0xfc, 0xf8, 0x00, 0xf8, 0xfc, 0xf8, 0x00, 0xf8, 0xfc, 0xf8, 0x00,
    0xf8, 0xfc, 0xf8, 0x00, 0xf8, 0xfc, 0xf8, 0x00, 0xf8, 0xfc, 0xf8, 0x00,
    0xf8, 0xfc, 0xf8, 0x00, 0xf8, 0xfc, 0xf8, 0x00, 0xf8, 0xfc, 0xf8, 0x00,
    0xf8, 0xfc, 0xf8, 0x00, 0xf8, 0xfc, 0xf8, 0x00, 0xf8, 0xfc, 0xf8, 0x00,
    0xf8, 0xfc, 0xf8, 0x00, 0xf8, 0xfc, 0xf8, 0x00, 0xf8, 0xfc, 0xf8, 0x00,
    0xf8, 0xfc, 0xf8, 0x00, 0xf8, 0xfc, 0xf8, 0x00, 0xf8, 0xfc, 0xf8, 0x00,
    0xf8, 0xfc, 0xf8, 0x00, 0xf8, 0xfc, 0xf8, 0x00, 0xf8, 0xfc, 0xf8, 0x00,
    0xf8, 0xfc, 0xf8, 0x00, 0xf8, 0xfc, 0xf8, 0x00, 0xf8, 0xfc, 0xf8, 0x00,
    0xf8, 0xfc, 0xf8, 0x00, 0xf8, 0xfc, 0xf8, 0x00, 0xf8, 0xfc, 0xf8, 0x00,
    0xf8, 0xfc, 0xf8, 0x00, 0xf8, 0xfc, 0xf8, 0x00, 0xf8, 0xfc, 0xf8, 0x00,
    0xf8, 0xfc, 0xf8, 0x00, 0xf8, 0xfc, 0xf8, 0x00, 0xf8, 0xfc, 0xf8, 0x00,
    0xf8, 0xfc, 0xf8, 0x00, 0xf8, 0xfc, 0xf8, 0x00, 0xf8, 0xfc, 0xf8, 0x00,
    0xf8, 0xfc, 0xf8, 0x00, 0xf8, 0xfc, 0xf8, 0x00, 0xf8, 0xfc, 0xf8, 0x00,
    0xf8, 0xfc, 0xf8, 0x00, 0xf8, 0xfc, 0xf8, 0x00, 0xf8, 0xfc, 0xf8, 0x00,
    0xf8, 0xfc, 0xf8, 0x00, 0xf8, 0xfc, 0xf8, 0x00, 0xf8, 0xfc, 0xf8, 0x00,
    0xf8, 0xfc, 0xf8, 0x00, 0xf8, 0xfc, 0xf8, 0x00, 0xf8, 0xfc, 0xf8, 0x00,
    0xf8, 0xfc, 0xf8, 0x00, 0xf8, 0xfc, 0xf8, 0x00, 0xf8, 0xfc, 0xf8, 0x00,
    0xf8, 0xfc, 0xf8, 0x00, 0xf8, 0xfc, 0xf8, 0x00, 0xf8, 0xfc, 0xf8, 0x00,
    0xf8, 0xfc, 0xf8, 0x00, 0xf8, 0xfc, 0xf8, 0x00, 0xf8, 0xfc, 0xf8, 0x00,
    0xf8, 0xfc, 0xf8, 0x00, 0xf8, 0xfc, 0xf8, 0x00, 0xf8, 0xfc, 0xf8, 0x00,
    0xf8, 0xfc, 0xf8, 0x00, 0xf8, 0xfc, 0xf8, 0x00, 0xf8, 0xfc, 0xf8, 0x00,
    0xf8, 0xfc, 0xf8, 0x00, 0xf8, 0xfc, 0xf8, 0x00, 0xf8, 0xfc, 0xf8, 0x00,
    0xf8, 0xfc, 0xf8, 0x00, 0xf8, 0xfc, 0xf8, 0x00, 0xf8, 0xfc, 0xf8, 0x00,
    0xf8, 0xfc, 0xf8, 0x00, 0xf8, 0xfc, 0xf8, 0x00, 0xf8, 0xfc, 0xf8, 0x00,
    0xf8, 0xfc, 0xf8, 0x00, 0xf8, 0xfc, 0xf8, 0x00, 0xf8, 0xfc, 0xf8, 0x00,
    0xf8, 0xfc, 0xf8, 0x00, 0xf8, 0xfc, 0xf8, 0x00, 0xf8, 0xfc, 0xf8, 0x00,
    0xf8, 0xfc, 0xf8, 0x00, 0xf8, 0xfc, 0xf8, 0x00, 0xf8, 0xfc, 0xf8, 0x00,
    0xf8, 0xfc, 0xf8, 0x00, 0xf8, 0xfc, 0xf8, 0x00, 0xf8, 0xfc, 0xf8, 0x00,
    0xf8, 0xfc, 0xf8, 0x00, 0xf8, 0xfc, 0xf8, 0x00, 0xf8, 0xfc, 0xf8, 0x00,
    0xf8, 0xfc, 0xf8, 0x00, 0xf8, 0xfc, 0xf8, 0x00, 0xf8, 0xfc, 0xf8, 0x00,
    0xf8, 0xfc, 0xf8, 0x00, 0xf8, 0xfc, 0xf8, 0x00, 0xf8, 0xfc, 0xf8, 0x00,
    0xf8, 0xfc, 0xf8, 0x00, 0xf8, 0xfc, 0xf8, 0x00, 0xf8, 0xfc, 0xf8, 0x00,
    0xf8, 0xfc, 0xf8, 0x00, 0xf8, 0xfc, 0xf8, 0x00, 0xf8, 0xfc, 0xf8, 0x00,
    0xf8, 0xfc, 0xf8, 0x00, 0xf8, 0xfc, 0xf8, 0x00, 0xf8, 0xfc, 0xf8, 0x00,
    0xf8, 0xfc, 0xf8, 0x00, 0xf8, 0xfc, 0xf8, 0x00, 0xf8, 0xfc, 0xf8, 0x00,
    0xf8, 0xfc, 0xf8, 0x00, 0xf8, 0xfc, 0xf8, 0x00, 0xf8, 0xfc, 0xf8, 0x00,
    0xf8, 0xfc, 0xf8, 0x00, 0xf8, 0xfc, 0xf8, 0x00, 0xf8, 0xfc, 0xf8, 0x00,
    0xf8, 0xfc, 0xf8, 0x00, 0xf8, 0xfc, 0xf8, 0x00, 0xf8, 0xfc, 0xf8, 0x00,
    0xf8, 0xfc, 0xf8, 0x00, 0xf8, 0xfc, 0xf8, 0x00, 0xf8, 0xfc, 0xf8, 0x00,
    0xf8, 0xfc, 0xf8, 0x00, 0xf8, 0xfc, 0xf8, 0x00, 0xf8, 0xfc, 0xf8, 0x00,
    0xf8, 0xfc, 0xf8, 0x00, 0xf8, 0xfc, 0xf8, 0x00, 0xf8, 0xfc, 0xf8, 0x00,
    0xf8, 0xfc, 0xf8, 0x00, 0xf8, 0xfc, 0xf8, 0x00, 0xf8, 0xfc, 0xf8, 0x00,
    0xf8, 0xfc, 0xf8, 0x00, 0xf8, 0xfc, 0xf8, 0x00, 0xf8, 0xfc, 0xf8, 0x00,
    0xf8, 0xfc, 0xf8, 0x00, 0xf8, 0xfc, 0xf8, 0x00, 0xf8, 0xfc, 0xf8, 0x00,
    0xf8, 0xfc, 0xf8, 0x00, 0xf8, 0xfc, 0xf8, 0x00, 0xf8, 0xfc, 0xf8, 0x00,
    0xf8, 0xfc, 0xf8, 0x00, 0xf8, 0xfc, 0xf8, 0x00, 0xf8, 0xfc, 0xf8, 0x00,
    0xf8, 0xfc, 0xf8, 0x00, 0xf8, 0xfc, 0xf8, 0x00, 0xf8, 0xfc, 0xf8, 0x00,
    0xf8, 0xfc, 0xf8, 0x00, 0xf8, 0xfc, 0xf8, 0x00, 0xf8, 0xfc, 0xf8, 0x00,
    0xf8, 0xfc, 0xf8, 0x00, 0xf8, 0xfc, 0xf8, 0x00, 0xf8, 0xfc, 0xf8, 0x00,
    0xf8, 0xfc, 0xf8, 0x00, 0xf8, 0xfc, 0xf8, 0x00, 0xf8, 0xfc, 0xf8, 0x00,
    0xf8, 0xfc, 0xf8, 0x00, 0xf8, 0xfc, 0xf8, 0x00, 0xf8, 0xfc, 0xf8, 0x00,
    0xf8, 0xfc, 0xf8, 0x00, 0xf8, 0xfc, 0xf8, 0x00, 0xf8, 0xfc, 0xf8, 0x00,
    0xf8, 0xfc, 0xf8, 0x00
};
