ISO-10303-21;
HEADER;
FILE_DESCRIPTION (( 'STEP AP214' ),
    '1' );
FILE_NAME ('tyl.STEP',
    '2026-01-17T15:38:41',
    ( '' ),
    ( '' ),
    'SwSTEP 2.0',
    'SolidWorks 2025',
    '' );
FILE_SCHEMA (( 'AUTOMOTIVE_DESIGN' ));
ENDSEC;

DATA;
#1 = CARTESIAN_POINT ( 'NONE',  ( 0.000000000000000000, 224.1951998256236038, 18.00000000000000355 ) ) ;
#2 = DIRECTION ( 'NONE',  ( 0.000000000000000000, 0.000000000000000000, -1.000000000000000000 ) ) ;
#3 = VERTEX_POINT ( 'NONE', #482 ) ;
#4 = CARTESIAN_POINT ( 'NONE',  ( -276.6109892263183383, 218.2931405177996567, 21.00000000000000000 ) ) ;
#5 = EDGE_CURVE ( 'NONE', #343, #916, #1165, .T. ) ;
#6 = ADVANCED_FACE ( 'NONE', ( #3632 ), #3282, .F. ) ;
#7 = DIRECTION ( 'NONE',  ( 0.000000000000000000, 1.000000000000000000, 0.000000000000000000 ) ) ;
#8 = DIRECTION ( 'NONE',  ( 0.000000000000000000, 0.000000000000000000, -1.000000000000000000 ) ) ;
#9 = DIRECTION ( 'NONE',  ( -0.000000000000000000, -0.000000000000000000, 1.000000000000000000 ) ) ;
#10 = ORIENTED_EDGE ( 'NONE', *, *, #3733, .T. ) ;
#11 = ADVANCED_FACE ( 'NONE', ( #1620 ), #1318, .F. ) ;
#12 = FACE_OUTER_BOUND ( 'NONE', #2092, .T. ) ;
#13 = ORIENTED_EDGE ( 'NONE', *, *, #2169, .F. ) ;
#14 = CARTESIAN_POINT ( 'NONE',  ( -316.9771186325385202, 230.9067898263999439, 4.000000000000000000 ) ) ;
#15 = DIRECTION ( 'NONE',  ( 0.000000000000000000, 0.000000000000000000, -1.000000000000000000 ) ) ;
#16 = ORIENTED_EDGE ( 'NONE', *, *, #965, .F. ) ;
#17 = DIRECTION ( 'NONE',  ( 0.000000000000000000, 0.000000000000000000, -1.000000000000000000 ) ) ;
#18 = PLANE ( 'NONE',  #3483 ) ;
#19 = CARTESIAN_POINT ( 'NONE',  ( -318.5936993862694635, 228.1068630152644516, 0.000000000000000000 ) ) ;
#20 = ORIENTED_EDGE ( 'NONE', *, *, #3691, .T. ) ;
#21 = VECTOR ( 'NONE', #551, 1000.000000000000000 ) ;
#22 = CARTESIAN_POINT ( 'NONE',  ( -261.8619755045060629, 263.5113891529462080, 3.000000000000000000 ) ) ;
#23 = CARTESIAN_POINT ( 'NONE',  ( 0.000000000000000000, 0.000000000000000000, 14.00000000000000000 ) ) ;
#24 = AXIS2_PLACEMENT_3D ( 'NONE', #1881, #435, #2993 ) ;
#25 = EDGE_CURVE ( 'NONE', #2137, #2256, #1831, .T. ) ;
#26 = CARTESIAN_POINT ( 'NONE',  ( -194.6222209153991685, 303.1159884794925006, 17.69999999999999929 ) ) ;
#27 = DIRECTION ( 'NONE',  ( -1.224646799147353207E-16, 1.000000000000000000, 0.000000000000000000 ) ) ;
#28 = VERTEX_POINT ( 'NONE', #3113 ) ;
#29 = VECTOR ( 'NONE', #3140, 1000.000000000000000 ) ;
#30 = VECTOR ( 'NONE', #2147, 1000.000000000000000 ) ;
#31 = EDGE_CURVE ( 'NONE', #3016, #3414, #3709, .T. ) ;
#32 = AXIS2_PLACEMENT_3D ( 'NONE', #2348, #1744, #566 ) ;
#33 = EDGE_CURVE ( 'NONE', #1916, #3618, #1674, .T. ) ;
#34 = VERTEX_POINT ( 'NONE', #1102 ) ;
#35 = DIRECTION ( 'NONE',  ( 1.000000000000000000, 0.000000000000000000, 0.000000000000000000 ) ) ;
#36 = VERTEX_POINT ( 'NONE', #198 ) ;
#37 = VECTOR ( 'NONE', #2371, 1000.000000000000227 ) ;
#38 = AXIS2_PLACEMENT_3D ( 'NONE', #3629, #1024, #2188 ) ;
#39 = DIRECTION ( 'NONE',  ( 0.000000000000000000, 0.000000000000000000, -1.000000000000000000 ) ) ;
#40 = AXIS2_PLACEMENT_3D ( 'NONE', #3055, #1927, #2738 ) ;
#41 = CIRCLE ( 'NONE', #2162, 1.500000000000001332 ) ;
#42 = DIRECTION ( 'NONE',  ( -1.000000000000000000, 0.000000000000000000, 0.000000000000000000 ) ) ;
#43 = LINE ( 'NONE', #2942, #1174 ) ;
#44 = ORIENTED_EDGE ( 'NONE', *, *, #2673, .T. ) ;
#45 = DIRECTION ( 'NONE',  ( -1.000000000000000000, 0.000000000000000000, 0.000000000000000000 ) ) ;
#46 = CARTESIAN_POINT ( 'NONE',  ( -315.4842457447411448, 303.1159884794924437, 2.000000000000000000 ) ) ;
#47 = AXIS2_PLACEMENT_3D ( 'NONE', #2463, #1222, #991 ) ;
#48 = DIRECTION ( 'NONE',  ( 0.000000000000000000, 0.000000000000000000, -1.000000000000000000 ) ) ;
#49 = LINE ( 'NONE', #1330, #1235 ) ;
#50 = EDGE_LOOP ( 'NONE', ( #2898, #821 ) ) ;
#51 = DIRECTION ( 'NONE',  ( 0.000000000000000000, -0.000000000000000000, 1.000000000000000000 ) ) ;
#52 = DIRECTION ( 'NONE',  ( 0.000000000000000000, -0.000000000000000000, -1.000000000000000000 ) ) ;
#53 = CARTESIAN_POINT ( 'NONE',  ( -195.5398581817379124, 304.3098362646801434, 4.000000000000004441 ) ) ;
#54 = ORIENTED_EDGE ( 'NONE', *, *, #1141, .F. ) ;
#55 = EDGE_CURVE ( 'NONE', #434, #2579, #2251, .T. ) ;
#56 = ORIENTED_EDGE ( 'NONE', *, *, #3136, .F. ) ;
#57 = CARTESIAN_POINT ( 'NONE',  ( -193.1156557339476194, 230.9068630152645483, 2.000000000000000000 ) ) ;
#58 = ORIENTED_EDGE ( 'NONE', *, *, #55, .T. ) ;
#59 = EDGE_CURVE ( 'NONE', #737, #2969, #2236, .T. ) ;
#60 = EDGE_CURVE ( 'NONE', #2562, #2026, #2536, .T. ) ;
#61 = CARTESIAN_POINT ( 'NONE',  ( -320.9886061297115702, 224.8951998256236209, 4.000000000000000000 ) ) ;
#62 = DIRECTION ( 'NONE',  ( -1.000000000000000000, 0.000000000000000000, 0.000000000000000000 ) ) ;
#63 = DIRECTION ( 'NONE',  ( 0.000000000000000000, -0.000000000000000000, 1.000000000000000000 ) ) ;
#64 = ORIENTED_EDGE ( 'NONE', *, *, #966, .T. ) ;
#65 = CARTESIAN_POINT ( 'NONE',  ( -247.2376198515239025, 263.5113891529462080, -3.000000000000000000 ) ) ;
#66 = CARTESIAN_POINT ( 'NONE',  ( -241.2997976780149543, 267.0113891529462080, -1.500000000000000000 ) ) ;
#67 = DIRECTION ( 'NONE',  ( 1.000000000000000000, 0.000000000000000000, 0.000000000000000000 ) ) ;
#68 = EDGE_LOOP ( 'NONE', ( #2784, #56 ) ) ;
#69 = DIRECTION ( 'NONE',  ( 0.000000000000000000, -0.000000000000000000, 1.000000000000000000 ) ) ;
#70 = CARTESIAN_POINT ( 'NONE',  ( -188.6109892263183667, 226.8951998256236209, 21.00000000000000000 ) ) ;
#71 = DIRECTION ( 'NONE',  ( 1.000000000000000000, 0.000000000000000000, 0.000000000000000000 ) ) ;
#72 = CARTESIAN_POINT ( 'NONE',  ( -315.3605378788075768, 305.9159884794925119, 0.000000000000000000 ) ) ;
#73 = ORIENTED_EDGE ( 'NONE', *, *, #427, .T. ) ;
#74 = DIRECTION ( 'NONE',  ( 1.000000000000000000, 0.000000000000000000, 0.000000000000000000 ) ) ;
#75 = ORIENTED_EDGE ( 'NONE', *, *, #2722, .T. ) ;
#76 = EDGE_CURVE ( 'NONE', #1368, #1454, #1983, .T. ) ;
#77 = FACE_OUTER_BOUND ( 'NONE', #2522, .T. ) ;
#78 = EDGE_CURVE ( 'NONE', #3016, #390, #3134, .T. ) ;
#79 = ORIENTED_EDGE ( 'NONE', *, *, #443, .F. ) ;
#80 = DIRECTION ( 'NONE',  ( 0.000000000000000000, 1.000000000000000000, 0.000000000000000000 ) ) ;
#81 = EDGE_CURVE ( 'NONE', #769, #434, #1905, .T. ) ;
#82 = CARTESIAN_POINT ( 'NONE',  ( -304.6109892263183383, 222.8951998256236209, 4.000000000000000000 ) ) ;
#83 = EDGE_CURVE ( 'NONE', #3230, #2553, #3649, .T. ) ;
#84 = ORIENTED_EDGE ( 'NONE', *, *, #1677, .T. ) ;
#85 = CARTESIAN_POINT ( 'NONE',  ( -249.7376198515239025, 263.5113891529462080, -3.000000000000000000 ) ) ;
#86 = CARTESIAN_POINT ( 'NONE',  ( -252.2997976780149827, 274.0113891529462080, 3.000000000000000000 ) ) ;
#87 = VECTOR ( 'NONE', #2704, 1000.000000000000000 ) ;
#88 = FACE_OUTER_BOUND ( 'NONE', #652, .T. ) ;
#89 = ORIENTED_EDGE ( 'NONE', *, *, #2674, .T. ) ;
#90 = AXIS2_PLACEMENT_3D ( 'NONE', #508, #2861, #538 ) ;
#91 = ORIENTED_EDGE ( 'NONE', *, *, #2876, .F. ) ;
#92 = AXIS2_PLACEMENT_3D ( 'NONE', #1937, #3070, #1108 ) ;
#93 = DIRECTION ( 'NONE',  ( 0.000000000000000000, -0.000000000000000000, 1.000000000000000000 ) ) ;
#94 = EDGE_LOOP ( 'NONE', ( #941, #608, #2585, #547 ) ) ;
#95 = CARTESIAN_POINT ( 'NONE',  ( -320.2102801400005205, 230.9068630152645483, 2.000000000000000000 ) ) ;
#96 = VERTEX_POINT ( 'NONE', #1483 ) ;
#97 = DIRECTION ( 'NONE',  ( -1.000000000000000000, 0.000000000000000000, -0.000000000000000000 ) ) ;
#98 = VERTEX_POINT ( 'NONE', #907 ) ;
#99 = VECTOR ( 'NONE', #2445, 1000.000000000000000 ) ;
#100 = AXIS2_PLACEMENT_3D ( 'NONE', #2540, #3702, #168 ) ;
#101 = FACE_OUTER_BOUND ( 'NONE', #3526, .T. ) ;
#102 = PRODUCT_RELATED_PRODUCT_CATEGORY ( 'part', '', ( #1516 ) ) ;
#103 = VECTOR ( 'NONE', #391, 1000.000000000000000 ) ;
#104 = VECTOR ( 'NONE', #983, 1000.000000000000000 ) ;
#105 = FACE_OUTER_BOUND ( 'NONE', #2992, .T. ) ;
#106 = CARTESIAN_POINT ( 'NONE',  ( 0.000000000000000000, 223.5951998256236095, 18.00000000000000355 ) ) ;
#107 = ORIENTED_EDGE ( 'NONE', *, *, #1157, .F. ) ;
#108 = LINE ( 'NONE', #3075, #104 ) ;
#109 = LINE ( 'NONE', #364, #1531 ) ;
#110 = CARTESIAN_POINT ( 'NONE',  ( -324.9886061297115702, 224.8951998256236209, 4.000000000000000000 ) ) ;
#111 = AXIS2_PLACEMENT_3D ( 'NONE', #3162, #560, #1724 ) ;
#112 = ADVANCED_FACE ( 'NONE', ( #3493 ), #1200, .T. ) ;
#113 = EDGE_CURVE ( 'NONE', #1700, #1887, #1726, .T. ) ;
#114 = DIRECTION ( 'NONE',  ( 0.000000000000000000, 0.000000000000000000, -1.000000000000000000 ) ) ;
#115 = VERTEX_POINT ( 'NONE', #542 ) ;
#116 = LINE ( 'NONE', #2152, #1247 ) ;
#117 = DIRECTION ( 'NONE',  ( -0.000000000000000000, -0.000000000000000000, 1.000000000000000000 ) ) ;
#118 = EDGE_LOOP ( 'NONE', ( #1106, #58, #2040, #1664, #3720, #3139, #3428, #959 ) ) ;
#119 = CARTESIAN_POINT ( 'NONE',  ( -196.1150938031964586, 303.1159884794925006, 2.000000000000000000 ) ) ;
#120 = ORIENTED_EDGE ( 'NONE', *, *, #2471, .T. ) ;
#121 = DIRECTION ( 'NONE',  ( -1.000000000000000000, 0.000000000000000000, 0.000000000000000000 ) ) ;
#122 = ORIENTED_EDGE ( 'NONE', *, *, #2601, .F. ) ;
#123 = DIRECTION ( 'NONE',  ( 0.000000000000000000, 1.000000000000000000, 0.000000000000000000 ) ) ;
#124 = LINE ( 'NONE', #1287, #678 ) ;
#125 = ORIENTED_EDGE ( 'NONE', *, *, #2899, .T. ) ;
#126 = CARTESIAN_POINT ( 'NONE',  ( -189.3109892263183553, 223.5951998256236095, 18.00000000000000355 ) ) ;
#127 = DIRECTION ( 'NONE',  ( 1.000000000000000000, 0.000000000000000000, -0.000000000000000000 ) ) ;
#128 = CARTESIAN_POINT ( 'NONE',  ( 0.000000000000000000, 223.5951998256236095, 18.00000000000000355 ) ) ;
#129 = CARTESIAN_POINT ( 'NONE',  ( -188.6109892263183667, 222.8951998256236209, 21.00000000000000000 ) ) ;
#130 = ADVANCED_FACE ( 'NONE', ( #2868 ), #1448, .T. ) ;
#131 = EDGE_CURVE ( 'NONE', #36, #1705, #550, .T. ) ;
#132 = EDGE_LOOP ( 'NONE', ( #405, #2226 ) ) ;
#133 = ORIENTED_EDGE ( 'NONE', *, *, #3269, .T. ) ;
#134 = DIRECTION ( 'NONE',  ( 0.000000000000000000, 0.000000000000000000, -1.000000000000000000 ) ) ;
#135 = EDGE_LOOP ( 'NONE', ( #2938, #3346 ) ) ;
#136 = CARTESIAN_POINT ( 'NONE',  ( -196.1152217072426254, 303.1159884794925006, 4.000000000000001776 ) ) ;
#137 = DIRECTION ( 'NONE',  ( 0.000000000000000000, 1.000000000000000000, 0.000000000000000000 ) ) ;
#138 = LINE ( 'NONE', #2447, #3166 ) ;
#139 = CARTESIAN_POINT ( 'NONE',  ( -315.3605378788075768, 228.1068630152644516, 2.000000000000000000 ) ) ;
#140 = ORIENTED_EDGE ( 'NONE', *, *, #545, .T. ) ;
#141 = LINE ( 'NONE', #1316, #1846 ) ;
#142 = ORIENTED_EDGE ( 'NONE', *, *, #2703, .T. ) ;
#143 = AXIS2_PLACEMENT_3D ( 'NONE', #22, #3451, #3716 ) ;
#144 = DIRECTION ( 'NONE',  ( 0.000000000000000000, -0.000000000000000000, -1.000000000000000000 ) ) ;
#145 = ORIENTED_EDGE ( 'NONE', *, *, #974, .T. ) ;
#146 = CIRCLE ( 'NONE', #795, 2.500000000000030198 ) ;
#147 = EDGE_CURVE ( 'NONE', #2919, #649, #2316, .T. ) ;
#148 = EDGE_CURVE ( 'NONE', #1149, #762, #3435, .T. ) ;
#149 = CIRCLE ( 'NONE', #3228, 3.000000000000002665 ) ;
#150 = CARTESIAN_POINT ( 'NONE',  ( -322.9771186325385202, 303.1159884794924437, 4.000000000000000000 ) ) ;
#151 = ORIENTED_EDGE ( 'NONE', *, *, #1761, .F. ) ;
#152 = DIRECTION ( 'NONE',  ( -1.000000000000000000, 0.000000000000000000, 0.000000000000000000 ) ) ;
#153 = AXIS2_PLACEMENT_3D ( 'NONE', #2183, #667, #97 ) ;
#154 = DIRECTION ( 'NONE',  ( 1.000000000000000000, 0.000000000000000000, 0.000000000000000000 ) ) ;
#155 = VECTOR ( 'NONE', #2012, 1000.000000000000114 ) ;
#156 = CIRCLE ( 'NONE', #2996, 3.000000000000002665 ) ;
#157 = CARTESIAN_POINT ( 'NONE',  ( -194.6224767234914168, 303.1159884794924437, 17.69999999999999929 ) ) ;
#158 = VERTEX_POINT ( 'NONE', #1428 ) ;
#159 = FACE_OUTER_BOUND ( 'NONE', #1595, .T. ) ;
#160 = FACE_OUTER_BOUND ( 'NONE', #3072, .T. ) ;
#161 = VECTOR ( 'NONE', #1100, 999.9999999999998863 ) ;
#162 = VECTOR ( 'NONE', #194, 1000.000000000000000 ) ;
#163 = DIRECTION ( 'NONE',  ( 0.000000000000000000, -0.000000000000000000, 1.000000000000000000 ) ) ;
#164 = AXIS2_PLACEMENT_3D ( 'NONE', #1600, #1548, #3303 ) ;
#165 = VECTOR ( 'NONE', #2312, 1000.000000000000000 ) ;
#166 = DIRECTION ( 'NONE',  ( 0.000000000000000000, -0.000000000000000000, -1.000000000000000000 ) ) ;
#167 = VERTEX_POINT ( 'NONE', #864 ) ;
#168 = DIRECTION ( 'NONE',  ( -1.000000000000000000, 0.000000000000000000, 0.000000000000000000 ) ) ;
#169 = CARTESIAN_POINT ( 'NONE',  ( -320.2102801400005205, 230.9068630152645483, 2.000000000000000000 ) ) ;
#170 = ORIENTED_EDGE ( 'NONE', *, *, #3647, .T. ) ;
#171 = EDGE_CURVE ( 'NONE', #2187, #523, #2590, .T. ) ;
#172 = DIRECTION ( 'NONE',  ( 0.000000000000000000, 0.000000000000000000, -1.000000000000000000 ) ) ;
#173 = EDGE_CURVE ( 'NONE', #3680, #3569, #3530, .T. ) ;
#174 = CYLINDRICAL_SURFACE ( 'NONE', #204, 2.000000000000001776 ) ;
#175 = CARTESIAN_POINT ( 'NONE',  ( -322.9886061297115702, 311.1275784802687667, 21.00000000000000000 ) ) ;
#176 = ORIENTED_EDGE ( 'NONE', *, *, #1645, .F. ) ;
#177 = PLANE ( 'NONE',  #275 ) ;
#178 = ADVANCED_FACE ( 'NONE', ( #2341 ), #2621, .T. ) ;
#179 = DIRECTION ( 'NONE',  ( -0.000000000000000000, -0.000000000000000000, -1.000000000000000000 ) ) ;
#180 = DIRECTION ( 'NONE',  ( 1.000000000000000000, 0.000000000000000000, 0.000000000000000000 ) ) ;
#181 = CARTESIAN_POINT ( 'NONE',  ( -253.2997976780149827, 274.0113891529462080, 0.000000000000000000 ) ) ;
#182 = UNCERTAINTY_MEASURE_WITH_UNIT (LENGTH_MEASURE( 1.000000000000000082E-05 ), #996, 'distance_accuracy_value', 'NONE');
#183 = ORIENTED_EDGE ( 'NONE', *, *, #2602, .F. ) ;
#184 = DIRECTION ( 'NONE',  ( -1.000000000000000000, 0.000000000000000000, 0.000000000000000000 ) ) ;
#185 = ORIENTED_EDGE ( 'NONE', *, *, #2087, .T. ) ;
#186 = ORIENTED_EDGE ( 'NONE', *, *, #1909, .F. ) ;
#187 = DIRECTION ( 'NONE',  ( 0.000000000000000000, 0.000000000000000000, -1.000000000000000000 ) ) ;
#188 = EDGE_LOOP ( 'NONE', ( #3138, #2404, #125, #314 ) ) ;
#189 = EDGE_CURVE ( 'NONE', #1502, #2360, #2010, .T. ) ;
#190 = EDGE_CURVE ( 'NONE', #999, #1989, #2699, .T. ) ;
#191 = EDGE_LOOP ( 'NONE', ( #3462, #2220, #142, #849 ) ) ;
#192 = CARTESIAN_POINT ( 'NONE',  ( -194.6224767234914168, 230.9067898263999439, 17.69999999999999929 ) ) ;
#193 = ORIENTED_EDGE ( 'NONE', *, *, #2991, .T. ) ;
#194 = DIRECTION ( 'NONE',  ( 1.000000000000000000, 1.716930969985214437E-14, 0.000000000000000000 ) ) ;
#195 = DIRECTION ( 'NONE',  ( 0.5000000000000025535, -0.8660254037844372643, 0.000000000000000000 ) ) ;
#196 = EDGE_CURVE ( 'NONE', #3618, #2387, #1919, .T. ) ;
#197 = EDGE_CURVE ( 'NONE', #977, #589, #109, .T. ) ;
#198 = CARTESIAN_POINT ( 'NONE',  ( -197.6224767234914168, 230.9067898263999439, 7.000000000000000888 ) ) ;
#199 = ORIENTED_EDGE ( 'NONE', *, *, #1583, .F. ) ;
#200 = CARTESIAN_POINT ( 'NONE',  ( -316.9771186325385202, 230.9067898263999439, 4.000000000000000000 ) ) ;
#201 = VERTEX_POINT ( 'NONE', #2392 ) ;
#202 = VECTOR ( 'NONE', #2778, 1000.000000000000000 ) ;
#203 = ORIENTED_EDGE ( 'NONE', *, *, #3132, .F. ) ;
#204 = AXIS2_PLACEMENT_3D ( 'NONE', #1862, #456, #1896 ) ;
#205 = DIRECTION ( 'NONE',  ( 0.000000000000000000, 0.000000000000000000, -1.000000000000000000 ) ) ;
#206 = VERTEX_POINT ( 'NONE', #1506 ) ;
#207 = AXIS2_PLACEMENT_3D ( 'NONE', #192, #2808, #3444 ) ;
#208 = ORIENTED_EDGE ( 'NONE', *, *, #2975, .F. ) ;
#209 = DIRECTION ( 'NONE',  ( -1.716930969985244098E-14, -1.000000000000000000, 0.000000000000000000 ) ) ;
#210 = EDGE_LOOP ( 'NONE', ( #2533, #3232, #1320, #3291, #1401, #1434, #2842, #2125 ) ) ;
#211 = CARTESIAN_POINT ( 'NONE',  ( -315.4842457447411448, 303.1159884794924437, 17.69999999999999929 ) ) ;
#212 = VECTOR ( 'NONE', #610, 1000.000000000000000 ) ;
#213 = DIRECTION ( 'NONE',  ( 0.5000000000000078826, -0.8660254037844340447, 0.000000000000000000 ) ) ;
#214 = ADVANCED_FACE ( 'NONE', ( #748 ), #1105, .F. ) ;
#215 = AXIS2_PLACEMENT_3D ( 'NONE', #1582, #2189, #1290 ) ;
#216 = CIRCLE ( 'NONE', #2641, 2.000000000000001776 ) ;
#217 = ADVANCED_FACE ( 'NONE', ( #2415 ), #3653, .T. ) ;
#218 = AXIS2_PLACEMENT_3D ( 'NONE', #2233, #1839, #3380 ) ;
#219 = ADVANCED_FACE ( 'NONE', ( #3638 ), #2664, .T. ) ;
#220 = AXIS2_PLACEMENT_3D ( 'NONE', #2728, #972, #1574 ) ;
#221 = CIRCLE ( 'NONE', #2589, 1.492872887797369597 ) ;
#222 = ORIENTED_EDGE ( 'NONE', *, *, #1808, .F. ) ;
#223 = CARTESIAN_POINT ( 'NONE',  ( -191.3890594079371681, 230.9068630152645483, 2.000000000000000000 ) ) ;
#224 = DIRECTION ( 'NONE',  ( 0.5000000000000041078, 0.8660254037844362651, 0.000000000000000000 ) ) ;
#225 = EDGE_LOOP ( 'NONE', ( #1694, #1458, #3163, #79 ) ) ;
#226 = AXIS2_PLACEMENT_3D ( 'NONE', #657, #2909, #3548 ) ;
#227 = CARTESIAN_POINT ( 'NONE',  ( -276.6109892263183383, 0.000000000000000000, 18.00000000000000355 ) ) ;
#228 = ORIENTED_EDGE ( 'NONE', *, *, #1939, .F. ) ;
#229 = ORIENTED_EDGE ( 'NONE', *, *, #1813, .F. ) ;
#230 = CARTESIAN_POINT ( 'NONE',  ( -200.6224767234914168, 230.9067898263999439, 4.000000000000000000 ) ) ;
#231 = ORIENTED_EDGE ( 'NONE', *, *, #3110, .T. ) ;
#232 = DIRECTION ( 'NONE',  ( -1.000000000000000000, 0.000000000000000000, 0.000000000000000000 ) ) ;
#233 = DIRECTION ( 'NONE',  ( -0.000000000000000000, -0.000000000000000000, -1.000000000000000000 ) ) ;
#234 = DIRECTION ( 'NONE',  ( 0.000000000000000000, -1.000000000000000000, 0.000000000000000000 ) ) ;
#235 = EDGE_CURVE ( 'NONE', #1440, #3240, #3045, .T. ) ;
#236 = ADVANCED_FACE ( 'NONE', ( #2106 ), #3258, .F. ) ;
#237 = DIRECTION ( 'NONE',  ( 0.000000000000000000, 0.000000000000000000, -1.000000000000000000 ) ) ;
#238 = DIRECTION ( 'NONE',  ( 0.000000000000000000, 0.000000000000000000, -1.000000000000000000 ) ) ;
#239 = EDGE_LOOP ( 'NONE', ( #1332, #800 ) ) ;
#240 = ORIENTED_EDGE ( 'NONE', *, *, #1888, .F. ) ;
#241 = CYLINDRICAL_SURFACE ( 'NONE', #626, 2.000000000000001776 ) ;
#242 = ORIENTED_EDGE ( 'NONE', *, *, #827, .F. ) ;
#243 = ORIENTED_EDGE ( 'NONE', *, *, #2813, .F. ) ;
#244 = DIRECTION ( 'NONE',  ( -0.000000000000000000, -0.000000000000000000, -1.000000000000000000 ) ) ;
#245 = ORIENTED_EDGE ( 'NONE', *, *, #1381, .F. ) ;
#246 = DIRECTION ( 'NONE',  ( 0.5000000000000097700, -0.8660254037844331565, 0.000000000000000000 ) ) ;
#247 = DIRECTION ( 'NONE',  ( -0.000000000000000000, 0.000000000000000000, 1.000000000000000000 ) ) ;
#248 = DIRECTION ( 'NONE',  ( -0.000000000000000000, 0.000000000000000000, -1.000000000000000000 ) ) ;
#249 = DIRECTION ( 'NONE',  ( 0.000000000000000000, -0.000000000000000000, 1.000000000000000000 ) ) ;
#250 = LINE ( 'NONE', #381, #2401 ) ;
#251 = ORIENTED_EDGE ( 'NONE', *, *, #147, .F. ) ;
#252 = ORIENTED_EDGE ( 'NONE', *, *, #765, .T. ) ;
#253 = DIRECTION ( 'NONE',  ( 1.000000000000000000, 0.000000000000000000, 0.000000000000000000 ) ) ;
#254 = EDGE_LOOP ( 'NONE', ( #629, #2325, #2413, #2272 ) ) ;
#255 = EDGE_CURVE ( 'NONE', #1933, #2562, #1214, .T. ) ;
#256 = EDGE_CURVE ( 'NONE', #1521, #833, #2983, .T. ) ;
#257 = DIRECTION ( 'NONE',  ( 0.000000000000000000, 0.000000000000000000, -1.000000000000000000 ) ) ;
#258 = AXIS2_PLACEMENT_3D ( 'NONE', #2052, #2925, #2299 ) ;
#259 = ORIENTED_EDGE ( 'NONE', *, *, #784, .T. ) ;
#260 = DIRECTION ( 'NONE',  ( 0.4999999999999987232, -0.8660254037844392627, 0.000000000000000000 ) ) ;
#261 = VERTEX_POINT ( 'NONE', #1544 ) ;
#262 = CARTESIAN_POINT ( 'NONE',  ( -315.4842457447411448, 230.9067898263999439, 17.69999999999999929 ) ) ;
#263 = CYLINDRICAL_SURFACE ( 'NONE', #2576, 3.000000000000002665 ) ;
#264 = AXIS2_PLACEMENT_3D ( 'NONE', #3280, #730, #3077 ) ;
#265 = AXIS2_PLACEMENT_3D ( 'NONE', #801, #1132, #3156 ) ;
#266 = PLANE ( 'NONE',  #3305 ) ;
#267 = DIRECTION ( 'NONE',  ( 1.000000000000000000, 0.000000000000000000, 0.000000000000000000 ) ) ;
#268 = DIRECTION ( 'NONE',  ( 0.000000000000000000, 0.000000000000000000, -1.000000000000000000 ) ) ;
#269 = CIRCLE ( 'NONE', #2939, 13.00000000000001066 ) ;
#270 = CIRCLE ( 'NONE', #2222, 6.000000000000005329 ) ;
#271 = PLANE ( 'NONE',  #1060 ) ;
#272 = ORIENTED_EDGE ( 'NONE', *, *, #1789, .T. ) ;
#273 = CARTESIAN_POINT ( 'NONE',  ( -186.6109892263183667, 224.8951998256236209, 0.000000000000000000 ) ) ;
#274 = CIRCLE ( 'NONE', #568, 3.500000000000031086 ) ;
#275 = AXIS2_PLACEMENT_3D ( 'NONE', #1333, #2508, #3661 ) ;
#276 = EDGE_LOOP ( 'NONE', ( #2683, #3722 ) ) ;
#277 = LINE ( 'NONE', #3500, #2389 ) ;
#278 = ORIENTED_EDGE ( 'NONE', *, *, #81, .F. ) ;
#279 = CIRCLE ( 'NONE', #3672, 1.500000000000001332 ) ;
#280 = CARTESIAN_POINT ( 'NONE',  ( -318.5936993862695203, 233.7068630152645881, 0.000000000000000000 ) ) ;
#281 = EDGE_CURVE ( 'NONE', #2499, #1518, #3566, .T. ) ;
#282 = CARTESIAN_POINT ( 'NONE',  ( -194.6224767234914168, 303.1159884794924437, 17.69999999999999929 ) ) ;
#283 = DIRECTION ( 'NONE',  ( -1.000000000000000000, 0.000000000000000000, 0.000000000000000000 ) ) ;
#284 = EDGE_CURVE ( 'NONE', #3326, #3633, #500, .T. ) ;
#285 = EDGE_LOOP ( 'NONE', ( #2115, #1348 ) ) ;
#286 = DIRECTION ( 'NONE',  ( -1.000000000000000000, 0.000000000000000000, 0.000000000000000000 ) ) ;
#287 = FACE_OUTER_BOUND ( 'NONE', #534, .T. ) ;
#288 = PLANE ( 'NONE',  #2035 ) ;
#289 = ORIENTED_EDGE ( 'NONE', *, *, #1755, .F. ) ;
#290 = DIRECTION ( 'NONE',  ( 1.000000000000000000, 0.000000000000000000, 0.000000000000000000 ) ) ;
#291 = LINE ( 'NONE', #3736, #1119 ) ;
#292 = ORIENTED_EDGE ( 'NONE', *, *, #1644, .T. ) ;
#293 = ORIENTED_EDGE ( 'NONE', *, *, #353, .T. ) ;
#294 = DIRECTION ( 'NONE',  ( 1.000000000000000000, 0.000000000000000000, 0.000000000000000000 ) ) ;
#295 = ORIENTED_EDGE ( 'NONE', *, *, #131, .F. ) ;
#296 = DIRECTION ( 'NONE',  ( 0.000000000000000000, 0.000000000000000000, -1.000000000000000000 ) ) ;
#297 = DIRECTION ( 'NONE',  ( -1.224646799147353207E-16, 1.000000000000000000, 0.000000000000000000 ) ) ;
#298 = ORIENTED_EDGE ( 'NONE', *, *, #428, .F. ) ;
#299 = FACE_BOUND ( 'NONE', #2555, .T. ) ;
#300 = ADVANCED_FACE ( 'NONE', ( #1522 ), #1353, .F. ) ;
#301 = EDGE_CURVE ( 'NONE', #1176, #3298, #2623, .T. ) ;
#302 = CARTESIAN_POINT ( 'NONE',  ( -194.6227259180985527, 230.9068630152645483, 15.00000000000000000 ) ) ;
#303 = CARTESIAN_POINT ( 'NONE',  ( 0.000000000000000000, 0.000000000000000000, 17.69999999999999929 ) ) ;
#304 = ORIENTED_EDGE ( 'NONE', *, *, #1954, .F. ) ;
#305 = CYLINDRICAL_SURFACE ( 'NONE', #2346, 2.000000000000001776 ) ;
#306 = EDGE_CURVE ( 'NONE', #1640, #1176, #3741, .T. ) ;
#307 = EDGE_CURVE ( 'NONE', #3633, #3326, #3102, .T. ) ;
#308 = PLANE ( 'NONE',  #2986 ) ;
#309 = DIRECTION ( 'NONE',  ( 0.000000000000000000, -0.000000000000000000, -1.000000000000000000 ) ) ;
#310 = CARTESIAN_POINT ( 'NONE',  ( -188.6224767234914168, 303.1159884794924437, 6.999999999999999112 ) ) ;
#311 = EDGE_LOOP ( 'NONE', ( #357, #1048, #2101, #222 ) ) ;
#312 = ORIENTED_EDGE ( 'NONE', *, *, #2674, .F. ) ;
#313 = CARTESIAN_POINT ( 'NONE',  ( -323.6886061297115589, 226.1951998256236038, 21.00000000000000000 ) ) ;
#314 = ORIENTED_EDGE ( 'NONE', *, *, #2489, .T. ) ;
#315 = CARTESIAN_POINT ( 'NONE',  ( -316.9771186325385202, 303.1159884794924437, 17.69999999999999929 ) ) ;
#316 = DIRECTION ( 'NONE',  ( -1.000000000000000000, 0.000000000000000000, 0.000000000000000000 ) ) ;
#317 = CARTESIAN_POINT ( 'NONE',  ( -196.2388016691302823, 300.3159884794923187, 2.000000000000000000 ) ) ;
#318 = ORIENTED_EDGE ( 'NONE', *, *, #2315, .F. ) ;
#319 = PLANE ( 'NONE',  #517 ) ;
#320 = AXIS2_PLACEMENT_3D ( 'NONE', #3361, #2513, #775 ) ;
#321 = DIRECTION ( 'NONE',  ( -1.000000000000000000, 0.000000000000000000, 0.000000000000000000 ) ) ;
#322 = DIRECTION ( 'NONE',  ( -1.224646799147353207E-16, 1.000000000000000000, 0.000000000000000000 ) ) ;
#323 = ORIENTED_EDGE ( 'NONE', *, *, #3434, .F. ) ;
#324 = EDGE_CURVE ( 'NONE', #2256, #2137, #1472, .T. ) ;
#325 = CARTESIAN_POINT ( 'NONE',  ( -304.6109892263183383, 218.2931405177996567, 21.00000000000000000 ) ) ;
#326 = CYLINDRICAL_SURFACE ( 'NONE', #743, 1.482348964793822610 ) ;
#327 = CARTESIAN_POINT ( 'NONE',  ( -194.8177760814549231, 304.6088781053225034, 4.000000000000003553 ) ) ;
#328 = EDGE_CURVE ( 'NONE', #3636, #1144, #3222, .T. ) ;
#329 = ADVANCED_FACE ( 'NONE', ( #1146 ), #2208, .F. ) ;
#330 = VERTEX_POINT ( 'NONE', #1417 ) ;
#331 = CIRCLE ( 'NONE', #2453, 2.000000000000001776 ) ;
#332 = VECTOR ( 'NONE', #1742, 1000.000000000000000 ) ;
#333 = CIRCLE ( 'NONE', #393, 2.000000000000001776 ) ;
#334 = ORIENTED_EDGE ( 'NONE', *, *, #665, .T. ) ;
#335 = CARTESIAN_POINT ( 'NONE',  ( -255.7997976780149827, 274.0113891529462080, 0.000000000000000000 ) ) ;
#336 = VERTEX_POINT ( 'NONE', #280 ) ;
#337 = CIRCLE ( 'NONE', #1665, 1.000000000000000888 ) ;
#338 = AXIS2_PLACEMENT_3D ( 'NONE', #1124, #9, #2126 ) ;
#339 = LINE ( 'NONE', #853, #1706 ) ;
#340 = CIRCLE ( 'NONE', #2468, 2.000000000000001776 ) ;
#341 = PLANE ( 'NONE',  #692 ) ;
#342 = PLANE ( 'NONE',  #2451 ) ;
#343 = VERTEX_POINT ( 'NONE', #2042 ) ;
#344 = LINE ( 'NONE', #858, #2403 ) ;
#345 = DIRECTION ( 'NONE',  ( -1.000000000000000000, 0.000000000000000000, 0.000000000000000000 ) ) ;
#346 = VERTEX_POINT ( 'NONE', #2916 ) ;
#347 = DIRECTION ( 'NONE',  ( -1.000000000000000000, 0.000000000000000000, 0.000000000000000000 ) ) ;
#348 = CARTESIAN_POINT ( 'NONE',  ( -259.3619755045060629, 263.5113891529462080, 3.000000000000000000 ) ) ;
#349 = DIRECTION ( 'NONE',  ( 0.000000000000000000, 0.000000000000000000, 1.000000000000000000 ) ) ;
#350 = DIRECTION ( 'NONE',  ( -0.000000000000000000, -0.000000000000000000, 1.000000000000000000 ) ) ;
#351 = VERTEX_POINT ( 'NONE', #2308 ) ;
#352 = DIRECTION ( 'NONE',  ( 0.000000000000000000, -0.000000000000000000, -1.000000000000000000 ) ) ;
#353 = EDGE_CURVE ( 'NONE', #1989, #1372, #3726, .T. ) ;
#354 = EDGE_CURVE ( 'NONE', #3605, #3328, #617, .T. ) ;
#355 = VERTEX_POINT ( 'NONE', #3178 ) ;
#356 = CARTESIAN_POINT ( 'NONE',  ( -255.7997976780149827, 274.0113891529462080, 4.000000000000000000 ) ) ;
#357 = ORIENTED_EDGE ( 'NONE', *, *, #3316, .T. ) ;
#358 = CARTESIAN_POINT ( 'NONE',  ( -190.6109892263183667, 309.1275784802687667, 4.000000000000000000 ) ) ;
#359 = CARTESIAN_POINT ( 'NONE',  ( -267.2997976780150111, 267.0113891529462080, -1.500000000000000000 ) ) ;
#360 = ORIENTED_EDGE ( 'NONE', *, *, #2369, .T. ) ;
#361 = CARTESIAN_POINT ( 'NONE',  ( -265.3619755045060629, 263.5113891529462080, 4.000000000000000000 ) ) ;
#362 = LINE ( 'NONE', #2359, #3677 ) ;
#363 = ORIENTED_EDGE ( 'NONE', *, *, #60, .F. ) ;
#364 = CARTESIAN_POINT ( 'NONE',  ( -193.0056401616681683, 305.9159884794924551, 0.000000000000000000 ) ) ;
#365 = LINE ( 'NONE', #70, #1857 ) ;
#366 = DIRECTION ( 'NONE',  ( 1.000000000000000000, 0.000000000000000000, 0.000000000000000000 ) ) ;
#367 = CARTESIAN_POINT ( 'NONE',  ( -197.6224767234914168, 230.9067898263999439, 17.69999999999999929 ) ) ;
#368 = ORIENTED_EDGE ( 'NONE', *, *, #2112, .T. ) ;
#369 = ORIENTED_EDGE ( 'NONE', *, *, #3625, .F. ) ;
#370 = FACE_OUTER_BOUND ( 'NONE', #2298, .T. ) ;
#371 = ORIENTED_EDGE ( 'NONE', *, *, #2301, .T. ) ;
#372 = EDGE_LOOP ( 'NONE', ( #975, #970, #2716, #1894 ) ) ;
#373 = FACE_OUTER_BOUND ( 'NONE', #2074, .T. ) ;
#374 = VERTEX_POINT ( 'NONE', #61 ) ;
#375 = ADVANCED_FACE ( 'NONE', ( #1129 ), #896, .F. ) ;
#376 = EDGE_CURVE ( 'NONE', #1991, #3506, #339, .T. ) ;
#377 = PLANE ( 'NONE',  #1002 ) ;
#378 = LINE ( 'NONE', #2490, #2209 ) ;
#379 = LINE ( 'NONE', #1539, #1708 ) ;
#380 = EDGE_LOOP ( 'NONE', ( #1288, #1513, #2544, #1104 ) ) ;
#381 = CARTESIAN_POINT ( 'NONE',  ( -324.9886061297115702, 311.1275784802687667, 21.00000000000000000 ) ) ;
#382 = CARTESIAN_POINT ( 'NONE',  ( -196.2388016691302823, 305.9159884794923983, 2.000000000000000000 ) ) ;
#383 = DIRECTION ( 'NONE',  ( 1.000000000000000000, 0.000000000000000000, 0.000000000000000000 ) ) ;
#384 = VECTOR ( 'NONE', #2498, 1000.000000000000000 ) ;
#385 = DIRECTION ( 'NONE',  ( -0.000000000000000000, 0.000000000000000000, 1.000000000000000000 ) ) ;
#386 = ORIENTED_EDGE ( 'NONE', *, *, #354, .F. ) ;
#387 = CIRCLE ( 'NONE', #2080, 1.000000000000000888 ) ;
#388 = CIRCLE ( 'NONE', #2755, 3.500000000000003109 ) ;
#389 = CARTESIAN_POINT ( 'NONE',  ( -255.7997976780149827, 267.0113891529462080, -1.500000000000000000 ) ) ;
#390 = VERTEX_POINT ( 'NONE', #2023 ) ;
#391 = DIRECTION ( 'NONE',  ( 0.000000000000000000, 0.000000000000000000, -1.000000000000000000 ) ) ;
#392 = VECTOR ( 'NONE', #8, 1000.000000000000000 ) ;
#393 = AXIS2_PLACEMENT_3D ( 'NONE', #2521, #791, #3674 ) ;
#394 = VERTEX_POINT ( 'NONE', #2292 ) ;
#395 = CARTESIAN_POINT ( 'NONE',  ( 0.000000000000000000, 310.4275784802688349, 21.00000000000000000 ) ) ;
#396 = ORIENTED_EDGE ( 'NONE', *, *, #1278, .T. ) ;
#397 = COLOUR_RGB ( '',0.7921568627450980005, 0.8196078431372548767, 0.9333333333333333481 ) ;
#398 = CARTESIAN_POINT ( 'NONE',  ( -318.5936993862695203, 233.7068630152645881, 2.000000000000000000 ) ) ;
#399 = VECTOR ( 'NONE', #603, 1000.000000000000000 ) ;
#400 = ADVANCED_FACE ( 'NONE', ( #2422 ), #2446, .F. ) ;
#401 = AXIS2_PLACEMENT_3D ( 'NONE', #2881, #1168, #2686 ) ;
#402 = EDGE_CURVE ( 'NONE', #1605, #3351, #1107, .T. ) ;
#403 = CARTESIAN_POINT ( 'NONE',  ( -315.3605378788075768, 233.7068630152645312, 2.000000000000000000 ) ) ;
#404 = CARTESIAN_POINT ( 'NONE',  ( -321.6886061297115589, 307.8275784802687554, 18.00000000000000355 ) ) ;
#405 = ORIENTED_EDGE ( 'NONE', *, *, #578, .T. ) ;
#406 = LINE ( 'NONE', #1617, #1430 ) ;
#407 = DIRECTION ( 'NONE',  ( 0.000000000000000000, 0.000000000000000000, -1.000000000000000000 ) ) ;
#408 = VECTOR ( 'NONE', #2863, 1000.000000000000000 ) ;
#409 = EDGE_CURVE ( 'NONE', #34, #1659, #3154, .T. ) ;
#410 = CARTESIAN_POINT ( 'NONE',  ( -187.3109892263183553, 225.5951998256236095, 21.00000000000000000 ) ) ;
#411 = EDGE_LOOP ( 'NONE', ( #2072, #2598, #745, #3456 ) ) ;
#412 = DIRECTION ( 'NONE',  ( 0.5000000000000153211, 0.8660254037844297148, 0.000000000000000000 ) ) ;
#413 = ORIENTED_EDGE ( 'NONE', *, *, #3341, .F. ) ;
#414 = DIRECTION ( 'NONE',  ( 0.000000000000000000, 0.000000000000000000, -1.000000000000000000 ) ) ;
#415 = ORIENTED_EDGE ( 'NONE', *, *, #1515, .T. ) ;
#416 = CYLINDRICAL_SURFACE ( 'NONE', #220, 3.000000000000002665 ) ;
#417 = FACE_BOUND ( 'NONE', #3575, .T. ) ;
#418 = ORIENTED_EDGE ( 'NONE', *, *, #1651, .F. ) ;
#419 = CARTESIAN_POINT ( 'NONE',  ( -322.9886061297115702, 224.8951998256236209, 0.000000000000000000 ) ) ;
#420 = DIRECTION ( 'NONE',  ( 0.000000000000000000, 0.000000000000000000, -1.000000000000000000 ) ) ;
#421 = ORIENTED_EDGE ( 'NONE', *, *, #3625, .T. ) ;
#422 = PLANE ( 'NONE',  #3422 ) ;
#423 = CARTESIAN_POINT ( 'NONE',  ( -194.6222209153991685, 303.1159884794925006, 15.00000000000000000 ) ) ;
#424 = EDGE_CURVE ( 'NONE', #894, #1093, #1166, .T. ) ;
#425 = PLANE ( 'NONE',  #2762 ) ;
#426 = ORIENTED_EDGE ( 'NONE', *, *, #1997, .T. ) ;
#427 = EDGE_CURVE ( 'NONE', #374, #2689, #3442, .T. ) ;
#428 = EDGE_CURVE ( 'NONE', #3351, #1605, #1292, .T. ) ;
#429 = DIRECTION ( 'NONE',  ( -1.000000000000000000, 1.716930969985303105E-14, 0.000000000000000000 ) ) ;
#430 = ORIENTED_EDGE ( 'NONE', *, *, #1934, .T. ) ;
#431 = CYLINDRICAL_SURFACE ( 'NONE', #634, 2.000000000000001776 ) ;
#432 = VERTEX_POINT ( 'NONE', #1295 ) ;
#433 = PLANE ( 'NONE',  #2633 ) ;
#434 = VERTEX_POINT ( 'NONE', #2798 ) ;
#435 = DIRECTION ( 'NONE',  ( 0.000000000000000000, 0.000000000000000000, 1.000000000000000000 ) ) ;
#436 = CYLINDRICAL_SURFACE ( 'NONE', #1052, 2.000000000000001776 ) ;
#437 = ORIENTED_EDGE ( 'NONE', *, *, #1813, .T. ) ;
#438 = CARTESIAN_POINT ( 'NONE',  ( -189.3109892263183553, 225.5951998256236095, 21.00000000000000000 ) ) ;
#439 = CARTESIAN_POINT ( 'NONE',  ( -318.5936993862695203, 300.3159884794923755, 2.000000000000000000 ) ) ;
#440 = VERTEX_POINT ( 'NONE', #1907 ) ;
#441 = VECTOR ( 'NONE', #267, 1000.000000000000000 ) ;
#442 = CARTESIAN_POINT ( 'NONE',  ( -194.6222209153991685, 303.1159884794925006, 15.00000000000000000 ) ) ;
#443 = EDGE_CURVE ( 'NONE', #3614, #3506, #3227, .T. ) ;
#444 = EDGE_CURVE ( 'NONE', #2305, #2637, #552, .T. ) ;
#445 = ORIENTED_EDGE ( 'NONE', *, *, #2219, .F. ) ;
#446 = CARTESIAN_POINT ( 'NONE',  ( -313.7439571250765198, 303.1159884794923869, 2.000000000000000000 ) ) ;
#447 = DIRECTION ( 'NONE',  ( 1.000000000000000000, 0.000000000000000000, -0.000000000000000000 ) ) ;
#448 = VERTEX_POINT ( 'NONE', #3343 ) ;
#449 = AXIS2_PLACEMENT_3D ( 'NONE', #2358, #3510, #903 ) ;
#450 = AXIS2_PLACEMENT_3D ( 'NONE', #2507, #3142, #3711 ) ;
#451 = ORIENTED_EDGE ( 'NONE', *, *, #2163, .T. ) ;
#452 = DIRECTION ( 'NONE',  ( 0.000000000000000000, 0.000000000000000000, -1.000000000000000000 ) ) ;
#453 = ORIENTED_EDGE ( 'NONE', *, *, #579, .T. ) ;
#454 = CARTESIAN_POINT ( 'NONE',  ( -321.6886061297115589, 226.1951998256236038, 18.00000000000000355 ) ) ;
#455 = VECTOR ( 'NONE', #2937, 1000.000000000000000 ) ;
#456 = DIRECTION ( 'NONE',  ( 0.000000000000000000, 0.000000000000000000, -1.000000000000000000 ) ) ;
#457 = CIRCLE ( 'NONE', #997, 1.492872887797369597 ) ;
#458 = AXIS2_PLACEMENT_3D ( 'NONE', #1220, #3557, #1243 ) ;
#459 = DIRECTION ( 'NONE',  ( 0.000000000000000000, -0.000000000000000000, -1.000000000000000000 ) ) ;
#460 = ORIENTED_EDGE ( 'NONE', *, *, #2210, .T. ) ;
#461 = CARTESIAN_POINT ( 'NONE',  ( -315.4947696677447766, 230.9068630152645198, 15.00000000000000000 ) ) ;
#462 = LINE ( 'NONE', #3018, #2221 ) ;
#463 = AXIS2_PLACEMENT_3D ( 'NONE', #2535, #1993, #512 ) ;
#464 = DIRECTION ( 'NONE',  ( -1.000000000000000000, 0.000000000000000000, 0.000000000000000000 ) ) ;
#465 = AXIS2_PLACEMENT_3D ( 'NONE', #2049, #581, #3238 ) ;
#466 = DIRECTION ( 'NONE',  ( 0.000000000000000000, 0.000000000000000000, -1.000000000000000000 ) ) ;
#467 = ORIENTED_EDGE ( 'NONE', *, *, #926, .F. ) ;
#468 = FACE_OUTER_BOUND ( 'NONE', #570, .T. ) ;
#469 = ORIENTED_EDGE ( 'NONE', *, *, #301, .F. ) ;
#470 = ADVANCED_FACE ( 'NONE', ( #3060 ), #3325, .T. ) ;
#471 = EDGE_CURVE ( 'NONE', #2321, #1933, #2214, .T. ) ;
#472 = EDGE_LOOP ( 'NONE', ( #3516, #2373, #1265, #747 ) ) ;
#473 = CARTESIAN_POINT ( 'NONE',  ( -322.2886061297115816, 308.4275784802687781, 18.00000000000000355 ) ) ;
#474 = ORIENTED_EDGE ( 'NONE', *, *, #3409, .T. ) ;
#475 = EDGE_CURVE ( 'NONE', #894, #779, #3364, .T. ) ;
#476 = ADVANCED_FACE ( 'NONE', ( #1872 ), #736, .F. ) ;
#477 = LINE ( 'NONE', #139, #2987 ) ;
#478 = ORIENTED_EDGE ( 'NONE', *, *, #3087, .T. ) ;
#479 = LINE ( 'NONE', #126, #3544 ) ;
#480 = LINE ( 'NONE', #3630, #3233 ) ;
#481 = DIRECTION ( 'NONE',  ( 0.000000000000000000, 0.000000000000000000, -1.000000000000000000 ) ) ;
#482 = CARTESIAN_POINT ( 'NONE',  ( -189.9109892263183497, 224.1951998256236038, 18.00000000000000355 ) ) ;
#483 = B_SPLINE_CURVE_WITH_KNOTS ( 'NONE', 3,
 ( #136, #1283, #1877, #2608, #2931, #53, #2955, #2624, #327, #1217 ),
 .UNSPECIFIED., .F., .F.,
 ( 4, 2, 2, 2, 4 ),
 ( 0.5000000000690871804, 0.6250000000518154408, 0.7500000000345435902, 0.8750000000172717396, 1.000000000000000000 ),
 .UNSPECIFIED. ) ;
#484 = EDGE_LOOP ( 'NONE', ( #549, #838, #582, #185 ) ) ;
#485 = CARTESIAN_POINT ( 'NONE',  ( -197.8553824228609415, 230.9068630152645198, 2.000000000000000000 ) ) ;
#486 = EDGE_LOOP ( 'NONE', ( #3257, #1091, #3532, #1268 ) ) ;
#487 = LINE ( 'NONE', #2823, #3184 ) ;
#488 = ORIENTED_EDGE ( 'NONE', *, *, #3551, .F. ) ;
#489 = VERTEX_POINT ( 'NONE', #3416 ) ;
#490 = VERTEX_POINT ( 'NONE', #812 ) ;
#491 = EDGE_CURVE ( 'NONE', #1669, #330, #2384, .T. ) ;
#492 = CARTESIAN_POINT ( 'NONE',  ( -193.0056401616681399, 305.9159884794923983, -0.000000000000000000 ) ) ;
#493 = EDGE_CURVE ( 'NONE', #3240, #2978, #502, .T. ) ;
#494 = ORIENTED_EDGE ( 'NONE', *, *, #531, .F. ) ;
#495 = DIRECTION ( 'NONE',  ( -0.000000000000000000, 0.000000000000000000, 1.000000000000000000 ) ) ;
#496 = FACE_OUTER_BOUND ( 'NONE', #3285, .T. ) ;
#497 = DIRECTION ( 'NONE',  ( 0.4999999999999801825, -0.8660254037844501429, 0.000000000000000000 ) ) ;
#498 = LINE ( 'NONE', #2218, #933 ) ;
#499 = ORIENTED_EDGE ( 'NONE', *, *, #1444, .T. ) ;
#500 = CIRCLE ( 'NONE', #852, 2.500000000000030198 ) ;
#501 = EDGE_LOOP ( 'NONE', ( #3650, #772, #645, #955 ) ) ;
#502 = CIRCLE ( 'NONE', #3714, 2.000000000000001776 ) ;
#503 = DIRECTION ( 'NONE',  ( 0.000000000000000000, 0.000000000000000000, -1.000000000000000000 ) ) ;
#504 = ORIENTED_EDGE ( 'NONE', *, *, #2837, .T. ) ;
#505 = CIRCLE ( 'NONE', #1840, 2.000000000000001776 ) ;
#506 = ORIENTED_EDGE ( 'NONE', *, *, #3402, .T. ) ;
#507 = LINE ( 'NONE', #1667, #1856 ) ;
#508 = CARTESIAN_POINT ( 'NONE',  ( -200.6224767234914168, 303.1159884794924437, 6.999999999999999112 ) ) ;
#509 = ORIENTED_EDGE ( 'NONE', *, *, #83, .T. ) ;
#510 = LINE ( 'NONE', #1441, #3609 ) ;
#511 = VECTOR ( 'NONE', #2914, 1000.000000000000000 ) ;
#512 = DIRECTION ( 'NONE',  ( -1.000000000000000000, 0.000000000000000000, 0.000000000000000000 ) ) ;
#513 = ADVANCED_FACE ( 'NONE', ( #1824 ), #326, .F. ) ;
#514 = ADVANCED_FACE ( 'NONE', ( #2417 ), #308, .T. ) ;
#515 = CIRCLE ( 'NONE', #47, 2.500000000000002220 ) ;
#516 = CIRCLE ( 'NONE', #752, 2.000000000000001776 ) ;
#517 = AXIS2_PLACEMENT_3D ( 'NONE', #1800, #3487, #2640 ) ;
#518 = CIRCLE ( 'NONE', #2337, 2.000000000000001776 ) ;
#519 = AXIS2_PLACEMENT_3D ( 'NONE', #2604, #2, #2235 ) ;
#520 = CYLINDRICAL_SURFACE ( 'NONE', #2028, 2.000000000000001776 ) ;
#521 = ORIENTED_EDGE ( 'NONE', *, *, #2398, .F. ) ;
#522 = CIRCLE ( 'NONE', #1378, 11.50000000000001066 ) ;
#523 = VERTEX_POINT ( 'NONE', #1181 ) ;
#524 = DIRECTION ( 'NONE',  ( -0.000000000000000000, -0.000000000000000000, 1.000000000000000000 ) ) ;
#525 = ORIENTED_EDGE ( 'NONE', *, *, #3507, .T. ) ;
#526 = VERTEX_POINT ( 'NONE', #1465 ) ;
#527 = CARTESIAN_POINT ( 'NONE',  ( -316.9771186325385202, 303.1159884794924437, 17.69999999999999929 ) ) ;
#528 = ORIENTED_EDGE ( 'NONE', *, *, #2324, .T. ) ;
#529 = DIRECTION ( 'NONE',  ( 0.000000000000000000, 0.000000000000000000, -1.000000000000000000 ) ) ;
#530 = DIRECTION ( 'NONE',  ( -0.000000000000000000, -0.000000000000000000, 1.000000000000000000 ) ) ;
#531 = EDGE_CURVE ( 'NONE', #1829, #1580, #3552, .T. ) ;
#532 = CARTESIAN_POINT ( 'NONE',  ( -197.6224767234914168, 230.9067898263999439, 17.69999999999999929 ) ) ;
#533 = EDGE_CURVE ( 'NONE', #167, #1087, #1236, .T. ) ;
#534 = EDGE_LOOP ( 'NONE', ( #1952, #368, #1491, #3023 ) ) ;
#535 = EDGE_LOOP ( 'NONE', ( #3032, #2774, #363, #2479 ) ) ;
#536 = CARTESIAN_POINT ( 'NONE',  ( -194.6224767234914168, 303.1159884794924437, 17.69999999999999929 ) ) ;
#537 = ORIENTED_EDGE ( 'NONE', *, *, #3146, .F. ) ;
#538 = DIRECTION ( 'NONE',  ( 0.000000000000000000, 0.000000000000000000, -1.000000000000000000 ) ) ;
#539 = ORIENTED_EDGE ( 'NONE', *, *, #1257, .T. ) ;
#540 = CARTESIAN_POINT ( 'NONE',  ( -188.6109892263183667, 224.8951998256236209, 21.00000000000000000 ) ) ;
#541 = CARTESIAN_POINT ( 'NONE',  ( -258.2997976780149543, 274.0113891529462080, 3.000000000000000000 ) ) ;
#542 = CARTESIAN_POINT ( 'NONE',  ( -197.8553824228612825, 303.1159884794924437, 0.000000000000000000 ) ) ;
#543 = CARTESIAN_POINT ( 'NONE',  ( -197.6224767234914168, 303.1159884794924437, 17.69999999999999929 ) ) ;
#544 = ORIENTED_EDGE ( 'NONE', *, *, #1530, .T. ) ;
#545 = EDGE_CURVE ( 'NONE', #2571, #2739, #2684, .T. ) ;
#546 = EDGE_CURVE ( 'NONE', #2965, #2275, #854, .T. ) ;
#547 = ORIENTED_EDGE ( 'NONE', *, *, #3695, .F. ) ;
#548 = LINE ( 'NONE', #2350, #511 ) ;
#549 = ORIENTED_EDGE ( 'NONE', *, *, #897, .F. ) ;
#550 = CIRCLE ( 'NONE', #3042, 3.000000000000002665 ) ;
#551 = DIRECTION ( 'NONE',  ( -1.000000000000000000, 1.716930969985244098E-14, 0.000000000000000000 ) ) ;
#552 = CIRCLE ( 'NONE', #2568, 1.482348964793822610 ) ;
#553 = DIRECTION ( 'NONE',  ( 0.000000000000000000, 0.000000000000000000, -1.000000000000000000 ) ) ;
#554 = VERTEX_POINT ( 'NONE', #3221 ) ;
#555 = LINE ( 'NONE', #1718, #691 ) ;
#556 = DIRECTION ( 'NONE',  ( 1.000000000000000000, -0.000000000000000000, 0.000000000000000000 ) ) ;
#557 = AXIS2_PLACEMENT_3D ( 'NONE', #419, #2168, #1593 ) ;
#558 = VECTOR ( 'NONE', #2526, 1000.000000000000000 ) ;
#559 = FACE_OUTER_BOUND ( 'NONE', #1342, .T. ) ;
#560 = DIRECTION ( 'NONE',  ( -0.000000000000000000, 0.000000000000000000, -1.000000000000000000 ) ) ;
#561 = CARTESIAN_POINT ( 'NONE',  ( -261.8619755045060629, 263.5113891529462080, 4.000000000000000000 ) ) ;
#562 = DIRECTION ( 'NONE',  ( 1.000000000000000000, 0.000000000000000000, 0.000000000000000000 ) ) ;
#563 = AXIS2_PLACEMENT_3D ( 'NONE', #3688, #3096, #1382 ) ;
#564 = CIRCLE ( 'NONE', #2336, 1.482348964793822610 ) ;
#565 = VECTOR ( 'NONE', #224, 1000.000000000000114 ) ;
#566 = DIRECTION ( 'NONE',  ( 0.000000000000000000, 0.000000000000000000, -1.000000000000000000 ) ) ;
#567 = EDGE_LOOP ( 'NONE', ( #2873, #1698 ) ) ;
#568 = AXIS2_PLACEMENT_3D ( 'NONE', #1508, #2090, #1524 ) ;
#569 = AXIS2_PLACEMENT_3D ( 'NONE', #310, #27, #2894 ) ;
#570 = EDGE_LOOP ( 'NONE', ( #677, #3344, #792, #3011 ) ) ;
#571 = CARTESIAN_POINT ( 'NONE',  ( -315.4842457447411448, 230.9067898263999439, 17.69999999999999929 ) ) ;
#572 = VERTEX_POINT ( 'NONE', #622 ) ;
#573 = ADVANCED_FACE ( 'NONE', ( #2089, #1805 ), #701, .T. ) ;
#574 = CIRCLE ( 'NONE', #2707, 1.492872887797369597 ) ;
#575 = EDGE_CURVE ( 'NONE', #1186, #1916, #2796, .T. ) ;
#576 = DIRECTION ( 'NONE',  ( -1.000000000000000000, 0.000000000000000000, 0.000000000000000000 ) ) ;
#577 = VERTEX_POINT ( 'NONE', #2175 ) ;
#578 = EDGE_CURVE ( 'NONE', #2803, #1272, #2075, .T. ) ;
#579 = EDGE_CURVE ( 'NONE', #1009, #1851, #3054, .T. ) ;
#580 = LINE ( 'NONE', #2062, #2523 ) ;
#581 = DIRECTION ( 'NONE',  ( 0.000000000000000000, 0.000000000000000000, -1.000000000000000000 ) ) ;
#582 = ORIENTED_EDGE ( 'NONE', *, *, #3695, .T. ) ;
#583 = DIRECTION ( 'NONE',  ( -0.000000000000000000, 0.000000000000000000, 1.000000000000000000 ) ) ;
#584 = DIRECTION ( 'NONE',  ( 0.000000000000000000, -0.000000000000000000, -1.000000000000000000 ) ) ;
#585 = CARTESIAN_POINT ( 'NONE',  ( -252.2376198515239309, 263.5113891529462080, -3.000000000000000000 ) ) ;
#586 = DIRECTION ( 'NONE',  ( -1.000000000000000000, 0.000000000000000000, 0.000000000000000000 ) ) ;
#587 = VERTEX_POINT ( 'NONE', #1843 ) ;
#588 = LINE ( 'NONE', #571, #3541 ) ;
#589 = VERTEX_POINT ( 'NONE', #3360 ) ;
#590 = DIRECTION ( 'NONE',  ( -0.5000000000000041078, -0.8660254037844362651, 0.000000000000000000 ) ) ;
#591 = PLANE ( 'NONE',  #1606 ) ;
#592 = CARTESIAN_POINT ( 'NONE',  ( -310.9771186325385202, 303.1159884794924437, 4.000000000000000000 ) ) ;
#593 = VERTEX_POINT ( 'NONE', #1275 ) ;
#594 = CARTESIAN_POINT ( 'NONE',  ( -188.6109892263183667, 307.1275784802687667, 21.00000000000000000 ) ) ;
#595 = ADVANCED_FACE ( 'NONE', ( #3586 ), #2661, .F. ) ;
#596 = EDGE_CURVE ( 'NONE', #206, #2857, #3591, .T. ) ;
#597 = PLANE ( 'NONE',  #3725 ) ;
#598 = DIRECTION ( 'NONE',  ( -1.000000000000000000, 0.000000000000000000, 0.000000000000000000 ) ) ;
#599 = ORIENTED_EDGE ( 'NONE', *, *, #1210, .T. ) ;
#600 = DIRECTION ( 'NONE',  ( -1.000000000000000000, 0.000000000000000000, 0.000000000000000000 ) ) ;
#601 = CARTESIAN_POINT ( 'NONE',  ( -189.9109892263183497, 309.8275784802687554, 18.00000000000000355 ) ) ;
#602 = DIRECTION ( 'NONE',  ( 0.000000000000000000, 0.000000000000000000, -1.000000000000000000 ) ) ;
#603 = DIRECTION ( 'NONE',  ( 0.000000000000000000, 0.000000000000000000, 1.000000000000000000 ) ) ;
#604 = PLANE ( 'NONE',  #1788 ) ;
#605 = VERTEX_POINT ( 'NONE', #2065 ) ;
#606 = EDGE_LOOP ( 'NONE', ( #2310, #3652, #1681, #1032 ) ) ;
#607 = CARTESIAN_POINT ( 'NONE',  ( -322.9886061297115702, 309.1275784802687667, 21.00000000000000000 ) ) ;
#608 = ORIENTED_EDGE ( 'NONE', *, *, #897, .T. ) ;
#609 = DIRECTION ( 'NONE',  ( 1.000000000000000000, 0.000000000000000000, 0.000000000000000000 ) ) ;
#610 = DIRECTION ( 'NONE',  ( 0.000000000000000000, 0.000000000000000000, -1.000000000000000000 ) ) ;
#611 = EDGE_LOOP ( 'NONE', ( #1624, #2177, #2822, #1821 ) ) ;
#612 = LINE ( 'NONE', #1211, #37 ) ;
#613 = VECTOR ( 'NONE', #1139, 1000.000000000000114 ) ;
#614 = DIRECTION ( 'NONE',  ( -0.000000000000000000, -0.000000000000000000, 1.000000000000000000 ) ) ;
#615 = CARTESIAN_POINT ( 'NONE',  ( -196.2388016691302823, 305.9159884794923983, 0.000000000000000000 ) ) ;
#616 = EDGE_LOOP ( 'NONE', ( #1130, #1746, #1322, #2988 ) ) ;
#617 = CIRCLE ( 'NONE', #2015, 3.500000000000003109 ) ;
#618 = DIRECTION ( 'NONE',  ( 0.000000000000000000, 0.000000000000000000, -1.000000000000000000 ) ) ;
#619 = EDGE_CURVE ( 'NONE', #587, #96, #146, .T. ) ;
#620 = EDGE_CURVE ( 'NONE', #2751, #1016, #3109, .T. ) ;
#621 = VECTOR ( 'NONE', #2412, 1000.000000000000000 ) ;
#622 = CARTESIAN_POINT ( 'NONE',  ( -319.9771186325385202, 230.9067898263999439, 7.000000000000000888 ) ) ;
#623 = CARTESIAN_POINT ( 'NONE',  ( -189.9109892263183497, 224.1951998256236038, 18.00000000000000355 ) ) ;
#624 = EDGE_LOOP ( 'NONE', ( #2734, #304, #10, #2670 ) ) ;
#625 = LINE ( 'NONE', #1791, #2889 ) ;
#626 = AXIS2_PLACEMENT_3D ( 'NONE', #1127, #1917, #35 ) ;
#627 = AXIS2_PLACEMENT_3D ( 'NONE', #1040, #3338, #756 ) ;
#628 = VECTOR ( 'NONE', #2761, 1000.000000000000227 ) ;
#629 = ORIENTED_EDGE ( 'NONE', *, *, #1734, .F. ) ;
#630 = LINE ( 'NONE', #1145, #749 ) ;
#631 = ORIENTED_EDGE ( 'NONE', *, *, #2904, .F. ) ;
#632 = AXIS2_PLACEMENT_3D ( 'NONE', #1960, #2250, #1671 ) ;
#633 = CIRCLE ( 'NONE', #3721, 2.000000000000001776 ) ;
#634 = AXIS2_PLACEMENT_3D ( 'NONE', #2467, #3329, #1557 ) ;
#635 = VECTOR ( 'NONE', #237, 1000.000000000000000 ) ;
#636 = DIRECTION ( 'NONE',  ( -0.000000000000000000, -0.000000000000000000, 1.000000000000000000 ) ) ;
#637 = ORIENTED_EDGE ( 'NONE', *, *, #1209, .T. ) ;
#638 = FACE_BOUND ( 'NONE', #2270, .T. ) ;
#639 = CARTESIAN_POINT ( 'NONE',  ( -259.3619755045060629, 263.5113891529462080, 0.000000000000000000 ) ) ;
#640 = ORIENTED_EDGE ( 'NONE', *, *, #1140, .F. ) ;
#641 = DIRECTION ( 'NONE',  ( -1.000000000000000000, -1.716930969985303105E-14, 0.000000000000000000 ) ) ;
#642 = DIRECTION ( 'NONE',  ( 0.000000000000000000, 0.000000000000000000, 1.000000000000000000 ) ) ;
#643 = ADVANCED_FACE ( 'NONE', ( #105 ), #3030, .T. ) ;
#644 = DIRECTION ( 'NONE',  ( 0.000000000000000000, 0.000000000000000000, -1.000000000000000000 ) ) ;
#645 = ORIENTED_EDGE ( 'NONE', *, *, #1935, .T. ) ;
#646 = EDGE_CURVE ( 'NONE', #3270, #390, #2934, .T. ) ;
#647 = EDGE_CURVE ( 'NONE', #999, #448, #2185, .T. ) ;
#648 = FACE_OUTER_BOUND ( 'NONE', #2619, .T. ) ;
#649 = VERTEX_POINT ( 'NONE', #3601 ) ;
#650 = ORIENTED_EDGE ( 'NONE', *, *, #2876, .T. ) ;
#651 = LINE ( 'NONE', #395, #2691 ) ;
#652 = EDGE_LOOP ( 'NONE', ( #1883, #3207 ) ) ;
#653 = CARTESIAN_POINT ( 'NONE',  ( -196.2388016691299413, 228.1068630152645085, 2.000000000000000000 ) ) ;
#654 = DIRECTION ( 'NONE',  ( 0.000000000000000000, -0.000000000000000000, 1.000000000000000000 ) ) ;
#655 = ORIENTED_EDGE ( 'NONE', *, *, #1514, .F. ) ;
#656 = DIRECTION ( 'NONE',  ( 0.4999999999999801825, -0.8660254037844501429, 0.000000000000000000 ) ) ;
#657 = CARTESIAN_POINT ( 'NONE',  ( -316.9771186325385202, 230.9067898263999439, 17.69999999999999929 ) ) ;
#658 = DIRECTION ( 'NONE',  ( 0.000000000000000000, 0.000000000000000000, -1.000000000000000000 ) ) ;
#659 = ORIENTED_EDGE ( 'NONE', *, *, #2834, .T. ) ;
#660 = ORIENTED_EDGE ( 'NONE', *, *, #255, .F. ) ;
#661 = LINE ( 'NONE', #1890, #2879 ) ;
#662 = ORIENTED_EDGE ( 'NONE', *, *, #1071, .T. ) ;
#663 = FILL_AREA_STYLE_COLOUR ( '', #397 ) ;
#664 = ADVANCED_FACE ( 'NONE', ( #2771 ), #174, .F. ) ;
#665 = EDGE_CURVE ( 'NONE', #1016, #36, #2322, .T. ) ;
#666 = VERTEX_POINT ( 'NONE', #3317 ) ;
#667 = DIRECTION ( 'NONE',  ( 0.000000000000000000, 0.000000000000000000, -1.000000000000000000 ) ) ;
#668 = ORIENTED_EDGE ( 'NONE', *, *, #2554, .T. ) ;
#669 = LINE ( 'NONE', #398, #3174 ) ;
#670 = CARTESIAN_POINT ( 'NONE',  ( -187.9109892263183497, 307.8275784802687554, 18.00000000000000355 ) ) ;
#671 = DIRECTION ( 'NONE',  ( 0.000000000000000000, 0.000000000000000000, -1.000000000000000000 ) ) ;
#672 = ORIENTED_EDGE ( 'NONE', *, *, #1112, .F. ) ;
#673 = DIRECTION ( 'NONE',  ( 0.4999999999999950595, 0.8660254037844414832, 0.000000000000000000 ) ) ;
#674 = DIRECTION ( 'NONE',  ( -1.000000000000000000, 0.000000000000000000, 0.000000000000000000 ) ) ;
#675 = AXIS2_PLACEMENT_3D ( 'NONE', #2900, #3459, #2940 ) ;
#676 = CARTESIAN_POINT ( 'NONE',  ( -316.9771186325385770, 230.9068630152645198, 15.00000000000000000 ) ) ;
#677 = ORIENTED_EDGE ( 'NONE', *, *, #2886, .F. ) ;
#678 = VECTOR ( 'NONE', #420, 1000.000000000000000 ) ;
#679 = CARTESIAN_POINT ( 'NONE',  ( -261.8619755045060629, 263.5113891529462080, 4.000000000000000000 ) ) ;
#680 = VERTEX_POINT ( 'NONE', #3334 ) ;
#681 = AXIS2_PLACEMENT_3D ( 'NONE', #875, #2874, #2290 ) ;
#682 = CARTESIAN_POINT ( 'NONE',  ( -186.6109892263183667, 224.8951998256236209, 0.000000000000000000 ) ) ;
#683 = DIRECTION ( 'NONE',  ( 0.000000000000000000, 1.000000000000000000, 0.000000000000000000 ) ) ;
#684 = AXIS2_PLACEMENT_3D ( 'NONE', #561, #1653, #3133 ) ;
#685 = VECTOR ( 'NONE', #3589, 1000.000000000000000 ) ;
#686 = ORIENTED_EDGE ( 'NONE', *, *, #3368, .T. ) ;
#687 = EDGE_CURVE ( 'NONE', #3513, #1705, #3624, .T. ) ;
#688 = DIRECTION ( 'NONE',  ( 0.000000000000000000, 0.000000000000000000, -1.000000000000000000 ) ) ;
#689 = EDGE_LOOP ( 'NONE', ( #2340, #1738, #3501, #3466, #2809, #1051 ) ) ;
#690 = CIRCLE ( 'NONE', #1552, 2.000000000000001776 ) ;
#691 = VECTOR ( 'NONE', #3683, 1000.000000000000000 ) ;
#692 = AXIS2_PLACEMENT_3D ( 'NONE', #2941, #1456, #2596 ) ;
#693 = CARTESIAN_POINT ( 'NONE',  ( -255.7997976780149827, 274.0113891529462080, 3.000000000000000000 ) ) ;
#694 = EDGE_CURVE ( 'NONE', #818, #3313, #3640, .T. ) ;
#695 = PLANE ( 'NONE',  #3357 ) ;
#696 = ADVANCED_FACE ( 'NONE', ( #1022 ), #3014, .F. ) ;
#697 = EDGE_LOOP ( 'NONE', ( #1817, #2197, #1541, #2295 ) ) ;
#698 = CARTESIAN_POINT ( 'NONE',  ( -276.6109892263183383, 218.2931405177996567, 21.00000000000000000 ) ) ;
#699 = LINE ( 'NONE', #3034, #3170 ) ;
#700 = VECTOR ( 'NONE', #2926, 1000.000000000000000 ) ;
#701 = PLANE ( 'NONE',  #264 ) ;
#702 = ORIENTED_EDGE ( 'NONE', *, *, #171, .T. ) ;
#703 = ORIENTED_EDGE ( 'NONE', *, *, #2315, .T. ) ;
#704 = CARTESIAN_POINT ( 'NONE',  ( -316.9771186325385202, 303.1159884794924437, 4.000000000000000000 ) ) ;
#705 = ORIENTED_EDGE ( 'NONE', *, *, #2441, .F. ) ;
#706 = CARTESIAN_POINT ( 'NONE',  ( 0.000000000000000000, 0.000000000000000000, 0.000000000000000000 ) ) ;
#707 = ORIENTED_EDGE ( 'NONE', *, *, #2022, .T. ) ;
#708 = CARTESIAN_POINT ( 'NONE',  ( -191.6224767234914168, 230.9067898263999439, 17.69999999999999929 ) ) ;
#709 = CARTESIAN_POINT ( 'NONE',  ( -253.2376198515239309, 263.5113891529462080, 4.000000000000000000 ) ) ;
#710 = ORIENTED_EDGE ( 'NONE', *, *, #1737, .F. ) ;
#711 = DIRECTION ( 'NONE',  ( 0.000000000000000000, 1.000000000000000000, 0.000000000000000000 ) ) ;
#712 = DIRECTION ( 'NONE',  ( -0.000000000000000000, -0.000000000000000000, -1.000000000000000000 ) ) ;
#713 = ADVANCED_FACE ( 'NONE', ( #2203 ), #2714, .T. ) ;
#714 = EDGE_CURVE ( 'NONE', #593, #2212, #2572, .T. ) ;
#715 =( NAMED_UNIT ( * ) PLANE_ANGLE_UNIT ( ) SI_UNIT ( $, .RADIAN. ) );
#716 = DIRECTION ( 'NONE',  ( 0.000000000000000000, 0.000000000000000000, 1.000000000000000000 ) ) ;
#717 = ORIENTED_EDGE ( 'NONE', *, *, #1676, .T. ) ;
#718 = DIRECTION ( 'NONE',  ( 0.000000000000000000, 1.000000000000000000, 0.000000000000000000 ) ) ;
#719 = DIRECTION ( 'NONE',  ( 1.000000000000000000, 0.000000000000000000, 0.000000000000000000 ) ) ;
#720 = DIRECTION ( 'NONE',  ( 0.000000000000000000, 0.000000000000000000, -1.000000000000000000 ) ) ;
#721 = ORIENTED_EDGE ( 'NONE', *, *, #409, .F. ) ;
#722 = DIRECTION ( 'NONE',  ( 0.000000000000000000, -1.000000000000000000, 0.000000000000000000 ) ) ;
#723 = ORIENTED_EDGE ( 'NONE', *, *, #173, .T. ) ;
#724 = CARTESIAN_POINT ( 'NONE',  ( -194.6224767234914168, 303.1159884794924437, 6.999999999999999112 ) ) ;
#725 = FACE_OUTER_BOUND ( 'NONE', #3253, .T. ) ;
#726 = CARTESIAN_POINT ( 'NONE',  ( -324.9886061297115702, 224.8951998256236209, 21.00000000000000000 ) ) ;
#727 = ORIENTED_EDGE ( 'NONE', *, *, #3135, .F. ) ;
#728 = DIRECTION ( 'NONE',  ( -0.000000000000000000, -0.000000000000000000, 1.000000000000000000 ) ) ;
#729 = PLANE ( 'NONE',  #1973 ) ;
#730 = DIRECTION ( 'NONE',  ( -0.000000000000000000, 0.000000000000000000, 1.000000000000000000 ) ) ;
#731 = FACE_OUTER_BOUND ( 'NONE', #3597, .T. ) ;
#732 = EDGE_CURVE ( 'NONE', #1528, #2978, #378, .T. ) ;
#733 = AXIS2_PLACEMENT_3D ( 'NONE', #2127, #1803, #347 ) ;
#734 = ADVANCED_FACE ( 'NONE', ( #1922 ), #2749, .F. ) ;
#735 = AXIS2_PLACEMENT_3D ( 'NONE', #2084, #1326, #1822 ) ;
#736 = CYLINDRICAL_SURFACE ( 'NONE', #1227, 1.492872887797314085 ) ;
#737 = VERTEX_POINT ( 'NONE', #2694 ) ;
#738 = PLANE ( 'NONE',  #1303 ) ;
#739 = EDGE_CURVE ( 'NONE', #1985, #3622, #138, .T. ) ;
#740 = DIRECTION ( 'NONE',  ( 0.000000000000000000, -0.000000000000000000, 1.000000000000000000 ) ) ;
#741 = EDGE_CURVE ( 'NONE', #1324, #3680, #3274, .T. ) ;
#742 = VERTEX_POINT ( 'NONE', #19 ) ;
#743 = AXIS2_PLACEMENT_3D ( 'NONE', #867, #1216, #890 ) ;
#744 = AXIS2_PLACEMENT_3D ( 'NONE', #3563, #1882, #3355 ) ;
#745 = ORIENTED_EDGE ( 'NONE', *, *, #173, .F. ) ;
#746 = CARTESIAN_POINT ( 'NONE',  ( -323.6886061297115589, 307.8275784802687554, 21.00000000000000000 ) ) ;
#747 = ORIENTED_EDGE ( 'NONE', *, *, #1094, .F. ) ;
#748 = FACE_OUTER_BOUND ( 'NONE', #1799, .T. ) ;
#749 = VECTOR ( 'NONE', #3191, 1000.000000000000114 ) ;
#750 = DIRECTION ( 'NONE',  ( -0.000000000000000000, -1.000000000000000000, -0.000000000000000000 ) ) ;
#751 = AXIS2_PLACEMENT_3D ( 'NONE', #1720, #774, #1945 ) ;
#752 = AXIS2_PLACEMENT_3D ( 'NONE', #2381, #1852, #719 ) ;
#753 = DIRECTION ( 'NONE',  ( 0.000000000000000000, 0.000000000000000000, -1.000000000000000000 ) ) ;
#754 = VERTEX_POINT ( 'NONE', #3512 ) ;
#755 = CARTESIAN_POINT ( 'NONE',  ( -261.8619755045060629, 263.5113891529462080, 0.000000000000000000 ) ) ;
#756 = DIRECTION ( 'NONE',  ( 1.000000000000000000, 0.000000000000000000, 0.000000000000000000 ) ) ;
#757 = CIRCLE ( 'NONE', #1613, 1.507070184150943737 ) ;
#758 = VECTOR ( 'NONE', #673, 1000.000000000000000 ) ;
#759 = FACE_OUTER_BOUND ( 'NONE', #1436, .T. ) ;
#760 = VECTOR ( 'NONE', #2111, 1000.000000000000114 ) ;
#761 = ORIENTED_EDGE ( 'NONE', *, *, #1861, .T. ) ;
#762 = VERTEX_POINT ( 'NONE', #1757 ) ;
#763 = CARTESIAN_POINT ( 'NONE',  ( -267.2997976780150111, 267.0113891529462080, -3.000000000000000000 ) ) ;
#764 = EDGE_LOOP ( 'NONE', ( #710, #1637, #3283, #1632 ) ) ;
#765 = EDGE_CURVE ( 'NONE', #593, #1556, #3216, .T. ) ;
#766 = ADVANCED_FACE ( 'NONE', ( #2104 ), #3239, .T. ) ;
#767 = ORIENTED_EDGE ( 'NONE', *, *, #3088, .T. ) ;
#768 = LINE ( 'NONE', #3705, #558 ) ;
#769 = VERTEX_POINT ( 'NONE', #3490 ) ;
#770 = ORIENTED_EDGE ( 'NONE', *, *, #2323, .F. ) ;
#771 = CARTESIAN_POINT ( 'NONE',  ( -193.0056401616682251, 300.3159884794922618, 2.000000000000000000 ) ) ;
#772 = ORIENTED_EDGE ( 'NONE', *, *, #2719, .F. ) ;
#773 = DIRECTION ( 'NONE',  ( 0.000000000000000000, 0.000000000000000000, -1.000000000000000000 ) ) ;
#774 = DIRECTION ( 'NONE',  ( 0.000000000000000000, -0.000000000000000000, 1.000000000000000000 ) ) ;
#775 = DIRECTION ( 'NONE',  ( -1.000000000000000000, 0.000000000000000000, 0.000000000000000000 ) ) ;
#776 = ORIENTED_EDGE ( 'NONE', *, *, #1443, .F. ) ;
#777 = FACE_OUTER_BOUND ( 'NONE', #3210, .T. ) ;
#778 = CARTESIAN_POINT ( 'NONE',  ( -323.6886061297115589, 226.1951998256236038, 18.00000000000000355 ) ) ;
#779 = VERTEX_POINT ( 'NONE', #1820 ) ;
#780 = EDGE_LOOP ( 'NONE', ( #893, #208, #3635, #823 ) ) ;
#781 = DIRECTION ( 'NONE',  ( 0.000000000000000000, -0.000000000000000000, -1.000000000000000000 ) ) ;
#782 = ORIENTED_EDGE ( 'NONE', *, *, #1584, .F. ) ;
#783 = EDGE_CURVE ( 'NONE', #1641, #3202, #379, .T. ) ;
#784 = EDGE_CURVE ( 'NONE', #2919, #3605, #387, .T. ) ;
#785 = ORIENTED_EDGE ( 'NONE', *, *, #2989, .T. ) ;
#786 = CARTESIAN_POINT ( 'NONE',  ( 0.000000000000000000, 223.5951998256236095, 21.00000000000000000 ) ) ;
#787 = ORIENTED_EDGE ( 'NONE', *, *, #1159, .F. ) ;
#788 = CARTESIAN_POINT ( 'NONE',  ( -304.6109892263183383, 224.1951998256236038, 18.00000000000000355 ) ) ;
#789 = CARTESIAN_POINT ( 'NONE',  ( -189.3109892263183553, 310.4275784802688349, 21.00000000000000000 ) ) ;
#790 = CARTESIAN_POINT ( 'NONE',  ( -316.9771186325385202, 303.1159884794924437, 15.00000000000000000 ) ) ;
#791 = DIRECTION ( 'NONE',  ( -0.000000000000000000, -0.000000000000000000, -1.000000000000000000 ) ) ;
#792 = ORIENTED_EDGE ( 'NONE', *, *, #2995, .T. ) ;
#793 = VECTOR ( 'NONE', #641, 1000.000000000000000 ) ;
#794 = ORIENTED_EDGE ( 'NONE', *, *, #2740, .T. ) ;
#795 = AXIS2_PLACEMENT_3D ( 'NONE', #3214, #614, #2411 ) ;
#796 = DIRECTION ( 'NONE',  ( -1.000000000000000000, 0.000000000000000000, 0.000000000000000000 ) ) ;
#797 = ORIENTED_EDGE ( 'NONE', *, *, #1189, .T. ) ;
#798 = CIRCLE ( 'NONE', #1602, 2.500000000000002220 ) ;
#799 = PRODUCT_DEFINITION ( 'UNKNOWN', '', #3671, #2459 ) ;
#800 = ORIENTED_EDGE ( 'NONE', *, *, #2813, .T. ) ;
#801 = CARTESIAN_POINT ( 'NONE',  ( 0.000000000000000000, 0.000000000000000000, 21.00000000000000000 ) ) ;
#802 = DIRECTION ( 'NONE',  ( -0.000000000000000000, -0.000000000000000000, -1.000000000000000000 ) ) ;
#803 = AXIS2_PLACEMENT_3D ( 'NONE', #1248, #2712, #2410 ) ;
#804 = PLANE ( 'NONE',  #632 ) ;
#805 = AXIS2_PLACEMENT_3D ( 'NONE', #423, #407, #2477 ) ;
#806 = EDGE_CURVE ( 'NONE', #432, #2187, #886, .T. ) ;
#807 = AXIS2_PLACEMENT_3D ( 'NONE', #335, #1204, #1470 ) ;
#808 = EDGE_CURVE ( 'NONE', #2026, #999, #49, .T. ) ;
#809 = CARTESIAN_POINT ( 'NONE',  ( -187.9109892263183497, 226.1951998256236038, 18.00000000000000355 ) ) ;
#810 = AXIS2_PLACEMENT_3D ( 'NONE', #956, #1035, #3314 ) ;
#811 = AXIS2_PLACEMENT_3D ( 'NONE', #2599, #1774, #942 ) ;
#812 = CARTESIAN_POINT ( 'NONE',  ( -320.9886061297115702, 309.1275784802687667, 21.00000000000000000 ) ) ;
#813 = VECTOR ( 'NONE', #683, 1000.000000000000000 ) ;
#814 = TOROIDAL_SURFACE ( 'NONE', #519, 3.500000000000022649, 1.000000000000000000 ) ;
#815 = CARTESIAN_POINT ( 'NONE',  ( -255.7997976780149827, 267.0113891529462080, 0.000000000000000000 ) ) ;
#816 = ORIENTED_EDGE ( 'NONE', *, *, #3341, .T. ) ;
#817 = DIRECTION ( 'NONE',  ( -1.000000000000000000, 0.000000000000000000, 0.000000000000000000 ) ) ;
#818 = VERTEX_POINT ( 'NONE', #1615 ) ;
#819 = FACE_OUTER_BOUND ( 'NONE', #3384, .T. ) ;
#820 = EDGE_LOOP ( 'NONE', ( #3105, #1910, #1758, #1056 ) ) ;
#821 = ORIENTED_EDGE ( 'NONE', *, *, #2886, .T. ) ;
#822 = LINE ( 'NONE', #1685, #1776 ) ;
#823 = ORIENTED_EDGE ( 'NONE', *, *, #3368, .F. ) ;
#824 = LINE ( 'NONE', #2006, #3003 ) ;
#825 = LINE ( 'NONE', #3145, #2395 ) ;
#826 = CARTESIAN_POINT ( 'NONE',  ( -304.6109892263183383, 223.5951998256236095, 18.00000000000000355 ) ) ;
#827 = EDGE_CURVE ( 'NONE', #2739, #863, #1863, .T. ) ;
#828 = EDGE_CURVE ( 'NONE', #489, #2783, #2430, .T. ) ;
#829 = FACE_OUTER_BOUND ( 'NONE', #1477, .T. ) ;
#830 = ORIENTED_EDGE ( 'NONE', *, *, #2302, .T. ) ;
#831 = LINE ( 'NONE', #273, #1558 ) ;
#832 = ADVANCED_FACE ( 'NONE', ( #2492 ), #3582, .T. ) ;
#833 = VERTEX_POINT ( 'NONE', #1897 ) ;
#834 = DIRECTION ( 'NONE',  ( 0.000000000000000000, 0.000000000000000000, -1.000000000000000000 ) ) ;
#835 = VERTEX_POINT ( 'NONE', #3015 ) ;
#836 = DIRECTION ( 'NONE',  ( -0.000000000000000000, -0.000000000000000000, 1.000000000000000000 ) ) ;
#837 = FACE_OUTER_BOUND ( 'NONE', #2854, .T. ) ;
#838 = ORIENTED_EDGE ( 'NONE', *, *, #307, .T. ) ;
#839 = DIRECTION ( 'NONE',  ( 0.000000000000000000, 0.000000000000000000, -1.000000000000000000 ) ) ;
#840 = CARTESIAN_POINT ( 'NONE',  ( -324.2886061297115816, 225.5951998256236095, 21.00000000000000000 ) ) ;
#841 = DIRECTION ( 'NONE',  ( 1.000000000000000000, 1.716930969985303105E-14, 0.000000000000000000 ) ) ;
#842 = ORIENTED_EDGE ( 'NONE', *, *, #2285, .T. ) ;
#843 = ADVANCED_FACE ( 'NONE', ( #3642 ), #1579, .T. ) ;
#844 = ADVANCED_FACE ( 'NONE', ( #3048 ), #2143, .T. ) ;
#845 = CARTESIAN_POINT ( 'NONE',  ( -196.2388016691302823, 305.9159884794923983, 2.000000000000000000 ) ) ;
#846 = CARTESIAN_POINT ( 'NONE',  ( -193.0056401616681683, 228.1068630152645085, 2.000000000000000000 ) ) ;
#847 = EDGE_CURVE ( 'NONE', #2360, #432, #477, .T. ) ;
#848 = EDGE_CURVE ( 'NONE', #1502, #742, #124, .T. ) ;
#849 = ORIENTED_EDGE ( 'NONE', *, *, #2887, .F. ) ;
#850 = FACE_OUTER_BOUND ( 'NONE', #1413, .T. ) ;
#851 = ORIENTED_EDGE ( 'NONE', *, *, #1090, .T. ) ;
#852 = AXIS2_PLACEMENT_3D ( 'NONE', #85, #3241, #3278 ) ;
#853 = CARTESIAN_POINT ( 'NONE',  ( -197.6224767234914168, 303.1159884794924437, 17.69999999999999929 ) ) ;
#854 = CIRCLE ( 'NONE', #3533, 1.492872887797369597 ) ;
#855 = CARTESIAN_POINT ( 'NONE',  ( -255.7997976780149827, 274.0113891529462080, -3.000000000000000000 ) ) ;
#856 = CARTESIAN_POINT ( 'NONE',  ( -313.7439571250765198, 303.1159884794923869, 2.000000000000000000 ) ) ;
#857 = ORIENTED_EDGE ( 'NONE', *, *, #1279, .F. ) ;
#858 = CARTESIAN_POINT ( 'NONE',  ( -324.9886061297115702, 309.1275784802687667, 21.00000000000000000 ) ) ;
#859 = DIRECTION ( 'NONE',  ( 0.000000000000000000, -0.000000000000000000, 1.000000000000000000 ) ) ;
#860 = AXIS2_PLACEMENT_3D ( 'NONE', #3073, #1631, #2124 ) ;
#861 = CIRCLE ( 'NONE', #1362, 2.000000000000001776 ) ;
#862 = DIRECTION ( 'NONE',  ( -0.000000000000000000, -0.000000000000000000, -1.000000000000000000 ) ) ;
#863 = VERTEX_POINT ( 'NONE', #1923 ) ;
#864 = CARTESIAN_POINT ( 'NONE',  ( -320.2102801400004637, 303.1159884794923300, 2.000000000000000000 ) ) ;
#865 = AXIS2_PLACEMENT_3D ( 'NONE', #1201, #2068, #2452 ) ;
#866 = AXIS2_PLACEMENT_3D ( 'NONE', #704, #134, #2709 ) ;
#867 = CARTESIAN_POINT ( 'NONE',  ( -316.9771186325385770, 230.9068630152645198, 15.00000000000000000 ) ) ;
#868 = CYLINDRICAL_SURFACE ( 'NONE', #3365, 2.500000000000002220 ) ;
#869 = CIRCLE ( 'NONE', #1121, 2.000000000000001776 ) ;
#870 = DIRECTION ( 'NONE',  ( 0.000000000000000000, -0.000000000000000000, -1.000000000000000000 ) ) ;
#871 = EDGE_CURVE ( 'NONE', #1111, #3230, #1251, .T. ) ;
#872 = VECTOR ( 'NONE', #7, 1000.000000000000000 ) ;
#873 = AXIS2_PLACEMENT_3D ( 'NONE', #1801, #2964, #920 ) ;
#874 = ORIENTED_EDGE ( 'NONE', *, *, #148, .T. ) ;
#875 = CARTESIAN_POINT ( 'NONE',  ( -315.3605378788074631, 300.3159884794923755, 2.000000000000000000 ) ) ;
#876 = EDGE_LOOP ( 'NONE', ( #421, #631, #289, #1730, #2725, #1365, #318, #1753, #3324, #3689, #938, #2943, #3086, #2802, #797, #723, #2248, #426, #1871, #3080 ) ) ;
#877 = CIRCLE ( 'NONE', #1970, 2.500000000000002220 ) ;
#878 = EDGE_CURVE ( 'NONE', #3377, #1953, #3297, .T. ) ;
#879 = ADVANCED_FACE ( 'NONE', ( #2474 ), #695, .F. ) ;
#880 = CARTESIAN_POINT ( 'NONE',  ( -316.9771186325385202, 230.9067898263999439, 17.69999999999999929 ) ) ;
#881 = DIRECTION ( 'NONE',  ( 0.000000000000000000, 0.000000000000000000, -1.000000000000000000 ) ) ;
#882 = CARTESIAN_POINT ( 'NONE',  ( -188.6109892263183667, 311.1275784802687667, 0.000000000000000000 ) ) ;
#883 = ORIENTED_EDGE ( 'NONE', *, *, #78, .T. ) ;
#884 = FACE_BOUND ( 'NONE', #2745, .T. ) ;
#885 = CARTESIAN_POINT ( 'NONE',  ( -191.3890594079372249, 303.1159884794923300, 2.000000000000000000 ) ) ;
#886 = LINE ( 'NONE', #2050, #3051 ) ;
#887 = ORIENTED_EDGE ( 'NONE', *, *, #808, .T. ) ;
#888 = DIRECTION ( 'NONE',  ( 0.000000000000000000, 0.000000000000000000, 1.000000000000000000 ) ) ;
#889 = DIRECTION ( 'NONE',  ( 0.000000000000000000, -1.000000000000000000, 0.000000000000000000 ) ) ;
#890 = DIRECTION ( 'NONE',  ( -1.000000000000000000, 0.000000000000000000, 0.000000000000000000 ) ) ;
#891 = CARTESIAN_POINT ( 'NONE',  ( -258.3619755045060629, 263.5113891529462080, 4.000000000000000000 ) ) ;
#892 = CARTESIAN_POINT ( 'NONE',  ( -304.6109892263183383, 224.8951998256236209, 21.00000000000000000 ) ) ;
#893 = ORIENTED_EDGE ( 'NONE', *, *, #2396, .F. ) ;
#894 = VERTEX_POINT ( 'NONE', #1008 ) ;
#895 = CYLINDRICAL_SURFACE ( 'NONE', #807, 2.500000000000002220 ) ;
#896 = PLANE ( 'NONE',  #675 ) ;
#897 = EDGE_CURVE ( 'NONE', #3633, #587, #3335, .T. ) ;
#898 = CARTESIAN_POINT ( 'NONE',  ( -315.3605378788074631, 300.3159884794923755, 2.000000000000000000 ) ) ;
#899 = LINE ( 'NONE', #2671, #2872 ) ;
#900 = ADVANCED_FACE ( 'NONE', ( #1037 ), #2326, .T. ) ;
#901 = ORIENTED_EDGE ( 'NONE', *, *, #1256, .F. ) ;
#902 = CARTESIAN_POINT ( 'NONE',  ( -186.6109892263183667, 309.1275784802687667, 0.000000000000000000 ) ) ;
#903 = DIRECTION ( 'NONE',  ( -1.000000000000000000, 0.000000000000000000, 0.000000000000000000 ) ) ;
#904 = CARTESIAN_POINT ( 'NONE',  ( 0.000000000000000000, 0.000000000000000000, 17.69999999999999929 ) ) ;
#905 = EDGE_CURVE ( 'NONE', #158, #1829, #1361, .T. ) ;
#906 = ORIENTED_EDGE ( 'NONE', *, *, #2927, .F. ) ;
#907 = CARTESIAN_POINT ( 'NONE',  ( -276.6109892263183383, 224.1951998256236038, 18.00000000000000355 ) ) ;
#908 = CARTESIAN_POINT ( 'NONE',  ( -253.2997976780149827, 274.0113891529462080, -3.000000000000000000 ) ) ;
#909 = CARTESIAN_POINT ( 'NONE',  ( -189.3109892263183553, 308.4275784802687781, 21.00000000000000000 ) ) ;
#910 = FACE_BOUND ( 'NONE', #3698, .T. ) ;
#911 = EDGE_LOOP ( 'NONE', ( #1827, #228, #2840, #3330 ) ) ;
#912 = DIRECTION ( 'NONE',  ( -0.000000000000000000, 0.000000000000000000, 1.000000000000000000 ) ) ;
#913 = ORIENTED_EDGE ( 'NONE', *, *, #2369, .F. ) ;
#914 = CARTESIAN_POINT ( 'NONE',  ( -318.4699915203358955, 230.9067898263999439, 4.000000000000000000 ) ) ;
#915 = DIRECTION ( 'NONE',  ( -0.5000000000000058842, 0.8660254037844351549, 0.000000000000000000 ) ) ;
#916 = VERTEX_POINT ( 'NONE', #709 ) ;
#917 = LINE ( 'NONE', #1754, #1241 ) ;
#918 = ADVANCED_FACE ( 'NONE', ( #3031 ), #436, .T. ) ;
#919 = AXIS2_PLACEMENT_3D ( 'NONE', #4, #1155, #888 ) ;
#920 = DIRECTION ( 'NONE',  ( 1.000000000000000000, 0.000000000000000000, 0.000000000000000000 ) ) ;
#921 = ORIENTED_EDGE ( 'NONE', *, *, #2302, .F. ) ;
#922 = VECTOR ( 'NONE', #590, 1000.000000000000114 ) ;
#923 = CARTESIAN_POINT ( 'NONE',  ( -249.7376198515239025, 263.5113891529462080, 3.000000000000000000 ) ) ;
#924 = FACE_OUTER_BOUND ( 'NONE', #94, .T. ) ;
#925 = EDGE_CURVE ( 'NONE', #3251, #1991, #2630, .T. ) ;
#926 = EDGE_CURVE ( 'NONE', #330, #1176, #3697, .T. ) ;
#927 = VECTOR ( 'NONE', #67, 1000.000000000000000 ) ;
#928 = CARTESIAN_POINT ( 'NONE',  ( -249.7376198515239025, 263.5113891529462080, 0.000000000000000000 ) ) ;
#929 = EDGE_LOOP ( 'NONE', ( #2238, #3097, #3336, #509 ) ) ;
#930 = LINE ( 'NONE', #1239, #760 ) ;
#931 = VECTOR ( 'NONE', #915, 1000.000000000000114 ) ;
#932 = AXIS2_PLACEMENT_3D ( 'NONE', #3358, #712, #674 ) ;
#933 = VECTOR ( 'NONE', #2782, 1000.000000000000000 ) ;
#934 = CARTESIAN_POINT ( 'NONE',  ( -324.9886061297115702, 309.1275784802687667, 0.000000000000000000 ) ) ;
#935 = ORIENTED_EDGE ( 'NONE', *, *, #409, .T. ) ;
#936 = VECTOR ( 'NONE', #1775, 1000.000000000000000 ) ;
#937 = VECTOR ( 'NONE', #2494, 1000.000000000000114 ) ;
#938 = ORIENTED_EDGE ( 'NONE', *, *, #2958, .F. ) ;
#939 = VECTOR ( 'NONE', #1085, 1000.000000000000000 ) ;
#940 = CARTESIAN_POINT ( 'NONE',  ( -316.9771186325385202, 230.9067898263999439, 7.000000000000000888 ) ) ;
#941 = ORIENTED_EDGE ( 'NONE', *, *, #284, .T. ) ;
#942 = DIRECTION ( 'NONE',  ( -1.000000000000000000, 0.000000000000000000, 0.000000000000000000 ) ) ;
#943 = DIRECTION ( 'NONE',  ( -0.000000000000000000, -0.000000000000000000, -1.000000000000000000 ) ) ;
#944 = VERTEX_POINT ( 'NONE', #1699 ) ;
#945 = DIRECTION ( 'NONE',  ( -1.000000000000000000, 0.000000000000000000, 0.000000000000000000 ) ) ;
#946 = CARTESIAN_POINT ( 'NONE',  ( -316.9771186325385202, 303.1159884794924437, 2.000000000000000000 ) ) ;
#947 = LINE ( 'NONE', #2910, #872 ) ;
#948 = ADVANCED_FACE ( 'NONE', ( #2259 ), #2294, .F. ) ;
#949 = EDGE_CURVE ( 'NONE', #1018, #3506, #1906, .T. ) ;
#950 = EDGE_LOOP ( 'NONE', ( #1074, #2539 ) ) ;
#951 = CARTESIAN_POINT ( 'NONE',  ( -322.2886061297115816, 308.4275784802687781, 21.00000000000000000 ) ) ;
#952 = ORIENTED_EDGE ( 'NONE', *, *, #1814, .F. ) ;
#953 = ORIENTED_EDGE ( 'NONE', *, *, #1889, .T. ) ;
#954 = FACE_BOUND ( 'NONE', #2382, .T. ) ;
#955 = ORIENTED_EDGE ( 'NONE', *, *, #575, .T. ) ;
#956 = CARTESIAN_POINT ( 'NONE',  ( -191.3890594079371681, 230.9068630152645483, 2.000000000000000000 ) ) ;
#957 = DIRECTION ( 'NONE',  ( 1.000000000000000000, 0.000000000000000000, 0.000000000000000000 ) ) ;
#958 = DIRECTION ( 'NONE',  ( -0.000000000000000000, -0.000000000000000000, 1.000000000000000000 ) ) ;
#959 = ORIENTED_EDGE ( 'NONE', *, *, #3316, .F. ) ;
#960 = DIRECTION ( 'NONE',  ( 1.000000000000000000, 0.000000000000000000, 0.000000000000000000 ) ) ;
#961 = DIRECTION ( 'NONE',  ( -0.000000000000000000, -0.000000000000000000, -1.000000000000000000 ) ) ;
#962 = DIRECTION ( 'NONE',  ( -1.000000000000000000, 0.000000000000000000, -0.000000000000000000 ) ) ;
#963 = CYLINDRICAL_SURFACE ( 'NONE', #2343, 1.482348964793822610 ) ;
#964 = VERTEX_POINT ( 'NONE', #2004 ) ;
#965 = EDGE_CURVE ( 'NONE', #336, #3281, #822, .T. ) ;
#966 = EDGE_CURVE ( 'NONE', #2542, #1802, #505, .T. ) ;
#967 = DIRECTION ( 'NONE',  ( 1.000000000000000000, 0.000000000000000000, 0.000000000000000000 ) ) ;
#968 = ORIENTED_EDGE ( 'NONE', *, *, #427, .F. ) ;
#969 = DIRECTION ( 'NONE',  ( 0.000000000000000000, 0.000000000000000000, -1.000000000000000000 ) ) ;
#970 = ORIENTED_EDGE ( 'NONE', *, *, #2737, .F. ) ;
#971 = CARTESIAN_POINT ( 'NONE',  ( -324.2886061297115816, 308.4275784802687781, 21.00000000000000000 ) ) ;
#972 = DIRECTION ( 'NONE',  ( -0.000000000000000000, -0.000000000000000000, -1.000000000000000000 ) ) ;
#973 = ADVANCED_FACE ( 'NONE', ( #2791 ), #1990, .T. ) ;
#974 = EDGE_CURVE ( 'NONE', #1144, #1252, #1081, .T. ) ;
#975 = ORIENTED_EDGE ( 'NONE', *, *, #1607, .F. ) ;
#976 = DIRECTION ( 'NONE',  ( -1.000000000000000000, 0.000000000000000000, -0.000000000000000000 ) ) ;
#977 = VERTEX_POINT ( 'NONE', #492 ) ;
#978 = CARTESIAN_POINT ( 'NONE',  ( -316.9771186325385202, 303.1159884794924437, 2.000000000000000000 ) ) ;
#979 = CARTESIAN_POINT ( 'NONE',  ( -304.6109892263183383, 224.8951998256236209, 21.00000000000000000 ) ) ;
#980 = DIRECTION ( 'NONE',  ( -1.000000000000000000, 1.716930969985303105E-14, 0.000000000000000000 ) ) ;
#981 = DIRECTION ( 'NONE',  ( 1.000000000000000000, 0.000000000000000000, -0.000000000000000000 ) ) ;
#982 = ORIENTED_EDGE ( 'NONE', *, *, #596, .F. ) ;
#983 = DIRECTION ( 'NONE',  ( -0.000000000000000000, -0.000000000000000000, -1.000000000000000000 ) ) ;
#984 = DIRECTION ( 'NONE',  ( -1.000000000000000000, 0.000000000000000000, 0.000000000000000000 ) ) ;
#985 = VECTOR ( 'NONE', #3503, 1000.000000000000000 ) ;
#986 = ORIENTED_EDGE ( 'NONE', *, *, #3286, .F. ) ;
#987 = VECTOR ( 'NONE', #412, 1000.000000000000114 ) ;
#988 =( NAMED_UNIT ( * ) SI_UNIT ( $, .STERADIAN. ) SOLID_ANGLE_UNIT ( ) );
#989 = EDGE_LOOP ( 'NONE', ( #1741, #3744 ) ) ;
#990 = AXIS2_PLACEMENT_3D ( 'NONE', #3275, #671, #2204 ) ;
#991 = DIRECTION ( 'NONE',  ( -1.000000000000000000, 0.000000000000000000, 0.000000000000000000 ) ) ;
#992 = VECTOR ( 'NONE', #796, 1000.000000000000000 ) ;
#993 = DIRECTION ( 'NONE',  ( -1.000000000000000000, 0.000000000000000000, 0.000000000000000000 ) ) ;
#994 = ORIENTED_EDGE ( 'NONE', *, *, #1584, .T. ) ;
#995 = EDGE_CURVE ( 'NONE', #2579, #346, #2847, .T. ) ;
#996 =( LENGTH_UNIT ( ) NAMED_UNIT ( * ) SI_UNIT ( .MILLI., .METRE. ) );
#997 = AXIS2_PLACEMENT_3D ( 'NONE', #946, #2646, #383 ) ;
#998 = CIRCLE ( 'NONE', #3476, 3.000000000000002665 ) ;
#999 = VERTEX_POINT ( 'NONE', #3659 ) ;
#1000 = FACE_BOUND ( 'NONE', #1601, .T. ) ;
#1001 = ORIENTED_EDGE ( 'NONE', *, *, #2169, .T. ) ;
#1002 = AXIS2_PLACEMENT_3D ( 'NONE', #3463, #859, #1519 ) ;
#1003 = ADVANCED_FACE ( 'NONE', ( #1371 ), #2247, .T. ) ;
#1004 = VECTOR ( 'NONE', #2698, 1000.000000000000000 ) ;
#1005 = ADVANCED_FACE ( 'NONE', ( #2231 ), #1955, .F. ) ;
#1006 = AXIS2_PLACEMENT_3D ( 'NONE', #14, #1147, #62 ) ;
#1007 = DIRECTION ( 'NONE',  ( -1.000000000000000000, 0.000000000000000000, 0.000000000000000000 ) ) ;
#1008 = CARTESIAN_POINT ( 'NONE',  ( -276.6109892263183383, 224.8951998256236209, 14.00000000000000000 ) ) ;
#1009 = VERTEX_POINT ( 'NONE', #1113 ) ;
#1010 = PLANE ( 'NONE',  #1553 ) ;
#1011 = DIRECTION ( 'NONE',  ( -1.000000000000000000, 0.000000000000000000, 0.000000000000000000 ) ) ;
#1012 = CARTESIAN_POINT ( 'NONE',  ( -247.2376198515239025, 263.5113891529462080, 0.000000000000000000 ) ) ;
#1013 = EDGE_LOOP ( 'NONE', ( #3654, #3694, #3071, #2980 ) ) ;
#1014 = DIRECTION ( 'NONE',  ( -0.8660254037844352659, -0.5000000000000059952, 0.000000000000000000 ) ) ;
#1015 = DIRECTION ( 'NONE',  ( 1.000000000000000000, 0.000000000000000000, 0.000000000000000000 ) ) ;
#1016 = VERTEX_POINT ( 'NONE', #230 ) ;
#1017 = DIRECTION ( 'NONE',  ( 0.000000000000000000, -0.000000000000000000, -1.000000000000000000 ) ) ;
#1018 = VERTEX_POINT ( 'NONE', #3104 ) ;
#1019 = DIRECTION ( 'NONE',  ( -0.000000000000000000, 1.000000000000000000, -0.000000000000000000 ) ) ;
#1020 = ADVANCED_FACE ( 'NONE', ( #2278 ), #3378, .T. ) ;
#1021 = ADVANCED_FACE ( 'NONE', ( #837 ), #1062, .F. ) ;
#1022 = FACE_OUTER_BOUND ( 'NONE', #372, .T. ) ;
#1023 = DIRECTION ( 'NONE',  ( 0.8660254037844500319, 0.4999999999999801825, 0.000000000000000000 ) ) ;
#1024 = DIRECTION ( 'NONE',  ( -0.000000000000000000, -0.000000000000000000, 1.000000000000000000 ) ) ;
#1025 = CARTESIAN_POINT ( 'NONE',  ( 0.000000000000000000, 224.1951998256236038, 18.00000000000000355 ) ) ;
#1026 = LINE ( 'NONE', #410, #3482 ) ;
#1027 = DIRECTION ( 'NONE',  ( -1.000000000000000000, 0.000000000000000000, 0.000000000000000000 ) ) ;
#1028 = CARTESIAN_POINT ( 'NONE',  ( -316.9771186325385770, 230.9068630152645198, 2.000000000000000000 ) ) ;
#1029 = EDGE_LOOP ( 'NONE', ( #2097, #640, #2493, #2659 ) ) ;
#1030 = DIRECTION ( 'NONE',  ( 1.000000000000000000, -0.000000000000000000, 0.000000000000000000 ) ) ;
#1031 = ORIENTED_EDGE ( 'NONE', *, *, #714, .F. ) ;
#1032 = ORIENTED_EDGE ( 'NONE', *, *, #596, .T. ) ;
#1033 = FACE_BOUND ( 'NONE', #2892, .T. ) ;
#1034 = DIRECTION ( 'NONE',  ( 1.000000000000000000, 0.000000000000000000, 0.000000000000000000 ) ) ;
#1035 = DIRECTION ( 'NONE',  ( 0.8660254037844362651, -0.5000000000000041078, 0.000000000000000000 ) ) ;
#1036 = CARTESIAN_POINT ( 'NONE',  ( -200.6224767234914168, 230.9067898263999439, 6.999999999999999112 ) ) ;
#1037 = FACE_OUTER_BOUND ( 'NONE', #472, .T. ) ;
#1038 = ORIENTED_EDGE ( 'NONE', *, *, #2087, .F. ) ;
#1039 = FACE_OUTER_BOUND ( 'NONE', #276, .T. ) ;
#1040 = CARTESIAN_POINT ( 'NONE',  ( -189.3109892263183553, 225.5951998256236095, 18.00000000000000355 ) ) ;
#1041 =( LENGTH_UNIT ( ) NAMED_UNIT ( * ) SI_UNIT ( .MILLI., .METRE. ) );
#1042 = VECTOR ( 'NONE', #3685, 1000.000000000000000 ) ;
#1043 = CARTESIAN_POINT ( 'NONE',  ( -322.9886061297115702, 226.8951998256236209, 4.000000000000000000 ) ) ;
#1044 = EDGE_CURVE ( 'NONE', #28, #1985, #1389, .T. ) ;
#1045 = ADVANCED_FACE ( 'NONE', ( #1347 ), #2547, .T. ) ;
#1046 = AXIS2_PLACEMENT_3D ( 'NONE', #302, #2617, #1197 ) ;
#1047 = CARTESIAN_POINT ( 'NONE',  ( -320.2102801400004637, 303.1159884794923300, 2.000000000000000000 ) ) ;
#1048 = ORIENTED_EDGE ( 'NONE', *, *, #424, .T. ) ;
#1049 = DIRECTION ( 'NONE',  ( 0.5000000000000059952, -0.8660254037844352659, 0.000000000000000000 ) ) ;
#1050 = CARTESIAN_POINT ( 'NONE',  ( -189.9109892263183497, 307.8275784802687554, 18.00000000000000355 ) ) ;
#1051 = ORIENTED_EDGE ( 'NONE', *, *, #3132, .T. ) ;
#1052 = AXIS2_PLACEMENT_3D ( 'NONE', #404, #2715, #1594 ) ;
#1053 = AXIS2_PLACEMENT_3D ( 'NONE', #3621, #1017, #2747 ) ;
#1054 = EDGE_LOOP ( 'NONE', ( #2656, #1293, #2560, #2485 ) ) ;
#1055 = DIRECTION ( 'NONE',  ( 0.000000000000000000, 0.000000000000000000, -1.000000000000000000 ) ) ;
#1056 = ORIENTED_EDGE ( 'NONE', *, *, #2899, .F. ) ;
#1057 = CIRCLE ( 'NONE', #866, 6.000000000000005329 ) ;
#1058 = ORIENTED_EDGE ( 'NONE', *, *, #1415, .T. ) ;
#1059 = CIRCLE ( 'NONE', #1307, 3.500000000000003109 ) ;
#1060 = AXIS2_PLACEMENT_3D ( 'NONE', #2320, #1185, #3188 ) ;
#1061 = CARTESIAN_POINT ( 'NONE',  ( -276.6109892263183383, 224.1951998256236038, 18.00000000000000355 ) ) ;
#1062 = PLANE ( 'NONE',  #2753 ) ;
#1063 = ORIENTED_EDGE ( 'NONE', *, *, #3433, .T. ) ;
#1064 = CARTESIAN_POINT ( 'NONE',  ( -318.4699915203358955, 230.9067898263999439, 17.69999999999999929 ) ) ;
#1065 = DIRECTION ( 'NONE',  ( 0.000000000000000000, 0.000000000000000000, -1.000000000000000000 ) ) ;
#1066 = AXIS2_PLACEMENT_3D ( 'NONE', #3515, #2054, #644 ) ;
#1067 = VECTOR ( 'NONE', #3730, 1000.000000000000000 ) ;
#1068 = TOROIDAL_SURFACE ( 'NONE', #465, 14.50000000000000355, 1.500000000000000000 ) ;
#1069 = DIRECTION ( 'NONE',  ( -0.5000000000000058842, 0.8660254037844351549, 0.000000000000000000 ) ) ;
#1070 = ADVANCED_FACE ( 'NONE', ( #3231 ), #342, .T. ) ;
#1071 = EDGE_CURVE ( 'NONE', #1700, #3622, #3181, .T. ) ;
#1072 = CARTESIAN_POINT ( 'NONE',  ( -196.0764898350443559, 302.7252108629568284, 4.000000000000004441 ) ) ;
#1073 = CARTESIAN_POINT ( 'NONE',  ( -304.6109892263183383, 222.8951998256236209, 21.00000000000000000 ) ) ;
#1074 = ORIENTED_EDGE ( 'NONE', *, *, #328, .F. ) ;
#1075 = CARTESIAN_POINT ( 'NONE',  ( 0.000000000000000000, 309.8275784802687554, 21.00000000000000000 ) ) ;
#1076 = ORIENTED_EDGE ( 'NONE', *, *, #113, .T. ) ;
#1077 = LINE ( 'NONE', #227, #2217 ) ;
#1078 = ORIENTED_EDGE ( 'NONE', *, *, #475, .T. ) ;
#1079 = ORIENTED_EDGE ( 'NONE', *, *, #3452, .F. ) ;
#1080 = DIRECTION ( 'NONE',  ( 0.000000000000000000, 0.000000000000000000, -1.000000000000000000 ) ) ;
#1081 = LINE ( 'NONE', #3728, #2268 ) ;
#1082 = VERTEX_POINT ( 'NONE', #3743 ) ;
#1083 = DIRECTION ( 'NONE',  ( -0.000000000000000000, -1.000000000000000000, -0.000000000000000000 ) ) ;
#1084 = CARTESIAN_POINT ( 'NONE',  ( -320.2102801400005205, 230.9068630152645483, 0.000000000000000000 ) ) ;
#1085 = DIRECTION ( 'NONE',  ( 0.000000000000000000, -1.000000000000000000, 0.000000000000000000 ) ) ;
#1086 = CARTESIAN_POINT ( 'NONE',  ( -276.6109892263183383, 218.2931405177996567, 21.00000000000000000 ) ) ;
#1087 = VERTEX_POINT ( 'NONE', #2355 ) ;
#1088 = LINE ( 'NONE', #1912, #2397 ) ;
#1089 = ORIENTED_EDGE ( 'NONE', *, *, #1734, .T. ) ;
#1090 = EDGE_CURVE ( 'NONE', #1149, #1732, #1194, .T. ) ;
#1091 = ORIENTED_EDGE ( 'NONE', *, *, #25, .F. ) ;
#1092 = DIRECTION ( 'NONE',  ( -1.000000000000000000, 0.000000000000000000, 0.000000000000000000 ) ) ;
#1093 = VERTEX_POINT ( 'NONE', #2883 ) ;
#1094 = EDGE_CURVE ( 'NONE', #1949, #1779, #1173, .T. ) ;
#1095 = EDGE_CURVE ( 'NONE', #1128, #2857, #149, .T. ) ;
#1096 = ORIENTED_EDGE ( 'NONE', *, *, #2627, .F. ) ;
#1097 = DIRECTION ( 'NONE',  ( 1.000000000000000000, 0.000000000000000000, 0.000000000000000000 ) ) ;
#1098 = ORIENTED_EDGE ( 'NONE', *, *, #1209, .F. ) ;
#1099 = CARTESIAN_POINT ( 'NONE',  ( -315.4947696677447766, 230.9068630152645198, 4.000000000000000000 ) ) ;
#1100 = DIRECTION ( 'NONE',  ( 0.5000000000000097700, -0.8660254037844331565, 0.000000000000000000 ) ) ;
#1101 = SHAPE_DEFINITION_REPRESENTATION ( #2224, #3013 ) ;
#1102 = CARTESIAN_POINT ( 'NONE',  ( -191.3890594079371681, 230.9068630152645483, 2.000000000000000000 ) ) ;
#1103 = LINE ( 'NONE', #3385, #2820 ) ;
#1104 = ORIENTED_EDGE ( 'NONE', *, *, #5, .F. ) ;
#1105 = TOROIDAL_SURFACE ( 'NONE', #733, 14.50000000000000355, 1.500000000000000000 ) ;
#1106 = ORIENTED_EDGE ( 'NONE', *, *, #81, .T. ) ;
#1107 = CIRCLE ( 'NONE', #1903, 3.000000000000002665 ) ;
#1108 = DIRECTION ( 'NONE',  ( -1.000000000000000000, 0.000000000000000000, 0.000000000000000000 ) ) ;
#1109 = ORIENTED_EDGE ( 'NONE', *, *, #1260, .F. ) ;
#1110 = VECTOR ( 'NONE', #1752, 1000.000000000000000 ) ;
#1111 = VERTEX_POINT ( 'NONE', #1148 ) ;
#1112 = EDGE_CURVE ( 'NONE', #3095, #1082, #798, .T. ) ;
#1113 = CARTESIAN_POINT ( 'NONE',  ( -322.9886061297115702, 222.8951998256236209, 21.00000000000000000 ) ) ;
#1114 = EDGE_CURVE ( 'NONE', #1252, #572, #3715, .T. ) ;
#1115 = EDGE_LOOP ( 'NONE', ( #251, #259, #2710, #2061 ) ) ;
#1116 = DIRECTION ( 'NONE',  ( 1.000000000000000000, 0.000000000000000000, 0.000000000000000000 ) ) ;
#1117 = VECTOR ( 'NONE', #1560, 1000.000000000000000 ) ;
#1118 = CARTESIAN_POINT ( 'NONE',  ( -191.6224767234914168, 303.1159884794924437, 17.69999999999999929 ) ) ;
#1119 = VECTOR ( 'NONE', #3497, 1000.000000000000000 ) ;
#1120 = STYLED_ITEM ( 'NONE', ( #1892 ), #3491 ) ;
#1121 = AXIS2_PLACEMENT_3D ( 'NONE', #2810, #1391, #1116 ) ;
#1122 = VECTOR ( 'NONE', #3323, 1000.000000000000000 ) ;
#1123 = AXIS2_PLACEMENT_3D ( 'NONE', #2956, #352, #1510 ) ;
#1124 = CARTESIAN_POINT ( 'NONE',  ( -194.6224767234914168, 303.1159884794924437, 7.000000000000000888 ) ) ;
#1125 = EDGE_LOOP ( 'NONE', ( #1225, #3499, #2831, #1231 ) ) ;
#1126 = EDGE_LOOP ( 'NONE', ( #2862, #3261, #467, #2465 ) ) ;
#1127 = CARTESIAN_POINT ( 'NONE',  ( -320.9886061297115702, 226.8951998256236209, 21.00000000000000000 ) ) ;
#1128 = VERTEX_POINT ( 'NONE', #592 ) ;
#1129 = FACE_OUTER_BOUND ( 'NONE', #697, .T. ) ;
#1130 = ORIENTED_EDGE ( 'NONE', *, *, #1568, .F. ) ;
#1131 = LINE ( 'NONE', #3443, #3664 ) ;
#1132 = DIRECTION ( 'NONE',  ( -0.000000000000000000, 0.000000000000000000, 1.000000000000000000 ) ) ;
#1133 = ORIENTED_EDGE ( 'NONE', *, *, #3019, .F. ) ;
#1134 = CARTESIAN_POINT ( 'NONE',  ( -323.6886061297115589, 307.8275784802687554, 18.00000000000000355 ) ) ;
#1135 = CYLINDRICAL_SURFACE ( 'NONE', #751, 2.000000000000001776 ) ;
#1136 = EDGE_CURVE ( 'NONE', #526, #1195, #1798, .T. ) ;
#1137 = EDGE_CURVE ( 'NONE', #3420, #2232, #2573, .T. ) ;
#1138 = CARTESIAN_POINT ( 'NONE',  ( -315.3605378788075768, 305.9159884794925119, 2.000000000000000000 ) ) ;
#1139 = DIRECTION ( 'NONE',  ( -0.4999999999999987232, 0.8660254037844392627, 0.000000000000000000 ) ) ;
#1140 = EDGE_CURVE ( 'NONE', #2148, #2387, #2368, .T. ) ;
#1141 = EDGE_CURVE ( 'NONE', #2321, #115, #2961, .T. ) ;
#1142 = LINE ( 'NONE', #223, #392 ) ;
#1143 = DIRECTION ( 'NONE',  ( -1.000000000000000000, 0.000000000000000000, -0.000000000000000000 ) ) ;
#1144 = VERTEX_POINT ( 'NONE', #3252 ) ;
#1145 = CARTESIAN_POINT ( 'NONE',  ( -196.2388016691302823, 300.3159884794923187, 0.000000000000000000 ) ) ;
#1146 = FACE_OUTER_BOUND ( 'NONE', #2595, .T. ) ;
#1147 = DIRECTION ( 'NONE',  ( 0.000000000000000000, 0.000000000000000000, -1.000000000000000000 ) ) ;
#1148 = CARTESIAN_POINT ( 'NONE',  ( -322.9886061297115702, 307.1275784802687667, 21.00000000000000000 ) ) ;
#1149 = VERTEX_POINT ( 'NONE', #1716 ) ;
#1150 = CARTESIAN_POINT ( 'NONE',  ( -324.9886061297115702, 224.8951998256236209, 0.000000000000000000 ) ) ;
#1151 = CYLINDRICAL_SURFACE ( 'NONE', #2156, 2.000000000000001776 ) ;
#1152 = FACE_OUTER_BOUND ( 'NONE', #239, .T. ) ;
#1153 = CARTESIAN_POINT ( 'NONE',  ( -258.3619755045060629, 263.5113891529462080, 3.000000000000000000 ) ) ;
#1154 = ORIENTED_EDGE ( 'NONE', *, *, #828, .F. ) ;
#1155 = DIRECTION ( 'NONE',  ( -1.000000000000000000, 0.000000000000000000, 0.000000000000000000 ) ) ;
#1156 = DIRECTION ( 'NONE',  ( 0.000000000000000000, -0.000000000000000000, -1.000000000000000000 ) ) ;
#1157 = EDGE_CURVE ( 'NONE', #2240, #351, #899, .T. ) ;
#1158 = CARTESIAN_POINT ( 'NONE',  ( -315.3605378788075768, 305.9159884794925119, 2.000000000000000000 ) ) ;
#1159 = EDGE_CURVE ( 'NONE', #448, #1372, #1207, .T. ) ;
#1160 = ORIENTED_EDGE ( 'NONE', *, *, #3433, .F. ) ;
#1161 = DIRECTION ( 'NONE',  ( -1.000000000000000000, 0.000000000000000000, 0.000000000000000000 ) ) ;
#1162 = ORIENTED_EDGE ( 'NONE', *, *, #3135, .T. ) ;
#1163 = LINE ( 'NONE', #2039, #455 ) ;
#1164 = ORIENTED_EDGE ( 'NONE', *, *, #3262, .F. ) ;
#1165 = CIRCLE ( 'NONE', #320, 3.500000000000031086 ) ;
#1166 = LINE ( 'NONE', #1749, #2628 ) ;
#1167 = VECTOR ( 'NONE', #1250, 1000.000000000000000 ) ;
#1168 = DIRECTION ( 'NONE',  ( 0.000000000000000000, 0.000000000000000000, -1.000000000000000000 ) ) ;
#1169 = CARTESIAN_POINT ( 'NONE',  ( -320.9886061297115702, 224.8951998256236209, 21.00000000000000000 ) ) ;
#1170 = DIRECTION ( 'NONE',  ( 0.000000000000000000, -0.000000000000000000, -1.000000000000000000 ) ) ;
#1171 = VERTEX_POINT ( 'NONE', #2060 ) ;
#1172 = DIRECTION ( 'NONE',  ( 0.000000000000000000, -1.000000000000000000, 0.000000000000000000 ) ) ;
#1173 = CIRCLE ( 'NONE', #1657, 1.500000000000000000 ) ;
#1174 = VECTOR ( 'NONE', #2385, 1000.000000000000000 ) ;
#1175 = CARTESIAN_POINT ( 'NONE',  ( -194.6224767234914168, 303.1159884794924437, 17.69999999999999929 ) ) ;
#1176 = VERTEX_POINT ( 'NONE', #882 ) ;
#1177 = CARTESIAN_POINT ( 'NONE',  ( -313.9771186325385202, 303.1159884794924437, 7.000000000000000888 ) ) ;
#1178 = CARTESIAN_POINT ( 'NONE',  ( -187.9109892263183497, 226.1951998256236038, 18.00000000000000355 ) ) ;
#1179 = CIRCLE ( 'NONE', #3116, 2.000000000000001776 ) ;
#1180 = CIRCLE ( 'NONE', #1427, 14.50000000000001243 ) ;
#1181 = CARTESIAN_POINT ( 'NONE',  ( -315.3605378788075768, 233.7068630152645312, 0.000000000000000000 ) ) ;
#1182 = LINE ( 'NONE', #2109, #2528 ) ;
#1183 = CIRCLE ( 'NONE', #2701, 1.492872887797314085 ) ;
#1184 = CIRCLE ( 'NONE', #1666, 3.000000000000002665 ) ;
#1185 = DIRECTION ( 'NONE',  ( 1.000000000000000000, 0.000000000000000000, -0.000000000000000000 ) ) ;
#1186 = VERTEX_POINT ( 'NONE', #3461 ) ;
#1187 = ADVANCED_FACE ( 'NONE', ( #77 ), #1772, .T. ) ;
#1188 = CIRCLE ( 'NONE', #1006, 1.492872887797369597 ) ;
#1189 = EDGE_CURVE ( 'NONE', #737, #3680, #43, .T. ) ;
#1190 = ORIENTED_EDGE ( 'NONE', *, *, #1677, .F. ) ;
#1191 = DIRECTION ( 'NONE',  ( 0.000000000000000000, -0.000000000000000000, 1.000000000000000000 ) ) ;
#1192 = VECTOR ( 'NONE', #246, 999.9999999999998863 ) ;
#1193 = EDGE_CURVE ( 'NONE', #1186, #1387, #1501, .T. ) ;
#1194 = LINE ( 'NONE', #3196, #2815 ) ;
#1195 = VERTEX_POINT ( 'NONE', #2077 ) ;
#1196 = CYLINDRICAL_SURFACE ( 'NONE', #1721, 2.000000000000001776 ) ;
#1197 = DIRECTION ( 'NONE',  ( -1.000000000000000000, 0.000000000000000000, 0.000000000000000000 ) ) ;
#1198 = DIRECTION ( 'NONE',  ( -0.000000000000000000, 0.000000000000000000, 1.000000000000000000 ) ) ;
#1199 = ORIENTED_EDGE ( 'NONE', *, *, #1193, .F. ) ;
#1200 = PLANE ( 'NONE',  #1223 ) ;
#1201 = CARTESIAN_POINT ( 'NONE',  ( -316.9771186325385202, 230.9067898263999439, 4.000000000000000000 ) ) ;
#1202 = FACE_BOUND ( 'NONE', #1833, .T. ) ;
#1203 = ORIENTED_EDGE ( 'NONE', *, *, #2537, .T. ) ;
#1204 = DIRECTION ( 'NONE',  ( -0.000000000000000000, -0.000000000000000000, 1.000000000000000000 ) ) ;
#1205 = ORIENTED_EDGE ( 'NONE', *, *, #3551, .T. ) ;
#1206 = DIRECTION ( 'NONE',  ( -0.5000000000000004441, -0.8660254037844382635, 0.000000000000000000 ) ) ;
#1207 = LINE ( 'NONE', #317, #3415 ) ;
#1208 = ORIENTED_EDGE ( 'NONE', *, *, #2219, .T. ) ;
#1209 = EDGE_CURVE ( 'NONE', #3151, #818, #3538, .T. ) ;
#1210 = EDGE_CURVE ( 'NONE', #605, #3332, #3331, .T. ) ;
#1211 = CARTESIAN_POINT ( 'NONE',  ( -196.2388016691299413, 228.1068630152645085, 2.000000000000000000 ) ) ;
#1212 = DIRECTION ( 'NONE',  ( -1.224646799147353207E-16, 1.000000000000000000, 0.000000000000000000 ) ) ;
#1213 = ORIENTED_EDGE ( 'NONE', *, *, #1424, .F. ) ;
#1214 = LINE ( 'NONE', #382, #2383 ) ;
#1215 = LINE ( 'NONE', #3567, #2530 ) ;
#1216 = DIRECTION ( 'NONE',  ( 0.000000000000000000, 0.000000000000000000, -1.000000000000000000 ) ) ;
#1217 = CARTESIAN_POINT ( 'NONE',  ( -194.6223488194592335, 304.6088613618106251, 4.000000000000000000 ) ) ;
#1218 = VERTEX_POINT ( 'NONE', #1893 ) ;
#1219 = DIRECTION ( 'NONE',  ( 0.5000000000000025535, -0.8660254037844372643, 0.000000000000000000 ) ) ;
#1220 = CARTESIAN_POINT ( 'NONE',  ( -316.9771186325385202, 303.1159884794924437, 6.999999999999999112 ) ) ;
#1221 = ORIENTED_EDGE ( 'NONE', *, *, #2765, .F. ) ;
#1222 = DIRECTION ( 'NONE',  ( 0.000000000000000000, 0.000000000000000000, -1.000000000000000000 ) ) ;
#1223 = AXIS2_PLACEMENT_3D ( 'NONE', #2645, #2851, #249 ) ;
#1224 = DIRECTION ( 'NONE',  ( -1.000000000000000000, 0.000000000000000000, 0.000000000000000000 ) ) ;
#1225 = ORIENTED_EDGE ( 'NONE', *, *, #1588, .F. ) ;
#1226 = LINE ( 'NONE', #3542, #936 ) ;
#1227 = AXIS2_PLACEMENT_3D ( 'NONE', #442, #466, #2155 ) ;
#1228 = ADVANCED_FACE ( 'NONE', ( #373 ), #3043, .T. ) ;
#1229 = ADVANCED_FACE ( 'NONE', ( #3312 ), #2990, .F. ) ;
#1230 = CARTESIAN_POINT ( 'NONE',  ( -322.9771186325385202, 303.1159884794924437, 6.999999999999999112 ) ) ;
#1231 = ORIENTED_EDGE ( 'NONE', *, *, #2323, .T. ) ;
#1232 = AXIS2_PLACEMENT_3D ( 'NONE', #1578, #3581, #957 ) ;
#1233 = CARTESIAN_POINT ( 'NONE',  ( -196.1153496112887922, 303.1159884794924437, 17.69999999999999929 ) ) ;
#1234 = CARTESIAN_POINT ( 'NONE',  ( -190.6109892263183667, 307.1275784802687667, 21.00000000000000000 ) ) ;
#1235 = VECTOR ( 'NONE', #3318, 1000.000000000000227 ) ;
#1236 = LINE ( 'NONE', #2929, #87 ) ;
#1237 = PLANE ( 'NONE',  #3543 ) ;
#1238 = ORIENTED_EDGE ( 'NONE', *, *, #3733, .F. ) ;
#1239 = CARTESIAN_POINT ( 'NONE',  ( -318.5936993862695203, 305.9159884794924551, 2.000000000000000000 ) ) ;
#1240 = AXIS2_PLACEMENT_3D ( 'NONE', #169, #1284, #2977 ) ;
#1241 = VECTOR ( 'NONE', #2102, 1000.000000000000000 ) ;
#1242 = AXIS2_PLACEMENT_3D ( 'NONE', #1932, #2482, #2252 ) ;
#1243 = DIRECTION ( 'NONE',  ( -1.000000000000000000, 0.000000000000000000, 0.000000000000000000 ) ) ;
#1244 = VERTEX_POINT ( 'NONE', #2484 ) ;
#1245 = CARTESIAN_POINT ( 'NONE',  ( -197.6224767234914168, 303.1159884794924437, 7.000000000000000888 ) ) ;
#1246 = VECTOR ( 'NONE', #870, 1000.000000000000000 ) ;
#1247 = VECTOR ( 'NONE', #2852, 1000.000000000000000 ) ;
#1248 = CARTESIAN_POINT ( 'NONE',  ( -194.6222209153991685, 303.1159884794925006, 17.69999999999999929 ) ) ;
#1249 = CARTESIAN_POINT ( 'NONE',  ( -258.2997976780149543, 274.0113891529462080, -3.000000000000000000 ) ) ;
#1250 = DIRECTION ( 'NONE',  ( -0.000000000000000000, -0.000000000000000000, -1.000000000000000000 ) ) ;
#1251 = LINE ( 'NONE', #1313, #621 ) ;
#1252 = VERTEX_POINT ( 'NONE', #3637 ) ;
#1253 = DIRECTION ( 'NONE',  ( -1.000000000000000000, 0.000000000000000000, 0.000000000000000000 ) ) ;
#1254 = DIRECTION ( 'NONE',  ( 0.000000000000000000, 0.000000000000000000, -1.000000000000000000 ) ) ;
#1255 = CARTESIAN_POINT ( 'NONE',  ( -187.9109892263183497, 0.000000000000000000, 18.00000000000000355 ) ) ;
#1256 = EDGE_CURVE ( 'NONE', #3240, #3657, #651, .T. ) ;
#1257 = EDGE_CURVE ( 'NONE', #1640, #2984, #1610, .T. ) ;
#1258 = FACE_OUTER_BOUND ( 'NONE', #1938, .T. ) ;
#1259 = ORIENTED_EDGE ( 'NONE', *, *, #1533, .T. ) ;
#1260 = EDGE_CURVE ( 'NONE', #1887, #1171, #1816, .T. ) ;
#1261 = ADVANCED_FACE ( 'NONE', ( #1033, #2199 ), #2688, .T. ) ;
#1262 = DIRECTION ( 'NONE',  ( -0.000000000000000000, -0.000000000000000000, -1.000000000000000000 ) ) ;
#1263 = ORIENTED_EDGE ( 'NONE', *, *, #1355, .T. ) ;
#1264 = CARTESIAN_POINT ( 'NONE',  ( -322.9771186325385202, 230.9067898263999439, 6.999999999999999112 ) ) ;
#1265 = ORIENTED_EDGE ( 'NONE', *, *, #2741, .F. ) ;
#1266 = DIRECTION ( 'NONE',  ( 0.000000000000000000, 0.000000000000000000, -1.000000000000000000 ) ) ;
#1267 = DIRECTION ( 'NONE',  ( -1.000000000000000000, 0.000000000000000000, 0.000000000000000000 ) ) ;
#1268 = ORIENTED_EDGE ( 'NONE', *, *, #3293, .T. ) ;
#1269 = LINE ( 'NONE', #3623, #2461 ) ;
#1270 = CARTESIAN_POINT ( 'NONE',  ( -190.6109892263183667, 226.8951998256236209, 21.00000000000000000 ) ) ;
#1271 = CARTESIAN_POINT ( 'NONE',  ( -324.9886061297115702, 309.1275784802687667, 4.000000000000000000 ) ) ;
#1272 = VERTEX_POINT ( 'NONE', #2139 ) ;
#1273 = CARTESIAN_POINT ( 'NONE',  ( -322.9771186325385202, 230.9067898263999439, 4.000000000000000000 ) ) ;
#1274 = CARTESIAN_POINT ( 'NONE',  ( -265.3619755045060629, 263.5113891529462080, 3.000000000000000000 ) ) ;
#1275 = CARTESIAN_POINT ( 'NONE',  ( -322.9886061297115702, 222.8951998256236209, 0.000000000000000000 ) ) ;
#1276 = CARTESIAN_POINT ( 'NONE',  ( -187.9109892263183497, 307.8275784802687554, 21.00000000000000000 ) ) ;
#1277 = ORIENTED_EDGE ( 'NONE', *, *, #197, .F. ) ;
#1278 = EDGE_CURVE ( 'NONE', #666, #3208, #3472, .T. ) ;
#1279 = EDGE_CURVE ( 'NONE', #1748, #754, #1911, .T. ) ;
#1280 = ORIENTED_EDGE ( 'NONE', *, *, #3088, .F. ) ;
#1281 = CARTESIAN_POINT ( 'NONE',  ( -196.2388016691299413, 233.7068630152645881, 0.000000000000000000 ) ) ;
#1282 = ORIENTED_EDGE ( 'NONE', *, *, #1443, .T. ) ;
#1283 = CARTESIAN_POINT ( 'NONE',  ( -196.1153496112887922, 303.3114157422054973, 4.000000000000003553 ) ) ;
#1284 = DIRECTION ( 'NONE',  ( 0.8660254037844331565, 0.5000000000000097700, 0.000000000000000000 ) ) ;
#1285 = EDGE_LOOP ( 'NONE', ( #2525, #705, #2818, #2672 ) ) ;
#1286 = CARTESIAN_POINT ( 'NONE',  ( -318.4594675973323774, 230.9068630152645198, 4.000000000000000000 ) ) ;
#1287 = CARTESIAN_POINT ( 'NONE',  ( -318.5936993862694635, 228.1068630152644516, 2.000000000000000000 ) ) ;
#1288 = ORIENTED_EDGE ( 'NONE', *, *, #3402, .F. ) ;
#1289 = DIRECTION ( 'NONE',  ( 0.000000000000000000, -0.000000000000000000, 1.000000000000000000 ) ) ;
#1290 = DIRECTION ( 'NONE',  ( 1.000000000000000000, 0.000000000000000000, 0.000000000000000000 ) ) ;
#1291 = AXIS2_PLACEMENT_3D ( 'NONE', #923, #1781, #945 ) ;
#1292 = CIRCLE ( 'NONE', #3655, 3.000000000000002665 ) ;
#1293 = ORIENTED_EDGE ( 'NONE', *, *, #646, .F. ) ;
#1294 = AXIS2_PLACEMENT_3D ( 'NONE', #2923, #3256, #654 ) ;
#1295 = CARTESIAN_POINT ( 'NONE',  ( -315.3605378788075768, 228.1068630152644516, 0.000000000000000000 ) ) ;
#1296 = VERTEX_POINT ( 'NONE', #150 ) ;
#1297 = AXIS2_PLACEMENT_3D ( 'NONE', #536, #1696, #2244 ) ;
#1298 = CARTESIAN_POINT ( 'NONE',  ( -324.9886061297115702, 222.8951998256236209, 21.00000000000000000 ) ) ;
#1299 = ORIENTED_EDGE ( 'NONE', *, *, #1071, .F. ) ;
#1300 =( NAMED_UNIT ( * ) PLANE_ANGLE_UNIT ( ) SI_UNIT ( $, .RADIAN. ) );
#1301 = EDGE_CURVE ( 'NONE', #1695, #1556, #861, .T. ) ;
#1302 = ADVANCED_FACE ( 'NONE', ( #954, #3578 ), #2118, .T. ) ;
#1303 = AXIS2_PLACEMENT_3D ( 'NONE', #2481, #718, #1638 ) ;
#1304 = CIRCLE ( 'NONE', #1551, 2.000000000000001776 ) ;
#1305 = CARTESIAN_POINT ( 'NONE',  ( 0.000000000000000000, 0.000000000000000000, 2.000000000000000000 ) ) ;
#1306 = ORIENTED_EDGE ( 'NONE', *, *, #2352, .F. ) ;
#1307 = AXIS2_PLACEMENT_3D ( 'NONE', #2201, #3562, #2121 ) ;
#1308 = CIRCLE ( 'NONE', #569, 3.000000000000002665 ) ;
#1309 = CIRCLE ( 'NONE', #3061, 1.492872887797314085 ) ;
#1310 = VECTOR ( 'NONE', #2890, 1000.000000000000000 ) ;
#1311 = DIRECTION ( 'NONE',  ( 0.000000000000000000, 0.000000000000000000, 1.000000000000000000 ) ) ;
#1312 = FACE_OUTER_BOUND ( 'NONE', #2651, .T. ) ;
#1313 = CARTESIAN_POINT ( 'NONE',  ( -322.9886061297115702, 311.1275784802687667, 21.00000000000000000 ) ) ;
#1314 = ORIENTED_EDGE ( 'NONE', *, *, #1676, .F. ) ;
#1315 = DIRECTION ( 'NONE',  ( 1.000000000000000000, 0.000000000000000000, 0.000000000000000000 ) ) ;
#1316 = CARTESIAN_POINT ( 'NONE',  ( -324.2886061297115816, 0.000000000000000000, 18.00000000000000355 ) ) ;
#1317 = CARTESIAN_POINT ( 'NONE',  ( -313.9771186325385202, 303.1159884794924437, 17.69999999999999929 ) ) ;
#1318 = CYLINDRICAL_SURFACE ( 'NONE', #1654, 1.492872887797369597 ) ;
#1319 = DIRECTION ( 'NONE',  ( -1.000000000000000000, 0.000000000000000000, 0.000000000000000000 ) ) ;
#1320 = ORIENTED_EDGE ( 'NONE', *, *, #2242, .T. ) ;
#1321 = CARTESIAN_POINT ( 'NONE',  ( -324.2886061297115816, 308.4275784802687781, 18.00000000000000355 ) ) ;
#1322 = ORIENTED_EDGE ( 'NONE', *, *, #493, .F. ) ;
#1323 = DIRECTION ( 'NONE',  ( -1.000000000000000000, -0.000000000000000000, -0.000000000000000000 ) ) ;
#1324 = VERTEX_POINT ( 'NONE', #3290 ) ;
#1325 = DIRECTION ( 'NONE',  ( -0.8660254037844362651, 0.5000000000000041078, 0.000000000000000000 ) ) ;
#1326 = DIRECTION ( 'NONE',  ( -0.000000000000000000, -0.000000000000000000, 1.000000000000000000 ) ) ;
#1327 = LINE ( 'NONE', #2184, #99 ) ;
#1328 = DIRECTION ( 'NONE',  ( 0.000000000000000000, 0.000000000000000000, -1.000000000000000000 ) ) ;
#1329 = EDGE_CURVE ( 'NONE', #3202, #1953, #2767, .T. ) ;
#1330 = CARTESIAN_POINT ( 'NONE',  ( -191.3890594079372249, 303.1159884794923300, 2.000000000000000000 ) ) ;
#1331 = ADVANCED_FACE ( 'NONE', ( #3012, #417, #1576, #2730, #3596, #1000 ), #433, .T. ) ;
#1332 = ORIENTED_EDGE ( 'NONE', *, *, #2441, .T. ) ;
#1333 = CARTESIAN_POINT ( 'NONE',  ( 0.000000000000000000, 0.000000000000000000, 4.000000000000000000 ) ) ;
#1334 = LINE ( 'NONE', #439, #30 ) ;
#1335 = DIRECTION ( 'NONE',  ( 1.000000000000000000, 0.000000000000000000, 0.000000000000000000 ) ) ;
#1336 = DIRECTION ( 'NONE',  ( 0.000000000000000000, -1.000000000000000000, 0.000000000000000000 ) ) ;
#1337 = DIRECTION ( 'NONE',  ( 0.000000000000000000, 0.000000000000000000, -1.000000000000000000 ) ) ;
#1338 = EDGE_LOOP ( 'NONE', ( #1859, #1058 ) ) ;
#1339 = CARTESIAN_POINT ( 'NONE',  ( -195.5398581814407066, 301.9221406940675365, 4.000000000000003553 ) ) ;
#1340 = DIRECTION ( 'NONE',  ( 0.000000000000000000, 0.000000000000000000, -1.000000000000000000 ) ) ;
#1341 = EDGE_LOOP ( 'NONE', ( #3521, #1967, #1656, #3559 ) ) ;
#1342 = EDGE_LOOP ( 'NONE', ( #2078, #2245, #3125, #659 ) ) ;
#1343 = CARTESIAN_POINT ( 'NONE',  ( -315.3605378788075768, 305.9159884794925119, 2.000000000000000000 ) ) ;
#1344 = ORIENTED_EDGE ( 'NONE', *, *, #2580, .T. ) ;
#1345 = ORIENTED_EDGE ( 'NONE', *, *, #647, .T. ) ;
#1346 = DIRECTION ( 'NONE',  ( 1.000000000000000000, -0.000000000000000000, 0.000000000000000000 ) ) ;
#1347 = FACE_OUTER_BOUND ( 'NONE', #2215, .T. ) ;
#1348 = ORIENTED_EDGE ( 'NONE', *, *, #324, .T. ) ;
#1349 = LINE ( 'NONE', #2431, #162 ) ;
#1350 = FACE_OUTER_BOUND ( 'NONE', #254, .T. ) ;
#1351 = EDGE_CURVE ( 'NONE', #2970, #3208, #1625, .T. ) ;
#1352 = ADVANCED_FACE ( 'NONE', ( #2271 ), #1398, .F. ) ;
#1353 = TOROIDAL_SURFACE ( 'NONE', #3464, 5.999999999999994671, 3.000000000000000000 ) ;
#1354 = DIRECTION ( 'NONE',  ( 0.000000000000000000, -0.000000000000000000, -1.000000000000000000 ) ) ;
#1355 = EDGE_CURVE ( 'NONE', #98, #489, #1077, .T. ) ;
#1356 = AXIS2_PLACEMENT_3D ( 'NONE', #2142, #2473, #3295 ) ;
#1357 = ORIENTED_EDGE ( 'NONE', *, *, #59, .T. ) ;
#1358 = CARTESIAN_POINT ( 'NONE',  ( -194.8177760808609946, 301.6230988535776305, 4.000000000000003553 ) ) ;
#1359 = DIRECTION ( 'NONE',  ( 1.000000000000000000, 0.000000000000000000, 0.000000000000000000 ) ) ;
#1360 = ORIENTED_EDGE ( 'NONE', *, *, #1835, .T. ) ;
#1361 = CIRCLE ( 'NONE', #2146, 2.000000000000001776 ) ;
#1362 = AXIS2_PLACEMENT_3D ( 'NONE', #3560, #688, #121 ) ;
#1363 = ORIENTED_EDGE ( 'NONE', *, *, #1737, .T. ) ;
#1364 = CYLINDRICAL_SURFACE ( 'NONE', #1842, 2.000000000000001776 ) ;
#1365 = ORIENTED_EDGE ( 'NONE', *, *, #1607, .T. ) ;
#1366 = AXIS2_PLACEMENT_3D ( 'NONE', #2180, #2159, #3308 ) ;
#1367 = CIRCLE ( 'NONE', #2945, 13.00000000000001066 ) ;
#1368 = VERTEX_POINT ( 'NONE', #1987 ) ;
#1369 = PRESENTATION_LAYER_ASSIGNMENT (  '', '', ( #1120 ) ) ;
#1370 = VECTOR ( 'NONE', #1992, 1000.000000000000114 ) ;
#1371 = FACE_OUTER_BOUND ( 'NONE', #1790, .T. ) ;
#1372 = VERTEX_POINT ( 'NONE', #1386 ) ;
#1373 = DIRECTION ( 'NONE',  ( 1.000000000000000000, 0.000000000000000000, 0.000000000000000000 ) ) ;
#1374 = FACE_OUTER_BOUND ( 'NONE', #3616, .T. ) ;
#1375 = AXIS2_PLACEMENT_3D ( 'NONE', #1743, #309, #1466 ) ;
#1376 = CIRCLE ( 'NONE', #2764, 3.000000000000000000 ) ;
#1377 = ADVANCED_FACE ( 'NONE', ( #3085 ), #1364, .F. ) ;
#1378 = AXIS2_PLACEMENT_3D ( 'NONE', #2635, #2024, #3460 ) ;
#1379 = ORIENTED_EDGE ( 'NONE', *, *, #2627, .T. ) ;
#1380 = VERTEX_POINT ( 'NONE', #746 ) ;
#1381 = EDGE_CURVE ( 'NONE', #1518, #3536, #3723, .T. ) ;
#1382 = DIRECTION ( 'NONE',  ( -1.000000000000000000, 0.000000000000000000, 0.000000000000000000 ) ) ;
#1383 = EDGE_CURVE ( 'NONE', #1949, #1807, #269, .T. ) ;
#1384 = VERTEX_POINT ( 'NONE', #2543 ) ;
#1385 = ORIENTED_EDGE ( 'NONE', *, *, #3646, .F. ) ;
#1386 = CARTESIAN_POINT ( 'NONE',  ( -196.2388016691302823, 300.3159884794923187, 0.000000000000000000 ) ) ;
#1387 = VERTEX_POINT ( 'NONE', #1343 ) ;
#1388 = ORIENTED_EDGE ( 'NONE', *, *, #732, .T. ) ;
#1389 = LINE ( 'NONE', #3129, #3413 ) ;
#1390 = EDGE_LOOP ( 'NONE', ( #3157, #3306, #231, #386 ) ) ;
#1391 = DIRECTION ( 'NONE',  ( 0.000000000000000000, 0.000000000000000000, 1.000000000000000000 ) ) ;
#1392 = CARTESIAN_POINT ( 'NONE',  ( -316.9771186325385202, 230.9067898263999439, 17.69999999999999929 ) ) ;
#1393 = VERTEX_POINT ( 'NONE', #3679 ) ;
#1394 = CARTESIAN_POINT ( 'NONE',  ( -193.1293480276018499, 303.1159884794925006, 17.69999999999999929 ) ) ;
#1395 = ADVANCED_FACE ( 'NONE', ( #819 ), #2225, .F. ) ;
#1396 = EDGE_CURVE ( 'NONE', #1440, #2542, #1642, .T. ) ;
#1397 = VERTEX_POINT ( 'NONE', #3375 ) ;
#1398 = CYLINDRICAL_SURFACE ( 'NONE', #92, 1.507070184150943737 ) ;
#1399 = ORIENTED_EDGE ( 'NONE', *, *, #1860, .T. ) ;
#1400 = LINE ( 'NONE', #971, #1980 ) ;
#1401 = ORIENTED_EDGE ( 'NONE', *, *, #765, .F. ) ;
#1402 = LINE ( 'NONE', #3641, #3427 ) ;
#1403 = DIRECTION ( 'NONE',  ( -0.000000000000000000, -0.000000000000000000, -1.000000000000000000 ) ) ;
#1404 = ORIENTED_EDGE ( 'NONE', *, *, #2472, .T. ) ;
#1405 = CARTESIAN_POINT ( 'NONE',  ( -253.2376198515239309, 263.5113891529462080, 3.000000000000000000 ) ) ;
#1406 = DIRECTION ( 'NONE',  ( 0.000000000000000000, 0.000000000000000000, -1.000000000000000000 ) ) ;
#1407 = CARTESIAN_POINT ( 'NONE',  ( -322.2886061297115816, 310.4275784802688349, 18.00000000000000355 ) ) ;
#1408 = EDGE_LOOP ( 'NONE', ( #1385, #968, #1526, #2531 ) ) ;
#1409 = AXIS2_PLACEMENT_3D ( 'NONE', #2193, #3093, #2265 ) ;
#1410 = ORIENTED_EDGE ( 'NONE', *, *, #3263, .F. ) ;
#1411 = AXIS2_PLACEMENT_3D ( 'NONE', #2377, #2345, #3495 ) ;
#1412 = DIRECTION ( 'NONE',  ( -1.000000000000000000, 0.000000000000000000, 0.000000000000000000 ) ) ;
#1413 = EDGE_LOOP ( 'NONE', ( #3703, #794, #883, #474 ) ) ;
#1414 = EDGE_CURVE ( 'NONE', #3208, #3008, #768, .T. ) ;
#1415 = EDGE_CURVE ( 'NONE', #3678, #1218, #2269, .T. ) ;
#1416 = AXIS2_PLACEMENT_3D ( 'NONE', #175, #981, #2186 ) ;
#1417 = CARTESIAN_POINT ( 'NONE',  ( -322.9886061297115702, 311.1275784802687667, 0.000000000000000000 ) ) ;
#1418 = ORIENTED_EDGE ( 'NONE', *, *, #3101, .T. ) ;
#1419 = DIRECTION ( 'NONE',  ( -0.000000000000000000, -0.000000000000000000, -1.000000000000000000 ) ) ;
#1420 = EDGE_LOOP ( 'NONE', ( #243, #3737, #830, #3212 ) ) ;
#1421 = DIRECTION ( 'NONE',  ( -1.000000000000000000, 0.000000000000000000, 0.000000000000000000 ) ) ;
#1422 = ADVANCED_FACE ( 'NONE', ( #3389 ), #1546, .T. ) ;
#1423 = VECTOR ( 'NONE', #137, 1000.000000000000000 ) ;
#1424 = EDGE_CURVE ( 'NONE', #1957, #3332, #331, .T. ) ;
#1425 = CARTESIAN_POINT ( 'NONE',  ( -320.2102801400005205, 230.9068630152645483, 0.000000000000000000 ) ) ;
#1426 = CIRCLE ( 'NONE', #3421, 1.507070184150943737 ) ;
#1427 = AXIS2_PLACEMENT_3D ( 'NONE', #815, #1679, #184 ) ;
#1428 = CARTESIAN_POINT ( 'NONE',  ( -321.6886061297115589, 224.1951998256236038, 18.00000000000000355 ) ) ;
#1429 = AXIS2_PLACEMENT_3D ( 'NONE', #2378, #1488, #1449 ) ;
#1430 = VECTOR ( 'NONE', #728, 1000.000000000000000 ) ;
#1431 = AXIS2_PLACEMENT_3D ( 'NONE', #3504, #1771, #316 ) ;
#1432 = FACE_OUTER_BOUND ( 'NONE', #3173, .T. ) ;
#1433 = ORIENTED_EDGE ( 'NONE', *, *, #1538, .T. ) ;
#1434 = ORIENTED_EDGE ( 'NONE', *, *, #714, .T. ) ;
#1435 = FACE_OUTER_BOUND ( 'NONE', #501, .T. ) ;
#1436 = EDGE_LOOP ( 'NONE', ( #2131, #3198, #1344, #2363 ) ) ;
#1437 = DIRECTION ( 'NONE',  ( -1.000000000000000000, 0.000000000000000000, 0.000000000000000000 ) ) ;
#1438 = FACE_OUTER_BOUND ( 'NONE', #2198, .T. ) ;
#1439 = DIRECTION ( 'NONE',  ( -0.000000000000000000, -1.000000000000000000, -0.000000000000000000 ) ) ;
#1440 = VERTEX_POINT ( 'NONE', #2503 ) ;
#1441 = CARTESIAN_POINT ( 'NONE',  ( -320.9886061297115702, 309.1275784802687667, 4.000000000000000000 ) ) ;
#1442 = FACE_OUTER_BOUND ( 'NONE', #989, .T. ) ;
#1443 = EDGE_CURVE ( 'NONE', #1016, #2751, #1658, .T. ) ;
#1444 = EDGE_CURVE ( 'NONE', #2739, #1957, #1660, .T. ) ;
#1445 = DIRECTION ( 'NONE',  ( 0.5000000000000004441, 0.8660254037844382635, 0.000000000000000000 ) ) ;
#1446 = FACE_OUTER_BOUND ( 'NONE', #1341, .T. ) ;
#1447 = ORIENTED_EDGE ( 'NONE', *, *, #55, .F. ) ;
#1448 = PLANE ( 'NONE',  #919 ) ;
#1449 = DIRECTION ( 'NONE',  ( -1.000000000000000000, 0.000000000000000000, 0.000000000000000000 ) ) ;
#1450 = CARTESIAN_POINT ( 'NONE',  ( -193.0056401616681683, 233.7068630152645881, 2.000000000000000000 ) ) ;
#1451 = ORIENTED_EDGE ( 'NONE', *, *, #1157, .T. ) ;
#1452 = EDGE_LOOP ( 'NONE', ( #2605, #2436, #3573, #1154 ) ) ;
#1453 = FACE_OUTER_BOUND ( 'NONE', #3063, .T. ) ;
#1454 = VERTEX_POINT ( 'NONE', #3693 ) ;
#1455 = DIRECTION ( 'NONE',  ( -0.000000000000000000, 0.000000000000000000, 1.000000000000000000 ) ) ;
#1456 = DIRECTION ( 'NONE',  ( 1.000000000000000000, 0.000000000000000000, -0.000000000000000000 ) ) ;
#1457 = DIRECTION ( 'NONE',  ( -0.000000000000000000, -0.000000000000000000, 1.000000000000000000 ) ) ;
#1458 = ORIENTED_EDGE ( 'NONE', *, *, #3571, .F. ) ;
#1459 = FACE_BOUND ( 'NONE', #567, .T. ) ;
#1460 = CARTESIAN_POINT ( 'NONE',  ( -322.2886061297115816, 310.4275784802688349, 18.00000000000000355 ) ) ;
#1461 = CARTESIAN_POINT ( 'NONE',  ( -196.2388016691299413, 233.7068630152645881, 2.000000000000000000 ) ) ;
#1462 = CARTESIAN_POINT ( 'NONE',  ( -324.9886061297115702, 224.8951998256236209, 21.00000000000000000 ) ) ;
#1463 = ADVANCED_FACE ( 'NONE', ( #2843 ), #241, .F. ) ;
#1464 = ADVANCED_FACE ( 'NONE', ( #1435 ), #2001, .T. ) ;
#1465 = CARTESIAN_POINT ( 'NONE',  ( -321.6886061297115589, 309.8275784802687554, 18.00000000000000355 ) ) ;
#1466 = DIRECTION ( 'NONE',  ( 1.000000000000000000, 0.000000000000000000, 0.000000000000000000 ) ) ;
#1467 = CARTESIAN_POINT ( 'NONE',  ( -324.2886061297115816, 0.000000000000000000, 18.00000000000000355 ) ) ;
#1468 = ADVANCED_FACE ( 'NONE', ( #12 ), #2327, .T. ) ;
#1469 = ORIENTED_EDGE ( 'NONE', *, *, #1278, .F. ) ;
#1470 = DIRECTION ( 'NONE',  ( 1.000000000000000000, 0.000000000000000000, 0.000000000000000000 ) ) ;
#1471 = ORIENTED_EDGE ( 'NONE', *, *, #2210, .F. ) ;
#1472 = CIRCLE ( 'NONE', #3588, 1.492872887797369597 ) ;
#1473 = DIRECTION ( 'NONE',  ( -1.000000000000000000, 0.000000000000000000, 0.000000000000000000 ) ) ;
#1474 = AXIS2_PLACEMENT_3D ( 'NONE', #1047, #2779, #2724 ) ;
#1475 = DIRECTION ( 'NONE',  ( -1.000000000000000000, 0.000000000000000000, 0.000000000000000000 ) ) ;
#1476 = CARTESIAN_POINT ( 'NONE',  ( -261.8619755045060629, 263.5113891529462080, -3.000000000000000000 ) ) ;
#1477 = EDGE_LOOP ( 'NONE', ( #1433, #54, #2045, #1623 ) ) ;
#1478 = DIRECTION ( 'NONE',  ( 1.000000000000000000, -0.000000000000000000, 0.000000000000000000 ) ) ;
#1479 = AXIS2_PLACEMENT_3D ( 'NONE', #157, #459, #1668 ) ;
#1480 = VECTOR ( 'NONE', #187, 1000.000000000000000 ) ;
#1481 = LINE ( 'NONE', #82, #3006 ) ;
#1482 = ORIENTED_EDGE ( 'NONE', *, *, #3436, .T. ) ;
#1483 = CARTESIAN_POINT ( 'NONE',  ( -247.2376198515239025, 263.5113891529462080, 3.000000000000000000 ) ) ;
#1484 = CYLINDRICAL_SURFACE ( 'NONE', #3488, 2.500000000000002220 ) ;
#1485 = CIRCLE ( 'NONE', #215, 2.000000000000001776 ) ;
#1486 = AXIS2_PLACEMENT_3D ( 'NONE', #2437, #144, #1015 ) ;
#1487 = DIRECTION ( 'NONE',  ( 0.4999999999999801825, 0.8660254037844500319, 0.000000000000000000 ) ) ;
#1488 = DIRECTION ( 'NONE',  ( 0.000000000000000000, 0.000000000000000000, -1.000000000000000000 ) ) ;
#1489 = VECTOR ( 'NONE', #3684, 1000.000000000000000 ) ;
#1490 = AXIS2_PLACEMENT_3D ( 'NONE', #2849, #2563, #1421 ) ;
#1491 = ORIENTED_EDGE ( 'NONE', *, *, #646, .T. ) ;
#1492 = DIRECTION ( 'NONE',  ( -0.000000000000000000, -0.000000000000000000, -1.000000000000000000 ) ) ;
#1493 = VECTOR ( 'NONE', #1266, 1000.000000000000000 ) ;
#1494 = VECTOR ( 'NONE', #2103, 1000.000000000000000 ) ;
#1495 = ADVANCED_FACE ( 'NONE', ( #1453 ), #3739, .T. ) ;
#1496 = ADVANCED_FACE ( 'NONE', ( #3478 ), #2959, .T. ) ;
#1497 = LINE ( 'NONE', #3229, #3718 ) ;
#1498 = ORIENTED_EDGE ( 'NONE', *, *, #1095, .F. ) ;
#1499 = CARTESIAN_POINT ( 'NONE',  ( -316.9771186325385202, 303.1159884794924437, 6.999999999999999112 ) ) ;
#1500 = CARTESIAN_POINT ( 'NONE',  ( -191.3890594079372249, 303.1159884794923300, 0.000000000000000000 ) ) ;
#1501 = LINE ( 'NONE', #856, #931 ) ;
#1502 = VERTEX_POINT ( 'NONE', #3440 ) ;
#1503 = CARTESIAN_POINT ( 'NONE',  ( 0.000000000000000000, 223.5951998256236095, 21.00000000000000000 ) ) ;
#1504 = PLANE ( 'NONE',  #2647 ) ;
#1505 = ORIENTED_EDGE ( 'NONE', *, *, #949, .F. ) ;
#1506 = CARTESIAN_POINT ( 'NONE',  ( -319.9771186325385202, 303.1159884794924437, 7.000000000000000888 ) ) ;
#1507 = LINE ( 'NONE', #2665, #700 ) ;
#1508 = CARTESIAN_POINT ( 'NONE',  ( -249.7376198515239025, 263.5113891529462080, 4.000000000000000000 ) ) ;
#1509 = ORIENTED_EDGE ( 'NONE', *, *, #579, .F. ) ;
#1510 = DIRECTION ( 'NONE',  ( 1.000000000000000000, 0.000000000000000000, 0.000000000000000000 ) ) ;
#1511 = ORIENTED_EDGE ( 'NONE', *, *, #3150, .F. ) ;
#1512 = CARTESIAN_POINT ( 'NONE',  ( 0.000000000000000000, 0.000000000000000000, 21.00000000000000000 ) ) ;
#1513 = ORIENTED_EDGE ( 'NONE', *, *, #619, .F. ) ;
#1514 = EDGE_CURVE ( 'NONE', #762, #1851, #548, .T. ) ;
#1515 = EDGE_CURVE ( 'NONE', #944, #201, #388, .T. ) ;
#1516 = PRODUCT ( 'tyl', 'tyl', '', ( #1961 ) ) ;
#1517 = CARTESIAN_POINT ( 'NONE',  ( -197.8553824228612825, 303.1159884794924437, 2.000000000000000000 ) ) ;
#1518 = VERTEX_POINT ( 'NONE', #2611 ) ;
#1519 = DIRECTION ( 'NONE',  ( 1.000000000000000000, 0.000000000000000000, -0.000000000000000000 ) ) ;
#1520 = CARTESIAN_POINT ( 'NONE',  ( -322.9886061297115702, 226.8951998256236209, 4.000000000000000000 ) ) ;
#1521 = VERTEX_POINT ( 'NONE', #57 ) ;
#1522 = FACE_OUTER_BOUND ( 'NONE', #2475, .T. ) ;
#1523 = DIRECTION ( 'NONE',  ( -0.000000000000000000, -0.000000000000000000, 1.000000000000000000 ) ) ;
#1524 = DIRECTION ( 'NONE',  ( -1.000000000000000000, 0.000000000000000000, 0.000000000000000000 ) ) ;
#1525 = VERTEX_POINT ( 'NONE', #2020 ) ;
#1526 = ORIENTED_EDGE ( 'NONE', *, *, #2722, .F. ) ;
#1527 = DIRECTION ( 'NONE',  ( 0.4999999999999950595, 0.8660254037844414832, 0.000000000000000000 ) ) ;
#1528 = VERTEX_POINT ( 'NONE', #2655 ) ;
#1529 =( NAMED_UNIT ( * ) SI_UNIT ( $, .STERADIAN. ) SOLID_ANGLE_UNIT ( ) );
#1530 = EDGE_CURVE ( 'NONE', #3569, #3010, #1163, .T. ) ;
#1531 = VECTOR ( 'NONE', #656, 1000.000000000000114 ) ;
#1532 = CARTESIAN_POINT ( 'NONE',  ( -188.6109892263183667, 311.1275784802687667, 21.00000000000000000 ) ) ;
#1533 = EDGE_CURVE ( 'NONE', #1669, #2212, #277, .T. ) ;
#1534 = VERTEX_POINT ( 'NONE', #2631 ) ;
#1535 = CARTESIAN_POINT ( 'NONE',  ( -189.9109892263183497, 307.8275784802687554, 18.00000000000000355 ) ) ;
#1536 = VECTOR ( 'NONE', #1335, 1000.000000000000000 ) ;
#1537 = DIRECTION ( 'NONE',  ( -0.000000000000000000, -0.000000000000000000, 1.000000000000000000 ) ) ;
#1538 = EDGE_CURVE ( 'NONE', #1372, #115, #630, .T. ) ;
#1539 = CARTESIAN_POINT ( 'NONE',  ( -191.3890594079371681, 230.9068630152645483, 0.000000000000000000 ) ) ;
#1540 = ADVANCED_FACE ( 'NONE', ( #850 ), #895, .F. ) ;
#1541 = ORIENTED_EDGE ( 'NONE', *, *, #3407, .F. ) ;
#1542 = DIRECTION ( 'NONE',  ( 0.000000000000000000, -1.000000000000000000, 0.000000000000000000 ) ) ;
#1543 = AXIS2_PLACEMENT_3D ( 'NONE', #527, #244, #2561 ) ;
#1544 = CARTESIAN_POINT ( 'NONE',  ( -324.9886061297115702, 224.8951998256236209, 21.00000000000000000 ) ) ;
#1545 = CARTESIAN_POINT ( 'NONE',  ( -318.4699915203358955, 303.1159884794924437, 17.69999999999999929 ) ) ;
#1546 = TOROIDAL_SURFACE ( 'NONE', #3294, 11.50000000000000533, 1.500000000000000000 ) ;
#1547 = CARTESIAN_POINT ( 'NONE',  ( -323.6886061297115589, 226.1951998256236038, 18.00000000000000355 ) ) ;
#1548 = DIRECTION ( 'NONE',  ( 0.000000000000000000, 0.000000000000000000, -1.000000000000000000 ) ) ;
#1549 = VERTEX_POINT ( 'NONE', #2057 ) ;
#1550 = VECTOR ( 'NONE', #881, 1000.000000000000000 ) ;
#1551 = AXIS2_PLACEMENT_3D ( 'NONE', #2073, #912, #74 ) ;
#1552 = AXIS2_PLACEMENT_3D ( 'NONE', #1535, #943, #2979 ) ;
#1553 = AXIS2_PLACEMENT_3D ( 'NONE', #3299, #3644, #3606 ) ;
#1554 = ORIENTED_EDGE ( 'NONE', *, *, #575, .F. ) ;
#1555 = DIRECTION ( 'NONE',  ( 1.000000000000000000, 0.000000000000000000, 0.000000000000000000 ) ) ;
#1556 = VERTEX_POINT ( 'NONE', #3172 ) ;
#1557 = DIRECTION ( 'NONE',  ( -1.000000000000000000, 0.000000000000000000, 0.000000000000000000 ) ) ;
#1558 = VECTOR ( 'NONE', #3615, 1000.000000000000000 ) ;
#1559 = CIRCLE ( 'NONE', #1123, 2.000000000000001776 ) ;
#1560 = DIRECTION ( 'NONE',  ( 0.000000000000000000, 0.000000000000000000, -1.000000000000000000 ) ) ;
#1561 = ORIENTED_EDGE ( 'NONE', *, *, #1954, .T. ) ;
#1562 = DIRECTION ( 'NONE',  ( -1.000000000000000000, 1.716930969985244098E-14, 0.000000000000000000 ) ) ;
#1563 = CARTESIAN_POINT ( 'NONE',  ( -196.2388016691299413, 228.1068630152645085, 2.000000000000000000 ) ) ;
#1564 = ORIENTED_EDGE ( 'NONE', *, *, #995, .F. ) ;
#1565 = DIRECTION ( 'NONE',  ( -1.000000000000000000, -1.716930969985214437E-14, 0.000000000000000000 ) ) ;
#1566 = DIRECTION ( 'NONE',  ( 0.5000000000000078826, -0.8660254037844340447, 0.000000000000000000 ) ) ;
#1567 = EDGE_CURVE ( 'NONE', #2256, #2406, #588, .T. ) ;
#1568 = EDGE_CURVE ( 'NONE', #1750, #1440, #3171, .T. ) ;
#1569 = ORIENTED_EDGE ( 'NONE', *, *, #2514, .T. ) ;
#1570 = CARTESIAN_POINT ( 'NONE',  ( -276.6109892263183383, 224.8951998256236209, 21.00000000000000000 ) ) ;
#1571 = ORIENTED_EDGE ( 'NONE', *, *, #965, .T. ) ;
#1572 = PLANE ( 'NONE',  #3665 ) ;
#1573 = ORIENTED_EDGE ( 'NONE', *, *, #2601, .T. ) ;
#1574 = DIRECTION ( 'NONE',  ( -1.000000000000000000, 0.000000000000000000, 0.000000000000000000 ) ) ;
#1575 = ORIENTED_EDGE ( 'NONE', *, *, #1414, .T. ) ;
#1576 = FACE_BOUND ( 'NONE', #689, .T. ) ;
#1577 = ORIENTED_EDGE ( 'NONE', *, *, #2353, .T. ) ;
#1578 = CARTESIAN_POINT ( 'NONE',  ( -189.9109892263183497, 226.1951998256236038, 18.00000000000000355 ) ) ;
#1579 = PLANE ( 'NONE',  #860 ) ;
#1580 = VERTEX_POINT ( 'NONE', #313 ) ;
#1581 = FACE_OUTER_BOUND ( 'NONE', #225, .T. ) ;
#1582 = CARTESIAN_POINT ( 'NONE',  ( -189.9109892263183497, 226.1951998256236038, 18.00000000000000355 ) ) ;
#1583 = EDGE_CURVE ( 'NONE', #1454, #737, #1304, .T. ) ;
#1584 = EDGE_CURVE ( 'NONE', #2984, #3486, #1608, .T. ) ;
#1585 = ORIENTED_EDGE ( 'NONE', *, *, #2420, .F. ) ;
#1586 = ORIENTED_EDGE ( 'NONE', *, *, #783, .T. ) ;
#1587 = CARTESIAN_POINT ( 'NONE',  ( -315.3605378788074631, 300.3159884794923755, 0.000000000000000000 ) ) ;
#1588 = EDGE_CURVE ( 'NONE', #2275, #3395, #1497, .T. ) ;
#1589 = ORIENTED_EDGE ( 'NONE', *, *, #1189, .F. ) ;
#1590 = LINE ( 'NONE', #2439, #103 ) ;
#1591 = CARTESIAN_POINT ( 'NONE',  ( -313.7439571250766335, 230.9068630152645198, 2.000000000000000000 ) ) ;
#1592 = ORIENTED_EDGE ( 'NONE', *, *, #647, .F. ) ;
#1593 = DIRECTION ( 'NONE',  ( -1.000000000000000000, 0.000000000000000000, 0.000000000000000000 ) ) ;
#1594 = DIRECTION ( 'NONE',  ( 1.000000000000000000, 0.000000000000000000, 0.000000000000000000 ) ) ;
#1595 = EDGE_LOOP ( 'NONE', ( #3518, #478, #3024, #2480 ) ) ;
#1596 = LINE ( 'NONE', #3356, #937 ) ;
#1597 = DIRECTION ( 'NONE',  ( -1.000000000000000000, 0.000000000000000000, 0.000000000000000000 ) ) ;
#1598 = CLOSED_SHELL ( 'NONE', ( #2496, #3666, #2440, #900, #2538, #3194, #2046, #2974, #300, #400, #329, #3667, #3111, #3219, #1045, #1395, #2190, #1020, #513, #1352, #3059, #1780, #1496, #2814, #1003, #713, #3707, #1229, #3147, #3391, #3175, #1331, #3392, #2136, #766, #1956, #2693, #1464, #2792, #2488, #514, #470, #3732, #3387, #178, #973, #843, #1468, #1228, #1712, #1692, #236, #2318, #375, #2510, #3454, #1809, #1261, #2064, #948, #1995, #1021, #2606, #879, #1302, #832, #2769, #1070, #11, #476, #595, #3690, #844, #2620, #3067, #2558, #2515, #3549, #3220, #2625, #1005, #573, #1940, #2093, #3620, #3268, #112, #2047, #2191, #1652, #6, #2041, #3246, #2257, #1834, #2905, #918, #696, #1377, #1495, #219, #1463, #643, #734, #3373, #3292, #664, #3524, #3593, #3673, #1540, #3627, #214, #1422, #3247, #217, #2692, #2928, #1187, #130 ) ) ;
#1599 = VECTOR ( 'NONE', #716, 1000.000000000000000 ) ;
#1600 = CARTESIAN_POINT ( 'NONE',  ( -194.6224767234914168, 303.1159884794924437, 4.000000000000000000 ) ) ;
#1601 = EDGE_LOOP ( 'NONE', ( #1646, #1684, #3182, #2243, #1853, #1277 ) ) ;
#1602 = AXIS2_PLACEMENT_3D ( 'NONE', #1476, #2044, #283 ) ;
#1603 = AXIS2_PLACEMENT_3D ( 'NONE', #1682, #503, #3656 ) ;
#1604 = LINE ( 'NONE', #3249, #628 ) ;
#1605 = VERTEX_POINT ( 'NONE', #2744 ) ;
#1606 = AXIS2_PLACEMENT_3D ( 'NONE', #1751, #2917, #2800 ) ;
#1607 = EDGE_CURVE ( 'NONE', #1111, #490, #516, .T. ) ;
#1608 = CIRCLE ( 'NONE', #3603, 2.000000000000001776 ) ;
#1609 = EDGE_CURVE ( 'NONE', #1807, #1949, #1367, .T. ) ;
#1610 = LINE ( 'NONE', #2443, #3359 ) ;
#1611 = DIRECTION ( 'NONE',  ( -0.000000000000000000, 0.000000000000000000, 1.000000000000000000 ) ) ;
#1612 = AXIS2_PLACEMENT_3D ( 'NONE', #755, #2752, #1315 ) ;
#1613 = AXIS2_PLACEMENT_3D ( 'NONE', #2777, #2756, #180 ) ;
#1614 = VECTOR ( 'NONE', #2338, 1000.000000000000000 ) ;
#1615 = CARTESIAN_POINT ( 'NONE',  ( -315.3605378788075768, 233.7068630152645312, 2.000000000000000000 ) ) ;
#1616 = ORIENTED_EDGE ( 'NONE', *, *, #1835, .F. ) ;
#1617 = CARTESIAN_POINT ( 'NONE',  ( -258.2997976780149543, 274.0113891529462080, 0.000000000000000000 ) ) ;
#1618 = CYLINDRICAL_SURFACE ( 'NONE', #805, 1.492872887797314085 ) ;
#1619 = CARTESIAN_POINT ( 'NONE',  ( -193.1156557339476194, 230.9068630152645483, 17.69999999999999929 ) ) ;
#1620 = FACE_OUTER_BOUND ( 'NONE', #1125, .T. ) ;
#1621 = CARTESIAN_POINT ( 'NONE',  ( -195.3742418701270935, 301.8114922401506419, 4.000000000000000888 ) ) ;
#1622 = FACE_OUTER_BOUND ( 'NONE', #3388, .T. ) ;
#1623 = ORIENTED_EDGE ( 'NONE', *, *, #1159, .T. ) ;
#1624 = ORIENTED_EDGE ( 'NONE', *, *, #2855, .F. ) ;
#1625 = LINE ( 'NONE', #3099, #29 ) ;
#1626 = ORIENTED_EDGE ( 'NONE', *, *, #827, .T. ) ;
#1627 = EDGE_CURVE ( 'NONE', #2117, #572, #3363, .T. ) ;
#1628 = EDGE_CURVE ( 'NONE', #1991, #3251, #2088, .T. ) ;
#1629 = DIRECTION ( 'NONE',  ( -0.000000000000000000, -0.000000000000000000, 1.000000000000000000 ) ) ;
#1630 = ORIENTED_EDGE ( 'NONE', *, *, #1644, .F. ) ;
#1631 = DIRECTION ( 'NONE',  ( -1.716930969985303105E-14, -1.000000000000000000, 0.000000000000000000 ) ) ;
#1632 = ORIENTED_EDGE ( 'NONE', *, *, #1114, .F. ) ;
#1633 = CYLINDRICAL_SURFACE ( 'NONE', #1612, 2.500000000000002220 ) ;
#1634 = EDGE_CURVE ( 'NONE', #1128, #1296, #1057, .T. ) ;
#1635 = DIRECTION ( 'NONE',  ( -1.000000000000000000, 0.000000000000000000, 0.000000000000000000 ) ) ;
#1636 = DIRECTION ( 'NONE',  ( 1.000000000000000000, 0.000000000000000000, 0.000000000000000000 ) ) ;
#1637 = ORIENTED_EDGE ( 'NONE', *, *, #3020, .F. ) ;
#1638 = DIRECTION ( 'NONE',  ( 0.000000000000000000, -0.000000000000000000, 1.000000000000000000 ) ) ;
#1639 = DIRECTION ( 'NONE',  ( -0.000000000000000000, 0.000000000000000000, 1.000000000000000000 ) ) ;
#1640 = VERTEX_POINT ( 'NONE', #3265 ) ;
#1641 = VERTEX_POINT ( 'NONE', #2726 ) ;
#1642 = LINE ( 'NONE', #2255, #992 ) ;
#1643 = EDGE_LOOP ( 'NONE', ( #3021, #2912, #1767, #1078, #3250, #686, #1950, #73 ) ) ;
#1644 = EDGE_CURVE ( 'NONE', #572, #1252, #156, .T. ) ;
#1645 = EDGE_CURVE ( 'NONE', #3622, #1171, #2114, .T. ) ;
#1646 = ORIENTED_EDGE ( 'NONE', *, *, #2135, .F. ) ;
#1647 = CARTESIAN_POINT ( 'NONE',  ( -324.9886061297115702, 311.1275784802687667, 0.000000000000000000 ) ) ;
#1648 = ORIENTED_EDGE ( 'NONE', *, *, #3036, .T. ) ;
#1649 = CARTESIAN_POINT ( 'NONE',  ( -189.3109892263183553, 308.4275784802687781, 18.00000000000000355 ) ) ;
#1650 = DIRECTION ( 'NONE',  ( 0.000000000000000000, 0.000000000000000000, -1.000000000000000000 ) ) ;
#1651 = EDGE_CURVE ( 'NONE', #434, #1534, #2464, .T. ) ;
#1652 = ADVANCED_FACE ( 'NONE', ( #370 ), #3058, .F. ) ;
#1653 = DIRECTION ( 'NONE',  ( 0.000000000000000000, 0.000000000000000000, -1.000000000000000000 ) ) ;
#1654 = AXIS2_PLACEMENT_3D ( 'NONE', #790, #1337, #1027 ) ;
#1655 = CARTESIAN_POINT ( 'NONE',  ( -304.6109892263183383, 224.1951998256236038, 18.00000000000000355 ) ) ;
#1656 = ORIENTED_EDGE ( 'NONE', *, *, #2367, .F. ) ;
#1657 = AXIS2_PLACEMENT_3D ( 'NONE', #359, #1439, #15 ) ;
#1658 = CIRCLE ( 'NONE', #1603, 6.000000000000005329 ) ;
#1659 = VERTEX_POINT ( 'NONE', #2423 ) ;
#1660 = LINE ( 'NONE', #3350, #3662 ) ;
#1661 = ORIENTED_EDGE ( 'NONE', *, *, #3502, .F. ) ;
#1662 = CIRCLE ( 'NONE', #627, 2.000000000000001776 ) ;
#1663 = AXIS2_PLACEMENT_3D ( 'NONE', #2366, #1731, #3209 ) ;
#1664 = ORIENTED_EDGE ( 'NONE', *, *, #1355, .F. ) ;
#1665 = AXIS2_PLACEMENT_3D ( 'NONE', #2357, #3509, #3213 ) ;
#1666 = AXIS2_PLACEMENT_3D ( 'NONE', #2261, #2885, #286 ) ;
#1667 = CARTESIAN_POINT ( 'NONE',  ( -321.6886061297115589, 224.1951998256236038, 18.00000000000000355 ) ) ;
#1668 = DIRECTION ( 'NONE',  ( 1.000000000000000000, 0.000000000000000000, 0.000000000000000000 ) ) ;
#1669 = VERTEX_POINT ( 'NONE', #934 ) ;
#1670 = DIRECTION ( 'NONE',  ( 0.000000000000000000, 0.000000000000000000, -1.000000000000000000 ) ) ;
#1671 = DIRECTION ( 'NONE',  ( -0.000000000000000000, 0.000000000000000000, 1.000000000000000000 ) ) ;
#1672 = EDGE_CURVE ( 'NONE', #2970, #3657, #1784, .T. ) ;
#1673 = AXIS2_PLACEMENT_3D ( 'NONE', #23, #3203, #962 ) ;
#1674 = LINE ( 'NONE', #2797, #2138 ) ;
#1675 = CARTESIAN_POINT ( 'NONE',  ( -193.1156557339476194, 230.9068630152645483, 15.00000000000000000 ) ) ;
#1676 = EDGE_CURVE ( 'NONE', #1384, #666, #661, .T. ) ;
#1677 = EDGE_CURVE ( 'NONE', #523, #336, #3025, .T. ) ;
#1678 = LINE ( 'NONE', #2286, #635 ) ;
#1679 = DIRECTION ( 'NONE',  ( -0.000000000000000000, -0.000000000000000000, 1.000000000000000000 ) ) ;
#1680 = ORIENTED_EDGE ( 'NONE', *, *, #1609, .F. ) ;
#1681 = ORIENTED_EDGE ( 'NONE', *, *, #2017, .T. ) ;
#1682 = CARTESIAN_POINT ( 'NONE',  ( -194.6224767234914168, 230.9067898263999439, 4.000000000000000000 ) ) ;
#1683 = ORIENTED_EDGE ( 'NONE', *, *, #3675, .T. ) ;
#1684 = ORIENTED_EDGE ( 'NONE', *, *, #2022, .F. ) ;
#1685 = CARTESIAN_POINT ( 'NONE',  ( -318.5936993862695203, 233.7068630152645881, 0.000000000000000000 ) ) ;
#1686 = ORIENTED_EDGE ( 'NONE', *, *, #2113, .F. ) ;
#1687 = DIRECTION ( 'NONE',  ( -1.000000000000000000, 0.000000000000000000, 0.000000000000000000 ) ) ;
#1688 = CARTESIAN_POINT ( 'NONE',  ( -194.6222209153991685, 303.1159884794925006, 2.000000000000000000 ) ) ;
#1689 = APPLICATION_PROTOCOL_DEFINITION ( 'draft international standard', 'automotive_design', 1998, #3448 ) ;
#1690 = CARTESIAN_POINT ( 'NONE',  ( -322.9886061297115702, 309.1275784802687667, 0.000000000000000000 ) ) ;
#1691 = EDGE_CURVE ( 'NONE', #394, #1916, #2985, .T. ) ;
#1692 = ADVANCED_FACE ( 'NONE', ( #2181, #2098 ), #3327, .F. ) ;
#1693 = DIRECTION ( 'NONE',  ( -1.224646799147353207E-16, 1.000000000000000000, 0.000000000000000000 ) ) ;
#1694 = ORIENTED_EDGE ( 'NONE', *, *, #1934, .F. ) ;
#1695 = VERTEX_POINT ( 'NONE', #682 ) ;
#1696 = DIRECTION ( 'NONE',  ( -0.000000000000000000, -0.000000000000000000, -1.000000000000000000 ) ) ;
#1697 = ORIENTED_EDGE ( 'NONE', *, *, #2995, .F. ) ;
#1698 = ORIENTED_EDGE ( 'NONE', *, *, #1634, .T. ) ;
#1699 = CARTESIAN_POINT ( 'NONE',  ( -259.2997976780149543, 274.0113891529462080, 4.000000000000000000 ) ) ;
#1700 = VERTEX_POINT ( 'NONE', #2132 ) ;
#1701 = DIRECTION ( 'NONE',  ( 0.000000000000000000, -1.000000000000000000, 0.000000000000000000 ) ) ;
#1702 = CARTESIAN_POINT ( 'NONE',  ( -322.9886061297115702, 311.1275784802687667, 21.00000000000000000 ) ) ;
#1703 = CARTESIAN_POINT ( 'NONE',  ( -323.6886061297115589, 0.000000000000000000, 21.00000000000000000 ) ) ;
#1704 = CARTESIAN_POINT ( 'NONE',  ( -188.6224767234914168, 230.9067898263999439, 6.999999999999999112 ) ) ;
#1705 = VERTEX_POINT ( 'NONE', #3284 ) ;
#1706 = VECTOR ( 'NONE', #1262, 1000.000000000000000 ) ;
#1707 = ORIENTED_EDGE ( 'NONE', *, *, #1609, .T. ) ;
#1708 = VECTOR ( 'NONE', #2696, 1000.000000000000114 ) ;
#1709 = DIRECTION ( 'NONE',  ( 0.5000000000000078826, 0.8660254037844340447, 0.000000000000000000 ) ) ;
#1710 = ORIENTED_EDGE ( 'NONE', *, *, #1136, .F. ) ;
#1711 = EDGE_CURVE ( 'NONE', #1953, #1985, #1604, .T. ) ;
#1712 = ADVANCED_FACE ( 'NONE', ( #648 ), #1572, .T. ) ;
#1713 = AXIS2_PLACEMENT_3D ( 'NONE', #1942, #1403, #3681 ) ;
#1714 = DIRECTION ( 'NONE',  ( -0.000000000000000000, 0.000000000000000000, 1.000000000000000000 ) ) ;
#1715 = FACE_OUTER_BOUND ( 'NONE', #2902, .T. ) ;
#1716 = CARTESIAN_POINT ( 'NONE',  ( -304.6109892263183383, 223.5951998256236095, 18.00000000000000355 ) ) ;
#1717 = EDGE_LOOP ( 'NONE', ( #2267, #3041, #2711, #2483 ) ) ;
#1718 = CARTESIAN_POINT ( 'NONE',  ( -318.5936993862695203, 300.3159884794923755, 0.000000000000000000 ) ) ;
#1719 = VECTOR ( 'NONE', #3505, 1000.000000000000000 ) ;
#1720 = CARTESIAN_POINT ( 'NONE',  ( -188.6109892263183667, 224.8951998256236209, 4.000000000000000000 ) ) ;
#1721 = AXIS2_PLACEMENT_3D ( 'NONE', #2079, #2660, #3235 ) ;
#1722 = AXIS2_PLACEMENT_3D ( 'NONE', #951, #2160, #1555 ) ;
#1723 = CARTESIAN_POINT ( 'NONE',  ( -318.5936993862694635, 228.1068630152644516, 0.000000000000000000 ) ) ;
#1724 = DIRECTION ( 'NONE',  ( 1.000000000000000000, 0.000000000000000000, 0.000000000000000000 ) ) ;
#1725 = EDGE_LOOP ( 'NONE', ( #2632, #3310, #1569, #89 ) ) ;
#1726 = LINE ( 'NONE', #1461, #441 ) ;
#1727 = AXIS2_PLACEMENT_3D ( 'NONE', #3745, #529, #1687 ) ;
#1728 = CIRCLE ( 'NONE', #111, 1.482348964793822610 ) ;
#1729 = DIRECTION ( 'NONE',  ( 0.000000000000000000, 0.000000000000000000, -1.000000000000000000 ) ) ;
#1730 = ORIENTED_EDGE ( 'NONE', *, *, #3646, .T. ) ;
#1731 = DIRECTION ( 'NONE',  ( 0.000000000000000000, 0.000000000000000000, 1.000000000000000000 ) ) ;
#1732 = VERTEX_POINT ( 'NONE', #1655 ) ;
#1733 = CARTESIAN_POINT ( 'NONE',  ( -194.6224767234914168, 230.9067898263999439, 6.999999999999999112 ) ) ;
#1734 = EDGE_CURVE ( 'NONE', #3251, #3614, #498, .T. ) ;
#1735 = CARTESIAN_POINT ( 'NONE',  ( -193.1293480276018499, 303.1159884794925006, 15.00000000000000000 ) ) ;
#1736 = CARTESIAN_POINT ( 'NONE',  ( -196.2388016691299413, 233.7068630152645881, 2.000000000000000000 ) ) ;
#1737 = EDGE_CURVE ( 'NONE', #1549, #1252, #998, .T. ) ;
#1738 = ORIENTED_EDGE ( 'NONE', *, *, #1691, .T. ) ;
#1739 = CARTESIAN_POINT ( 'NONE',  ( 0.000000000000000000, 224.1951998256236038, 18.00000000000000355 ) ) ;
#1740 = DIRECTION ( 'NONE',  ( 0.000000000000000000, 0.000000000000000000, -1.000000000000000000 ) ) ;
#1741 = ORIENTED_EDGE ( 'NONE', *, *, #402, .T. ) ;
#1742 = DIRECTION ( 'NONE',  ( 1.000000000000000000, -0.000000000000000000, 0.000000000000000000 ) ) ;
#1743 = CARTESIAN_POINT ( 'NONE',  ( -320.9886061297115702, 226.8951998256236209, 21.00000000000000000 ) ) ;
#1744 = DIRECTION ( 'NONE',  ( -0.000000000000000000, -1.000000000000000000, -0.000000000000000000 ) ) ;
#1745 = VERTEX_POINT ( 'NONE', #532 ) ;
#1746 = ORIENTED_EDGE ( 'NONE', *, *, #1861, .F. ) ;
#1747 = DIRECTION ( 'NONE',  ( -0.000000000000000000, -0.000000000000000000, -1.000000000000000000 ) ) ;
#1748 = VERTEX_POINT ( 'NONE', #1394 ) ;
#1749 = CARTESIAN_POINT ( 'NONE',  ( -324.9886061297115702, 224.8951998256236209, 14.00000000000000000 ) ) ;
#1750 = VERTEX_POINT ( 'NONE', #3419 ) ;
#1751 = CARTESIAN_POINT ( 'NONE',  ( -188.6109892263183667, 311.1275784802687667, 21.00000000000000000 ) ) ;
#1752 = DIRECTION ( 'NONE',  ( 0.000000000000000000, 0.000000000000000000, -1.000000000000000000 ) ) ;
#1753 = ORIENTED_EDGE ( 'NONE', *, *, #1424, .T. ) ;
#1754 = CARTESIAN_POINT ( 'NONE',  ( -318.5936993862695203, 233.7068630152645881, 2.000000000000000000 ) ) ;
#1755 = EDGE_CURVE ( 'NONE', #2689, #3477, #1948, .T. ) ;
#1756 = CARTESIAN_POINT ( 'NONE',  ( -193.0056401616681683, 305.9159884794924551, 2.000000000000000000 ) ) ;
#1757 = CARTESIAN_POINT ( 'NONE',  ( -304.6109892263183383, 223.5951998256236095, 21.00000000000000000 ) ) ;
#1758 = ORIENTED_EDGE ( 'NONE', *, *, #444, .T. ) ;
#1759 = FACE_OUTER_BOUND ( 'NONE', #2071, .T. ) ;
#1760 = EDGE_CURVE ( 'NONE', #1272, #2803, #1180, .T. ) ;
#1761 = EDGE_CURVE ( 'NONE', #1549, #2117, #270, .T. ) ;
#1762 = CARTESIAN_POINT ( 'NONE',  ( -249.7376198515239025, 263.5113891529462080, 3.000000000000000000 ) ) ;
#1763 = DIRECTION ( 'NONE',  ( 1.000000000000000000, 0.000000000000000000, 0.000000000000000000 ) ) ;
#1764 = ORIENTED_EDGE ( 'NONE', *, *, #1095, .T. ) ;
#1765 = ORIENTED_EDGE ( 'NONE', *, *, #1415, .F. ) ;
#1766 = CARTESIAN_POINT ( 'NONE',  ( -322.9886061297115702, 309.1275784802687667, 4.000000000000000000 ) ) ;
#1767 = ORIENTED_EDGE ( 'NONE', *, *, #424, .F. ) ;
#1768 = VECTOR ( 'NONE', #961, 1000.000000000000000 ) ;
#1769 = DIRECTION ( 'NONE',  ( 0.000000000000000000, 0.000000000000000000, -1.000000000000000000 ) ) ;
#1770 = AXIS2_PLACEMENT_3D ( 'NONE', #1690, #602, #2108 ) ;
#1771 = DIRECTION ( 'NONE',  ( 0.000000000000000000, 0.000000000000000000, -1.000000000000000000 ) ) ;
#1772 = PLANE ( 'NONE',  #2516 ) ;
#1773 = ORIENTED_EDGE ( 'NONE', *, *, #1514, .T. ) ;
#1774 = DIRECTION ( 'NONE',  ( -0.000000000000000000, -0.000000000000000000, 1.000000000000000000 ) ) ;
#1775 = DIRECTION ( 'NONE',  ( 0.000000000000000000, 0.000000000000000000, -1.000000000000000000 ) ) ;
#1776 = VECTOR ( 'NONE', #1975, 1000.000000000000227 ) ;
#1777 = VECTOR ( 'NONE', #63, 1000.000000000000000 ) ;
#1778 = DIRECTION ( 'NONE',  ( 1.000000000000000000, 0.000000000000000000, 0.000000000000000000 ) ) ;
#1779 = VERTEX_POINT ( 'NONE', #763 ) ;
#1780 = ADVANCED_FACE ( 'NONE', ( #468 ), #2552, .F. ) ;
#1781 = DIRECTION ( 'NONE',  ( 0.000000000000000000, 0.000000000000000000, -1.000000000000000000 ) ) ;
#1782 = DIRECTION ( 'NONE',  ( 0.000000000000000000, 1.000000000000000000, 0.000000000000000000 ) ) ;
#1783 = VECTOR ( 'NONE', #1206, 1000.000000000000227 ) ;
#1784 = CIRCLE ( 'NONE', #1722, 2.000000000000001776 ) ;
#1785 = DIRECTION ( 'NONE',  ( 0.000000000000000000, 0.000000000000000000, -1.000000000000000000 ) ) ;
#1786 = AXIS2_PLACEMENT_3D ( 'NONE', #2234, #2718, #127 ) ;
#1787 = EDGE_CURVE ( 'NONE', #680, #1779, #3118, .T. ) ;
#1788 = AXIS2_PLACEMENT_3D ( 'NONE', #3206, #2932, #2592 ) ;
#1789 = EDGE_CURVE ( 'NONE', #3298, #440, #1088, .T. ) ;
#1790 = EDGE_LOOP ( 'NONE', ( #453, #655, #413, #396, #3100, #2230, #901, #2766, #2205, #451, #1564, #1447, #2056, #1208, #1063, #1001, #539, #994, #2871, #1879 ) ) ;
#1791 = CARTESIAN_POINT ( 'NONE',  ( -320.2102801400004637, 303.1159884794923300, 2.000000000000000000 ) ) ;
#1792 = TOROIDAL_SURFACE ( 'NONE', #3005, 3.500000000000012434, 1.000000000000000000 ) ;
#1793 = AXIS2_PLACEMENT_3D ( 'NONE', #1175, #862, #2662 ) ;
#1794 = ORIENTED_EDGE ( 'NONE', *, *, #2790, .F. ) ;
#1795 = DIRECTION ( 'NONE',  ( 1.000000000000000000, 0.000000000000000000, 0.000000000000000000 ) ) ;
#1796 = EDGE_LOOP ( 'NONE', ( #1306, #544, #3390, #2629 ) ) ;
#1797 = DIRECTION ( 'NONE',  ( 0.000000000000000000, -0.000000000000000000, -1.000000000000000000 ) ) ;
#1798 = LINE ( 'NONE', #2100, #1777 ) ;
#1799 = EDGE_LOOP ( 'NONE', ( #2289, #3564, #1399, #3141 ) ) ;
#1800 = CARTESIAN_POINT ( 'NONE',  ( 0.000000000000000000, 0.000000000000000000, 4.000000000000000000 ) ) ;
#1801 = CARTESIAN_POINT ( 'NONE',  ( -194.6224767234914168, 303.1159884794924437, 17.69999999999999929 ) ) ;
#1802 = VERTEX_POINT ( 'NONE', #1321 ) ;
#1803 = DIRECTION ( 'NONE',  ( 0.000000000000000000, 0.000000000000000000, -1.000000000000000000 ) ) ;
#1804 = DIRECTION ( 'NONE',  ( -0.000000000000000000, -0.000000000000000000, 1.000000000000000000 ) ) ;
#1805 = FACE_BOUND ( 'NONE', #285, .T. ) ;
#1806 = CARTESIAN_POINT ( 'NONE',  ( 0.000000000000000000, 224.1951998256236038, 21.00000000000000000 ) ) ;
#1807 = VERTEX_POINT ( 'NONE', #3370 ) ;
#1808 = EDGE_CURVE ( 'NONE', #769, #835, #1984, .T. ) ;
#1809 = ADVANCED_FACE ( 'NONE', ( #1622 ), #3634, .F. ) ;
#1810 = EDGE_LOOP ( 'NONE', ( #2402, #3190, #952, #494 ) ) ;
#1811 = CARTESIAN_POINT ( 'NONE',  ( -318.5936993862694635, 228.1068630152644516, 2.000000000000000000 ) ) ;
#1812 = ORIENTED_EDGE ( 'NONE', *, *, #471, .T. ) ;
#1813 = EDGE_CURVE ( 'NONE', #28, #1700, #3082, .T. ) ;
#1814 = EDGE_CURVE ( 'NONE', #1580, #2158, #2702, .T. ) ;
#1815 = ORIENTED_EDGE ( 'NONE', *, *, #3177, .T. ) ;
#1816 = LINE ( 'NONE', #2469, #1117 ) ;
#1817 = ORIENTED_EDGE ( 'NONE', *, *, #1711, .T. ) ;
#1818 = CARTESIAN_POINT ( 'NONE',  ( -276.6109892263183383, 218.2931405177996567, 14.00000000000000000 ) ) ;
#1819 = CARTESIAN_POINT ( 'NONE',  ( -316.9771186325385202, 230.9067898263999439, 17.69999999999999929 ) ) ;
#1820 = CARTESIAN_POINT ( 'NONE',  ( -276.6109892263183383, 224.8951998256236209, 21.00000000000000000 ) ) ;
#1821 = ORIENTED_EDGE ( 'NONE', *, *, #531, .T. ) ;
#1822 = DIRECTION ( 'NONE',  ( -1.000000000000000000, 0.000000000000000000, 0.000000000000000000 ) ) ;
#1823 = DIRECTION ( 'NONE',  ( 1.000000000000000000, 0.000000000000000000, 0.000000000000000000 ) ) ;
#1824 = FACE_OUTER_BOUND ( 'NONE', #820, .T. ) ;
#1825 = LINE ( 'NONE', #1806, #3426 ) ;
#1826 = ORIENTED_EDGE ( 'NONE', *, *, #2559, .F. ) ;
#1827 = ORIENTED_EDGE ( 'NONE', *, *, #966, .F. ) ;
#1828 = DIRECTION ( 'NONE',  ( -0.000000000000000000, -1.000000000000000000, -0.000000000000000000 ) ) ;
#1829 = VERTEX_POINT ( 'NONE', #778 ) ;
#1830 = CARTESIAN_POINT ( 'NONE',  ( -188.6109892263183667, 311.1275784802687667, 4.000000000000000000 ) ) ;
#1831 = CIRCLE ( 'NONE', #2011, 1.492872887797369597 ) ;
#1832 = CARTESIAN_POINT ( 'NONE',  ( -193.0056401616681683, 228.1068630152645085, 0.000000000000000000 ) ) ;
#1833 = EDGE_LOOP ( 'NONE', ( #672, #1794 ) ) ;
#1834 = ADVANCED_FACE ( 'NONE', ( #3651 ), #520, .T. ) ;
#1835 = EDGE_CURVE ( 'NONE', #3266, #526, #333, .T. ) ;
#1836 = DIRECTION ( 'NONE',  ( -0.000000000000000000, 0.000000000000000000, 1.000000000000000000 ) ) ;
#1837 = CARTESIAN_POINT ( 'NONE',  ( 0.000000000000000000, 224.1951998256236038, 18.00000000000000355 ) ) ;
#1838 = DIRECTION ( 'NONE',  ( 1.000000000000000000, 0.000000000000000000, 0.000000000000000000 ) ) ;
#1839 = DIRECTION ( 'NONE',  ( 0.000000000000000000, 0.000000000000000000, -1.000000000000000000 ) ) ;
#1840 = AXIS2_PLACEMENT_3D ( 'NONE', #3394, #2532, #3089 ) ;
#1841 = DIRECTION ( 'NONE',  ( -0.000000000000000000, -0.000000000000000000, 1.000000000000000000 ) ) ;
#1842 = AXIS2_PLACEMENT_3D ( 'NONE', #473, #1055, #1412 ) ;
#1843 = CARTESIAN_POINT ( 'NONE',  ( -252.2376198515239309, 263.5113891529462080, 3.000000000000000000 ) ) ;
#1844 = LINE ( 'NONE', #1012, #2882 ) ;
#1845 = VERTEX_POINT ( 'NONE', #1964 ) ;
#1846 = VECTOR ( 'NONE', #3300, 1000.000000000000000 ) ;
#1847 = AXIS2_PLACEMENT_3D ( 'NONE', #1264, #1828, #969 ) ;
#1848 = DIRECTION ( 'NONE',  ( -1.000000000000000000, 0.000000000000000000, 0.000000000000000000 ) ) ;
#1849 = AXIS2_PLACEMENT_3D ( 'NONE', #2811, #530, #2600 ) ;
#1850 = AXIS2_PLACEMENT_3D ( 'NONE', #2870, #2055, #1763 ) ;
#1851 = VERTEX_POINT ( 'NONE', #1073 ) ;
#1852 = DIRECTION ( 'NONE',  ( 0.000000000000000000, -0.000000000000000000, -1.000000000000000000 ) ) ;
#1853 = ORIENTED_EDGE ( 'NONE', *, *, #2723, .F. ) ;
#1854 = LINE ( 'NONE', #2182, #3243 ) ;
#1855 = VECTOR ( 'NONE', #3339, 1000.000000000000000 ) ;
#1856 = VECTOR ( 'NONE', #2546, 1000.000000000000000 ) ;
#1857 = VECTOR ( 'NONE', #1804, 1000.000000000000000 ) ;
#1858 = DIRECTION ( 'NONE',  ( -1.000000000000000000, 0.000000000000000000, 0.000000000000000000 ) ) ;
#1859 = ORIENTED_EDGE ( 'NONE', *, *, #3686, .T. ) ;
#1860 = EDGE_CURVE ( 'NONE', #1949, #2803, #2334, .T. ) ;
#1861 = EDGE_CURVE ( 'NONE', #2978, #1750, #1103, .T. ) ;
#1862 = CARTESIAN_POINT ( 'NONE',  ( -322.2886061297115816, 225.5951998256236095, 18.00000000000000355 ) ) ;
#1863 = LINE ( 'NONE', #1271, #2512 ) ;
#1864 = ORIENTED_EDGE ( 'NONE', *, *, #3708, .F. ) ;
#1865 = FACE_OUTER_BOUND ( 'NONE', #1013, .T. ) ;
#1866 = DIRECTION ( 'NONE',  ( -0.000000000000000000, -1.000000000000000000, -0.000000000000000000 ) ) ;
#1867 = ORIENTED_EDGE ( 'NONE', *, *, #3150, .T. ) ;
#1868 = EDGE_CURVE ( 'NONE', #3270, #944, #3296, .T. ) ;
#1869 = DIRECTION ( 'NONE',  ( 0.000000000000000000, 0.000000000000000000, -1.000000000000000000 ) ) ;
#1870 = CARTESIAN_POINT ( 'NONE',  ( -322.9886061297115702, 311.1275784802687667, 4.000000000000000000 ) ) ;
#1871 = ORIENTED_EDGE ( 'NONE', *, *, #2855, .T. ) ;
#1872 = FACE_OUTER_BOUND ( 'NONE', #3406, .T. ) ;
#1873 = EDGE_LOOP ( 'NONE', ( #151, #1363, #1630, #3376 ) ) ;
#1874 = FACE_OUTER_BOUND ( 'NONE', #3128, .T. ) ;
#1875 = DIRECTION ( 'NONE',  ( -1.000000000000000000, 0.000000000000000000, 0.000000000000000000 ) ) ;
#1876 = EDGE_LOOP ( 'NONE', ( #176, #3120, #2663, #3425, #2805, #727 ) ) ;
#1877 = CARTESIAN_POINT ( 'NONE',  ( -196.0764898350660985, 303.5067660959202271, 4.000000000000004441 ) ) ;
#1878 = DIRECTION ( 'NONE',  ( 0.000000000000000000, 0.000000000000000000, -1.000000000000000000 ) ) ;
#1879 = ORIENTED_EDGE ( 'NONE', *, *, #1979, .T. ) ;
#1880 = PLANE ( 'NONE',  #3550 ) ;
#1881 = CARTESIAN_POINT ( 'NONE',  ( -320.9886061297115702, 307.1275784802687667, 21.00000000000000000 ) ) ;
#1882 = DIRECTION ( 'NONE',  ( -0.000000000000000000, -0.000000000000000000, -1.000000000000000000 ) ) ;
#1883 = ORIENTED_EDGE ( 'NONE', *, *, #2741, .T. ) ;
#1884 = FACE_BOUND ( 'NONE', #68, .T. ) ;
#1885 = CARTESIAN_POINT ( 'NONE',  ( -318.4699915203358955, 303.1159884794924437, 2.000000000000000000 ) ) ;
#1886 = DIRECTION ( 'NONE',  ( -0.000000000000000000, -0.000000000000000000, 1.000000000000000000 ) ) ;
#1887 = VERTEX_POINT ( 'NONE', #1450 ) ;
#1888 = EDGE_CURVE ( 'NONE', #3477, #1093, #2570, .T. ) ;
#1889 = EDGE_CURVE ( 'NONE', #2026, #589, #291, .T. ) ;
#1890 = CARTESIAN_POINT ( 'NONE',  ( -322.2886061297115816, 223.5951998256236095, 21.00000000000000000 ) ) ;
#1891 = ORIENTED_EDGE ( 'NONE', *, *, #1044, .T. ) ;
#1892 = PRESENTATION_STYLE_ASSIGNMENT (( #3267 ) ) ;
#1893 = CARTESIAN_POINT ( 'NONE',  ( -196.1297961022495144, 230.9068630152645483, 17.69999999999999929 ) ) ;
#1894 = ORIENTED_EDGE ( 'NONE', *, *, #2301, .F. ) ;
#1895 = DIRECTION ( 'NONE',  ( 0.000000000000000000, 0.000000000000000000, -1.000000000000000000 ) ) ;
#1896 = DIRECTION ( 'NONE',  ( -1.000000000000000000, 0.000000000000000000, 0.000000000000000000 ) ) ;
#1897 = CARTESIAN_POINT ( 'NONE',  ( -196.1297961022495144, 230.9068630152645483, 2.000000000000000000 ) ) ;
#1898 = ORIENTED_EDGE ( 'NONE', *, *, #2723, .T. ) ;
#1899 = DIRECTION ( 'NONE',  ( -1.000000000000000000, 0.000000000000000000, 0.000000000000000000 ) ) ;
#1900 = CYLINDRICAL_SURFACE ( 'NONE', #932, 1.492872887797369597 ) ;
#1901 = AXIS2_PLACEMENT_3D ( 'NONE', #2033, #583, #2908 ) ;
#1902 = CARTESIAN_POINT ( 'NONE',  ( -255.7997976780149827, 267.0113891529462080, 0.000000000000000000 ) ) ;
#1903 = AXIS2_PLACEMENT_3D ( 'NONE', #315, #1455, #967 ) ;
#1904 = DIRECTION ( 'NONE',  ( -1.000000000000000000, 0.000000000000000000, 0.000000000000000000 ) ) ;
#1905 = LINE ( 'NONE', #3056, #384 ) ;
#1906 = CIRCLE ( 'NONE', #90, 3.000000000000000000 ) ;
#1907 = CARTESIAN_POINT ( 'NONE',  ( -186.6109892263183667, 309.1275784802687667, 21.00000000000000000 ) ) ;
#1908 = EDGE_CURVE ( 'NONE', #649, #2919, #3234, .T. ) ;
#1909 = EDGE_CURVE ( 'NONE', #3506, #3614, #2642, .T. ) ;
#1910 = ORIENTED_EDGE ( 'NONE', *, *, #2086, .T. ) ;
#1911 = CIRCLE ( 'NONE', #803, 1.492872887797314085 ) ;
#1912 = CARTESIAN_POINT ( 'NONE',  ( -186.6109892263183667, 309.1275784802687667, 4.000000000000000000 ) ) ;
#1913 = ORIENTED_EDGE ( 'NONE', *, *, #3502, .T. ) ;
#1914 = CIRCLE ( 'NONE', #2276, 6.000000000000005329 ) ;
#1915 = VECTOR ( 'NONE', #1030, 1000.000000000000000 ) ;
#1916 = VERTEX_POINT ( 'NONE', #2038 ) ;
#1917 = DIRECTION ( 'NONE',  ( 0.000000000000000000, 0.000000000000000000, 1.000000000000000000 ) ) ;
#1918 = TOROIDAL_SURFACE ( 'NONE', #2400, 5.999999999999994671, 3.000000000000000000 ) ;
#1919 = LINE ( 'NONE', #3352, #793 ) ;
#1920 = CIRCLE ( 'NONE', #3122, 3.000000000000002665 ) ;
#1921 = VECTOR ( 'NONE', #268, 1000.000000000000000 ) ;
#1922 = FACE_OUTER_BOUND ( 'NONE', #780, .T. ) ;
#1923 = CARTESIAN_POINT ( 'NONE',  ( -320.9886061297115702, 309.1275784802687667, 4.000000000000000000 ) ) ;
#1924 = ORIENTED_EDGE ( 'NONE', *, *, #2489, .F. ) ;
#1925 = DIRECTION ( 'NONE',  ( 0.000000000000000000, 1.000000000000000000, 0.000000000000000000 ) ) ;
#1926 = DIRECTION ( 'NONE',  ( -0.000000000000000000, -0.000000000000000000, 1.000000000000000000 ) ) ;
#1927 = DIRECTION ( 'NONE',  ( -0.000000000000000000, -0.000000000000000000, 1.000000000000000000 ) ) ;
#1928 = CARTESIAN_POINT ( 'NONE',  ( -194.6224767234914168, 230.9067898263999439, 6.999999999999999112 ) ) ;
#1929 = DIRECTION ( 'NONE',  ( 1.000000000000000000, 0.000000000000000000, 0.000000000000000000 ) ) ;
#1930 = EDGE_LOOP ( 'NONE', ( #3374, #1299, #229, #1891 ) ) ;
#1931 = CARTESIAN_POINT ( 'NONE',  ( -195.8162459061604181, 302.1985047397657240, 4.000000000000003553 ) ) ;
#1932 = CARTESIAN_POINT ( 'NONE',  ( -193.0056401616681683, 233.7068630152645881, 2.000000000000000000 ) ) ;
#1933 = VERTEX_POINT ( 'NONE', #845 ) ;
#1934 = EDGE_CURVE ( 'NONE', #1397, #3614, #1308, .T. ) ;
#1935 = EDGE_CURVE ( 'NONE', #3740, #1186, #3277, .T. ) ;
#1936 = ORIENTED_EDGE ( 'NONE', *, *, #2602, .T. ) ;
#1937 = CARTESIAN_POINT ( 'NONE',  ( -194.6227259180985527, 230.9068630152645483, 15.00000000000000000 ) ) ;
#1938 = EDGE_LOOP ( 'NONE', ( #2859, #2780, #1418, #3311 ) ) ;
#1939 = EDGE_CURVE ( 'NONE', #3657, #2542, #2287, .T. ) ;
#1940 = ADVANCED_FACE ( 'NONE', ( #1432 ), #1996, .F. ) ;
#1941 = EDGE_LOOP ( 'NONE', ( #2179, #1109, #2307, #662 ) ) ;
#1942 = CARTESIAN_POINT ( 'NONE',  ( -316.9771186325385202, 230.9067898263999439, 17.69999999999999929 ) ) ;
#1943 = ORIENTED_EDGE ( 'NONE', *, *, #1568, .T. ) ;
#1944 = CYLINDRICAL_SURFACE ( 'NONE', #2524, 2.000000000000001776 ) ;
#1945 = DIRECTION ( 'NONE',  ( 1.000000000000000000, 0.000000000000000000, 0.000000000000000000 ) ) ;
#1946 = DIRECTION ( 'NONE',  ( -1.000000000000000000, 0.000000000000000000, 0.000000000000000000 ) ) ;
#1947 = ORIENTED_EDGE ( 'NONE', *, *, #2398, .T. ) ;
#1948 = LINE ( 'NONE', #2838, #1915 ) ;
#1949 = VERTEX_POINT ( 'NONE', #2013 ) ;
#1950 = ORIENTED_EDGE ( 'NONE', *, *, #3269, .F. ) ;
#1951 = DIRECTION ( 'NONE',  ( 1.000000000000000000, 0.000000000000000000, 0.000000000000000000 ) ) ;
#1952 = ORIENTED_EDGE ( 'NONE', *, *, #31, .T. ) ;
#1953 = VERTEX_POINT ( 'NONE', #2626 ) ;
#1954 = EDGE_CURVE ( 'NONE', #1387, #3618, #3437, .T. ) ;
#1955 = CYLINDRICAL_SURFACE ( 'NONE', #1713, 1.492872887797369597 ) ;
#1956 = ADVANCED_FACE ( 'NONE', ( #2303 ), #271, .F. ) ;
#1957 = VERTEX_POINT ( 'NONE', #2414 ) ;
#1958 = LINE ( 'NONE', #3106, #408 ) ;
#1959 = DIRECTION ( 'NONE',  ( 0.000000000000000000, -0.000000000000000000, -1.000000000000000000 ) ) ;
#1960 = CARTESIAN_POINT ( 'NONE',  ( -323.6886061297115589, 0.000000000000000000, 18.00000000000000355 ) ) ;
#1961 = PRODUCT_CONTEXT ( 'NONE', #3204, 'mechanical' ) ;
#1962 = AXIS2_PLACEMENT_3D ( 'NONE', #3193, #2634, #2059 ) ;
#1963 = ORIENTED_EDGE ( 'NONE', *, *, #471, .F. ) ;
#1964 = CARTESIAN_POINT ( 'NONE',  ( -318.5936993862695203, 300.3159884794923755, 0.000000000000000000 ) ) ;
#1965 = ORIENTED_EDGE ( 'NONE', *, *, #533, .F. ) ;
#1966 = AXIS2_PLACEMENT_3D ( 'NONE', #3271, #722, #452 ) ;
#1967 = ORIENTED_EDGE ( 'NONE', *, *, #878, .F. ) ;
#1968 = CARTESIAN_POINT ( 'NONE',  ( -194.6227259180985527, 230.9068630152645483, 17.69999999999999929 ) ) ;
#1969 = ORIENTED_EDGE ( 'NONE', *, *, #3315, .T. ) ;
#1970 = AXIS2_PLACEMENT_3D ( 'NONE', #855, #2582, #42 ) ;
#1971 = VECTOR ( 'NONE', #2500, 1000.000000000000000 ) ;
#1972 = ORIENTED_EDGE ( 'NONE', *, *, #60, .T. ) ;
#1973 = AXIS2_PLACEMENT_3D ( 'NONE', #1025, #2833, #1650 ) ;
#1974 = CIRCLE ( 'NONE', #811, 3.000000000000002665 ) ;
#1975 = DIRECTION ( 'NONE',  ( -0.5000000000000078826, -0.8660254037844340447, 0.000000000000000000 ) ) ;
#1976 = DIRECTION ( 'NONE',  ( 1.000000000000000000, 0.000000000000000000, 0.000000000000000000 ) ) ;
#1977 = DIRECTION ( 'NONE',  ( -1.000000000000000000, 0.000000000000000000, 0.000000000000000000 ) ) ;
#1978 = AXIS2_PLACEMENT_3D ( 'NONE', #2176, #3035, #163 ) ;
#1979 = EDGE_CURVE ( 'NONE', #261, #1009, #3237, .T. ) ;
#1980 = VECTOR ( 'NONE', #2134, 1000.000000000000000 ) ;
#1981 = EDGE_CURVE ( 'NONE', #2751, #1705, #1920, .T. ) ;
#1982 = DIRECTION ( 'NONE',  ( 1.000000000000000000, 0.000000000000000000, 0.000000000000000000 ) ) ;
#1983 = LINE ( 'NONE', #2816, #1042 ) ;
#1984 = LINE ( 'NONE', #2821, #1971 ) ;
#1985 = VERTEX_POINT ( 'NONE', #2853 ) ;
#1986 = ORIENTED_EDGE ( 'NONE', *, *, #848, .F. ) ;
#1987 = CARTESIAN_POINT ( 'NONE',  ( -276.6109892263183383, 224.1951998256236038, 21.00000000000000000 ) ) ;
#1988 = ORIENTED_EDGE ( 'NONE', *, *, #2262, .F. ) ;
#1989 = VERTEX_POINT ( 'NONE', #3565 ) ;
#1990 = PLANE ( 'NONE',  #3288 ) ;
#1991 = VERTEX_POINT ( 'NONE', #543 ) ;
#1992 = DIRECTION ( 'NONE',  ( -0.4999999999999801825, -0.8660254037844501429, 0.000000000000000000 ) ) ;
#1993 = DIRECTION ( 'NONE',  ( 0.000000000000000000, 0.000000000000000000, -1.000000000000000000 ) ) ;
#1994 = DIRECTION ( 'NONE',  ( -0.000000000000000000, 0.000000000000000000, 1.000000000000000000 ) ) ;
#1995 = ADVANCED_FACE ( 'NONE', ( #829 ), #604, .F. ) ;
#1996 = PLANE ( 'NONE',  #2948 ) ;
#1997 = EDGE_CURVE ( 'NONE', #1195, #1380, #518, .T. ) ;
#1998 = ORIENTED_EDGE ( 'NONE', *, *, #444, .F. ) ;
#1999 = CARTESIAN_POINT ( 'NONE',  ( -318.5936993862695203, 305.9159884794924551, 0.000000000000000000 ) ) ;
#2000 = ORIENTED_EDGE ( 'NONE', *, *, #3600, .F. ) ;
#2001 = PLANE ( 'NONE',  #681 ) ;
#2002 = EDGE_LOOP ( 'NONE', ( #2246, #2789 ) ) ;
#2003 = CARTESIAN_POINT ( 'NONE',  ( -316.9771186325385202, 303.1159884794924437, 17.69999999999999929 ) ) ;
#2004 = CARTESIAN_POINT ( 'NONE',  ( -187.3109892263183553, 225.5951998256236095, 18.00000000000000355 ) ) ;
#2005 = ORIENTED_EDGE ( 'NONE', *, *, #3675, .F. ) ;
#2006 = CARTESIAN_POINT ( 'NONE',  ( -322.9886061297115702, 222.8951998256236209, 4.000000000000000000 ) ) ;
#2007 = DIRECTION ( 'NONE',  ( 1.000000000000000000, 0.000000000000000000, 0.000000000000000000 ) ) ;
#2008 = FACE_OUTER_BOUND ( 'NONE', #3264, .T. ) ;
#2009 = ORIENTED_EDGE ( 'NONE', *, *, #1114, .T. ) ;
#2010 = LINE ( 'NONE', #3165, #2380 ) ;
#2011 = AXIS2_PLACEMENT_3D ( 'NONE', #3078, #1354, #1636 ) ;
#2012 = DIRECTION ( 'NONE',  ( -0.4999999999999930611, 0.8660254037844425934, 0.000000000000000000 ) ) ;
#2013 = CARTESIAN_POINT ( 'NONE',  ( -268.7997976780150111, 267.0113891529462080, -1.500000000000000000 ) ) ;
#2014 = ORIENTED_EDGE ( 'NONE', *, *, #3037, .T. ) ;
#2015 = AXIS2_PLACEMENT_3D ( 'NONE', #679, #257, #1848 ) ;
#2016 = EDGE_CURVE ( 'NONE', #3486, #261, #250, .T. ) ;
#2017 = EDGE_CURVE ( 'NONE', #1605, #206, #108, .T. ) ;
#2018 = ORIENTED_EDGE ( 'NONE', *, *, #2435, .F. ) ;
#2019 = AXIS2_PLACEMENT_3D ( 'NONE', #1270, #2732, #154 ) ;
#2020 = CARTESIAN_POINT ( 'NONE',  ( -190.6109892263183667, 224.8951998256236209, 4.000000000000000000 ) ) ;
#2021 = EDGE_LOOP ( 'NONE', ( #1924, #1998 ) ) ;
#2022 = EDGE_CURVE ( 'NONE', #115, #2575, #1596, .T. ) ;
#2023 = CARTESIAN_POINT ( 'NONE',  ( -253.2997976780149827, 274.0113891529462080, 3.000000000000000000 ) ) ;
#2024 = DIRECTION ( 'NONE',  ( 0.000000000000000000, 0.000000000000000000, -1.000000000000000000 ) ) ;
#2025 = DIRECTION ( 'NONE',  ( 0.000000000000000000, 0.000000000000000000, -1.000000000000000000 ) ) ;
#2026 = VERTEX_POINT ( 'NONE', #3584 ) ;
#2027 = AXIS2_PLACEMENT_3D ( 'NONE', #446, #1014, #1049 ) ;
#2028 = AXIS2_PLACEMENT_3D ( 'NONE', #1050, #1639, #2801 ) ;
#2029 = DIRECTION ( 'NONE',  ( 0.000000000000000000, 0.000000000000000000, -1.000000000000000000 ) ) ;
#2030 = VECTOR ( 'NONE', #1478, 1000.000000000000000 ) ;
#2031 = AXIS2_PLACEMENT_3D ( 'NONE', #438, #1959, #3410 ) ;
#2032 = CARTESIAN_POINT ( 'NONE',  ( -188.6109892263183667, 307.1275784802687667, 4.000000000000000000 ) ) ;
#2033 = CARTESIAN_POINT ( 'NONE',  ( -189.9109892263183497, 307.8275784802687554, 21.00000000000000000 ) ) ;
#2034 =( GEOMETRIC_REPRESENTATION_CONTEXT ( 3 ) GLOBAL_UNCERTAINTY_ASSIGNED_CONTEXT ( ( #3094 ) ) GLOBAL_UNIT_ASSIGNED_CONTEXT ( ( #1041, #715, #988 ) ) REPRESENTATION_CONTEXT ( 'NONE', 'WORKASPACE' ) );
#2035 = AXIS2_PLACEMENT_3D ( 'NONE', #303, #1198, #2082 ) ;
#2036 = VECTOR ( 'NONE', #618, 1000.000000000000000 ) ;
#2037 = PLANE ( 'NONE',  #1066 ) ;
#2038 = CARTESIAN_POINT ( 'NONE',  ( -313.7439571250765198, 303.1159884794923869, 0.000000000000000000 ) ) ;
#2039 = CARTESIAN_POINT ( 'NONE',  ( -189.9109892263183497, 309.8275784802687554, 18.00000000000000355 ) ) ;
#2040 = ORIENTED_EDGE ( 'NONE', *, *, #3508, .T. ) ;
#2041 = ADVANCED_FACE ( 'NONE', ( #1581 ), #2581, .F. ) ;
#2042 = CARTESIAN_POINT ( 'NONE',  ( -246.2376198515239025, 263.5113891529462080, 4.000000000000000000 ) ) ;
#2043 = DIRECTION ( 'NONE',  ( -0.000000000000000000, -0.000000000000000000, 1.000000000000000000 ) ) ;
#2044 = DIRECTION ( 'NONE',  ( 0.000000000000000000, 0.000000000000000000, -1.000000000000000000 ) ) ;
#2045 = ORIENTED_EDGE ( 'NONE', *, *, #2837, .F. ) ;
#2046 = ADVANCED_FACE ( 'NONE', ( #159 ), #1633, .F. ) ;
#2047 = ADVANCED_FACE ( 'NONE', ( #2145 ), #1010, .T. ) ;
#2048 = CARTESIAN_POINT ( 'NONE',  ( -316.9771186325385202, 230.9067898263999439, 4.000000000000000000 ) ) ;
#2049 = CARTESIAN_POINT ( 'NONE',  ( -255.7997976780149827, 267.0113891529462080, -1.500000000000000000 ) ) ;
#2050 = CARTESIAN_POINT ( 'NONE',  ( -315.3605378788075768, 228.1068630152644516, 0.000000000000000000 ) ) ;
#2051 = EDGE_LOOP ( 'NONE', ( #2018, #2058, #3430, #3479 ) ) ;
#2052 = CARTESIAN_POINT ( 'NONE',  ( -315.3605378788075768, 228.1068630152644516, 2.000000000000000000 ) ) ;
#2053 = CARTESIAN_POINT ( 'NONE',  ( -318.4594675973323774, 230.9068630152645198, 15.00000000000000000 ) ) ;
#2054 = DIRECTION ( 'NONE',  ( 1.000000000000000000, -0.000000000000000000, 0.000000000000000000 ) ) ;
#2055 = DIRECTION ( 'NONE',  ( -0.000000000000000000, 0.000000000000000000, 1.000000000000000000 ) ) ;
#2056 = ORIENTED_EDGE ( 'NONE', *, *, #1651, .T. ) ;
#2057 = CARTESIAN_POINT ( 'NONE',  ( -310.9771186325385202, 230.9067898263999439, 4.000000000000000000 ) ) ;
#2058 = ORIENTED_EDGE ( 'NONE', *, *, #3686, .F. ) ;
#2059 = DIRECTION ( 'NONE',  ( 1.000000000000000000, 0.000000000000000000, 0.000000000000000000 ) ) ;
#2060 = CARTESIAN_POINT ( 'NONE',  ( -193.0056401616681399, 233.7068630152646165, -0.000000000000000000 ) ) ;
#2061 = ORIENTED_EDGE ( 'NONE', *, *, #3110, .F. ) ;
#2062 = CARTESIAN_POINT ( 'NONE',  ( -190.6109892263183667, 224.8951998256236209, 4.000000000000000000 ) ) ;
#2063 = EDGE_CURVE ( 'NONE', #1368, #779, #3337, .T. ) ;
#2064 = ADVANCED_FACE ( 'NONE', ( #3050 ), #2206, .F. ) ;
#2065 = CARTESIAN_POINT ( 'NONE',  ( -188.6109892263183667, 226.8951998256236209, 21.00000000000000000 ) ) ;
#2066 = DIRECTION ( 'NONE',  ( -0.000000000000000000, 0.000000000000000000, 1.000000000000000000 ) ) ;
#2067 = ORIENTED_EDGE ( 'NONE', *, *, #189, .T. ) ;
#2068 = DIRECTION ( 'NONE',  ( 0.000000000000000000, 0.000000000000000000, -1.000000000000000000 ) ) ;
#2069 = DIRECTION ( 'NONE',  ( 0.8660254037844500319, -0.4999999999999801825, 0.000000000000000000 ) ) ;
#2070 = FACE_OUTER_BOUND ( 'NONE', #2976, .T. ) ;
#2071 = EDGE_LOOP ( 'NONE', ( #1213, #2386, #3029, #986 ) ) ;
#2072 = ORIENTED_EDGE ( 'NONE', *, *, #3342, .F. ) ;
#2073 = CARTESIAN_POINT ( 'NONE',  ( -189.9109892263183497, 226.1951998256236038, 21.00000000000000000 ) ) ;
#2074 = EDGE_LOOP ( 'NONE', ( #1410, #1661, #650, #2548 ) ) ;
#2075 = CIRCLE ( 'NONE', #3412, 14.50000000000001243 ) ;
#2076 = DIRECTION ( 'NONE',  ( 0.000000000000000000, 0.000000000000000000, -1.000000000000000000 ) ) ;
#2077 = CARTESIAN_POINT ( 'NONE',  ( -321.6886061297115589, 309.8275784802687554, 21.00000000000000000 ) ) ;
#2078 = ORIENTED_EDGE ( 'NONE', *, *, #281, .F. ) ;
#2079 = CARTESIAN_POINT ( 'NONE',  ( -189.3109892263183553, 225.5951998256236095, 18.00000000000000355 ) ) ;
#2080 = AXIS2_PLACEMENT_3D ( 'NONE', #1153, #322, #598 ) ;
#2081 = AXIS2_PLACEMENT_3D ( 'NONE', #1512, #3517, #1795 ) ;
#2082 = DIRECTION ( 'NONE',  ( 1.000000000000000000, 0.000000000000000000, 0.000000000000000000 ) ) ;
#2083 = EDGE_LOOP ( 'NONE', ( #2456, #2593 ) ) ;
#2084 = CARTESIAN_POINT ( 'NONE',  ( -194.6227259180985527, 230.9068630152645483, 2.000000000000000000 ) ) ;
#2085 = DIRECTION ( 'NONE',  ( 1.000000000000000000, 0.000000000000000000, 0.000000000000000000 ) ) ;
#2086 = EDGE_CURVE ( 'NONE', #2232, #2305, #2476, .T. ) ;
#2087 = EDGE_CURVE ( 'NONE', #96, #587, #3062, .T. ) ;
#2088 = CIRCLE ( 'NONE', #1486, 3.000000000000002665 ) ;
#2089 = FACE_OUTER_BOUND ( 'NONE', #950, .T. ) ;
#2090 = DIRECTION ( 'NONE',  ( 0.000000000000000000, 0.000000000000000000, -1.000000000000000000 ) ) ;
#2091 = VECTOR ( 'NONE', #247, 1000.000000000000000 ) ;
#2092 = EDGE_LOOP ( 'NONE', ( #16, #2151, #2615, #1913 ) ) ;
#2093 = ADVANCED_FACE ( 'NONE', ( #1865 ), #422, .F. ) ;
#2094 = EDGE_CURVE ( 'NONE', #346, #2783, #479, .T. ) ;
#2095 = AXIS2_PLACEMENT_3D ( 'NONE', #3701, #3092, #1982 ) ;
#2096 = VECTOR ( 'NONE', #1080, 1000.000000000000000 ) ;
#2097 = ORIENTED_EDGE ( 'NONE', *, *, #2171, .F. ) ;
#2098 = FACE_OUTER_BOUND ( 'NONE', #2502, .T. ) ;
#2099 = ORIENTED_EDGE ( 'NONE', *, *, #2584, .F. ) ;
#2100 = CARTESIAN_POINT ( 'NONE',  ( -321.6886061297115589, 309.8275784802687554, 18.00000000000000355 ) ) ;
#2101 = ORIENTED_EDGE ( 'NONE', *, *, #2927, .T. ) ;
#2102 = DIRECTION ( 'NONE',  ( 0.000000000000000000, 0.000000000000000000, -1.000000000000000000 ) ) ;
#2103 = DIRECTION ( 'NONE',  ( 1.000000000000000000, -0.000000000000000000, 0.000000000000000000 ) ) ;
#2104 = FACE_OUTER_BOUND ( 'NONE', #1126, .T. ) ;
#2105 = VERTEX_POINT ( 'NONE', #2173 ) ;
#2106 = FACE_OUTER_BOUND ( 'NONE', #1941, .T. ) ;
#2107 = LINE ( 'NONE', #110, #2164 ) ;
#2108 = DIRECTION ( 'NONE',  ( -1.000000000000000000, 0.000000000000000000, 0.000000000000000000 ) ) ;
#2109 = CARTESIAN_POINT ( 'NONE',  ( -315.3605378788075768, 233.7068630152645312, 2.000000000000000000 ) ) ;
#2110 = ORIENTED_EDGE ( 'NONE', *, *, #2262, .T. ) ;
#2111 = DIRECTION ( 'NONE',  ( -0.4999999999999801825, -0.8660254037844501429, 0.000000000000000000 ) ) ;
#2112 = EDGE_CURVE ( 'NONE', #3414, #3270, #406, .T. ) ;
#2113 = EDGE_CURVE ( 'NONE', #3010, #526, #3320, .T. ) ;
#2114 = LINE ( 'NONE', #1281, #3418 ) ;
#2115 = ORIENTED_EDGE ( 'NONE', *, *, #25, .T. ) ;
#2116 = SURFACE_SIDE_STYLE ('',( #3592 ) ) ;
#2117 = VERTEX_POINT ( 'NONE', #1273 ) ;
#2118 = PLANE ( 'NONE',  #3053 ) ;
#2119 = EDGE_LOOP ( 'NONE', ( #242, #499, #703, #371 ) ) ;
#2120 = CARTESIAN_POINT ( 'NONE',  ( -197.8553824228609415, 230.9068630152645198, 2.000000000000000000 ) ) ;
#2121 = DIRECTION ( 'NONE',  ( -1.000000000000000000, 0.000000000000000000, 0.000000000000000000 ) ) ;
#2122 = DIRECTION ( 'NONE',  ( 0.5000000000000041078, 0.8660254037844362651, 0.000000000000000000 ) ) ;
#2123 = DIRECTION ( 'NONE',  ( -0.000000000000000000, -0.000000000000000000, -1.000000000000000000 ) ) ;
#2124 = DIRECTION ( 'NONE',  ( 1.000000000000000000, -1.716930969985303105E-14, 0.000000000000000000 ) ) ;
#2125 = ORIENTED_EDGE ( 'NONE', *, *, #491, .T. ) ;
#2126 = DIRECTION ( 'NONE',  ( -1.000000000000000000, 0.000000000000000000, 0.000000000000000000 ) ) ;
#2127 = CARTESIAN_POINT ( 'NONE',  ( -255.7997976780149827, 267.0113891529462080, -1.500000000000000000 ) ) ;
#2128 = DIRECTION ( 'NONE',  ( -1.224646799147353207E-16, 1.000000000000000000, 0.000000000000000000 ) ) ;
#2129 = CARTESIAN_POINT ( 'NONE',  ( -304.6109892263183383, 224.1951998256236038, 21.00000000000000000 ) ) ;
#2130 = DIRECTION ( 'NONE',  ( -1.000000000000000000, 0.000000000000000000, 0.000000000000000000 ) ) ;
#2131 = ORIENTED_EDGE ( 'NONE', *, *, #3087, .F. ) ;
#2132 = CARTESIAN_POINT ( 'NONE',  ( -196.2388016691299413, 233.7068630152645881, 2.000000000000000000 ) ) ;
#2133 = EDGE_LOOP ( 'NONE', ( #2545, #1133, #1031, #1988 ) ) ;
#2134 = DIRECTION ( 'NONE',  ( 0.000000000000000000, 0.000000000000000000, 1.000000000000000000 ) ) ;
#2135 = EDGE_CURVE ( 'NONE', #2575, #977, #1349, .T. ) ;
#2136 = ADVANCED_FACE ( 'NONE', ( #1039, #1884 ), #177, .F. ) ;
#2137 = VERTEX_POINT ( 'NONE', #1064 ) ;
#2138 = VECTOR ( 'NONE', #1069, 1000.000000000000114 ) ;
#2139 = CARTESIAN_POINT ( 'NONE',  ( -241.2997976780149543, 267.0113891529462080, 0.000000000000000000 ) ) ;
#2140 = CARTESIAN_POINT ( 'NONE',  ( -324.9886061297115702, 309.1275784802687667, 21.00000000000000000 ) ) ;
#2141 = AXIS2_PLACEMENT_3D ( 'NONE', #726, #3047, #1311 ) ;
#2142 = CARTESIAN_POINT ( 'NONE',  ( -194.6224767234914168, 230.9067898263999439, 4.000000000000000000 ) ) ;
#2143 = CYLINDRICAL_SURFACE ( 'NONE', #744, 3.000000000000002665 ) ;
#2144 = ORIENTED_EDGE ( 'NONE', *, *, #2258, .T. ) ;
#2145 = FACE_OUTER_BOUND ( 'NONE', #3471, .T. ) ;
#2146 = AXIS2_PLACEMENT_3D ( 'NONE', #2750, #2170, #1838 ) ;
#2147 = DIRECTION ( 'NONE',  ( 1.000000000000000000, 0.000000000000000000, 0.000000000000000000 ) ) ;
#2148 = VERTEX_POINT ( 'NONE', #2450 ) ;
#2149 = AXIS2_PLACEMENT_3D ( 'NONE', #1766, #1191, #2306 ) ;
#2150 = LINE ( 'NONE', #1870, #939 ) ;
#2151 = ORIENTED_EDGE ( 'NONE', *, *, #3366, .F. ) ;
#2152 = CARTESIAN_POINT ( 'NONE',  ( -313.7439571250766335, 230.9068630152645198, 2.000000000000000000 ) ) ;
#2153 = CIRCLE ( 'NONE', #2757, 1.000000000000000000 ) ;
#2154 = VECTOR ( 'NONE', #1729, 1000.000000000000000 ) ;
#2155 = DIRECTION ( 'NONE',  ( -1.000000000000000000, 0.000000000000000000, 0.000000000000000000 ) ) ;
#2156 = AXIS2_PLACEMENT_3D ( 'NONE', #3131, #248, #2564 ) ;
#2157 = CIRCLE ( 'NONE', #1490, 1.492872887797314085 ) ;
#2158 = VERTEX_POINT ( 'NONE', #3033 ) ;
#2159 = DIRECTION ( 'NONE',  ( -0.000000000000000000, 0.000000000000000000, 1.000000000000000000 ) ) ;
#2160 = DIRECTION ( 'NONE',  ( 0.000000000000000000, -0.000000000000000000, -1.000000000000000000 ) ) ;
#2161 = ORIENTED_EDGE ( 'NONE', *, *, #2763, .F. ) ;
#2162 = AXIS2_PLACEMENT_3D ( 'NONE', #3185, #1212, #2372 ) ;
#2163 = EDGE_CURVE ( 'NONE', #1528, #346, #2277, .T. ) ;
#2164 = VECTOR ( 'NONE', #51, 1000.000000000000000 ) ;
#2165 = DIRECTION ( 'NONE',  ( -0.4999999999999987232, 0.8660254037844392627, 0.000000000000000000 ) ) ;
#2166 = ORIENTED_EDGE ( 'NONE', *, *, #808, .F. ) ;
#2167 = DIRECTION ( 'NONE',  ( -0.000000000000000000, -0.000000000000000000, 1.000000000000000000 ) ) ;
#2168 = DIRECTION ( 'NONE',  ( 0.000000000000000000, 0.000000000000000000, -1.000000000000000000 ) ) ;
#2169 = EDGE_CURVE ( 'NONE', #440, #1640, #633, .T. ) ;
#2170 = DIRECTION ( 'NONE',  ( -0.000000000000000000, -0.000000000000000000, -1.000000000000000000 ) ) ;
#2171 = EDGE_CURVE ( 'NONE', #2387, #1087, #2296, .T. ) ;
#2172 = ORIENTED_EDGE ( 'NONE', *, *, #1787, .F. ) ;
#2173 = CARTESIAN_POINT ( 'NONE',  ( -188.6109892263183667, 226.8951998256236209, 4.000000000000000000 ) ) ;
#2174 = CARTESIAN_POINT ( 'NONE',  ( -313.7439571250766335, 230.9068630152645198, 2.000000000000000000 ) ) ;
#2175 = CARTESIAN_POINT ( 'NONE',  ( -318.5936993862695203, 300.3159884794923755, 2.000000000000000000 ) ) ;
#2176 = CARTESIAN_POINT ( 'NONE',  ( -318.5936993862695203, 300.3159884794923755, 2.000000000000000000 ) ) ;
#2177 = ORIENTED_EDGE ( 'NONE', *, *, #2241, .T. ) ;
#2178 = CARTESIAN_POINT ( 'NONE',  ( -194.6224767234914168, 303.1159884794924437, 7.000000000000000888 ) ) ;
#2179 = ORIENTED_EDGE ( 'NONE', *, *, #1645, .T. ) ;
#2180 = CARTESIAN_POINT ( 'NONE',  ( -194.6224767234914168, 230.9067898263999439, 17.69999999999999929 ) ) ;
#2181 = FACE_BOUND ( 'NONE', #2021, .T. ) ;
#2182 = CARTESIAN_POINT ( 'NONE',  ( -276.6109892263183383, 223.5951998256236095, 18.00000000000000355 ) ) ;
#2183 = CARTESIAN_POINT ( 'NONE',  ( 0.000000000000000000, 0.000000000000000000, 2.000000000000000000 ) ) ;
#2184 = CARTESIAN_POINT ( 'NONE',  ( -196.1297961022495144, 230.9068630152645483, 15.00000000000000000 ) ) ;
#2185 = LINE ( 'NONE', #3354, #3467 ) ;
#2186 = DIRECTION ( 'NONE',  ( -0.000000000000000000, 0.000000000000000000, -1.000000000000000000 ) ) ;
#2187 = VERTEX_POINT ( 'NONE', #2249 ) ;
#2188 = DIRECTION ( 'NONE',  ( -1.000000000000000000, 0.000000000000000000, 0.000000000000000000 ) ) ;
#2189 = DIRECTION ( 'NONE',  ( -0.000000000000000000, -0.000000000000000000, -1.000000000000000000 ) ) ;
#2190 = ADVANCED_FACE ( 'NONE', ( #3699 ), #2832, .T. ) ;
#2191 = ADVANCED_FACE ( 'NONE', ( #3090 ), #3367, .F. ) ;
#2192 = FACE_OUTER_BOUND ( 'NONE', #188, .T. ) ;
#2193 = CARTESIAN_POINT ( 'NONE',  ( -255.7997976780149827, 274.0113891529462080, -3.000000000000000000 ) ) ;
#2194 = ORIENTED_EDGE ( 'NONE', *, *, #3019, .T. ) ;
#2195 = CARTESIAN_POINT ( 'NONE',  ( -189.3109892263183553, 223.5951998256236095, 18.00000000000000355 ) ) ;
#2196 = DIRECTION ( 'NONE',  ( -1.000000000000000000, 0.000000000000000000, 0.000000000000000000 ) ) ;
#2197 = ORIENTED_EDGE ( 'NONE', *, *, #1044, .F. ) ;
#2198 = EDGE_LOOP ( 'NONE', ( #599, #3049, #3439, #3007 ) ) ;
#2199 = FACE_OUTER_BOUND ( 'NONE', #2793, .T. ) ;
#2200 = DIRECTION ( 'NONE',  ( 0.000000000000000000, 0.000000000000000000, 1.000000000000000000 ) ) ;
#2201 = CARTESIAN_POINT ( 'NONE',  ( -255.7997976780149827, 274.0113891529462080, 4.000000000000000000 ) ) ;
#2202 = VECTOR ( 'NONE', #497, 1000.000000000000114 ) ;
#2203 = FACE_OUTER_BOUND ( 'NONE', #1643, .T. ) ;
#2204 = DIRECTION ( 'NONE',  ( -1.000000000000000000, 0.000000000000000000, 0.000000000000000000 ) ) ;
#2205 = ORIENTED_EDGE ( 'NONE', *, *, #732, .F. ) ;
#2206 = PLANE ( 'NONE',  #3670 ) ;
#2207 = DIRECTION ( 'NONE',  ( 0.000000000000000000, 0.000000000000000000, -1.000000000000000000 ) ) ;
#2208 = TOROIDAL_SURFACE ( 'NONE', #3046, 5.999999999999994671, 3.000000000000000000 ) ;
#2209 = VECTOR ( 'NONE', #123, 1000.000000000000000 ) ;
#2210 = EDGE_CURVE ( 'NONE', #3536, #3123, #2157, .T. ) ;
#2211 = EDGE_CURVE ( 'NONE', #1732, #3682, #3396, .T. ) ;
#2212 = VERTEX_POINT ( 'NONE', #1150 ) ;
#2213 = AXIS2_PLACEMENT_3D ( 'NONE', #2658, #1457, #2309 ) ;
#2214 = LINE ( 'NONE', #3383, #987 ) ;
#2215 = EDGE_LOOP ( 'NONE', ( #298, #20, #842, #2444 ) ) ;
#2216 = EDGE_CURVE ( 'NONE', #587, #916, #2228, .T. ) ;
#2217 = VECTOR ( 'NONE', #3424, 1000.000000000000000 ) ;
#2218 = CARTESIAN_POINT ( 'NONE',  ( -191.6224767234914168, 303.1159884794924437, 17.69999999999999929 ) ) ;
#2219 = EDGE_CURVE ( 'NONE', #1534, #1393, #2706, .T. ) ;
#2220 = ORIENTED_EDGE ( 'NONE', *, *, #1567, .T. ) ;
#2221 = VECTOR ( 'NONE', #1566, 1000.000000000000227 ) ;
#2222 = AXIS2_PLACEMENT_3D ( 'NONE', #200, #1340, #3065 ) ;
#2223 = ORIENTED_EDGE ( 'NONE', *, *, #443, .T. ) ;
#2224 = PRODUCT_DEFINITION_SHAPE ( 'NONE', 'NONE',  #799 ) ;
#2225 = CYLINDRICAL_SURFACE ( 'NONE', #1297, 1.492872887797369597 ) ;
#2226 = ORIENTED_EDGE ( 'NONE', *, *, #1760, .T. ) ;
#2227 =( GEOMETRIC_REPRESENTATION_CONTEXT ( 3 ) GLOBAL_UNCERTAINTY_ASSIGNED_CONTEXT ( ( #182 ) ) GLOBAL_UNIT_ASSIGNED_CONTEXT ( ( #996, #1300, #1529 ) ) REPRESENTATION_CONTEXT ( 'NONE', 'WORKASPACE' ) );
#2228 = CIRCLE ( 'NONE', #2462, 1.000000000000000000 ) ;
#2229 = CIRCLE ( 'NONE', #873, 1.492872887797369597 ) ;
#2230 = ORIENTED_EDGE ( 'NONE', *, *, #1672, .T. ) ;
#2231 = FACE_OUTER_BOUND ( 'NONE', #486, .T. ) ;
#2232 = VERTEX_POINT ( 'NONE', #1099 ) ;
#2233 = CARTESIAN_POINT ( 'NONE',  ( -194.6224767234914168, 303.1159884794924437, 6.999999999999999112 ) ) ;
#2234 = CARTESIAN_POINT ( 'NONE',  ( 0.000000000000000000, 0.000000000000000000, 18.00000000000000355 ) ) ;
#2235 = DIRECTION ( 'NONE',  ( -1.000000000000000000, 0.000000000000000000, 0.000000000000000000 ) ) ;
#2236 = LINE ( 'NONE', #809, #2566 ) ;
#2237 = DIRECTION ( 'NONE',  ( -0.000000000000000000, 0.000000000000000000, -1.000000000000000000 ) ) ;
#2238 = ORIENTED_EDGE ( 'NONE', *, *, #2472, .F. ) ;
#2239 = DIRECTION ( 'NONE',  ( -0.000000000000000000, -1.000000000000000000, -0.000000000000000000 ) ) ;
#2240 = VERTEX_POINT ( 'NONE', #3107 ) ;
#2241 = EDGE_CURVE ( 'NONE', #1380, #3266, #3446, .T. ) ;
#2242 = EDGE_CURVE ( 'NONE', #3298, #1695, #3713, .T. ) ;
#2243 = ORIENTED_EDGE ( 'NONE', *, *, #353, .F. ) ;
#2244 = DIRECTION ( 'NONE',  ( -1.000000000000000000, 0.000000000000000000, 0.000000000000000000 ) ) ;
#2245 = ORIENTED_EDGE ( 'NONE', *, *, #2514, .F. ) ;
#2246 = ORIENTED_EDGE ( 'NONE', *, *, #31, .F. ) ;
#2247 = PLANE ( 'NONE',  #265 ) ;
#2248 = ORIENTED_EDGE ( 'NONE', *, *, #2352, .T. ) ;
#2249 = CARTESIAN_POINT ( 'NONE',  ( -313.7439571250766335, 230.9068630152645198, 0.000000000000000000 ) ) ;
#2250 = DIRECTION ( 'NONE',  ( -1.000000000000000000, 0.000000000000000000, -0.000000000000000000 ) ) ;
#2251 = LINE ( 'NONE', #1086, #202 ) ;
#2252 = DIRECTION ( 'NONE',  ( -0.5000000000000078826, 0.8660254037844340447, 0.000000000000000000 ) ) ;
#2253 = ORIENTED_EDGE ( 'NONE', *, *, #3315, .F. ) ;
#2254 = ORIENTED_EDGE ( 'NONE', *, *, #3101, .F. ) ;
#2255 = CARTESIAN_POINT ( 'NONE',  ( 0.000000000000000000, 310.4275784802688349, 18.00000000000000355 ) ) ;
#2256 = VERTEX_POINT ( 'NONE', #262 ) ;
#2257 = ADVANCED_FACE ( 'NONE', ( #2280 ), #1944, .F. ) ;
#2258 = EDGE_CURVE ( 'NONE', #3008, #1384, #869, .T. ) ;
#2259 = FACE_OUTER_BOUND ( 'NONE', #2915, .T. ) ;
#2260 = ORIENTED_EDGE ( 'NONE', *, *, #1301, .F. ) ;
#2261 = CARTESIAN_POINT ( 'NONE',  ( -316.9771186325385202, 303.1159884794924437, 7.000000000000000888 ) ) ;
#2262 = EDGE_CURVE ( 'NONE', #1009, #593, #824, .T. ) ;
#2263 = FACE_OUTER_BOUND ( 'NONE', #611, .T. ) ;
#2264 = AXIS2_PLACEMENT_3D ( 'NONE', #3547, #172, #1473 ) ;
#2265 = DIRECTION ( 'NONE',  ( -1.000000000000000000, 0.000000000000000000, 0.000000000000000000 ) ) ;
#2266 = DIRECTION ( 'NONE',  ( 0.000000000000000000, -0.000000000000000000, -1.000000000000000000 ) ) ;
#2267 = ORIENTED_EDGE ( 'NONE', *, *, #76, .F. ) ;
#2268 = VECTOR ( 'NONE', #1419, 1000.000000000000000 ) ;
#2269 = CIRCLE ( 'NONE', #3169, 1.507070184150943737 ) ;
#2270 = EDGE_LOOP ( 'NONE', ( #3561, #1683 ) ) ;
#2271 = FACE_OUTER_BOUND ( 'NONE', #3554, .T. ) ;
#2272 = ORIENTED_EDGE ( 'NONE', *, *, #1909, .T. ) ;
#2273 = AXIS2_PLACEMENT_3D ( 'NONE', #2586, #2622, #1823 ) ;
#2274 = VECTOR ( 'NONE', #1527, 1000.000000000000000 ) ;
#2275 = VERTEX_POINT ( 'NONE', #211 ) ;
#2276 = AXIS2_PLACEMENT_3D ( 'NONE', #2754, #1065, #1635 ) ;
#2277 = CIRCLE ( 'NONE', #2031, 2.000000000000001776 ) ;
#2278 = FACE_OUTER_BOUND ( 'NONE', #1420, .T. ) ;
#2279 = ORIENTED_EDGE ( 'NONE', *, *, #2839, .T. ) ;
#2280 = FACE_OUTER_BOUND ( 'NONE', #616, .T. ) ;
#2281 = LINE ( 'NONE', #1702, #1489 ) ;
#2282 = VECTOR ( 'NONE', #2317, 1000.000000000000000 ) ;
#2283 = TOROIDAL_SURFACE ( 'NONE', #401, 3.500000000000022649, 1.000000000000000000 ) ;
#2284 = EDGE_CURVE ( 'NONE', #1845, #394, #555, .T. ) ;
#2285 = EDGE_CURVE ( 'NONE', #2857, #206, #1184, .T. ) ;
#2286 = CARTESIAN_POINT ( 'NONE',  ( -193.0056401616681683, 228.1068630152645085, 2.000000000000000000 ) ) ;
#2287 = LINE ( 'NONE', #1407, #1246 ) ;
#2288 = ORIENTED_EDGE ( 'NONE', *, *, #3263, .T. ) ;
#2289 = ORIENTED_EDGE ( 'NONE', *, *, #2537, .F. ) ;
#2290 = DIRECTION ( 'NONE',  ( -0.4999999999999950040, -0.8660254037844414832, 0.000000000000000000 ) ) ;
#2291 = ORIENTED_EDGE ( 'NONE', *, *, #847, .T. ) ;
#2292 = CARTESIAN_POINT ( 'NONE',  ( -315.3605378788074631, 300.3159884794923755, 0.000000000000000000 ) ) ;
#2293 = LINE ( 'NONE', #1735, #1550 ) ;
#2294 = PLANE ( 'NONE',  #450 ) ;
#2295 = ORIENTED_EDGE ( 'NONE', *, *, #878, .T. ) ;
#2296 = LINE ( 'NONE', #2549, #1370 ) ;
#2297 = PLANE ( 'NONE',  #3301 ) ;
#2298 = EDGE_LOOP ( 'NONE', ( #1498, #537, #1936, #2610 ) ) ;
#2299 = DIRECTION ( 'NONE',  ( -0.4999999999999876210, -0.8660254037844458130, 0.000000000000000000 ) ) ;
#2300 = FACE_OUTER_BOUND ( 'NONE', #1115, .T. ) ;
#2301 = EDGE_CURVE ( 'NONE', #490, #863, #510, .T. ) ;
#2302 = EDGE_CURVE ( 'NONE', #1705, #36, #1974, .T. ) ;
#2303 = FACE_OUTER_BOUND ( 'NONE', #3225, .T. ) ;
#2304 = ORIENTED_EDGE ( 'NONE', *, *, #1997, .F. ) ;
#2305 = VERTEX_POINT ( 'NONE', #2920 ) ;
#2306 = DIRECTION ( 'NONE',  ( 1.000000000000000000, 0.000000000000000000, 0.000000000000000000 ) ) ;
#2307 = ORIENTED_EDGE ( 'NONE', *, *, #113, .F. ) ;
#2308 = CARTESIAN_POINT ( 'NONE',  ( -194.6223488194592335, 304.6088613618106251, 4.000000000000000000 ) ) ;
#2309 = DIRECTION ( 'NONE',  ( -1.000000000000000000, 0.000000000000000000, 0.000000000000000000 ) ) ;
#2310 = ORIENTED_EDGE ( 'NONE', *, *, #3691, .F. ) ;
#2311 = FACE_BOUND ( 'NONE', #135, .T. ) ;
#2312 = DIRECTION ( 'NONE',  ( -0.000000000000000000, -0.000000000000000000, 1.000000000000000000 ) ) ;
#2313 = ORIENTED_EDGE ( 'NONE', *, *, #190, .T. ) ;
#2314 = CARTESIAN_POINT ( 'NONE',  ( -194.6224767234914168, 230.9067898263999439, 7.000000000000000888 ) ) ;
#2315 = EDGE_CURVE ( 'NONE', #1957, #490, #344, .T. ) ;
#2316 = CIRCLE ( 'NONE', #143, 2.500000000000002220 ) ;
#2317 = DIRECTION ( 'NONE',  ( -0.000000000000000000, -0.000000000000000000, -1.000000000000000000 ) ) ;
#2318 = ADVANCED_FACE ( 'NONE', ( #2470 ), #1880, .F. ) ;
#2319 = CARTESIAN_POINT ( 'NONE',  ( -320.2102801400005205, 230.9068630152645483, 2.000000000000000000 ) ) ;
#2320 = CARTESIAN_POINT ( 'NONE',  ( -324.9886061297115702, 311.1275784802687667, 4.000000000000000000 ) ) ;
#2321 = VERTEX_POINT ( 'NONE', #3273 ) ;
#2322 = CIRCLE ( 'NONE', #2812, 3.000000000000000000 ) ;
#2323 = EDGE_CURVE ( 'NONE', #3044, #3395, #574, .T. ) ;
#2324 = EDGE_CURVE ( 'NONE', #1802, #2970, #1400, .T. ) ;
#2325 = ORIENTED_EDGE ( 'NONE', *, *, #925, .T. ) ;
#2326 = TOROIDAL_SURFACE ( 'NONE', #990, 11.50000000000000533, 1.500000000000000000 ) ;
#2327 = PLANE ( 'NONE',  #3537 ) ;
#2328 = ORIENTED_EDGE ( 'NONE', *, *, #2016, .F. ) ;
#2329 = CARTESIAN_POINT ( 'NONE',  ( -320.9886061297115702, 224.8951998256236209, 21.00000000000000000 ) ) ;
#2330 = CARTESIAN_POINT ( 'NONE',  ( -320.9886061297115702, 226.8951998256236209, 4.000000000000000000 ) ) ;
#2331 = CARTESIAN_POINT ( 'NONE',  ( -310.9771186325385202, 303.1159884794924437, 6.999999999999999112 ) ) ;
#2332 = ORIENTED_EDGE ( 'NONE', *, *, #2471, .F. ) ;
#2333 = AXIS2_PLACEMENT_3D ( 'NONE', #86, #2128, #3279 ) ;
#2334 = CIRCLE ( 'NONE', #2520, 1.500000000000000000 ) ;
#2335 = CARTESIAN_POINT ( 'NONE',  ( -318.5936993862695203, 233.7068630152645881, 2.000000000000000000 ) ) ;
#2336 = AXIS2_PLACEMENT_3D ( 'NONE', #2736, #1926, #3076 ) ;
#2337 = AXIS2_PLACEMENT_3D ( 'NONE', #3453, #3167, #960 ) ;
#2338 = DIRECTION ( 'NONE',  ( 1.000000000000000000, -0.000000000000000000, 0.000000000000000000 ) ) ;
#2339 = CARTESIAN_POINT ( 'NONE',  ( -324.9886061297115702, 222.8951998256236209, 0.000000000000000000 ) ) ;
#2340 = ORIENTED_EDGE ( 'NONE', *, *, #2284, .T. ) ;
#2341 = FACE_OUTER_BOUND ( 'NONE', #2807, .T. ) ;
#2342 = LINE ( 'NONE', #3494, #2457 ) ;
#2343 = AXIS2_PLACEMENT_3D ( 'NONE', #676, #3631, #3611 ) ;
#2344 = TOROIDAL_SURFACE ( 'NONE', #1431, 3.500000000000022649, 1.000000000000000000 ) ;
#2345 = DIRECTION ( 'NONE',  ( -0.000000000000000000, -0.000000000000000000, 1.000000000000000000 ) ) ;
#2346 = AXIS2_PLACEMENT_3D ( 'NONE', #1234, #642, #3218 ) ;
#2347 = FACE_BOUND ( 'NONE', #2002, .T. ) ;
#2348 = CARTESIAN_POINT ( 'NONE',  ( -259.2997976780149543, 274.0113891529462080, 3.000000000000000000 ) ) ;
#2349 = EDGE_LOOP ( 'NONE', ( #3272, #776, #334, #921 ) ) ;
#2350 = CARTESIAN_POINT ( 'NONE',  ( -304.6109892263183383, 218.2931405177996567, 21.00000000000000000 ) ) ;
#2351 = ORIENTED_EDGE ( 'NONE', *, *, #5, .T. ) ;
#2352 = EDGE_CURVE ( 'NONE', #3569, #1195, #2841, .T. ) ;
#2353 = EDGE_CURVE ( 'NONE', #3636, #572, #487, .T. ) ;
#2354 = CARTESIAN_POINT ( 'NONE',  ( -193.0056401616682251, 300.3159884794922618, 0.000000000000000000 ) ) ;
#2355 = CARTESIAN_POINT ( 'NONE',  ( -320.2102801400004637, 303.1159884794923300, 0.000000000000000000 ) ) ;
#2356 = ORIENTED_EDGE ( 'NONE', *, *, #3474, .F. ) ;
#2357 = CARTESIAN_POINT ( 'NONE',  ( -246.2376198515239025, 263.5113891529462080, 3.000000000000000000 ) ) ;
#2358 = CARTESIAN_POINT ( 'NONE',  ( -316.9771186325385202, 303.1159884794924437, 7.000000000000000888 ) ) ;
#2359 = CARTESIAN_POINT ( 'NONE',  ( -315.3605378788075768, 228.1068630152644516, 2.000000000000000000 ) ) ;
#2360 = VERTEX_POINT ( 'NONE', #2364 ) ;
#2361 = FACE_OUTER_BOUND ( 'NONE', #311, .T. ) ;
#2362 = CARTESIAN_POINT ( 'NONE',  ( -191.6224767234914168, 303.1159884794924437, 7.000000000000000888 ) ) ;
#2363 = ORIENTED_EDGE ( 'NONE', *, *, #147, .T. ) ;
#2364 = CARTESIAN_POINT ( 'NONE',  ( -315.3605378788075768, 228.1068630152644516, 2.000000000000000000 ) ) ;
#2365 = ORIENTED_EDGE ( 'NONE', *, *, #3594, .T. ) ;
#2366 = CARTESIAN_POINT ( 'NONE',  ( -189.3109892263183553, 308.4275784802687781, 18.00000000000000355 ) ) ;
#2367 = EDGE_CURVE ( 'NONE', #1659, #3377, #3226, .T. ) ;
#2368 = LINE ( 'NONE', #3485, #1719 ) ;
#2369 = EDGE_CURVE ( 'NONE', #167, #577, #625, .T. ) ;
#2370 = ORIENTED_EDGE ( 'NONE', *, *, #3068, .F. ) ;
#2371 = DIRECTION ( 'NONE',  ( -0.5000000000000078826, 0.8660254037844340447, 0.000000000000000000 ) ) ;
#2372 = DIRECTION ( 'NONE',  ( -1.000000000000000000, 0.000000000000000000, 0.000000000000000000 ) ) ;
#2373 = ORIENTED_EDGE ( 'NONE', *, *, #2559, .T. ) ;
#2374 = CARTESIAN_POINT ( 'NONE',  ( -320.2102801400005205, 230.9068630152645483, 2.000000000000000000 ) ) ;
#2375 = DIRECTION ( 'NONE',  ( 1.000000000000000000, 1.716930969985214437E-14, 0.000000000000000000 ) ) ;
#2376 = LINE ( 'NONE', #325, #3307 ) ;
#2377 = CARTESIAN_POINT ( 'NONE',  ( -190.6109892263183667, 307.1275784802687667, 4.000000000000000000 ) ) ;
#2378 = CARTESIAN_POINT ( 'NONE',  ( -194.6224767234914168, 303.1159884794924437, 4.000000000000000000 ) ) ;
#2379 = ORIENTED_EDGE ( 'NONE', *, *, #3647, .F. ) ;
#2380 = VECTOR ( 'NONE', #562, 1000.000000000000000 ) ;
#2381 = CARTESIAN_POINT ( 'NONE',  ( -320.9886061297115702, 307.1275784802687667, 21.00000000000000000 ) ) ;
#2382 = EDGE_LOOP ( 'NONE', ( #1471, #2786 ) ) ;
#2383 = VECTOR ( 'NONE', #2375, 1000.000000000000000 ) ;
#2384 = CIRCLE ( 'NONE', #1770, 2.000000000000001776 ) ;
#2385 = DIRECTION ( 'NONE',  ( 0.000000000000000000, 1.000000000000000000, 0.000000000000000000 ) ) ;
#2386 = ORIENTED_EDGE ( 'NONE', *, *, #1444, .F. ) ;
#2387 = VERTEX_POINT ( 'NONE', #1999 ) ;
#2388 = LINE ( 'NONE', #1818, #2878 ) ;
#2389 = VECTOR ( 'NONE', #2669, 1000.000000000000000 ) ;
#2390 = LINE ( 'NONE', #1723, #1310 ) ;
#2391 = ORIENTED_EDGE ( 'NONE', *, *, #1634, .F. ) ;
#2392 = CARTESIAN_POINT ( 'NONE',  ( -252.2997976780149827, 274.0113891529462080, 4.000000000000000000 ) ) ;
#2393 = LINE ( 'NONE', #1255, #2944 ) ;
#2394 = CARTESIAN_POINT ( 'NONE',  ( -194.6224767234914168, 230.9067898263999439, 17.69999999999999929 ) ) ;
#2395 = VECTOR ( 'NONE', #556, 1000.000000000000000 ) ;
#2396 = EDGE_CURVE ( 'NONE', #605, #554, #1559, .T. ) ;
#2397 = VECTOR ( 'NONE', #740, 1000.000000000000000 ) ;
#2398 = EDGE_CURVE ( 'NONE', #1393, #1695, #831, .T. ) ;
#2399 = CARTESIAN_POINT ( 'NONE',  ( -255.7997976780149827, 267.0113891529462080, -3.000000000000000000 ) ) ;
#2400 = AXIS2_PLACEMENT_3D ( 'NONE', #2720, #114, #1904 ) ;
#2401 = VECTOR ( 'NONE', #1542, 1000.000000000000000 ) ;
#2402 = ORIENTED_EDGE ( 'NONE', *, *, #905, .F. ) ;
#2403 = VECTOR ( 'NONE', #45, 1000.000000000000000 ) ;
#2404 = ORIENTED_EDGE ( 'NONE', *, *, #3136, .T. ) ;
#2405 = CARTESIAN_POINT ( 'NONE',  ( -316.9771186325385202, 230.9067898263999439, 7.000000000000000888 ) ) ;
#2406 = VERTEX_POINT ( 'NONE', #2681 ) ;
#2407 = CARTESIAN_POINT ( 'NONE',  ( -191.6224767234914168, 230.9067898263999439, 17.69999999999999929 ) ) ;
#2408 = DIRECTION ( 'NONE',  ( -0.000000000000000000, 0.000000000000000000, 1.000000000000000000 ) ) ;
#2409 = ORIENTED_EDGE ( 'NONE', *, *, #694, .T. ) ;
#2410 = DIRECTION ( 'NONE',  ( 1.000000000000000000, 0.000000000000000000, 0.000000000000000000 ) ) ;
#2411 = DIRECTION ( 'NONE',  ( -1.000000000000000000, 0.000000000000000000, 0.000000000000000000 ) ) ;
#2412 = DIRECTION ( 'NONE',  ( 0.000000000000000000, -1.000000000000000000, 0.000000000000000000 ) ) ;
#2413 = ORIENTED_EDGE ( 'NONE', *, *, #376, .T. ) ;
#2414 = CARTESIAN_POINT ( 'NONE',  ( -190.6109892263183667, 309.1275784802687667, 21.00000000000000000 ) ) ;
#2415 = FACE_OUTER_BOUND ( 'NONE', #380, .T. ) ;
#2416 = CARTESIAN_POINT ( 'NONE',  ( -324.2886061297115816, 308.4275784802687781, 21.00000000000000000 ) ) ;
#2417 = FACE_OUTER_BOUND ( 'NONE', #1029, .T. ) ;
#2418 = PLANE ( 'NONE',  #1978 ) ;
#2419 = EDGE_CURVE ( 'NONE', #2148, #167, #930, .T. ) ;
#2420 = EDGE_CURVE ( 'NONE', #3151, #2187, #116, .T. ) ;
#2421 = ORIENTED_EDGE ( 'NONE', *, *, #1860, .F. ) ;
#2422 = FACE_OUTER_BOUND ( 'NONE', #2884, .T. ) ;
#2423 = CARTESIAN_POINT ( 'NONE',  ( -193.0056401616681683, 228.1068630152645085, 2.000000000000000000 ) ) ;
#2424 = ORIENTED_EDGE ( 'NONE', *, *, #2763, .T. ) ;
#2425 = FACE_OUTER_BOUND ( 'NONE', #606, .T. ) ;
#2426 = ORIENTED_EDGE ( 'NONE', *, *, #1808, .T. ) ;
#2427 = DIRECTION ( 'NONE',  ( 0.000000000000000000, 0.000000000000000000, -1.000000000000000000 ) ) ;
#2428 = EDGE_LOOP ( 'NONE', ( #445, #2332, #2260, #521 ) ) ;
#2429 = DIRECTION ( 'NONE',  ( -0.5000000000000078826, -0.8660254037844340447, 0.000000000000000000 ) ) ;
#2430 = LINE ( 'NONE', #106, #3353 ) ;
#2431 = CARTESIAN_POINT ( 'NONE',  ( -196.2388016691302823, 305.9159884794923983, 0.000000000000000000 ) ) ;
#2432 = CARTESIAN_POINT ( 'NONE',  ( -190.6109892263183667, 226.8951998256236209, 4.000000000000000000 ) ) ;
#2433 = DIRECTION ( 'NONE',  ( 0.000000000000000000, 0.000000000000000000, -1.000000000000000000 ) ) ;
#2434 = EDGE_LOOP ( 'NONE', ( #3676, #2254, #913, #2697, #1238, #1199 ) ) ;
#2435 = EDGE_CURVE ( 'NONE', #3678, #1521, #3114, .T. ) ;
#2436 = ORIENTED_EDGE ( 'NONE', *, *, #995, .T. ) ;
#2437 = CARTESIAN_POINT ( 'NONE',  ( -194.6224767234914168, 303.1159884794924437, 17.69999999999999929 ) ) ;
#2438 = ORIENTED_EDGE ( 'NONE', *, *, #1090, .F. ) ;
#2439 = CARTESIAN_POINT ( 'NONE',  ( -318.4699915203358955, 303.1159884794924437, 15.00000000000000000 ) ) ;
#2440 = ADVANCED_FACE ( 'NONE', ( #2300 ), #2283, .T. ) ;
#2441 = EDGE_CURVE ( 'NONE', #1745, #3513, #2954, .T. ) ;
#2442 = AXIS2_PLACEMENT_3D ( 'NONE', #1928, #3668, #1946 ) ;
#2443 = CARTESIAN_POINT ( 'NONE',  ( -324.9886061297115702, 311.1275784802687667, 21.00000000000000000 ) ) ;
#2444 = ORIENTED_EDGE ( 'NONE', *, *, #2017, .F. ) ;
#2445 = DIRECTION ( 'NONE',  ( 0.000000000000000000, 0.000000000000000000, -1.000000000000000000 ) ) ;
#2446 = TOROIDAL_SURFACE ( 'NONE', #2748, 5.999999999999994671, 3.000000000000000000 ) ;
#2447 = CARTESIAN_POINT ( 'NONE',  ( -197.8553824228609415, 230.9068630152645198, 0.000000000000000000 ) ) ;
#2448 = DIRECTION ( 'NONE',  ( -1.000000000000000000, 0.000000000000000000, 0.000000000000000000 ) ) ;
#2449 = EDGE_LOOP ( 'NONE', ( #203, #1965, #360, #2875 ) ) ;
#2450 = CARTESIAN_POINT ( 'NONE',  ( -318.5936993862695203, 305.9159884794924551, 2.000000000000000000 ) ) ;
#2451 = AXIS2_PLACEMENT_3D ( 'NONE', #2614, #3211, #1170 ) ;
#2452 = DIRECTION ( 'NONE',  ( -1.000000000000000000, 0.000000000000000000, 0.000000000000000000 ) ) ;
#2453 = AXIS2_PLACEMENT_3D ( 'NONE', #3403, #781, #1951 ) ;
#2454 = DIRECTION ( 'NONE',  ( -0.000000000000000000, -0.000000000000000000, 1.000000000000000000 ) ) ;
#2455 = APPLICATION_PROTOCOL_DEFINITION ( 'draft international standard', 'automotive_design', 1998, #3204 ) ;
#2456 = ORIENTED_EDGE ( 'NONE', *, *, #3020, .T. ) ;
#2457 = VECTOR ( 'NONE', #889, 1000.000000000000000 ) ;
#2458 = AXIS2_PLACEMENT_3D ( 'NONE', #3148, #3719, #586 ) ;
#2459 = PRODUCT_DEFINITION_CONTEXT ( 'detailed design', #3448, 'design' ) ;
#2460 = DIRECTION ( 'NONE',  ( -0.000000000000000000, -0.000000000000000000, 1.000000000000000000 ) ) ;
#2461 = VECTOR ( 'NONE', #1019, 1000.000000000000000 ) ;
#2462 = AXIS2_PLACEMENT_3D ( 'NONE', #1405, #1083, #773 ) ;
#2463 = CARTESIAN_POINT ( 'NONE',  ( -261.8619755045060629, 263.5113891529462080, -3.000000000000000000 ) ) ;
#2464 = LINE ( 'NONE', #1298, #685 ) ;
#2465 = ORIENTED_EDGE ( 'NONE', *, *, #3262, .T. ) ;
#2466 = EDGE_CURVE ( 'NONE', #1659, #3202, #1678, .T. ) ;
#2467 = CARTESIAN_POINT ( 'NONE',  ( -322.9886061297115702, 224.8951998256236209, 4.000000000000000000 ) ) ;
#2468 = AXIS2_PLACEMENT_3D ( 'NONE', #2330, #3742, #1475 ) ;
#2469 = CARTESIAN_POINT ( 'NONE',  ( -193.0056401616681683, 233.7068630152645881, 2.000000000000000000 ) ) ;
#2470 = FACE_OUTER_BOUND ( 'NONE', #1930, .T. ) ;
#2471 = EDGE_CURVE ( 'NONE', #1556, #1534, #3224, .T. ) ;
#2472 = EDGE_CURVE ( 'NONE', #1244, #2553, #2150, .T. ) ;
#2473 = DIRECTION ( 'NONE',  ( 0.000000000000000000, 0.000000000000000000, -1.000000000000000000 ) ) ;
#2474 = FACE_OUTER_BOUND ( 'NONE', #535, .T. ) ;
#2475 = EDGE_LOOP ( 'NONE', ( #2005, #430, #186, #1505 ) ) ;
#2476 = LINE ( 'NONE', #461, #2824 ) ;
#2477 = DIRECTION ( 'NONE',  ( -1.000000000000000000, 0.000000000000000000, 0.000000000000000000 ) ) ;
#2478 = CYLINDRICAL_SURFACE ( 'NONE', #40, 2.500000000000002220 ) ;
#2479 = ORIENTED_EDGE ( 'NONE', *, *, #3452, .T. ) ;
#2480 = ORIENTED_EDGE ( 'NONE', *, *, #2580, .F. ) ;
#2481 = CARTESIAN_POINT ( 'NONE',  ( -324.9886061297115702, 222.8951998256236209, 4.000000000000000000 ) ) ;
#2482 = DIRECTION ( 'NONE',  ( 0.8660254037844341557, 0.5000000000000079936, 0.000000000000000000 ) ) ;
#2483 = ORIENTED_EDGE ( 'NONE', *, *, #3600, .T. ) ;
#2484 = CARTESIAN_POINT ( 'NONE',  ( -322.9886061297115702, 307.1275784802687667, 4.000000000000000000 ) ) ;
#2485 = ORIENTED_EDGE ( 'NONE', *, *, #3473, .F. ) ;
#2486 = DIRECTION ( 'NONE',  ( -0.5000000000000041078, -0.8660254037844362651, 0.000000000000000000 ) ) ;
#2487 = CARTESIAN_POINT ( 'NONE',  ( -193.0056401616681683, 305.9159884794924551, 2.000000000000000000 ) ) ;
#2488 = ADVANCED_FACE ( 'NONE', ( #3734 ), #266, .T. ) ;
#2489 = EDGE_CURVE ( 'NONE', #2637, #2305, #1728, .T. ) ;
#2490 = CARTESIAN_POINT ( 'NONE',  ( -187.3109892263183553, 0.000000000000000000, 21.00000000000000000 ) ) ;
#2491 = DIRECTION ( 'NONE',  ( -1.000000000000000000, 0.000000000000000000, 0.000000000000000000 ) ) ;
#2492 = FACE_OUTER_BOUND ( 'NONE', #929, .T. ) ;
#2493 = ORIENTED_EDGE ( 'NONE', *, *, #2419, .T. ) ;
#2494 = DIRECTION ( 'NONE',  ( 0.5000000000000153211, 0.8660254037844297148, 0.000000000000000000 ) ) ;
#2495 = CYLINDRICAL_SURFACE ( 'NONE', #2994, 3.000000000000002665 ) ;
#2496 = ADVANCED_FACE ( 'NONE', ( #2891 ), #814, .T. ) ;
#2497 = LINE ( 'NONE', #3568, #1122 ) ;
#2498 = DIRECTION ( 'NONE',  ( 0.000000000000000000, -0.000000000000000000, 1.000000000000000000 ) ) ;
#2499 = VERTEX_POINT ( 'NONE', #3398 ) ;
#2500 = DIRECTION ( 'NONE',  ( -1.000000000000000000, 0.000000000000000000, 0.000000000000000000 ) ) ;
#2501 = ORIENTED_EDGE ( 'NONE', *, *, #2957, .F. ) ;
#2502 = EDGE_LOOP ( 'NONE', ( #3248, #3189, #91, #2356, #2799, #1098 ) ) ;
#2503 = CARTESIAN_POINT ( 'NONE',  ( -189.3109892263183553, 310.4275784802688349, 18.00000000000000355 ) ) ;
#2504 = ORIENTED_EDGE ( 'NONE', *, *, #974, .F. ) ;
#2505 = AXIS2_PLACEMENT_3D ( 'NONE', #3527, #2966, #69 ) ;
#2506 = ORIENTED_EDGE ( 'NONE', *, *, #1351, .T. ) ;
#2507 = CARTESIAN_POINT ( 'NONE',  ( -197.8553824228612825, 303.1159884794924437, 2.000000000000000000 ) ) ;
#2508 = DIRECTION ( 'NONE',  ( 0.000000000000000000, 0.000000000000000000, -1.000000000000000000 ) ) ;
#2509 = CARTESIAN_POINT ( 'NONE',  ( -259.3619755045060629, 263.5113891529462080, -3.000000000000000000 ) ) ;
#2510 = ADVANCED_FACE ( 'NONE', ( #1446 ), #1504, .F. ) ;
#2511 = VECTOR ( 'NONE', #481, 1000.000000000000000 ) ;
#2512 = VECTOR ( 'NONE', #2448, 1000.000000000000000 ) ;
#2513 = DIRECTION ( 'NONE',  ( 0.000000000000000000, 0.000000000000000000, -1.000000000000000000 ) ) ;
#2514 = EDGE_CURVE ( 'NONE', #754, #2499, #2229, .T. ) ;
#2515 = ADVANCED_FACE ( 'NONE', ( #2008, #2603 ), #288, .T. ) ;
#2516 = AXIS2_PLACEMENT_3D ( 'NONE', #2918, #3520, #2636 ) ;
#2517 = EDGE_LOOP ( 'NONE', ( #857, #2424, #3400, #245, #3084, #1221 ) ) ;
#2518 = CIRCLE ( 'NONE', #684, 3.500000000000003109 ) ;
#2519 = CARTESIAN_POINT ( 'NONE',  ( -195.9269085491587532, 302.3641115704579647, 4.000000000000005329 ) ) ;
#2520 = AXIS2_PLACEMENT_3D ( 'NONE', #3119, #2239, #238 ) ;
#2521 = CARTESIAN_POINT ( 'NONE',  ( -321.6886061297115589, 307.8275784802687554, 18.00000000000000355 ) ) ;
#2522 = EDGE_LOOP ( 'NONE', ( #1573, #906, #240, #2895, #3687, #2438, #874, #1773 ) ) ;
#2523 = VECTOR ( 'NONE', #3254, 1000.000000000000000 ) ;
#2524 = AXIS2_PLACEMENT_3D ( 'NONE', #1649, #839, #3431 ) ;
#2525 = ORIENTED_EDGE ( 'NONE', *, *, #687, .F. ) ;
#2526 = DIRECTION ( 'NONE',  ( -0.000000000000000000, -0.000000000000000000, -1.000000000000000000 ) ) ;
#2527 = ORIENTED_EDGE ( 'NONE', *, *, #806, .F. ) ;
#2528 = VECTOR ( 'NONE', #658, 1000.000000000000000 ) ;
#2529 = VECTOR ( 'NONE', #817, 1000.000000000000000 ) ;
#2530 = VECTOR ( 'NONE', #3259, 1000.000000000000000 ) ;
#2531 = ORIENTED_EDGE ( 'NONE', *, *, #83, .F. ) ;
#2532 = DIRECTION ( 'NONE',  ( 0.000000000000000000, 0.000000000000000000, 1.000000000000000000 ) ) ;
#2533 = ORIENTED_EDGE ( 'NONE', *, *, #926, .T. ) ;
#2534 = CARTESIAN_POINT ( 'NONE',  ( -188.6109892263183667, 309.1275784802687667, 21.00000000000000000 ) ) ;
#2535 = CARTESIAN_POINT ( 'NONE',  ( -261.8619755045060629, 263.5113891529462080, 3.000000000000000000 ) ) ;
#2536 = LINE ( 'NONE', #3382, #2202 ) ;
#2537 = EDGE_CURVE ( 'NONE', #1807, #1272, #279, .T. ) ;
#2538 = ADVANCED_FACE ( 'NONE', ( #3525 ), #1068, .F. ) ;
#2539 = ORIENTED_EDGE ( 'NONE', *, *, #2991, .F. ) ;
#2540 = CARTESIAN_POINT ( 'NONE',  ( -316.9771186325385202, 303.1159884794924437, 15.00000000000000000 ) ) ;
#2541 = ORIENTED_EDGE ( 'NONE', *, *, #171, .F. ) ;
#2542 = VERTEX_POINT ( 'NONE', #1460 ) ;
#2543 = CARTESIAN_POINT ( 'NONE',  ( -322.2886061297115816, 223.5951998256236095, 18.00000000000000355 ) ) ;
#2544 = ORIENTED_EDGE ( 'NONE', *, *, #2216, .T. ) ;
#2545 = ORIENTED_EDGE ( 'NONE', *, *, #1979, .F. ) ;
#2546 = DIRECTION ( 'NONE',  ( -0.000000000000000000, -0.000000000000000000, -1.000000000000000000 ) ) ;
#2547 = CYLINDRICAL_SURFACE ( 'NONE', #1543, 3.000000000000002665 ) ;
#2548 = ORIENTED_EDGE ( 'NONE', *, *, #848, .T. ) ;
#2549 = CARTESIAN_POINT ( 'NONE',  ( -318.5936993862695203, 305.9159884794924551, 0.000000000000000000 ) ) ;
#2550 = CYLINDRICAL_SURFACE ( 'NONE', #1849, 2.500000000000002220 ) ;
#2551 = EDGE_LOOP ( 'NONE', ( #1280, #3577, #3558, #1864 ) ) ;
#2552 = CYLINDRICAL_SURFACE ( 'NONE', #100, 1.492872887797369597 ) ;
#2553 = VERTEX_POINT ( 'NONE', #1520 ) ;
#2554 = EDGE_CURVE ( 'NONE', #2360, #3151, #362, .T. ) ;
#2555 = EDGE_LOOP ( 'NONE', ( #415, #3660 ) ) ;
#2556 = DIRECTION ( 'NONE',  ( 0.000000000000000000, 0.000000000000000000, -1.000000000000000000 ) ) ;
#2557 = EDGE_LOOP ( 'NONE', ( #525, #140, #1626, #1482, #1404, #75, #133, #1648 ) ) ;
#2558 = ADVANCED_FACE ( 'NONE', ( #559 ), #3465, .F. ) ;
#2559 = EDGE_CURVE ( 'NONE', #1807, #680, #41, .T. ) ;
#2560 = ORIENTED_EDGE ( 'NONE', *, *, #1868, .T. ) ;
#2561 = DIRECTION ( 'NONE',  ( -1.000000000000000000, 0.000000000000000000, 0.000000000000000000 ) ) ;
#2562 = VERTEX_POINT ( 'NONE', #1756 ) ;
#2563 = DIRECTION ( 'NONE',  ( 0.000000000000000000, 0.000000000000000000, -1.000000000000000000 ) ) ;
#2564 = DIRECTION ( 'NONE',  ( -1.000000000000000000, 0.000000000000000000, 0.000000000000000000 ) ) ;
#2565 = B_SPLINE_CURVE_WITH_KNOTS ( 'NONE', 3,
 ( #3369, #1358, #3039, #1621, #1339, #1931, #2519, #1072, #2836, #3117 ),
 .UNSPECIFIED., .F., .F.,
 ( 4, 2, 2, 2, 4 ),
 ( 0.000000000000000000, 0.1250000000172717951, 0.2500000000345435902, 0.3750000000518153853, 0.5000000000690871804 ),
 .UNSPECIFIED. ) ;
#2566 = VECTOR ( 'NONE', #166, 1000.000000000000000 ) ;
#2567 = DIRECTION ( 'NONE',  ( -0.000000000000000000, -0.000000000000000000, 1.000000000000000000 ) ) ;
#2568 = AXIS2_PLACEMENT_3D ( 'NONE', #1028, #2237, #3079 ) ;
#2569 = LINE ( 'NONE', #2591, #155 ) ;
#2570 = LINE ( 'NONE', #892, #2154 ) ;
#2571 = VERTEX_POINT ( 'NONE', #2032 ) ;
#2572 = CIRCLE ( 'NONE', #557, 2.000000000000001776 ) ;
#2573 = CIRCLE ( 'NONE', #2213, 1.482348964793822610 ) ;
#2574 = EDGE_LOOP ( 'NONE', ( #1190, #2379, #2409, #2731 ) ) ;
#2575 = VERTEX_POINT ( 'NONE', #615 ) ;
#2576 = AXIS2_PLACEMENT_3D ( 'NONE', #1392, #233, #1977 ) ;
#2577 = AXIS2_PLACEMENT_3D ( 'NONE', #3040, #3574, #447 ) ;
#2578 = DIRECTION ( 'NONE',  ( 0.000000000000000000, -0.000000000000000000, -1.000000000000000000 ) ) ;
#2579 = VERTEX_POINT ( 'NONE', #3511 ) ;
#2580 = EDGE_CURVE ( 'NONE', #3095, #2919, #2618, .T. ) ;
#2581 = TOROIDAL_SURFACE ( 'NONE', #218, 5.999999999999994671, 3.000000000000000000 ) ;
#2582 = DIRECTION ( 'NONE',  ( 0.000000000000000000, 0.000000000000000000, -1.000000000000000000 ) ) ;
#2583 = CARTESIAN_POINT ( 'NONE',  ( -313.7439571250766335, 230.9068630152645198, 2.000000000000000000 ) ) ;
#2584 = EDGE_CURVE ( 'NONE', #742, #432, #2390, .T. ) ;
#2585 = ORIENTED_EDGE ( 'NONE', *, *, #619, .T. ) ;
#2586 = CARTESIAN_POINT ( 'NONE',  ( -316.9771186325385202, 303.1159884794924437, 17.69999999999999929 ) ) ;
#2587 = CARTESIAN_POINT ( 'NONE',  ( -186.6109892263183667, 311.1275784802687667, 0.000000000000000000 ) ) ;
#2588 = DIRECTION ( 'NONE',  ( 0.000000000000000000, 0.000000000000000000, -1.000000000000000000 ) ) ;
#2589 = AXIS2_PLACEMENT_3D ( 'NONE', #282, #1797, #2613 ) ;
#2590 = LINE ( 'NONE', #3735, #613 ) ;
#2591 = CARTESIAN_POINT ( 'NONE',  ( -196.2388016691302823, 300.3159884794923187, 2.000000000000000000 ) ) ;
#2592 = DIRECTION ( 'NONE',  ( 0.4999999999999931166, -0.8660254037844425934, 0.000000000000000000 ) ) ;
#2593 = ORIENTED_EDGE ( 'NONE', *, *, #1761, .T. ) ;
#2594 = DIRECTION ( 'NONE',  ( 0.8660254037844341557, -0.5000000000000079936, 0.000000000000000000 ) ) ;
#2595 = EDGE_LOOP ( 'NONE', ( #2391, #1764, #982, #183 ) ) ;
#2596 = DIRECTION ( 'NONE',  ( -0.000000000000000000, 0.000000000000000000, -1.000000000000000000 ) ) ;
#2597 = DIRECTION ( 'NONE',  ( 0.000000000000000000, 1.000000000000000000, -0.000000000000000000 ) ) ;
#2598 = ORIENTED_EDGE ( 'NONE', *, *, #1530, .F. ) ;
#2599 = CARTESIAN_POINT ( 'NONE',  ( -194.6224767234914168, 230.9067898263999439, 7.000000000000000888 ) ) ;
#2600 = DIRECTION ( 'NONE',  ( 1.000000000000000000, 0.000000000000000000, 0.000000000000000000 ) ) ;
#2601 = EDGE_CURVE ( 'NONE', #1851, #835, #1481, .T. ) ;
#2602 = EDGE_CURVE ( 'NONE', #1296, #206, #1376, .T. ) ;
#2603 = FACE_BOUND ( 'NONE', #1725, .T. ) ;
#2604 = CARTESIAN_POINT ( 'NONE',  ( -255.7997976780149827, 274.0113891529462080, 3.000000000000000000 ) ) ;
#2605 = ORIENTED_EDGE ( 'NONE', *, *, #3508, .F. ) ;
#2606 = ADVANCED_FACE ( 'NONE', ( #2906 ), #18, .F. ) ;
#2607 = EDGE_CURVE ( 'NONE', #98, #3, #3161, .T. ) ;
#2608 = CARTESIAN_POINT ( 'NONE',  ( -195.9269085492609577, 303.8678653883355310, 4.000000000000002665 ) ) ;
#2609 = CARTESIAN_POINT ( 'NONE',  ( -315.3605378788074631, 300.3159884794923755, 2.000000000000000000 ) ) ;
#2610 = ORIENTED_EDGE ( 'NONE', *, *, #2285, .F. ) ;
#2611 = CARTESIAN_POINT ( 'NONE',  ( -196.1152217072426254, 303.1159884794925006, 4.000000000000001776 ) ) ;
#2612 = CARTESIAN_POINT ( 'NONE',  ( -191.3890594079371681, 230.9068630152645483, 2.000000000000000000 ) ) ;
#2613 = DIRECTION ( 'NONE',  ( 1.000000000000000000, 0.000000000000000000, 0.000000000000000000 ) ) ;
#2614 = CARTESIAN_POINT ( 'NONE',  ( -324.9886061297115702, 309.1275784802687667, 21.00000000000000000 ) ) ;
#2615 = ORIENTED_EDGE ( 'NONE', *, *, #3474, .T. ) ;
#2616 = PLANE ( 'NONE',  #3362 ) ;
#2617 = DIRECTION ( 'NONE',  ( 0.000000000000000000, 0.000000000000000000, -1.000000000000000000 ) ) ;
#2618 = LINE ( 'NONE', #639, #165 ) ;
#2619 = EDGE_LOOP ( 'NONE', ( #2099, #1986, #2067, #2291 ) ) ;
#2620 = ADVANCED_FACE ( 'NONE', ( #3215, #1152 ), #597, .T. ) ;
#2621 = PLANE ( 'NONE',  #258 ) ;
#2622 = DIRECTION ( 'NONE',  ( 0.000000000000000000, -0.000000000000000000, -1.000000000000000000 ) ) ;
#2623 = CIRCLE ( 'NONE', #2264, 2.000000000000001776 ) ;
#2624 = CARTESIAN_POINT ( 'NONE',  ( -195.0131297638199328, 304.5700350661650191, 4.000000000000003553 ) ) ;
#2625 = ADVANCED_FACE ( 'NONE', ( #1312 ), #2772, .T. ) ;
#2626 = CARTESIAN_POINT ( 'NONE',  ( -196.2388016691299413, 228.1068630152645085, 0.000000000000000000 ) ) ;
#2627 = EDGE_CURVE ( 'NONE', #158, #1732, #2997, .T. ) ;
#2628 = VECTOR ( 'NONE', #2130, 1000.000000000000000 ) ;
#2629 = ORIENTED_EDGE ( 'NONE', *, *, #1136, .T. ) ;
#2630 = CIRCLE ( 'NONE', #1479, 3.000000000000002665 ) ;
#2631 = CARTESIAN_POINT ( 'NONE',  ( -188.6109892263183667, 222.8951998256236209, 21.00000000000000000 ) ) ;
#2632 = ORIENTED_EDGE ( 'NONE', *, *, #3556, .T. ) ;
#2633 = AXIS2_PLACEMENT_3D ( 'NONE', #706, #1878, #3028 ) ;
#2634 = DIRECTION ( 'NONE',  ( 0.000000000000000000, -0.000000000000000000, -1.000000000000000000 ) ) ;
#2635 = CARTESIAN_POINT ( 'NONE',  ( -255.7997976780149827, 267.0113891529462080, -3.000000000000000000 ) ) ;
#2636 = DIRECTION ( 'NONE',  ( 0.000000000000000000, 0.000000000000000000, -1.000000000000000000 ) ) ;
#2637 = VERTEX_POINT ( 'NONE', #3255 ) ;
#2638 = VECTOR ( 'NONE', #234, 1000.000000000000000 ) ;
#2639 = VECTOR ( 'NONE', #429, 1000.000000000000000 ) ;
#2640 = DIRECTION ( 'NONE',  ( -1.000000000000000000, 0.000000000000000000, -0.000000000000000000 ) ) ;
#2641 = AXIS2_PLACEMENT_3D ( 'NONE', #3598, #1629, #2788 ) ;
#2642 = CIRCLE ( 'NONE', #338, 3.000000000000002665 ) ;
#2643 = CARTESIAN_POINT ( 'NONE',  ( -193.0056401616681683, 228.1068630152645085, 2.000000000000000000 ) ) ;
#2644 = ORIENTED_EDGE ( 'NONE', *, *, #59, .F. ) ;
#2645 = CARTESIAN_POINT ( 'NONE',  ( 0.000000000000000000, 309.8275784802687554, 18.00000000000000355 ) ) ;
#2646 = DIRECTION ( 'NONE',  ( -0.000000000000000000, 0.000000000000000000, -1.000000000000000000 ) ) ;
#2647 = AXIS2_PLACEMENT_3D ( 'NONE', #2643, #2922, #48 ) ;
#2648 = CARTESIAN_POINT ( 'NONE',  ( -316.9771186325385202, 303.1159884794924437, 17.69999999999999929 ) ) ;
#2649 = CIRCLE ( 'NONE', #865, 6.000000000000005329 ) ;
#2650 = DIRECTION ( 'NONE',  ( 1.000000000000000000, 0.000000000000000000, 0.000000000000000000 ) ) ;
#2651 = EDGE_LOOP ( 'NONE', ( #2504, #193, #1577, #292 ) ) ;
#2652 = EDGE_CURVE ( 'NONE', #1384, #1149, #1402, .T. ) ;
#2653 = EDGE_CURVE ( 'NONE', #1368, #98, #3393, .T. ) ;
#2654 = ORIENTED_EDGE ( 'NONE', *, *, #828, .T. ) ;
#2655 = CARTESIAN_POINT ( 'NONE',  ( -187.3109892263183553, 225.5951998256236095, 21.00000000000000000 ) ) ;
#2656 = ORIENTED_EDGE ( 'NONE', *, *, #2989, .F. ) ;
#2657 = DIRECTION ( 'NONE',  ( -1.000000000000000000, 0.000000000000000000, 0.000000000000000000 ) ) ;
#2658 = CARTESIAN_POINT ( 'NONE',  ( -316.9771186325385770, 230.9068630152645198, 4.000000000000000000 ) ) ;
#2659 = ORIENTED_EDGE ( 'NONE', *, *, #533, .T. ) ;
#2660 = DIRECTION ( 'NONE',  ( 0.000000000000000000, 0.000000000000000000, -1.000000000000000000 ) ) ;
#2661 = CYLINDRICAL_SURFACE ( 'NONE', #1046, 1.507070184150943737 ) ;
#2662 = DIRECTION ( 'NONE',  ( -1.000000000000000000, 0.000000000000000000, 0.000000000000000000 ) ) ;
#2663 = ORIENTED_EDGE ( 'NONE', *, *, #1711, .F. ) ;
#2664 = CYLINDRICAL_SURFACE ( 'NONE', #3405, 2.000000000000001776 ) ;
#2665 = CARTESIAN_POINT ( 'NONE',  ( -304.6109892263183383, 218.2931405177996567, 14.00000000000000000 ) ) ;
#2666 = LINE ( 'NONE', #623, #399 ) ;
#2667 = ORIENTED_EDGE ( 'NONE', *, *, #1789, .F. ) ;
#2668 = EDGE_LOOP ( 'NONE', ( #1616, #3583, #2304, #1710 ) ) ;
#2669 = DIRECTION ( 'NONE',  ( 0.000000000000000000, -1.000000000000000000, 0.000000000000000000 ) ) ;
#2670 = ORIENTED_EDGE ( 'NONE', *, *, #1140, .T. ) ;
#2671 = CARTESIAN_POINT ( 'NONE',  ( -194.6223488194592335, 304.6088613618106251, 17.69999999999999929 ) ) ;
#2672 = ORIENTED_EDGE ( 'NONE', *, *, #131, .T. ) ;
#2673 = EDGE_CURVE ( 'NONE', #2158, #158, #507, .T. ) ;
#2674 = EDGE_CURVE ( 'NONE', #2499, #2240, #221, .T. ) ;
#2675 = FACE_BOUND ( 'NONE', #2083, .T. ) ;
#2676 = DIRECTION ( 'NONE',  ( 0.4999999999999876210, 0.8660254037844458130, 0.000000000000000000 ) ) ;
#2677 = ORIENTED_EDGE ( 'NONE', *, *, #3407, .T. ) ;
#2678 = CARTESIAN_POINT ( 'NONE',  ( -193.0056401616682251, 300.3159884794922618, 2.000000000000000000 ) ) ;
#2679 = LINE ( 'NONE', #1462, #332 ) ;
#2680 = DIRECTION ( 'NONE',  ( 1.000000000000000000, -0.000000000000000000, 0.000000000000000000 ) ) ;
#2681 = CARTESIAN_POINT ( 'NONE',  ( -315.4842457447411448, 230.9067898263999439, 4.000000000000000000 ) ) ;
#2682 = DIRECTION ( 'NONE',  ( 0.000000000000000000, 0.000000000000000000, -1.000000000000000000 ) ) ;
#2683 = ORIENTED_EDGE ( 'NONE', *, *, #3293, .F. ) ;
#2684 = CIRCLE ( 'NONE', #1411, 2.000000000000001776 ) ;
#2685 = FILL_AREA_STYLE ('',( #663 ) ) ;
#2686 = DIRECTION ( 'NONE',  ( -1.000000000000000000, 0.000000000000000000, 0.000000000000000000 ) ) ;
#2687 = ORIENTED_EDGE ( 'NONE', *, *, #1396, .T. ) ;
#2688 = PLANE ( 'NONE',  #153 ) ;
#2689 = VERTEX_POINT ( 'NONE', #1169 ) ;
#2690 = FACE_OUTER_BOUND ( 'NONE', #2551, .T. ) ;
#2691 = VECTOR ( 'NONE', #1267, 1000.000000000000000 ) ;
#2692 = ADVANCED_FACE ( 'NONE', ( #3155 ), #2344, .T. ) ;
#2693 = ADVANCED_FACE ( 'NONE', ( #1715 ), #341, .T. ) ;
#2694 = CARTESIAN_POINT ( 'NONE',  ( -187.9109892263183497, 226.1951998256236038, 21.00000000000000000 ) ) ;
#2695 = AXIS2_PLACEMENT_3D ( 'NONE', #3345, #3399, #1359 ) ;
#2696 = DIRECTION ( 'NONE',  ( -0.5000000000000041078, -0.8660254037844362651, 0.000000000000000000 ) ) ;
#2697 = ORIENTED_EDGE ( 'NONE', *, *, #2419, .F. ) ;
#2698 = DIRECTION ( 'NONE',  ( 0.000000000000000000, 0.000000000000000000, -1.000000000000000000 ) ) ;
#2699 = LINE ( 'NONE', #2678, #3347 ) ;
#2700 = CARTESIAN_POINT ( 'NONE',  ( -324.2886061297115816, 225.5951998256236095, 18.00000000000000355 ) ) ;
#2701 = AXIS2_PLACEMENT_3D ( 'NONE', #1688, #1406, #2850 ) ;
#2702 = CIRCLE ( 'NONE', #2695, 2.000000000000001776 ) ;
#2703 = EDGE_CURVE ( 'NONE', #2406, #2742, #1188, .T. ) ;
#2704 = DIRECTION ( 'NONE',  ( 0.000000000000000000, 0.000000000000000000, -1.000000000000000000 ) ) ;
#2705 = LINE ( 'NONE', #1317, #1855 ) ;
#2706 = CIRCLE ( 'NONE', #2759, 2.000000000000001776 ) ;
#2707 = AXIS2_PLACEMENT_3D ( 'NONE', #978, #2787, #2845 ) ;
#2708 = ORIENTED_EDGE ( 'NONE', *, *, #256, .T. ) ;
#2709 = DIRECTION ( 'NONE',  ( -1.000000000000000000, 0.000000000000000000, 0.000000000000000000 ) ) ;
#2710 = ORIENTED_EDGE ( 'NONE', *, *, #2856, .F. ) ;
#2711 = ORIENTED_EDGE ( 'NONE', *, *, #2607, .T. ) ;
#2712 = DIRECTION ( 'NONE',  ( 0.000000000000000000, -0.000000000000000000, -1.000000000000000000 ) ) ;
#2713 = EDGE_LOOP ( 'NONE', ( #1282, #3546 ) ) ;
#2714 = PLANE ( 'NONE',  #2141 ) ;
#2715 = DIRECTION ( 'NONE',  ( 0.000000000000000000, 0.000000000000000000, 1.000000000000000000 ) ) ;
#2716 = ORIENTED_EDGE ( 'NONE', *, *, #3436, .F. ) ;
#2717 = CARTESIAN_POINT ( 'NONE',  ( 0.000000000000000000, 310.4275784802688349, 18.00000000000000355 ) ) ;
#2718 = DIRECTION ( 'NONE',  ( 0.000000000000000000, 0.000000000000000000, 1.000000000000000000 ) ) ;
#2719 = EDGE_CURVE ( 'NONE', #3740, #394, #3727, .T. ) ;
#2720 = CARTESIAN_POINT ( 'NONE',  ( -316.9771186325385202, 230.9067898263999439, 6.999999999999999112 ) ) ;
#2721 = ORIENTED_EDGE ( 'NONE', *, *, #3556, .F. ) ;
#2722 = EDGE_CURVE ( 'NONE', #2553, #374, #340, .T. ) ;
#2723 = EDGE_CURVE ( 'NONE', #589, #1989, #3484, .T. ) ;
#2724 = DIRECTION ( 'NONE',  ( -0.5000000000000026645, 0.8660254037844372643, 0.000000000000000000 ) ) ;
#2725 = ORIENTED_EDGE ( 'NONE', *, *, #871, .F. ) ;
#2726 = CARTESIAN_POINT ( 'NONE',  ( -191.3890594079371681, 230.9068630152645483, 0.000000000000000000 ) ) ;
#2727 = ORIENTED_EDGE ( 'NONE', *, *, #3342, .T. ) ;
#2728 = CARTESIAN_POINT ( 'NONE',  ( -316.9771186325385202, 303.1159884794924437, 17.69999999999999929 ) ) ;
#2729 = ORIENTED_EDGE ( 'NONE', *, *, #1141, .T. ) ;
#2730 = FACE_OUTER_BOUND ( 'NONE', #210, .T. ) ;
#2731 = ORIENTED_EDGE ( 'NONE', *, *, #3366, .T. ) ;
#2732 = DIRECTION ( 'NONE',  ( 0.000000000000000000, 0.000000000000000000, 1.000000000000000000 ) ) ;
#2733 = DIRECTION ( 'NONE',  ( 0.000000000000000000, 0.000000000000000000, -1.000000000000000000 ) ) ;
#2734 = ORIENTED_EDGE ( 'NONE', *, *, #196, .F. ) ;
#2735 = DIRECTION ( 'NONE',  ( -1.716930969985214437E-14, 1.000000000000000000, 0.000000000000000000 ) ) ;
#2736 = CARTESIAN_POINT ( 'NONE',  ( -316.9771186325385770, 230.9068630152645198, 4.000000000000000000 ) ) ;
#2737 = EDGE_CURVE ( 'NONE', #1244, #1111, #3519, .T. ) ;
#2738 = DIRECTION ( 'NONE',  ( 1.000000000000000000, 0.000000000000000000, 0.000000000000000000 ) ) ;
#2739 = VERTEX_POINT ( 'NONE', #358 ) ;
#2740 = EDGE_CURVE ( 'NONE', #3414, #3016, #877, .T. ) ;
#2741 = EDGE_CURVE ( 'NONE', #1779, #680, #522, .T. ) ;
#2742 = VERTEX_POINT ( 'NONE', #914 ) ;
#2743 = DIRECTION ( 'NONE',  ( -0.000000000000000000, 0.000000000000000000, -1.000000000000000000 ) ) ;
#2744 = CARTESIAN_POINT ( 'NONE',  ( -319.9771186325385202, 303.1159884794924437, 17.69999999999999929 ) ) ;
#2745 = EDGE_LOOP ( 'NONE', ( #770, #1697 ) ) ;
#2746 = AXIS2_PLACEMENT_3D ( 'NONE', #3570, #1769, #2880 ) ;
#2747 = DIRECTION ( 'NONE',  ( 1.000000000000000000, 0.000000000000000000, 0.000000000000000000 ) ) ;
#2748 = AXIS2_PLACEMENT_3D ( 'NONE', #1733, #296, #1437 ) ;
#2749 = CYLINDRICAL_SURFACE ( 'NONE', #2019, 2.000000000000001776 ) ;
#2750 = CARTESIAN_POINT ( 'NONE',  ( -321.6886061297115589, 226.1951998256236038, 18.00000000000000355 ) ) ;
#2751 = VERTEX_POINT ( 'NONE', #3180 ) ;
#2752 = DIRECTION ( 'NONE',  ( -0.000000000000000000, -0.000000000000000000, 1.000000000000000000 ) ) ;
#2753 = AXIS2_PLACEMENT_3D ( 'NONE', #771, #209, #3429 ) ;
#2754 = CARTESIAN_POINT ( 'NONE',  ( -316.9771186325385202, 303.1159884794924437, 4.000000000000000000 ) ) ;
#2755 = AXIS2_PLACEMENT_3D ( 'NONE', #356, #834, #3152 ) ;
#2756 = DIRECTION ( 'NONE',  ( 0.000000000000000000, -0.000000000000000000, -1.000000000000000000 ) ) ;
#2757 = AXIS2_PLACEMENT_3D ( 'NONE', #1274, #1866, #2207 ) ;
#2758 = CIRCLE ( 'NONE', #3121, 2.500000000000002220 ) ;
#2759 = AXIS2_PLACEMENT_3D ( 'NONE', #540, #495, #1373 ) ;
#2760 = ORIENTED_EDGE ( 'NONE', *, *, #2135, .T. ) ;
#2761 = DIRECTION ( 'NONE',  ( -0.5000000000000078826, 0.8660254037844340447, 0.000000000000000000 ) ) ;
#2762 = AXIS2_PLACEMENT_3D ( 'NONE', #128, #1336, #2433 ) ;
#2763 = EDGE_CURVE ( 'NONE', #1748, #3123, #2293, .T. ) ;
#2764 = AXIS2_PLACEMENT_3D ( 'NONE', #1230, #3489, #1740 ) ;
#2765 = EDGE_CURVE ( 'NONE', #754, #355, #1131, .T. ) ;
#2766 = ORIENTED_EDGE ( 'NONE', *, *, #493, .T. ) ;
#2767 = LINE ( 'NONE', #1832, #3115 ) ;
#2768 = DIRECTION ( 'NONE',  ( -1.000000000000000000, 0.000000000000000000, 0.000000000000000000 ) ) ;
#2769 = ADVANCED_FACE ( 'NONE', ( #1438 ), #591, .T. ) ;
#2770 = EDGE_CURVE ( 'NONE', #3486, #1669, #3064, .T. ) ;
#2771 = FACE_OUTER_BOUND ( 'NONE', #3130, .T. ) ;
#2772 = CYLINDRICAL_SURFACE ( 'NONE', #2828, 3.000000000000002665 ) ;
#2773 = CARTESIAN_POINT ( 'NONE',  ( -252.2376198515239309, 263.5113891529462080, 0.000000000000000000 ) ) ;
#2774 = ORIENTED_EDGE ( 'NONE', *, *, #1889, .F. ) ;
#2775 = CARTESIAN_POINT ( 'NONE',  ( -196.2388016691302823, 305.9159884794923983, 2.000000000000000000 ) ) ;
#2776 = DIRECTION ( 'NONE',  ( -0.000000000000000000, -0.000000000000000000, 1.000000000000000000 ) ) ;
#2777 = CARTESIAN_POINT ( 'NONE',  ( -194.6227259180985527, 230.9068630152645483, 17.69999999999999929 ) ) ;
#2778 = DIRECTION ( 'NONE',  ( 0.000000000000000000, 1.000000000000000000, 0.000000000000000000 ) ) ;
#2779 = DIRECTION ( 'NONE',  ( 0.8660254037844372643, 0.5000000000000026645, 0.000000000000000000 ) ) ;
#2780 = ORIENTED_EDGE ( 'NONE', *, *, #2877, .F. ) ;
#2781 = PLANE ( 'NONE',  #2027 ) ;
#2782 = DIRECTION ( 'NONE',  ( -0.000000000000000000, -0.000000000000000000, -1.000000000000000000 ) ) ;
#2783 = VERTEX_POINT ( 'NONE', #2195 ) ;
#2784 = ORIENTED_EDGE ( 'NONE', *, *, #1137, .F. ) ;
#2785 = CARTESIAN_POINT ( 'NONE',  ( -196.1150938031964586, 303.1159884794925006, 15.00000000000000000 ) ) ;
#2786 = ORIENTED_EDGE ( 'NONE', *, *, #3197, .F. ) ;
#2787 = DIRECTION ( 'NONE',  ( -0.000000000000000000, 0.000000000000000000, -1.000000000000000000 ) ) ;
#2788 = DIRECTION ( 'NONE',  ( -1.000000000000000000, 0.000000000000000000, 0.000000000000000000 ) ) ;
#2789 = ORIENTED_EDGE ( 'NONE', *, *, #2740, .F. ) ;
#2790 = EDGE_CURVE ( 'NONE', #1082, #3095, #515, .T. ) ;
#2791 = FACE_OUTER_BOUND ( 'NONE', #3643, .T. ) ;
#2792 = ADVANCED_FACE ( 'NONE', ( #777 ), #2781, .T. ) ;
#2793 = EDGE_LOOP ( 'NONE', ( #1076, #1815, #935, #3579, #2677, #437 ) ) ;
#2794 = CARTESIAN_POINT ( 'NONE',  ( 0.000000000000000000, 309.8275784802687554, 18.00000000000000355 ) ) ;
#2795 = PLANE ( 'NONE',  #1786 ) ;
#2796 = LINE ( 'NONE', #3610, #2511 ) ;
#2797 = CARTESIAN_POINT ( 'NONE',  ( -313.7439571250765198, 303.1159884794923869, 0.000000000000000000 ) ) ;
#2798 = CARTESIAN_POINT ( 'NONE',  ( -276.6109892263183383, 222.8951998256236209, 21.00000000000000000 ) ) ;
#2799 = ORIENTED_EDGE ( 'NONE', *, *, #694, .F. ) ;
#2800 = DIRECTION ( 'NONE',  ( 0.000000000000000000, 0.000000000000000000, 1.000000000000000000 ) ) ;
#2801 = DIRECTION ( 'NONE',  ( 1.000000000000000000, 0.000000000000000000, 0.000000000000000000 ) ) ;
#2802 = ORIENTED_EDGE ( 'NONE', *, *, #1583, .T. ) ;
#2803 = VERTEX_POINT ( 'NONE', #3081 ) ;
#2804 = CARTESIAN_POINT ( 'NONE',  ( -255.7997976780149827, 267.0113891529462080, -1.500000000000000000 ) ) ;
#2805 = ORIENTED_EDGE ( 'NONE', *, *, #783, .F. ) ;
#2806 = VECTOR ( 'NONE', #1611, 1000.000000000000000 ) ;
#2807 = EDGE_LOOP ( 'NONE', ( #2527, #2913, #668, #3149 ) ) ;
#2808 = DIRECTION ( 'NONE',  ( -0.000000000000000000, -0.000000000000000000, -1.000000000000000000 ) ) ;
#2809 = ORIENTED_EDGE ( 'NONE', *, *, #2171, .T. ) ;
#2810 = CARTESIAN_POINT ( 'NONE',  ( -322.2886061297115816, 225.5951998256236095, 18.00000000000000355 ) ) ;
#2811 = CARTESIAN_POINT ( 'NONE',  ( -255.7997976780149827, 274.0113891529462080, 0.000000000000000000 ) ) ;
#2812 = AXIS2_PLACEMENT_3D ( 'NONE', #1036, #750, #1328 ) ;
#2813 = EDGE_CURVE ( 'NONE', #3513, #1745, #3417, .T. ) ;
#2814 = ADVANCED_FACE ( 'NONE', ( #1874 ), #738, .F. ) ;
#2815 = VECTOR ( 'NONE', #2597, 1000.000000000000000 ) ;
#2816 = CARTESIAN_POINT ( 'NONE',  ( 0.000000000000000000, 224.1951998256236038, 21.00000000000000000 ) ) ;
#2817 = AXIS2_PLACEMENT_3D ( 'NONE', #940, #636, #1224 ) ;
#2818 = ORIENTED_EDGE ( 'NONE', *, *, #3555, .T. ) ;
#2819 = CIRCLE ( 'NONE', #2273, 1.492872887797369597 ) ;
#2820 = VECTOR ( 'NONE', #2266, 1000.000000000000000 ) ;
#2821 = CARTESIAN_POINT ( 'NONE',  ( -324.9886061297115702, 222.8951998256236209, 14.00000000000000000 ) ) ;
#2822 = ORIENTED_EDGE ( 'NONE', *, *, #2999, .T. ) ;
#2823 = CARTESIAN_POINT ( 'NONE',  ( -319.9771186325385202, 230.9067898263999439, 17.69999999999999929 ) ) ;
#2824 = VECTOR ( 'NONE', #3017, 1000.000000000000000 ) ;
#2825 = ORIENTED_EDGE ( 'NONE', *, *, #2770, .F. ) ;
#2826 = DIRECTION ( 'NONE',  ( -1.000000000000000000, 0.000000000000000000, 0.000000000000000000 ) ) ;
#2827 = ORIENTED_EDGE ( 'NONE', *, *, #3594, .F. ) ;
#2828 = AXIS2_PLACEMENT_3D ( 'NONE', #1819, #2123, #2491 ) ;
#2829 = VECTOR ( 'NONE', #2043, 1000.000000000000000 ) ;
#2830 = DIRECTION ( 'NONE',  ( -0.8660254037844393737, -0.4999999999999987788, 0.000000000000000000 ) ) ;
#2831 = ORIENTED_EDGE ( 'NONE', *, *, #3523, .T. ) ;
#2832 = CYLINDRICAL_SURFACE ( 'NONE', #3480, 3.000000000000002665 ) ;
#2833 = DIRECTION ( 'NONE',  ( 0.000000000000000000, -1.000000000000000000, 0.000000000000000000 ) ) ;
#2834 = EDGE_CURVE ( 'NONE', #355, #1518, #2565, .T. ) ;
#2835 = ORIENTED_EDGE ( 'NONE', *, *, #148, .F. ) ;
#2836 = CARTESIAN_POINT ( 'NONE',  ( -196.1153496112888206, 302.9205612167255026, 4.000000000000004441 ) ) ;
#2837 = EDGE_CURVE ( 'NONE', #448, #2321, #2569, .T. ) ;
#2838 = CARTESIAN_POINT ( 'NONE',  ( -324.9886061297115702, 224.8951998256236209, 21.00000000000000000 ) ) ;
#2839 = EDGE_CURVE ( 'NONE', #34, #1641, #1142, .T. ) ;
#2840 = ORIENTED_EDGE ( 'NONE', *, *, #1672, .F. ) ;
#2841 = LINE ( 'NONE', #1075, #2529 ) ;
#2842 = ORIENTED_EDGE ( 'NONE', *, *, #1533, .F. ) ;
#2843 = FACE_OUTER_BOUND ( 'NONE', #1408, .T. ) ;
#2844 = ORIENTED_EDGE ( 'NONE', *, *, #2584, .T. ) ;
#2845 = DIRECTION ( 'NONE',  ( 1.000000000000000000, 0.000000000000000000, 0.000000000000000000 ) ) ;
#2846 = VERTEX_POINT ( 'NONE', #2319 ) ;
#2847 = LINE ( 'NONE', #786, #3658 ) ;
#2848 = ORIENTED_EDGE ( 'NONE', *, *, #190, .F. ) ;
#2849 = CARTESIAN_POINT ( 'NONE',  ( -194.6222209153991685, 303.1159884794925006, 2.000000000000000000 ) ) ;
#2850 = DIRECTION ( 'NONE',  ( -1.000000000000000000, 0.000000000000000000, 0.000000000000000000 ) ) ;
#2851 = DIRECTION ( 'NONE',  ( 0.000000000000000000, 1.000000000000000000, 0.000000000000000000 ) ) ;
#2852 = DIRECTION ( 'NONE',  ( 0.000000000000000000, 0.000000000000000000, -1.000000000000000000 ) ) ;
#2853 = CARTESIAN_POINT ( 'NONE',  ( -197.8553824228609415, 230.9068630152645198, 0.000000000000000000 ) ) ;
#2854 = EDGE_LOOP ( 'NONE', ( #293, #787, #1592, #2313 ) ) ;
#2855 = EDGE_CURVE ( 'NONE', #1380, #1580, #3469, .T. ) ;
#2856 = EDGE_CURVE ( 'NONE', #3328, #3605, #2518, .T. ) ;
#2857 = VERTEX_POINT ( 'NONE', #1177 ) ;
#2858 = DIRECTION ( 'NONE',  ( 0.000000000000000000, -0.000000000000000000, -1.000000000000000000 ) ) ;
#2859 = ORIENTED_EDGE ( 'NONE', *, *, #2284, .F. ) ;
#2860 = ORIENTED_EDGE ( 'NONE', *, *, #2770, .T. ) ;
#2861 = DIRECTION ( 'NONE',  ( -0.000000000000000000, -1.000000000000000000, -0.000000000000000000 ) ) ;
#2862 = ORIENTED_EDGE ( 'NONE', *, *, #1257, .F. ) ;
#2863 = DIRECTION ( 'NONE',  ( 0.000000000000000000, 0.000000000000000000, -1.000000000000000000 ) ) ;
#2864 = DIRECTION ( 'NONE',  ( -0.000000000000000000, 0.000000000000000000, 1.000000000000000000 ) ) ;
#2865 = CARTESIAN_POINT ( 'NONE',  ( -188.6109892263183667, 307.1275784802687667, 4.000000000000000000 ) ) ;
#2866 = VECTOR ( 'NONE', #1994, 1000.000000000000000 ) ;
#2867 = AXIS2_PLACEMENT_3D ( 'NONE', #2178, #2460, #1319 ) ;
#2868 = FACE_OUTER_BOUND ( 'NONE', #118, .T. ) ;
#2869 = VECTOR ( 'NONE', #349, 1000.000000000000000 ) ;
#2870 = CARTESIAN_POINT ( 'NONE',  ( -322.9886061297115702, 224.8951998256236209, 21.00000000000000000 ) ) ;
#2871 = ORIENTED_EDGE ( 'NONE', *, *, #2016, .T. ) ;
#2872 = VECTOR ( 'NONE', #2901, 1000.000000000000000 ) ;
#2873 = ORIENTED_EDGE ( 'NONE', *, *, #3146, .T. ) ;
#2874 = DIRECTION ( 'NONE',  ( -0.8660254037844415942, 0.4999999999999950595, 0.000000000000000000 ) ) ;
#2875 = ORIENTED_EDGE ( 'NONE', *, *, #2877, .T. ) ;
#2876 = EDGE_CURVE ( 'NONE', #2846, #1502, #2951, .T. ) ;
#2877 = EDGE_CURVE ( 'NONE', #577, #1845, #1958, .T. ) ;
#2878 = VECTOR ( 'NONE', #80, 1000.000000000000000 ) ;
#2879 = VECTOR ( 'NONE', #3009, 1000.000000000000000 ) ;
#2880 = DIRECTION ( 'NONE',  ( -1.000000000000000000, 0.000000000000000000, 0.000000000000000000 ) ) ;
#2881 = CARTESIAN_POINT ( 'NONE',  ( -261.8619755045060629, 263.5113891529462080, 3.000000000000000000 ) ) ;
#2882 = VECTOR ( 'NONE', #3004, 1000.000000000000000 ) ;
#2883 = CARTESIAN_POINT ( 'NONE',  ( -304.6109892263183383, 224.8951998256236209, 14.00000000000000000 ) ) ;
#2884 = EDGE_LOOP ( 'NONE', ( #3103, #3628, #295, #2907 ) ) ;
#2885 = DIRECTION ( 'NONE',  ( -0.000000000000000000, -0.000000000000000000, 1.000000000000000000 ) ) ;
#2886 = EDGE_CURVE ( 'NONE', #2275, #2965, #2819, .T. ) ;
#2887 = EDGE_CURVE ( 'NONE', #2137, #2742, #1215, .T. ) ;
#2888 = CARTESIAN_POINT ( 'NONE',  ( 0.000000000000000000, 0.000000000000000000, 17.69999999999999929 ) ) ;
#2889 = VECTOR ( 'NONE', #1219, 999.9999999999998863 ) ;
#2890 = DIRECTION ( 'NONE',  ( 1.000000000000000000, 0.000000000000000000, 0.000000000000000000 ) ) ;
#2891 = FACE_OUTER_BOUND ( 'NONE', #2982, .T. ) ;
#2892 = EDGE_LOOP ( 'NONE', ( #1867, #2708 ) ) ;
#2893 = DIRECTION ( 'NONE',  ( 0.000000000000000000, 0.000000000000000000, -1.000000000000000000 ) ) ;
#2894 = DIRECTION ( 'NONE',  ( -1.000000000000000000, 0.000000000000000000, 0.000000000000000000 ) ) ;
#2895 = ORIENTED_EDGE ( 'NONE', *, *, #2904, .T. ) ;
#2896 = ORIENTED_EDGE ( 'NONE', *, *, #1515, .F. ) ;
#2897 = DIRECTION ( 'NONE',  ( -0.000000000000000000, 0.000000000000000000, 1.000000000000000000 ) ) ;
#2898 = ORIENTED_EDGE ( 'NONE', *, *, #546, .T. ) ;
#2899 = EDGE_CURVE ( 'NONE', #3420, #2637, #3242, .T. ) ;
#2900 = CARTESIAN_POINT ( 'NONE',  ( -196.2388016691299413, 228.1068630152645085, 2.000000000000000000 ) ) ;
#2901 = DIRECTION ( 'NONE',  ( -0.000000000000000000, -0.000000000000000000, -1.000000000000000000 ) ) ;
#2902 = EDGE_LOOP ( 'NONE', ( #3192, #272, #1160, #1947 ) ) ;
#2903 = FACE_BOUND ( 'NONE', #3186, .T. ) ;
#2904 = EDGE_CURVE ( 'NONE', #3477, #3682, #2376, .T. ) ;
#2905 = ADVANCED_FACE ( 'NONE', ( #1759 ), #305, .F. ) ;
#2906 = FACE_OUTER_BOUND ( 'NONE', #3724, .T. ) ;
#2907 = ORIENTED_EDGE ( 'NONE', *, *, #665, .F. ) ;
#2908 = DIRECTION ( 'NONE',  ( 1.000000000000000000, 0.000000000000000000, 0.000000000000000000 ) ) ;
#2909 = DIRECTION ( 'NONE',  ( 0.000000000000000000, -0.000000000000000000, -1.000000000000000000 ) ) ;
#2910 = CARTESIAN_POINT ( 'NONE',  ( -187.3109892263183553, 0.000000000000000000, 18.00000000000000355 ) ) ;
#2911 = DIRECTION ( 'NONE',  ( -0.000000000000000000, 0.000000000000000000, 1.000000000000000000 ) ) ;
#2912 = ORIENTED_EDGE ( 'NONE', *, *, #1888, .T. ) ;
#2913 = ORIENTED_EDGE ( 'NONE', *, *, #847, .F. ) ;
#2914 = DIRECTION ( 'NONE',  ( -0.000000000000000000, -1.000000000000000000, -0.000000000000000000 ) ) ;
#2915 = EDGE_LOOP ( 'NONE', ( #707, #2253, #1963, #2729 ) ) ;
#2916 = CARTESIAN_POINT ( 'NONE',  ( -189.3109892263183553, 223.5951998256236095, 21.00000000000000000 ) ) ;
#2917 = DIRECTION ( 'NONE',  ( -1.000000000000000000, 0.000000000000000000, 0.000000000000000000 ) ) ;
#2918 = CARTESIAN_POINT ( 'NONE',  ( -304.6109892263183383, 218.2931405177996567, 21.00000000000000000 ) ) ;
#2919 = VERTEX_POINT ( 'NONE', #348 ) ;
#2920 = CARTESIAN_POINT ( 'NONE',  ( -315.4947696677447766, 230.9068630152645198, 2.000000000000000000 ) ) ;
#2921 = FACE_BOUND ( 'NONE', #2713, .T. ) ;
#2922 = DIRECTION ( 'NONE',  ( 0.000000000000000000, -1.000000000000000000, -0.000000000000000000 ) ) ;
#2923 = CARTESIAN_POINT ( 'NONE',  ( -324.9886061297115702, 311.1275784802687667, 4.000000000000000000 ) ) ;
#2924 = ORIENTED_EDGE ( 'NONE', *, *, #2652, .F. ) ;
#2925 = DIRECTION ( 'NONE',  ( -0.8660254037844458130, 0.4999999999999876210, 0.000000000000000000 ) ) ;
#2926 = DIRECTION ( 'NONE',  ( -0.000000000000000000, -1.000000000000000000, -0.000000000000000000 ) ) ;
#2927 = EDGE_CURVE ( 'NONE', #1093, #835, #1507, .T. ) ;
#2928 = ADVANCED_FACE ( 'NONE', ( #2361 ), #3514, .F. ) ;
#2929 = CARTESIAN_POINT ( 'NONE',  ( -320.2102801400004637, 303.1159884794923300, 2.000000000000000000 ) ) ;
#2930 = VECTOR ( 'NONE', #2893, 1000.000000000000000 ) ;
#2931 = CARTESIAN_POINT ( 'NONE',  ( -195.8162459063212566, 304.0334722189983268, 4.000000000000003553 ) ) ;
#2932 = DIRECTION ( 'NONE',  ( -0.8660254037844425934, -0.4999999999999931166, 0.000000000000000000 ) ) ;
#2933 = ORIENTED_EDGE ( 'NONE', *, *, #376, .F. ) ;
#2934 = CIRCLE ( 'NONE', #3349, 2.500000000000002220 ) ;
#2935 = EDGE_LOOP ( 'NONE', ( #3168, #1972, #887, #1345, #504, #1812 ) ) ;
#2936 = VECTOR ( 'NONE', #1836, 1000.000000000000000 ) ;
#2937 = DIRECTION ( 'NONE',  ( -0.000000000000000000, -0.000000000000000000, -1.000000000000000000 ) ) ;
#2938 = ORIENTED_EDGE ( 'NONE', *, *, #2856, .T. ) ;
#2939 = AXIS2_PLACEMENT_3D ( 'NONE', #3124, #2556, #1092 ) ;
#2940 = DIRECTION ( 'NONE',  ( 0.5000000000000078826, -0.8660254037844340447, 0.000000000000000000 ) ) ;
#2941 = CARTESIAN_POINT ( 'NONE',  ( -186.6109892263183667, 311.1275784802687667, 4.000000000000000000 ) ) ;
#2942 = CARTESIAN_POINT ( 'NONE',  ( -187.9109892263183497, 0.000000000000000000, 21.00000000000000000 ) ) ;
#2943 = ORIENTED_EDGE ( 'NONE', *, *, #2063, .F. ) ;
#2944 = VECTOR ( 'NONE', #1782, 1000.000000000000000 ) ;
#2945 = AXIS2_PLACEMENT_3D ( 'NONE', #389, #2682, #1875 ) ;
#2946 = FACE_OUTER_BOUND ( 'NONE', #2557, .T. ) ;
#2947 = AXIS2_PLACEMENT_3D ( 'NONE', #2048, #2029, #345 ) ;
#2948 = AXIS2_PLACEMENT_3D ( 'NONE', #1467, #1143, #2911 ) ;
#2949 = DIRECTION ( 'NONE',  ( -1.224646799147353207E-16, 1.000000000000000000, 0.000000000000000000 ) ) ;
#2950 = ORIENTED_EDGE ( 'NONE', *, *, #2999, .F. ) ;
#2951 = LINE ( 'NONE', #2374, #1192 ) ;
#2952 = CARTESIAN_POINT ( 'NONE',  ( -189.3109892263183553, 310.4275784802688349, 21.00000000000000000 ) ) ;
#2953 = CARTESIAN_POINT ( 'NONE',  ( -249.7376198515239025, 263.5113891529462080, 0.000000000000000000 ) ) ;
#2954 = CIRCLE ( 'NONE', #3372, 3.000000000000002665 ) ;
#2955 = CARTESIAN_POINT ( 'NONE',  ( -195.3742418705018338, 304.4204847186102256, 4.000000000000003553 ) ) ;
#2956 = CARTESIAN_POINT ( 'NONE',  ( -190.6109892263183667, 226.8951998256236209, 21.00000000000000000 ) ) ;
#2957 = EDGE_CURVE ( 'NONE', #2969, #1324, #2393, .T. ) ;
#2958 = EDGE_CURVE ( 'NONE', #779, #554, #2679, .T. ) ;
#2959 = PLANE ( 'NONE',  #2081 ) ;
#2960 = CARTESIAN_POINT ( 'NONE',  ( -322.9886061297115702, 307.1275784802687667, 21.00000000000000000 ) ) ;
#2961 = LINE ( 'NONE', #1517, #212 ) ;
#2962 = ORIENTED_EDGE ( 'NONE', *, *, #905, .T. ) ;
#2963 = CARTESIAN_POINT ( 'NONE',  ( -255.7997976780149827, 274.0113891529462080, 3.000000000000000000 ) ) ;
#2964 = DIRECTION ( 'NONE',  ( 0.000000000000000000, -0.000000000000000000, -1.000000000000000000 ) ) ;
#2965 = VERTEX_POINT ( 'NONE', #1545 ) ;
#2966 = DIRECTION ( 'NONE',  ( -0.000000000000000000, 1.000000000000000000, 0.000000000000000000 ) ) ;
#2967 = CARTESIAN_POINT ( 'NONE',  ( -187.3109892263183553, 308.4275784802687781, 21.00000000000000000 ) ) ;
#2968 = DIRECTION ( 'NONE',  ( 1.000000000000000000, 0.000000000000000000, 0.000000000000000000 ) ) ;
#2969 = VERTEX_POINT ( 'NONE', #1178 ) ;
#2970 = VERTEX_POINT ( 'NONE', #2416 ) ;
#2971 = DIRECTION ( 'NONE',  ( -0.000000000000000000, 1.000000000000000000, 0.000000000000000000 ) ) ;
#2972 = ORIENTED_EDGE ( 'NONE', *, *, #3177, .F. ) ;
#2973 = LINE ( 'NONE', #95, #1493 ) ;
#2974 = ADVANCED_FACE ( 'NONE', ( #924 ), #1484, .F. ) ;
#2975 = EDGE_CURVE ( 'NONE', #2105, #605, #365, .T. ) ;
#2976 = EDGE_LOOP ( 'NONE', ( #1388, #761, #3539, #3438 ) ) ;
#2977 = DIRECTION ( 'NONE',  ( -0.5000000000000097700, 0.8660254037844331565, 0.000000000000000000 ) ) ;
#2978 = VERTEX_POINT ( 'NONE', #2967 ) ;
#2979 = DIRECTION ( 'NONE',  ( 1.000000000000000000, 0.000000000000000000, 0.000000000000000000 ) ) ;
#2980 = ORIENTED_EDGE ( 'NONE', *, *, #1939, .T. ) ;
#2981 = CARTESIAN_POINT ( 'NONE',  ( -322.9886061297115702, 311.1275784802687667, 21.00000000000000000 ) ) ;
#2982 = EDGE_LOOP ( 'NONE', ( #3401, #785, #2896, #3276 ) ) ;
#2983 = CIRCLE ( 'NONE', #735, 1.507070184150943737 ) ;
#2984 = VERTEX_POINT ( 'NONE', #2981 ) ;
#2985 = LINE ( 'NONE', #1587, #2274 ) ;
#2986 = AXIS2_PLACEMENT_3D ( 'NONE', #3529, #2069, #1487 ) ;
#2987 = VECTOR ( 'NONE', #753, 1000.000000000000000 ) ;
#2988 = ORIENTED_EDGE ( 'NONE', *, *, #235, .F. ) ;
#2989 = EDGE_CURVE ( 'NONE', #390, #201, #3475, .T. ) ;
#2990 = PLANE ( 'NONE',  #1966 ) ;
#2991 = EDGE_CURVE ( 'NONE', #1144, #3636, #3717, .T. ) ;
#2992 = EDGE_LOOP ( 'NONE', ( #2370, #2644, #199, #2000 ) ) ;
#2993 = DIRECTION ( 'NONE',  ( 1.000000000000000000, 0.000000000000000000, 0.000000000000000000 ) ) ;
#2994 = AXIS2_PLACEMENT_3D ( 'NONE', #3645, #179, #1597 ) ;
#2995 = EDGE_CURVE ( 'NONE', #3395, #3044, #457, .T. ) ;
#2996 = AXIS2_PLACEMENT_3D ( 'NONE', #2405, #117, #993 ) ;
#2997 = LINE ( 'NONE', #1837, #1494 ) ;
#2998 = CARTESIAN_POINT ( 'NONE',  ( -193.0056401616681683, 305.9159884794924551, 2.000000000000000000 ) ) ;
#2999 = EDGE_CURVE ( 'NONE', #3266, #1829, #2342, .T. ) ;
#3000 = DIRECTION ( 'NONE',  ( -0.000000000000000000, -0.000000000000000000, -1.000000000000000000 ) ) ;
#3001 = CARTESIAN_POINT ( 'NONE',  ( -193.1293480276018499, 303.1159884794925006, 2.000000000000000000 ) ) ;
#3002 = VECTOR ( 'NONE', #3639, 1000.000000000000000 ) ;
#3003 = VECTOR ( 'NONE', #3158, 1000.000000000000000 ) ;
#3004 = DIRECTION ( 'NONE',  ( -0.000000000000000000, -0.000000000000000000, 1.000000000000000000 ) ) ;
#3005 = AXIS2_PLACEMENT_3D ( 'NONE', #1762, #1869, #464 ) ;
#3006 = VECTOR ( 'NONE', #3200, 1000.000000000000000 ) ;
#3007 = ORIENTED_EDGE ( 'NONE', *, *, #2975, .T. ) ;
#3008 = VERTEX_POINT ( 'NONE', #2700 ) ;
#3009 = DIRECTION ( 'NONE',  ( 0.000000000000000000, 0.000000000000000000, 1.000000000000000000 ) ) ;
#3010 = VERTEX_POINT ( 'NONE', #601 ) ;
#3011 = ORIENTED_EDGE ( 'NONE', *, *, #3523, .F. ) ;
#3012 = FACE_BOUND ( 'NONE', #132, .T. ) ;
#3013 = ADVANCED_BREP_SHAPE_REPRESENTATION ( 'tyl', ( #3491, #2095 ), #2034 ) ;
#3014 = CYLINDRICAL_SURFACE ( 'NONE', #24, 2.000000000000001776 ) ;
#3015 = CARTESIAN_POINT ( 'NONE',  ( -304.6109892263183383, 222.8951998256236209, 14.00000000000000000 ) ) ;
#3016 = VERTEX_POINT ( 'NONE', #908 ) ;
#3017 = DIRECTION ( 'NONE',  ( 0.000000000000000000, 0.000000000000000000, -1.000000000000000000 ) ) ;
#3018 = CARTESIAN_POINT ( 'NONE',  ( -193.0056401616681683, 233.7068630152645881, 0.000000000000000000 ) ) ;
#3019 = EDGE_CURVE ( 'NONE', #2212, #261, #2107, .T. ) ;
#3020 = EDGE_CURVE ( 'NONE', #2117, #1549, #2649, .T. ) ;
#3021 = ORIENTED_EDGE ( 'NONE', *, *, #1755, .T. ) ;
#3022 = CARTESIAN_POINT ( 'NONE',  ( -324.9886061297115702, 222.8951998256236209, 21.00000000000000000 ) ) ;
#3023 = ORIENTED_EDGE ( 'NONE', *, *, #78, .F. ) ;
#3024 = ORIENTED_EDGE ( 'NONE', *, *, #1908, .T. ) ;
#3025 = LINE ( 'NONE', #3535, #2639 ) ;
#3026 = EDGE_LOOP ( 'NONE', ( #1038, #506, #2827, #3445 ) ) ;
#3027 = FACE_OUTER_BOUND ( 'NONE', #2133, .T. ) ;
#3028 = DIRECTION ( 'NONE',  ( -1.000000000000000000, 0.000000000000000000, -0.000000000000000000 ) ) ;
#3029 = ORIENTED_EDGE ( 'NONE', *, *, #545, .F. ) ;
#3030 = CYLINDRICAL_SURFACE ( 'NONE', #1232, 2.000000000000001776 ) ;
#3031 = FACE_OUTER_BOUND ( 'NONE', #2668, .T. ) ;
#3032 = ORIENTED_EDGE ( 'NONE', *, *, #197, .T. ) ;
#3033 = CARTESIAN_POINT ( 'NONE',  ( -321.6886061297115589, 224.1951998256236038, 21.00000000000000000 ) ) ;
#3034 = CARTESIAN_POINT ( 'NONE',  ( -264.3619755045060629, 263.5113891529462080, 0.000000000000000000 ) ) ;
#3035 = DIRECTION ( 'NONE',  ( -0.000000000000000000, 1.000000000000000000, 0.000000000000000000 ) ) ;
#3036 = EDGE_CURVE ( 'NONE', #1525, #2105, #1179, .T. ) ;
#3037 = EDGE_CURVE ( 'NONE', #1802, #3008, #141, .T. ) ;
#3038 = ORIENTED_EDGE ( 'NONE', *, *, #2258, .F. ) ;
#3039 = CARTESIAN_POINT ( 'NONE',  ( -195.0131297632968028, 301.6619418926721323, 4.000000000000002665 ) ) ;
#3040 = CARTESIAN_POINT ( 'NONE',  ( 0.000000000000000000, 0.000000000000000000, 2.000000000000000000 ) ) ;
#3041 = ORIENTED_EDGE ( 'NONE', *, *, #2653, .T. ) ;
#3042 = AXIS2_PLACEMENT_3D ( 'NONE', #2314, #2567, #600 ) ;
#3043 = PLANE ( 'NONE',  #1240 ) ;
#3044 = VERTEX_POINT ( 'NONE', #1885 ) ;
#3045 = LINE ( 'NONE', #2952, #2806 ) ;
#3046 = AXIS2_PLACEMENT_3D ( 'NONE', #1499, #39, #2657 ) ;
#3047 = DIRECTION ( 'NONE',  ( 0.000000000000000000, 1.000000000000000000, -0.000000000000000000 ) ) ;
#3048 = FACE_OUTER_BOUND ( 'NONE', #1285, .T. ) ;
#3049 = ORIENTED_EDGE ( 'NONE', *, *, #3286, .T. ) ;
#3050 = FACE_OUTER_BOUND ( 'NONE', #3319, .T. ) ;
#3051 = VECTOR ( 'NONE', #3201, 999.9999999999998863 ) ;
#3052 = FACE_OUTER_BOUND ( 'NONE', #2517, .T. ) ;
#3053 = AXIS2_PLACEMENT_3D ( 'NONE', #1305, #2427, #976 ) ;
#3054 = LINE ( 'NONE', #3022, #1536 ) ;
#3055 = CARTESIAN_POINT ( 'NONE',  ( -261.8619755045060629, 263.5113891529462080, 0.000000000000000000 ) ) ;
#3056 = CARTESIAN_POINT ( 'NONE',  ( -276.6109892263183383, 222.8951998256236209, 4.000000000000000000 ) ) ;
#3057 = VECTOR ( 'NONE', #2588, 1000.000000000000000 ) ;
#3058 = TOROIDAL_SURFACE ( 'NONE', #458, 5.999999999999994671, 3.000000000000000000 ) ;
#3059 = ADVANCED_FACE ( 'NONE', ( #3052 ), #1618, .F. ) ;
#3060 = FACE_OUTER_BOUND ( 'NONE', #2449, .T. ) ;
#3061 = AXIS2_PLACEMENT_3D ( 'NONE', #26, #1156, #2968 ) ;
#3062 = CIRCLE ( 'NONE', #38, 2.500000000000030198 ) ;
#3063 = EDGE_LOOP ( 'NONE', ( #782, #1164, #3083, #2825 ) ) ;
#3064 = LINE ( 'NONE', #3617, #3602 ) ;
#3065 = DIRECTION ( 'NONE',  ( -1.000000000000000000, 0.000000000000000000, 0.000000000000000000 ) ) ;
#3066 = ORIENTED_EDGE ( 'NONE', *, *, #1260, .T. ) ;
#3067 = ADVANCED_FACE ( 'NONE', ( #1350 ), #2495, .T. ) ;
#3068 = EDGE_CURVE ( 'NONE', #2969, #3, #1485, .T. ) ;
#3069 = ORIENTED_EDGE ( 'NONE', *, *, #2435, .T. ) ;
#3070 = DIRECTION ( 'NONE',  ( 0.000000000000000000, 0.000000000000000000, -1.000000000000000000 ) ) ;
#3071 = ORIENTED_EDGE ( 'NONE', *, *, #1256, .T. ) ;
#3072 = EDGE_LOOP ( 'NONE', ( #3441, #851, #1096, #2962, #2950, #1360, #1686, #2727, #2501, #3386, #3143, #1263, #2654, #767, #3738, #1943, #2687, #64, #2014, #2144 ) ) ;
#3073 = CARTESIAN_POINT ( 'NONE',  ( -315.3605378788075768, 233.7068630152645312, 2.000000000000000000 ) ) ;
#3074 = ORIENTED_EDGE ( 'NONE', *, *, #1628, .T. ) ;
#3075 = CARTESIAN_POINT ( 'NONE',  ( -319.9771186325385202, 303.1159884794924437, 17.69999999999999929 ) ) ;
#3076 = DIRECTION ( 'NONE',  ( -1.000000000000000000, 0.000000000000000000, 0.000000000000000000 ) ) ;
#3077 = DIRECTION ( 'NONE',  ( 1.000000000000000000, 0.000000000000000000, 0.000000000000000000 ) ) ;
#3078 = CARTESIAN_POINT ( 'NONE',  ( -316.9771186325385202, 230.9067898263999439, 17.69999999999999929 ) ) ;
#3079 = DIRECTION ( 'NONE',  ( 1.000000000000000000, 0.000000000000000000, 0.000000000000000000 ) ) ;
#3080 = ORIENTED_EDGE ( 'NONE', *, *, #1814, .T. ) ;
#3081 = CARTESIAN_POINT ( 'NONE',  ( -270.2997976780150111, 267.0113891529462080, 0.000000000000000000 ) ) ;
#3082 = LINE ( 'NONE', #485, #565 ) ;
#3083 = ORIENTED_EDGE ( 'NONE', *, *, #491, .F. ) ;
#3084 = ORIENTED_EDGE ( 'NONE', *, *, #2834, .F. ) ;
#3085 = FACE_OUTER_BOUND ( 'NONE', #911, .T. ) ;
#3086 = ORIENTED_EDGE ( 'NONE', *, *, #76, .T. ) ;
#3087 = EDGE_CURVE ( 'NONE', #1082, #649, #699, .T. ) ;
#3088 = EDGE_CURVE ( 'NONE', #2783, #964, #1662, .T. ) ;
#3089 = DIRECTION ( 'NONE',  ( 1.000000000000000000, 0.000000000000000000, 0.000000000000000000 ) ) ;
#3090 = FACE_OUTER_BOUND ( 'NONE', #764, .T. ) ;
#3091 = LINE ( 'NONE', #3397, #3540 ) ;
#3092 = DIRECTION ( 'NONE',  ( 0.000000000000000000, 0.000000000000000000, 1.000000000000000000 ) ) ;
#3093 = DIRECTION ( 'NONE',  ( 0.000000000000000000, 0.000000000000000000, -1.000000000000000000 ) ) ;
#3094 = UNCERTAINTY_MEASURE_WITH_UNIT (LENGTH_MEASURE( 1.000000000000000082E-05 ), #1041, 'distance_accuracy_value', 'NONE');
#3095 = VERTEX_POINT ( 'NONE', #2509 ) ;
#3096 = DIRECTION ( 'NONE',  ( 0.000000000000000000, 0.000000000000000000, -1.000000000000000000 ) ) ;
#3097 = ORIENTED_EDGE ( 'NONE', *, *, #2737, .T. ) ;
#3098 = ORIENTED_EDGE ( 'NONE', *, *, #2353, .F. ) ;
#3099 = CARTESIAN_POINT ( 'NONE',  ( -324.2886061297115816, 0.000000000000000000, 21.00000000000000000 ) ) ;
#3100 = ORIENTED_EDGE ( 'NONE', *, *, #1351, .F. ) ;
#3101 = EDGE_CURVE ( 'NONE', #577, #3740, #1334, .T. ) ;
#3102 = CIRCLE ( 'NONE', #2746, 2.500000000000030198 ) ;
#3103 = ORIENTED_EDGE ( 'NONE', *, *, #620, .F. ) ;
#3104 = CARTESIAN_POINT ( 'NONE',  ( -200.6224767234914168, 303.1159884794924437, 4.000000000000000000 ) ) ;
#3105 = ORIENTED_EDGE ( 'NONE', *, *, #1137, .T. ) ;
#3106 = CARTESIAN_POINT ( 'NONE',  ( -318.5936993862695203, 300.3159884794923755, 2.000000000000000000 ) ) ;
#3107 = CARTESIAN_POINT ( 'NONE',  ( -194.6223488194592335, 304.6088613618106251, 17.69999999999999929 ) ) ;
#3108 = CARTESIAN_POINT ( 'NONE',  ( -193.0056401616681683, 228.1068630152645085, 0.000000000000000000 ) ) ;
#3109 = CIRCLE ( 'NONE', #1356, 6.000000000000005329 ) ;
#3110 = EDGE_CURVE ( 'NONE', #649, #3328, #2153, .T. ) ;
#3111 = ADVANCED_FACE ( 'NONE', ( #3663 ), #1900, .F. ) ;
#3112 = VECTOR ( 'NONE', #958, 1000.000000000000000 ) ;
#3113 = CARTESIAN_POINT ( 'NONE',  ( -197.8553824228609415, 230.9068630152645198, 2.000000000000000000 ) ) ;
#3114 = LINE ( 'NONE', #1675, #1921 ) ;
#3115 = VECTOR ( 'NONE', #1858, 1000.000000000000000 ) ;
#3116 = AXIS2_PLACEMENT_3D ( 'NONE', #2432, #2776, #984 ) ;
#3117 = CARTESIAN_POINT ( 'NONE',  ( -196.1152217072426254, 303.1159884794925006, 4.000000000000001776 ) ) ;
#3118 = CIRCLE ( 'NONE', #563, 11.50000000000001066 ) ;
#3119 = CARTESIAN_POINT ( 'NONE',  ( -270.2997976780150111, 267.0113891529462080, -1.500000000000000000 ) ) ;
#3120 = ORIENTED_EDGE ( 'NONE', *, *, #739, .F. ) ;
#3121 = AXIS2_PLACEMENT_3D ( 'NONE', #2963, #2167, #152 ) ;
#3122 = AXIS2_PLACEMENT_3D ( 'NONE', #1704, #3470, #1253 ) ;
#3123 = VERTEX_POINT ( 'NONE', #3001 ) ;
#3124 = CARTESIAN_POINT ( 'NONE',  ( -255.7997976780149827, 267.0113891529462080, -1.500000000000000000 ) ) ;
#3125 = ORIENTED_EDGE ( 'NONE', *, *, #2765, .T. ) ;
#3126 = CIRCLE ( 'NONE', #164, 6.000000000000005329 ) ;
#3127 = VECTOR ( 'NONE', #1886, 1000.000000000000000 ) ;
#3128 = EDGE_LOOP ( 'NONE', ( #122, #1509, #2110, #252, #120, #418, #278, #2426 ) ) ;
#3129 = CARTESIAN_POINT ( 'NONE',  ( -197.8553824228609415, 230.9068630152645198, 2.000000000000000000 ) ) ;
#3130 = EDGE_LOOP ( 'NONE', ( #3038, #3710, #1469, #1314 ) ) ;
#3131 = CARTESIAN_POINT ( 'NONE',  ( -188.6109892263183667, 309.1275784802687667, 4.000000000000000000 ) ) ;
#3132 = EDGE_CURVE ( 'NONE', #1087, #1845, #480, .T. ) ;
#3133 = DIRECTION ( 'NONE',  ( -1.000000000000000000, 0.000000000000000000, 0.000000000000000000 ) ) ;
#3134 = LINE ( 'NONE', #181, #3160 ) ;
#3135 = EDGE_CURVE ( 'NONE', #1171, #1641, #462, .T. ) ;
#3136 = EDGE_CURVE ( 'NONE', #2232, #3420, #564, .T. ) ;
#3137 = CARTESIAN_POINT ( 'NONE',  ( -310.9771186325385202, 230.9067898263999439, 6.999999999999999112 ) ) ;
#3138 = ORIENTED_EDGE ( 'NONE', *, *, #2086, .F. ) ;
#3139 = ORIENTED_EDGE ( 'NONE', *, *, #2063, .T. ) ;
#3140 = DIRECTION ( 'NONE',  ( 0.000000000000000000, -1.000000000000000000, 0.000000000000000000 ) ) ;
#3141 = ORIENTED_EDGE ( 'NONE', *, *, #1760, .F. ) ;
#3142 = DIRECTION ( 'NONE',  ( -0.8660254037844298258, 0.5000000000000154321, 0.000000000000000000 ) ) ;
#3143 = ORIENTED_EDGE ( 'NONE', *, *, #2607, .F. ) ;
#3144 = CARTESIAN_POINT ( 'NONE',  ( -194.6224767234914168, 303.1159884794924437, 17.69999999999999929 ) ) ;
#3145 = CARTESIAN_POINT ( 'NONE',  ( -324.9886061297115702, 224.8951998256236209, 4.000000000000000000 ) ) ;
#3146 = EDGE_CURVE ( 'NONE', #1296, #1128, #1914, .T. ) ;
#3147 = ADVANCED_FACE ( 'NONE', ( #160 ), #2795, .T. ) ;
#3148 = CARTESIAN_POINT ( 'NONE',  ( -261.8619755045060629, 263.5113891529462080, 3.000000000000000000 ) ) ;
#3149 = ORIENTED_EDGE ( 'NONE', *, *, #2420, .T. ) ;
#3150 = EDGE_CURVE ( 'NONE', #833, #1521, #1426, .T. ) ;
#3151 = VERTEX_POINT ( 'NONE', #2174 ) ;
#3152 = DIRECTION ( 'NONE',  ( -1.000000000000000000, 0.000000000000000000, 0.000000000000000000 ) ) ;
#3153 = ORIENTED_EDGE ( 'NONE', *, *, #2839, .F. ) ;
#3154 = LINE ( 'NONE', #2612, #922 ) ;
#3155 = FACE_OUTER_BOUND ( 'NONE', #1054, .T. ) ;
#3156 = DIRECTION ( 'NONE',  ( 1.000000000000000000, 0.000000000000000000, 0.000000000000000000 ) ) ;
#3157 = ORIENTED_EDGE ( 'NONE', *, *, #784, .F. ) ;
#3158 = DIRECTION ( 'NONE',  ( -0.000000000000000000, 0.000000000000000000, -1.000000000000000000 ) ) ;
#3159 = CARTESIAN_POINT ( 'NONE',  ( -323.6886061297115589, 307.8275784802687554, 18.00000000000000355 ) ) ;
#3160 = VECTOR ( 'NONE', #3340, 1000.000000000000000 ) ;
#3161 = LINE ( 'NONE', #1, #1614 ) ;
#3162 = CARTESIAN_POINT ( 'NONE',  ( -316.9771186325385770, 230.9068630152645198, 2.000000000000000000 ) ) ;
#3163 = ORIENTED_EDGE ( 'NONE', *, *, #949, .T. ) ;
#3164 = VECTOR ( 'NONE', #836, 1000.000000000000000 ) ;
#3165 = CARTESIAN_POINT ( 'NONE',  ( -318.5936993862694635, 228.1068630152644516, 2.000000000000000000 ) ) ;
#3166 = VECTOR ( 'NONE', #2122, 1000.000000000000114 ) ;
#3167 = DIRECTION ( 'NONE',  ( -0.000000000000000000, 0.000000000000000000, 1.000000000000000000 ) ) ;
#3168 = ORIENTED_EDGE ( 'NONE', *, *, #255, .T. ) ;
#3169 = AXIS2_PLACEMENT_3D ( 'NONE', #1968, #2858, #253 ) ;
#3170 = VECTOR ( 'NONE', #1841, 1000.000000000000000 ) ;
#3171 = CIRCLE ( 'NONE', #1663, 2.000000000000001776 ) ;
#3172 = CARTESIAN_POINT ( 'NONE',  ( -188.6109892263183667, 222.8951998256236209, 0.000000000000000000 ) ) ;
#3173 = EDGE_LOOP ( 'NONE', ( #3458, #528, #2506, #1575 ) ) ;
#3174 = VECTOR ( 'NONE', #2429, 1000.000000000000227 ) ;
#3175 = ADVANCED_FACE ( 'NONE', ( #3321 ), #729, .T. ) ;
#3176 = VECTOR ( 'NONE', #711, 1000.000000000000000 ) ;
#3177 = EDGE_CURVE ( 'NONE', #1887, #34, #3091, .T. ) ;
#3178 = CARTESIAN_POINT ( 'NONE',  ( -194.6223488188113038, 301.6231155971743192, 4.000000000000000000 ) ) ;
#3179 = VECTOR ( 'NONE', #1701, 1000.000000000000000 ) ;
#3180 = CARTESIAN_POINT ( 'NONE',  ( -188.6224767234914168, 230.9067898263999439, 4.000000000000000000 ) ) ;
#3181 = LINE ( 'NONE', #1736, #1110 ) ;
#3182 = ORIENTED_EDGE ( 'NONE', *, *, #1538, .F. ) ;
#3183 = FACE_OUTER_BOUND ( 'NONE', #2434, .T. ) ;
#3184 = VECTOR ( 'NONE', #1492, 1000.000000000000000 ) ;
#3185 = CARTESIAN_POINT ( 'NONE',  ( -244.2997976780149543, 267.0113891529462080, -1.500000000000000000 ) ) ;
#3186 = EDGE_LOOP ( 'NONE', ( #2365, #2351 ) ) ;
#3187 = DIRECTION ( 'NONE',  ( -1.000000000000000000, 0.000000000000000000, -0.000000000000000000 ) ) ;
#3188 = DIRECTION ( 'NONE',  ( -0.000000000000000000, 0.000000000000000000, -1.000000000000000000 ) ) ;
#3189 = ORIENTED_EDGE ( 'NONE', *, *, #189, .F. ) ;
#3190 = ORIENTED_EDGE ( 'NONE', *, *, #2673, .F. ) ;
#3191 = DIRECTION ( 'NONE',  ( -0.4999999999999930611, 0.8660254037844425934, 0.000000000000000000 ) ) ;
#3192 = ORIENTED_EDGE ( 'NONE', *, *, #2242, .F. ) ;
#3193 = CARTESIAN_POINT ( 'NONE',  ( -316.9771186325385202, 230.9067898263999439, 17.69999999999999929 ) ) ;
#3194 = ADVANCED_FACE ( 'NONE', ( #287 ), #2550, .F. ) ;
#3195 = DIRECTION ( 'NONE',  ( -0.000000000000000000, -0.000000000000000000, -1.000000000000000000 ) ) ;
#3196 = CARTESIAN_POINT ( 'NONE',  ( -304.6109892263183383, 0.000000000000000000, 18.00000000000000355 ) ) ;
#3197 = EDGE_CURVE ( 'NONE', #3123, #3536, #1183, .T. ) ;
#3198 = ORIENTED_EDGE ( 'NONE', *, *, #2790, .T. ) ;
#3199 = CARTESIAN_POINT ( 'NONE',  ( -313.9771186325385202, 303.1159884794924437, 17.69999999999999929 ) ) ;
#3200 = DIRECTION ( 'NONE',  ( 0.000000000000000000, 0.000000000000000000, -1.000000000000000000 ) ) ;
#3201 = DIRECTION ( 'NONE',  ( 0.4999999999999876210, 0.8660254037844458130, 0.000000000000000000 ) ) ;
#3202 = VERTEX_POINT ( 'NONE', #3108 ) ;
#3203 = DIRECTION ( 'NONE',  ( 0.000000000000000000, 0.000000000000000000, -1.000000000000000000 ) ) ;
#3204 = APPLICATION_CONTEXT ( 'automotive_design' ) ;
#3205 = FACE_OUTER_BOUND ( 'NONE', #1873, .T. ) ;
#3206 = CARTESIAN_POINT ( 'NONE',  ( -196.2388016691302823, 300.3159884794923187, 2.000000000000000000 ) ) ;
#3207 = ORIENTED_EDGE ( 'NONE', *, *, #1787, .T. ) ;
#3208 = VERTEX_POINT ( 'NONE', #840 ) ;
#3209 = DIRECTION ( 'NONE',  ( 1.000000000000000000, 0.000000000000000000, 0.000000000000000000 ) ) ;
#3210 = EDGE_LOOP ( 'NONE', ( #3450, #1554, #3692, #1561 ) ) ;
#3211 = DIRECTION ( 'NONE',  ( 0.000000000000000000, -1.000000000000000000, 0.000000000000000000 ) ) ;
#3212 = ORIENTED_EDGE ( 'NONE', *, *, #3555, .F. ) ;
#3213 = DIRECTION ( 'NONE',  ( -1.000000000000000000, 0.000000000000000000, 0.000000000000000000 ) ) ;
#3214 = CARTESIAN_POINT ( 'NONE',  ( -249.7376198515239025, 263.5113891529462080, 3.000000000000000000 ) ) ;
#3215 = FACE_BOUND ( 'NONE', #1338, .T. ) ;
#3216 = LINE ( 'NONE', #2339, #927 ) ;
#3217 = ORIENTED_EDGE ( 'NONE', *, *, #578, .F. ) ;
#3218 = DIRECTION ( 'NONE',  ( 1.000000000000000000, 0.000000000000000000, 0.000000000000000000 ) ) ;
#3219 = ADVANCED_FACE ( 'NONE', ( #496 ), #263, .T. ) ;
#3220 = ADVANCED_FACE ( 'NONE', ( #3746, #1442 ), #2297, .T. ) ;
#3221 = CARTESIAN_POINT ( 'NONE',  ( -190.6109892263183667, 224.8951998256236209, 21.00000000000000000 ) ) ;
#3222 = CIRCLE ( 'NONE', #1962, 3.000000000000002665 ) ;
#3223 = LINE ( 'NONE', #367, #2282 ) ;
#3224 = LINE ( 'NONE', #129, #3127 ) ;
#3225 = EDGE_LOOP ( 'NONE', ( #2328, #2860, #1259, #2194 ) ) ;
#3226 = LINE ( 'NONE', #846, #3244 ) ;
#3227 = CIRCLE ( 'NONE', #2867, 3.000000000000002665 ) ;
#3228 = AXIS2_PLACEMENT_3D ( 'NONE', #2331, #297, #576 ) ;
#3229 = CARTESIAN_POINT ( 'NONE',  ( -315.4842457447411448, 303.1159884794924437, 15.00000000000000000 ) ) ;
#3230 = VERTEX_POINT ( 'NONE', #3700 ) ;
#3231 = FACE_OUTER_BOUND ( 'NONE', #2119, .T. ) ;
#3232 = ORIENTED_EDGE ( 'NONE', *, *, #301, .T. ) ;
#3233 = VECTOR ( 'NONE', #195, 999.9999999999998863 ) ;
#3234 = CIRCLE ( 'NONE', #2458, 2.500000000000002220 ) ;
#3235 = DIRECTION ( 'NONE',  ( -1.000000000000000000, 0.000000000000000000, 0.000000000000000000 ) ) ;
#3236 = MECHANICAL_DESIGN_GEOMETRIC_PRESENTATION_REPRESENTATION (  '', ( #1120 ), #2227 ) ;
#3237 = CIRCLE ( 'NONE', #1850, 2.000000000000001776 ) ;
#3238 = DIRECTION ( 'NONE',  ( -1.000000000000000000, 0.000000000000000000, 0.000000000000000000 ) ) ;
#3239 = PLANE ( 'NONE',  #1294 ) ;
#3240 = VERTEX_POINT ( 'NONE', #789 ) ;
#3241 = DIRECTION ( 'NONE',  ( 0.000000000000000000, 0.000000000000000000, -1.000000000000000000 ) ) ;
#3242 = LINE ( 'NONE', #2053, #2036 ) ;
#3243 = VECTOR ( 'NONE', #720, 1000.000000000000000 ) ;
#3244 = VECTOR ( 'NONE', #1161, 1000.000000000000000 ) ;
#3245 = CARTESIAN_POINT ( 'NONE',  ( -196.2388016691299413, 233.7068630152645881, 0.000000000000000000 ) ) ;
#3246 = ADVANCED_FACE ( 'NONE', ( #1374 ), #1151, .T. ) ;
#3247 = ADVANCED_FACE ( 'NONE', ( #3381 ), #3669, .T. ) ;
#3248 = ORIENTED_EDGE ( 'NONE', *, *, #2554, .F. ) ;
#3249 = CARTESIAN_POINT ( 'NONE',  ( -196.2388016691299413, 228.1068630152645085, 0.000000000000000000 ) ) ;
#3250 = ORIENTED_EDGE ( 'NONE', *, *, #2958, .T. ) ;
#3251 = VERTEX_POINT ( 'NONE', #1118 ) ;
#3252 = CARTESIAN_POINT ( 'NONE',  ( -313.9771186325385202, 230.9067898263999439, 17.69999999999999929 ) ) ;
#3253 = EDGE_LOOP ( 'NONE', ( #1586, #3455, #721, #2279 ) ) ;
#3254 = DIRECTION ( 'NONE',  ( 0.000000000000000000, 0.000000000000000000, -1.000000000000000000 ) ) ;
#3255 = CARTESIAN_POINT ( 'NONE',  ( -318.4594675973323774, 230.9068630152645198, 2.000000000000000000 ) ) ;
#3256 = DIRECTION ( 'NONE',  ( 0.000000000000000000, 1.000000000000000000, 0.000000000000000000 ) ) ;
#3257 = ORIENTED_EDGE ( 'NONE', *, *, #1567, .F. ) ;
#3258 = PLANE ( 'NONE',  #2505 ) ;
#3259 = DIRECTION ( 'NONE',  ( -0.000000000000000000, -0.000000000000000000, -1.000000000000000000 ) ) ;
#3260 = FACE_OUTER_BOUND ( 'NONE', #3026, .T. ) ;
#3261 = ORIENTED_EDGE ( 'NONE', *, *, #306, .T. ) ;
#3262 = EDGE_CURVE ( 'NONE', #330, #2984, #2281, .T. ) ;
#3263 = EDGE_CURVE ( 'NONE', #3281, #742, #3432, .T. ) ;
#3264 = EDGE_LOOP ( 'NONE', ( #3729, #3379 ) ) ;
#3265 = CARTESIAN_POINT ( 'NONE',  ( -188.6109892263183667, 311.1275784802687667, 21.00000000000000000 ) ) ;
#3266 = VERTEX_POINT ( 'NONE', #3159 ) ;
#3267 = SURFACE_STYLE_USAGE ( .BOTH. , #2116 ) ;
#3268 = ADVANCED_FACE ( 'NONE', ( #2263 ), #804, .T. ) ;
#3269 = EDGE_CURVE ( 'NONE', #374, #1525, #825, .T. ) ;
#3270 = VERTEX_POINT ( 'NONE', #541 ) ;
#3271 = CARTESIAN_POINT ( 'NONE',  ( 0.000000000000000000, 223.5951998256236095, 18.00000000000000355 ) ) ;
#3272 = ORIENTED_EDGE ( 'NONE', *, *, #1981, .F. ) ;
#3273 = CARTESIAN_POINT ( 'NONE',  ( -197.8553824228612825, 303.1159884794924437, 2.000000000000000000 ) ) ;
#3274 = LINE ( 'NONE', #670, #2936 ) ;
#3275 = CARTESIAN_POINT ( 'NONE',  ( -255.7997976780149827, 267.0113891529462080, -1.500000000000000000 ) ) ;
#3276 = ORIENTED_EDGE ( 'NONE', *, *, #1868, .F. ) ;
#3277 = LINE ( 'NONE', #2609, #758 ) ;
#3278 = DIRECTION ( 'NONE',  ( -1.000000000000000000, 0.000000000000000000, 0.000000000000000000 ) ) ;
#3279 = DIRECTION ( 'NONE',  ( -1.000000000000000000, 0.000000000000000000, 0.000000000000000000 ) ) ;
#3280 = CARTESIAN_POINT ( 'NONE',  ( 0.000000000000000000, 0.000000000000000000, 17.69999999999999929 ) ) ;
#3281 = VERTEX_POINT ( 'NONE', #1425 ) ;
#3282 = TOROIDAL_SURFACE ( 'NONE', #2442, 5.999999999999994671, 3.000000000000000000 ) ;
#3283 = ORIENTED_EDGE ( 'NONE', *, *, #1627, .T. ) ;
#3284 = CARTESIAN_POINT ( 'NONE',  ( -191.6224767234914168, 230.9067898263999439, 7.000000000000000888 ) ) ;
#3285 = EDGE_LOOP ( 'NONE', ( #3590, #145, #2009, #3098 ) ) ;
#3286 = EDGE_CURVE ( 'NONE', #3332, #2571, #3731, .T. ) ;
#3287 = VECTOR ( 'NONE', #980, 1000.000000000000000 ) ;
#3288 = AXIS2_PLACEMENT_3D ( 'NONE', #2583, #2830, #260 ) ;
#3289 = ORIENTED_EDGE ( 'NONE', *, *, #1381, .T. ) ;
#3290 = CARTESIAN_POINT ( 'NONE',  ( -187.9109892263183497, 307.8275784802687554, 18.00000000000000355 ) ) ;
#3291 = ORIENTED_EDGE ( 'NONE', *, *, #1301, .T. ) ;
#3292 = ADVANCED_FACE ( 'NONE', ( #3447 ), #1135, .T. ) ;
#3293 = EDGE_CURVE ( 'NONE', #2742, #2406, #3608, .T. ) ;
#3294 = AXIS2_PLACEMENT_3D ( 'NONE', #2804, #205, #2826 ) ;
#3295 = DIRECTION ( 'NONE',  ( -1.000000000000000000, 0.000000000000000000, 0.000000000000000000 ) ) ;
#3296 = CIRCLE ( 'NONE', #32, 1.000000000000000000 ) ;
#3297 = LINE ( 'NONE', #1563, #3595 ) ;
#3298 = VERTEX_POINT ( 'NONE', #902 ) ;
#3299 = CARTESIAN_POINT ( 'NONE',  ( -187.9109892263183497, 0.000000000000000000, 18.00000000000000355 ) ) ;
#3300 = DIRECTION ( 'NONE',  ( 0.000000000000000000, -1.000000000000000000, 0.000000000000000000 ) ) ;
#3301 = AXIS2_PLACEMENT_3D ( 'NONE', #2888, #3411, #2007 ) ;
#3302 = VECTOR ( 'NONE', #1899, 1000.000000000000000 ) ;
#3303 = DIRECTION ( 'NONE',  ( -1.000000000000000000, 0.000000000000000000, 0.000000000000000000 ) ) ;
#3304 = CIRCLE ( 'NONE', #1375, 2.000000000000001776 ) ;
#3305 = AXIS2_PLACEMENT_3D ( 'NONE', #1138, #3449, #841 ) ;
#3306 = ORIENTED_EDGE ( 'NONE', *, *, #1908, .F. ) ;
#3307 = VECTOR ( 'NONE', #3528, 1000.000000000000000 ) ;
#3308 = DIRECTION ( 'NONE',  ( 1.000000000000000000, 0.000000000000000000, 0.000000000000000000 ) ) ;
#3309 = DIRECTION ( 'NONE',  ( 1.000000000000000000, 0.000000000000000000, 0.000000000000000000 ) ) ;
#3310 = ORIENTED_EDGE ( 'NONE', *, *, #1279, .T. ) ;
#3311 = ORIENTED_EDGE ( 'NONE', *, *, #2719, .T. ) ;
#3312 = FACE_OUTER_BOUND ( 'NONE', #1452, .T. ) ;
#3313 = VERTEX_POINT ( 'NONE', #2335 ) ;
#3314 = DIRECTION ( 'NONE',  ( 0.5000000000000041078, 0.8660254037844362651, 0.000000000000000000 ) ) ;
#3315 = EDGE_CURVE ( 'NONE', #1933, #2575, #1226, .T. ) ;
#3316 = EDGE_CURVE ( 'NONE', #769, #894, #2388, .T. ) ;
#3317 = CARTESIAN_POINT ( 'NONE',  ( -322.2886061297115816, 223.5951998256236095, 21.00000000000000000 ) ) ;
#3318 = DIRECTION ( 'NONE',  ( -0.5000000000000004441, -0.8660254037844382635, 0.000000000000000000 ) ) ;
#3319 = EDGE_LOOP ( 'NONE', ( #2760, #1079, #660, #1969 ) ) ;
#3320 = LINE ( 'NONE', #2794, #3302 ) ;
#3321 = FACE_OUTER_BOUND ( 'NONE', #1717, .T. ) ;
#3322 = DIRECTION ( 'NONE',  ( -1.000000000000000000, 0.000000000000000000, 0.000000000000000000 ) ) ;
#3323 = DIRECTION ( 'NONE',  ( -1.000000000000000000, -1.716930969985303105E-14, 0.000000000000000000 ) ) ;
#3324 = ORIENTED_EDGE ( 'NONE', *, *, #1210, .F. ) ;
#3325 = PLANE ( 'NONE',  #1474 ) ;
#3326 = VERTEX_POINT ( 'NONE', #65 ) ;
#3327 = PLANE ( 'NONE',  #2577 ) ;
#3328 = VERTEX_POINT ( 'NONE', #361 ) ;
#3329 = DIRECTION ( 'NONE',  ( -0.000000000000000000, 0.000000000000000000, -1.000000000000000000 ) ) ;
#3330 = ORIENTED_EDGE ( 'NONE', *, *, #2324, .F. ) ;
#3331 = LINE ( 'NONE', #1532, #1423 ) ;
#3332 = VERTEX_POINT ( 'NONE', #594 ) ;
#3333 = LINE ( 'NONE', #2487, #3002 ) ;
#3334 = CARTESIAN_POINT ( 'NONE',  ( -244.2997976780149543, 267.0113891529462080, -3.000000000000000000 ) ) ;
#3335 = LINE ( 'NONE', #2773, #3112 ) ;
#3336 = ORIENTED_EDGE ( 'NONE', *, *, #871, .T. ) ;
#3337 = LINE ( 'NONE', #698, #3176 ) ;
#3338 = DIRECTION ( 'NONE',  ( 0.000000000000000000, 0.000000000000000000, 1.000000000000000000 ) ) ;
#3339 = DIRECTION ( 'NONE',  ( -0.000000000000000000, -0.000000000000000000, -1.000000000000000000 ) ) ;
#3340 = DIRECTION ( 'NONE',  ( -0.000000000000000000, -0.000000000000000000, 1.000000000000000000 ) ) ;
#3341 = EDGE_CURVE ( 'NONE', #666, #762, #3522, .T. ) ;
#3342 = EDGE_CURVE ( 'NONE', #3010, #1324, #690, .T. ) ;
#3343 = CARTESIAN_POINT ( 'NONE',  ( -196.2388016691302823, 300.3159884794923187, 2.000000000000000000 ) ) ;
#3344 = ORIENTED_EDGE ( 'NONE', *, *, #1588, .T. ) ;
#3345 = CARTESIAN_POINT ( 'NONE',  ( -321.6886061297115589, 226.1951998256236038, 21.00000000000000000 ) ) ;
#3346 = ORIENTED_EDGE ( 'NONE', *, *, #354, .T. ) ;
#3347 = VECTOR ( 'NONE', #1254, 1000.000000000000000 ) ;
#3348 = ORIENTED_EDGE ( 'NONE', *, *, #281, .T. ) ;
#3349 = AXIS2_PLACEMENT_3D ( 'NONE', #693, #1537, #1007 ) ;
#3350 = CARTESIAN_POINT ( 'NONE',  ( -190.6109892263183667, 309.1275784802687667, 21.00000000000000000 ) ) ;
#3351 = VERTEX_POINT ( 'NONE', #3199 ) ;
#3352 = CARTESIAN_POINT ( 'NONE',  ( -315.3605378788075768, 305.9159884794925119, 0.000000000000000000 ) ) ;
#3353 = VECTOR ( 'NONE', #3626, 1000.000000000000000 ) ;
#3354 = CARTESIAN_POINT ( 'NONE',  ( -193.0056401616682251, 300.3159884794922618, 2.000000000000000000 ) ) ;
#3355 = DIRECTION ( 'NONE',  ( -1.000000000000000000, 0.000000000000000000, 0.000000000000000000 ) ) ;
#3356 = CARTESIAN_POINT ( 'NONE',  ( -197.8553824228612825, 303.1159884794924437, 0.000000000000000000 ) ) ;
#3357 = AXIS2_PLACEMENT_3D ( 'NONE', #2998, #1023, #3604 ) ;
#3358 = CARTESIAN_POINT ( 'NONE',  ( -316.9771186325385202, 230.9067898263999439, 17.69999999999999929 ) ) ;
#3359 = VECTOR ( 'NONE', #1323, 1000.000000000000000 ) ;
#3360 = CARTESIAN_POINT ( 'NONE',  ( -191.3890594079372249, 303.1159884794923300, 0.000000000000000000 ) ) ;
#3361 = CARTESIAN_POINT ( 'NONE',  ( -249.7376198515239025, 263.5113891529462080, 4.000000000000000000 ) ) ;
#3362 = AXIS2_PLACEMENT_3D ( 'NONE', #1739, #1172, #17 ) ;
#3363 = CIRCLE ( 'NONE', #1847, 3.000000000000000000 ) ;
#3364 = LINE ( 'NONE', #1570, #1599 ) ;
#3365 = AXIS2_PLACEMENT_3D ( 'NONE', #928, #350, #2650 ) ;
#3366 = EDGE_CURVE ( 'NONE', #3313, #336, #917, .T. ) ;
#3367 = TOROIDAL_SURFACE ( 'NONE', #1727, 5.999999999999994671, 3.000000000000000000 ) ;
#3368 = EDGE_CURVE ( 'NONE', #554, #1525, #580, .T. ) ;
#3369 = CARTESIAN_POINT ( 'NONE',  ( -194.6223488188113038, 301.6231155971743192, 4.000000000000000000 ) ) ;
#3370 = CARTESIAN_POINT ( 'NONE',  ( -242.7997976780149543, 267.0113891529462080, -1.500000000000000000 ) ) ;
#3371 = ORIENTED_EDGE ( 'NONE', *, *, #284, .F. ) ;
#3372 = AXIS2_PLACEMENT_3D ( 'NONE', #2394, #2408, #290 ) ;
#3373 = ADVANCED_FACE ( 'NONE', ( #2690 ), #1196, .F. ) ;
#3374 = ORIENTED_EDGE ( 'NONE', *, *, #739, .T. ) ;
#3375 = CARTESIAN_POINT ( 'NONE',  ( -188.6224767234914168, 303.1159884794924437, 4.000000000000000000 ) ) ;
#3376 = ORIENTED_EDGE ( 'NONE', *, *, #1627, .F. ) ;
#3377 = VERTEX_POINT ( 'NONE', #653 ) ;
#3378 = CYLINDRICAL_SURFACE ( 'NONE', #207, 3.000000000000002665 ) ;
#3379 = ORIENTED_EDGE ( 'NONE', *, *, #925, .F. ) ;
#3380 = DIRECTION ( 'NONE',  ( -1.000000000000000000, 0.000000000000000000, 0.000000000000000000 ) ) ;
#3381 = FACE_OUTER_BOUND ( 'NONE', #1390, .T. ) ;
#3382 = CARTESIAN_POINT ( 'NONE',  ( -193.0056401616681683, 305.9159884794924551, 2.000000000000000000 ) ) ;
#3383 = CARTESIAN_POINT ( 'NONE',  ( -197.8553824228612825, 303.1159884794924437, 2.000000000000000000 ) ) ;
#3384 = EDGE_LOOP ( 'NONE', ( #312, #3348, #1205, #107 ) ) ;
#3385 = CARTESIAN_POINT ( 'NONE',  ( -187.3109892263183553, 308.4275784802687781, 18.00000000000000355 ) ) ;
#3386 = ORIENTED_EDGE ( 'NONE', *, *, #3068, .T. ) ;
#3387 = ADVANCED_FACE ( 'NONE', ( #884, #3183 ), #377, .F. ) ;
#3388 = EDGE_LOOP ( 'NONE', ( #1162, #3153, #2972, #3066 ) ) ;
#3389 = FACE_OUTER_BOUND ( 'NONE', #3619, .T. ) ;
#3390 = ORIENTED_EDGE ( 'NONE', *, *, #2113, .T. ) ;
#3391 = ADVANCED_FACE ( 'NONE', ( #101 ), #2616, .T. ) ;
#3392 = ADVANCED_FACE ( 'NONE', ( #2311, #2903, #299, #2675, #1459, #2921, #638, #2946 ), #319, .F. ) ;
#3393 = LINE ( 'NONE', #1061, #2096 ) ;
#3394 = CARTESIAN_POINT ( 'NONE',  ( -322.2886061297115816, 308.4275784802687781, 18.00000000000000355 ) ) ;
#3395 = VERTEX_POINT ( 'NONE', #46 ) ;
#3396 = LINE ( 'NONE', #788, #2091 ) ;
#3397 = CARTESIAN_POINT ( 'NONE',  ( -193.0056401616681683, 233.7068630152645881, 2.000000000000000000 ) ) ;
#3398 = CARTESIAN_POINT ( 'NONE',  ( -196.1153496112887922, 303.1159884794924437, 17.69999999999999929 ) ) ;
#3399 = DIRECTION ( 'NONE',  ( -0.000000000000000000, 0.000000000000000000, 1.000000000000000000 ) ) ;
#3400 = ORIENTED_EDGE ( 'NONE', *, *, #3197, .T. ) ;
#3401 = ORIENTED_EDGE ( 'NONE', *, *, #3409, .F. ) ;
#3402 = EDGE_CURVE ( 'NONE', #96, #343, #337, .T. ) ;
#3403 = CARTESIAN_POINT ( 'NONE',  ( -190.6109892263183667, 307.1275784802687667, 21.00000000000000000 ) ) ;
#3404 = EDGE_LOOP ( 'NONE', ( #3074, #1089, #2223, #2933 ) ) ;
#3405 = AXIS2_PLACEMENT_3D ( 'NONE', #454, #2200, #1034 ) ;
#3406 = EDGE_LOOP ( 'NONE', ( #2161, #2721, #1451, #488, #3289, #460 ) ) ;
#3407 = EDGE_CURVE ( 'NONE', #3377, #28, #612, .T. ) ;
#3408 = DIRECTION ( 'NONE',  ( 1.000000000000000000, -0.000000000000000000, 0.000000000000000000 ) ) ;
#3409 = EDGE_CURVE ( 'NONE', #390, #3270, #2758, .T. ) ;
#3410 = DIRECTION ( 'NONE',  ( 1.000000000000000000, 0.000000000000000000, 0.000000000000000000 ) ) ;
#3411 = DIRECTION ( 'NONE',  ( -0.000000000000000000, 0.000000000000000000, 1.000000000000000000 ) ) ;
#3412 = AXIS2_PLACEMENT_3D ( 'NONE', #1902, #2454, #3322 ) ;
#3413 = VECTOR ( 'NONE', #553, 1000.000000000000000 ) ;
#3414 = VERTEX_POINT ( 'NONE', #1249 ) ;
#3415 = VECTOR ( 'NONE', #2025, 1000.000000000000000 ) ;
#3416 = CARTESIAN_POINT ( 'NONE',  ( -276.6109892263183383, 223.5951998256236095, 18.00000000000000355 ) ) ;
#3417 = CIRCLE ( 'NONE', #1366, 3.000000000000002665 ) ;
#3418 = VECTOR ( 'NONE', #3309, 1000.000000000000000 ) ;
#3419 = CARTESIAN_POINT ( 'NONE',  ( -187.3109892263183553, 308.4275784802687781, 18.00000000000000355 ) ) ;
#3420 = VERTEX_POINT ( 'NONE', #1286 ) ;
#3421 = AXIS2_PLACEMENT_3D ( 'NONE', #3585, #3607, #1011 ) ;
#3422 = AXIS2_PLACEMENT_3D ( 'NONE', #2717, #1925, #1289 ) ;
#3423 = ORIENTED_EDGE ( 'NONE', *, *, #806, .T. ) ;
#3424 = DIRECTION ( 'NONE',  ( 0.000000000000000000, -1.000000000000000000, 0.000000000000000000 ) ) ;
#3425 = ORIENTED_EDGE ( 'NONE', *, *, #1329, .F. ) ;
#3426 = VECTOR ( 'NONE', #2680, 1000.000000000000000 ) ;
#3427 = VECTOR ( 'NONE', #1346, 1000.000000000000000 ) ;
#3428 = ORIENTED_EDGE ( 'NONE', *, *, #475, .F. ) ;
#3429 = DIRECTION ( 'NONE',  ( 1.000000000000000000, -1.716930969985244098E-14, 0.000000000000000000 ) ) ;
#3430 = ORIENTED_EDGE ( 'NONE', *, *, #3434, .T. ) ;
#3431 = DIRECTION ( 'NONE',  ( -1.000000000000000000, 0.000000000000000000, 0.000000000000000000 ) ) ;
#3432 = LINE ( 'NONE', #1084, #161 ) ;
#3433 = EDGE_CURVE ( 'NONE', #1393, #440, #1269, .T. ) ;
#3434 = EDGE_CURVE ( 'NONE', #1218, #833, #1327, .T. ) ;
#3435 = LINE ( 'NONE', #826, #2866 ) ;
#3436 = EDGE_CURVE ( 'NONE', #863, #1244, #216, .T. ) ;
#3437 = LINE ( 'NONE', #1158, #1004 ) ;
#3438 = ORIENTED_EDGE ( 'NONE', *, *, #3708, .T. ) ;
#3439 = ORIENTED_EDGE ( 'NONE', *, *, #3507, .F. ) ;
#3440 = CARTESIAN_POINT ( 'NONE',  ( -318.5936993862694635, 228.1068630152644516, 2.000000000000000000 ) ) ;
#3441 = ORIENTED_EDGE ( 'NONE', *, *, #2652, .T. ) ;
#3442 = LINE ( 'NONE', #2329, #3164 ) ;
#3443 = CARTESIAN_POINT ( 'NONE',  ( -194.6223488188113038, 301.6231155971743192, 17.69999999999999929 ) ) ;
#3444 = DIRECTION ( 'NONE',  ( -1.000000000000000000, 0.000000000000000000, 0.000000000000000000 ) ) ;
#3445 = ORIENTED_EDGE ( 'NONE', *, *, #2216, .F. ) ;
#3446 = LINE ( 'NONE', #1134, #1067 ) ;
#3447 = FACE_OUTER_BOUND ( 'NONE', #2428, .T. ) ;
#3448 = APPLICATION_CONTEXT ( 'automotive_design' ) ;
#3449 = DIRECTION ( 'NONE',  ( 1.716930969985303105E-14, -1.000000000000000000, 0.000000000000000000 ) ) ;
#3450 = ORIENTED_EDGE ( 'NONE', *, *, #33, .F. ) ;
#3451 = DIRECTION ( 'NONE',  ( -0.000000000000000000, -0.000000000000000000, 1.000000000000000000 ) ) ;
#3452 = EDGE_CURVE ( 'NONE', #2562, #977, #3333, .T. ) ;
#3453 = CARTESIAN_POINT ( 'NONE',  ( -321.6886061297115589, 307.8275784802687554, 21.00000000000000000 ) ) ;
#3454 = ADVANCED_FACE ( 'NONE', ( #725 ), #3580, .F. ) ;
#3455 = ORIENTED_EDGE ( 'NONE', *, *, #2466, .F. ) ;
#3456 = ORIENTED_EDGE ( 'NONE', *, *, #741, .F. ) ;
#3457 = CARTESIAN_POINT ( 'NONE',  ( -318.5936993862695203, 233.7068630152645881, 2.000000000000000000 ) ) ;
#3458 = ORIENTED_EDGE ( 'NONE', *, *, #3037, .F. ) ;
#3459 = DIRECTION ( 'NONE',  ( -0.8660254037844341557, -0.5000000000000079936, 0.000000000000000000 ) ) ;
#3460 = DIRECTION ( 'NONE',  ( -1.000000000000000000, 0.000000000000000000, 0.000000000000000000 ) ) ;
#3461 = CARTESIAN_POINT ( 'NONE',  ( -313.7439571250765198, 303.1159884794923869, 2.000000000000000000 ) ) ;
#3462 = ORIENTED_EDGE ( 'NONE', *, *, #324, .F. ) ;
#3463 = CARTESIAN_POINT ( 'NONE',  ( 0.000000000000000000, 0.000000000000000000, 2.000000000000000000 ) ) ;
#3464 = AXIS2_PLACEMENT_3D ( 'NONE', #724, #1895, #2768 ) ;
#3465 = CYLINDRICAL_SURFACE ( 'NONE', #1793, 1.492872887797369597 ) ;
#3466 = ORIENTED_EDGE ( 'NONE', *, *, #196, .T. ) ;
#3467 = VECTOR ( 'NONE', #1562, 1000.000000000000000 ) ;
#3468 = FACE_OUTER_BOUND ( 'NONE', #484, .T. ) ;
#3469 = LINE ( 'NONE', #1703, #2638 ) ;
#3470 = DIRECTION ( 'NONE',  ( -1.224646799147353207E-16, 1.000000000000000000, 0.000000000000000000 ) ) ;
#3471 = EDGE_LOOP ( 'NONE', ( #3706, #3587, #1589, #1357 ) ) ;
#3472 = CIRCLE ( 'NONE', #1053, 2.000000000000001776 ) ;
#3473 = EDGE_CURVE ( 'NONE', #201, #944, #1059, .T. ) ;
#3474 = EDGE_CURVE ( 'NONE', #3313, #2846, #669, .T. ) ;
#3475 = CIRCLE ( 'NONE', #2333, 1.000000000000000888 ) ;
#3476 = AXIS2_PLACEMENT_3D ( 'NONE', #3137, #1693, #2196 ) ;
#3477 = VERTEX_POINT ( 'NONE', #979 ) ;
#3478 = FACE_OUTER_BOUND ( 'NONE', #876, .T. ) ;
#3479 = ORIENTED_EDGE ( 'NONE', *, *, #256, .F. ) ;
#3480 = AXIS2_PLACEMENT_3D ( 'NONE', #3144, #802, #232 ) ;
#3481 = CARTESIAN_POINT ( 'NONE',  ( -188.6109892263183667, 311.1275784802687667, 4.000000000000000000 ) ) ;
#3482 = VECTOR ( 'NONE', #385, 1000.000000000000000 ) ;
#3483 = AXIS2_PLACEMENT_3D ( 'NONE', #885, #3545, #1445 ) ;
#3484 = LINE ( 'NONE', #1500, #1783 ) ;
#3485 = CARTESIAN_POINT ( 'NONE',  ( -318.5936993862695203, 305.9159884794924551, 2.000000000000000000 ) ) ;
#3486 = VERTEX_POINT ( 'NONE', #2140 ) ;
#3487 = DIRECTION ( 'NONE',  ( 0.000000000000000000, 0.000000000000000000, -1.000000000000000000 ) ) ;
#3488 = AXIS2_PLACEMENT_3D ( 'NONE', #2953, #1523, #2085 ) ;
#3489 = DIRECTION ( 'NONE',  ( -0.000000000000000000, -1.000000000000000000, -0.000000000000000000 ) ) ;
#3490 = CARTESIAN_POINT ( 'NONE',  ( -276.6109892263183383, 222.8951998256236209, 14.00000000000000000 ) ) ;
#3491 = MANIFOLD_SOLID_BREP ( 'Wytnij-wyci\X2\0105\X0\gni\X2\0119\X0\cie5', #1598 ) ;
#3492 = ORIENTED_EDGE ( 'NONE', *, *, #1094, .T. ) ;
#3493 = FACE_OUTER_BOUND ( 'NONE', #1796, .T. ) ;
#3494 = CARTESIAN_POINT ( 'NONE',  ( -323.6886061297115589, 0.000000000000000000, 18.00000000000000355 ) ) ;
#3495 = DIRECTION ( 'NONE',  ( -1.000000000000000000, 0.000000000000000000, 0.000000000000000000 ) ) ;
#3496 = CARTESIAN_POINT ( 'NONE',  ( -322.2886061297115816, 310.4275784802688349, 21.00000000000000000 ) ) ;
#3497 = DIRECTION ( 'NONE',  ( 0.000000000000000000, 0.000000000000000000, -1.000000000000000000 ) ) ;
#3498 = ORIENTED_EDGE ( 'NONE', *, *, #2211, .T. ) ;
#3499 = ORIENTED_EDGE ( 'NONE', *, *, #546, .F. ) ;
#3500 = CARTESIAN_POINT ( 'NONE',  ( -324.9886061297115702, 311.1275784802687667, 0.000000000000000000 ) ) ;
#3501 = ORIENTED_EDGE ( 'NONE', *, *, #33, .T. ) ;
#3502 = EDGE_CURVE ( 'NONE', #2846, #3281, #2973, .T. ) ;
#3503 = DIRECTION ( 'NONE',  ( -0.000000000000000000, 0.000000000000000000, -1.000000000000000000 ) ) ;
#3504 = CARTESIAN_POINT ( 'NONE',  ( -255.7997976780149827, 274.0113891529462080, 3.000000000000000000 ) ) ;
#3505 = DIRECTION ( 'NONE',  ( 0.000000000000000000, 0.000000000000000000, -1.000000000000000000 ) ) ;
#3506 = VERTEX_POINT ( 'NONE', #1245 ) ;
#3507 = EDGE_CURVE ( 'NONE', #2105, #2571, #3576, .T. ) ;
#3508 = EDGE_CURVE ( 'NONE', #2579, #489, #1854, .T. ) ;
#3509 = DIRECTION ( 'NONE',  ( -1.224646799147353207E-16, 1.000000000000000000, 0.000000000000000000 ) ) ;
#3510 = DIRECTION ( 'NONE',  ( -0.000000000000000000, -0.000000000000000000, 1.000000000000000000 ) ) ;
#3511 = CARTESIAN_POINT ( 'NONE',  ( -276.6109892263183383, 223.5951998256236095, 21.00000000000000000 ) ) ;
#3512 = CARTESIAN_POINT ( 'NONE',  ( -194.6223488188113038, 301.6231155971743192, 17.69999999999999929 ) ) ;
#3513 = VERTEX_POINT ( 'NONE', #2407 ) ;
#3514 = PLANE ( 'NONE',  #1673 ) ;
#3515 = CARTESIAN_POINT ( 'NONE',  ( -187.3109892263183553, 0.000000000000000000, 18.00000000000000355 ) ) ;
#3516 = ORIENTED_EDGE ( 'NONE', *, *, #1383, .T. ) ;
#3517 = DIRECTION ( 'NONE',  ( -0.000000000000000000, 0.000000000000000000, 1.000000000000000000 ) ) ;
#3518 = ORIENTED_EDGE ( 'NONE', *, *, #1112, .T. ) ;
#3519 = LINE ( 'NONE', #2960, #2829 ) ;
#3520 = DIRECTION ( 'NONE',  ( 1.000000000000000000, -0.000000000000000000, 0.000000000000000000 ) ) ;
#3521 = ORIENTED_EDGE ( 'NONE', *, *, #1329, .T. ) ;
#3522 = LINE ( 'NONE', #1503, #2030 ) ;
#3523 = EDGE_CURVE ( 'NONE', #2965, #3044, #1590, .T. ) ;
#3524 = ADVANCED_FACE ( 'NONE', ( #3027 ), #431, .T. ) ;
#3525 = FACE_OUTER_BOUND ( 'NONE', #3696, .T. ) ;
#3526 = EDGE_LOOP ( 'NONE', ( #1379, #3498, #369, #44 ) ) ;
#3527 = CARTESIAN_POINT ( 'NONE',  ( -196.2388016691299413, 233.7068630152645881, 2.000000000000000000 ) ) ;
#3528 = DIRECTION ( 'NONE',  ( -0.000000000000000000, -1.000000000000000000, -0.000000000000000000 ) ) ;
#3529 = CARTESIAN_POINT ( 'NONE',  ( -318.5936993862695203, 305.9159884794924551, 2.000000000000000000 ) ) ;
#3530 = CIRCLE ( 'NONE', #1901, 2.000000000000001776 ) ;
#3531 = CARTESIAN_POINT ( 'NONE',  ( -189.9109892263183497, 309.8275784802687554, 21.00000000000000000 ) ) ;
#3532 = ORIENTED_EDGE ( 'NONE', *, *, #2887, .T. ) ;
#3533 = AXIS2_PLACEMENT_3D ( 'NONE', #2648, #52, #366 ) ;
#3534 = VECTOR ( 'NONE', #1097, 1000.000000000000000 ) ;
#3535 = CARTESIAN_POINT ( 'NONE',  ( -315.3605378788075768, 233.7068630152645312, 0.000000000000000000 ) ) ;
#3536 = VERTEX_POINT ( 'NONE', #119 ) ;
#3537 = AXIS2_PLACEMENT_3D ( 'NONE', #3457, #2594, #1709 ) ;
#3538 = LINE ( 'NONE', #1591, #3599 ) ;
#3539 = ORIENTED_EDGE ( 'NONE', *, *, #3572, .F. ) ;
#3540 = VECTOR ( 'NONE', #213, 1000.000000000000227 ) ;
#3541 = VECTOR ( 'NONE', #1747, 1000.000000000000000 ) ;
#3542 = CARTESIAN_POINT ( 'NONE',  ( -196.2388016691302823, 305.9159884794923983, 2.000000000000000000 ) ) ;
#3543 = AXIS2_PLACEMENT_3D ( 'NONE', #2399, #1785, #3187 ) ;
#3544 = VECTOR ( 'NONE', #3000, 1000.000000000000000 ) ;
#3545 = DIRECTION ( 'NONE',  ( 0.8660254037844383745, -0.5000000000000005551, 0.000000000000000000 ) ) ;
#3546 = ORIENTED_EDGE ( 'NONE', *, *, #620, .T. ) ;
#3547 = CARTESIAN_POINT ( 'NONE',  ( -188.6109892263183667, 309.1275784802687667, 0.000000000000000000 ) ) ;
#3548 = DIRECTION ( 'NONE',  ( 1.000000000000000000, 0.000000000000000000, 0.000000000000000000 ) ) ;
#3549 = ADVANCED_FACE ( 'NONE', ( #2425 ), #416, .T. ) ;
#3550 = AXIS2_PLACEMENT_3D ( 'NONE', #2120, #1325, #2486 ) ;
#3551 = EDGE_CURVE ( 'NONE', #1518, #351, #483, .T. ) ;
#3552 = LINE ( 'NONE', #1547, #2869 ) ;
#3553 = CARTESIAN_POINT ( 'NONE',  ( -319.9771186325385202, 230.9067898263999439, 17.69999999999999929 ) ) ;
#3554 = EDGE_LOOP ( 'NONE', ( #1765, #3069, #1511, #323 ) ) ;
#3555 = EDGE_CURVE ( 'NONE', #1745, #36, #3223, .T. ) ;
#3556 = EDGE_CURVE ( 'NONE', #2240, #1748, #1309, .T. ) ;
#3557 = DIRECTION ( 'NONE',  ( 0.000000000000000000, 0.000000000000000000, -1.000000000000000000 ) ) ;
#3558 = ORIENTED_EDGE ( 'NONE', *, *, #2163, .F. ) ;
#3559 = ORIENTED_EDGE ( 'NONE', *, *, #2466, .T. ) ;
#3560 = CARTESIAN_POINT ( 'NONE',  ( -188.6109892263183667, 224.8951998256236209, 0.000000000000000000 ) ) ;
#3561 = ORIENTED_EDGE ( 'NONE', *, *, #3571, .T. ) ;
#3562 = DIRECTION ( 'NONE',  ( 0.000000000000000000, 0.000000000000000000, -1.000000000000000000 ) ) ;
#3563 = CARTESIAN_POINT ( 'NONE',  ( -194.6224767234914168, 230.9067898263999439, 17.69999999999999929 ) ) ;
#3564 = ORIENTED_EDGE ( 'NONE', *, *, #1383, .F. ) ;
#3565 = CARTESIAN_POINT ( 'NONE',  ( -193.0056401616682251, 300.3159884794922618, 0.000000000000000000 ) ) ;
#3566 = LINE ( 'NONE', #1233, #1768 ) ;
#3567 = CARTESIAN_POINT ( 'NONE',  ( -318.4699915203358955, 230.9067898263999439, 17.69999999999999929 ) ) ;
#3568 = CARTESIAN_POINT ( 'NONE',  ( -315.3605378788075768, 305.9159884794925119, 2.000000000000000000 ) ) ;
#3569 = VERTEX_POINT ( 'NONE', #3531 ) ;
#3570 = CARTESIAN_POINT ( 'NONE',  ( -249.7376198515239025, 263.5113891529462080, -3.000000000000000000 ) ) ;
#3571 = EDGE_CURVE ( 'NONE', #1018, #1397, #3612, .T. ) ;
#3572 = EDGE_CURVE ( 'NONE', #964, #1750, #947, .T. ) ;
#3573 = ORIENTED_EDGE ( 'NONE', *, *, #2094, .T. ) ;
#3574 = DIRECTION ( 'NONE',  ( 0.000000000000000000, -0.000000000000000000, 1.000000000000000000 ) ) ;
#3575 = EDGE_LOOP ( 'NONE', ( #2844, #3423, #702, #84, #1571, #2288 ) ) ;
#3576 = LINE ( 'NONE', #1830, #813 ) ;
#3577 = ORIENTED_EDGE ( 'NONE', *, *, #2094, .F. ) ;
#3578 = FACE_OUTER_BOUND ( 'NONE', #2935, .T. ) ;
#3579 = ORIENTED_EDGE ( 'NONE', *, *, #2367, .T. ) ;
#3580 = PLANE ( 'NONE',  #810 ) ;
#3581 = DIRECTION ( 'NONE',  ( -0.000000000000000000, 0.000000000000000000, 1.000000000000000000 ) ) ;
#3582 = PLANE ( 'NONE',  #1416 ) ;
#3583 = ORIENTED_EDGE ( 'NONE', *, *, #2241, .F. ) ;
#3584 = CARTESIAN_POINT ( 'NONE',  ( -191.3890594079372249, 303.1159884794923300, 2.000000000000000000 ) ) ;
#3585 = CARTESIAN_POINT ( 'NONE',  ( -194.6227259180985527, 230.9068630152645483, 2.000000000000000000 ) ) ;
#3586 = FACE_OUTER_BOUND ( 'NONE', #2051, .T. ) ;
#3587 = ORIENTED_EDGE ( 'NONE', *, *, #741, .T. ) ;
#3588 = AXIS2_PLACEMENT_3D ( 'NONE', #880, #2578, #609 ) ;
#3589 = DIRECTION ( 'NONE',  ( 1.000000000000000000, 0.000000000000000000, 0.000000000000000000 ) ) ;
#3590 = ORIENTED_EDGE ( 'NONE', *, *, #328, .T. ) ;
#3591 = CIRCLE ( 'NONE', #449, 3.000000000000002665 ) ;
#3592 = SURFACE_STYLE_FILL_AREA ( #2685 ) ;
#3593 = ADVANCED_FACE ( 'NONE', ( #3468 ), #868, .F. ) ;
#3594 = EDGE_CURVE ( 'NONE', #916, #343, #274, .T. ) ;
#3595 = VECTOR ( 'NONE', #2733, 1000.000000000000000 ) ;
#3596 = FACE_BOUND ( 'NONE', #1876, .T. ) ;
#3597 = EDGE_LOOP ( 'NONE', ( #2835, #2924, #717, #816 ) ) ;
#3598 = CARTESIAN_POINT ( 'NONE',  ( -320.9886061297115702, 307.1275784802687667, 4.000000000000000000 ) ) ;
#3599 = VECTOR ( 'NONE', #2165, 1000.000000000000114 ) ;
#3600 = EDGE_CURVE ( 'NONE', #3, #1454, #2666, .T. ) ;
#3601 = CARTESIAN_POINT ( 'NONE',  ( -264.3619755045060629, 263.5113891529462080, 3.000000000000000000 ) ) ;
#3602 = VECTOR ( 'NONE', #2743, 1000.000000000000000 ) ;
#3603 = AXIS2_PLACEMENT_3D ( 'NONE', #607, #2897, #294 ) ;
#3604 = DIRECTION ( 'NONE',  ( -0.4999999999999801825, 0.8660254037844500319, 0.000000000000000000 ) ) ;
#3605 = VERTEX_POINT ( 'NONE', #891 ) ;
#3606 = DIRECTION ( 'NONE',  ( 0.000000000000000000, 0.000000000000000000, -1.000000000000000000 ) ) ;
#3607 = DIRECTION ( 'NONE',  ( -0.000000000000000000, -0.000000000000000000, 1.000000000000000000 ) ) ;
#3608 = CIRCLE ( 'NONE', #2947, 1.492872887797369597 ) ;
#3609 = VECTOR ( 'NONE', #1670, 1000.000000000000000 ) ;
#3610 = CARTESIAN_POINT ( 'NONE',  ( -313.7439571250765198, 303.1159884794923869, 2.000000000000000000 ) ) ;
#3611 = DIRECTION ( 'NONE',  ( -1.000000000000000000, 0.000000000000000000, 0.000000000000000000 ) ) ;
#3612 = CIRCLE ( 'NONE', #1429, 6.000000000000005329 ) ;
#3613 = VECTOR ( 'NONE', #2076, 1000.000000000000000 ) ;
#3614 = VERTEX_POINT ( 'NONE', #2362 ) ;
#3615 = DIRECTION ( 'NONE',  ( -0.000000000000000000, 0.000000000000000000, -1.000000000000000000 ) ) ;
#3616 = EDGE_LOOP ( 'NONE', ( #13, #2667, #469, #3712 ) ) ;
#3617 = CARTESIAN_POINT ( 'NONE',  ( -324.9886061297115702, 309.1275784802687667, 0.000000000000000000 ) ) ;
#3618 = VERTEX_POINT ( 'NONE', #72 ) ;
#3619 = EDGE_LOOP ( 'NONE', ( #1826, #1707, #3492, #2172 ) ) ;
#3620 = ADVANCED_FACE ( 'NONE', ( #2070 ), #2037, .F. ) ;
#3621 = CARTESIAN_POINT ( 'NONE',  ( -322.2886061297115816, 225.5951998256236095, 21.00000000000000000 ) ) ;
#3622 = VERTEX_POINT ( 'NONE', #3245 ) ;
#3623 = CARTESIAN_POINT ( 'NONE',  ( -186.6109892263183667, 311.1275784802687667, 21.00000000000000000 ) ) ;
#3624 = LINE ( 'NONE', #708, #1167 ) ;
#3625 = EDGE_CURVE ( 'NONE', #2158, #3682, #1825, .T. ) ;
#3626 = DIRECTION ( 'NONE',  ( 1.000000000000000000, -0.000000000000000000, 0.000000000000000000 ) ) ;
#3627 = ADVANCED_FACE ( 'NONE', ( #88, #2347, #910, #1202 ), #1237, .T. ) ;
#3628 = ORIENTED_EDGE ( 'NONE', *, *, #1981, .T. ) ;
#3629 = CARTESIAN_POINT ( 'NONE',  ( -249.7376198515239025, 263.5113891529462080, 3.000000000000000000 ) ) ;
#3630 = CARTESIAN_POINT ( 'NONE',  ( -320.2102801400004637, 303.1159884794923300, 0.000000000000000000 ) ) ;
#3631 = DIRECTION ( 'NONE',  ( 0.000000000000000000, 0.000000000000000000, -1.000000000000000000 ) ) ;
#3632 = FACE_OUTER_BOUND ( 'NONE', #2349, .T. ) ;
#3633 = VERTEX_POINT ( 'NONE', #585 ) ;
#3634 = PLANE ( 'NONE',  #1242 ) ;
#3635 = ORIENTED_EDGE ( 'NONE', *, *, #3036, .F. ) ;
#3636 = VERTEX_POINT ( 'NONE', #3553 ) ;
#3637 = CARTESIAN_POINT ( 'NONE',  ( -313.9771186325385202, 230.9067898263999439, 7.000000000000000888 ) ) ;
#3638 = FACE_OUTER_BOUND ( 'NONE', #1810, .T. ) ;
#3639 = DIRECTION ( 'NONE',  ( 0.000000000000000000, 0.000000000000000000, -1.000000000000000000 ) ) ;
#3640 = LINE ( 'NONE', #403, #3287 ) ;
#3641 = CARTESIAN_POINT ( 'NONE',  ( 0.000000000000000000, 223.5951998256236095, 18.00000000000000355 ) ) ;
#3642 = FACE_OUTER_BOUND ( 'NONE', #2574, .T. ) ;
#3643 = EDGE_LOOP ( 'NONE', ( #2541, #1585, #637, #170 ) ) ;
#3644 = DIRECTION ( 'NONE',  ( 1.000000000000000000, -0.000000000000000000, 0.000000000000000000 ) ) ;
#3645 = CARTESIAN_POINT ( 'NONE',  ( -194.6224767234914168, 303.1159884794924437, 17.69999999999999929 ) ) ;
#3646 = EDGE_CURVE ( 'NONE', #2689, #3230, #3304, .T. ) ;
#3647 = EDGE_CURVE ( 'NONE', #818, #523, #1182, .T. ) ;
#3648 = CARTESIAN_POINT ( 'NONE',  ( -315.3605378788074631, 300.3159884794923755, 2.000000000000000000 ) ) ;
#3649 = LINE ( 'NONE', #1043, #2930 ) ;
#3650 = ORIENTED_EDGE ( 'NONE', *, *, #1691, .F. ) ;
#3651 = FACE_OUTER_BOUND ( 'NONE', #411, .T. ) ;
#3652 = ORIENTED_EDGE ( 'NONE', *, *, #402, .F. ) ;
#3653 = TOROIDAL_SURFACE ( 'NONE', #1291, 3.500000000000012434, 1.000000000000000000 ) ;
#3654 = ORIENTED_EDGE ( 'NONE', *, *, #1396, .F. ) ;
#3655 = AXIS2_PLACEMENT_3D ( 'NONE', #2003, #1714, #1929 ) ;
#3656 = DIRECTION ( 'NONE',  ( -1.000000000000000000, 0.000000000000000000, 0.000000000000000000 ) ) ;
#3657 = VERTEX_POINT ( 'NONE', #3496 ) ;
#3658 = VECTOR ( 'NONE', #3408, 1000.000000000000000 ) ;
#3659 = CARTESIAN_POINT ( 'NONE',  ( -193.0056401616682251, 300.3159884794922618, 2.000000000000000000 ) ) ;
#3660 = ORIENTED_EDGE ( 'NONE', *, *, #3473, .T. ) ;
#3661 = DIRECTION ( 'NONE',  ( -1.000000000000000000, 0.000000000000000000, -0.000000000000000000 ) ) ;
#3662 = VECTOR ( 'NONE', #524, 1000.000000000000000 ) ;
#3663 = FACE_OUTER_BOUND ( 'NONE', #191, .T. ) ;
#3664 = VECTOR ( 'NONE', #3195, 1000.000000000000000 ) ;
#3665 = AXIS2_PLACEMENT_3D ( 'NONE', #1811, #2971, #93 ) ;
#3666 = ADVANCED_FACE ( 'NONE', ( #3260 ), #1792, .T. ) ;
#3667 = ADVANCED_FACE ( 'NONE', ( #3205 ), #1918, .F. ) ;
#3668 = DIRECTION ( 'NONE',  ( 0.000000000000000000, 0.000000000000000000, -1.000000000000000000 ) ) ;
#3669 = TOROIDAL_SURFACE ( 'NONE', #463, 3.500000000000022649, 1.000000000000000000 ) ;
#3670 = AXIS2_PLACEMENT_3D ( 'NONE', #2775, #2735, #1565 ) ;
#3671 = PRODUCT_DEFINITION_FORMATION_WITH_SPECIFIED_SOURCE ( 'ANY', '', #1516, .NOT_KNOWN. ) ;
#3672 = AXIS2_PLACEMENT_3D ( 'NONE', #66, #2949, #321 ) ;
#3673 = ADVANCED_FACE ( 'NONE', ( #759 ), #2478, .F. ) ;
#3674 = DIRECTION ( 'NONE',  ( 1.000000000000000000, 0.000000000000000000, 0.000000000000000000 ) ) ;
#3675 = EDGE_CURVE ( 'NONE', #1397, #1018, #3126, .T. ) ;
#3676 = ORIENTED_EDGE ( 'NONE', *, *, #1935, .F. ) ;
#3677 = VECTOR ( 'NONE', #2676, 999.9999999999998863 ) ;
#3678 = VERTEX_POINT ( 'NONE', #1619 ) ;
#3679 = CARTESIAN_POINT ( 'NONE',  ( -186.6109892263183667, 224.8951998256236209, 21.00000000000000000 ) ) ;
#3680 = VERTEX_POINT ( 'NONE', #1276 ) ;
#3681 = DIRECTION ( 'NONE',  ( -1.000000000000000000, 0.000000000000000000, 0.000000000000000000 ) ) ;
#3682 = VERTEX_POINT ( 'NONE', #2129 ) ;
#3683 = DIRECTION ( 'NONE',  ( 1.000000000000000000, 0.000000000000000000, 0.000000000000000000 ) ) ;
#3684 = DIRECTION ( 'NONE',  ( -0.000000000000000000, -0.000000000000000000, 1.000000000000000000 ) ) ;
#3685 = DIRECTION ( 'NONE',  ( 1.000000000000000000, -0.000000000000000000, 0.000000000000000000 ) ) ;
#3686 = EDGE_CURVE ( 'NONE', #1218, #3678, #757, .T. ) ;
#3687 = ORIENTED_EDGE ( 'NONE', *, *, #2211, .F. ) ;
#3688 = CARTESIAN_POINT ( 'NONE',  ( -255.7997976780149827, 267.0113891529462080, -3.000000000000000000 ) ) ;
#3689 = ORIENTED_EDGE ( 'NONE', *, *, #2396, .T. ) ;
#3690 = ADVANCED_FACE ( 'NONE', ( #2192 ), #963, .F. ) ;
#3691 = EDGE_CURVE ( 'NONE', #3351, #2857, #2705, .T. ) ;
#3692 = ORIENTED_EDGE ( 'NONE', *, *, #1193, .T. ) ;
#3693 = CARTESIAN_POINT ( 'NONE',  ( -189.9109892263183497, 224.1951998256236038, 21.00000000000000000 ) ) ;
#3694 = ORIENTED_EDGE ( 'NONE', *, *, #235, .T. ) ;
#3695 = EDGE_CURVE ( 'NONE', #3326, #96, #1844, .T. ) ;
#3696 = EDGE_LOOP ( 'NONE', ( #1680, #1203, #3217, #2421 ) ) ;
#3697 = LINE ( 'NONE', #1647, #3534 ) ;
#3698 = EDGE_LOOP ( 'NONE', ( #3371, #3704 ) ) ;
#3699 = FACE_OUTER_BOUND ( 'NONE', #3404, .T. ) ;
#3700 = CARTESIAN_POINT ( 'NONE',  ( -322.9886061297115702, 226.8951998256236209, 21.00000000000000000 ) ) ;
#3701 = CARTESIAN_POINT ( 'NONE',  ( 0.000000000000000000, 0.000000000000000000, 0.000000000000000000 ) ) ;
#3702 = DIRECTION ( 'NONE',  ( 0.000000000000000000, 0.000000000000000000, -1.000000000000000000 ) ) ;
#3703 = ORIENTED_EDGE ( 'NONE', *, *, #2112, .F. ) ;
#3704 = ORIENTED_EDGE ( 'NONE', *, *, #307, .F. ) ;
#3705 = CARTESIAN_POINT ( 'NONE',  ( -324.2886061297115816, 225.5951998256236095, 18.00000000000000355 ) ) ;
#3706 = ORIENTED_EDGE ( 'NONE', *, *, #2957, .T. ) ;
#3707 = ADVANCED_FACE ( 'NONE', ( #731 ), #425, .F. ) ;
#3708 = EDGE_CURVE ( 'NONE', #964, #1528, #1026, .T. ) ;
#3709 = CIRCLE ( 'NONE', #1409, 2.500000000000002220 ) ;
#3710 = ORIENTED_EDGE ( 'NONE', *, *, #1414, .F. ) ;
#3711 = DIRECTION ( 'NONE',  ( -0.5000000000000153211, -0.8660254037844297148, 0.000000000000000000 ) ) ;
#3712 = ORIENTED_EDGE ( 'NONE', *, *, #306, .F. ) ;
#3713 = LINE ( 'NONE', #2587, #3179 ) ;
#3714 = AXIS2_PLACEMENT_3D ( 'NONE', #909, #584, #71 ) ;
#3715 = CIRCLE ( 'NONE', #2817, 3.000000000000002665 ) ;
#3716 = DIRECTION ( 'NONE',  ( -1.000000000000000000, 0.000000000000000000, 0.000000000000000000 ) ) ;
#3717 = CIRCLE ( 'NONE', #226, 3.000000000000002665 ) ;
#3718 = VECTOR ( 'NONE', #414, 1000.000000000000000 ) ;
#3719 = DIRECTION ( 'NONE',  ( -0.000000000000000000, -0.000000000000000000, 1.000000000000000000 ) ) ;
#3720 = ORIENTED_EDGE ( 'NONE', *, *, #2653, .F. ) ;
#3721 = AXIS2_PLACEMENT_3D ( 'NONE', #2534, #2864, #1976 ) ;
#3722 = ORIENTED_EDGE ( 'NONE', *, *, #2703, .F. ) ;
#3723 = LINE ( 'NONE', #2785, #1480 ) ;
#3724 = EDGE_LOOP ( 'NONE', ( #1898, #2848, #2166, #953 ) ) ;
#3725 = AXIS2_PLACEMENT_3D ( 'NONE', #904, #2066, #1778 ) ;
#3726 = LINE ( 'NONE', #2354, #21 ) ;
#3727 = LINE ( 'NONE', #898, #3613 ) ;
#3728 = CARTESIAN_POINT ( 'NONE',  ( -313.9771186325385202, 230.9067898263999439, 17.69999999999999929 ) ) ;
#3729 = ORIENTED_EDGE ( 'NONE', *, *, #1628, .F. ) ;
#3730 = DIRECTION ( 'NONE',  ( -0.000000000000000000, -0.000000000000000000, -1.000000000000000000 ) ) ;
#3731 = LINE ( 'NONE', #2865, #3057 ) ;
#3732 = ADVANCED_FACE ( 'NONE', ( #1258 ), #2418, .T. ) ;
#3733 = EDGE_CURVE ( 'NONE', #1387, #2148, #2497, .T. ) ;
#3734 = FACE_OUTER_BOUND ( 'NONE', #624, .T. ) ;
#3735 = CARTESIAN_POINT ( 'NONE',  ( -313.7439571250766335, 230.9068630152645198, 0.000000000000000000 ) ) ;
#3736 = CARTESIAN_POINT ( 'NONE',  ( -191.3890594079372249, 303.1159884794923300, 2.000000000000000000 ) ) ;
#3737 = ORIENTED_EDGE ( 'NONE', *, *, #687, .T. ) ;
#3738 = ORIENTED_EDGE ( 'NONE', *, *, #3572, .T. ) ;
#3739 = CYLINDRICAL_SURFACE ( 'NONE', #2149, 2.000000000000001776 ) ;
#3740 = VERTEX_POINT ( 'NONE', #3648 ) ;
#3741 = LINE ( 'NONE', #3481, #985 ) ;
#3742 = DIRECTION ( 'NONE',  ( -0.000000000000000000, -0.000000000000000000, 1.000000000000000000 ) ) ;
#3743 = CARTESIAN_POINT ( 'NONE',  ( -264.3619755045060629, 263.5113891529462080, -3.000000000000000000 ) ) ;
#3744 = ORIENTED_EDGE ( 'NONE', *, *, #428, .T. ) ;
#3745 = CARTESIAN_POINT ( 'NONE',  ( -316.9771186325385202, 230.9067898263999439, 6.999999999999999112 ) ) ;
#3746 = FACE_BOUND ( 'NONE', #50, .T. ) ;
ENDSEC;
END-ISO-10303-21;
