:020000040800F2
:100000000000052021110208D9E90008DBE90008F9
:10001000DDE90008DFE90008E1E900080000000070
:10002000000000000000000000000000E1350108B1
:10003000E3E900080000000081360108E536010808
:100040007111020871110208711102087111020880
:100050007111020871110208711102087111020870
:100060007111020871110208711102087111020860
:100070007111020871110208711102087111020850
:100080007111020871110208711102087111020840
:100090007111020871110208711102087111020830
:1000A0007111020871110208711102087111020820
:1000B0007111020871110208711102087111020810
:1000C0007111020871110208711102087111020800
:1000D00071110208711102087111020871110208F0
:1000E00071110208711102087111020871110208E0
:1000F00071110208711102087111020871110208D0
:1001000071110208711102087111020871110208BF
:100110007111020871110208E5E900087111020865
:10012000711102087111020871110208711102089F
:10013000711102087111020871110208711102088F
:10014000711102087111020871110208711102087F
:10015000711102087111020871110208711102086F
:10016000711102087111020871110208711102085F
:1001700071110208711102087111020800000000DB
:10018000711102087111020871110208711102083F
:10019000711102087111020871110208711102082F
:1001A000F1E9000871110208FDE900087111020867
:1001B000711102087111020871110208711102080F
:0801C00071110208711102081F
:1002000010B5054C237833B9044B13B10448AFF350
:1002100000800123237010BD800C0020000000002E
:100220002C2C040808B5034B1BB103490348AFF35A
:10023000008008BD00000000840C00202C2C040865
:10024000F0B44C1E05464E2C3FD8DFE804F03B3B93
:100250003B3B3E3E3E3E28283B282828282828288D
:1002600028282828283E29292929292929293B28DD
:10027000282828283E28293C3B3E3B29293C3E3E55
:100280002828283B3B3B3B3B283B3B283B3E3E282A
:1002900028283E3E3E2828283B293B292900A2B198
:1002A000D5E90540844210DA2F692601B8190134D6
:1002B0004FF0000CC0F804C06C61B955C0E90223CE
:1002C000F0BC70470AB1002BEAD10020F0BC7047A7
:1002D00010B4C3681C78522C0A460FD04F2C03D0A0
:1002E00008465DF8044B7047016B03310163202120
:1002F0000133C3605DF8044B0023A1E7016B0231B9
:1003000001631F21F4E700BF002A4ED070B50546F7
:100310000E4614462378013B4E2B2CD8DFE803F021
:10032000373737402B2B282837373737373737378A
:10033000373737373737372B373737373737373759
:100340003737303037372B373737372C3737373762
:100350002B28373737373737373737373737372B54
:100360002B372C2C2C2C2B37373737373737370098
:10037000E468002CCED170BDA468002CCAD1FAE785
:10038000A2681378052B03D1336801333360A26868
:1003900031462846FFF7B8FFE468002CBAD1EAE7F7
:1003A0002B6801332B60A268F2E770479AB32DE9FE
:1003B000F0418E180446D0F80031013E4D1E002752
:1003C00016E0D4F80831D4F80C2184F8FF7098476F
:1003D000D4F8243100220133C4F82431B5424FF05F
:1003E0000103C4F8003104F8028084F8048110D0BD
:1003F000FF2B1946204615F8018FE2D01A46B54268
:1004000003F10103C4F8003104F8028084F8048188
:10041000EED1BDE8F0817047A0F11C03042B07D991
:100420004C2805D04E3801288CBF00200120704791
:100430000120704770B4026811786E2918D0A1F1BC
:100440003003092B1ED800260023013203EB83035F
:10045000026001EB43041178A1F13005092DA4F1EC
:100460003003F2D90EB1C4F13003184670BC7047A6
:10047000531C03605178A1F13002092A02D81A46B0
:100480000126E1E70023184670BC7047D0E9053229
:10049000934270B50EDA01691A018C1801330026F7
:1004A000412566600C3083608D54FFF7C3FFA06068
:1004B000204670BD0024204670BD00BF10B5C36843
:1004C0001A785F2A04460DD06E2A0DD00C30FFF743
:1004D000B1FF013008D4E3681A785F2A04D10133F0
:1004E000E36010BD0020FAE74FF0FF3010BD00BF01
:1004F000F8B5C3681A78542A19D10133C360044689
:10050000FFF7DCFF051E12DBD4E90531A26A8B423E
:1005100002F10102A2620ADA21691A018818013384
:1005200000270526476063618E548560F8BD002072
:10053000F8BD00BF2DE9F04104460C30FFF77AFF0B
:10054000071E49DDE56863685B1B9F4242DCA268C9
:10055000EB195207E36004D5EA5D242A04BF013396
:10056000E360092FD4E9056810DCB04532DD21696C
:1005700032018818013600234360666155B3436039
:100580008B54C0E90257E062BDE8F08108221449AB
:1005900028463DF097FA0028E7D12B7A2E2B03D07E
:1005A0005F2B01D0242BE0D16B7A4E2BDDD1236B56
:1005B0001633DF1BB04527630CDD2269094D33017B
:1005C000D0180021013666614160D1541523C0E97D
:1005D0000253D8E70020D6E70020BDE8F08100BF35
:1005E000088F0408148F040870B5C368C66A1A78A7
:1005F000422A04460D460FD10133E3602046FFF73F
:1006000099FF2A4603464B212046FFF719FEE3686F
:100610001A78422A0546EFD0E662284670BD00BF30
:100620002DE9F8430546C0680378532B31D1431CAC
:10063000EB604278A2B3831CEB6042785F2A00F043
:100640008980A2F13004E3B2092B25D800210EE005
:10065000303B99421DD8E9680A78481C22B1E8600D
:100660000A785F2A00F08280A2F130041946E4B2D1
:1006700001EBC103092CA2F1410002EB8303E7D98E
:10068000192806D801EBC10302EB8303373B9942DB
:10069000E1D90020BDE8F883A2F14103192BD5D997
:1006A000AB6803F00803002B14BF0124002401D120
:1006B00000295DD1354B7421914203F1C40005D06E
:1006C0001C338342E5D219789142F9D15869D5E9B2
:1006D0000521A8B18A4257DAD5F810C0D3F818E03E
:1006E00017010CEB070601324FF000094FF0180814
:1006F000C6F804906A610CF80780C6E9020EEE6243
:10070000002C3CD1D3E901642B6B914223442B6331
:1007100038DD29691301C81801324FF0000C182781
:10072000C0F804C06A61CF54C0E90264EB681B786A
:10073000422BAFD101462846FFF756FF0028A8D02C
:10074000D5E908329342A5DAE9695A1C41F8230039
:100750002A629FE700232A6A9A429AD9AA6AE9691B
:100760000132AA6251F82300BDE8F8830133F2E7B1
:10077000EB681B78433B012B98BF0C469AE7D3E903
:100780000364C1E70020D1E70026B8E7882C0408FD
:10079000C3681A785F2A01D00120704710B55A1C2F
:1007A000044640F80C2F5A785F2A04D0FFF742FE27
:1007B000C043C00F10BD0233E360FFF73BFE0028CB
:1007C00005DB092807DDE3681A785F2A01D00020DD
:1007D00010BD0133E360012010BD00BF70B103788C
:1007E0002F2B0FD1002904DC09E003782F2B09D12E
:1007F00031B1C06801390028F7D17047704701D185
:100800008068704700207047D0F8103133B1096814
:100810005B680029DB6804DB1846DFE70122C0F8CB
:1008200018211846704700BF002942D038B5054648
:100830000C4623784B2B27D8DFE803F02E262626FC
:1008400026302E2B2B26262626262626262626262C
:10085000262626262E262626262626262626262630
:100860002626262E262626262E262626262E2B260B
:100870002626262626262626262626262E2E262608
:10088000262E2E2E26262E2EA1682846FFF7CCFFD8
:1008900018B9E468002CCCD1002038BD04F108015F
:1008A0002846FFF7B1FF0028F6D003782F2BF3D1AD
:1008B00038BD0020704700BF2DE9F0411446D4E94F
:1008C000025752684B1C1344AB4282B00E4680461E
:1008D00014D817B102B0BDE8F081D4E90003324664
:1008E0004146184407F0E4FFD4E9003233449F54F2
:1008F00063681E44666002B0BDE8F081002FE9D154
:100900001DB9022B4FF0020502D96D00AB42FCD895
:10091000294620683DF0FAF928B1E7682060A56013
:10092000002FD7D1D9E7019020683CF01FFE019B32
:100930000122C4E90033C4E90232CBE738B50446EA
:1009400029B9C3681A7832B15A1CC260197868296B
:1009500012D0762901D0002038BD04F10C052846BC
:10096000FFF768FDE3681A785F2AF4D10133E3608A
:100970002846FFF75FFD03E004F10C00FFF75AFD86
:10098000E3681A785F2AE6D10133E360012038BDBD
:100990002DE9F04188B00A4604461C4901A83DF003
:1009A000C7FB01A808F0ACF968B301ADD4F8003179
:1009B0002E18002716E0D4F80831D4F80C2184F85A
:1009C000FF709847D4F8243100220133C4F8243151
:1009D000AE424FF00103C4F8003104F8028084F8FD
:1009E000048110D0FF2B1946204615F8018BE2D068
:1009F0001A46AE4203F10103C4F8003104F8028044
:100A000084F80481EED108B0BDE8F0812C8F040891
:100A10002DE9F04FC3681D7883B000228D42044653
:100A2000019200F09981DFF8C094884601AF01255A
:100A3000666B65631A784C2A5CD0542A66D0732A98
:100A400045D0662A1CD15A78702A00F0878020464B
:100A500001F070FA0546002800F08C810378312BF4
:100A600000F09880322B56D0332B71D1E3681A787E
:100A70005F2A00F0DA81204600F038FA0346C1E030
:100A8000A2F13001092900F2E780204601F0FEFBC7
:100A90000546002800F06E81E3681A78492A00F0C4
:100AA000B88066632A4600232E212046FFF7C8FB44
:100AB000386030B3E3681A78424500F10C07B6D1CC
:100AC0000133019DE360284603B0BDE8F08F5A78FA
:100AD000722A00F0AB80702AB9D10233E36020465D
:100AE00000F004FA002302464A212046FFF7A8FB43
:100AF000054603E0204602F013F805466663002D24
:100B0000D0D10025284603B0BDE8F08F2046FFF77E
:100B1000EFFC0546F2E78368032B19D801A252F8CF
:100B200023F000BFB70C0008770A0008510B00083B
:100B3000510B0008742A8AD15B786C2B87D1204630
:100B400000F0FEFDE3685A780546002A40F0238154
:100B500000252846666303B0BDE8F08F9A1CE2606A
:100B60009A78542A40F082800333E3600020D4E96D
:100B700005329342ECDA21691A018D1801334FF0E6
:100B8000000E4FF0060CC5F804E0636101F802C0E6
:100B9000A86086E7D0F808B0236BDBF80820DBF804
:100BA00000A0023A134423635046494607F02CFF45
:100BB000002800F0E480DBF80CB0BBF1030FC7D8CD
:100BC000DFE81BF079000400F70081009AF800309C
:100BD000702B65D06D2B63D04FF0000B5046BD4994
:100BE00007F012FF002840F0C080204600F090FB84
:100BF0000346BBF1000F05D01A4638212046FFF707
:100C00001FFB03462A4636212046FFF719FB0546FF
:100C100074E70133E360204600F07AFB2A4603467E
:100C200004212046FFF70CFB054667E70233E3602B
:100C3000204600F085FD8246204601F027FBE36850
:100C40001A78492A83461ED0034629465246204632
:100C5000FFF7F6FA054651E76F2A40F094805A787C
:100C60006E2A7FF4F4AE0233E3600EE72046FFF70E
:100C700025FC6FF0004398423FF46AAF431C3FF4F9
:100C800067AF013073E70133E360204600F040FBBB
:100C90005A46034604212046FFF7D2FA0346D4E71A
:100CA0009AF801209A4297D1E3681A785F2A95D181
:100CB0000133E36090E72A46002335212046FFF701
:100CC000BFFA05461AE7BAF1000F3FF441AF824977
:100CD000504607F099FE002800F0C7809AF80030CF
:100CE000662B00F0ED806E2B7FF432AF9AF8013066
:100CF000772B02D0612B7FF42BAF5F212046FFF7CB
:100D000087FE8246204600F01BFDE3681A78452ADC
:100D1000834600F08680702A00F0C680692A7FF43E
:100D200017AF5B786C2B7FF413AF204600F0DEF832
:100D300003465A463B212046FFF782FA52460346B5
:100D40003A212046FFF77CFA2A46034639212046FD
:100D5000FFF776FA0546D1E60133C3602E2113462C
:100D600003B0BDE8F04FFFF76BBA204600F0BEF8C5
:100D700003463EE72846666303B0BDE8F08F204691
:100D800000F0DEFC3DE7692A7FF4D4AE5A786C2A85
:100D90007FF45DAE00250233E36045212046FFF776
:100DA00037FE2A46034630212046FFF749FA05461A
:100DB000A4E6BAF1000F3FF4CBAEAB681B685A78DB
:100DC000632A3AD09AF80030662B49D1204601F0C8
:100DD000B1F883464149504607F016FE002839D045
:100DE0003F49504607F010FE28B150463D4907F0F4
:100DF0000BFE002868D1204601F048FAE3681A7813
:100E0000492A824643D053465A4638212046FFF7A6
:100E100017FA2A46034637212046FFF711FA0546FE
:100E20006CE60133E360002383E70133E36045218F
:100E30002046FFF7EDFD0346E4E61B78A3F16302CD
:100E4000012A02D9723B012BBCD8204600F078FC65
:100E50008346BFE745212046FFF7DAFD8246D2E709
:100E6000204600F043F88346B4E7204600F03EF801
:100E70008246204600F03AF88346204600F036F8D5
:100E8000034600287FF455AF666305461BE6013331
:100E9000E360204600F03CFA524603460421204617
:100EA000FFF7CEF98246AEE75A78692A7FF450AE52
:100EB0000233E36045212046FFF7AAFD034638E7E9
:100EC000204601F037F8D3E7204600F00FF88246BD
:100ED00099E700BF308F0408408F0408348F04085E
:100EE000388F04083C8F04084C940408C1680B78C0
:100EF0004C2B67D0542B67D0732B2DE9F04104465F
:100F00001CD0662B3DD14B78702B1DD18B1CC36040
:100F10008B78542B40F09A800331C1600020D4E9D3
:100F2000053293424ADA21691A018D1801330027EC
:100F300006266F6063618E54A8602FE04B78722B99
:100F40006ED0702B00F06081204600F0F3FF054664
:100F5000A0B30378312B39D0322B00F02781332B0B
:100F60002CD1E3681A785F2A00F076812046FFF7DB
:100F7000BDFF03462A4620463621BDE8F041FFF773
:100F80005FB9A3F13002092A41D8204601F07EF969
:100F9000054698B1E3681A78492A2BD02846BDE85F
:100FA000F081742BD0D14B786C2BCDD100F0C8FBE5
:100FB000E1684B780546002B40F0908100252846DB
:100FC000BDE8F08101F0ACBDFFF792BA8768236BF2
:100FD000BA683E68C849023A13442363304607F0B2
:100FE00013FD00285BD0FF68032FE7D8DFE807F088
:100FF0005C38A7640133E360204600F089F92A4693
:10100000034604212046BDE8F041FFF719B96F2BD4
:1010100040F05C814B786E2B96D10231C160B4E711
:101020000231C16000F08CFB0546204601F02EF92C
:10103000E36819784929064600F0D98003462A4614
:1010400020460121BDE8F041FFF7FAB8FFF736FA74
:10105000C34333F0004318BF01307FF460AFADE706
:10106000002E83D03378702B00F0B0806D2B00F011
:10107000AD8000273046A14907F0C6FC002840F0AB
:10108000B180204600F044F90346002F3FF472AFD0
:101090001A4638212046FFF7D3F803466AE7204670
:1010A00000F04EFB034665E72A4620460023352123
:1010B000BDE8F041FFF7C4B89149304607F0A4FC01
:1010C000002800F0D1803378662B00F0F6806E2B7C
:1010D0007FF474AF7378772B02D0612B7FF46EAFFF
:1010E0005F212046FFF794FC0646204600F028FBCF
:1010F000E36819784529074600F0AA80702900F0B6
:10110000D08069297FF45AAF5B786C2B7FF456AF9F
:101110002046FFF7EBFE03463A463B212046FFF709
:101120008FF8324603463A212046FFF789F82A46CF
:10113000034639212046BDE8F041FFF781B8002E73
:101140003FF43CAFAB681B685A78632A68D03378A9
:10115000662B78D1204600F0EDFE074669493046FF
:1011600007F052FC002868D06749304607F04CFC75
:1011700030B13046654907F047FC002840F0A180B7
:10118000204601F083F8E3681A78492A06467BD0A6
:1011900033463A4638212046FFF752F82A4603469E
:1011A00037212046BDE8F041FFF74AB88368032B9A
:1011B0003FF604AF01A252F823F000BFA9100008C7
:1011C0006D0F0008BD0F0008BD0F000872789A422D
:1011D0007FF44FAFE3681A785F2A7FF44BAF013397
:1011E000E36046E72046FFF781FE03464DE7013303
:1011F000E360204600F08CF8324603460421204686
:10120000FFF71EF803461AE70231E160FFF76EFEB2
:10121000002302464A212046BDE8F041FFF710B8FE
:101220001B78A3F16302012A02D9723B012B8ED8ED
:10123000204600F085FA074690E745212046FFF753
:10124000E7FB0646A4E72046FFF750FE074685E782
:101250000133E36000235FE70133E360452120466B
:10126000FFF7D6FB034685E62046FFF73FFE06461E
:101270002046FFF73BFE07462046FFF737FE0346B2
:1012800000287FF449AF99E60133E360204600F07F
:101290003FF83246034604212046FEF7D1FF0646BA
:1012A00076E75A78692A7FF489AE0233E3604521F4
:1012B0002046FFF7ADFB03462EE7204600F03AFE3E
:1012C000D5E72046FFF712FE064661E7692B7FF45B
:1012D00068AE4B786C2B7FF437AE00250231E160AD
:1012E00020464521FFF794FB2A460346302120463D
:1012F000BDE8F041FEF7A4BF4C940408308F040809
:10130000408F0408348F0408388F04083C8F040889
:101310002DE9F041C268C76A1378452B82B00446B4
:101320004ED002AD002145F8041D0126493B0F2B8C
:101330003DD8DFE803F037373C323C3C3C3C3C3C9A
:101340003C3C3C3C3C080132D4F83480E2606663AB
:101350002046FFF7CBFDE368C4F834801A78452AAD
:10136000844603F1010327D1E36000232F21624665
:101370002046BCF1000F1FD0FEF762FF286000F18D
:101380000C05C8B1E2681378452BCFD10198E7620C
:101390000132E26002B0BDE8F081204601F0C0FBFE
:1013A0008446E2E7204600F015F88446DDE7204653
:1013B00000F0C6F98446D8E7002002B0BDE8F0810D
:1013C00001320023C2602F211A4602B0BDE8F0416D
:1013D000FEF736BFC3681A78493A012A02D80133AA
:1013E000C36095E7002070472DE9F043C268137889
:1013F0004E3B83B004460C2B46D8DFE803F067452C
:101400004545450E450745454545A40000F03EFFCE
:101410000546284603B0BDE8F0835378742B40F0AE
:10142000D780D0E9053102328B42C26080F2278139
:101430000169C0481A018D180133636100236B6094
:101440008B540323C5E90203204600F01FFF2A4600
:10145000034601212046FEF7F3FE236BE2680333C7
:1014600023631378492B0546D3D1002800F0BA80B6
:10147000D4E90832934280F2B580E1695A1C41F800
:1014800023002262204614E000F000FFE3681B788E
:10149000492B0546BDD1002800F0A480D4E90832CC
:1014A000934280F29F80E1695A1C41F82300204654
:1014B0002262FFF78FFF2A46034604212046FEF7EB
:1014C000BFFE0546284603B0BDE8F0830132C26086
:1014D00001A9012200F0E6FD8046002800F082808C
:1014E00000212046FEF7F4FEE268934E157881460F
:1014F0000027002D00F0B380442D00F09680A5F168
:101500003003DBB21C2B6FD9A5F16103DBB2192BC1
:101510006ED9552D00F0A180532D00F0B280492DD9
:1015200000F0A480542D00F0E680452D00F0E98005
:101530004D2D40F09480002F00F09180531CE3600B
:1015400055781A46D5E70132C260002101F03AF819
:10155000E3681A78452A064644D15A1CE2605A7854
:10156000732A00F0B080642A00F095802046FFF7CF
:101570003BFF054608B30378452B1ED0472B1CD0F4
:101580004FF0FF372046FFF703F958B37B1C14D008
:10159000D4E90532934280F29480206919014218FF
:1015A00001334FF0000E4FF0460CC2F804E06361C7
:1015B00000F801C0C2E9025715462B4632462046C4
:1015C0000221FEF73DFE0546284603B0BDE8F08344
:1015D0000021FFF725F8E3681B78492B05467FF4C7
:1015E00018AF4FE7002514E726FA03F3D9078BD588
:1015F000204600F04BFE5FB3012103463A462046E9
:10160000FEF71EFE0746E268532D13781ED0452BC9
:101610001AD027B3D4E908318B4220DAE16941F8C6
:10162000237001332362157863E7537803F0DF03F7
:10163000542B20460ED000F029FE002FDCD1E268AA
:101640001378452B0746E4D11D4658E71D4650E761
:101650000746D8E700F074F8EFE72046EBE70025EF
:101660002846C8F8005003B0BDE8F083002FF6D03C
:101670000132E2602046FFF74BFE0421BDE7002562
:10168000E2E601212046FEF7CBFF002FB4D1E2684D
:10169000074615782DE70233E3602046FEF70EFF7C
:1016A000071E9FDB2046FFF79FFE054600283FF4FC
:1016B0006FAF0378452B3FF469AF472B3FF466AF1C
:1016C00060E7002579E70233E3602046FFF760F822
:1016D000002887D0D4E905239A4210DA2069174DF3
:1016E000110143180132626100225A6042540E22F5
:1016F000C3E9025262E72046FEF7FAFE9DE70023A7
:101700005CE7C8F80070002F3FF46CAFB9F1000F30
:1017100004D0019BC9F80830CDF804901378452B0C
:101720007FF460AF019D01322846E26003B0BDE85E
:10173000F08300BF548F0408FF030810448F04088F
:101740002DE9F043C2681378722B83B004465FD052
:10175000562B5DD04B2B5BD0442B51D0A3F13001E5
:101760004A2900F29E80DFE811F0110111011101F8
:1017700011011101110111011101110111019C004F
:101780009C009C009C009C009C009C001E029C00F5
:101790003B019C009C00350149019C009C009C0081
:1017A0009C009C0006021101570165019C00730119
:1017B0008101A501CC019C009C009C009C001101B2
:1017C0009C009C009C009C009C009C00E401E401A7
:1017D000E401E401E401E401E401E401E401E401E1
:1017E0009C00E401E401E401E4019C009C009C00F5
:1017F000E401E4012701E401E401E401E401E4017E
:10180000537803F0DF014F2902D0773B012B4DD8ED
:10181000002201A9204600F045FC0546002840D0E2
:10182000E3681B78462B204619D100F00FFD286095
:10183000002836D00378019A1F3B012B13D9002AC8
:101840002FD0D4E908318B422BDAE06940F823200D
:10185000591C019D2162284603B0BDE8F083FFF7C3
:101860006FFF2860E4E7836882602A6801922B603A
:10187000019AE4E70123456B4363FFF737FB656398
:101880000246002342212046FEF7DAFC054601907D
:1018900038B1E3681A7822B15A1CE2601B78452BF4
:1018A0007BD00025284603B0BDE8F083531CC360FD
:1018B0005378002BF5D0931CC3605378463B302BF4
:1018C000EFD801A151F823F0851D0008A3180008E6
:1018D000A3180008A3180008A3180008A3180008FC
:1018E000A3180008A3180008A3180008A3180008EC
:1018F000A3180008A3180008A3180008A3180008DC
:1019000075180008A3180008A3180008A3180008F9
:10191000A3180008A3180008A3180008A3180008BB
:10192000A3180008A3180008A3180008A3180008AB
:10193000A3180008611D0008A31800083D1D000839
:10194000151D0008ED1C0008C51C0008A3180008A0
:101950009D1C0008391E0008A3180008A3180008E1
:10196000A3180008A3180008ED1D0008A31800081C
:10197000871C0008A3180008A31800085F1C0008B3
:1019800075180008A3180008251C00082046FFF75A
:101990002BFD05460190002D83D0D4E908329342F7
:1019A000BFF67FAFE16941F82350019D5A1C2846DC
:1019B000226203B0BDE8F0830132E2602046FEF708
:1019C000B9FD0023024628212046FEF739FC0546D2
:1019D0000190E0E7204600F039FC05460190DAE787
:1019E0000132E2602046FFF7ABFE002302462521CC
:1019F0002046FEF725FC05460190CCE70132E26067
:101A00002046FFF79DFE0023024626212046FEF7D2
:101A100017FC05460190BEE70132E2602046FFF761
:101A20008FFE0023024624212046FEF709FC0546CE
:101A30000190B0E70132E2602046FFF781FE00230B
:101A4000024622212046FEF7FBFB05460190A2E755
:101A50000132E2602046FFF773FE00230246232195
:101A60002046FEF7EDFB0546019094E75378A3F17D
:101A70003002092A05D95F2B03D0413B192B00F214
:101A80000F8200212046FEF7CBFDE36801901A7813
:101A9000492A05467FF4DFAE0133E3602046FFF7B5
:101AA00037FC03462A4604212046FEF7C9FB0546BB
:101AB000019070E72046FEF71BFDE6680190337841
:101AC000492B05467FF467AFA36B002B40F0F581EF
:101AD00000283FF4E6AED4E908218A42BFF6E1AE21
:101AE000E16941F82200013222623178019D4939D1
:101AF0000129D7D80136E6602046FFF709FC0346E6
:101B0000D0E70132E2602046FEF714FDE368019061
:101B10001A78492A054600F0A8812046FFF710FEF2
:101B2000019B024621212046FEF78AFB05460190D3
:101B300031E7D4E90510613BB64D03EB83038142E5
:101B400005EB830380F28B815868266BD4F810C0B4
:101B50000F010CEB070506443046013201314FF00E
:101B6000000E2726C5F804E061610CF80760AB6041
:101B7000E26020636FE60132E2602046FFF7E0FD9D
:101B8000054600283FF48DAE2046FFF7D9FD0346F9
:101B900000283FF486AE2A462B212046FEF750FB54
:101BA00005460190F7E6551CE56053785F2B00F081
:101BB0005A81303B092B00F26581284600E0084637
:101BC000411CE1604378303B092BF8D9D4E9053258
:101BD0009342A1EB0507BFF664AED4F810E04FEADC
:101BE000031C0EEB0C060133002272606361002FB0
:101BF0003FF457AE72600EF80C20C6E902574378E6
:101C00000D465F2B7FF44DAE0135E5602046FFF7B2
:101C100097FD324603462A212046FEF711FB054672
:101C20000190B8E693785F2B00F07881FEF72EFCE8
:101C30000546002D3FF435AEE3681A785F2A7FF43D
:101C400030AE0133E3602046FFF77AFD2A460346B3
:101C50002D212046FEF7F4FA054601909BE6D0E9D7
:101C60000532934280F2FB800069226B190145180E
:101C7000013300266E60083263612726664B4654A6
:101C8000AB602263E7E5FFF75BFD002302464A21D4
:101C90002046FEF7D5FA054601907CE6D0E90532EC
:101CA000934280F2DC800069226B190145180133F0
:101CB00000266E60043263612726584B4654AB60A1
:101CC0002263C8E5D0E90532934280F2C8800069FA
:101CD000226B19014518013300266E6009326361D9
:101CE00027264F4B4654AB602263B4E5D0E905325A
:101CF000934280F2B4800069226B190145180133C8
:101D000000266E600A3263612726464B4654AB605C
:101D10002263A0E5D0E90532934280F2A0800069F9
:101D2000226B19014518013300266E600932636188
:101D300027263D4B4654AB6022638CE5D0E9053243
:101D40009342BFF6AEAD0169384E1A018D180133CA
:101D5000436100230E206B608B54C5E902607AE575
:101D6000D0E905329342BFF69CAD0169304E1A01AD
:101D70008D1801334361002304206B608B54C5E947
:101D8000026068E5D0E905318B4280F2AF800569D9
:101D900018012918013300272C264F600191636137
:101DA0002E549378303BDBB2092B94BF01233B4682
:101DB0008B8140F2AE802046019DFFF7C1FC019B64
:101DC000A8609B68002B3FF46CAD04F10C00FEF79B
:101DD00031FBE268137813B1531CE3601378019D63
:101DE000A3F1730253425341EB8134E5D0E905324C
:101DF000934234DA0069226B190145180133002639
:101E00006E601132636127260A4B4654AB60226331
:101E100021E500BF4C2D0408A42F0408902F0408CE
:101E2000542F04087C2F0408682F0408608F0408CE
:101E3000588F0408CC2F0408D0E9053293420EDAFB
:101E40000069226B19014518013300266E600832C3
:101E500063612726364B4654AB602263FBE40023C4
:101E600001939B68FFDE0026CEE60133E360204647
:101E7000FFF74EFA2A46034604212046FEF7E0F912
:101E800001904AE60123656B63632046FFF72EF855
:101E90006563064600283FF404ADE5682B78B0E69C
:101EA0002046FFF7A1FA0546019000283FF4F9AC5F
:101EB0000378182B7FF471ADCDE4731CE3602046EA
:101EC000D4F81490D4F82080A76A256BFFF720FA85
:101ED000E2681278492A03460BD02563E660C4F80D
:101EE0001490C4F82080A762019D54E500231B7064
:101EF000FFDE019900293FF4D4ACD4E908208242E6
:101F0000BFF6CFACE06940F8221001322262019A9C
:101F1000C9E504F10C00FEF78DFA4CE7033201230A
:101F2000466BC2604363FEF7E1FF6663054680E6E9
:101F3000B82F0408F8B5C3681E78864636B35A1C15
:101F4000C2605A781E78002A4AD09A1CC260762E47
:101F5000044693F801C045D1ACF13005EBB2092B32
:101F600015D8FEF7E7FAD4E905318B42024621DAAB
:101F70002669190170180133002747606361CAB1EF
:101F8000322347607354C0E90252F8BDB446234C73
:101F900043200022831A03EBD37302EB630319017E
:101FA000671861580D78B54206D094BF5A1C184680
:101FB0008242EFD10020F8BD49786145F5D1DEE9D4
:101FC00005329342F6DADEF810101A018818013350
:101FD000002531244560CEF814308C548760F8BD5C
:101FE0009446D4E7632ED2D1BCF1760FCFD1D0E99D
:101FF0000D35B3FA83F35B098363FFF7A1FBA36B92
:1020000002462BB933212046FEF71AF9A563F8BD25
:10201000002334212046FEF713F9F7E7E02F0408E8
:1020200030B5C26883B0002301931378002B36D0FB
:10203000452B34D02E2B32D0044601AD15E04F2B6A
:1020400016D0FFF77DFB002302462E2138B3204631
:10205000FEF7F6F8286010B3E268137800F10C057B
:102060004BB1452B07D02E2B05D0522B2046E6D165
:102070005378452BE5D1019888B1C3680BB103B003
:1020800030BD826811782729F9D19268117C09291D
:10209000F5D15168226B521A22638360EFE700206A
:1020A00003B030BD2DE9F04F894683B0C168131EDF
:1020B000019304460B7815BF4FF01E084FF01B0824
:1020C0001D271A2714BF1C2619264D464FF0010A5A
:1020D0001CE0562B3FD04B2B43D04B78002B35D0F8
:1020E0008B1CE3604B78782B41D06F2B45D1236B51
:1020F000093323634E21002300222046FEF7A0F877
:10210000286018B3E1680B7800F10805722B0DD038
:10211000562B0BD04B2B09D0442B46D14A7802F0DA
:10212000DF004F2802D0773A012A3ED84A1C722B92
:10213000E260CED1236B09332363314600230022B2
:102140002046FEF77DF828600028DBD100252846D0
:1021500003B0BDE8F08F236B0933236339460023B6
:10216000CAE7236B0633236341460023C4E7236B8E
:10217000113323634C210023BEE74F2B32D1D4E926
:102180000C3B09332363C4F834A02046FEF7AEFEAF
:10219000C4F834B003460028D8D0E2681178452945
:1021A000D4D10132E2604E21A6E7019A002ACED1B5
:1021B000462BCCD14D45CAD01D241E201C2108E041
:1021C0001B2A0DD0192A00D1197003F108094D45B9
:1021D000BDD0D9F800301A781A2AF1D11C70F4E772
:1021E0001870F2E7772BB1D1236B063323632046B7
:1021F000FFF716FF03460028A8D0E26811784529AA
:10220000A4D10132E2604F2176E700BF70B5C36808
:102210001A784A2A044613D081B12046FFF790FA73
:10222000054680B12046FFF7FBFE60B103462A4613
:1022300020462921BDE87040FEF702B80D46F1E7BF
:102240000133C360E9E7002070BD00BFC3681A789E
:10225000462A18D110B55A1CC2605A78592A04BFB0
:102260000233C36001210446FFF7D0FF0146204638
:10227000FEF72EF8E3681A78452A02D10133E360AD
:1022800010BD002010BD0020704700BF2DE9F041B7
:10229000C1680B78A3F13002092A04463CD9A3F1A6
:1022A0006102192A22D9A3F14302012A69D94C2BD0
:1022B00056D0552B5FD14B786C2B00F0E580742BFA
:1022C00059D14B1CC3604B78742B58D10231C1607B
:1022D000FEF7F4F80028C0F25581D4E905329342A4
:1022E000E768C0F2F3803B78002510E06F2B04D143
:1022F0004B786E2B04BF0231C1602046FFF71AFEF7
:10230000054610B10378312B13D0E3681B78422BBC
:1023100009D02846BDE8F081FEF70CF9E3681B7888
:10232000422B0546F5D129462046BDE8F041FEF78F
:102330005BB98268236B96681068A1490733334400
:10234000236306F061FB0028DFD12046FEF7F2F898
:102350002A46034636212046FDF772FF0546D4E79C
:102360000131C160FEF7E6F8054620B12046FEF7D0
:102370000FFA0028C9D100252846BDE8F0810025C4
:10238000C5E7C26A32B11078E0B9236BD068034464
:1023900023630B78432B18D0442BF0D14B78303B80
:1023A000052BE8D801A050F823F000BF1D24000839
:1023B000E72300082F2400087723000829240008B9
:1023C000232400081828E5D1DFE74B78492B00F0DB
:1023D000B080313B042BCED8DFE813F0ED00510084
:1023E0004C0047002C004FF0020CD4E905308D1C46
:1023F0008342E56080F2D0802669180135180133E8
:1024000000276F606361002A00F0CF8008236F60AF
:10241000335485F808C0EA608B7878E74FF0010CF8
:10242000E3E74FF0050CE0E74FF0040CDDE74FF079
:10243000030CDAE70231E1604FF00508D4E905301A
:10244000834280F2AC8026691801351801330027D9
:102450006F606361002A00F0AB8007236F60335424
:1024600085F80880EA600B7851E70231E1604FF0AF
:102470000408E3E70231E1604FF00308DEE70231D0
:10248000E1604FF00208D9E74B1CC3604B786C2B1E
:102490007FF475AF0231C160FFF7C2FD0646002828
:1024A00070D0E2681378452B7FF469AF0132E260A7
:1024B0002046FEF703F8B0F1000E63DBD4E90532E5
:1024C0009342E0681BDB0378002520E72669226A37
:1024D000D4F824E01901751801334FF0000CC5F849
:1024E00004C0724563614FF047037354A8604DDA2E
:1024F000E36943F82250013222623B7807E72769FB
:10250000226AD4F8248019017D1801334FF0000CA1
:10251000C5F804C0424563614FF045037B54C5E9EB
:10252000026E36DAE36943F8225001322262037800
:10253000EDE64B1CE3608B78313B042B32D8DFE8AF
:1025400003F0031C17120D000331E1604FF0010886
:102550002046FFF7F5F8E26AE1686FE70331E160D2
:102560004FF00508F4E70331E1604FF00408EFE7AE
:102570000331E1604FF00308EAE70331E1604FF017
:102580000208E5E7E36800251B78C0E63B7865466E
:10259000BDE603786546BAE68B780025B7E60B788A
:1025A0000025B4E64B780025B1E68B781546AEE6FB
:1025B0000B781546ABE60231E1604FF001083DE7CC
:1025C000708F04082DE9F047C3681A78472A04463B
:1025D00019D0542A17D00E46FEF706FF05460028EC
:1025E0007DD0002E57D0A368DB0754D400E0AD683F
:1025F0002B78A3F11C02042AF9D9022B00F0868162
:102600002846BDE8F087216B01F1140222631A7895
:10261000542A68D0472A62D15A1CE2605A78002AAC
:102620005DD09A1CE2605A78413A312A57D8DFE8E7
:1026300012F03E0156005600560056005600560055
:1026400056005600560056005600560056005600DA
:10265000560056004A01560059015600E000560047
:1026600056005600560056005600560056005600BA
:1026700056005600560056005600560056005600AA
:10268000560056005600560056005600560056009A
:1026900056005600EB00E3681B78002BB0D0452BAA
:1026A000AED029460B78202B00F218821C2B80F02C
:1026B0001E82042B40F091808A686AB11378082B3F
:1026C00003F1FF3100F28680072B80F0868001291C
:1026D00002D8D268002AF1D101217FE0E76000250D
:1026E0002846BDE8F0875A1CE2605A78002AF6D0E6
:1026F0009A1CE2605B78433B332BF0D801A252F87E
:1027000023F000BF592A0008DF260008DF26000852
:10271000432A0008DF2600082D2A0008172A00088F
:10272000012A0008DF260008DF260008DF2600084F
:10273000DF260008DF260008DF260008DF26000865
:10274000DF260008EB290008D1290008DF26000851
:10275000B7290008A1290008DF260008DF260008A5
:10276000DF260008DF260008DF260008DF26000835
:10277000DF260008DF260008DF260008DF26000825
:10278000DF2600086D290008DF260008DF26000884
:10279000DF260008DF26000847290008DF2600089A
:1027A000DF260008DF260008DF260008DF260008F5
:1027B000DF260008DF260008DF260008DF260008E5
:1027C000DF260008DF260008DF260008DF260008D5
:1027D00021290008342B7FF47FAF00212046FFF72A
:1027E00015FD2A46034603212046BDE8F047FDF7C4
:1027F00027BD2046FEF7F8FD0023024613212046A0
:10280000BDE8F047FDF71CBD04F10C00FDF712FE1A
:1028100001287FF764AFE3681A78002A3FF45FAFBE
:102820005F1CE7601B785F2B7FF459AF0022451EC9
:1028300090464FF040093B78002B3FF450AF242BDB
:1028400040F02A817B78532B00F056815F2B00F0FB
:102850005581242B7FF443AF1946D4E90503E7687B
:10286000984207F10207BFF639AFD4F810C006014D
:102870000CEB06030130C3F80480023D60610CF8E4
:1028800006909960E760002A00F026813F212046EB
:10289000FDF7D6FC024600283FF421AF002DCADC2C
:1028A000204600233E21BDE8F047FDF7C9BC0021CA
:1028B0002046FFF787FE0023024617212046BDE889
:1028C000F047FDF7BDBC2046FEF78EFD05462046CD
:1028D000FDF7DCFD2A46034616212046BDE8F047F9
:1028E000FDF7AEBC9A78002120462AB1DA1CE260DE
:1028F0009B786E2B00F00981FFF764FE00230246EF
:1029000048212046BDE8F047FDF79ABCEA6800E0A0
:1029100092681078FDF780FD0028F9D1EA606FE633
:1029200076212046FEF70AF800283FF4D8AE0021B1
:102930002046FFF747FE0023024610212046BDE84F
:10294000F047FDF77DBC68212046FDF7F7FF002822
:102950003FF4C5AE00212046FFF734FE00230246B7
:102960000F212046BDE8F047FDF76ABC0021204654
:10297000FDF7E4FF00283FF4B2AE00212046FDF74A
:10298000DDFF00283FF4ABAE00212046FFF71AFE22
:102990000023024611212046BDE8F047FDF750BC58
:1029A0002046FEF721FD0023024615212046BDE802
:1029B000F047FDF745BC0F3121632046FEF7C0FE0E
:1029C0000023024609212046BDE8F047FDF738BC48
:1029D0000A3121632046FEF7B3FE002302460A2196
:1029E0002046BDE8F047FDF72BBC2046FEF7A8FEC9
:1029F000002302460D212046BDE8F047FDF720BC2C
:102A00002046FEF79DFE0023024612212046BDE827
:102A1000F047FDF715BC2046FEF792FE0023024664
:102A20000C212046BDE8F047FDF70ABC2046FEF722
:102A3000DBFC0023024614212046BDE8F047FDF7E9
:102A4000FFBB2046FEF77CFE002302460E212046F7
:102A5000BDE8F047FDF7F4BB2046FEF771FE0546E2
:102A600004F10C00FDF7E6FC0028FFF638AEE36841
:102A70001A785F2A7FF433AE0133E3602046FEF715
:102A80005FFE236B591D216302462B4620460B2116
:102A9000BDE8F047FDF7D4BB3E46002104E016F840
:102AA000013F23B1242B02D00131A942F7DBD4E945
:102AB0000530834224DAD4E903C618010133636187
:102AC00033186D1AC3F8048006F800809F600CEB81
:102AD0000107D960E760D6E61A46DFE64C2BA3F182
:102AE0004E0204D0FFF479AE012A3FF676AE896833
:102AF00000297FF4D7AD71E62F21AEE62E21ACE69A
:102B0000E3680B44E36000257AE5FFF75BFD0023F3
:102B1000024649212046BDE8F047FDF791BB00BFC2
:102B2000F8B5C26813784C2B44D1531CC36051785C
:102B30005F29044640D05A290CD10133E3600021BB
:102B40002046FFF73FFDE3681A78452A32D101336A
:102B5000E360F8BDFEF7F4FD60B30378272B32D0B5
:102B6000E66833786E2B37D03C21452B40D00BB331
:102B7000334600E0F5B10133E3601D78452DF9D10E
:102B80009D1BD4E905239A420BDAD4F810E04FEAF2
:102B9000021C0EEB0C03013200275F60626106B17C
:102BA00005BB002302462046FDF74AFBE3681A787E
:102BB000452ACCD00020F8BD931CC36092785A2AD5
:102BC000BBD00020C1E783681A7C002AC8D05A68AD
:102BD000236B9B1A2363C3E7721CE26073783D2169
:102BE0001646C2E75F600EF80C70C3E90265D9E7CC
:102BF0000025C6E712B15368012B03DD0123C0F89D
:102C0000183170472DE9F04F15465A1C6A6099B08B
:102C1000D0F8187104950E4604ABD0F82811059130
:102C20000446C0F82831002F40F0D78028784F287C
:102C300001F2EF82DFE810F0870AB80AB80A4F0AFB
:102C4000C607940767075E0737070F07E706BF0643
:102C500097066F0647061F0647091F09F708CF08A2
:102C6000A7087F0857082F08D609BF09BF09BF0961
:102C700099099909990999099909990999096F096E
:102C80006F09990999091D0A140A06069205720529
:102C90001B057205D304D30488045C043404ED0AD4
:102CA0000C040404B0039C0397038D03880388037A
:102CB000330333030B03FE02DC02AA0282025A0230
:102CC0003202F801ED0AD001A801530105017B0190
:102CD0009909D80099099909AA6893681B685978D5
:102CE000632909D11B78A3F16301012942F21983F9
:102CF000723B012B42F2158305F10C03314620464D
:102D000003F0D2FC8046002842F00084AB681A78B9
:102D1000312A02F092859B68D749186805F074FE45
:102D2000EB689A6818B91378032B02F0D485314602
:102D3000204603F067FCAF68D049BB68D3F8008039
:102D4000404605F061FE8146002842F0D083D4F869
:102D50000071FF2F10D184F8FF003946D4F80831F4
:102D6000D4F80C2120469847D4F82431C4F80091B7
:102D700001334F46C4F824317A1C5B23C4F8002188
:102D8000E35584F80431EB683146DA682046FFF7F2
:102D900031FFD4F80071FF2F11D100263946D4F845
:102DA000083184F8FF60D4F80C2120469847D4F805
:102DB0002431C4F8006101333746C4F824315D235F
:102DC0007A1CC4F80021E35584F80431AB681A7802
:102DD000312A02F0AD8305996A68C4F82811013AD6
:102DE0006A6019B0BDE8F08FA54FAA683146204649
:102DF000FFF700FF07F10808D4F800314FF0000991
:102E000016E0D4F80831D4F80C2184F8FF909847E4
:102E1000D4F824310133C4F8243100220123B84509
:102E2000C4F8003104F802A084F804A101F0F9828A
:102E3000FF2B1946204617F801AFE2D01A4601339E
:102E4000EDE7A9682046FDF7EFFC002802F0E181DC
:102E5000002302782F2A41F0DF858268002A01F0E2
:102E6000DB85C06801330028F3D11946AB680193B4
:102E70004A1E02924FF0000A89460395C4F8207159
:102E8000019A31462046FFF7B5FE029B9F4281F230
:102E9000C6817C4DD4F8003105F1020816E0D4F863
:102EA0000831D4F80C2184F8FFA09847D4F82431D5
:102EB0000133C4F8243100220123A845C4F80031AD
:102EC00004F802B084F804B101F0A981FF2B19467F
:102ED000204615F801BBE2D01A460133EDE76A4FF0
:102EE000D4F8003107F11A084FF0000916E0D4F8C1
:102EF0000831D4F80C2184F8FF909847D4F8243195
:102F00000133C4F8243100220123B845C4F800314C
:102F100004F802A084F804A101F0F182FF2B194605
:102F2000204617F801AFE2D01A460133EDE7574FBC
:102F3000AA6831462046FFF75DFE07F10508D4F880
:102F400000314FF0000916E0D4F80831D4F80C2114
:102F500084F8FF909847D4F824310133C4F8243121
:102F600000220123B845C4F8003104F802A084F817
:102F700004A101F07C82FF2B1946204617F801AB13
:102F8000E2D01A460133EDE7414FD4F8003107F1A2
:102F900016084FF0000916E0D4F80831D4F80C21D7
:102FA00084F8FF909847D4F824310133C4F82431D1
:102FB00000220123B845C4F8003104F802A084F8C7
:102FC00004A101F0F481FF2B1946204617F801AF48
:102FD000E2D01A460133EDE72E4ED4F8003106F167
:102FE0000E074FF0000816E0D4F80831D4F80C2191
:102FF00084F8FF809847D4F824310133C4F8243191
:1030000000220123B742C4F8003104F8029084F88A
:10301000049101F0D581FF2B1946204616F8019F37
:10302000E2D01A460133EDE71B4FD4F8003107F127
:1030300008084FF0000916E0D4F80831D4F80C2144
:1030400084F8FF909847D4F824310133C4F8243130
:1030500000220123B845C4F8003104F802A084F826
:1030600004A101F01481FF2B1946204617F801AF87
:10307000E2D01A460133EDE7348F04083491040896
:10308000EF91040808910408D3900408748F040891
:10309000D7900408DF910408CF910408B94FD4F801
:1030A000003107F11C084FF0000916E0D4F8083190
:1030B000D4F80C2184F8FF909847D4F824310133D8
:1030C000C4F8243100220123B845C4F8003104F8C3
:1030D00002A084F804A101F00F81FF2B19462046BD
:1030E00017F801AFE2D01A460133EDE7A64FD4F846
:1030F000003107F11D084FF0000916E0D4F808313F
:10310000D4F80C2184F8FF909847D4F82431013387
:10311000C4F82431002201234745C4F8003104F8E3
:1031200002A084F804A101F08380FF2B19462046F9
:1031300017F801AFE2D01A460133EDE7934FD4F808
:10314000003107F10A084FF0000916E0D4F8083101
:10315000D4F80C2184F8FF909847D4F82431013337
:10316000C4F8243100220123B845C4F8003104F822
:1031700002A084F804A101F06480FF2B19462046C8
:1031800017F801ABE2D01A460133EDE708A8AA68A8
:103190007F493AF0CDFF08A805F0B2FD002801F004
:1031A000B78108AED4F8003137184FF0000816E0A8
:1031B000D4F80831D4F80C2184F8FF809847D4F86B
:1031C00024310133C4F8243100220123BE42C4F863
:1031D000003104F8029084F8049101F09981FF2BEA
:1031E0001946204616F8019BE2D01A460133EDE756
:1031F000D4F8007195F80880FF2F11D100263946C8
:10320000D4F8083184F8FF60D4F80C2120469847A0
:10321000D4F82431C4F8006101333746C4F82431AE
:103220007B1CC4F8003104F8078084F804816A68C4
:103230000599D2E5AA6831462046FFF7DBFC314606
:10324000EA682046FFF7D6FC05996A68C5E5514F44
:10325000D4F8003107F10E084FF0000916E0D4F859
:103260000831D4F80C2184F8FF909847D4F8243121
:103270000133C4F8243100220123B845C4F80031D9
:1032800004F802A084F804A101F04681FF2B19463E
:10329000204617F801AFE2D01A460133EDE7AB68DC
:1032A0001A78272A01F072854FF00008D4F80071CF
:1032B000FF2F12D14FF000093946D4F8083184F8B5
:1032C000FF90D4F80C2120469847D4F82431C4F854
:1032D000009101334F46C4F8243128237A1CC4F8E6
:1032E0000021E35584F80431AA6831462046FFF7EF
:1032F00081FCD4F80031FF2B41F0B885002219463B
:1033000084F8FF20D4F80831D4F80C2120469847DF
:103310002923237084F804312A78D4F82431012138
:1033200001333D2AC4F82431C4F8001101F0BB85F3
:10333000B8F1080F01F056853146EA682046FFF7DC
:1033400059FC05996A6848E50123C4F818316A6890
:1033500043E5EB681A783A2A01F005840123C4F8A2
:1033600018316A6839E50123C4F818316A6834E510
:10337000EB681B78382B3FF4AFAC0123C4F818314D
:103380006A682AE5AF9104088F91040870910408D7
:103390002C8F04085F910408D5E9029899F8003051
:1033A000312B01F03A84332B42F09281D4F8007132
:1033B000FF2F12D14FF0000A3946D4F8083184F8B3
:1033C000FFA0D4F80C2120469847D4F82431C4F843
:1033D00000A101335746C4F824317A1C2823C4F8CD
:1033E0000021E35584F80431D9F8082031462046FD
:1033F000FFF700FCD4F80071FF2F12D14FF0000945
:103400003946D4F8083184F8FF90D4F80C212046CE
:103410009847D4F82431C4F8009101334F46C4F8DA
:10342000243129237A1CC4F80021E35584F804319F
:1034300042463146204603F0E5F805996A68CCE437
:103440003146AA68204603F09DF805996A68C4E4ED
:10345000D24FD4F8003107F109084FF0000916E007
:10346000D4F80831D4F80C2184F8FF909847D4F8A8
:1034700024310133C4F8243100220123B845C4F8B3
:10348000003104F802A084F804A101F05780FF2B5A
:103490001946204617F801AFE2D01A460133EDE78E
:1034A000BE4FD4F8003107F109084FF0000916E0CB
:1034B000D4F80831D4F80C2184F8FF909847D4F858
:1034C00024310133C4F8243100220123B845C4F863
:1034D000003104F802A084F804A101F02680FF2B3B
:1034E0001946204617F801AFE2D01A460133EDE73E
:1034F000D5F808A0AA4EDAF80870D4F8003106F121
:1035000008084FF0000916E0D4F80831D4F80C216F
:1035100084F8FF909847D4F824310133C4F824315B
:10352000002201234645C4F8003104F802B084F8B3
:1035300004B101F02180FF2B1946204616F801BF87
:10354000E2D01A460133EDE7D5E902281AB1314637
:103550002046FFF74FFBD4F80071FF2F12D14FF038
:1035600000093946D4F8083184F8FF90D4F80C21CA
:1035700020469847D4F82431C4F8009101334F46CF
:10358000C4F82431781C7B23C4F800014246E3557B
:103590003146204684F80431FFF72CFBD4F8007143
:1035A000FF2F11D100263946D4F8083184F8FF6086
:1035B000D4F80C2120469847D4F82431C4F800618F
:1035C00001333746C4F824317A1C7D23C4F8002126
:1035D000E35584F804316A680599FFF7FEBBAA68D1
:1035E0001AB131462046FFF705FBEB68002B01F0CE
:1035F0003D85D4F80071FD2F12D94FF0000804F872
:1036000007803946D4F80831D4F80C212046984771
:10361000D4F82431C4F8008101334746C4F824317A
:10362000DFF888814FF0000A08F1020B16E0D4F8A9
:10363000083184F8FFA0D4F80C219847D4F824313D
:103640000133C4F8243101270023C345C4F80071B5
:1036500004F8039084F8049101F0CF80FF2F3946DD
:10366000204618F8019BE2D03B460137EDE7B5F95B
:103670000E30002B41F0A084AA684A4B9168994211
:1036800020D031462046FFF7B5FAD4F80071FF2F5D
:1036900011D100263946D4F8083184F8FF60D4F8F7
:1036A0000C2120469847D4F82431C4F80061013336
:1036B0003746C4F8243120237A1CC4F80021E3558E
:1036C00084F80431B5F90C20D4F80031002A01F057
:1036D000A680354E4FF0000806F1060915E0D4F833
:1036E0000831D4F80C2184F8FF809847D4F82431AD
:1036F0000133C4F8243100220123B145C4F800315C
:10370000A75484F8047101F08381FF2B19462046E9
:1037100016F8017BE3D01A460133EEE718ABD4F874
:10372000142143F8402D0020C4F814310A90D4F835
:103730001031EA680B93314620460995FFF75AFA93
:103740000A9B23B931462A46204602F0E9F8089B35
:10375000C4F8143105996A68FFF73FBB0DF16009A1
:10376000D4F814C149F840CDD4F81031CDF804C0D4
:1037700000226746C4F814910995CDE90A23002F69
:1037800001F02F857B681B78193B022B01F22985FC
:1037900023464FF001084C469C460EE01791040862
:1037A0000B910408EC2D0408F89004080891040813
:1037B0007B681B78193B022B1DD8BB684FEA081E9B
:1037C00018AA02EB0E0B9BB9B8F1030F01F2178593
:1037D00097E80F00ABF1400A8AE80F004BF8404C25
:1037E000012309EB0E04CCF8144108F10108BB6079
:1037F0003F68002FDCD1EA68314660466446FFF737
:10380000F9F90A9B019AC4F81421BBB9B8F1010F68
:103810000CD009EB08180CAF58F80C2C3146A8F165
:103820001008204602F07CF84745F5D13146D4F81F
:10383000143105F10802204602F0CAFD05996A68B4
:10384000FFF7CBBAB20626F06008D4F8143101F1C4
:103850005A82AA681AB116F0400601F0C3854146A3
:1038600005F10C02D4F81431204602F087FB0599CB
:103870006A68FFF7B2BACB4FD4F8003107F11508E8
:103880004FF0000916E0D4F80831D4F80C2184F880
:10389000FF909847D4F824310133C4F82431002232
:1038A0000123B845C4F8003104F802A084F804A14B
:1038B00000F08987FF2B1946204617F801AFE2D0A8
:1038C0001A460133EDE7B84FD4F8003107F110087C
:1038D0004FF0000916E0D4F80831D4F80C2184F830
:1038E000FF909847D4F824310133C4F824310022E2
:1038F0000123B845C4F8003104F802A084F804A1FB
:1039000000F06A87FF2B1946204617F801AFE2D076
:103910001A460133EDE7A54FD4F8003107F112083C
:103920004FF0000916E0D4F80831D4F80C2184F8DF
:10393000FF909847D4F824310133C4F82431002291
:103940000123B845C4F8003104F802A084F804A1AA
:1039500000F02787FF2B1946204617F801AFE2D069
:103960001A460133EDE7924FD4F8003107F10D0804
:103970004FF0000916E0D4F80831D4F80C2184F88F
:10398000FF909847D4F824310133C4F82431002241
:103990000123B845C4F8003104F802A084F804A15A
:1039A00000F00887FF2B1946204617F801ABE2D03C
:1039B0001A460133EDE77F4FD4F8003107F11808BC
:1039C0004FF0000916E0D4F80831D4F80C2184F83F
:1039D000FF909847D4F824310133C4F824310022F1
:1039E0000123B845C4F8003104F802A084F804A10A
:1039F00000F09986FF2B1946204617F801AFE2D058
:103A00001A460133EDE76C4FD4F8003107F108088E
:103A10004FF0000916E0D4F80831D4F80C2184F8EE
:103A2000FF909847D4F824310133C4F824310022A0
:103A30000123B845C4F8003104F802A084F804A1B9
:103A400000F0A686FF2B1946204617F801AFE2D0FA
:103A50001A460133EDE7594FD4F8003107F10B084E
:103A60004FF0000916E0D4F80831D4F80C2184F89E
:103A7000FF909847D4F824310133C4F82431002250
:103A80000123B845C4F8003104F802A084F804A169
:103A900000F0CC85FF2B1946204617F801ABE2D089
:103AA0001A460133EDE7D4F80071FF2F12D14FF021
:103AB00000083946D4F8083184F8FF80D4F80C2186
:103AC00020469847D4F82431C4F800810133474692
:103AD000C4F824317E237A1CC4F80021E35584F80D
:103AE00004313146EA682046FFF784F805996A6890
:103AF000FFF773B93146EA682046FFF77BF805996E
:103B00006A68FFF76AB9D5F80880D4F80031B8F1CF
:103B1000000F00F08B872A4E4FF0000906F1060ACD
:103B200015E0D4F80831D4F80C2184F8FF909847B8
:103B3000D4F824310133C4F8243100220123B245E2
:103B4000C4F80031A75484F8047100F08F86FF2B6D
:103B50001946204616F8017BE3D01A460133EEE7FA
:103B6000D4F81C31002B40F0D18605F10801204625
:103B7000FCF74AFE0246002801F0718203782F2BE1
:103B800001F06282D4F810713B68C4F810313146FC
:103B90002046FFF72FF8C4F8107105996A68FFF7FF
:103BA0001CB900BF1B90040807900408F38F040899
:103BB000E48F0408BF8F0408B38F0408A88F04089B
:103BC0008891040800237107D4F81491D4F8448133
:103BD000C4F81431C4F84451AF6805D53B781BB91B
:103BE000FA68062A01F033843A4631462046FFF748
:103BF00001F894F804313C2B01F00682D4F80071EE
:103C0000FF2F12D14FF0000A3946D4F8083184F85A
:103C1000FFA0D4F80C2120469847D4F82431C4F8EA
:103C200000A101335746C4F824313C237A1CC4F860
:103C30000021E35584F804313146EA682046FEF756
:103C4000D9FF94F804313E2B01F06F80D4F8007155
:103C5000FF2F11D100263946D4F8083184F8FF60CF
:103C6000D4F80C2120469847D4F82431C4F80061D8
:103C700001333746C4F824313E237A1CC4F80021AE
:103C8000E35584F80431C4F81491C4F844810599CB
:103C90006A68FFF7A2B8DA4FD4F8003107F11108CB
:103CA0004FF0000916E0D4F80831D4F80C2184F85C
:103CB000FF909847D4F824310133C4F8243100220E
:103CC0000123B845C4F8003104F802A084F804A127
:103CD00000F0EB84FF2B1946204617F801AFE2D025
:103CE0001A460133EDE7C74FD4F8003107F1150844
:103CF0004FF0000916E0D4F80831D4F80C2184F80C
:103D0000FF909847D4F824310133C4F824310022BD
:103D10000123B845C4F8003104F802A084F804A1D6
:103D200000F0CC84FF2B1946204617F801AFE2D0F3
:103D30001A460133EDE7B44FD4F8003107F1190802
:103D40004FF0000916E0D4F80831D4F80C2184F8BB
:103D5000FF909847D4F824310133C4F8243100226D
:103D60000123B845C4F8003104F802A084F804A186
:103D700000F08984FF2B1946204617F801AFE2D0E6
:103D80001A460133EDE7A14FD4F8003107F11608C8
:103D90004FF0000916E0D4F80831D4F80C2184F86B
:103DA000FF909847D4F824310133C4F8243100221D
:103DB0000123B845C4F8003104F802A084F804A136
:103DC00000F06A84FF2B1946204617F801AFE2D0B5
:103DD0001A460133EDE78E4FD4F8003107F113088E
:103DE0004FF0000916E0D4F80831D4F80C2184F81B
:103DF000FF909847D4F824310133C4F824310022CD
:103E00000123B845C4F8003104F802A084F804A1E5
:103E100000F02784FF2B1946204617F801AFE2D0A7
:103E20001A460133EDE77B4FD4F8003107F10F0854
:103E30004FF0000916E0D4F80831D4F80C2184F8CA
:103E4000FF909847D4F824310133C4F8243100227C
:103E50000123B845C4F8003104F802A084F804A195
:103E600000F00884FF2B1946204617F801AFE2D076
:103E70001A460133EDE7684FD4F8003107F11A080C
:103E80004FF0000916E0D4F80831D4F80C2184F87A
:103E9000FF909847D4F824310133C4F8243100222C
:103EA0000123B845C4F8003104F802A084F804A145
:103EB00000F0C583FF2B1946204617F801AFE2D06A
:103EC0001A460133EDE7554FD4F8003107F11108D8
:103ED0004FF0000916E0D4F80831D4F80C2184F82A
:103EE000FF909847D4F824310133C4F824310022DC
:103EF0000123B845C4F8003104F802A084F804A1F5
:103F000000F0A683FF2B1946204617F801AFE2D038
:103F10001A460133EDE7D4F81C71D5F80890002F4C
:103F200040F0AE8599F80020052A01F0808199F8CB
:103F30000030232B00F0A0852A789A4200F09C855F
:103F4000242B01F06281D4F814C1A94618ABD4F82F
:103F5000102143F840CD0021CDE90A12CDF824907C
:103F6000C4F81431D9F8082010E0002218ABD4F8B6
:103F7000141143F8401DD4F8101109950020C4F81D
:103F80001431CDE90A01A946002AEBD0314620467A
:103F9000FEF730FE0A9B23B94A463146204601F01F
:103FA000BFFC089BC4F814310FB1C4F81081059907
:103FB0006A68FEF712BFD4F814C16346BCF1000F63
:103FC000C3D0996851B95A681278A2F1190EBEF19E
:103FD000020F01F2FC80904201F0F0801B68002B80
:103FE000EFD1B2E7D5E90267002F3EF4F6AE3744D1
:103FF000D4F80031013F013E4FF0000827E000BF38
:10400000BF900408A79004088B90040873900408DC
:104010005F9004084F900408339004081F90040830
:10402000D4F80831D4F80C2184F8FF809847D4F8EC
:1040300024310133C4F8243100220123B742C4F8EB
:10404000003104F8029084F8049100F0CE83FF2B35
:104050001946204616F8019FE2D01A460133EDE7D3
:104060003146AA682046FEF7C5FD05996A68FEF745
:10407000B4BE16F00406A86840F00585D0E90073C8
:10408000002B3EF4AAAE07EB030808F1FF38D4F882
:104090000031013FB14615E0D4F80831D4F80C21C5
:1040A00084F8FF909847D4F824310133C4F82431C0
:1040B00000220123B845C4F80031A65484F80461F5
:1040C00000F04585FF2B1946204617F8016FE3D015
:1040D0001A460133EEE7D5F80880D4F8143102937C
:1040E0000022C4F81421B8F1000F25D0D4F8103103
:1040F00001930DF12009234617464446924649464E
:10410000AB4698462578019B0A602846C1E9014ADA
:10411000CB6001370A46FCF77FF9002800F0C8871A
:10412000A468002C01F05780042F01F11001E9D19F
:1041300044465D46C8F814210123C4F81831059996
:104140006A68FEF74ABE16F00406AF6840F00584C0
:10415000EB68002B3EF441AE07EB030808F1FF3893
:10416000D4F80031013FB14615E0D4F80831D4F855
:104170000C2184F8FF909847D4F824310133C4F817
:10418000243100220123B845C4F80031A65484F834
:10419000046100F0E084FF2B1946204617F8016FF8
:1041A000E3D01A460133EEE7AA6831462046FEF70F
:1041B00021FD16F0040900F08186D4F80071FF2F6C
:1041C00012D14FF000083946D4F8083184F8FF8046
:1041D000D4F80C2120469847D4F82431C4F8008143
:1041E00001334746C4F824312E237A1CC4F8002139
:1041F000E35584F80431EF683B78462B00F03A87AA
:104200003A4631462046FEF7F5FC05996A68FEF706
:10421000E4BD0123C4F818316A68FEF7DEBD01373A
:104220004F457EF42BAE039D05996A68FEF7D5BD18
:104230003146AA682046FEF7DDFC05996A68FEF75C
:10424000CCBD3146AA682046FEF7D4FCD4F80071F4
:10425000FF2F11D100263946D4F8083184F8FF60C9
:10426000D4F80C2120469847D4F82431C4F80061D2
:1042700001333746C4F824317A1C2923C4F80021BD
:10428000E35584F804316A680599FEF7A6BDD4F8B1
:104290001C31AA68D34F01333146C4F81C31204683
:1042A000FEF7A8FCD4F81C21D4F80031013AC4F878
:1042B0001C21BE1C4FF0000815E0D4F80831D4F8DA
:1042C0000C2184F8FF809847D4F824310133C4F8D6
:1042D000243100220123B742C4F8003104F80290CF
:1042E00084F8049111D0FF2B1946204617F8019B42
:1042F000E3D01A460133EEE73146AA682046FEF7BE
:1043000079FC05996A68FEF768BDEA68B64901322A
:1043100008A839F00DFF08A804F0F2FC28B308AE95
:10432000D4F8003137184FF0000815E0D4F8083100
:10433000D4F80C2184F8FF809847D4F82431013355
:10434000C4F8243100220123BE42C4F8003104F82D
:10435000029084F804910AD0FF2B1946204616F8E3
:10436000019BE3D01A460133EEE7D4F80031FF2B6E
:1043700010D10026194684F8FF60D4F80831D4F82B
:104380000C2120469847D4F82431C4F80061013349
:10439000C4F82431D4F800210599501C7D23C4F8B9
:1043A0000001A35484F804316A68FEF716BD314653
:1043B000AA682046FEF71EFC05996A68FEF70DBD47
:1043C000AA688949013208A839F0B2FE08A804F0A9
:1043D00097FC002871D008AED4F8003137184FF0A0
:1043E000000815E0D4F80831D4F80C2184F8FF80D7
:1043F0009847D4F824310133C4F824310022012332
:10440000B742C4F8003104F8029084F8049156D001
:10441000FF2B1946204616F8019BE3D01A460133BC
:10442000EEE73146EA682046FEF7E4FBD4F8007177
:10443000FF2F11D100263946D4F8083184F8FF60E7
:10444000D4F80C2120469847D4F82431C4F80061F0
:1044500001333746C4F824317A1C5D23C4F80021A7
:10446000E35584F804316A680599FEF7B6BC314615
:10447000EA682046FEF7BEFBD4F80071FF2F11D189
:1044800000263946D4F8083184F8FF60D4F80C21AE
:1044900020469847D4F82431C4F8006101333746E8
:1044A000C4F824317A1C5D23C4F80021E35584F854
:1044B00004316A680599FEF790BCD4F80031FF2BEF
:1044C00010D10026194684F8FF60D4F80831D4F8DA
:1044D0000C2120469847D4F82431C4F800610133F8
:1044E000C4F82431D4F800210599501C7D23C4F868
:1044F0000001A35484F804316A68FEF76EBC3146AB
:10450000AA682046FEF776FB05996A68FEF765BC47
:1045100005996A68FEF761BC3146AA682046FEF735
:1045200069FB05996A68FEF758BC3146EA6820467F
:10453000FEF760FB05996A68FEF74FBCD4F844218A
:104540003AB118ABD4F8101143F8401D0992C4F8E1
:104550001031AA681378042B00F0D6843146204627
:10456000FEF748FBD4F8443113B1089BC4F810316E
:1045700005996A68FEF731BCDAF804603278613A6E
:10458000192A1DD8FF2B10D10026194684F8FF6088
:10459000D4F80831D4F80C2120469847D4F82431B7
:1045A000C4F800610133C4F82431D4F80021202379
:1045B000511CC4F80011A35484F80431DAF80460E3
:1045C000F31913F8013C202B08BF07F1FF37002F28
:1045D00000F0FB86013ED4F8003137444FF000086C
:1045E0001BE000BFDC9104082C8F0408D4F80831CC
:1045F000D4F80C2184F8FF809847D4F82431013393
:10460000C4F8243100220123BE42C4F8003104F86A
:10461000029084F8049100F0EC80FF2B19462046AC
:1046200016F8019FE2D01A460133EDE73146AA6839
:104630002046FEF7DFFA05996A68FEF7CEBB3146E1
:10464000AA682046FEF7D6FA05996A68FEF7C5BB48
:104650003146AA682046FEF7CDFA05996A68FEF74A
:10466000BCBB3146AA682046FEF7C4FA05996A68C1
:10467000FEF7B3BB3146AA682046FEF7BBFA0599A0
:104680006A68FEF7AABB3146AA682046FEF7B2FA6E
:1046900005996A68FEF7A1BB3146AA682046FEF775
:1046A000A9FA05996A68FEF798BB3146AA682046C0
:1046B000FEF7A0FA05996A68FEF78FBBCF4FEA684C
:1046C00031462046FEF796FA07F10508D4F8003186
:1046D0004FF0000915E0D4F80831D4F80C2184F823
:1046E000FF909847D4F824310133C4F824310022D4
:1046F00001234745C4F8003104F802A084F804A15E
:1047000008D0FF2B1946204617F801ABE3D01A4614
:104710000133EEE73146AA682046FEF76BFA0599A9
:104720006A68FEF75ABBB64FAA6831462046FEF7C4
:1047300061FA07F10408D4F800314FF0000915E0E0
:10474000D4F80831D4F80C2184F8FF909847D4F8B5
:1047500024310133C4F8243100220123B845C4F8C0
:10476000003104F802A084F804A108D0FF2B1946F8
:10477000204617F801ABE3D01A460133EEE7314685
:10478000EA682046FEF736FA05996A68FEF725BB07
:104790003146AA682046FEF72DFA05996A68FEF7A9
:1047A0001CBB3146AA682046FEF724FA05996A68C0
:1047B000FEF713BB3146AA682046FEF71BFA05999F
:1047C0006A68FEF70ABB3146AA682046FEF712FA6D
:1047D00005996A68FEF701BB3146AA682046FEF7D4
:1047E00009FA05996A68FEF7F8BA05996A68FEF74A
:1047F000F4BA05996A68FEF7F0BA3146EA6801939F
:104800002046D4F82461FEF7F5F9D4F82421019B61
:10481000964200F0418405996A68FEF7DEBA794E47
:10482000904606F1060914E0D4F80831D4F80C21BA
:1048300084F8FF809847D4F824310133C4F8243138
:1048400000220123B145C4F80031A75484F8047153
:1048500008D0FF2B1946204616F8017BE4D01A46F3
:104860000133EFE705996A68FEF7B7BA424608A830
:10487000654939F05DFC08A804F042FA28B308AE97
:10488000D4F8003106EB00094FF0000814E0D4F82A
:104890000831D4F80C2184F8FF809847D4F82431EB
:1048A0000133C4F8243100220123B145C4F800319A
:1048B000A75484F8047108D0FF2B1946204616F837
:1048C000017BE4D01A460133EFE7D4F80071FF2FE3
:1048D00011D100263946D4F8083184F8FF60D4F8A5
:1048E0000C2120469847D4F82431C4F800610133E4
:1048F0003746C4F824317A1C7D23C4F80021E355DF
:1049000084F804316A680599FEF767BA3F4ED4F817
:10491000003106F105094FF0000815E0D4F8083120
:10492000D4F80C2184F8FF809847D4F8243101335F
:10493000C4F8243100220123B145C4F80031A75442
:1049400084F8047100F0CF80FF2B1946204616F83A
:10495000017BE3D01A460133EEE7EE683E44BE42E7
:104960007EF63BAA4FF0000818E0D4F8083184F82E
:10497000FF80D4F80C2120469847D4F82431013325
:10498000C4F8243100210123C4F8003104F8019057
:1049900084F804910137BE4240F2E180F31B032BFF
:1049A00097F8009002DDB9F15F0F05D0D4F800113F
:1049B000FF29DAD04B1CE7E77B785F2BF6D1BB7879
:1049C000552BF3D1F91C002002E0134603EB001035
:1049D0008E428A46EAD911F8013BA3F130025FFA10
:1049E00082FEBEF1090FA3F1410CEED9BCF1050F17
:1049F000A3F1610200F2C785373BE7E7A090040806
:104A0000DC8F0408009104082C8F0408A08F040890
:104A100005996A68FEF7E1B9AA6801921946002B68
:104A20007EF426AA05996A68FEF7D7B9CE4E06F13C
:104A3000040914E0D4F80831D4F80C2184F8FF807C
:104A40009847D4F824310133C4F8243100220123DB
:104A5000B145C4F80031A75484F8047108D0FF2B85
:104A60001946204616F8017BE4D01A460133EFE7D9
:104A700005996A68FEF7B1B9D4F814C1FFF766BAB0
:104A80000027FFF754BAD0E90267002F3EF4A5A92A
:104A90003744D4F80031013F013E4FF0000915E0E2
:104AA000D4F80831D4F80C2184F8FF909847D4F852
:104AB00024310133C4F8243100220123B742C4F861
:104AC000003104F8028084F8048108D0FF2B1946D5
:104AD000204616F8018FE3D01A460133EEE7059918
:104AE0006A68FEF77AB9AA68A049013208A839F0C5
:104AF0001FFB08A804F004F928B308AED4F800316D
:104B000006EB00094FF0000814E0D4F80831D4F89F
:104B10000C2184F8FF809847D4F824310133C4F87D
:104B2000243100220123B145C4F80031A75484F890
:104B3000047108D0FF2B1946204616F8017BE4D0FB
:104B40001A460133EFE705996A68FEF746B90599F9
:104B50006A68FEF742B905996A68FEF73EB9059999
:104B60006A68FEF73AB9DB681B783B2B7EF4F6AB3C
:104B700005F10C03AA683146204601F095FD8046F8
:104B8000002840F0A086D5E90272B968D3680868A9
:104B90007749D2F808B0D3E902A903F035FF00281D
:104BA00000F07486042273492046FBF7FFFBDBF814
:104BB000083003B35A463146204601F023FDD4F8AD
:104BC0000071FF2F10D13946D4F8083184F8FF80E6
:104BD000D4F80C2120469847D4F82431C4F8008139
:104BE00001334746C4F8243120237A1CC4F800213D
:104BF000E35584F80431524631462046FDF7FAFF6A
:104C0000B9F1000F00F063864A463146204601F0B4
:104C1000F9FC05996A68FEF7E0B8D9F808305649FA
:104C2000D3F800A0504603F0EFFE98F8003010B91A
:104C3000032B00F02B85382B00F00C854F49504694
:104C400003F0E2FE0746002800F013854C49504669
:104C500003F0DAFE002800F03383314620464A464E
:104C600001F090FC4749504603F0CEFE002800F0CA
:104C7000B0835046444903F0C7FE814600287EF4C5
:104C8000D7ABD4F80071FF2F10D184F8FF0039465C
:104C9000D4F80831D4F80C2120469847D4F82431B0
:104CA000C4F8009101334F46C4F82431781C2823FE
:104CB000C4F800014246E3553146204684F80431E9
:104CC000FDF798FFD4F80071FF2F11D10026394667
:104CD000D4F8083184F8FF60D4F80C2120469847B6
:104CE000D4F82431C4F8006101333746C4F82431C4
:104CF0007A1C2923C4F80021E35584F804316A683A
:104D00000599FEF76AB805F10C024146204601F00C
:104D100035F9AA68002A00F0FD8341462046FDF7D8
:104D200069FF05996A68FEF758B8D4F80071FF2F3B
:104D300011D100263946D4F8083184F8FF60D4F840
:104D40000C2120469847D4F82431C4F8006101337F
:104D50003746C4F8243120237A1CC4F80021E355D7
:104D600084F80431FEF772BF809104082C8F040888
:104D7000408F04083C9104082491040828910408F9
:104D8000308F04082C9104084C9404089B6893F815
:104D90001080B8F1000F3EF489AAB8F1060F40F276
:104DA0003F84B8F1070F7EF481AAEB681A78002AD5
:104DB0007EF47CAADA68012A7EF478AA3C287EF484
:104DC00075AA9B681B78302B00F0B684312B7EF4DB
:104DD0006DAA0422C3492046FBF7E8FA05996A68E0
:104DE000FDF7FBBFD4F80071FF2F12D14FF0000880
:104DF0003946D4F8083184F8FF80D4F80C212046D5
:104E00009847D4F82431C4F8008101334746C4F8E8
:104E100024317A1C5B23C4F80021E35584F8043163
:104E20003146EA682046FDF7E5FED4F80071FF2F11
:104E300011D100263946D4F8083184F8FF60D4F83F
:104E40000C2120469847D4F82431C4F8006101337E
:104E50003746C4F824317A1C5D23C4F80021E35599
:104E600084F804316A680599FDF7B7BF591C2922F7
:104E7000C4F80011E25484F804212B783D2B7EF411
:104E800057AAFF290FD10027D4F8083184F8FF7002
:104E9000D4F80C2120469847D4F82431C4F8007186
:104EA0000133C4F82431D4F800212D23511CC4F857
:104EB0000011A35484F80431FEF73ABA8A4FD4F8AB
:104EC000003107F1020A16E0D4F80831D4F80C21B9
:104ED00084F8FF909847D4F824310133C4F8243182
:104EE00000220123BA45C4F8003104F8028084F896
:104EF00004813FF480A9FF2B1946204617F8018B47
:104F0000E2D01A460133EDE7926831462046FDF7BC
:104F100071FED4F8443113B1089BC4F8103194F8F1
:104F200004313C2B00F0C482D4F80071FF2F12D161
:104F30004FF000083946D4F8083184F8FF80D4F8DF
:104F40000C2120469847D4F82431C4F8008101335D
:104F50004746C4F824313C237A1CC4F80021E355A9
:104F600084F80431AB683146DA682046FDF742FE2A
:104F700094F804313E2B00F07D82D4F80071FF2FAD
:104F800011D100263946D4F8083184F8FF60D4F8EE
:104F90000C2120469847D4F82431C4F8006101332D
:104FA0003746C4F824313E237A1CC4F80021E35567
:104FB00084F80431FFF7DCBA4C4FD4F8003107F124
:104FC00005094FF0000A16E0D4F80831D4F80C2196
:104FD00084F8FFA09847D4F824310133C4F8243171
:104FE00000220123B945C4F8003104F8028084F896
:104FF00004813EF441ABFF2B1946204617F8018B84
:10500000E2D01A460133EDE7D4F80071FF2F12D138
:105010004FF0000A3946D4F8083184F8FFA0D4F8DC
:105020000C2120469847D4F82431C4F800A101335C
:105030005746C4F8243120237A1CC4F80021E355D4
:1050400084F80431FEF7DABDD4F820110029FEF609
:1050500099ADFBF7C3FB024600287EF493AD012314
:10506000C4F818316A680599FDF7B7BE05996A68F2
:10507000FDF7B3BE0D221E492046FBF797F9F968EC
:1050800020460131FBF784FC03221A492046FBF736
:105090008DF9BF68FFF7B4B8D4F8000105996A68C4
:1050A000B8427DF49AAE013BC4F80031FDF795BEDD
:1050B00042465B46AB46BBF1040FA0461D46144674
:1050C000C2F8141100F0A382BBF1020F37D1D8F857
:1050D0000CA09AF80030462B00F0278309EB07124A
:1050E0000C3A20E0589104087C8F0408F0900408E2
:1050F000808F0408908F0408042F3FF41DA89BE8BC
:105100000F008CE80F0000234EF80C3C4EF810AC5A
:10511000019BDAF808A0C4F814C101374EF804BCAA
:105120004EF8083C72469AF80000FBF775F9A2F1B8
:10513000040B02F1100E02F10C0C0028DCD1EA681D
:1051400031462046FDF756FD98F80030042B04BF89
:10515000069BC4F810313F014FF0200AA84609EB26
:10516000070B5BF8085C0DBBD4F80031FF2B204621
:1051700019460ED1D4F80831D4F80C2184F8FF5028
:105180009847D4F82431C4F800515A1CC4F824219B
:105190002B46591CC4F800115BF80C2C04F803A032
:1051A0003146204684F804A100F0BAFB103FD6D166
:1051B000029BC4F814314546FEF7C1BF3146AA68C8
:1051C0002046FDF717FD05996A68FDF706BE0F46F4
:1051D000A946FEF7BBBE44465D46C8F81411FEF76B
:1051E000ABBFEA6831462046FDF704FD0A9B019AF1
:1051F000C4F81421002B3EF419ABFEF71FBB0123AA
:105200006446CCF81831FEF719BBD9F80820FEF730
:10521000ADBE3146AA68204601F0F4F90322BF4929
:105220002046FBF7C3F805996A68FDF7D6BDD4F8A8
:1052300030E1D4F82C21BEF1000F17DD1068814554
:1052400000F0A78102F1080BBC460191704604E012
:1052500052F83C10894500F09D810CF1010C60452D
:10526000DA460BF1080BF3D101998646D4F83431B4
:105270009E4580F244830EF1010302EBCE0CC4F88C
:105280003031D4F8100142F83E900CF1040C0028A3
:1052900000F05B82D4F83C21D4F840319A4202F10C
:1052A000010E80F22C83D4F83831C4F83CE103EBD2
:1052B000C20342685A60CCF8003000689C46E6E7BA
:1052C0000646474601E0FF681FB33B782F2B20D1ED
:1052D000BB68F3B11A784A2A18BF0136F3D199682E
:1052E0002046FBF7A1FA002800F0EF8103782F2B6E
:1052F00040F0EB81836853B1002304E002782F2A49
:1053000005D182681AB1C06801330028F6D11E4465
:10531000D9E731462046FBF73BFB05996A68FDF764
:105320005CBD3146204601F02DF9D4F80071FF2F05
:1053300012D14FF000083946D4F8083184F8FF80C4
:10534000D4F80C2120469847D4F82431C4F80081C1
:1053500001334746C4F824317A1C3C23C4F80021A9
:10536000E35584F80431EB6831469A682046FDF72E
:1053700041FC02226A492046FBF718F8EB683146E7
:10538000DA682046FDF736FCD4F80071FF2F11D102
:1053900000263946D4F8083184F8FF60D4F80C218F
:1053A00020469847D4F82431C4F8006101333746C9
:1053B000C4F824317A1C2923C4F80021E35584F869
:1053C00004316A680599FDF708BD05996A68FDF71B
:1053D00004BD424631462046FDF70CFC05996A683B
:1053E000FDF7FBBC18A9204641F8403DD4F8103128
:1053F000C4F8141141460A960B930995FDF7FAFB80
:105400000A9E089BC4F81431EEB9D4F80071FF2F3E
:1054100010D13946D4F8083184F8FF60D4F80C2153
:1054200020469847D4F82431C4F800610133374648
:10543000C4F8243120237A1CC4F80021E35584F8F1
:105440000431FEF70CBA05996A68FDF7C6BC354908
:10545000B86838F08FFE00287EF4C6AB3146EA68A3
:105460002046FDF7C7FB02222F492046FAF79EFF90
:10547000FEF709BCD4F80071FF2F11D10026394680
:10548000D4F8083184F8FF60D4F80C2120469847FE
:10549000D4F82431C4F8006101333746C4F824310C
:1054A00020237A1CC4F80021E35584F8043164E514
:1054B000D4F80071FF2F12D14FF000083946D4F80C
:1054C000083184F8FF80D4F80C2120469847D4F89E
:1054D0002431C4F8008101334746C4F82431202325
:1054E0007A1CC4F80021E35584F804311CE54046D9
:1054F0000E4903F089FA002840F0FB81EB68314641
:10550000DA68204601F07EF8FDF760BC05996A680C
:10551000FDF763BC05996A68FDF75FBC7C910408E0
:1055200030910408948F04089C8F0408348F040879
:105530009B689A68012A7DF44EAC5B681B783E2B11
:105540007DF449ACD4F80071FF2F11D10026394603
:10555000D4F8083184F8FF60D4F80C21204698472D
:10556000D4F82431C4F8006101333746C4F824313B
:105570007A1C2923C4F80021E35584F804316A68B1
:105580000599FDF72ABC052A00F2A980573BFFF7D1
:105590001DBA92461A4601E0526842B31168894525
:1055A00003D08D42F8D19A42F6D009F10801204685
:1055B000FBF72AF9814698B199F800302F2B7EF439
:1055C000B6ACD4F820110029FEF6B6AC4846FBF77D
:1055D00005F9814600287EF4AAAC0FB1C4F8108109
:1055E0000123C4F818316A680599FDF7F6BBDAF8AB
:1055F0000430D4F81081C4F8103109F108012046B4
:10560000FBF702F9012781460028D5D1E6E718AB60
:10561000019A43F8482DCDF81C80C4F810318EE56E
:10562000EB6893F80090B9F1000F7DF43FAE3D2890
:1056300000F0E6803146EA682046A8F10208FDF74E
:10564000D9FAB8F1040F00F2D780DFE808F0B4937C
:105650008A813500D8F808203146204600F0D2FF74
:105660004A463146204600F08DFF05996A68FDF7ED
:10567000B4BB41462046FBF7D7F8A8B103782F2BDF
:1056800012D1836883B1C0680137F6E7D8F80830D3
:105690001A78012A7FF4D2AAD8F80C201278292A85
:1056A00008BF9846FFF7CABA39462046FBF770F99B
:1056B00005996A68FDF791BB032294492046FAF7E1
:1056C00075FE05996A68FDF788BB00231E44FAE55C
:1056D0004A463146204600F055FFFDF7A9BE5F2B34
:1056E000D4F800117FF464A9FF283FF661A9FF29CF
:1056F0005FFA80F90FD1D4F8083184F8FF80D4F82C
:105700000C2120469847D4F82431C4F80081013395
:10571000C4F8243100214B1CC4F80031574604F86A
:10572000019084F80491FFF735B9DAF808A0BAF1CE
:10573000000F3EF401ADD1E4052275492046FAF789
:1057400035FE05996A68FDF748BBCCF800002CE7E8
:10575000022270492046FAF729FE05996A68FDF78A
:105760003CBB02226C492046FAF720FE05996A6884
:10577000FDF733BBD4F80071FF2F11D10026394655
:10578000D4F8083184F8FF60D4F80C2120469847FB
:10579000D4F82431C4F8006101333746C4F8243109
:1057A0007A1C6C23C4F80021E35584F804316A683C
:1057B0000599FDF712BBD4F80071FF2F11D1002617
:1057C0003946D4F8083184F8FF60D4F80C2120461B
:1057D0009847D4F82431C4F8006101333746C4F83F
:1057E00024317A1C7523C4F80021E35584F8043170
:1057F0006A680599FDF7F1BA05996A68FDF7EDBA8F
:10580000D4F80071FF2F10D13946D4F8083184F84C
:10581000FF90D4F80C2120469847D4F82431C4F8DE
:10582000009101334F46C4F824312D237A1CC4F86B
:105830000021E35584F80431FCE69A689168012957
:105840007DF469AA526812783E2A7DF464AAD4F8DD
:105850000071FF2F10D184F8FF003946D4F80831C9
:10586000D4F80C2120469847D4F82431C4F800819C
:1058700001334746C4F8243128237A1CC4F8002198
:10588000E35584F80431AB68FDF745BA5A46314612
:10589000204600F0B7FE3A463146204600F072FE40
:1058A00052463146204600F0ADFE03221B492046F9
:1058B000FAF77CFD4A463146204600F0A3FE0599E2
:1058C0006A68FDF78ABA05996A68FDF786BA05998C
:1058D0006A68FDF782BAD3681B78292B1CBF0123A5
:1058E000C4F8183192683146204600F08BFEFDF76F
:1058F00022BA3A463146204600F044FEFEE5012336
:10590000C4F818316A68FDF768BA00BF4C91040802
:1059100050910408489104084491040838910408FF
:105920001378033B2DE9F047154604460E464C2BF1
:1059300000F2C882DFE813F07500C602C602C60294
:10594000C602C602C602C602C602C602C602C60217
:10595000C602C602C602C602C602C602C602C60207
:10596000C602C6027A00A100C8007A00A100C800E1
:10597000EE000A01260148016601790252029F02E7
:10598000C602C602C602C6028401C602CC01C60215
:10599000C602C602C602C602C602C602C602C602C7
:1059A000C602C602C602C602C602C602C602C602B7
:1059B000C602C602C602C602C602C602C602C602A7
:1059C000C602C602C602C602C602F401C6022A0206
:1059D0004D00D74FD0F8003107F106084FF000090D
:1059E00016E0D4F80831D4F80C2184F8FF909847D9
:1059F000D4F824310133C4F824310022012347456F
:105A0000C4F8003104F802A084F804A100F05F8219
:105A1000FF2B1946204617F801ABE2D01A46013396
:105A2000EDE7AA68BDE8F047FDF7E4B8C14DD0F84E
:105A3000003105F10906002716E0D4F80831D4F842
:105A40000C2184F8FF709847D4F824310133C4F84E
:105A5000243100220123AE42C4F8003104F8028050
:105A600084F8048100F0EA80FF2B1946204615F8DF
:105A7000018FE2D01A460133EDE7AF4DD0F8003187
:105A800005F10906002716E0D4F80831D4F80C21F6
:105A900084F8FF709847D4F824310133C4F82431D6
:105AA00000220123AE42C4F8003104F8028084F8D9
:105AB000048100F0C380FF2B1946204615F8018FA2
:105AC000E2D01A460133EDE79C4DD0F80031AE1D0F
:105AD000002716E0D4F80831D4F80C2184F8FF70C0
:105AE0009847D4F824310133C4F82431002201232B
:105AF000B542C4F8003104F8028084F8048100F053
:105B00009D80FF2B1946204615F8018BE2D01A46DE
:105B10000133EDE7D0F80011FF290FD10025D0F8AF
:105B2000083180F8FF50D0F80C219847D4F8243180
:105B3000C4F8005101332946C4F8243120224B1CFB
:105B4000C4F80031625484F804215DE0D0F80011FB
:105B5000FF290FD10025D0F8083180F8FF50D0F888
:105B60000C219847D4F82431C4F800510133294658
:105B7000C4F8243120224B1CC4F80031625484F84C
:105B8000042154E1D0F80011FF290FD10027D0F8EB
:105B9000083180F8FF70D0F80C219847D4F82431F0
:105BA000C4F8007101333946C4F824314A1C20235B
:105BB000C4F80021635484F804313146EA68204671
:105BC000BDE8F047FDF716B811F0040636D1D0F85D
:105BD0000011FF290ED1D0F8083180F8FF60D0F80D
:105BE0000C219847D4F82431C4F8006101333146C0
:105BF000C4F824312A234A1CC4F80021635484F8D1
:105C000004311BE0D0F80031FF2B40F0A9810025C2
:105C10001946D4F80C21D4F8083184F8FF502046F6
:105C20009847D4F824315A1CC4F824212B4601216A
:105C30002622C4F80011E25484F80421BDE8F0875C
:105C400090F80431282B19D0D0F80011FF2940F02A
:105C50008B810027D0F80831D0F80C2180F8FF7034
:105C60009847D4F8243101333946C4F8243101224D
:105C70002023C4F80021635484F80431AA68304D0D
:105C800031462046FCF7B6FFEE1CD4F80031002761
:105C900015E0D4F80831D4F80C2184F8FF70984747
:105CA000D4F824310133C4F8243100220123AE4258
:105CB000C4F8003104F8028084F80481BED0FF2BC0
:105CC0001946204615F8018BE3D01A460133EEE75A
:105CD0001C4FD0F8003107F10A084FF0000916E018
:105CE000D4F80831D4F80C2184F8FF909847D4F800
:105CF00024310133C4F8243100220123B845C4F80B
:105D0000003104F802A084F804A100F01E81FF2BEA
:105D10001946204617F801ABE2D01A460133EDE7E9
:105D2000094DD0F8003105F11106002725E000BF2C
:105D30003C920408FB91040807920408149204089A
:105D400060920408649204081B920408D4F8083195
:105D5000D4F80C2184F8FF709847D4F8243101332B
:105D6000C4F8243100220123AE42C4F8003104F803
:105D7000028084F804813FF461AFFF2B194620466E
:105D800015F8018FE2D01A460133EDE7774FD0F8CE
:105D9000003107F109084FF0000916E0D4F8083186
:105DA000D4F80C2184F8FF909847D4F824310133BB
:105DB000C4F82431002201234745C4F8003104F817
:105DC00002A084F804A100F08280FF2B194620462F
:105DD00017F801AFE2D01A460133EDE7644DD0F871
:105DE000003105F10806002716E0D4F80831D4F890
:105DF0000C2184F8FF709847D4F824310133C4F89B
:105E0000243100220123AE42C4F8003104F802809C
:105E100084F804813FF412AFFF2B1946204615F891
:105E2000018FE2D01A460133EDE7D0F80031514D31
:105E30000027AE1C16E0D4F80831D4F80C2184F801
:105E4000FF709847D4F824310133C4F8243100227C
:105E50000123B542C4F8003104F8028084F80481BB
:105E60003FF4ECAEFF2B1946204615F8018BE2D02B
:105E70001A460133EDE7404DD0F8003105F10A062E
:105E8000002716E0D4F80831D4F80C2184F8FF700C
:105E90009847D4F824310133C4F824310022012377
:105EA000B542C4F8003104F8028084F804813FF45C
:105EB000C5AEFF2B1946204615F8018BE2D01A46D5
:105EC0000133EDE72A46BDE8F047FCF793BEEA68E8
:105ED000002A3FF4B3AEFF2B44D100271946D4F873
:105EE0000C21D4F8083184F8FF7020469847D4F884
:105EF0002431EA68591CC4F824113B4601212825A5
:105F0000C4F8001120463146E55484F80451FCF7EA
:105F100071FED4F80011FF2920D10025D4F80831F2
:105F2000D4F80C2184F8FF5020469847D4F8243147
:105F300001332946C4F8243101222923C4F8002161
:105F4000635484F80431BDE8F0873146AA682046DE
:105F5000FCF750FED4F80011FF29DED04A1CECE714
:105F6000591C65E6591CCAE74A1C81E62F920408B1
:105F70004792040844920408549204082DE9F84317
:105F800004460E4617461D46D3B19B68C3B92A4640
:105F90000120DFF8C8C101E093688BB953681B7812
:105FA000193BDBB2122B00FA03F106D811EA0C0FF1
:105FB00040F0C78011F4606F54D11268002AEBD111
:105FC0000023D4F81481C4F8143131462A462046FF
:105FD00000F0C6F8D4F80011FF2940F0A480002397
:105FE00084F8FF30D4F80C21D4F8083120469847C3
:105FF0002823237084F80431D4F824313A68591CDA
:106000000123C4F82411C4F80031002A00F097805D
:1060100031462046FCF7EEFDD4F80031FF2B40F06E
:106020008E8000271946D4F80C21D4F8083184F862
:10603000FF7020469847D4F824315A1CC4F8242114
:106040003B4601222920C4F800213146E0542A466B
:1060500084F804010123204600F082F8C4F814817A
:10606000BDE8F88394F80431D4F8001103F0FD0280
:10607000282A1ED0202B1CD0FF2912D1002384F8FF
:10608000FF30D4F80C21D4F8083120469847D4F8D2
:10609000243120220133C4F82431227001214A1C0A
:1060A0001AE04B1C2022C4F80031625484F8042109
:1060B0001946FF29F3D14FF00008D4F80831D4F87D
:1060C0000C2184F8FF8020469847D4F8243101330E
:1060D0004146C4F8243101222823C4F80021635426
:1060E0004FF0000984F80431D4F81481C4F81491F5
:1060F0004B462A463146204600F032F8D4F80031AB
:10610000FF2B23D11946D4F80C21D4F8083184F898
:10611000FF9020469847D4F8243129220133C4F84F
:1061200024312270012128224B1CC4F80031625412
:1061300084F804213A68002A3FF470AF68E75A1CDB
:1061400080E794F80431D4F8001193E72922591C10
:10615000C4F80011E25484F804213DE7073104003B
:10616000002A00F0AC802DE9F04F1F46D0F818311E
:1061700089B005464BBB884614464FF0010902E042
:10618000D5F818310BBBA368E3B9D4F804A09AF88A
:106190000060304617B9FAF73FF998B9E368C4F8D8
:1061A0000890292ED5F810B1C5F810315246414655
:1061B00028460DD02A2E15D0022E1DD0FFF7B0FB99
:1061C000C5F810B12468002CDAD109B0BDE8F08F11
:1061D00023680AF10C02FFF7D1FEC5F810B109B02F
:1061E000BDE8F08F23680AF1080200F0F1F8C5F865
:1061F00010B109B0BDE8F08F0026D5F81471DAF8B7
:106200000820C5F81461FCF7F5FCC5F8147118F006
:1062100004072FD0D5F80011FF2940F0CF80D5F822
:106220000831D5F80C2185F8FF6028469847D5F845
:10623000243101333146C5F8243101222E23C5F81B
:1062400000216B5485F804316368DC6820784628A7
:1062500002D135E0A4682078FAF7DEF80028F9D1F9
:10626000224641462846FCF7C5FCC5F810B109B0E6
:10627000BDE8F08F524ED5F8003106F1020915E065
:10628000D5F80831D5F80C2185F8FF709847D5F876
:1062900024310133C5F8243100220123B145C5F86A
:1062A000003105F802A085F804A1CDD0FF2B1946D6
:1062B000284616F801ABE3D01A460133EEE77047E3
:1062C000404ED5F8003106F10D074FF0000915E0FA
:1062D000D5F80831D5F80C2185F8FF909847D5F806
:1062E00024310133C5F8243100220123B742C5F817
:1062F000003105F802A085F804A108D0FF2B19464B
:10630000284616F801ABE3D01A460133EEE7E268FF
:106310002D49013201A837F00BFF01A802F0F0FC73
:1063200028B301AED5F8003137184FF0000915E059
:10633000D5F80831D5F80C2185F8FF909847D5F8A5
:1063400024310133C5F8243100220123BE42C5F8AF
:10635000003105F802A085F804A10AD0FF2B1946E8
:10636000284616F801ABE3D01A460133EEE7D5F81C
:106370000031164E4FF00009F71C16E0D5F8083131
:10638000D5F80C2185F8FF909847D5F824310133D2
:10639000C5F8243100220123B742C5F8003105F8C1
:1063A00002A085F804A13FF455AFFF2B19462846FB
:1063B00016F801ABE2D01A460133EDE74A1C3DE77F
:1063C0007C8F0408808F04082C8F0408908F0408A9
:1063D0002DE9F84F04460F4690465BB11E469D6876
:1063E000002D42D01B68002BF9D132463946204699
:1063F000FFF7B6FED4F80011FF2940F0B18000236A
:1064000084F8FF30D4F80C21D4F80831204698479E
:10641000D4F8243120220133C4F82431227001231E
:106420005B22591CC4F80011E25484F80421D8F806
:106430000020002A40D1FF2945D10025D4F8083199
:10644000D4F80C2184F8FF5020469847D4F8243122
:1064500001332946C4F8243101225D23C4F8002108
:10646000635484F80431BDE8F88F5B681B782A2BED
:106470002BD12B46324639462046FFF771FED4F821
:106480000031FF2BCCD10022194684F8FF20D4F82C
:106490000831D4F80C21204698475B23237084F8F8
:1064A0000431D4F82431D8F8002001330121C4F894
:1064B0002431C4F8001132B139462046FCF79AFB6A
:1064C000D4F80011B7E74A1CC7E7DFF8B490D4F856
:1064D000003109F1020A16E0D4F80831D4F80C2191
:1064E00084F8FF509847D4F8243100220133C4F8CF
:1064F0002431CA454FF00103C4F8003104F802B05A
:1065000084F804B110D0FF2B1946204619F801BBBE
:10651000E2D01A46CA4503F10103C4F8003104F879
:1065200002B084F804B1EED1002332463946204649
:10653000FFF716FED4F80031FF2B19D100221946BF
:1065400084F8FF20D4F80831D4F80C21204698476D
:10655000D4F8243129220133C4F8243122700121D6
:1065600020224B1CC4F80031625484F8042188E7CF
:106570002922591CC4F80011E25484F804213BE795
:10658000789104082DE9F0411578312D03D0BDE84C
:10659000F041FCF72FBB9368D3E901567EB32E443C
:1065A0000446D0F80031013E013D002716E0D4F842
:1065B0000831D4F80C2184F8FF709847D4F82431BE
:1065C00000220133C4F82431B5424FF00103C4F86E
:1065D000003104F8028084F8048110D0FF2B1946A2
:1065E000204615F8018FE2D01A46B54203F10103A7
:1065F000C4F8003104F8028084F80481EED1BDE8CB
:10660000F08100BF1378012B2DE9F041044641D9F8
:10661000302B3FD0062B3DD0D0F80071FF2F0E4617
:1066200015463ED14FF000083946D0F80831D0F871
:106630000C2180F8FF809847D4F824310133474675
:10664000C4F8243101222823C4F800213146E3553F
:106650002A46204684F80431FCF7CCFAD4F800111D
:10666000FF291CD10025D4F80831D4F80C2184F876
:10667000FF5020469847D4F8243101332946C4F806
:10668000243101222923C4F80021635484F8043101
:10669000BDE8F0812046BDE8F041FCF7ABBA4A1CEA
:1066A000F0E77A1CCFE700BF2DE9F04F926812683F
:1066B0001678662E83B003D0002003B0BDE8F08FBB
:1066C0001B68D3E9028999F800303B2B00F0108158
:1066D000002301934FF0FF33D0F82071C0F8203130
:1066E00053784C3B0D460446262B3AD8DFE803F09E
:1066F000B03939393939B03939393939393939391C
:1067000039393939393939393939393939393939F9
:106710008939393939393F00424629462046FFF741
:1067200031FF019A29462046FFF76CFFD4F800118B
:10673000FF2940F0EA800025D4F80831D4F80C2174
:1067400084F8FF5020469847D4F824310133294675
:10675000C4F8243101222923C4F80021635484F8A9
:1067600004310120C4F8207103B0BDE8F08FD0F8E7
:106770000011FF2940F0CB800026D0F80831D0F876
:106780000C2180F8FF609847D4F82431013331465A
:10679000C4F8243101222823C4F800212046635480
:1067A0004A46294684F80431FFF72CFF2946594D03
:1067B00042462046FFF7E6FE2E1DD4F800314FF08A
:1067C000000815E0D4F80831D4F80C2184F8FF80D3
:1067D0009847D4F824310133C4F82431002201232E
:1067E000AE42C4F8003104F8029084F80491B8D0A5
:1067F000FF2B1946204615F8019BE3D01A460133BA
:10680000EEE7454ED0F8003106F1040A17E04FF0EC
:10681000000384F8FF30D4F80C21D4F808319847ED
:10682000D4F824310133C4F8243100220123B245C5
:10683000C4F8003104F802B084F804B15ED0FF2B34
:106840001946204616F801BBE1D01A460133EEE79F
:10685000D0F80031FF2B10D100261946D0F80C21BA
:10686000D0F8083180F8FF609847D4F82431C4F894
:1068700000615A1CC4F824213346591C4FF0280CDF
:106880004A46C4F80011204604F803C0294684F89B
:1068900004C1DFF88890FFF7B5FE4246294620463E
:1068A000FFF770FE09F1030AD4F80031002616E064
:1068B000D4F80831D4F80C2184F8FF609847D4F854
:1068C00024310133C4F8243100220123D145C4F816
:1068D000003104F802B084F804B13FF41DAFFF2B7F
:1068E0001946204619F801BBE2D01A460133EDE7FC
:1068F000D9F80C300193D9F80890EBE642462946C6
:106900002046FFF73FFE4A460CE74A1C23E74A1C95
:1069100041E700BF78920408709204087C91040853
:106920002DE9F04FE5B090F800A0BAF15F0F00AF8D
:1069300005468846164600F0F3800822BB492846E3
:1069400037F018FC48B92B7A2E2B00F0D8805F2B3B
:1069500000F0D580242B00F0D2804FF000092846AB
:1069600002F0CEF94201830008320A33ADEB020D8A
:1069700023F007030024EB462918ADEB030D112289
:106980004300B9F1010FC7F81CB0C7F828D0FD606B
:10699000BD61386339617B627A613C62FC62C7E940
:1069A0000D44C7E90F447C6400F0A080C0F0BF80B4
:1069B000EA7AB9F1020F05F10B0A14BF4FF044094E
:1069C0004FF043095F2AC7F818A000F0B98050467D
:1069D0007B6002F095F97B68002B40F32381002354
:1069E0000122CBF804303A62002800F01B81CBE989
:1069F00002A08BF80030494600235A4607F10C00EC
:106A0000F9F71EFCBC690546204602F079F9231807
:106A1000BB6114F80090B9F1000F6AD1002D68D065
:106A200007F148042A4607F5BE7107F5C470C4F89B
:106A30000881C4F80C61C4F8009184F80491C4F88A
:106A40001091C4F81491C4F82091C4F82491C4F8AA
:106A50001891C4F81C91C4F82891C4F82C91C4F87A
:106A60003091C4F83491C4F83891C4F83C91C4F81A
:106A70004091F9F749FCD4F83431D4F84061C4F8B6
:106A80004491012B06FB03F61A46B8BF0122D2003F
:106A9000012E334602F10802B8BF0123E846DB00AD
:106AA000ADEB020D083369462A46ADEB030D2046D7
:106AB000C4F82C111121C4F838D1C4F84061FCF796
:106AC00099F8D4F80011D4F8083104F80190204660
:106AD000C546D4F80C219847D4F81801B0FA80F0D4
:106AE000400907F5CA77BD46BDE8F08FBAF15F0FE0
:106AF00033D0002007F5CA77BD46BDE8F08F6B7A2A
:106B0000442B02D0492B7FF428AFAA7A5F2A7FF466
:106B100024AF492B14BF4FF003094FF002091EE7C1
:106B200043785A2B7FF409AF4FF0010917E707F1BB
:106B30000C00FAF705FEBB69054693F800906AE77A
:106B40002A7B5A2A7FF443AF0D35214607F10C000A
:106B5000BD61FBF737FD83464DE76B785A2BC8D1F3
:106B60000235494607F10C00BD61FBF72BFD7B693F
:106B7000DB07054652D5B86990F80090B9F12E0FA1
:106B80007FF449AF4378A3F16102192A3AD95F2B08
:106B900038D0303B092B41D8037802462E2B12D136
:106BA0005378303B092B0ED89378A3F13001092993
:106BB00002F10202F2D812F8013FA3F130010929D3
:106BC000F9D92E2BECD0D7E908139942BA6117DA1C
:106BD000D7F81CE04FEA011C0EEB0C030131121A2E
:106BE0005C6039620CD05C600EF80C40C3E90202B4
:106BF0002A464D2107F10C00F9F722FB0546BAE7BA
:106C00000023F5E7811C0A4611F8013BA3F1610C52
:106C1000BCF1190FF7D95F2BF5D0BFE7BB6993F82B
:106C20000090F8E64FF0000BE5E600BF088F04087F
:106C30002DE9F04184B080B301B172B3002417464E
:106C40000E466A462B491D46CDE90044CDE9024473
:106C5000FFF766FE002847D0039B009CABB9DDF828
:106C600008806CB3B6B1204602F04AF83B689842FF
:106C70001CD3304636F07AFCC7F8008095B100236B
:106C800020462B6004B0BDE8F08134B34FF001081A
:106C9000002EE8D1002FEFD1F0E713B16FF0020220
:106CA0001A600024204604B0BDE8F081421C214651
:106CB000304601F0FDFD204636F058FC3446DDE755
:106CC000002DEED0B8F1010F09D000246FF00103C0
:106CD00020462B6004B0BDE8F081002DE1D04FF0DC
:106CE000FF332B600024DDE7009836F03FFC002DD9
:106CF000EBD1D6E7B908000860B108B539B1FFF7A4
:106D00000FFE00280CBF6FF00100002008BD6FF0DF
:106D1000020008BD6FF00200704700BF81F0004123
:106D200002E000BF83F0004330B54FEA41044FEA70
:106D3000430594EA050F08BF90EA020F1FBF54EA0B
:106D4000000C55EA020C7FEA645C7FEA655C00F0A7
:106D5000E2804FEA5454D4EB5555B8BF6D420CDD78
:106D60002C4480EA020281EA030382EA000083EAFB
:106D7000010180EA020281EA0303362D88BF30BD9B
:106D800011F0004F4FEA01314FF4801C4CEA1131F1
:106D900002D0404261EB410113F0004F4FEA033350
:106DA0004CEA133302D0524263EB430394EA050FDB
:106DB00000F0A780A4F10104D5F1200E0DDB02FA4A
:106DC0000EFC22FA05F2801841F1000103FA0EF2DE
:106DD000801843FA05F359410EE0A5F120050EF1A4
:106DE000200E012A03FA0EFC28BF4CF0020C43FAD5
:106DF00005F3C01851EBE37101F0004507D54FF0E2
:106E0000000EDCF1000C7EEB00006EEB0101B1F531
:106E1000801F1BD3B1F5001F0CD349085FEA300077
:106E20004FEA3C0C04F101044FEA445212F5800F82
:106E300080F09A80BCF1004F08BF5FEA500C50F11F
:106E4000000041EB045141EA050130BD5FEA4C0C02
:106E5000404141EB010111F4801FA4F10104E9D18B
:106E600091F0000F04BF01460020B1FA81F308BF82
:106E70002033A3F10B03B3F120020CDA0C3208DD4E
:106E800002F1140CC2F10C0201FA0CF021FA02F129
:106E90000CE002F11402D8BFC2F1200C01FA02F199
:106EA00020FA0CFCDCBF41EA0C019040E41AA2BFBE
:106EB00001EB0451294330BD6FEA04041F3C1CDA86
:106EC0000C340EDC04F11404C4F1200220FA04F0A6
:106ED00001FA02F340EA030021FA04F345EA030150
:106EE00030BDC4F10C04C4F1200220FA02F001FA12
:106EF00004F340EA0300294630BD21FA04F0294694
:106F000030BD94F0000F83F4801306BF81F480112C
:106F10000134013D4EE77FEA645C18BF7FEA655C9F
:106F200029D094EA050F08BF90EA020F05D054EA71
:106F3000000C04BF1946104630BD91EA030F1EBF76
:106F40000021002030BD5FEA545C05D1400049417A
:106F500028BF41F0004130BD14F580043CBF01F56D
:106F6000801130BD01F0004545F0FE4141F4700153
:106F70004FF0000030BD7FEA645C1ABF194610462E
:106F80007FEA655C1CBF0B46024650EA013406BF2F
:106F900052EA033591EA030F41F4002130BD00BFEE
:106FA00090F0000F04BF0021704730B54FF48064AB
:106FB00004F132044FF000054FF0000150E700BF2C
:106FC00090F0000F04BF0021704730B54FF480648B
:106FD00004F1320410F0004548BF40424FF0000178
:106FE0003EE700BF42004FEAE2014FEA31014FEABB
:106FF00002701FBF12F07F4393F07F4F81F060510A
:10700000704732F07F4208BF704793F07F4F04BF54
:1070100041F40021704730B54FF4607401F0004531
:1070200021F000411CE700BF50EA010208BF704791
:1070300030B54FF000050AE050EA010208BF704782
:1070400030B511F0004502D5404261EB41014FF4EB
:10705000806404F132045FEA915C3FF4D8AE4FF0F3
:1070600003025FEADC0C18BF03325FEADC0C18BFD6
:10707000033202EBDC02C2F1200300FA03FC20FA27
:1070800002F001FA03FE40EA0E0021FA02F1144474
:10709000BDE600BF70B54FF0FF0C4CF4E06C1CEA8D
:1070A00011541DBF1CEA135594EA0C0F95EA0C0FFE
:1070B00000F0DEF82C4481EA030621EA4C5123EA71
:1070C0004C5350EA013518BF52EA033541F48011A0
:1070D00043F4801338D0A0FB02CE4FF00005E1FB53
:1070E00002E506F00042E0FB03E54FF00006E1FB9D
:1070F00003569CF0000F18BF4EF0010EA4F1FF04E0
:10710000B6F5007F64F5407404D25FEA4E0E6D411F
:1071100046EB060642EAC62141EA55514FEAC52030
:1071200040EA5E504FEACE2EB4F1FD0C88BFBCF5AC
:10713000E06F1ED8BEF1004F08BF5FEA500E50F15D
:10714000000041EB045170BD06F0004646EA010123
:1071500040EA020081EA0301B4EB5C04C2BFD4EB55
:107160000C0541EA045170BD41F480114FF0000E4E
:10717000013C00F3AB8014F1360FDEBF002001F0BC
:10718000004170BDC4F10004203C35DA0C341BDC36
:1071900004F11404C4F1200500FA05F320FA04F008
:1071A00001FA05F240EA020001F0004221F000413C
:1071B00010EBD37021FA04F642EB06015EEA430EAF
:1071C00008BF20EAD37070BDC4F10C04C4F12005DF
:1071D00000FA04F320FA05F001FA04F240EA020092
:1071E00001F0004110EBD37041F100015EEA430E63
:1071F00008BF20EAD37070BDC4F1200500FA05F283
:107200004EEA020E20FA04F301FA05F243EA020301
:1072100021FA04F001F0004121FA04F220EA020010
:1072200000EBD3705EEA430E08BF20EAD37070BD56
:1072300094F0000F0FD101F00046400041EB010136
:1072400011F4801F08BF013CF7D041EA060195F018
:10725000000F18BF704703F00046520043EB0303D2
:1072600013F4801F08BF013DF7D043EA06037047BF
:1072700094EA0C0F0CEA135518BF95EA0C0F0CD0CA
:1072800050EA410618BF52EA4306D1D181EA030110
:1072900001F000414FF0000070BD50EA410606BF0A
:1072A0001046194652EA430619D094EA0C0F02D14F
:1072B00050EA013613D195EA0C0F05D152EA033694
:1072C0001CBF104619460AD181EA030101F00041B2
:1072D00041F0FE4141F470014FF0000070BD41F0FB
:1072E000FE4141F4780170BD70B54FF0FF0C4CF4D5
:1072F000E06C1CEA11541DBF1CEA135594EA0C0FF4
:1073000095EA0C0F00F0A7F8A4EB050481EA030E40
:1073100052EA03354FEA013100F088804FEA033327
:107320004FF0805545EA131343EA12634FEA0222F5
:1073300045EA111545EA10654FEA00260EF00041B6
:107340009D4208BF964244F1FD0404F5407402D208
:107350005B084FEA3202B61A65EB03055B084FEA99
:1073600032024FF480104FF4002CB6EB020E75EB96
:10737000030E22BFB61A754640EA0C005B084FEABE
:107380003202B6EB020E75EB030E22BFB61A75463B
:1073900040EA5C005B084FEA3202B6EB020E75EB86
:1073A000030E22BFB61A754640EA9C005B084FEAFE
:1073B0003202B6EB020E75EB030E22BFB61A75460B
:1073C00040EADC0055EA060E18D04FEA051545EAFA
:1073D00016754FEA06164FEAC30343EA52734FEAA3
:1073E000C2025FEA1C1CC0D111F4801F0BD141EA1C
:1073F00000014FF000004FF0004CB6E711F4801F81
:1074000004BF01430020B4F1FD0C88BFBCF5E06F60
:107410003FF6AFAEB5EB030C04BFB6EB020C5FEA70
:10742000500C50F1000041EB045170BD0EF0004EC5
:107430004EEA113114EB5C04C2BFD4EB0C0541EAF7
:10744000045170BD41F480114FF0000E013C90E6F4
:1074500045EA060E8DE60CEA135594EA0C0F08BFB8
:1074600095EA0C0F3FF43BAF94EA0C0F0AD150EAB7
:1074700001347FF434AF95EA0C0F7FF425AF10464A
:1074800019462CE795EA0C0F06D152EA03353FF472
:10749000FDAE1046194622E750EA410618BF52EAEF
:1074A00043067FF4C5AE50EA41047FF40DAF52EAC3
:1074B00043057FF4EBAE12E74FEA4102B2F1E0433D
:1074C00024BFB3F5001CDCF1FE5C0DD901F0004CCB
:1074D0004FEAC0024CEA5070B2F1004F40EB83001B
:1074E00008BF20F00100704711F0804F21D113F147
:1074F0003872BCBF01F00040704741F480114FEA80
:107500005252C2F11802C2F1200C10FA0CF320FA08
:1075100002F018BF40F001004FEAC1234FEAD32325
:1075200003FA0CFC40EA0C0023FA02F34FEA43038F
:10753000CCE77FEA625307D150EA01331EBF4FF018
:10754000FE4040F44000704701F0004040F0FE4033
:1075500040F40000704700BF7BB972B90029BEBF7C
:1075600000204FF0004106E008BF00281CBF6FF06C
:1075700000414FF0FF3001F043B9ADF1080C6DE967
:1075800004CE002909DB002B1ADB00F04DF8DDF8F2
:1075900004E0DDE9022304B07047404261EB4101A1
:1075A000002B1BDB00F040F8DDF804E0DDE90223EE
:1075B00004B0404261EB4101524263EB4303704728
:1075C000524263EB430300F02FF8DDF804E0DDE9FD
:1075D000022304B0404261EB41017047524263EB29
:1075E000430300F021F8DDF804E0DDE9022304B0F4
:1075F000524263EB4303704753B94AB9002908BFAD
:1076000000281CBF4FF0FF314FF0FF3001F0F8B8F9
:10761000ADF1080C6DE904CE00F006F8DDF804E0E9
:10762000DDE9022304B070472DE9F047089E0446C7
:107630008846002B4BD18A42154667D9B2FA82F2AE
:107640004AB1C2F1200701FA02F320FA07F7954088
:1076500047EA030894404FEA154E230CB8FBFEF7A7
:107660001FFA85FC0EFB178843EA084307FB0CF161
:10767000994209D9EB1807F1FF3080F01B8199423C
:1076800040F21881023F2B445B1AA4B2B3FBFEF018
:107690000EFB103344EA034400FB0CFCA44509D95B
:1076A0002C1900F1FF3380F00781A44540F20481DA
:1076B00002382C4440EA0740A4EB0C0400271EB11A
:1076C000D4400023C6E900433946BDE8F0878B4229
:1076D00009D9002E00F0EB800027C6E900013846EA
:1076E0003946BDE8F087B3FA83F7002F47D18B42C4
:1076F00002D3824200F2FA80841A61EB0303012074
:107700009846002EE0D0C6E90048DDE702B9FFDE6A
:10771000B2FA82F2002A40F08F80491B4FEA154EE0
:107720001FFA85F80127B1FBFEFC230C0EFB1C1190
:1077300043EA014308FB0CF1994207D9EB180CF11D
:10774000FF3002D2994200F2CD808446591AA3B28A
:10775000B1FBFEF00EFB101443EA044408FB00F8F2
:10776000A04507D92C1900F1FF3302D2A04500F241
:10777000B6801846A4EB080440EA0C409FE7C7F126
:10778000200CBB4022FA0CFE4EEA030E01FA07F46D
:1077900020FA0CF521FA0CF34FEA1E482543B3FBFF
:1077A000F8F92C0C08FB19331FFA8EFA44EA03434C
:1077B00009FB0AF49C4202FA07F200FA07F10BD91E
:1077C0001EEB030309F1FF3080F087809C4240F2FA
:1077D0008480A9F1020973441B1BADB2B3FBF8F01E
:1077E00008FB103345EA034400FB0AFAA24508D916
:1077F0001EEB040400F1FF336BD2A24569D90238B5
:10780000744440EA0940A0FB0289A4EB0A044C45F9
:10781000C2464B4654D351D0002E69D0B1EB0A0575
:1078200064EB030404FA0CFCFD40FC404CEA050543
:10783000C6E90054002747E7C2F1200320FA03F706
:10784000954001FA02F021FA03F34FEA154E38434E
:10785000010CB3FBFEF71FFA85F80EFB173341EA64
:10786000034107FB08F38B4204FA02F407D96918B5
:1078700007F1FF3C2FD28B422DD9023F2944CB1A6E
:1078800081B2B3FBFEF00EFB103341EA034100FB73
:1078900008F38B4207D9691800F1FF3C17D28B42DD
:1078A00015D902382944C91A40EA07473BE7374649
:1078B000304609E70746E7E61846FBE64145ABD206
:1078C000B8EB020A69EB0E0201381346A4E76046E2
:1078D000E9E7184695E76746D1E781467CE7023835
:1078E0002C4447E7ACF1020C2B442FE7384608E75D
:1078F0003746E9E603685A004CBF43F0004323F0E3
:1079000000431844704700BF61B32DE9F84F01F1FF
:10791000FF3A90460646D146002707EB090404EBE0
:10792000D4746410E50071190846FFF7E3FFA2451F
:10793000834605F10800304409D0FFF7DBFFC3455B
:1079400000F1FF3005D8404509D2671CE5E7C34583
:1079500005D9A74202D004F1FF39DEE7002108462D
:10796000BDE8F88F08467047012807D0022807D0E5
:10797000044B00280CBF184600207047024870478F
:107980000248704755800008598000085D80000853
:1079900030B5254B83B004468D1E4BB301A9284654
:1079A000AFF30080F0B101992A46FFF7ADFF014621
:1079B000C0B1FFF79FFF4B68A064012B2ED0002BB6
:1079C00001F1040026DBFFF795FF0023C4E9130350
:1079D0000368002B12DBFFF78DFF002320611846A0
:1079E00003B030BD002323610923184603B030BD26
:1079F0000E490F48091AC9100191D5E7C3F3036076
:107A0000FFF7B2FF002814BF0023092320611846A6
:107A100003B030BD0123C4E91303D9E70023236178
:107A20000523184603B030BD00000000F4A104088F
:107A30005CA004080368DA0710B5044606D49B0767
:107A400000F1480009D500F05FFC2368590709D50B
:107A50001A070ED5DB0613D510BD00F04DFC2368C8
:107A60005907F5D404F1D00000F056FC23681A073A
:107A7000F0D404F5A87000F057FC2368DB06EBD4C3
:107A800004F5E870BDE8104000F092BC036803B153
:107A900003441846704700BF09207047704700BF75
:107AA00070B504460D4608E02B6C63612A462369D5
:107AB000214601209847082808D1296C2046FFF765
:107AC00067FF06460028EFD035F03AF90728FBD1CA
:107AD0003046296CFFF7E2FF281D00F001FC00BFD3
:107AE0002DE9F0470C1D054617460FCCADF5727D0C
:107AF00003AE0FC60FCC0FC60FCC0FC694E80F0015
:107B000002ACD5F80C80D5F8189086E80F00002359
:107B1000236021E0236C6B614FF4F07221467AA858
:107B200000F0C6FE2B697AAA294630469847889B02
:107B3000CDE900498246636431462B462A4601203E
:107B4000C0470746F8B94FF4F0727AA9204600F012
:107B5000AFFEBAF1080F1CD1216C2846FFF718FFC1
:107B6000002F08BF0926074618BF0A260028D1D0D3
:107B7000A36B46F01001CDE900492A466364012059
:107B80002B46C04700B1092738460DF5727DBDE888
:107B9000F087BAF1070FF6D13846216CFFF77EFF68
:107BA00003A800F09DFB00BF406C7047F0B5CB6BA5
:107BB0000B640D1D0F4606460FCDF9B001AC0FC486
:107BC0000FCD0FC40FCD0FC495E80F004FF0FF3558
:107BD00084E80F00009506E033696A46314698470D
:107BE0000828044608D110993046FFF7D1FE002836
:107BF000F2D0092079B0F0BD6846FFF71BFF062CD4
:107C0000F7D139463046FFF74BFF00BF30B4DD6B8C
:107C1000C160826119461D64002230BC60E700BF6C
:107C200070B5C66843690B64BEB903690A46044669
:107C30000D46014602209847072807D0082803D19F
:107C400029462046FFF72CFF35F07AF83046296C9C
:107C5000FFF724FF281D00F043FB0122FFF740FF40
:107C600035F06EF8C2681AB1CA6B0A64002237E7B1
:107C70009CE700BF704700BF836813B10146012035
:107C800018477047042907D8DFE801F00308060801
:107C900008000BB90F2A03D9022070470120704752
:107CA00000EB820218465368009A1360704700BFC9
:107CB00010B584B0002303AC0A4600941946FFF7C0
:107CC000E1FF039804B010BD042907D8DFE801F0F4
:107CD0000308060808000BB90F2A03D902207047D1
:107CE0000120704700EB8200009A1268426018463B
:107CF000704700BF10B584B004AC002344F8042DD5
:107D00000A4600941946FFF7DFFF04B010BD00BF1C
:107D1000F0B5D36B1364151D07460E460FCDADF5B8
:107D20000F7D17AC0FC40FCD0FC40FCD0FC495E856
:107D30000F004FF0FF3584E80F00169510E016A8ED
:107D4000FFF7D8FF314616A8B84716AA694678B992
:107D5000049B08209847052804460AD0092807D024
:107D600026996846FFF714FE6A460C210028E6D0E3
:107D7000092416A8FFF75EFE20460DF50F7DF0BD25
:107D80002DE9F04F0D46C96C89B00C1D164600F068
:107D9000030B0A6806941F46002B68D0130CD9B257
:107DA00012048DF81D30022304EB810405928DF836
:107DB0001C302B6DBBF1020F08BFAC6B13F001033D
:107DC00046D1019300F008030093D4F80090B9F174
:107DD000000F00F0F380022F45D0B4F80090B4F803
:107DE00002800434AB6C28F0010A0F2130469A441B
:107DF000FFF75EFF824534D829F0010353448342E4
:107E000094BF002001204FEA480808F0020809F05A
:107E1000010948EA0908B8F1010F3AD031D3B8F1A5
:107E2000020F1AD1236823F0004ABBF1000F66D17C
:107E300030B1009A002A6CD0BAF1000F00F09080A7
:107E4000002B00DA04340AF1010304EB8304BCE7DD
:107E5000304605A900F046FB78B1092009B0BDE81D
:107E6000F08F0020CFE7D4F804800834BAE712027C
:107E700003230592ADF81C309BE7082009B0BDE84C
:107E8000F08FBBF1000F02D0002840F0B480043422
:107E90009BE7BBF1000F18D1A8B1D4E90023991CCE
:107EA0004FEAD272D9D005F158010133049100F0A4
:107EB000B580201DFFF7EAFD04AB0146284632F0ED
:107EC000B9FE002867D108347FE70D213046D5F888
:107ED0002080FFF7EDFE8045F5D1AB6A9C42F2D1E0
:107EE0002046FFF707FD0F2102463046FFF702FF4D
:107EF00030462A460021FFF7FDFE0720AEE70D21A0
:107F00003046D5F82080FFF7D3FE804532D0236875
:107F100096E7BAF1000F23D005F1580304F10408E5
:107F2000CDF808B0DDF800900397A3461C4602E0A8
:107F30005745B94640D040460494FFF7A7FD04AB2F
:107F400001460022284632F075FE09F1010708F1CA
:107F500004080028ECD0D1455C46DDE902B7D6D153
:107F600030460D21FFF7A4FE049B2862C5E90934C1
:107F7000062073E7AB6A9C42C9D104224FF0000887
:107F8000A318C5E90AA8C5E90C23236843454DDBBE
:107F90000123019357E780460D213046FFF788FE05
:107FA000B8F1020F28623ED12B46049A43F82C2FD9
:107FB0006B62AC62062051E75C46D1E705A930460A
:107FC00000F090FA00287FF448AF019B002B3FF4AB
:107FD00054AF0F213046FFF76BFE0E2102463046AC
:107FE000FFF788FE30461A4A0F21FFF783FE07206D
:107FF00009B0BDE8F08F2046FFF77CFC043407464B
:10800000AC63284632F06EFE00283FF426AF3046BF
:108010003A460F21FFF76EFE07201FE730460D217D
:10802000FFF746FE2862049B6B62C2E70AF101007B
:1080300004EB8000FFF75EFC0F2102463046FFF79D
:1080400059FE30462A464146FFF754FE072005E711
:1080500035B60308002393E6012391E602238FE659
:108060002DE9F0410546C4B0042906D8DFE801F047
:108070004D2B05030900032B5FD0022044B0BDE85F
:10808000F081002BF9D1102AF7D82B68DC0600F11B
:10809000F48022AC2046019200F094F9A86B019A7A
:1080A0000023012606FA03F1114203D0016844F8C7
:1080B000231004300133042BF4D1A863204600F0D0
:1080C00077F90020DAE7012B4FEA124697B252D037
:1080D000052BD2D106EB0708B8F1200FCDD80F2E13
:1080E00040F29980B846002F40F0DB80AA6BAA636B
:1080F0000F2E40F2BE80B8F1000F02D002A800F0AF
:108100000BF9002044B0BDE8F081002BB5D1AC6B79
:1081100097B2281D012606FA03F1394203F1010343
:1081200002D0216801600434102B00F10400F2D168
:1081300012F40050E5D1AC63A0E7160C97B2F31926
:10814000102B9AD82B681A075DD422AC204600F079
:108150000DF904EBC601AB6B3FB103EBC702186826
:1081600041F8040B04339342F9D12046AB6300F08D
:10817000DBF8002082E7F219102A3FF67EAF0F2EBF
:108180003FF67BAF2A68D10708D5284622F00302C4
:1081900040F8482B019300F0B3F8019B019322AC07
:1081A000204600F0ADF8A96B019B002F00F09580F0
:1081B0007F0004EBC6044FF00008043C01EB87028B
:1081C00051F8040B44F8040F9142F9D1B8F1000FB3
:1081D0000FD002AC102E314638BF102104EBC10184
:1081E000843902EBC80452F8040B41F8040F94429E
:1081F000F9D1012B7FF47BAF22AC0432AA63204675
:1082000000F07AF87DE723F008032B6005F5A870ED
:1082100000F0ACF899E7B8F1100F2A6843D9D007FD
:10822000A8F110080BD5284622F0010242F0020204
:1082300040F8482B019300F06BF82A68019B510726
:1082400025D40F2E04D822A8019300F061F8019BD9
:10825000019302AC204600F063F8C6F1100100293A
:10826000AA6B019BB6DD22AC4F0004EBC60411469D
:10827000A3E722A800F048F83DE723F010032B60A5
:1082800005F5E870019200F09DF8019A01E7284693
:1082900022F0040240F8D02B019300F041F8019B3A
:1082A000CFE72A68CBE7D0070AD5284622F001029B
:1082B00042F0020240F8482B019300F029F8019B9C
:1082C000019322AC204600F023F8B846A96B019B2D
:1082D000002F7FF46DAF0A4609E70A468DE700BF1D
:1082E00000F1340191E838009C46A6464CF8045D44
:1082F00090E8FF0FE54600BD90EC210B704700BFF2
:1083000080EC210B704700BF90EC200B704700BF42
:1083100080EC200B704700BFD0EC200B704700BFF3
:10832000C0EC200B704700BFF0EC0201F0EC021132
:10833000F0EC0221F0EC0231F0EC0241F0EC0251E1
:10834000F0EC0261F0EC0271F0EC0281F0EC0291D1
:10835000F0EC02A1F0EC02B1F0EC02C1F0EC02D1C1
:10836000F0EC02E1F0EC02F1704700BFE0EC02013A
:10837000E0EC0211E0EC0221E0EC0231E0EC024121
:10838000E0EC0251E0EC0261E0EC0271E0EC028111
:10839000E0EC0291E0EC02A1E0EC02B1E0EC02C101
:1083A000E0EC02D1E0EC02E1E0EC02F1704700BF4A
:1083B000B0FC0181B0FC0191B0FC01A1B0FC01B1A5
:1083C000704700BFA0FC0181A0FC0191A0FC01A1AD
:1083D000A0FC01B1704700BFEC4600B52DE900508C
:1083E0002DE9FF1F4FF000032DE90C0001A9FFF755
:1083F000DDFBDDF840E012B0704700BFEC4600B591
:108400002DE900502DE9FF1F4FF000032DE90C006E
:1084100001A9FFF705FCDDF840E012B0704700BF8E
:10842000EC4600B52DE900502DE9FF1F4FF0000389
:108430002DE90C0001A9FFF715FCDDF840E012B0B2
:10844000704700BFEC4600B52DE900502DE9FF1F35
:108450004FF000032DE90C0001ABFFF7D7FBDDF86F
:1084600040E012B0704700BFEC4600B52DE9005067
:108470002DE9FF1F4FF000032DE90C0001AAFFF7C3
:1084800047FCDDF840E012B0704700BF027A82B9C5
:10849000437AABB14268013B10B4437213680321C5
:1084A000141D01721A02446002605DF8044B180E3C
:1084B00070470368013A02721A020260180E704790
:1084C000B020704700B585B003AA0023009219467A
:1084D0000C22FFF7D7FB039805B05DF804FB00BF43
:1084E000F0E700BF2DE9F043054685B00E464FF09A
:1084F00000083046FFF7CAFFB028044600F0B180FC
:10850000070620D500F0F003802B65D0902B36D0E5
:10851000A02B78D0B02B47D0C02B00F08A8000F081
:10852000F803D02B0BD100F00702013242F40022F5
:10853000052301212846FFF793FD0028D9D0092003
:1085400005B0BDE8F0830DF10C0900231946870042
:10855000CDF800900D222846FFF794FBFFB2039B55
:10856000CDF80090043760064CBFDF1BFF180023D6
:1085700019460D2228460397FFF7A6FBB9E700F03E
:108580000D030D2BDBD003AF002300F00F021946C3
:1085900000972846FFF776FB0023009719460D2227
:1085A0002846FFF791FBA4E7B1285FD0B22800F07E
:1085B000CC80B3287ED000F0FC03B42BBFD000F0F9
:1085C00007020132012342F4002219462846FFF730
:1085D00047FD00288DD0B2E73046FFF757FF240251
:1085E0000443B4F5004FAAD024010023A2B21946D7
:1085F0002846FFF735FD0028A1D114F4004F18BF1D
:108600004FF0010875E7C24302F007034FF47F62A1
:108610001A41010702F47F624FF0000348BF42F4A1
:10862000804219462846FFF71BFD00283FF461AF42
:1086300085E7C62851D0C7285AD000F0F803C02BD0
:1086400069D0C82875D0C9287FF479AF3046FFF7C4
:108650001DFF020300F00F0002F4702201300243FC
:1086600066E7B8F1000F14D0002069E73046FFF745
:108670000DFF00283FF463AF10F0F0037FF45FAF0D
:10868000024619462846FFF7EBFC00283FF431AFBD
:1086900055E703AC43460E22414600942846FFF7B7
:1086A000F1FA0094284643460F224146FFF70CFB9F
:1086B000404645E73046FFF7E9FE010300F00F00B2
:1086C00001F47021421C01230A4328461946FFF792
:1086D000C7FC00283FF40DAF31E73046FFF7D6FE68
:1086E000010300F00F0001F47021421C0323EBE7AB
:1086F0003046FFF7CBFE024600283FF420AF10F0D3
:10870000F0037FF41CAF04212846FFF7A9FC0028E2
:108710003FF4EFAE13E700F00F020132032342F4FF
:10872000202219462846FFF79BFC00283FF4E1AEC3
:1087300005E73046FFF7AAFE00F0F00200F00F0355
:108740001032013343EA0232F2E600230DF10C0944
:108750000D221946CDF800902846FFF793FA3046CF
:10876000FFF794FE02064FF002070CD5039B00F0C2
:108770007F00B840034430460393FFF787FE0306AB
:1087800007F10707F2D4039BCDF8009000F07F04B7
:1087900003F50172BC400023144419460D222846FB
:1087A0000394FFF791FAA4E610B5C36C84B05A683D
:1087B00003208DF80C00DC798DF80D40120208338F
:1087C000084601A901920293FFF78CFE04B010BD88
:1087D00008B5FFF785FE806C08BD00BF08B5FFF740
:1087E0007FFEC06CC37900EB8300083008BD00BF7A
:1087F00008B534F0A5FA00BF08B5FFF7F9FF00BFD0
:10880000704700BF000000000000000000000000F2
:1088100001F0FF01102A2BDB10F0070F08D010F831
:10882000013B013A8B422DD010F0070F42B3F6D135
:10883000F0B441EA012141EA014122F007047FF04E
:1088400000070023F0E80256083C85EA010586EAA5
:10885000010685FA47F5A3FA87F586FA47F6A5FAE1
:1088600087F68EB9EED1F0BC01F0FF0102F00702ED
:1088700032B110F8013B013A83EA010313B1F8D198
:108880000020704701387047002D06BF3546033879
:10889000073815F0010F07D1013015F4807F02BFB2
:1088A000013015F4C03F0130F0BC0138704700BF03
:1088B000844641EA000313F003036DD1403A41D3EB
:1088C00051F8043B40F8043B51F8043B40F8043BAA
:1088D00051F8043B40F8043B51F8043B40F8043B9A
:1088E00051F8043B40F8043B51F8043B40F8043B8A
:1088F00051F8043B40F8043B51F8043B40F8043B7A
:1089000051F8043B40F8043B51F8043B40F8043B69
:1089100051F8043B40F8043B51F8043B40F8043B59
:1089200051F8043B40F8043B51F8043B40F8043B49
:1089300051F8043B40F8043B51F8043B40F8043B39
:10894000403ABDD2303211D351F8043B40F8043BD9
:1089500051F8043B40F8043B51F8043B40F8043B19
:1089600051F8043B40F8043B103AEDD20C3205D3E9
:1089700051F8043B40F8043B043AF9D2043208D0E1
:10898000D2071CBF11F8013B00F8013B01D30B8853
:1089900003806046704700BF082A13D38B078DD031
:1089A00010F003038AD0C3F10403D21ADB071CBF03
:1089B00011F8013B00F8013B80D331F8023B20F86D
:1089C000023B7BE7043AD9D3013A11F8013B00F8A6
:1089D000013BF9D20B7803704B7843708B7883702E
:1089E000604670470000000000000000000000002A
:1089F0000000000000000000000000000000000077
:108A0000A2EB0300704700BF02780B78012A28BF51
:108A10009A42F5D16DE9044540EA0104CDE90267C7
:108A20006FF0000C4FEA447212B380EA010414F0B4
:108A3000070F6AD100F0070420F0070004F00305D7
:108A400021F007014FEAC505F0E8042314F0040FF4
:108A5000F1E804670CFA05F462EA040266EA040627
:108A60000AD063EA0403624667EA0407664603E045
:108A7000F0E80423F1E8046782FA4CF582EA060480
:108A8000A4FA8CF46CBB83FA4CF583EA0705A5FACB
:108A90008CF595B950E9022351E9026782FA4CF549
:108AA00082EA0604A4FA8CF483FA4CF583EA0705FB
:108AB000A5FA8CF52543DBD09CB92DBAB5FA85F41F
:108AC00024F0070427FA04F1DDE9026723FA04F32E
:108AD00003F0FF0001F0FF01FDE80445A0EB0100F9
:108AE000704724BAB4FA84F424F0070426FA04F197
:108AF000DDE9026722FA04F202F0FF0001F0FF0153
:108B0000FDE80445A0EB0100704714F0030F3CD1D1
:108B100010F0030428D150F8082B51F8083B82FAD2
:108B20004CF582EA0305A5FA8CF55DB950F8042CE2
:108B300051F8043C82FA4CF582EA0305A5FA8CF55B
:108B4000002DE8D02DBAB5FA85F424F0070423FAF5
:108B500004F122FA04F202F0FF0001F0FF01FDE847
:108B60000445A0EB010070474FEAC40420F0030065
:108B700050F8082B21F0030151F8083B0CFA04F4DB
:108B800062EA040263EA0403C9E710F003041AD09E
:108B9000A1EB040120F00300E40750F8042B06D0F9
:108BA0000FD28B785FFAA2F4E41A06D12BB1CB78FE
:108BB0005FFAB2F4E41A00D11BB920465DF8104BFD
:108BC000704701F1040150F8042BCC0721F0030198
:108BD00051F8043B48D824D222F07F4482FA4CF565
:108BE00094EA1325A5FA8CF50AD165B951F8043B2E
:108BF00084EA0204B4EB036F0ED150F8042BEBE7C8
:108C00004FEA132355E035F07F454DD10878FDE854
:108C10000445C0F1000070474FEA126203F0FF0301
:108C200047E002EA1C4482FA4CF594EA1345A5FA9F
:108C30008CF50AD165B951F8043B84EA0204B4EB1F
:108C4000034F0CD150F8042BEBE74FEA134330E00D
:108C500015EA1C4528D10B884FEA124229E04FEA59
:108C6000124203EA1C4324E002F0FF0482FA4CF5AE
:108C700094EA1365A5FA8CF50AD165B951F8043B5D
:108C800084EA0204B4EB032F09D150F8042BEBE77C
:108C90004FEA13630DE015F0FF0F05D10B684FEAA3
:108CA000122223F07F4304E04FF00000FDE804456A
:108CB000704712BA1BBA82FA4CF482EA0304A4FA8F
:108CC0008CF5B5FA85F402FA04F203FA04F34FEADC
:108CD0001260FDE80445A0EB13607047000000003F
:108CE0000000000000000000000000000000000084
:108CF0000000000000000000000000000000000074
:108D000090F800F06DE9024520F007016FF0000CCB
:108D100010F0070491F820F040F049804FF0000473
:108D20006FF00700D1E9002391F840F000F108004E
:108D300082FA4CF2A4FA8CF283FA4CF3A2FA8CF386
:108D40004BBBD1E9022382FA4CF200F10800A4FAED
:108D50008CF283FA4CF3A2FA8CF3E3B9D1E9042341
:108D600082FA4CF200F10800A4FA8CF283FA4CF378
:108D7000A2FA8CF37BB9D1E9062301F1200182FA32
:108D80004CF200F10800A4FA8CF283FA4CF3A2FA38
:108D90008CF3002BC6D0002A04BF04301A4612BA46
:108DA000B2FA82F2FDE8024500EBD2007047D1E949
:108DB000002304F00305C4F100004FEAC50514F0D8
:108DC000040F91F840F00CFA05F562EA05021CBFA9
:108DD00063EA050362464FF00004A9E74FF0FF3C49
:108DE00006E000BF4FF0010C02E000BF4FF0010CA5
:108DF0004DF804CD4FEA410C7FEA6C5C4FEA430C1E
:108E000018BF7FEA6C5C1BD001B050EA410C0CBF6C
:108E100052EA430C91EA030F02BF90EA020F0020CE
:108E2000704710F1000F91EA030F58BF994208BF35
:108E300090422CBFD8176FEAE37040F001007047F2
:108E40004FEA410C7FEA6C5C02D150EA013C07D149
:108E50004FEA430C7FEA6C5CD6D152EA033CD3D094
:108E60005DF8040B704700BF8446104662468C468E
:108E70001946634600E000BF01B5FFF7B7FF0028C1
:108E800048BF10F1000F01BD4DF808EDFFF7F4FFEA
:108E90000CBF012000205DF808FB00BF4DF808ED75
:108EA000FFF7EAFF34BF012000205DF808FB00BF98
:108EB0004DF808EDFFF7E0FF94BF012000205DF8BA
:108EC00008FB00BF4DF808EDFFF7CEFF94BF01206F
:108ED00000205DF808FB00BF4DF808EDFFF7C4FF68
:108EE00034BF012000205DF808FB00BF4FEA410CB1
:108EF0007FEA6C5C02D150EA013C0AD14FEA430C94
:108F00007FEA6C5C02D152EA033C02D14FF00000D0
:108F100070474FF0010070474FEA410212F500120E
:108F200015D211D56FF47873B3EB625212D94FEAB0
:108F3000C12343F0004343EA505311F0004F23FA9A
:108F400002F018BF404270474FF00000704750EAEF
:108F5000013005D111F0004008BF6FF000407047AC
:108F60004FF00000704700BF70477047034B10B5CB
:108F70000446036000F091FA204610BD283404082E
:108F800010B50446FFF7F2FF4FF45871204631F058
:108F900019FF204610BD000010B5044600F040FB4C
:108FA000014B2046236010BD2834040800F076BA37
:108FB000772910B515D1012300F5F27480F85C33E0
:108FC000204618F082FA63280EDC204618F07DFA5D
:108FD000811C204618F035F92046BDE8104020F0ED
:108FE0001EB9002380F85C3310BD10B590F85C33D7
:108FF00093B900F5F274204618F067FA00280BDBED
:10900000204618F062FA411E204618F01AF9204650
:10901000BDE8104020F003B910BD70470438704718
:10902000704710B50446102131F0CCFE204610BD2B
:10903000A0F10400F5E700000022C1608260044A4C
:1090400010B502F1080420320460426010BD00BF78
:1090500054340408704704387047704710B504460C
:10906000102131F0AFFE204610BDA0F10400F5E75D
:109070000022C1608260044A10B502F10804203267
:109080000460426010BD00BF7C34040870470000DB
:10909000034B10B50446036000F090FC204610BD61
:1090A000AC34040810B50446FFF7F2FF4FF48161B9
:1090B000204631F087FE204610BD000010B5044662
:1090C00000F0BEFC064B04F58062204623600023BE
:1090D00084F8FC330023136004F20442136010BDD3
:1090E000AC34040810B590F8FC3393B900F5AA74B9
:1090F000204618F0EAF900280BDD204618F0E5F9C3
:10910000411E204618F09DF82046BDE8104020F092
:1091100086B810BDF8B504460227B0F9543300F5FF
:109120005E75B4F9562300F20440B4F952C306EE5A
:10913000903A30F9826C30F9841CFAEEEF6A90EDC7
:10914000007AB4F950E392FBF7F2624404F5806CC4
:1091500007EE902AF8EEE77A96FBF7F2E7EE267A2A
:1091600093FBF7F3B0EE677A07EE902A7344D4F8D6
:109170007823F8EEE77A77EE677A9CED007AFDEED9
:10918000E77A17EE900A07EE903AF8EEE77AA4F83D
:109190007E032846E7EE267A91FBF7F3B0EE677A76
:1091A00007EE903AF8EEE77A77EE677AFDEEE77A27
:1091B00017EE903AA4F87C33936B9847D4F8783341
:1091C00028463146DB6B98472846BDE8F84020F03A
:1091D00026B810B5044600F0F2FB2046BDE810406A
:1091E000FFF798BF7429F8B504460D462DED028BA4
:1091F0003DD1012300F5AA7680F8FC33304618F003
:1092000064F9632809DC304618F05FF9811C3046A8
:1092100018F017F8304620F002F804F5806704F2E1
:109220000446772DD7ED008A96ED008A23D1DFED35
:109230001E7A38EE678A68EE087AE8EEA87A17EEAA
:10924000900A32F047FDF7EE007A07EE100AB4EE0E
:10925000E77AF1EE10FA23D8C7ED008A204686EDB2
:10926000008ABDEC028BBDE8F840FFF753BF002336
:1092700080F8FC33D1E7732D04D1DFED0B7A38EEA3
:10928000278AD8E7612D04D1DFED077A78EEE78AE7
:10929000D1E7642D04BFDFED047A78EEA78ACAE730
:1092A000BDEC028BF8BD00BFCDCCCC3D7047704704
:1092B00070470000034B10B50446036000F0F2FD58
:1092C000204610BDE034040810B50446FFF7F2FF55
:1092D00040F27451204631F075FD204610BD00006B
:1092E00010B5044600F03AFE014B2046236010BD45
:1092F000E034040800F0D7BD704704387047704769
:1093000010B50446102131F05DFD204610BDA0F1DE
:109310000400F5E70022C1608260044A10B502F142
:10932000080420320460426010BD00BF0C35040800
:10933000002202607047704770470000034B10B571
:109340000446036001F004F9204610BD3C350408D2
:1093500010B50446FFF7F2FF40F27451204631F099
:1093600031FD204610BD000010B5044601F02AF979
:10937000014B2046236010BD3C35040801F0E9B8DC
:10938000704704387047704710B50446102131F01B
:1093900019FD204610BDA0F10400F5E70022C160D0
:1093A0008260044A10B502F1080420320460426071
:1093B00010BD00BF68350408704700F59873086851
:1093C000496803C37047704701F028BE10B50446D2
:1093D0004FF4AE7131F0F6FC204610BD10B50446D6
:1093E000D0F85801FFF7A7FF2046BDE810401EF057
:1093F000AFBD10B50446D0F8400158B10368DB6832
:10940000984738B1D4F8400103689B689847002317
:10941000C4F8403110BD000010B5044601F0C2FD93
:10942000014B2046236010BD9835040890F8252094
:1094300012B103685B69184770470020704781804C
:109440007047C18070470181704741817047704704
:109450007047704770477047C388D21A8388C91A0B
:10946000036812B209B210B45DF8044B5B6D184783
:109470004FF6FF7383814FF0FF3303621368C361BC
:109480001060704790F825201AB190F8242002B19E
:109490001860704770477047704770477047704753
:1094A00030B4C568034644686A10ED079B6804EB56
:1094B000020048BFA25830BC48BFD3581847436881
:1094C0002BB183682BB9C06800F0010070471846C3
:1094D00070470120704710B50446082131F072FC36
:1094E000204610BD10B50446102131F06BFC20461B
:1094F00010BD10B504464FF4577131F063FC20469F
:1095000010BD38B500F5D67304460D46994203D117
:109510001EF05AFC01F092FD04F59474A54205D1A9
:109520001EF052FCBDE8384001F0D8BD38BD000047
:109530000A4A026000228280C280028142818281C6
:10954000C28102824282C2610284428480F8242065
:10955000C0E90522012280F825207047FC88040814
:1095600070B50368044615461B6B98472368294667
:1095700020465B6BBDE87040184770B504461E4638
:10958000BDF91050FFF7ECFF2368314620469A6B77
:109590009047236829462046DB6BBDE8704018479A
:1095A00038B504460D462622002134F021FB204622
:1095B000FFF7BEFF064B2046294623602B88E38435
:1095C000FF2384F828301BF0EEFF204638BD00BF93
:1095D0002C88040810B504462622002134F008FB2C
:1095E0002046FFF7A5FF0C4B4FF6FF724FF47F01AB
:1095F00023602046094BA285A3620023A4F84020E3
:1096000084F8383084F83930A387E387A4F84220FF
:109610006364C4E90C3110BDBC860408EC35040851
:109620002DE9F04F044695B0002520F001FDA0463D
:10963000DB4B4FF0260B2946E56314AE5A4648F83B
:10964000403B40464FF6FF7734F0D2FA4046FFF7F2
:109650006FFFD44B04F16C0A04F198092364FF23D3
:1096600026F8087D5046314684F86630A5661BF022
:1096700033F84846FFF7AEFF04F1E00318460393C2
:10968000FFF7A8FF04F59473184606931BF064FFD8
:1096900004F5B27318460493FFF79CFF04F5D673E4
:1096A0005A4629461846059334F0A2FA0598FFF762
:1096B0003FFF4FF0010304F5F27BA4F8DA7184F860
:1096C000D031B94B5846A4F8DC7184F8DE71C4F887
:1096D000AC31A4F8E071C4F8D45184F8D85117F033
:1096E0003FFE04F532733146ADF8487018460793D3
:1096F000FFF756FF04F53D733146ADF84870184644
:109700000893FFF74DFF04F548733146ADF84870F4
:1097100018460993FFF744FFA44B2A462946C4F88C
:109720004C334046A24B271DC4F85043C4F8543371
:109730004FF48873C4F8585300934FF4F073FFF755
:109740001CFF4FF07F4341463846A3660DF12808C1
:1097500018F026F84FF0010331465046ADF8483076
:109760001BF021FF4FF488732A4629465046009388
:109770004FF4F073FFF701FF294650461AF066FFD9
:1097800051463846DFF830A218F00AF865224846FC
:109790002821FFF7E5FE4FF07F4349464046C4F8D5
:1097A000C830A4F8CC501BF09BFA04F1D40398E81D
:1097B000070083E80700132331464846CDF848A048
:1097C000ADF84C301BF026FD4946384617F0E8FF4F
:1097D0003E2203984FF48871FFF7C2FE4FF07F439B
:1097E00003994046C4F810314FF00509A4F814510C
:1097F0001BF076FA04F58E7398E8070083E80700FB
:10980000142331460398ADF84C30CDF848A01BF036
:1098100001FD0399384617F0C3FF06986FF0070261
:109820006FF00601FFF79CFE092310AA0FA9ADF8FF
:109830003C30ADF840300E230698ADF8443010238C
:109840000096ADF8483011AB1BF0F1FD04F55373F1
:1098500006993846C4F85031A4F86091A4F8629192
:10986000039317F09DFF27220498D121FFF778FE7C
:109870004FF07F4304994046C4F89431A4F89851BE
:109880001BF02EFA04F5D07398E8070083E8070070
:10989000192331460498ADF84C30CDF848A01BF0A0
:1098A000B9FC0499384617F07BFF4A46059840F208
:1098B0009F11FFF755FE0823324611A9ADF8443039
:1098C00007230598A4F8E031ADF848301BF0FCFC04
:1098D000039B38460599C4F8D43117F061FF584608
:1098E00053222821FFF73CFE12232A4629460093E3
:1098F00058464FF4C87317F08CFC0123294658468C
:10990000009364231A4617F0A3FD2946584617F022
:109910007EFD062331465846ADF8483017F0D3FE99
:109920005846244917F05FFC2946584617F089FC31
:109930005946384617F034FF742207982921FFF75B
:109940000FFE172331460798ADF848301BF02BFE69
:109950000799384617F024FF742208984721FFF72B
:10996000FFFD032331460898ADF848301BF01BFE7D
:109970000899384617F014FF742209986721FFF7F9
:10998000EFFD152331460998ADF848301BF00BFE6A
:109990003846099917F004FF204615B0BDE8F08F4E
:1099A000143604084C870408D4850408FC350408E0
:1099B000039500089434D3FFEC35040870477047D2
:1099C000704730B4C568034644686A10ED079B6869
:1099D00004EB020048BFA25830BC48BFD358184718
:1099E00043682BB183682BB9C06800F00100704751
:1099F000184670470120704710B50446102131F019
:109A0000E1F9204610BD10B504464FF47F7131F0E6
:109A1000D9F9204610BD38B500F58E7304460D46C1
:109A2000994203D11EF0D0F901F028FB9834A542E9
:109A300005D11EF0C9F9BDE8384001F03FBB38BD83
:109A40002DE9F04F044699B0002520F0F1FA2746A1
:109A5000DE4B4FF026092946E56318AE47F8403B38
:109A60004A4638464FF6FF7834F0C2F83846FFF7DA
:109A70005FFDD74B04F16C0A04F1980B2364FF23BC
:109A800026F8088D5046314684F86630A5661AF0EF
:109A900023FE58461BF060FD04F1D40318460393DF
:109AA000FFF798FD04F58E734A462946184604933D
:109AB00034F09EF80498FFF73BFD4FF0010304F5E6
:109AC000AA79A4F84A8184F84031C24B4846A4F8E8
:109AD0004C8184F84E81C4F81C31A4F85081C4F83C
:109AE000445184F8485117F03BFC04F50E731846B6
:109AF0000593FFF76FFD04F5207318460693FFF7F3
:109B000069FD04F532733146ADF8588018460A9362
:109B1000FFF746FD04F53D733146ADF85880184611
:109B20000B93FFF73DFD04F548733146ADF85880BF
:109B300018460C93FFF734FD04F553733146ADF826
:109B40005880184607931AF0C7FD04F55E73314636
:109B5000ADF85880184608931AF0BEFD04F56973F5
:109B600004F1040818460993FFF734FD9A4B2A467E
:109B70002946C4F8EC333846984BC4F8F043C4F88F
:109B8000F4334FF48873C4F8F85300934FF4F07330
:109B9000FFF7F3FC4FF07F4339464046A3660EAF14
:109BA00017F0FEFD31465046ADF858501BF0FBFC57
:109BB0004FF488732A462946009350464FF4F073B9
:109BC000FFF7DBFC294650461AF040FD514640465F
:109BD0004FF0050A17F0E4FD58466FF007026FF0EA
:109BE0000601FFF7BDFC092314AA13A9ADF84C30F8
:109BF0005846ADF850300F230096ADF8543010237E
:109C0000ADF8583015AB1BF012FC04F57B73A4F8CB
:109C1000D0A05946C4F8C0304FF0FF3BA4F8D2A002
:109C200040460D9317F0BCFD27220398D121FFF782
:109C300097FC03993846C4F804B1A4F808511BF006
:109C40004FF804F5887C664B97E807008CE807001E
:109C50001A22314603981693ADF85C201BF0DAFA0D
:109C60000399404617F09CFD5246049840F29F111C
:109C7000FFF776FC0C224FF0120A15A9ADF8582018
:109C8000A4F8502132460498ADF854A01BF01CFBF8
:109C90000D9B40460499C4F8443117F081FD4846B5
:109CA00053222821FFF75CFC2A4629464846CDF876
:109CB00000A04FF4C87317F0ACFA642301222946C0
:109CC000484600921A4617F0C3FB2946484617F04B
:109CD0009EFB062331464846ADF8583017F0F3FC9A
:109CE0004846404917F07FFA2946484617F0A9FA36
:109CF000494640464FF0160917F052FD6522059877
:109D00002821FFF72DFC05993846C4F868B2A4F85D
:109D10006C521AF0E5FF04F51D7397E8070083E81D
:109D200007002F4B314605981693ADF85C901BF059
:109D300071FA0599404617F033FD3E2206984FF41C
:109D40008871FFF70DFC06993846C4F8B0B2A4F844
:109D5000B4521AF0C5FF04F52F7397E8070083E8A3
:109D600007001F4B3146069816931523ADF85C305B
:109D70001BF050FA0699404617F012FD74220A981B
:109D80002921FFF7EDFB182331460A98ADF858302A
:109D90001BF009FC0A99404617F002FD74220B984B
:109DA0004721FFF7DDFB042331460B98ADF858300F
:109DB0001BF0F9FB0B99404617F0F2FC74220C984B
:109DC0006721FFF7CDFB31460C980DE060360408A3
:109DD0004C870408D485040848360408179A0008FC
:109DE000EC3504089434D3FFADF858901BF0DBFB3E
:109DF0000C99404617F0D4FC0A2331460798ADF879
:109E000058301BF0D0FB5323BD22079840F283113A
:109E100000935D23FFF7B1FB294607981AF016FC63
:109E20000799404617F0BCFC142331460898ADF85A
:109E300058301BF0B8FB2023D622089840F29D1121
:109E400000932923FFF799FB294608981AF0FEFB97
:109E50000899404617F0A4FCAF2209984FF4CB7143
:109E6000FFF77EFB09993846C4F8D4B3A4F8D85359
:109E70001AF036FF04F5787397E8070083E80700C7
:109E8000074B314609981693ADF85C501BF0C2F9A8
:109E90004046099917F084FC204619B0BDE8F08FC0
:109EA000EC35040870477047704730B4C568034606
:109EB00044686A10ED079B6804EB020048BFA25893
:109EC00030BC48BFD358184743682BB183682BB9BF
:109ED000C06800F0010070471846704701207047C5
:109EE00010B50446102130F06DFF204610BD10B5AE
:109EF000044640F2745130F065FF204610BD00F575
:109F00009C60884208B505D11DF05EFFBDE80840A1
:109F100001F0C4B808BD138883861BF0D5B90000D2
:109F200010B504462622002133F062FE2046FFF7DA
:109F3000FFFA0023084A2046A36284F82C3001234C
:109F4000226084F824304FF6FF73E385238684F87B
:109F50003230A38610BD00BFD48504082DE9F04F30
:109F600004469FB0002720F063F8A046E44B262269
:109F70003946E7631EAD48F8403B404633F038FEB3
:109F80004046FFF7D5FADF4B04F16C0A04F198095B
:109F90002364FF23A766504684F866304FF6FF73AC
:109FA00004F5127B261D25F8083D29461AF094FB7E
:109FB0004846FFF70FFB04F1E00318460393FFF751
:109FC00009FB04F5947318460493FFF703FB04F5AB
:109FD000B87318460593FFF7FDFA04F5DC731846CD
:109FE0000693FFF7F7FA04F5007318460793FFF797
:109FF000F1FA5846FFF7EEFA04F5247318460B936E
:10A00000FFF78EFF04F5327318460C93FFF788FFB5
:10A0100004F5407318460D93FFF782FF04F54E7365
:10A0200018460E93FFF77CFF04F55C7318460F93F8
:10A03000FFF776FF04F56A7318461093FFF770FF79
:10A0400004F5787318461193FFF76AFF04F58363EC
:10A0500018461293FFF764FF04F58A6318460893C5
:10A06000FFF7B8FA04F5936318460993FFF7B2FABD
:10A0700004F59C63184613931BF06EFA04F21C530C
:10A0800018460A93FFF7A6FA9F4B3A463946C4F89A
:10A09000643540469D4BC4F86845C4F86C354FF4B0
:10A0A0008873C4F8707500934FF4F073FFF765FA86
:10A0B0004FF07F4341463046A3660DF1500817F03C
:10A0C0006FFB4FF0010329465046ADF870301BF08E
:10A0D0006AFA4FF488724FF4F07339465046009292
:10A0E0003A46FFF74AFA394650461AF0AFFA514657
:10A0F0003046DFF81CA217F053FB4846502260217F
:10A10000FFF72EFA4FF07F4249464046C4F8C82078
:10A11000A4F8CC701AF0E4FD04F1D40398E8070029
:10A1200083E80700022329464846CDF870A0ADF821
:10A1300074301BF06FF84946304617F031FB039836
:10A14000C8226021FFF70CFA4FF07F420399404686
:10A15000C4F810214FF01309A4F814711AF0C0FDCF
:10A1600004F58E7398E8070083E807000323294667
:10A170000398ADF87430CDF870A01BF04BF803993C
:10A18000304617F00DFB0498A0226021FFF7E8F994
:10A190004FF07F4204994046C4F85821A4F85C71FE
:10A1A0001AF09EFD04F5B27398E8070083E80700F3
:10A1B000042329460498ADF87430CDF870A01BF044
:10A1C00029F80499304617F0EBFA059878226021B7
:10A1D000FFF7C6F94FF07F4205994046C4F8A02129
:10A1E000A4F8A4711AF07CFD04F5D67398E8070072
:10A1F00083E807004FF0050329460598ADF8743051
:10A20000CDF870A01BF006F80599304617F0C8FA93
:10A210000698502240F26111FFF7A2F94FF07F42F9
:10A2200006994046C4F8E821A4F8EC711AF058FDEC
:10A2300004F5FA7398E8070083E807000623294627
:10A240000698ADF87430CDF870A01AF0E3FF0699C7
:10A25000304617F0A5FA0798C82240F26111FFF7BF
:10A260007FF94FF07F4207994046C4F83022A4F8A6
:10A2700034721AF035FD04F50F7398E8070083E88F
:10A280000700072329460798ADF87430CDF870A071
:10A290001AF0C0FF0799304617F082FA5846A022FC
:10A2A00040F26111FFF75CF94FF07F42594640469A
:10A2B000C4F87822A4F87C721AF012FD04F5217318
:10A2C00098E8070083E80700082329465846CDF898
:10A2D00070A0ADF874301AF09DFF594630464FF02B
:10A2E000110B17F05DFA0B984B224FF48C71FFF7AE
:10A2F00037F92A461BA90B98ADF870900AE000BF09
:10A30000AC3604084C87040894360408FF9E000805
:10A31000EC350408ADF86CB0FFF7FDFD0B99304645
:10A3200017F03EFA0C98C3224FF48C71FFF718F91E
:10A330002A461BA90C98ADF87090ADF86CB0FFF7E9
:10A34000EAFD0C99304617F02BFA0D989B224FF43A
:10A350008C71FFF705F92A461BA90D98ADF870908E
:10A36000ADF86CB0FFF7D7FD0D99304617F018FA2D
:10A370000E9873224FF48C71FFF7F2F82A461BA94E
:10A380000E98ADF87090ADF86CB0FFF7C4FD0E9963
:10A39000304617F005FA0F9873221721FFF7E0F8FF
:10A3A0002A461BA90F98ADF87090ADF86CB0FFF776
:10A3B000B2FD0F99304617F0F3F910989B22172140
:10A3C000FFF7CEF82A461BA91098ADF87090ADF8AB
:10A3D0006CB0FFF7A0FD1099304617F0E1F9119825
:10A3E000C3221721FFF7BCF82A461BA91198ADF824
:10A3F0007090ADF86CB0FFF78EFD1199304617F0F4
:10A40000CFF912984B221721FFF7AAF82A461BA969
:10A410001298ADF870904FF00909ADF86CB0FFF7E5
:10A420007AFD1299304617F0BBF90898782240F26D
:10A430006111FFF795F84FF07F4208994046C4F844
:10A440008024A4F884741AF04BFC04F28C4398E83E
:10A45000070083E8070029460898CDF870A0ADF8FA
:10A4600074901AF0D7FE0899304617F099F93A46D9
:10A4700009989C21FFF774F84FF07F4209994046F4
:10A48000C4F8C824A4F8CC741AF02AFC04F2D4430B
:10A4900098E8070083E80700172329460998ADF8D4
:10A4A0007430CDF870A01AF0B5FE0999304617F057
:10A4B00077F913986FF007026FF00601FFF750F875
:10A4C0000E231BAA19A9ADF86C3010231398ADF810
:10A4D0007030134600951AAAADF86490ADF86890F4
:10A4E0001AF0A5FF4FF0050313993046A4F818356C
:10A4F000A4F81A3504F26453C4F8083517F050F97B
:10A500000A982122A921FFF72BF84FF07F420A99E0
:10A510004046C4F84C25A4F850751AF0E1FB04F548
:10A52000AB6398E8070083E807004FF00103294672
:10A530000A98ADF87430CDF870A01AF06BFE304672
:10A540000A9917F02DF920461FB0BDE8F08F00BF23
:10A5500070477047704730B4C568034644686A1056
:10A56000ED079B6804EB020048BFA25830BC48BF0F
:10A57000D358184743682BB183682BB9C06800F0E3
:10A5800001007047184670470120704710B5044617
:10A59000102130F017FC204610BD10B5044640F2E3
:10A5A000745130F00FFC204610BD00F585608842E4
:10A5B00008B505D11DF008FCBDE8084000F04EBD0F
:10A5C00008BD00002DE9F04F04469FB000271FF0A2
:10A5D0002FFDA046DB4B26223946E7631EAD48F827
:10A5E000403B404633F004FB4046FEF7A1FFD64B0C
:10A5F00004F16C0A04F198092364FF23A76650460E
:10A6000084F866304FF6FF734FF4887B261D25F8DB
:10A61000083D29461AF060F84846FEF7DBFF04F1D2
:10A62000E00318460293FEF7D5FF04F5947318462D
:10A630000393FEF7CFFF04F5B87318460493FEF7B3
:10A64000C9FF04F5DC7318460593FEF7C3FF04F554
:10A65000007318460693FEF7BDFF04F51273184603
:10A660000793FEF7B7FF04F5247318460B93FFF723
:10A6700057FC04F5327318460C93FFF751FC04F5B0
:10A68000407318460D93FFF74BFC04F54E731846C4
:10A690000E93FFF745FC04F55C7318460F93FFF724
:10A6A0003FFC04F56A7318461093FFF739FC04F574
:10A6B000787318460893FEF78DFF04F585631846F6
:10A6C00011931AF049FF04F2644318460993FEF708
:10A6D00081FF04F2AC4318461293FFF721FC04F209
:10A6E000E44318461393FFF71BFC04F21C5318466F
:10A6F0000A93FEF76FFF954B3A46CDF800B0C4F8C9
:10A7000064353946924B4046C4F86845C4F86C3508
:10A710004FF4F073C4F87075FEF72FFF4FF07F43CE
:10A7200041463046A3660DF1500817F039F8294626
:10A730005046ADF870701AF036FF4FF4F0733A4699
:10A74000CDF800B039465046FEF717FF394650465F
:10A750004FF0FF3B19F07AFF514630464FF00D0A9B
:10A7600017F01EF8502248466021FEF7F9FE4946D0
:10A770004046C4F8C8B0A4F8CC701AF0B1FA04F19D
:10A78000D40398E8070083E80700724B294648463F
:10A790001C930A23ADF874301AF03CFD494630464C
:10A7A00016F0FEFFC82202986021FEF7D9FE02993A
:10A7B0004046C4F810B1A4F814714FF00C091AF017
:10A7C0008FFA04F58E7398E8070083E80700614B61
:10A7D000294602981C930B23ADF874301AF01AFD29
:10A7E0000299304616F0DCFFA02203986021FEF7A4
:10A7F000B7FE03994046C4F858B1A4F85C711AF04A
:10A800006FFA04F5B27398E8070083E80700514B2C
:10A81000294603981C93ADF874901AF0FBFC039939
:10A82000304616F0BDFF782204986021FEF798FEAE
:10A8300004994046C4F8A0B1A4F8A4711AF050FAE3
:10A8400004F5D67398E8070083E80700414B2946D2
:10A8500004981C93ADF874A01AF0DCFC04993046FF
:10A8600016F09EFF5022059840F26111FEF778FE27
:10A8700005994046C4F8E8B1A4F8EC711AF030FA32
:10A8800004F5FA7398E8070083E80700314B29467E
:10A8900005981C930E23ADF874301AF0BBFC059993
:10A8A000304616F07DFFC822069840F26111FEF78F
:10A8B00057FE06994046C4F830B2A4F834721AF034
:10A8C0000FFA04F50F7398E8070083E80700214B9F
:10A8D0004FF00F02294606981C93ADF874201AF029
:10A8E00099FC0699304616F05BFFA022079840F2CB
:10A8F0006111FEF735FE07994046C4F878B2A4F816
:10A900007C721AF0EDF904F5217398E8070083E8EA
:10A910000700104B294607981C931023ADF874309C
:10A9200002931AF077FC0799304616F039FF0B981E
:10A93000C3224FF48C71FEF713FE2A461BA90B9815
:10A940000AE000BFF83604084C870408E036040823
:10A95000ABA50008EC350408ADF86C90ADF870A01C
:10A96000FFF7D9FA0B99304616F01AFF0C987322AC
:10A970004FF48C71FEF7F4FD2A461BA90C98ADF834
:10A980006C90ADF870A0FFF7C6FA0C99304616F03F
:10A9900007FF0D989B224FF48C71FEF7E1FD2A46CC
:10A9A0001BA90D98ADF86C90ADF870A0FFF7B3FA45
:10A9B0000D99304616F0F4FE0E984B224FF48C7130
:10A9C000FEF7CEFD2A461BA90E98ADF86C90ADF8A7
:10A9D00070A0FFF7A0FA0E99304616F0E1FE0F982E
:10A9E000C3221721FEF7BCFD2A461BA90F98ADF81C
:10A9F0006C90ADF870A0FFF78EFA0F99304616F004
:10AA0000CFFE109873221721FEF7AAFD2A461BA934
:10AA10001098ADF86C90ADF870A0FFF77CFA109923
:10AA2000304616F0BDFE3A4608989C21FEF798FD88
:10AA300008994046C4F810B4A4F814741AF050F9F8
:10AA400004F21C4C504B98E807008CE807001822D1
:10AA5000294608981C93ADF874201AF0DBFB08997E
:10AA6000304616F09DFE11986FF007026FF0060158
:10AA7000FEF776FD0922029B19A9ADF86420ADF816
:10AA800068204FF00F02ADF87030ADF86C201BAAB3
:10AA90001198134600951AAA1AF0C9FC05231199BA
:10AAA0003046A4F86034A4F8623404F26453C4F865
:10AAB000503416F075FE21220998A921FEF750FDA9
:10AAC00009994046C4F894B4A4F898741AF008F9A7
:10AAD00004F5946398E8070083E807002A4B2946A9
:10AAE00009981C931223ADF874301AF093FB09995E
:10AAF000304616F055FE12989B221721FEF730FDC6
:10AB00002A461BA91298ADF86C90ADF870A0FFF71B
:10AB100002FA1299304616F043FE13984B22172181
:10AB2000FEF71EFD2A461BA91398ADF86C90ADF8F0
:10AB300070A0FFF7F0F91399304616F031FE782235
:10AB40000A9840F26111FEF70BFD0A994046C4F8DD
:10AB50004CB5A4F850751AF0C3F804F5AB6398E847
:10AB6000070083E80700084B29460A981C93112325
:10AB7000ADF874301AF04EFB30460A9916F010FE0C
:10AB800020461FB0BDE8F08FEC35040870477047D1
:10AB900070474160704770470123037270477047E8
:10ABA00070477047704770477047704738B5054623
:10ABB00040680368DB69984704464CB1E188204649
:10ABC000AB89C91A236809B25B6B9847A469F4E79B
:10ABD00038BD38B5054640680368DB6998470446C8
:10ABE0004CB1E1882046AB89C91A236809B25B6B76
:10ABF0009847A469F4E738BD704710B4C4680346A9
:10AC000041686210E4079B6801EB020048BF8A5864
:10AC10005DF8044B48BFD358184743682BB183688D
:10AC20002BB9C06800F0010070471846704701203A
:10AC3000704710B504460C2130F0C4F8204610BD12
:10AC400010B50446142130F0BDF8204610BD10B5F3
:10AC50000446102130F0B6F8204610BD10B5044669
:10AC6000102130F0AFF8204610BD10B50446142175
:10AC700030F0A8F8204610BD10B504464FF4AE7170
:10AC800030F0A0F8204610BD10B50446102130F079
:10AC900099F8204610BD10B51DF096F80368BDE880
:10ACA0001040DB6B184710B51DF08EF80368BDE847
:10ACB00010405B6B184710B51DF086F80368BDE8BF
:10ACC00010405B6B184710B51DF07EF80368BDE8B7
:10ACD00010405B6B184710B51DF076F80368BDE8AF
:10ACE00010405B6B1847000073B50446807A013052
:10ACF000637AC0B29842A07205D90123237200235F
:10AD0000A37202B070BDB4F90C200021B4F90E603A
:10AD10001FF040FB83B213F0010235D1E081E589D9
:10AD2000A37AAD1B012BADB206D11B4B1B781BB117
:10AD30001DF04AF81DF04EF80023184AADF8003017
:10AD40001288E3891A445B42ADF80220144AADF838
:10AD500006301288ADF804201DF036F802AA036808
:10AD600012E906001B6C984760680368DB69984726
:10AD70000446002CC5D0E1882046236829445B6B3B
:10AD800009B29847A469F4E74FF6FF710028D8BFCD
:10AD90000A461344E381C2E7E05E0120D85E012049
:10ADA000D65E012073B50446807A0130637AC0B262
:10ADB0009842A07205D9012323720023A37202B026
:10ADC00070BDB4F90C200021B4F90E601FF0E2FA56
:10ADD00083B213F001022ED1E081E589A37AAD1B85
:10ADE000012BADB206D1184B1B781BB11CF0ECFF48
:10ADF0001CF0F0FF00230093144B1B88ADF80430C7
:10AE0000E389ADF806301CF0DFFF02AA036812E9FF
:10AE100006001B6C984760680368DB699847044626
:10AE2000002CCCD0E1882046236829445B6B09B212
:10AE30009847A469F4E74FF6FF710028D8BF0A4687
:10AE40001344E381C9E700BFE05E0120D65E012024
:10AE500013B50446807A0130637AC0B29842A0727A
:10AE600005D9012323720023A37202B010BDB4F9E7
:10AE70000C2000211FF08EFA83B213F0010227D1BB
:10AE8000E0810023B4F90E20ADF80230B4F910309F
:10AE90002282ADF80030D31AADF80430104B1B8875
:10AEA000ADF806301CF090FF02AA036812E9060014
:10AEB0001B6C9847A37A012BD7D10A4B1B78002B28
:10AEC000D3D01CF081FF02B0BDE810401CF082BF5F
:10AED0004FF6FF710028D8BF0A461344E381D0E73C
:10AEE000D85E0120E05E012013B50446807A01306F
:10AEF000637AC0B29842A07205D90123237200235D
:10AF0000A37202B010BDB4F90C2000211FF042FA68
:10AF100083B213F001022AD1E081B4F90E100023AC
:10AF2000174AADF802308BB21288D21AADF8002061
:10AF3000228A21829B1AADF80430124B1B88ADF88F
:10AF400006301CF041FF02AA036812E906001B6CE0
:10AF50009847A37A012BD4D10B4B1B78002BD0D070
:10AF60001CF032FF02B0BDE810401CF033BF4FF6BA
:10AF7000FF710028D8BF0A461344E381CDE700BF24
:10AF8000D65E0120D85E0120E05E0120044B1B68E4
:10AF900093F858200AB1D86C00B99868704700BF80
:10AFA000E45E0120F8B5044617460E461DF044F84D
:10AFB000164B0025C4F854711C602946144BC4F884
:10AFC0003C512360134BC4F84051C4F84431124B38
:10AFD000C4F848511868C4F84C51C4F85051C4F82A
:10AFE000586103689B689847284601F039F8FFF7D5
:10AFF000CDFF27F0EEFAFFF7C9FF27F065FBFFF75B
:10B00000C5FF27F06DFB2046F8BD00BF385F01206B
:10B01000443704082C370408E45E0120064BC0F8CE
:10B020004801C0F84C310023C0F8503100F5A2733C
:10B03000C0F84031704700BF3DB80008064BC0F86B
:10B040004801C0F84C310023C0F8503100F5A2731C
:10B05000C0F84031704700BFB5B90008064BC0F8D2
:10B060004801C0F84C310023C0F8503100F5A273FC
:10B07000C0F84031704700BF2DBB0008064BC0F838
:10B080004801C0F84C310023C0F8503100F5A273DC
:10B09000C0F84031704700BF51B20008064BC0F8FD
:10B0A0004801C0F84C310023C0F8503100F5A273BC
:10B0B000C0F84031704700BFCDB30008064BC0F860
:10B0C0004801C0F84C310023C0F8503100F5A2739C
:10B0D000C0F84031704700BF4DB50008064BC0F8BE
:10B0E0004801C0F84C310023C0F8503100F5A2737C
:10B0F000C0F84031704700BFCDB600082DE9F047D9
:10B10000074690689946884603681546DDF820A0F2
:10B110001B6A9847B0F5587F05D2464BA321464A93
:10B12000464831F015FE686803681B6A98470F2887
:10B1300003D8434BA421404AF2E7E86803681B6A3E
:10B140009847132803D83F4BA5213B4AE8E71CF05A
:10B150003BFE04301CF09EFED9F8000010B10368DD
:10B16000DB689847D9F8000010B103681B6898475E
:10B17000386810B103685B699847D8F8000010B1CF
:10B1800003685B689847386810B103681B68984784
:10B19000D8F8000010B103689B689847E868002160
:10B1A00003685B6A9847044660B10023264A4360FF
:10B1B00003728372C3810382244B026014221B88B2
:10B1C00042728381A868002103685B6A984706463B
:10B1D00008B1FDF7E1FE6868002103685B6A9847E3
:10B1E000054610B13146FDF727FFC9F80040C8F801
:10B1F00000503E60E5B12B1DCAF800303046C5F85E
:10B2000008A03368F563DB6898472B6828461B68FD
:10B210009847214630461FF0B7F8236820461B693F
:10B220009847236820465B6998472846BDE8F08721
:10B230002B46E1E7443804089A3D0408D238040854
:10B2400013390408B639040828380408D65E0120EA
:10B2500007B5D0F8583100F59E710093044BD0F833
:10B2600054210448FFF74AFF03B05DF804FB00BF18
:10B270002C5F0120285F01202DE9F04707469068E8
:10B280009946884603681546DDF820A01B6A984752
:10B29000B0F5587F05D2464BA321464A464831F0C7
:10B2A00057FD686803681B6A98470F2803D8434B0B
:10B2B000A421404AF2E7E86803681B6A98470F2810
:10B2C00003D83F4BA5213B4AE8E71CF07DFD043045
:10B2D0001CF0E0FDD9F8000010B10368DB68984766
:10B2E000D9F8000010B103681B689847386810B19E
:10B2F00003685B699847D8F8000010B103685B6881
:10B300009847386810B103681B689847D8F8000060
:10B3100010B103689B689847E868002103685B6A7E
:10B320009847044658B10023264A4360037283724B
:10B33000C381254B026014221B8842728381A86856
:10B34000002103685B6A9847064608B1FDF724FEB2
:10B350006868002103685B6A9847054610B131466A
:10B36000FDF76AFEC9F80040C8F800503E60E5B13C
:10B370002B1DCAF800303046C5F808A03368F563C5
:10B38000DB6898472B6828461B689847214630465B
:10B390001EF0FAFF236820461B6998472368204661
:10B3A0005B6998472846BDE8F0872B46E1E700BF78
:10B3B00044380408B83E0408D23804081339040895
:10B3C000B6390408E0370408D85E012007B5D0F884
:10B3D000583100F59E710093044BD0F85421044875
:10B3E000FFF74AFF03B05DF804FB00BF2C5F0120AC
:10B3F000285F01202DE9F047074690689946884666
:10B4000003681546DDF820A01B6A984740F2735385
:10B41000984205D8464BA321464A474831F098FC4C
:10B42000686803681B6A98470F2803D8434BA42118
:10B43000404AF2E7E86803681B6A98470F2803D878
:10B440003F4BA5213B4AE8E71CF0BEFC04301CF052
:10B4500021FDD9F8000010B10368DB689847D9F8DE
:10B46000000010B103681B689847386810B1036882
:10B470005B699847D8F8000010B103685B6898478B
:10B48000386810B103681B689847D8F8000010B1FD
:10B4900003689B689847E868002103685B6A9847DF
:10B4A000044660B10023274A436003728372C3815C
:10B4B000254B026014221B8842725B428381A8687C
:10B4C000002103685B6A9847064608B1FDF74CFF08
:10B4D0006868002103685B6A9847054610B13146E9
:10B4E000FDF75CFFC9F80040C8F800503E60E5B1C8
:10B4F0002B1DCAF800303046C5F808A03368F56344
:10B50000DB6898472B6828461B68984721463046D9
:10B510001EF03AFF236820461B699847236820469F
:10B520005B6998472846BDE8F0872B46E1E700BFF6
:10B5300044380408D73F0408D238040813390408F3
:10B54000B639040804380408D85E012007B5D0F8DD
:10B55000583100F59E710093044BD0F854210448F3
:10B56000FFF748FF03B05DF804FB00BF2C5F01202C
:10B57000285F01202DE9F0470746906899468846E4
:10B5800003681546DDF820A01B6A984740F2735304
:10B59000984205D8464BA321464A474831F0D8FB8C
:10B5A000686803681B6A98470F2803D8434BA42197
:10B5B000404AF2E7E86803681B6A98470F2803D8F7
:10B5C0003F4BA5213B4AE8E71CF0FEFB04301CF092
:10B5D00061FCD9F8000010B10368DB689847D9F81E
:10B5E000000010B103681B689847386810B1036801
:10B5F0005B699847D8F8000010B103685B6898470A
:10B60000386810B103681B689847D8F8000010B17B
:10B6100003689B689847E868002103685B6A98475D
:10B62000044660B10023274A436003728372C381DA
:10B63000254B026014221B8842725B428381A868FA
:10B64000002103685B6A9847064608B1FDF748FE8B
:10B650006868002103685B6A9847054610B1314667
:10B66000FDF758FEC9F80040C8F800503E60E5B14B
:10B670002B1DCAF800303046C5F808A03368F563C2
:10B68000DB6898472B6828461B6898472146304658
:10B690001EF07AFE236820461B69984723682046DF
:10B6A0005B6998472846BDE8F0872B46E1E700BF75
:10B6B00044380408F6400408D23804081339040852
:10B6C000B639040804380408D85E012007B5D0F85C
:10B6D000583100F59E710093044BD0F85421044872
:10B6E000FFF748FF03B05DF804FB00BF2C5F0120AB
:10B6F000285F012003685B6A184703685B6A184784
:10B700002DE9F04707469068994688460368154634
:10B71000DDF820A01B6A9847B0F5816F05D2414B38
:10B72000A321414A414831F013FB686803681B6A52
:10B7300098470F2803D83E4BA4213B4AF2E7E8681C
:10B7400003681B6A98470B2803D83A4BA521364A51
:10B75000E8E71CF039FB04301CF09CFBD9F8000032
:10B7600010B10368DB689847D9F8000010B103688E
:10B770001B689847386810B103685B699847D8F828
:10B78000000010B103685B689847386810B103681F
:10B790001B689847D8F8000010B103689B68984769
:10B7A000E868002103685B6A9847044620B10023DB
:10B7B00043600372204B03600021A868FFF79AFFE3
:10B7C000064608B1FDF77AFC68680021FFF795FF8F
:10B7D000054610B13146FDF74BFCC9F80040C8F8EA
:10B7E00000503E60E5B12B1DCAF800303046C5F868
:10B7F00008A03368F563DB6898472B6828461B6808
:10B800009847214630461EF0BFFD236820461B693D
:10B810009847236820465B6998472846BDE8F0872B
:10B820002B46E1E744380408593A0408D2380408A2
:10B8300013390408B63904089837040807B5D0F856
:10B84000583100F59E710093044BD0F85421044800
:10B85000FFF756FF03B05DF804FB00BF2C5F01202B
:10B86000285F01202DE9F0470746906899468846F1
:10B8700003681546DDF820A01B6A9847B0F5816F74
:10B8800005D2454BA321454A454831F061FA686825
:10B8900003681B6A98470F2803D8424BA4213F4AEC
:10B8A000F2E7E86803681B6A9847132803D83E4B01
:10B8B000A5213A4AE8E71CF087FA04301CF0EAFABE
:10B8C000D9F8000010B10368DB689847D9F8000088
:10B8D00010B103681B689847386810B103685B694A
:10B8E0009847D8F8000010B103685B68984738683B
:10B8F00010B103681B689847D8F8000010B10368BE
:10B900009B689847E868002103685B6A984704468B
:10B9100060B10023254A436003728372C3810382AE
:10B92000234B026014221B88427283810021A86885
:10B93000FFF7E0FE064608B1FDF7C0FB686800218E
:10B94000FFF7DBFE054610B13146FDF791FBC9F864
:10B950000040C8F800503E60E5B12B1DCAF8003029
:10B960003046C5F808A03368F563DB6898472B6854
:10B9700028461B689847214630461EF005FD23687F
:10B9800020461B699847236820465B6998472846EC
:10B99000BDE8F0872B46E1E7443804085D3B040826
:10B9A000D238040813390408B6390408BC3704082F
:10B9B000D65E012007B5D0F8583100F59E7100938E
:10B9C000044BD0F854210448FFF74CFF03B05DF856
:10B9D00004FB00BF2C5F0120285F01202DE9F04708
:10B9E000074690689946884603681546DDF820A00A
:10B9F0001B6A9847B0F5816F05D2454BA321454A94
:10BA0000454831F0A5F9686803681B6A98470F2814
:10BA100003D8424BA4213F4AF2E7E86803681B6A57
:10BA200098470F2803D83E4BA5213A4AE8E71CF077
:10BA3000CBF904301CF02EFAD9F8000010B10368DD
:10BA4000DB689847D9F8000010B103681B68984775
:10BA5000386810B103685B699847D8F8000010B1E6
:10BA600003685B689847386810B103681B6898479B
:10BA7000D8F8000010B103689B689847E868002177
:10BA800003685B6A9847044658B10023254A43601F
:10BA900003728372C381244B026014221B8842729A
:10BAA00083810021A868FFF725FE064608B1FDF74F
:10BAB00005FB68680021FFF720FE054610B13146FE
:10BAC000FDF7D6FAC9F80040C8F800503E60E5B16D
:10BAD0002B1DCAF800303046C5F808A03368F5635E
:10BAE000DB6898472B6828461B68984721463046F4
:10BAF0001EF04AFC236820461B69984723682046AD
:10BB00005B6998472846BDE8F0872B46E1E700BF10
:10BB1000443804087B3C0408D2380408133904086C
:10BB2000B6390408E0370408D85E012007B5D0F81C
:10BB3000583100F59E710093044BD0F8542104480D
:10BB4000FFF74CFF03B05DF804FB00BF2C5F012042
:10BB5000285F0120704710B504462C212FF032F9E0
:10BB6000204610BD30B5174D8FB02C78BFF35B8FDA
:10BB700014F0010423D128462EF03AFFF8B13F23F8
:10BB8000192211490993114B0A940893104B0194FF
:10BB9000079301230F480493CDE905430423CDE91E
:10BBA00002430A23CDE90B44009300F069F82846CC
:10BBB0002EF03AFF084A094906482FF0FDF80548DB
:10BBC0000FB030BD9C0C0020E01F1490409F040873
:10BBD000209F0408A00C00200000002055BB000896
:10BBE00013B5002249B102AB019203F8052D02689A
:10BBF000946801AAA04702B010BD0846FBE7C089BF
:10BC00007047008A7047C088704780887047807A84
:10BC100000F07F007047807AC009704700207047AD
:10BC200000207047406A7047806A704710B58A8864
:10BC30000B88D20A4C88C16943EA044351F82200B8
:10BC4000184410BD10B5C2B1137BB3B1547BD27A86
:10BC5000240204F4E0641443026A98B202EB840202
:10BC600013888B4202D192F9020010BD05D8013829
:10BC7000043280B20028F3D1F7E70020F5E7000096
:10BC800030B58BB00446BDF860500895BDF85C50E7
:10BC900007959DF8505006959DF84C5005959DF8D8
:10BCA000485004959DF8445003959DF840500295E6
:10BCB0009DF83C500195BDF8385000951DF010FFDF
:10BCC000064B20462360159BE361169B2362199B5C
:10BCD00063621A9BA3620BB030BD00BF2042040810
:10BCE00030B5184D8FB02C78BFF35B8F14F0010482
:10BCF00024D128462EF07CFE00B33F2301221249B6
:10BD00000993124B0A940893114B05941148CDE9FD
:10BD100006430423CDE903321E230A220093212384
:10BD2000CDE90B44CDE90144FFF7AAFF28462EF0E8
:10BD30007BFE094A094907482FF03EF805480FB035
:10BD400030BD00BFCC0C002094241490249F040824
:10BD5000349F0408D00C00200000002055BB0008D0
:10BD600030B5184D8FB02C78BFF35B8F14F0010401
:10BD700024D128462EF03CFE00B33F230122124975
:10BD80000993124B0A940893114B05941148CDE97D
:10BD900006430423CDE9033214230622009315231E
:10BDA000CDE90B44CDE90144FFF76AFF28462EF0A8
:10BDB0003BFE094A094907482EF0FEFF05480FB02F
:10BDC00030BD00BFFC0C002020251490389F0408D3
:10BDD0003C9F0408000D00200000002055BB000817
:10BDE00010B5002404600C6014601C6010BD0000DD
:10BDF00030B5174D8FB02C78BFF35B8F14F0010472
:10BE000022D128462EF0F4FDF0B13F230122114942
:10BE10000993114B0A940893104B05941048CDE9EF
:10BE200006430423CDE903322823CDE90B440093D4
:10BE3000CDE90144FFF724FF28462EF0F5FD094A1D
:10BE4000094907482EF0B8FF05480FB030BD00BFC4
:10BE50002C0D0020E43014902C9F0408489F040807
:10BE6000300D00200000002055BB000830B5174DF4
:10BE70008FB02C78BFF35B8F14F0010422D12846D9
:10BE80002EF0B6FDF0B13F23012211490993114B69
:10BE90000A940893104B05941048CDE906430423F7
:10BEA000CDE903321423CDE90B440093CDE90144DD
:10BEB000FFF7E6FE28462EF0B7FD094A0949074874
:10BEC0002EF07AFF05480FB030BD00BF5C0D00209A
:10BED000F4301490309F04084C9F0408600D00203B
:10BEE0000000002055BB0008704710B5044604212F
:10BEF0002EF068FF204610BD08B5052918D8DFE8E8
:10BF000001F003070F0B0F1300F01CF8006808BDC9
:10BF100000F018F84068FAE700F014F8C068F6E797
:10BF200000F010F88068F2E700F00CF80069EEE726
:10BF30000020ECE70048704794420408192070473D
:10BF40001B207047004870478C0D002010B5084C2E
:10BF5000FFF78CFF2060FFF74BFF6060FFF702FEEA
:10BF6000A060FFF7BDFEE060FFF7FAFE206110BDA4
:10BF70008C0D002000207047002070470EB403B5E0
:10BF800003AB002153F8042B01931DF01DF802B000
:10BF90005DF804EB03B070470CB407B504AB53F87D
:10BFA000042B01931DF010F803B05DF804EB02B010
:10BFB0007047000010B5436C044673B3038F2BB970
:10BFC000184BC521184A194830F0C2FEC38E00EB49
:10BFD00043035B8C0BB31EF095FF238F012B03D81B
:10BFE000134BCB21134AEEE7E28E40F63F10531C71
:10BFF0009BB2092B194688BFA3F10A0104EB41014A
:10C00000498C814209D10A2B04EB420228BF00234C
:10C01000508C04EB4303588451842046BDE8104003
:10C020001EF072BE88440408B54504089144040813
:10C03000D5440408E34404081EF02FBE10B586B0B2
:10C0400002AC84E806001A460AAB21460593019328
:10C05000099B0093089B1BF039FA06B010BD000045
:10C0600038B5D8B9114B12481B681249BBB11A68D0
:10C070009C681A441C4402605A681A440A606CB1F5
:10C080000D4B00221A80FFF75DFF0546FFF758FFB2
:10C090000A4B1C600A4B1D600A4B188038BD0A4BC6
:10C0A00003600A4B0B600A4B1C68E8E7A00D0020F8
:10C0B000A40D0020A80D0020AC0D00203C5F012045
:10C0C000445F0120405F0120AC3114900431149092
:10C0D000A8311490044B1B6853F82100034B1B68D4
:10C0E00003EB4000704700BFA80D0020A40D002006
:10C0F000012380F8781080F879307047704700206D
:10C100007047000041640031024B18BF01211970D3
:10C11000704700BFE15E0120704700207047836BCD
:10C120000BB10846184770474FF6FF7070474068DC
:10C1300003689B6918477047704700207047B1F942
:10C140000430838001207047704780F826107047C4
:10C1500090F82600704710B50022B1F90840B1F9F7
:10C160000A10028042808480C18010BD00220280BB
:10C1700042808280C28070470177704701627047B9
:10C1800080F82410704780F8251070470120704710
:10C19000983070478C30704784307047034B902242
:10C1A00083F85A2383F85823704700BF00E100E06A
:10C1B000094A0A49D3680A48C3F30A03013B9BB200
:10C1C0000B801169C1F30A01013901801364536BBB
:10C1D00043F0010353637047006801400E0E0020D6
:10C1E0000C0E0020014B986A704700BF8468014024
:10C1F000024B0122996243F8602C70478468014029
:10C20000144AF0B55369DB0323D50023C2F8843008
:10C21000BFF34F8FD2F8803043F6E076C3F3C90402
:10C22000C3F34E33A5075B0103EA060C28462146FB
:10C230004CEA0007013900F14040C2F874724F1C0B
:10C24000F6D1203B13F1200FEED1BFF34F8FBFF398
:10C250006F8FF0BD00ED00E070477047704770478A
:10C260003823002201FB0333C25490F838300BB955
:10C27000036C83647047704780F84C10704710B5AA
:10C28000044658212EF09EFD204610BD10B50446F0
:10C290002C212EF097FD204610BD10B50446BC2180
:10C2A0002EF090FD204610BD10B531B90A4B40F27A
:10C2B000FF210A4A0A4830F04BFDC0E90F12003254
:10C2C000084918BF01220A7019460268BDE81040EB
:10C2D000D2F89020104700BF61490408FC570408B9
:10C2E00099490408E05E012008B5094B1B888B4280
:10C2F00003D8084B1B88934205D9074BA321074A53
:10C30000074830F025FD074B1980074B1A8008BD00
:10C31000D65E0120D85E0120FE480408B957040803
:10C3200099490408DC5E0120DE5E012008B531B1C8
:10C33000044B40F29711044A044830F009FD90F88C
:10C34000390008BD84470408654D0408984704086F
:10C3500010B531B1064B40F29111064A064830F053
:10C36000F7FC406811460368BDE810401B6B184796
:10C3700084470408565204089847040808B529B1B0
:10C38000034B7A21034A044830F0E2FC006908BDFF
:10C3900084470408BF5504089847040808B529B124
:10C3A000054B8321054A064830F0D2FC416181608B
:10C3B000C0E9063208BD00BF84470408FB4E0408EC
:10C3C0009847040838B5044615F0D3FC23689D6EE1
:10C3D0001BF0FAFC01462046A8472368084A20467D
:10C3E000D3F88C500023A2F57F31A847054B064AAD
:10C3F0005A60064A1A649A644FF4FF225A6438BDA0
:10C4000000FC03C0B40D00204C16002000F40BC04B
:10C4100015F096BC15F0A0BC15F05CBC15F0DDBDA8
:10C4200010B5044616F034FA23682046D3F8BC3021
:10C43000BDE81040184790F87A301BB14068036897
:10C440001B6818471846704710B590F8784090F868
:10C4500034100C4B8C421A7809D03AB90A490B4A6D
:10C4600008881488108001220C801A7010BD002AE0
:10C47000FCD0064A0449148808880C8010800022E9
:10C48000F3E700BFDA5E0120D85E0120D65E01200E
:10C4900010B5044629B1274BA421274A274830F07C
:10C4A00057FC052A34D8DFE802F003292F34393E3F
:10C4B000406803681B69984750B34FF0FF31606DC7
:10C4C00006F03CFD0023012294F83E1084F83B3036
:10C4D00084F83920A360636101B1226284F83E30A0
:10C4E0006362E36A2BB90123206D84F83A3006F0C9
:10C4F00011FE606DBDE8104006F050BD002380F8CD
:10C50000393084F83E3003E00362002383604361E6
:10C5100010BD0362002383604361F2E7002380F8CB
:10C5200039300123EDE7003318BF012380F83D3097
:10C53000EEE700BF84470408D84904089847040878
:10C5400070B50446164629B1304BE721304A3148D0
:10C5500030F0FEFB90F8393033B12F4B1B6893F865
:10C560006B20436913444361E36A002B4CD0E269BA
:10C57000D4E905315943A3685343994220D2236A31
:10C58000002B41D04FF0FF31606D06F0D7FC236ADD
:10C590000BB10023E362E36AF3B90125606D06F095
:10C5A000FDFC94F839300BB9236A3BB1E36A2BB92F
:10C5B0000123206D84F83A3006F0ACFD284670BDAA
:10C5C00094F84C000028DDD0CB1AB3FBF2F30BB982
:10C5D0006362D7E7013BFBE70022A36294F83C507B
:10C5E0003046E262E2682261A2680132A2603363EF
:10C5F00033685B699847002DCFD194F83D30002B0C
:10C60000CCD184F83950C9E70125CAE7844704082A
:10C61000B84B040898470408E45E0120034B4FF030
:10C6200080629A604FF080729A60704700E100E08B
:10C63000084B4FF08062C3F88820BFF34F8FBFF3E1
:10C640006F8F4FF08072C3F88820BFF34F8FBFF316
:10C650006F8F704700E100E038B5034690F838006E
:10C6600030B11E4B40F2F5111D4A1E4830F070FBF0
:10C6700001229860D86083F83D2083F838204FF479
:10C68000F07258619861D861186258629862D862F5
:10C690001863586383F8390083F83A0083F83B0045
:10C6A00083F83C0083F83E00CA864FF4887281F814
:10C6B00034000A8708639A6C186102F5FF24D3E9F5
:10C6C000101529448C4203D9074B5821074ACCE75F
:10C6D0001A6302F57F329C645A6338BDD44704085C
:10C6E000C350040898470408044804081054040878
:10C6F000002370B583800646104B114D03602A68F5
:10C7000092F8581009B1D06C00B990680368DB6AE0
:10C7100098472B68B0FA80F4D86C640928B1036894
:10C72000DB6A9847002808BF01242CB9054B2C214F
:10C73000054A064830F00CFB304670BD68460408D8
:10C74000E45E01204448040880570408A248040815
:10C7500070B5284E3578BFF35B8F15F0010547D1D2
:10C7600030462EF045F9002842D0234C234B04F1EB
:10C7700034002561E58425856585A585C4E90035F6
:10C78000C4E902551DF0DBF804F1580017F00AFF68
:10C790001B4B2046A3651B4B40F8843BFFF7A8FFCB
:10C7A000194B3046C4F89050C4F884302433A4F8B0
:10C7B0009C50C4F88C304FF4C80384F8A85084F817
:10C7C000A95084F8AA50C4E928350023C4F8AC3035
:10C7D000C4F8B030C4F8B430C4F8B8300B4BC4F867
:10C7E00098302EF021F90A4A20460A492EF0E4FA40
:10C7F000014870BDB00D0020100E00201085040807
:10C800008846040800470408C4840408A484040873
:10C81000000000205BC2000838B5184C23685BB3E9
:10C82000174B184A1B6C11888B4216D1164B0025EA
:10C83000198802F0A9FD236893F86A2083F87C50D8
:10C84000013283F86A2000F09DFB206816F020F882
:10C850002846BDE8384001F0A7B902F095FD2468EC
:10C86000236820461B6A98470123002084F87C3007
:10C87000BDE8384001F0C8B938BD00BFE45E012012
:10C88000006801400E0E00200C0E00202DE9F74339
:10C8900004464FF4707894F83A304FF0FF311BB9EA
:10C8A000206D06F0FBFBF6E7606D06F047FB266B9C
:10C8B000A36A276AB342656808BF666B37B32B6803
:10C8C000394628465B6A98470023236284F83B3048
:10C8D000606D06F063FB2B684FF4F072CDF80080BA
:10C8E00031465F6928464FF48873B8474FF0FF31EF
:10C8F0000746606D06F022FB94F83B30C3B100237D
:10C9000084F83B30606D06F049FBC4E7636A002B96
:10C91000DED02B682846D3E909939847616A014421
:10C920002846C847A368626A67621344A360CFE7DA
:10C93000E6625FB12B6828469B6A98470138E06041
:10C94000002384F83C7084F83A30DBE70123E3608D
:10C95000F6E7000008B50148FFF798FFB40D002086
:10C9600010B5044648212EF02DFA204610BD70B5B2
:10C970000368044604220D465E6A0023B0474FF068
:10C98000FF31606D06F0DAFA382303FB0542D16A05
:10C9900009B10021D16203FB0545012385F83B3035
:10C9A000002385F83930606DBDE8704006F0F6BAB6
:10C9B00038B500EB810304460D46114658680368FC
:10C9C000DB68984729462046FFF7D1FF38BD70B590
:10C9D0000D461146044600EB8502506802689668D1
:10C9E0001A46B04729462046FFF7C1FF70BD000038
:10C9F00070B5214C0025214E2149204600F056FDFE
:10CA00003246204920462EF0D7F91F4C01201F4BFB
:10CA10002A46294684F8385084F8395084F83A5028
:10CA200084F83B5084F83C5084F83D0084F83E5034
:10CA300065602360A56484F84C00C4E90255C4E92C
:10CA40000455C4E90655C4E90855C4E90A55C4E9C2
:10CA50000C55C4E91055C4E9145506F0C9FA20650F
:10CA6000284606F029FA3246606520460849BDE8A6
:10CA700070402EF0A1B900BF4C160020000000202D
:10CA8000CC0E00205FC20008B40D00204C47040803
:10CA900059C2000803685B6C18470120704703689F
:10CAA0009B6A1847FEE700000E4B82B01A6B42F4F7
:10CAB00000021A631A6B02F400020192019A1A69C9
:10CAC00042F400021A611A6922F400021A61064B4C
:10CAD000064A1A61064A5A614FF08062054B9A6015
:10CAE00002B0704700380240C06A012001CB000844
:10CAF000A5CA000800E100E040F2EF3070470000F6
:10CB0000024B1B68586803685B691847E45E0120A4
:10CB100008B50B280BD8DFE800F01206100A0A0A45
:10CB20000A0808080808012008BD0520FCE7054B95
:10CB30006F21054A054830F00BF90020F4E7022088
:10CB4000F2E700BF64580408365904087F58040807
:10CB500008B50A2809D8DFE800F010060E08080812
:10CB6000080606060600012008BD054B9021054A6F
:10CB7000054830F0EDF80020F6E70220F4E700BFAA
:10CB800064580408805904087F580408F8B50C4616
:10CB9000487FFFF7BDFF0546A77F3846FFF7B8FF80
:10CBA00006463846FFF7D4FFA38A628BD21A494B58
:10CBB0001A64A18A628B521A9A61A18A228B521A34
:10CBC0001A615863A18AE28A42EA01425A642269E0
:10CBD000DA636268DA602268402A70D010D8042ACA
:10CBE0003BD0202A6BD0237F45EA0365394B45F4BF
:10CBF0000035DD61617FA27F914267D0364A4BE00C
:10CC0000B2F5807F1BD0B2F5007F23D0802AEAD115
:10CC1000A068021DDA62227F45EA026545F400350C
:10CC2000DD615E6222695A610278EAB1012A35D07B
:10CC30002A4B4FF48D712A4A2A4830F089F8217F17
:10CC4000294A42EA0162DA61E2681A625E62226996
:10CC50005A6120E0217F254AF3E7227F45EA0265F9
:10CC600045F40035DD61F1E7D9694288501E21F4B1
:10CC70007F42012122F0100242EA0022DA61154BC4
:10CC8000DA6942F02002DA61DA699206FCD41022F5
:10CC90009A600029B2D0164A1A60F8BDDA69408855
:10CCA00022F47F42217F013822F01002FF3942F046
:10CCB000100218BF012142EA0022DA61DFE7237F78
:10CCC00045EA0365034B45F40035CBE742F20132F8
:10CCD000E2E700BF00B00240012301004A58040807
:10CCE000F85804087F5804080A00020009000200EE
:10CCF0000123020010B5887F0C46FFF729FF1C4B6B
:10CD00005863A18AE28A42EA01425A642269DA63DC
:10CD1000628BA18A521A1A642268082A16D1A18A43
:10CD2000628B521A9A61A18A628B521A1A615862F6
:10CD3000104A217F42EA0162DA61E2681A622269DE
:10CD40005A612269DA600C4A1A6010BD0022D8616B
:10CD50001A61E1680A0A4809C1F3C40102F4784281
:10CD600000F4FC6002430A439A63044AECE700BF04
:10CD700000B002400900010001230200012303006A
:10CD8000054B4FF080620360044BC3F88820BFF36B
:10CD90004F8FBFF36F8F7047B058040800E100E079
:10CDA00010B50446FFF7ECFF4FF45A6120462EF011
:10CDB00009F8204610BD000070B505460A4B0C303E
:10CDC00000262C46602268602E726E7244F8203B6A
:10CDD000214615F0CBFE05F55A63E6602434A342E4
:10CDE000FBD1284670BD00BFB0580408034B1A6839
:10CDF000D207FCD423229A60704700BF00B00240E3
:10CE0000094B5A69D2030ED5BFF34F8F084400294E
:10CE1000A0EB010203DDC3F868222039F7E7BFF376
:10CE20004F8FBFF36F8F704700ED00E030B5104CAF
:10CE30002568ED07FCD423250904FF2BA56041F0EC
:10CE400001014FF0020565636164E0630AD009499E
:10CE5000656241EA0363E361074B22626061E0605F
:10CE6000236030BDE561039BA363044BF8E700BF7B
:10CE700000B00240090001000100020001000300AF
:10CE800030B50F4C2568ED07FCD423251204FF2B89
:10CE9000A56042F001024FF0020565636264E06341
:10CEA000E16008D01B0643F00213E361054B6562A5
:10CEB0006061236030BD044BE3610123F9E700BFEB
:10CEC00000B0024001000200020002FF30B50B4C2E
:10CED0002568ED07FCD4232512041B06A56042F04B
:10CEE0000102022543F4003365636264E063E1609C
:10CEF000E361034B65626061236030BD00B00240B6
:10CF0000010002000121002208B5084606F070F871
:10CF10000A4B186028B90A4B28210A4A0A482FF000
:10CF200017FF00220421012006F02CF9074B18609E
:10CF300018B9074B2C21034AF0E708BD98160020CA
:10CF4000CB5904087F5A0408145A04089416002088
:10CF50003D5A0408024B4FF0FF31186806F09EB8A6
:10CF600098160020014B186806F0D4B898160020D7
:10CF7000024B0021186806F091B800BF98160020F7
:10CF8000FFF7F0BF0023034803491A46006806F084
:10CF90003FB900BF941600200400002013B5002301
:10CFA000074C01A91A46206806F074F94FF0FF33C8
:10CFB000002201A9206806F06DF902B010BD00BF83
:10CFC00094160020704770477047704701207047E3
:10CFD00014207047142303FB01000830704714230A
:10CFE00003FB0100083070470120704740F2745085
:10CFF000704740F2745303FB01000830704740F261
:10D00000745303FB01000830704701207047102063
:10D01000704700EB01100830704700EB011008303A
:10D0200070470846FDF7FABF034B10B5044603608E
:10D0300014F0C2F8204610BD205B040810B5044669
:10D04000FFF7F2FF1C2120462DF0BCFE204610BD4C
:10D05000034B10B50446036014F0AEF8204610BD33
:10D06000EC5A040810B50446FFF7F2FF40F27C5179
:10D0700020462DF0A7FE204610BD0000034B10B542
:10D080000446036014F098F8204610BDB85A04080E
:10D0900010B50446FFF7F2FF182120462DF092FE4E
:10D0A000204610BD084B10B50446036000F5B5607E
:10D0B000FFF7BAFF04F12C00FFF7CAFF04F11400D8
:10D0C000FFF7DCFF204610BD545B040810B5044692
:10D0D000FFF7E8FF40F2247120462DF073FE204652
:10D0E00010BD00002DE9F341FEF724FF00240546A2
:10D0F000FEF724FF234601462246284600941EF0F0
:10D10000D5F9284B284A2046284D1A60FEF7A8FF7B
:10D11000274B284A28489A601EF030F92B78BFF335
:10D120005B8FDB0738D428462DF062FC002833D013
:10D13000224C234B04F5B96604F1140004F12C08C9
:10D1400004F5B5676060C4F80880E7602661236075
:10D1500014F034F81B4B4046636114F02FF81A4B5F
:10D160003846E36214F02AF8184B04F2C450C4F8AD
:10D17000A835FCF7DDF8224604F2C4513046FCF72E
:10D180004BF93046FDF74AFF28462DF04DFC104A7A
:10D19000104920462DF010FE0F4802B0BDE8F041C6
:10D1A00000F084BC485F0120082C00209C16002061
:10D1B0000C2C0020C41D002008000020A016002018
:10D1C000545B0408B85A0408EC5A0408205B0408AD
:10D1D00000000020A5D00008842B0020704700002C
:10D1E000014814F0DABD00BF842B002010B50446BE
:10D1F00004212DF0E7FD204610BD10B504468C211A
:10D200002DF0E0FD204610BD10B504461C212DF088
:10D21000D9FD204610BD10B5044684212DF0D2FD65
:10D22000204610BD2DE9F041454C464D464B224667
:10D23000464F284646492B602DF0BEFD454E3846E8
:10D24000FFF7BAFD2246444938462DF0B5FDDFF818
:10D250004481304623F012FB2246404930462DF0EF
:10D26000ABFD40461CF088F822463D4940462DF073
:10D27000A3FD22463B493C482DF09EFD3B48002340
:10D2800001223B49C560038580F82A30C3620386CA
:10D2900080F8483080F8492080F84A3080F84B30D8
:10D2A000436580F858304366816680F86C3080F8BA
:10D2B0006D3080F86E302F49C0E90176C0E9043343
:10D2C000C0E90633C0E90833C0E90E33C0E91033C2
:10D2D000C0E91333C0E9173380F86F3080F87A2043
:10D2E00080F87B20042280F8703080F87D20442272
:10D2F0004367A0F87E20162280F87830A0F88020BE
:10D30000142280F87930A0F882201B4A80F87C3003
:10D3100010604FF4F07280F834300A8017490A80A8
:10D320004FF4887216490A8016490A80164A17492E
:10D3300013702246164B0360BDE8F0412DF03CBD52
:10D3400000000020E01D0020A45F0408E41D002070
:10D35000C5CF00080C2C002081CD0008C7CF0008E5
:10D36000C9CF0008E9BE000808000020842B002077
:10D3700001000001D65E0120E45E0120DC5E012098
:10D38000D85E0120DE5E0120DA5E0120CBCF0008EE
:10D39000B85E0408C41D00204069704790F844003E
:10D3A0007047036B23B9C06A003018BF0120704773
:10D3B0000120704780687047043010B50C460FC8D4
:10D3C00084E80F0010BD000008B5034A40F21221A6
:10D3D000024B03482FF0BCFCE45D04088F440408B2
:10D3E000FF5B04082DE9F0431D46ADF51F7D436B3F
:10D3F00007460C461646BDF89892002B50D00022E6
:10D4000003A8CDE901320CF039FD4FF4F4722490F9
:10D41000502124A806F021FB3246214624A807F01B
:10D42000DBFA012124A806F035FC022324A88DF89C
:10D43000D83006F0DCFC2B9C419B4C45BDF89C622F
:10D4400028BF4C469E4204EB4408A9EB040428BFC5
:10D450001E46DFF854906400479B9E421AD9012271
:10D4600001A924A806F010FD7B6B03EB080098428D
:10D470000ED959789A78C90009EA022201F4FC61B0
:10D480000A4313F8031B42EAD10225F8022BEEE708
:10D490002544E1E724A806F020FC24A806F030FB90
:10D4A0000DF51F7DBDE8F08300F8FFFF0A4A02601A
:10D4B0000022C0E90522C0E90722C0E90922C0E92B
:10D4C0000B22C0E90D12C0E90F2280F84420C0E908
:10D4D0000322C0E901227047C45C040830B4154639
:10D4E000026B42B1046C806B0C1B204429461A4627
:10D4F00030BC30F03FBEC06A0844F7E710B5036B9C
:10D5000073B1036C826BC91A5318525C98785C78BB
:10D510000004DB7840EA0420104340EA036010BDB9
:10D52000C36A5858FBE7036B43B1036CC91A836B9A
:10D530005A18585C527840EA02207047C36A585A19
:10D540007047000070B50446006B0D461646D8B112
:10D55000E36B934208D209230D4A65210D4884F8F4
:10D5600044300D4B2FF0F4FB0368DB689847206BC9
:10D570003246A16B03681B69984710B90D2384F8E4
:10D580004430A06B256470BDE06A0844FBE700BF2F
:10D590006C5E0408FF5B0408A85C04082DE9F843EE
:10D5A000436904462BB9214BAA21214A21482FF077
:10D5B000CFFB08228169FFF7C5FFA16943F230065E
:10D5C00046F2643704312046FFF798FFA169A36A49
:10D5D000084400F108029A4221D263690930082206
:10D5E000013320F0010120466361A161FFF7AAFF2A
:10D5F000A56920462946FFF796FFA91C81462046CB
:10D60000FFF791FF291D80462046FFF777FFB145C0
:10D61000DCD1B845DAD10028D8D0012004E00123BC
:10D6200000206361236AA361BDE8F883B65B040848
:10D63000565D0408FF5B04082DE9F04F0746ADF581
:10D640001F7D8A461446816908229846FFF77AFFB3
:10D65000BE693846311DFFF751FF06F10801024649
:10D6600005463846FFF76EFF7B6B064633B93C4BE9
:10D6700040F2AB113B4A3C482FF06AFB002203A862
:10D68000CDE901320CF0FAFB4FF4F47224905021F2
:10D6900024A806F0E2F92A46314624A807F09CF9AE
:10D6A000012124A806F0F6FA022324A88DF8D83028
:10D6B00006F09DFBBAF90260479BB34205D20122F6
:10D6C00001A924A806F0E0FBF6E7BAF900904FEABA
:10D6D0004808BAF804502B9B06FB08464D44BAF89C
:10D6E0000240DFF888B02DB29D4228BF1D46BAF82F
:10D6F000063009EB490A1C44419B24B29C4228BFD6
:10D700001C46479BA3421FD2012201A924A806F070
:10D71000BBFB7B6B4A465344AA4203F1030311D27D
:10D7200013F8020C13F8011CC0000BEA012100F4ED
:10D73000FC60014313F8030C41EAD00126F81210F3
:10D740000132E9E74644DCE724A806F0C6FA24A83B
:10D7500006F0D6F901200DF51F7DBDE8F08F00BF62
:10D76000605B0408FC5C0408FF5B040800F8FFFF32
:10D7700070B50368002914BF0D4601250446DB6A15
:10D780009847A84204D223682046DB6A984705469A
:10D7900005F18053E66910222046013B06EB031693
:10D7A00006F10801FFF7CEFE06F110012046FFF753
:10D7B000A5FE236A043B0344C4E9055370BD000081
:10D7C000002148222DE9F0410446816180F844108F
:10D7D000FFF7B8FEA6690423624A31462046FFF7E8
:10D7E0007DFE40B10323604AF22184F844305F4B50
:10D7F0005F482FF0ADFA06F1080104235D4A204688
:10D80000A161FFF76BFE30B10423574AFA2184F877
:10D810004430594BECE706F10C010423574A2046EB
:10D82000A161FFF75BFE074638B105234E4A40F27F
:10D83000011184F84430524BDAE706F1100120461A
:10D84000FFF75CFE054620B94E4B40F20711464AF1
:10D85000CEE706F1140804234B4A20464146FFF761
:10D860003DFE002846D0062384F844300423474A6E
:10D8700006F118012046FFF731FE00283CD00723AF
:10D8800084F844304544424F0C2220462946FFF795
:10D8900059FE05F1080604233A4620463146FFF7B3
:10D8A0001DFE94F84430002845D1002B53D105F1DA
:10D8B0000C0304352046A3612946FFF71FFE3044C0
:10D8C000294660622046FFF719FE064404222046DE
:10D8D0003146FFF737FE04232E4A31462046FFF734
:10D8E000FDFD00283BD10123E6616361A36923624A
:10D8F000BDE8F0810127B9E7002FC3D006F1200170
:10D900002046FFF7FBFD4FF47A7306F13001B0FBC0
:10D91000F3F060602046FFF7F1FD06F14001A060E2
:10D920002046FFF7EBFD06F14401E0602046FFF7DB
:10D93000E5FD2061A6E773B9A36AAB42B7D9291DFB
:10D940002046FFF7DBFD08300C220544204629461F
:10D95000FFF7F8FD9DE70A2384F84430C8E70B235E
:10D96000FAE700BF325C04083F5E0408375C040835
:10D97000FF5B0408505C0408555C04086D5C0408F7
:10D98000725C0408885C0408945C0408995C0408D0
:10D990009E5C0408A35C0408C0E90A21002202631B
:10D9A000FFF70EBF002310B501630446C3620846AB
:10D9B0000B689B689847A0622046BDE81040FFF7BF
:10D9C000FFBE70B4BDF80C40BDF810502AB123B1B1
:10D9D000CDE9034570BCFFF705BD70BC7047000082
:10D9E0002DE9F04F9946436985B004460F469046AD
:10D9F0002BB92A4B77212A4A2A482FF0A9F9082265
:10DA00008169FFF79FFDA56920462946FFF78BFD39
:10DA1000A91C83462046FFF786FD291D8246204625
:10DA2000FFF76CFD05F10801A36A064642189A4209
:10DA300027D243F230039B4517D146F264339A450F
:10DA400013D190B10246A1612046FFF77BFD0E9BEA
:10DA50000146CDF8008032462046CDE901933B4691
:10DA6000FFF7AFFF636901336361A36933448EB18C
:10DA7000A361A369626A013323F001039342A361A6
:10DA80000AD10120236A6061A36180F0010005B022
:10DA9000BDE8F08F0833EBE70020F6E7B65B04083B
:10DAA000895D0408FF5B04087047000038B5044630
:10DAB000FEF788FC084923682046084DD3F89030CB
:10DAC00098470023284684F84A3000F07DF9012366
:10DAD000256184F8703038BD00F807C0982C00200C
:10DAE000FEF780BBFEF784BBF8B5FEF795FC134A42
:10DAF0000023C2F88430BFF34F8FD2F8803043F652
:10DB0000E076C3F3C904C3F34E33A5075B0103EA10
:10DB1000060C284621464CEA0007013900F1404036
:10DB2000C2F874724F1CF6D1203B13F1200FEED1D6
:10DB3000BFF34F8FBFF36F8FF8BD00BF00ED00E064
:10DB4000FEF76CBCFEF72ABBFEF768BDFEF770BDA2
:10DB5000FEF72EBB14F0B8B808B5054B01461B689C
:10DB600000B10121184614F0ADFE012008BD00BF30
:10DB7000E45E012010B504460C212DF023F9204667
:10DB800010BD000004480023044A43608360044B36
:10DB9000044903602DF010B9982C002000000020EB
:10DBA000BC5F0408A9DA0008032823D8DFE800F0E6
:10DBB000020B131A104B102110481A68B2FA82F2A5
:10DBC000520903F025B80C4B40215A68B2FA82F290
:10DBD00052090B48F5E7084B80219A68B2FA82F2A5
:10DBE0005209F6E7044B40210648DA68B2FA82F29D
:10DBF0005209E6E7704700BFA42C00200004024051
:10DC00000008024000180240032823D8DFE800F093
:10DC1000020B131A104B102110481A68003218BF5B
:10DC2000012202F0F5BF0C4B40215A68003218BFA8
:10DC300001220B48F5E7084B80219A68003218BF93
:10DC40000122F6E7044B40210648DA68003218BF8B
:10DC50000122E6E7704700BFA42C00200004024028
:10DC6000000802400018024003280FD8DFE800F047
:10DC70000206090B1021064802F0CFBF40210548DB
:10DC8000FAE78021FBE740210348F5E7704700BF32
:10DC900000040240000802400018024008B50328B2
:10DCA00013D8DFE800F0020A0D0F1021084802F037
:10DCB000A9FF431E5842584108BD40210548F6E7D8
:10DCC0008021FBE740210448F1E70020F1E700BF95
:10DCD00000040240000802400018024070B5002411
:10DCE000074D0126E0B2FFF7D9FF28B155F82430DF
:10DCF000012B18BF45F824600134052CF2D170BD0A
:10DD0000A42C0020024B7020024A1360DB681847E5
:10DD10001C000020B42C002073B50E4C0E46154696
:10DD2000236813B9002002B070BD1B6970209847AA
:10DD30000028F7D02368702001AA0DF106015B6965
:10DD40009847BDF8043001203360BDF806302B60E1
:10DD5000E9E700BFB42C002010B586B0012306AC63
:10DD600004F8012D4FF47A720094CDE901320A468D
:10DD70000146044802F016F810B1024801F0F9FF1C
:10DD800006B010BD9C6901207FB5002306AA4FF4A0
:10DD90007A7C02F8013D012300920A4601460748B9
:10DDA000CDE9013C02F0D8F810B1044801F0E1FFE0
:10DDB0009DF8170007B05DF804FB00BF9C690120C7
:10DDC0004068704741607047094A136843F08073A8
:10DDD0001360A2F54E42074B4C3A11680B43136097
:10DDE000A2F57B62136843F001031360704700BF24
:10DDF000FCED00E055CEACC5521A02EB5302B2FB6B
:10DE0000F3F07047014B1868704700BF041000E042
:10DE100010B5036804461B6931B19847A26863686E
:10DE20009B1A1844606010BD9847A060FBE7000093
:10DE30000F490020D1F8883043F47003C1F88830CE
:10DE40000C4B1A6842F001021A6098601A6822F0BE
:10DE5000847222F480321A60074A5A601A6822F4E7
:10DE600080221A60D8604FF000638B60704700BF5B
:10DE700000ED00E0003802401030002408B56420B6
:10DE800005F000F8FBE7000010B594B03022002147
:10DE9000022408A82FF0ACFE1422002103A82FF0C2
:10DEA000A7FE1D4B192108A81A6C42F080521A6473
:10DEB0001B6C03F080530193019B184B1A6842F4CA
:10DEC00040421A6001221B6803F440430293029B04
:10DED0004FF48033CDE908234FF48003CDE90E439E
:10DEE0004FF4D873CDE91244CDE9101301F0FCFAD8
:10DEF00001F06AFA0F2300200721CDE903344FF423
:10DF0000A053CDE905034FF4805303A8079301F014
:10DF1000CDFC14B010BD00BF0038024000700040BE
:10DF200030B54FF480738FB04FF080720E4C069373
:10DF30009F2309920122009300230546694620464B
:10DF40000593CDE90A2341F28832CDE90733CDE9C3
:10DF50000C3302F01BFA41F288322946204602F0C7
:10DF6000E1FA0FB030BD00BF386B012000B54FF4AF
:10DF7000807391B04FF04072EF2808934FF0EB039D
:10DF800002A90E4802934FF4406309934FF40053E3
:10DF900005934FF00003CDE90A320CBF06220A2296
:10DFA0000F93079210AA019342F8403DCDE90D333B
:10DFB00002F02FFA11B05DF804FB00BF386B0120AE
:10DFC0002DE980489DB01022002101250FA80024D2
:10DFD0002FF00EFE02F0BAFB4FF0104CC64B0FA80C
:10DFE000ADF83C501294CDE910C302F0D1FB1723D9
:10DFF0000FA88DF83D508DF844308DF84A5002F04E
:10E00000C7FB042002F0B2FBBFF34F8FBFF36F8F4B
:10E01000BA4BC3F85042BFF34F8FBFF36F8F5A69AB
:10E0200042F400325A61BFF34F8FBFF36F8FC3F8D2
:10E030008440BFF34F8FD3F8802043F6E076C2F3DD
:10E04000C904C2F34E32A507520102EA060C284663
:10E05000214640EA0C07013900F14040C3F86072E4
:10E060004F1CF6D1203A12F1200FEED1BFF34F8FA3
:10E070005A6942F480325A61BFF34F8FBFF36F8FFA
:10E0800000F0C2FC0024FFF7FFFE142200210FA8BD
:10E090002FF0AEFD9A4B10219A481A6B01274FF0D2
:10E0A00010084FF0030B42F010024FF4805A964DC7
:10E0B0004FF004091A631A6B944E02F01002049296
:10E0C000049A1A6B42F002021A631A6B02F00202FF
:10E0D0000592059A1A6B42F001021A631A6B02F05C
:10E0E00001020692069A1A6B42F040021A631A6BFA
:10E0F00002F040020792079A1A6B42F400721A6308
:10E100001A6B02F400720892089A1A6B42F0080225
:10E110001A631A6B02F008020992099A1A6B42F408
:10E1200080621A631A6B02F480620A920A9A1A6B6E
:10E1300042F020021A631A6B02F020020B920B9A33
:10E140001A6B42F480721A631A6B02F480720C929A
:10E150000C9A1A6B42F080021A631A6B02F080026A
:10E160000D920D9A1A6B42F004021A6300221B6B87
:10E1700003F004030E930E9B02F04AFD01220821D6
:10E18000634802F045FD01224FF48051614802F0DE
:10E190003FFD0022C021604802F03AFD00224021EC
:10E1A0005E4802F035FD0FA95648CDE90F87CDE94D
:10E1B000114B02F0A5FB08230FA955480F930193BB
:10E1C0001294CDE9107402F09BFB0FA95148CDE9E0
:10E1D0000FA7CDE9114402F093FBC0220FA94E48CE
:10E1E000CDE90F27CDE9114B02F08AFB40220FA9A0
:10E1F0004A480F920092CDF848B0CDE9107402F071
:10E200007FFB47484749848001600762C0E90544B5
:10E2100000F0D4FE44492846C5E90A44C5E90C4447
:10E22000C5E90014C5E9024402F000FD394628465C
:10E230003E4D02F0BBFD009A3D49304672614FF4FD
:10E24000C072B460B462C6E906244FF40062C6E945
:10E25000082A4FF0020A0722C6E900140FA9CDF8D8
:10E2600054A0C6E90398CDE90FA2CDE91192CDE9FA
:10E2700013BA01F0E1F829464FF6FF7230460394D5
:10E28000C5E90078C5E9027401F0F6F8384600F0F7
:10E29000DFFB29464FF6FF723046C5E900A8C5E905
:10E2A000027401F0E9F8019B29464FF6FF723046EF
:10E2B000C5E900B8C5E9023401F0DEF84FF40C738B
:10E2C0004FF6FF72294603933046039BAF60EB6025
:10E2D000C5E9009801F0D0F840F22B713046154D99
:10E2E00001F0E9F84FF0204343F2D202642040F2FB
:10E2F00015261A6020E000BF1B00000300ED00E0BF
:10E300000038024000040240C06A0120046B012072
:10E31000002802400020024000080240001802408D
:10E32000F06901200030024000B00240B82C00200B
:10E33000400100A09C69012000F08AFB494B4A4A39
:10E3400028462C62C5E90023C5E90247C5E9044413
:10E35000C5E9064401F0B1FC2146284602F0F6FE6C
:10E3600021462846414D02F01DFF342221460FA8C8
:10E370002FF03EFC3E4B2821352040F2352C2C61FD
:10E38000AC8685F83640C5E900340923C5E9051394
:10E390000B23C5E9070340F21B132846C5E90963AF
:10E3A00040F21D13C5E90244C5E90BC300F0E6FEC7
:10E3B000FF214FF4806E4FF4F0724FF488732846BB
:10E3C0000F941A93ADF86C408DF86E40CDE914149B
:10E3D0000521CDE916E14FF04041CDE91024CDE90A
:10E3E000181222460FA9CDE9123A00F0A4FF2148E5
:10E3F000214B0462C0E90037C0E902984FF4A063E2
:10E400004FF01808C0E90644C0E9048301F06AFF30
:10E410000FA8FFF785FD9DF83C00FFF7A7FD5C20E6
:10E4200002F080F912F07BFE02F00CFF02F009FF0F
:10E4300004F098FC114A2146114804F0CDFC114B20
:10E44000114A21461860114804F0C6FC104B114ACD
:10E4500021461860104804F0BFFC104B186004F00F
:10E460009BFCFEE768474020005C0040146A0120E6
:10E4700000680140386B0120001000A018600408FB
:10E480007DDE000898690120F45F0408531201083A
:10E49000BC6A01206060040855C90008006B0120B7
:10E4A0000268034B9A4201D100F0C0BA704700BF26
:10E4B0000010004070470000214B70B51A6C88B006
:10E4C000064642F0100201A903A81A641B6C03F06F
:10E4D00010030293029B01F09BFA069B4BBB01F0D9
:10E4E00087FA184C184B236040F2E733E360174B70
:10E4F000B0FBF3F001380023606020462361A36085
:10E50000A36102F0F3FD054680B9204602F09AFCB3
:10E51000054658B9362002F0F7F80F2E0DD82A46D6
:10E520003146362002F0BEF8094B1E60284608B07E
:10E5300070BD01F05DFA4000D3E70125F6E700BFAA
:10E5400000380240846B01200010004040420F0060
:10E55000140000200D4B82B00F216FF001001A6CE7
:10E5600042F080521A641A6C02F080520092009AB3
:10E570005A6C42F480425A6400225B6C03F480437C
:10E580000193019B02B002F08DB800BF0038024039
:10E59000026882B0084B9A420BD1D3F8302803F5B9
:10E5A000006342F480521A631B6B03F4805301939F
:10E5B000019B02B0704700BF0030024007B50E4B10
:10E5C00002689A4215D1A3F5F04305215A201A6B2F
:10E5D00042F400021A6300221B6B03F40003019350
:10E5E000019B02F05FF85A2003B05DF804EB02F0E3
:10E5F0008BB803B05DF804FB00B0024010B5A8B0C2
:10E6000004461422002102A82FF0F2FA84220021ED
:10E6100007A82FF0EDFA2268174B9A422AD14FF43F
:10E62000803307A8079300F025FA08B1FFF742FFEF
:10E63000124C4FF4C07201211148236B43F0800348
:10E640002363236B03F080030093009B1223CDE927
:10E6500002230323CDE90413042302A9069302F045
:10E660004FF9236C43F400032364236C03F4000389
:10E670000193019B28B010BD005C004000380240AF
:10E68000001C024008B50A4B02689A420FD1094AA1
:10E6900080210948136C23F40003136402F018FA74
:10E6A0004FF480710448BDE8084002F011BA08BD7B
:10E6B000005C004000380240001C024070B5ACB065
:10E6C00004461422002106A82FF092FA8422002189
:10E6D0000BA82FF08DFA2268484B9A4240F08C80AC
:10E6E0000823052001240B934FF4C07310930223D9
:10E6F000CDE911304FF400330BA8CDE9154300F0FC
:10E70000B9F908B1FFF7D6FE3D4B002402250E26CD
:10E710005A6C06A93B4842F080625A645A6C02F077
:10E7200080620092009A1A6B42F010021A631A6B10
:10E7300002F010020192019A1A6B42F400721A63FD
:10E740001A6B02F400720292029A1A6B42F480620F
:10E750001A631A6B02F480620392039A1A6B42F0F6
:10E7600040021A631A6B02F040020492049A1A6B78
:10E7700042F480721A631B6B03F480730593059B4C
:10E780001023CDE90635CDE908440A9602F0B8F821
:10E790004EF6FF7306A91C480A96CDE90635CDE969
:10E7A000084402F0ADF8F72306A918480A96CDE907
:10E7B0000635CDE9084402F0A3F84FF4805306A9CA
:10E7C0001348CDE906350923CDE908440A9302F040
:10E7D00097F84FF4464306A90E480A96CDE9063548
:10E7E000CDE9084402F08CF858202246052101F0BA
:10E7F00059FF582001F088FF2CB070BD006801401F
:10E80000003802400010024000240240002802406C
:10E8100000180240002002402DE9F04114228AB085
:10E82000044600210DEB02002FF0E2F922682C4B88
:10E830009A4251D12B4B0225032409269A6B4FF0A3
:10E84000040805A9284842F0020200279A639A6B3F
:10E8500002F002020192019A1A6B42F010021A634E
:10E860001A6B02F010020292029A1A6B42F0020234
:10E870001A631A6B02F002020392039A1A6B42F0B7
:10E8800008021A631B6B03F008030493049BCDE991
:10E890000585CDE9084602F033F8402305A9134861
:10E8A000CDE905350A23CDE90774099302F028F86C
:10E8B00005A90E480996CDE90585CDE9077402F052
:10E8C0001FF84FF4605305A909480996CDE90535AD
:10E8D000CDE9077402F014F80AB0BDE8F08100BF7A
:10E8E000001000A000380240001002400004024066
:10E8F000000C0240F0B587B01422002101A82FF0CF
:10E9000077F92A4B1E68002E4DD1012202270325DC
:10E910000C241A6001A9264B26489A6B42F001028A
:10E920009A639B6B03F001030093009B4FF6837384
:10E93000CDE90454CDE9013701F0E2FF48F2331389
:10E9400001A91D480594CDE90137CDE9036501F022
:10E95000D7FF4CF2037301A918480594CDE901379C
:10E96000CDE9036501F0CCFF4FF63F0301A9144840
:10E970000594CDE90137CDE9036501F0C1FF2823F6
:10E9800001A910480594CDE90137CDE9036501F0EF
:10E99000B7FF082301A90C480594CDE90137CDE95B
:10E9A000036501F0ADFF07B0F0BD00BFC82C00202B
:10E9B000003802400010024000180240000C0240E3
:10E9C00000140240001C02400008024001490020DF
:10E9D00003F03EBD59DB00087047FEE7FEE7FEE7A7
:10E9E000FEE77047014802F071BA00BF846B012056
:10E9F000014800F03FBC00BF146A0120014802F04A
:10EA000045B900BFC06A0120074A032008B5136852
:10EA100043F48073136001F033FE0020FFF74CFDD8
:10EA2000FFF798FD002008BD003C0240034A044B5C
:10EA300011681B780B441360704700BFD06B012036
:10EA400010000020014B1868704700BFD06B0120F8
:10EA500038B50446FFF7F6FF0546631C1EBF044B9E
:10EA60001B78E418FFF7EEFF401BA042FAD338BD35
:10EA7000100000202DE9F7430668044616F0010651
:10EA80000CD0B34B9A6822F400029A609A68416BEA
:10EA90000A439A60466BB6FA86F67609256815F43D
:10EAA000002511D0AA4AE16BD2F88C3023F4401330
:10EAB0000B43C2F88C30E56BB5F5801F13BFB5FA78
:10EAC00085F5002501266D092368DF0210D5A04ACF
:10EAD000216CD2F88C3023F440030B43C2F88C3005
:10EAE000236CB3F5800F00F09B81002B08BF01253C
:10EAF000236813F0807F18BF0126980632D5944B07
:10EB0000944F1A6C42F080521A641B6C03F08053CD
:10EB10000193019B3B6843F480733B60FFF792FFD6
:10EB200080463B68D90540F17D81894F3B6F13F4E6
:10EB3000407340F08281226B02F44073B3F5407F52
:10EB4000834B40F0A081996822F0704221F4F811C3
:10EB500022F440720A439A60226B196FC2F30B02CF
:10EB60000A431A672368D8060CD5794BD3F88C2052
:10EB700022F08072C3F88C20D3F88C20A16B0A435A
:10EB8000C3F88C202368590408D5714A616ED2F805
:10EB9000903023F440330B43C2F8903023681A04BA
:10EBA00008D56B4AA16ED2F8903023F440230B4372
:10EBB000C2F890302368DB0308D5654AE16ED2F8CD
:10EBC000903023F440130B43C2F8903023689F0326
:10EBD00008D55F4A216FD2F8903023F440030B43ED
:10EBE000C2F890302368580608D5594A616CD2F8AB
:10EBF000903023F003030B43C2F8903023681906CA
:10EC000008D5534AA16CD2F8903023F00C030B4383
:10EC1000C2F890302368DA0508D54D4AE16CD2F885
:10EC2000903023F030030B43C2F8903023689B05EB
:10EC300008D5474A216DD2F8903023F0C0030B432A
:10EC4000C2F8903023685F0508D5414A616DD2F85B
:10EC5000903023F440730B43C2F8903023681805BA
:10EC600008D53B4AA16DD2F8903023F440630B43A2
:10EC7000C2F890302368D90408D5354AE16DD2F83E
:10EC8000903023F440530B43C2F8903023689A0429
:10EC900008D52F4A216ED2F8903023F440430B431D
:10ECA000C2F8903023685B0208D5294AA16FD2F8D8
:10ECB000903023F080630B43C2F8903023689F02AA
:10ECC0000DD5234AE16FD2F8903023F000630B4357
:10ECD000C2F89030E36FB3F1006F08BF01252368DD
:10ECE00013F0080F18BF0125580308D5184A616FA3
:10ECF000D2F8903023F040730B43C2F89030236871
:10ED0000190209D5124AD4F88010D2F8903023F0B5
:10ED100080530B43C2F89030012E00F0B880236876
:10ED20009A0100F1B480012D78D1094D2B6823F0B0
:10ED300080532B60FFF786FE06462B689F0000F18C
:10ED40002D8123681D0307D5E26B4AB104E000BFA3
:10ED50000038024000700040D8021DD5236CDBB99A
:10ED60009549D1F88830D1F8882003F4403302F077
:10ED7000E0421343626943EA8213A26943EA0263F1
:10ED8000C1F88830D1F88C30A26A23F4F853013AE4
:10ED900043EA0223C1F88C302368990215D5E36F4A
:10EDA000B3F1006F11D1844AD2F88830D2F88810BC
:10EDB00003F0706301F0E0410B43616943EA8113A2
:10EDC000216A43EA0143C2F8883023681A0719D53B
:10EDD0007949D1F88820D1F8883002F0706203F4C4
:10EDE00040331343626943EA8213E26943EA0273E0
:10EDF000C1F88830D1F88C30E26A23F440331343F1
:10EE0000C1F88C306C4C236843F080532360FFF7CB
:10EE100019FE054623689B0040F1C780002009E0E9
:10EE2000012665E6FFF70EFEA0EB080064287FF6DA
:10EE300078AE032003B0BDE8F083226B02F4407289
:10EE400093423FF478AE3B6F3A6F23F4407342F441
:10EE500080323A673A6F22F480323A673B673B6F01
:10EE6000DA077FF568AEFFF7EDFD41F2883980469D
:10EE70003B6F9B073FF55FAEFFF7E4FDA0EB08009B
:10EE80004845F5D9D5E79A6822F4F81263E64A4E68
:10EE9000336823F080633360FFF7D4FD074633689F
:10EEA0001B0175D42368DF0712D5636B83B9D6F8CD
:10EEB0008430D6F8842003F4403302F070621343A8
:10EEC000626843EA8213A26843EA0273C6F8843098
:10EED00023681E0303D5E26BB2F5801F05D0D8026C
:10EEE0001ED5236CB3F5800F1AD1334AD2F8843083
:10EEF000D2F8841003F4403301F0E0410B43616821
:10EF000043EA8113E16843EA0163C2F88430D2F82E
:10EF10008C10636A21F01F01013B0B43C2F88C3057
:10EF20002368D90111D5244AD2F88430D2F884104C
:10EF300003F0706301F0E0410B43616843EA811321
:10EF4000216943EA0143C2F8843023689A010DD550
:10EF5000236962681B0443EA8213E26843EA02639E
:10EF6000A26843EA0273144AC2F88430124E33682E
:10EF700043F080633360FFF765FD074633681B018C
:10EF80003FF5D1AEFFF75EFDC01B6428F6D950E710
:10EF9000FFF758FDC01B642881D94AE7FFF752FDEF
:10EFA000801B64287FF6C9AE43E7FFF74BFD401B8B
:10EFB00064287FF62FAF3CE70038024010B50446C6
:10EFC00008B9012010BD437F03F0FF0213B9027797
:10EFD000FFF7DEFA022363772379FBB92368144A2B
:10EFE0005A612268936823F018039360627923685A
:10EFF000E2B94FF0FF321A6100202268616993681C
:10F0000023F060030B4393602268A169936823F0A7
:10F0100080030B43936001236377D3E7D4E90212A3
:10F02000204602F0E9F80028E0D0CAE72269E2E7CA
:10F03000B71DC104F0B5D20105684C68EB68843295
:10F04000C3F30B4315441C446B6803F470436B60BB
:10F0500005680E68EB6815440136C3F30B4333446F
:10F0600043EA04436B600568CC68EB68C3F30A03AA
:10F070001C44AB189D6805F470459D6005688B685D
:10F08000EE6815440133C6F30A06334443EA0443E9
:10F09000AB600025036813441C6924F007041C615D
:10F0A00003680C6913441C61046891F832601444CD
:10F0B00091F83170D1F818C0A369A561046891F87E
:10F0C0003030144443EA0C6343EA072343EA06431F
:10F0D000A361036813445C6924F0FF045C61036866
:10F0E0004C6913445C6104681444E36923F4E063ED
:10F0F00023F00703E3610368D1E90746134434436F
:10F10000DC61036813449C6A9D6203684C6A134483
:10F110009C620B6963B3012B2CD09C1E022C2BD953
:10F12000072B14BF0124022403681344DD6A05F091
:10F13000E025DD6203689D18D1E900639B1B8E6AA0
:10F1400063437443033343EA0443EB6204681444A7
:10F15000236B23F4FF6323F0070323630368C96A67
:10F160001344196301688B5843F001038B50F0BDC1
:10F170000424D9E70324D7E70224D5E738B50446A9
:10F18000002870D090F8A13003F0FF021BB980F87E
:10F19000A020FFF793FA2268022384F8A130936934
:10F1A00023F0704393612268D4E9013091690343ED
:10F1B000E0680343206903430B43936121682B4AB2
:10F1C0008B6813408B60216860698B6843EA004359
:10F1D000A06903438B602168CB681340CB60216832
:10F1E000E069CB6843EA0043206A0343CB602168AF
:10F1F0000B6913400B6121680B69606A43EA0043A5
:10F20000A06A03430B6121684B691A404A61226876
:10F21000E16A536943EA0143216B0B43536121685F
:10F2200094F83600CA6A94F8355002F07F42CA62F8
:10F23000226894F83430D16A0B4343EA052343EA49
:10F2400000430020D3622268536B43F006035363EC
:10F250002268936943F0010393610123C4F8A40079
:10F2600084F8A13038BD0120FCE700BF00F800F0B1
:10F270007047704770B5036804469E6B5D6B7207FC
:10F2800015D5690713D55A6B22F004025A6304227C
:10F290000368DA63D0F8A43043F00103C0F8A43067
:10F2A000002380F8A12080F8A030FFF7E1FFB2072B
:10F2B00017D5AB0715D522682046536B23F0020300
:10F2C000536302222368DA63D4F8A4301343C4F8EA
:10F2D000A430042384F8A130002384F8A030FFF781
:10F2E000C7FFF00711D5E9070FD522682046536BF9
:10F2F00023F00103536301232268D36384F8A13010
:10F30000002384F8A030FDF787FA320712D52B07C7
:10F3100010D522682046536B23F00803536308225C
:10F320002368DA63012384F8A130002384F8A03035
:10F33000FFF79FFF70BDF8B590F8A03006468C46E9
:10F340009646012B4FF002001DD0342401270D46B4
:10F3500086F8A10004FB026486F8A07038340FCD53
:10F360000FC40FCD0FC40FCD0FC42B6830467246AB
:10F3700061462360FFF75EFE336800205F6286F817
:10F38000A17086F8A000F8BD10B590F8A030012B50
:10F390004FF0020314D00468012280F8A13080F8F5
:10F3A000A020636B23F001036363064B19640168BB
:10F3B0004B6B13434B63002380F8A12080F8A030EF
:10F3C000184610BD00680140194B37B51A6C194C2E
:10F3D00042F080521A641B6C03F080530193019B2E
:10F3E000236843F480332360FFF72CFB05466368F2
:10F3F000DA030CD5236843F400332360FFF722FBC4
:10F400000C4C054663689B030AD5002006E0FFF715
:10F4100019FB401BB0F57A7FE9D9032003B030BD5A
:10F42000FFF710FB401BB0F57A7FEBD9F5E700BF83
:10F43000003802400070004038B50D460446C8B19F
:10F4400090F82C3003F0FF021BB980F82D20FFF755
:10F4500051FA0223211D206884F82C3001F0BEF9F6
:10F4600062682946206801F0EDF90123002084F844
:10F470002C3038BD0120FCE770B5054690F82C0013
:10F480000E46C0B2022810D000F0FB04012C10D1AF
:10F490000223286885F82C3001F016FA3368022B15
:10F4A00004D1052385F82C30002070BD85F82C4050
:10F4B000FAE70120F9E738B5044690F82C00C0B20D
:10F4C00002280DD094F82C50EDB2012D09D1022361
:10F4D000206884F82C3001F009FA002084F82C50C0
:10F4E00038BD0120FCE700002DE9F341044608B9CE
:10F4F000012041E00368D80710D4236899075CD441
:10F500002368190700F1A18023685A0700F1C2801F
:10F51000A069002840F0288100202DE0904B9A68D7
:10F5200002F00C02042A07D09A6802F00C02082AA2
:10F530000AD15B685A0207D5894B1B689B03DCD54F
:10F540006368002BD9D1D3E76268854BB2F5803F61
:10F5500015D11A6842F480321A60636803B3FFF76A
:10F5600071FA7F4D06462B689F03C6D4FFF76AFAEF
:10F57000801B6428F7D9032002B0BDE8F0813AB9B6
:10F580001A6822F480321A601A6822F48022E3E7B3
:10F59000B2F5A02F1A68F4D142F480221A60D8E79D
:10F5A000FFF750FA6E4D06462B689803A5D5FFF776
:10F5B00049FA801B6428F7D9DDE7694B9A6812F095
:10F5C0000C0F07D09A6802F00C02082A11D15B6870
:10F5D00059020ED4624B1A68920702D5E268012ADA
:10F5E00086D11A68216922F0F80242EAC1021A6043
:10F5F00086E7E3685A4DBBB12B6843F001032B60EB
:10F60000FFF720FA06462B689F0707D52B6822696B
:10F6100023F0F80343EAC2032B6071E7FFF712FA05
:10F62000801B0228EFD9A6E72B6823F001032B608B
:10F63000FFF708FA06462B6898077FF561AFFFF7DA
:10F6400001FA801B0228F6D995E76369444D83B11E
:10F650006B6F43F001036B67FFF7F4F906466B6FBE
:10F660009B073FF551AFFFF7EDF9801B0228F6D954
:10F6700081E76B6F23F001036B67FFF7E3F9064641
:10F680006B6F9F077FF540AFFFF7DCF9801B022807
:10F69000F6D970E7324B1A6CD0002AD41A6C0126C6
:10F6A00042F080521A641B6C03F080530193019B5B
:10F6B0002C4D2B68D9051ED5A268294B012A2AD1C9
:10F6C0001A6F42F001021A67A368002B39D0FFF7C6
:10F6D000B9F9234D074641F288382B6F9B072AD58D
:10F6E000002E3FF415AF1E4A136C23F080531364B1
:10F6F0000EE70026DCE72B6843F480732B60FFF7EE
:10F70000A1F907462B68DA05D6D4FFF79BF9C01B91
:10F710006428F7D92FE73AB91A6F22F001021A6765
:10F720001A6F22F00402CEE7052A1A6FF5D142F0D3
:10F7300004021A67C4E7FFF785F9C01B4045CCD91E
:10F7400019E7FFF77FF9064D074641F288382B6F1E
:10F750009807C5D5FFF776F9C01B4045F7D90AE7EA
:10F760000038024000700040384DAB6803F00C03D5
:10F77000082B41D02B68022823F080732B602ED1F8
:10F78000FFF760F906462B68990122D4D4E90732C5
:10F790001343626A43F0005343EA8213E26A43EA86
:10F7A0000263A26A294C5208013A43EA02436B60A1
:10F7B0002B6843F080732B60FFF744F905462368FC
:10F7C0009A013FF5A9AEFFF73DF9401B0228F6D993
:10F7D000D1E6FFF737F9801B0228D4D9CBE6FFF733
:10F7E00031F904462B689B017FF596AEFFF72AF9A5
:10F7F000001B0228F6D9BEE601286B683FF4BCAEB8
:10F8000003F48002E1698A427FF472AE03F03F02A2
:10F81000216A8A427FF46CAE47F6C072616A1A4070
:10F82000B2EB811F7FF464AEA26A03F44031520848
:10F83000013AB1EB024F7FF45BAEE26A03F0706312
:10F84000B3EB026F14BF0120002095E600380240A0
:10F85000134908B58B6803F00C03042B03D0082B65
:10F8600003D0104800E0104808BD4A684B6849685A
:10F8700002F03F0213F48003C1F388111ABF0A4853
:10F8800000230848A1FB0001F7F7B6FE044B5B68B4
:10F89000C3F3014301335B00B0FBF3F0E4E700BFC7
:10F8A000003802400024F40040787D012DE9F04149
:10F8B0000D46044610B90120BDE8F081474A13689F
:10F8C00003F00F038B422AD323689E0732D42368A8
:10F8D000D90746D4414A136803F00F03AB4269D8F5
:10F8E00023685A0772D423681B0707D53C4A21694D
:10F8F000936823F4604343EAC1039360FFF7A8FFD2
:10F90000374B384A9B68C3F30313D35CD840364B5C
:10F910001860364B1868FEF7CFFD0020CCE713685F
:10F9200023F00F030B431360136803F00F038B42A4
:10F93000C1D1C9E7580704D5294A936843F4E05375
:10F9400093602368264A13F0080F03D0936843F4AA
:10F95000604393609368A16823F0F0030B439360C6
:10F96000B5E761681E4B01291A681BD112F4003FEC
:10F97000A1D09A6841F28838194E22F003020A4356
:10F980009A60FFF75FF80746B368626803F00C03FC
:10F99000B3EB820F9ED0FFF755F8C01B4045F3D95B
:10F9A000032089E7022902D112F0007FE0E712F07C
:10F9B000020FDDE7136823F00F032B431360136876
:10F9C00003F00F03AB427FF476AF89E7044AE168A6
:10F9D000936823F4E0530B43936084E7003C0240B8
:10F9E00000380240DC5F04080C00002014000020F6
:10F9F000044B054A9B68C3F38223D35C034A106817
:10FA0000D840704700380240EC5F04080C0000202A
:10FA10000F2303600B4B9A6802F0030242609A685E
:10FA200002F0F00282609A6802F4E052C2609B68C1
:10FA3000DB0803F4E0530361034B1B6803F00F037F
:10FA40000B60704700380240003C024003689A692E
:10FA5000910701D500229A6203689A69D20703D4FC
:10FA60009A6942F001029A617047000030B5039D27
:10FA7000C1F3090104682B43606843EA0243054A65
:10FA80000B4342EA555223F0004320EA02000343AD
:10FA9000636030BDFF63FF032DE9F0410368054655
:10FAA0000F4690469C6914F0100471D00024102277
:10FAB0002646DA612B689A69900664D4002E38D005
:10FAC00044F0040401202A689369D90505D54FF450
:10FAD000807144F001040120D1615A0506D52A68DD
:10FAE0004FF4806144F008040120D1619B0551D599
:10FAF0002B684FF4007244F00204DA612846FFF7E5
:10FB0000A5FF2A680120536823F0FF7323F48B3389
:10FB100023F4FF7323F0010353606B6C1C43202319
:10FB20006C6485F84130002385F8423085F8403018
:10FB300032E07A1CBFD0FEF785FFA0EB0800B84288
:10FB400001D8002FB6D12B68596895F842209869E2
:10FB5000D2B200040AD5490408D4202A06D05A6833
:10FB600042F480425A60FEF76DFF80462B689B6925
:10FB70009B069FD4FEF766FFA0EB08001928F5D975
:10FB80002024012696E7002E9AD12022DA6197E7F9
:10FB9000204698E70028B1D1BDE8F0812DE9F8436F
:10FBA000DDF8208004460F4691461D4623689B6978
:10FBB00037EA03030CBF012600264E4502D0002081
:10FBC000BDE8F883424629462046FFF765FFF0B9B5
:10FBD0006B1CEBD0FEF736FFA0EB0800A84201D863
:10FBE000002DE3D123689B6937EA03030CBF01238F
:10FBF0000023B342DAD1636C43F020036364202313
:10FC000084F84130002384F8423084F840300120E9
:10FC1000D6E770B504460D46164623689B699B06D9
:10FC200001D5002070BD324629462046FFF734FF3B
:10FC3000B0B9FEF707FF801BA84201D8002DECD118
:10FC400023689B6913F02003E7D1626C84F840308D
:10FC500042F020026264202284F8412084F842307D
:10FC60000120DFE770B504460D46164623689B6900
:10FC70009B0701D5002070BD324629462046FFF77C
:10FC80000BFFC0B96A1CF1D0FEF7DCFE801BA84256
:10FC900001D8002DEAD123689B6913F00203E5D156
:10FCA000626C84F8403042F020026264202284F8C2
:10FCB000412084F842300120DDE710B504460028D9
:10FCC00055D090F8413003F0FF021BB980F8402076
:10FCD000FEF794FC22682423002084F84130136846
:10FCE00023F001031360D4E9002323F07063136150
:10FCF0002268936823F400439360E3682268012B31
:10FD0000A3680CBF43F4004343F4044393602368A7
:10FD1000E268022A5A680CBF42F4006222F40062D0
:10FD20005A602268536843F0007343F40043536001
:10FD30002268D36823F40043D3602268D4E90431F5
:10FD40000B43A16943EA0123D3602268D4E9073158
:10FD50000B4313602268136843F0010313602023F0
:10FD6000606484F84130206384F8420010BD0120B3
:10FD7000FCE710B5044698B10268242380F84130AE
:10FD8000136823F001031360FEF77CFC002060641D
:10FD900084F8400084F84100206384F8420010BDDC
:10FDA0000120FCE72DE9F74F984690F841300446D2
:10FDB0000F46202B1646DDF830A0BDF8349040F0F9
:10FDC000C780BAF1000F02D0B9F1000F06D14FF48D
:10FDD00000736364012003B0BDE8F08F90F84030F9
:10FDE000012B00F0B5804FF0010B80F840B0FEF71A
:10FDF00029FE1923054600905A464FF4004120463B
:10FE0000FFF7CCFE0028E5D1212360635FFA88F27A
:10FE1000394684F841304023C4F824A084F84230A5
:10FE20004C4B6064204600934FF08073A4F82A90F6
:10FE3000FFF71CFE2A460E992046FFF713FF10BB62
:10FE4000B8F1010F236814D1F6B2002280212046B8
:10FE50009E620E9B0095FFF7A1FEA0B9638DFF2B5C
:10FE600015D8628D4FF00073009092B22285D2B205
:10FE700012E0320A0E9920469A622A46FFF7F2FEF5
:10FE800008B92368E0E7002384F84030A2E7FF22A6
:10FE90004FF080730090228539462046FFF7E6FD3B
:10FEA0002A460E992046FFF7DDFE002892D1626AAD
:10FEB000236812789A62636A228D0133013A636281
:10FEC000638D92B2013B22859BB26385638D9BB2A9
:10FED000ABB1A2B9009580210E9B2046FFF75EFED4
:10FEE00000287FF477AF638DFF2B29D9FF224FF0D5
:10FEF00080730090228539462046FFF7B7FD638D59
:10FF00009BB2002BCCD12A460E992046FFF781FEEA
:10FF100000287FF45FAF23682022DA6121684B68F4
:10FF200023F0FF7323F48B3323F4FF7323F00103D7
:10FF30004B6084F8412084F8400084F842004AE78E
:10FF4000628D4FF00073009092B22285D2B2D2E758
:10FF5000022040E7002000802DE9F74F984690F8F6
:10FF6000413004460F46202B1646DDF830A0BDF880
:10FF7000349040F0C980BAF1000F02D0B9F1000FFF
:10FF800006D14FF400736364012003B0BDE8F08F25
:10FF900090F84030012B00F0B7804FF0010B80F853
:10FFA00040B0FEF74FFD1923009005465A464FF426
:10FFB00000412046FFF7F2FD03460028E4D122224B
:10FFC00060633946C4F824A084F84120402284F8B4
:10FFD00042204E4A6064204600925FFA88F2A4F8FC
:10FFE0002A90FFF743FD2A460E992046FFF73AFE76
:10FFF00018BBB8F1010F236815D1F6B200224021D9
:020000040801F1
:1000000020469E620E9B0095FFF7C8FDA8B9638D40
:10001000FF2B3F4B15D8628D00934FF0007392B2C7
:100020002285D2B212E0320A0E9920469A622A46FE
:10003000FFF718FE08B92368DFE7002384F8403093
:10004000A2E7012200934FF08073228539462046B3
:10005000FFF70CFD009500220E9B04212046FFF7C0
:100060009DFD002890D123685A6A636A1A70636AFA
:10007000228D0133013A6362638D92B2013B228586
:100080009BB26385638D9BB2ABB1A2B90095802111
:100090000E9B2046FFF782FD00287FF475AF638D2D
:1000A000FF2B29D901224FF0807300902285394619
:1000B0002046FFF7DBFC638D9BB2002BCAD12A469A
:1000C0000E992046FFF7A5FD00287FF45DAF236859
:1000D0002022DA6121684B6823F0FF7323F48B330D
:1000E00023F4FF7323F001034B6084F8412084F86C
:1000F000400084F8420048E7628D4FF000730090A2
:1001000092B22285D2B2D2E702203EE700200080E0
:10011000002400804B6A2DE9F04733B1B2F1406F03
:1001200003D08B6A0468013B23618B690C6A002B46
:1001300067D00568002C35D08B68EB61CC694B6AC1
:1001400005688F69D1F820C0D1F83480D1F810E06B
:100150000E68D1E90BA9A4B144EA0A04144344EAA5
:10016000090444EA08042343CC6843EA0E0343EA43
:100170000C0323433B434C69334343EA84436B61A1
:100180002AE04AEA0904144344EA0804234343EA00
:100190000E0343EA0C033B4333434E6943EA86466E
:1001A0006E612CE04E69CC69D1F80090B604D1F8AC
:1001B00024804F6BD1E90BECACB11C43CB681443EA
:1001C00044EA090444EA080444EA0E0444EA0C043C
:1001D0003C431C4334436C61B2F1406F0FD0036861
:1001E0004A689A610BE043EA0903134343EA0803B0
:1001F00043EA0E0343EA0C033B4333436B61BDE820
:10020000F08744B303688C68DC61CC69D1F8248042
:1002100005688E69D1F820C04B6BD1F810E0D1E9A8
:100220000B796CB13C43144344EA09042343CC6882
:1002300043EA080343EA0E0343EA0C0323439AE725
:1002400047EA09042243134343EA080343EA0E033F
:1002500043EA0C03A0E7CD694B6A7DB12B43CD6A1D
:10026000046813432B430D6B2B434D6B2B43CD681D
:100270002B434D6943EA85436361ADE7002BBED054
:10028000CC6A0068234313430A6B13434A6B13433E
:100290004A6943EA82434361B1E72DE9F041069D93
:1002A00004460F461646984621688A683A4214BFAB
:1002B00001220022B24201D1002011E06B1CF4D0D7
:1002C000FEF7C0FBA0EB0800A84201D8002DEBD13F
:1002D0000423012084F84130636C43F0010363641C
:1002E000BDE8F08137B50446FEF7ACFB0546002CAF
:1002F00048D094F8412002F0FF033AB984F8403026
:100300002046FEF789FA41F28833A3642068A16889
:100310000268013922F4F85242EA012220210260E7
:100320000022A36C204600932B46FFF7B6FF20BBAC
:100330002168E569E3680A682B43256A22F07F4259
:100340002B43656822F0D00243EA056313430B6038
:100350002168D4E905324D681343226943EA024318
:10036000094A2A4013434B602268136843F0010393
:1003700013600123606484F84130002384F8403026
:1003800003B030BD0120FBE7FEF8E0FF2DE9F347A5
:1003900004468A469146FEF755FB94F84030804665
:1003A000012B34D00123022784F8403094F84160B7
:1003B000F6B29E4229D100220346CDF800902021BA
:1003C0006264204684F84170FFF767FF0546A8B9CC
:1003D000024651462046FFF79DFEDAF824305BB90D
:1003E000CDF800904346324639462046FFF755FF88
:1003F000054618B92368DF6084F84160002384F85B
:100400004030284602B0BDE8F0873D46F6E70225B9
:10041000F7E7F7B5044617460E46FEF713FB94F8C8
:1004200040200346012A36D0012284F8402094F867
:100430004120012A2DD1002282212046626484F8C5
:100440004110A16C00912021FFF727FF0546D0B98C
:1004500022687968136823F008030B4313607B68F4
:10046000082B0AD123683A681A6310222368DA60DD
:100470002268136843F4801313604FF040623146E2
:100480002046FFF747FE002384F84030284603B09B
:10049000F0BD0225F7E70225F8E737B50446FEF779
:1004A000D1FA054694F8410010F0020038D000233C
:1004B00084F840302368186810F004000BD01A68E4
:1004C00022F004021A60E06B00F090F818B1636C3F
:1004D00043F00403636423689A6892061DD51A6882
:1004E0000221204642F002021A600122A36C00930E
:1004F0002B46FFF7D2FE98B9236802222021DA604A
:100500000246A36C204600932B46FFF7C6FE38B97F
:100510002268536923F040635361012384F841301A
:1005200003B030BD2DE9F341044617468846FEF777
:1005300089FA25680646AA6994F84030012B53D001
:10054000012384F8403094F84100C0B2984249D168
:1005500000236364B8F1000F3FD0222384F84130B8
:100560002B690133A3632B69C4F8308001336363C3
:100570006B6923F0406343F080636B6123689A6189
:10058000A36BB3B900973346012202212046FFF73F
:1005900084FE28B9236802222046DA60FFF77DFF37
:1005A000012384F84130002384F8403002B0BDE8D4
:1005B000F08100973346012206212046FFF76DFEA9
:1005C0000028EDD195F82020236B1A70236B01339E
:1005D0002363A36B013BA363D2E7636C43F008037F
:1005E0006364E0E70220DEE70220DFE770B504463F
:1005F000856DFEF727FA064694F83530022B06D0B3
:10060000802301206365002384F8343070BD2268A4
:10061000136823F0160313602268536923F08003E4
:100620005361236C0BB9A36C23B12268136823F0C8
:10063000080313602268136823F001031360236822
:10064000186810F0010009D1E26D3F239340AB60C0
:10065000012384F8340084F83530D7E7FEF7F2F947
:10066000801B0528EBD9202303206365002384F831
:10067000350084F83430C9E7704770477047000090
:10068000074A0002D36800F4E06023F4E0631B042F
:100690001B0C43F0BF6343F400330343D360704744
:1006A00000ED00E0164B70B5DC684FF0FF36C4F388
:1006B0000224C4F10705231D042D28BF0425062BA1
:1006C00006FA05F38CBF033C0024002821EA03034B
:1006D00003FA04F306FA04F422EA040443EA0403E6
:1006E0004FEA0313DBB206DB00F1604000F5614026
:1006F00080F8003370BD00F00F00024A1354F9E790
:1007000000ED00E014ED00E0002808DB42090123C1
:1007100000F01F0003FA00F0014B43F8220070477D
:1007200000E100E000280DDB4309012200F01F007A
:10073000203302FA00F0044A42F82300BFF34F8F3F
:10074000BFF36F8F704700BF00E100E0BFF35F8F22
:10075000044A536A23F4803353620022024B5A60E6
:10076000704700BF00ED00E090ED00E0064A40F069
:100770000100064B5860536A43F480335362BFF361
:100780004F8FBFF36F8F704700ED00E090ED00E0FA
:100790004378114A9360136923F00103136143689E
:1007A000D360C37A017B1B0643EA017301780B43D4
:1007B000817A43EAC143417B43EA8143817B43EA37
:1007C0004143C17B43EA0143417A43EA0123017A71
:1007D00043EA41031361704790ED00E030B50A68C9
:1007E0004D6AD1E907342343154C92B902682B4373
:1007F000224013434A6813438A681343CA68134369
:100800000A6913434A6913438A691343036000204A
:1008100030BD02682B4322F4F8421343036043685F
:100820004A68234013438A681343CA6813430A691A
:1008300013434A6913438A6913434360E7E700BFE0
:100840000080FFFF30B5CB684D695C1E6B1E1B0539
:1008500043EA0434CAB90B688268013B02F0704273
:10086000234313434A68013A43EA02138A68013A70
:1008700043EA02230A69013A43EA02438A69013AD8
:1008800043EA02638360002030BD836823F4700371
:1008900023F4704323438360C3684A6803F07043C2
:1008A000013A43EA02130A68013A13438A68013A9B
:1008B00043EA02230A69013A43EA02438A69013A98
:1008C00043EA0263C360DEE710B5D1E90034026990
:1008D0002343CC68920D43EA4423920513438A686C
:1008E000013A43EA42130361002010BD436923F437
:1008F0007F5323F03E0343EA4101416100207047EA
:100900002DE9F74F0023DFF8BCC16C4CDFF8B8814C
:10091000DFF8B8E101250A689D402A40954240F081
:10092000B4804E685F00032506F00306BD40013E1B
:10093000ED43012E11D8866806EA0509CE68BE404F
:1009400046EA09068660466826EA02094E68C6F34A
:1009500000169E4046EA090646604E6806F0030609
:10096000032E07D0C66806EA05098E68BE4046EA2F
:100970000906C6604E6806F00306022E16D14FEA3D
:10098000D30A03F0070B4FF00F0900EB8A0A4FEA76
:100990008B0BDAF8206009FA0BF926EA09090E69CF
:1009A00006FA0BF646EA0906CAF8206006683540E2
:1009B0004E6806F00306BE40354305604D6815F4E9
:1009C000403F62D0DCF8445023F0030603F00307F5
:1009D0004FF00F0945F4804506F18046BF00CCF882
:1009E000445006F59C36DCF8445005F480450195EA
:1009F000019D09FA07F5D6F808A02AEA0509304D45
:100A0000A84249D005F58065A84247D005F5806524
:100A1000A84245D005F58065A84243D0404543D063
:100A2000704543D005F54065A84241D005F5806585
:100A3000A8423FD005F58065A8423DD005F5806508
:100A4000A84214BF0A250925BD4045EA0905B5603D
:100A5000D6434D68A768ED0254BF37401743A760DF
:100A60004D68E768AD0254BF37401743E7604D68F3
:100A70006768AD0354BF3740174367604D68276808
:100A8000ED0354BF3740174327600133102B7FF429
:100A900041AF03B0BDE8F08F0025D5E70125D3E7CE
:100AA0000225D1E70325CFE70425CDE70525CBE7D0
:100AB0000625C9E70725C7E70825C5E7003C01402B
:100AC00000000240003802400010024000140240C2
:100AD0002DE9F04F0022464DDFF81C91DFF81CA1F4
:100AE000DFF81CB1012303FA02FE0EEA0104A64559
:100AF00067D122F0030602F0030C0F273D4B06F1ED
:100B000080464FEA8C0C984206F59C3607FA0CF7A3
:100B1000D6F8088007EA080858D003F580639842A1
:100B200056D003F58063984254D003F58063984211
:100B300052D003F58063984250D0484550D050457C
:100B400050D0584550D003F5805398424ED003F50D
:100B5000806398420CBF09230A2303FA0CF3434530
:100B600010D12B68E44323402B606B6823406B60FB
:100B7000EB682340EB60AB681C40AC60B36823EAD1
:100B80000707B76056000323046802F0070CB34060
:100B90000F274FEA8C0CDB4307FA0CF71C4004606C
:100BA000D40800EB8404266A26EA07072762C46893
:100BB0001C40C460446824EA0E04446084682340F6
:100BC00083600132102A8DD1BDE8F08F0023C4E785
:100BD0000123C2E70223C0E70323BEE70423BCE7E7
:100BE0000523BAE70623B8E70723B6E70823B4E7E7
:100BF000003C014000000240001402400018024086
:100C0000001C02400369194214BF012000207047F4
:100C10000AB1816170470904FBE7436901EA0302F5
:100C200021EA030141EA02418161704710B504469F
:100C300040B390F8393003F0FF021BB980F8382038
:100C4000FDF7BCFC226802236168002084F839307B
:100C5000136823F440330B4313602268A168536B7D
:100C600023F007030B4353632268E168136C23F4FA
:100C70007F5323F03F030B4313640123E06384F8A5
:100C8000393010BD0120FCE77047704770B503682C
:100C900004465E681D68F20715D5E90513D51A6884
:100CA00022F480721A600122C36B43F00103C36314
:100CB00003689A60042380F83930002380F83830C4
:100CC000436903B19847B20617D5AB0415D522681E
:100CD000136823F400531360202223689A60E36BA7
:100CE00043F00203E363042384F83930002384F8DB
:100CF000383063690BB120469847300717D529056E
:100D000015D52268136823F4006313600822236852
:100D10009A60E36B43F00403E363042384F83930FF
:100D2000002384F8383063690BB120469847720776
:100D30000CD56B050AD522682046136823F480631E
:100D40001360042223689A60FFF79EFFB00715D551
:100D5000A90513D52268136823F4007313600222D7
:100D600023689A60E36BE363012384F8393000233E
:100D700084F8383023690BB120469847F20614D521
:100D8000EB0412D522682046136823F480531360C5
:100D9000102223689A60E36BE363012384F83930FF
:100DA000002384F83830FFF770FF70BD70B590F8FD
:100DB0003830012B4FF002032CD0012280F839305B
:100DC0001E4E80F838200A018418D4E9075345EAFA
:100DD0000343093D012D656A96BF05F07F4543EA4F
:100DE00005632B430568B9B9696A31400B436B62EF
:100DF000036882699A61C369093B012B04D8436A7D
:100E0000026823F07F439362012380F83930002386
:100E100080F83830184670BDE96931400B43EB610A
:100E2000831801689A690A61DB69093B012BEBD8D9
:100E3000636A026823F07F431362E5E7F0FFFC007A
:100E40007047000090F83D30012B34D10268022336
:100E500080F83D30D36843F00103D360174A03683C
:100E600093421AD0B3F1804F17D0A2F57C4293423F
:100E700013D002F5806293420FD002F58062934254
:100E80000BD002F57842934207D002F5705293429C
:100E900003D0A2F59432934207D19968084A0A40D8
:100EA000062A06D0B2F5803F03D01A6842F001024C
:100EB0001A60002070470120704700BF0000014009
:100EC00007000100704770477047704770B50368AE
:100ED0000446DD681E69B2070ED5A9070CD56FF070
:100EE00002021A610123037703689B699A0778D08D
:100EF000FFF7E9FF00232377730711D568070FD5A4
:100F000023686FF0040220461A61022323772368C6
:100F10009B6913F4407F6AD0FFF7D5FF0023237746
:100F2000310710D52A070ED523686FF00802204636
:100F30001A61042323772368DB699B075DD0FFF7E1
:100F4000C2FF00232377F10611D5EA060FD52368E7
:100F50006FF0100220461A61082323772368DB69AB
:100F600013F4407F4FD0FFF7AEFF00232377F30742
:100F700008D5E80706D523686FF0010220461A61FC
:100F8000FDF78EFA16F4025F08D0290606D523680D
:100F90006FF4025220461A61FFF76FFBF20508D585
:100FA0002B0606D523686FF4807220461A61FFF77E
:100FB00065FB700608D5690606D523686FF0400208
:100FC00020461A61FFF781FFB20622D5AB0620D575
:100FD00023686FF0200220461A61BDE87040FFF7D9
:100FE0004BBBFFF76FFF2046FFF76EFF82E7FFF76F
:100FF00069FF2046FFF768FF90E7FFF763FF204691
:10100000FFF762FF9DE7FFF75DFF2046FFF75CFFFC
:10101000ABE770BD334A0368904212D0B0F1804F05
:101020000FD0A2F57C4290420BD002F58062904234
:1010300007D002F58062904203D002F578429042D8
:1010400019D14A6823F070031343264A904229D0ED
:10105000B0F1804F26D0A2F57C42904222D002F51A
:10106000806290421ED002F5806290421AD002F552
:101070007842904216D01C4A904213D002F580620A
:1010800090420FD002F5806290420BD0A2F59832C8
:10109000904207D002F58062904203D002F5806250
:1010A000904203D123F44073CA6813434A6923F082
:1010B0008003134303608B68C3620B688362094B30
:1010C000984203D003F58063984201D10B69036312
:1010D000012343610369DB0703D5036923F001039F
:1010E00003617047000001400040014010B5044614
:1010F00050B390F83D3003F0FF021BB980F83C205C
:10110000FFF79EFE02232068211D84F83D30FFF783
:1011100081FF0123002084F8483084F83E3084F8B1
:101120003F3084F8403084F8413084F8423084F80D
:10113000433084F8443084F8453084F8463084F8ED
:10114000473084F83D3010BD0120FCE710B590F821
:101150004130DBB2202B23D190F84020012A1FD050
:101160000122046880F84020242280F8412022686F
:1011700022F0010222600468226822F48052226078
:10118000046822681143216001680A6842F0010284
:101190000A6080F84130002380F84030184610BDC6
:1011A0000220FCE710B590F84120D2B2202A21D1CC
:1011B00090F84030012B1DD00123046880F84030A6
:1011C000242380F84130236823F00103236004685E
:1011D000236823F4706343EA0121216001680B68EE
:1011E00043F001030B60002380F8412080F8403079
:1011F000184610BD0220FCE7CB0710B50BD51F2306
:1012000013F1FF3306D321FA03F4E407F8D5082AD3
:1012100015D002D83AB101200EE0102A0DD0182ABC
:10122000F9D1062BF7D803685961016800208B6853
:1012300023F018031A438A6010BD072BF2E70F2B27
:10124000F0E7704708B5FBF7C9FFBDE80840FBF7BA
:1012500049BFFBF7C5BF00F108034FF0FF32436001
:101260000361C0E902230023036070470023036188
:10127000704743684B609A688A609A6851609960C9
:10128000086103680133036070470A68531C30B576
:101290000AD103695A684A6091608B60596008619D
:1012A00003680133036030BD00F108035C68256802
:1012B0009542EFD82346F9E7D0E90121036991600F
:1012C000D0E9011251605A68824204BF82685A60B4
:1012D000002202611A68013A1A601868704710B556
:1012E000044602F08FF9A46B02F0B2F9B4FA84F06C
:1012F000400910BD70B51546026C0446866B42B9B4
:1013000005689DB9806801F07DFAA5600136A66385
:1013100070BD6DB94068F7F7CBFA6368226C13446F
:10132000A2689342636001D3236863600020EDE705
:10133000C068F7F7BDFA236CE2685B4221681A4483
:101340008A42E2603EBFA2689B18E360022DEDD1A5
:101350000EB1013EEAE73046D8E7034608461A6C6C
:1013600010B462B1D9689C681144A142D9605DF89B
:10137000044B24BF1968D960D968F7F799BA5DF8AA
:10138000044B704770B5044602F03CF994F84550A0
:1013900004F124066DB2002D14DCFF2304F11006C5
:1013A00084F8453002F054F902F02CF994F84450D6
:1013B0006DB2002D12DCFF2384F84430BDE870408C
:1013C00002F046B9636A002BE7D0304601F02EF9EF
:1013D00008B101F0BBF9013D6DB2DCE72369002BD8
:1013E000E9D0304601F022F908B101F0AFF9013D32
:1013F0006DB2DEE738B50D46044650B94FF05003E4
:1014000072B683F31188BFF36F8FBFF34F8F62B64D
:10141000FEE702F0F7F82268D4E90F306260434338
:10142000D1181B1A1344A1600021E360FF23A163BC
:1014300084F8443084F8453095B9236963B104F1E8
:10144000100001F0F3F838B10A4B4FF080521A60E7
:10145000BFF34F8FBFF36F8F02F0FAF8012038BD52
:1014600004F11000FFF7F7FE04F12400FFF7F3FE8C
:10147000F2E700BF04ED00E013B51C4650B94FF091
:10148000500372B683F31188BFF36F8FBFF34F8F92
:1014900062B6FEE753B94FF0500372B683F311887A
:1014A000BFF36F8FBFF34F8F62B6FEE75AB1B1B98A
:1014B0004FF0500372B683F31188BFF36F8FBFF301
:1014C0004F8F62B6FEE751B14FF0500372B683F30F
:1014D0001188BFF36F8FBFF34F8F62B6FEE75023C3
:1014E0000193019B502B0AD04FF0500372B683F347
:1014F0001188BFF36F8FBFF34F8F62B6FEE70029ED
:1015000008BF2246019B0123226084F84630C4E9CB
:101510000F0119462046FFF76DFF9DF81030204659
:1015200084F84C3002B010BDF8B50D46174606469B
:1015300050B94FF0500372B683F31188BFF36F8F29
:10154000BFF34F8F62B6FEE74843503001F020FFF3
:10155000044660B1002380F8463055B9206001216F
:101560002046C4E90F65FFF745FF84F84C7020461C
:10157000F8BD00F150030360F1E713B513460C46C4
:1015800050B94FF0500372B683F31188BFF36F8FD9
:10159000BFF34F8F62B6FEE788420AD24FF0500386
:1015A00072B683F31188BFF36F8FBFF34F8F62B6AC
:1015B000FEE70222009200221146FFF75DFF00B114
:1015C000846302B010BD10B50C4650B94FF0500303
:1015D00072B683F31188BFF36F8FBFF34F8F62B67C
:1015E000FEE788420AD24FF0500372B683F31188A7
:1015F000BFF36F8FBFF34F8F62B6FEE70222002169
:10160000FFF792FF00B1846310BD00002DE9FF4792
:10161000884601921F46044650B94FF0500372B6F7
:1016200083F31188BFF36F8FBFF34F8F62B6FEE76E
:1016300061B9036C53B14FF0500372B683F3118854
:10164000BFF36F8FBFF34F8F62B6FEE7022F0DD14E
:10165000E36B012B0AD04FF0500372B683F311886D
:10166000BFF36F8FBFF34F8F62B6FEE701F07AF8DA
:1016700060B9019E5EB14FF0500372B683F31188DA
:10168000BFF36F8FBFF34F8F62B6FEE700264FF0B8
:101690000009DFF8E8A037E0019D1DB901F0D8FF8F
:1016A000002050E016B902A801F004F801F0D0FFC4
:1016B00000F092FD01F0A6FF94F84430FF2B01D119
:1016C00084F8449094F84530FF2B01D184F845907C
:1016D00001F0BEFF01A902A800F0F8FF002846D1E2
:1016E00001F090FFA26BE36B9A422FD101F0B0FFA3
:1016F000019904F1100000F05DFF2046FFF742FE63
:1017000000F00AFE50B3012601F07CFFA26BE36BF0
:101710009A4201D3022FBFD13A4641462046FFF7F5
:10172000E9FD636A1BB104F1240000F07FFF38B1CA
:10173000124B4FF080521A60BFF34F8FBFF36F8F81
:1017400001F086FF012004B0BDE8F08701F080FFC2
:101750002046FFF717FE00F0DFFDD4E74FF080537F
:10176000CAF80030BFF34F8FBFF36F8FCBE720462F
:10177000FFF708FE00F0D0FD92E700BF04ED00E0A7
:1017800000220B4613B5114600900120FFF774FEAE
:10179000044638B1002383601A4603601946C360CB
:1017A000FFF734FF204602B010BD38B5044650B9EB
:1017B0004FF0500372B683F31188BFF36F8FBFF3FE
:1017C0004F8F62B6FEE7856800F0C6FF85420AD1FA
:1017D000E368013BE36023B91A4619462046FFF748
:1017E00015FF012000E0002038BD10B502460021A1
:1017F0000120FFF799FE044638B1002383601A46A2
:1018000003601946C360FFF701FF204610BD2DE9B4
:10181000F843894690461F46044650B94FF050039E
:1018200072B683F31188BFF36F8FBFF34F8F62B629
:10183000FEE761B9036C53B14FF0500372B683F306
:101840001188BFF36F8FBFF34F8F62B6FEE7022F91
:101850000DD1E36B012B0AD04FF0500372B683F326
:101860001188BFF36F8FBFF34F8F62B6FEE701F0B1
:10187000D1FFEFF311864FF0500372B683F3118856
:10188000BFF36F8FBFF34F8F62B6A26BE36B9A42C9
:1018900001D3022F22D194F845503A4649462046BA
:1018A0006DB2FFF727FD6B1C13D1636A0BB90120E2
:1018B0000BE004F1240000F0B9FE0028F7D0B8F1E5
:1018C000000FF4D00120C8F8000086F31188BDE8AD
:1018D000F88301356DB284F84550E8E70020F4E75D
:1018E00070B50D46044650B94FF0500372B683F3FD
:1018F0001188BFF36F8FBFF34F8F62B6FEE7036CA3
:1019000053B14FF0500372B683F31188BFF36F8F5A
:10191000BFF34F8F62B6FEE7036863B9836853B1C4
:101920004FF0500372B683F31188BFF36F8FBFF38C
:101930004F8F62B6FEE701F06DFFEFF311864FF0B7
:10194000500372B683F31188BFF36F8FBFF34F8FCD
:1019500062B6A26BE36B93421CD994F84530013216
:101960005BB2A2635A1C10D1636A0BB9012009E073
:1019700004F1240000F05AFE0028F7D0002DF5D025
:101980000120286086F3118870BD01335BB284F8B2
:101990004530EBE70020F5E72DE9F04385B00F4631
:1019A0000446019250B94FF0500372B683F3118888
:1019B000BFF36F8FBFF34F8F62B6FEE761B9036C61
:1019C00053B14FF0500372B683F31188BFF36F8F9A
:1019D000BFF34F8F62B6FEE700F0C4FE60B9019E10
:1019E0005EB14FF0500372B683F31188BFF36F8F6F
:1019F000BFF34F8F62B6FEE700264FF00008DFF816
:101A0000E0903BE0019D1DB901F022FE002052E074
:101A100016B902A800F04EFE01F01AFE00F0DCFB41
:101A200001F0F0FD94F84430FF2B01D184F844809C
:101A300094F84530FF2B01D184F8458001F008FE71
:101A400001A902A800F042FE00283DD12046FFF780
:101A500046FC98B3019904F1240000F0ABFD204648
:101A6000FFF790FC00F058FC38B94FF08053C9F8EC
:101A70000030BFF34F8FBFF36F8F012601F0C2FD1F
:101A8000A56B002DBED0013D39462046FFF765FC11
:101A9000A563236963B104F1100000F0C7FD38B1FC
:101AA0000F4B4FF080521A60BFF34F8FBFF36F8F11
:101AB00001F0CEFD012005B0BDE8F0832046FFF720
:101AC00061FC00F029FCD8E72046FFF75BFC00F042
:101AD00023FC2046FFF703FC0028CED096E700BF8A
:101AE00004ED00E02DE9FF410446019150B94FF0AB
:101AF000500372B683F31188BFF36F8FBFF34F8F1C
:101B000062B6FEE7056C55B14FF0500372B683F331
:101B10001188BFF36F8FBFF34F8F62B6FEE700F0FF
:101B200021FE60B9019D55B14FF0500372B683F3A9
:101B30001188BFF36F8FBFF34F8F62B6FEE72E465B
:101B40000027DFF8308151E0019B73B955B14FF0A8
:101B5000500372B683F31188BFF36F8FBFF34F8FBB
:101B600062B6FEE701F074FD5EE016B902A800F06F
:101B7000A1FD01F06DFD00F02FFB01F043FD94F895
:101B80004430FF2B01D184F8447094F84530FF2B8A
:101B900001D184F8457001F05BFD01A902A800F0B5
:101BA00095FD00284AD12046FFF799FB00283FD039
:101BB00023683BB901F026FDA06800F0E3FD05466F
:101BC00001F046FD019904F1240000F0F3FC2046E9
:101BD000FFF7D8FB00F0A0FB38B94FF08053C8F8EE
:101BE0000030BFF34F8FBFF36F8F012601F00AFD66
:101BF000A36B002BA8D0013BA363236813B900F0AB
:101C000099FEA060236963B104F1100000F00EFD9D
:101C100038B1184B4FF080521A60BFF34F8FBFF3AB
:101C20006F8F012501F014FD284604B0BDE8F08156
:101C30002046FFF7A7FB00F06FFBD6E72046FFF733
:101C4000A1FB00F069FB2046FFF749FB0028CCD040
:101C5000002DE9D001F0D6FC616A19B1236B196837
:101C6000C1F13801A068002500F012FE01F0F0FC7F
:101C7000DAE700BF04ED00E070B50D46044650B948
:101C80004FF0500372B683F31188BFF36F8FBFF329
:101C90004F8F62B6FEE7866800F05EFD864204D193
:101CA000E36801200133E36070BD29462046FFF759
:101CB00019FF0028F8D0E3680133E360F4E72DE969
:101CC000F84389469046054650B94FF0500372B626
:101CD00083F31188BFF36F8FBFF34F8F62B6FEE7B8
:101CE00061B9036C53B14FF0500372B683F311889E
:101CF000BFF36F8FBFF34F8F62B6FEE701F08AFD2F
:101D0000EFF311874FF0500372B683F31188BFF3DE
:101D10006F8FBFF34F8F62B6AC6B1CB395F8446006
:101D200049462846013C76B2FFF717FBAC63731CAB
:101D300013D12B690BB901200BE005F1100000F065
:101D400075FC0028F7D0B8F1000FF4D00120C8F8D6
:101D5000000087F31188BDE8F883013676B285F874
:101D60004460E8E72046F4E70023074A30B552F81C
:101D7000335002EBC3041DB942F83310606030BD2C
:101D80000133082BF3D1FAE7D46B01200023084A72
:101D900010B502EBC3014C68844204D1002042F824
:101DA0003300486010BD0133082BF2D1FAE700BFC1
:101DB000D46B012010B5044650B94FF0500372B6F1
:101DC00083F31188BFF36F8FBFF34F8F62B6FEE7C7
:101DD000FFF7DCFF94F8463023B92046BDE81040F9
:101DE00001F06ABB10BD70B504460D46164601F001
:101DF00009FC94F84430FF2B02D1002384F84430CE
:101E000094F84530FF2B02D1002384F8453001F0CF
:101E10001FFCA36B2BB93246294604F1240000F0C5
:101E2000E5FB2046BDE87040FFF7ACBA2DE9F04174
:101E3000044601F0E7FB2E4B2E4D1A682E4F01325F
:101E40001A602E68002E48D12C601B68012B1FD110
:101E50004FF0140808FB06700136FFF7FCF9382E26
:101E6000F8D1DFF8C080254E4046FFF7F4F9304640
:101E7000FFF7F1F92248FFF7EEF92248FFF7EBF9F7
:101E80002148FFF7E8F9214BC3F80080204B1E6082
:101E9000204A1368013313601F4A63641168E36AC0
:101EA0008B4200D913601420211D00FB0370FFF743
:101EB000E0F901F0CDFB194B1B6863B12B68DA6ABE
:101EC000E36A9A4207D2164B4FF080521A60BFF372
:101ED0004F8FBFF36F8FBDE8F081104B1B68002B55
:101EE000D6D12B68DA6AE36A9A42D1D82C60CFE760
:101EF00038310020CC2C0020D82C00206431002068
:101F000080310020AC31002098310020D02C0020FE
:101F1000D42C0020483100204C3100209431002086
:101F200004ED00E05031002010B590F85D3004461B
:101F30003BB9006B01F0C0FA2046BDE8104001F04B
:101F4000BBBA012BF9D0022B0AD04FF0500372B666
:101F500083F31188BFF36F8FBFF34F8F62B6FEE735
:101F600010BD000080B5144E144F154C154D23685C
:101F70006BB9154B1B68012B06D94FF080533B60A2
:101F8000BFF34F8FBFF36F8FFCF720FDEDE701F03C
:101F900039FBF368D3F80C8008F10400FFF78CF9E3
:101FA0002B68013B2B602368013B236001F050FB51
:101FB0004046FFF7B9FFDAE7AC31002004ED00E05E
:101FC0003C31002038310020D82C0020064A13680C
:101FD0001968064B19B94FF0FF321A607047126842
:101FE000D268D2685268F8E7D02C002078310020FF
:101FF0002DE9F0474FEA820907460D46A5214A46DA
:102000009846A9F10409DDE90964206B2BF0F0FD85
:10201000236B994429F00709A5B36B1E04F1340220
:102020000F3513F8011F02F8011B197809B1AB42F3
:10203000F7D1002384F84330089D4FF0000A201D9B
:10204000372DC4F850A028BF3725E562E564C5F1F7
:102050003805FFF70BF904F11800FFF707F9C4F88A
:1020600058A024614246A561394664624846C4F8D6
:1020700054A084F85CA001F09DFA206006B13460A1
:10208000BDE8F08784F83450D6E70000F8B5164B69
:102090000546164E0F461C6830680430FFF70CF9F1
:1020A0006B1C334607D137B1316811480431BDE8A4
:1020B000F840FFF7DEB864191A68546007D30D4A78
:1020C00010681968BDE8F8400431FFF7DEB80A4A25
:1020D000106819680431FFF7D8F8084B1A68A24253
:1020E00000D91C60F8BD00BFC0310020CC2C0020FE
:1020F00098310020D42C0020D02C002078310020F2
:1021000070B586B0DDE90B5455B94FF0500372B687
:1021100083F31188BFF36F8FBFF34F8F62B6FEE773
:1021200054B94FF0500372B683F31188BFF36F8F29
:10213000BFF34F8F62B6FEE760260596059E602EC0
:102140000AD04FF0500372B683F31188BFF36F8F3C
:10215000BFF34F8F62B6FEE725630225059E84F824
:102160005D5004AD029401950A9D0095FFF740FF74
:102170002046FFF75BFE049806B070BD2DE9F043E2
:10218000074685B0900088461646994601F000F94A
:102190000546E8B1602001F0FBF80446A8B1002331
:1021A00005633246414680F85D300D9B029038460B
:1021B00001930C9B00934B46FFF71AFF2046FFF755
:1021C00035FE012005B0BDE8F083284601F074F922
:1021D0004FF0FF30F6E70000024A13680133136046
:1021E000704700BF44310020014B1868704700BFA2
:1021F000C03100202DE9F84F3C4B1B68002B6DD1FE
:102200003B4B1C6801341C60CCB93A4B1A6812680D
:1022100052B14FF0500372B683F31188BFF36F8F42
:10222000BFF34F8F62B6FEE7334A19681068186033
:102230001160324A136801331360FFF7C7FE304D57
:102240004FF0000B2F4F2B68A34211D93A682E4B49
:10225000D16A14224A439A58022A28BF4FF0010B30
:102260002A4A1268002A0CBF58460120BDE8F88FA0
:10227000DFF88090DFF89CA0D9F8002012681AB926
:102280004FF0FF322A60E1E7D9F80020D268D66823
:1022900071688C4201D22960D8E706F104084046F3
:1022A000FFF70AF8B16A19B106F11800FFF704F850
:1022B000F06ADAF80010884201D9CAF80000142246
:1022C000114B414602FB0030FEF7D3FF3868F16A3C
:1022D000C26A914228BF4FF0010BCDE70C4A4FF084
:1022E000000B136801331360BAE700BF44310020CC
:1022F000C0310020D02C0020D42C00207C310020C4
:1023000078310020CC2C0020D82C0020C4310020B3
:10231000403100204C3100202DE9F041304C236841
:1023200053B94FF0500372B683F31188BFF36F8F28
:10233000BFF34F8F62B6FEE701F064F92368013BFB
:10234000236024682CB1002401F082F92046BDE806
:10235000F081244B1B68002BF5D0234D234EDFF872
:10236000A0801DE0EB68DC68271D04F11800FEF773
:10237000A3FF3846FEF7A0FFE36A3268934200D914
:1023800033601420394600FB0380FEF772FF184BC0
:10239000E26A1B68DB6A9A4202D3164B01221A607A
:1023A0002B68002BDED10CB1FFF710FE124D2C680C
:1023B00044B1104E0127FFF71DFF00B13760013C0B
:1023C000F9D12C600B4B1B68002BBCD00B4B4FF092
:1023D00080521A60BFF34F8FBFF36F8F0124B3E7B2
:1023E0004431002038310020803100204C31002061
:1023F000CC2C0020C43100204031002004ED00E04E
:10240000D82C002008B540B90F4B4FF080521A600D
:10241000BFF34F8FBFF36F8F08BD0C4B196851B1DD
:102420004FF0500372B683F31188BFF36F8FBFF381
:102430004F8F62B6FEE7FFF7CFFEFFF727FEFFF7ED
:102440006BFF0028E0D0E7E704ED00E04431002016
:1024500038B50D46044608B9044B1C6801F0D2F8A3
:102460006565BDE8384001F0F3B800BFCC2C002012
:1024700008B9044B1868436D0BB108461847184655
:10248000704700BFCC2C002010B588B0002407AAEC
:1024900006A905A8CDE9054400F03CFF059B079A75
:1024A0000293069B19491A48CDE900432346FFF7DA
:1024B00027FEE0B100F09CFA01281AD14FF050033A
:1024C00072B683F31188BFF36F8FBFF34F8F62B67D
:1024D000104B4FF0FF3221461A600F4B18600F4B24
:1024E0001C600F4B1868FFF7C3FF01F02DF908B00F
:1024F00010BD0130FBD14FF0500372B683F3118849
:10250000BFF36F8FBFF34F8F62B6FEE7846004089E
:10251000651F01087831002094310020C03100206F
:10252000CC2C0020F8B51E4B1A681E4B12B10122AC
:102530001A60F8BD1C4E01211A603068FFF798FF41
:102540001A4D1B4A4FF0140C2B6817460CFB03F175
:1025500054585018ACB14468083164680A440021EA
:102560009442446004BF62684260142202FB03721A
:102570005268D26832602B603068BDE8F840FFF7DF
:1025800077BF53B94FF0500372B683F31188BFF38E
:102590006F8FBFF34F8F62B6FEE7013BD6E700BFF8
:1025A00044310020C4310020CC2C00204C310020CC
:1025B000D82C002010B50C4650B94FF0500372B61D
:1025C00083F31188BFF36F8FBFF34F8F62B6FEE7BF
:1025D000054B19681831FEF758FE20460121BDE869
:1025E0001040FFF753BD00BFCC2C002038B50D467E
:1025F000144650B94FF0500372B683F31188BFF3FD
:102600006F8FBFF34F8F62B6FEE7074B1968183123
:10261000FEF72FFE002C21460CBF28464FF0FF305E
:10262000BDE83840FFF732BDCC2C002038B5C36878
:10263000DC6854B94FF0500372B683F31188BFF3CE
:102640006F8FBFF34F8F62B6FEE704F1180528467F
:10265000FEF732FE114B1B68D3B9251D2846FEF745
:102660002BFE0F4AE36A11688B4200D913600D4AB2
:102670001420294600FB0320FEF7FBFD0A4BE26A0B
:102680001B68DB6A9A4206D90120084B186038BDE6
:1026900029460748F0E70020F9E700BF4431002051
:1026A0004C310020D82C0020CC2C0020C43100203C
:1026B00080310020034B1B680360034B1B684360A1
:1026C000704700BF7C310020C0310020F8B50C46B7
:1026D000054650B94FF0500372B683F31188BFF32B
:1026E0006F8FBFF34F8F62B6FEE751B94FF05003C3
:1026F00072B683F31188BFF36F8FBFF34F8F62B64B
:10270000FEE700F07FFF0F4B6868196823680A1A1C
:102710005E1C0DD00C4E2F683668B74201D088423F
:102720000DD9934209D99B1A28462360FFF7C2FFAF
:10273000002400F08DFF2046F8BD00232360012413
:10274000F7E700BFC03100207C310020014B01229F
:102750001A607047C4310020014B1868704700BFF1
:10276000CC2C0020054B1B6833B1054B1B68002B9C
:102770000CBF0220002070470120704794310020D8
:1027800044310020F8B5044640B31B4AC36A1168BF
:102790001646C96A8B4226D28269002A04DB326857
:1027A000D26AC2F1380282611422144D02FB035333
:1027B00062699A4213D1271D3846FEF77DFD3368C2
:1027C0000F4ADB6A1168E3628B4200D91360142060
:1027D000394600FB0350FEF74CFD0120F8BD33687D
:1027E000DB6AE362F9E71368C06CDC6AA0422CBFC5
:1027F00000200120F2E700BFCC2C0020D82C0020C4
:102800004C31002038B508B9002038BD1D4B1C687C
:1028100084420AD04FF0500372B683F31188BFF39D
:102820006F8FBFF34F8F62B6FEE7236D53B94FF042
:10283000500372B683F31188BFF36F8FBFF34F8FCE
:1028400062B6FEE7E16A013BE26C23659142DBD0B0
:10285000002BD9D1251D2846FEF72EFDE36CC3F1D0
:102860003802E362A261084A11688B4200D9136002
:10287000064A1420294600FB0320FEF7FAFC01203B
:10288000C3E700BFCC2C00204C310020D82C002006
:1028900070B50446002846D0026D52B94FF050037F
:1028A00072B683F31188BFF36F8FBFF34F8F62B699
:1028B000FEE7C36C994238BF1946C36A8B4232D0D7
:1028C000012A30D1184A126882420AD14FF05003CF
:1028D00072B683F31188BFF36F8FBFF34F8F62B669
:1028E000FEE78269114D002A4FF01402C16202FB1B
:1028F0000353A8BFC1F138014269A8BF81619A4260
:1029000011D1061D3046FEF7D7FC094AE36A11686B
:102910008B4200D913601420314600FB0350BDE800
:102920007040FEF7A6BC70BDCC2C0020D82C002037
:102930004C310020044B1A681AB119680A6D013233
:102940000A651868704700BFCC2C0020F7B5114C01
:1029500000F058FE2568BDB90F4F104E3846FEF7FF
:102960007AFC3046FEF777FC0D4B0E4A10211F60B3
:102970000A200D4B1E6000950C4BFEF77DFD20607C
:1029800010B10B49FFF7F0F903B0BDE8F04000F0DB
:102990005FBE00BFEC320020703200208432002085
:1029A000C8310020D0310020CC3100209C320020E2
:1029B00089600408914208B5416000610AD8D21AC2
:1029C00083699A420DD2011D074B1868FEF75DFC22
:1029D000002008BD9A4201D2994202D2011D034B48
:1029E000F3E70120F5E700BFCC310020C83100201B
:1029F00010B588B0FFF7AAFF134B1B68B3B10024D2
:102A000007AA06A905A8CDE9054400F08FFC059B9F
:102A1000079A0293069B0D49019302230C480093E9
:102A20002346FFF76DFB0B4B186050B94FF0500376
:102A300072B683F31188BFF36F8FBFF34F8F62B607
:102A4000FEE7012008B010BDEC3200208E600408C3
:102A5000392B0108F032002030B5154685B01A46F2
:102A6000034650B94FF0500372B683F31188BFF399
:102A70006F8FBFF34F8F62B6FEE70D4C206878B1C1
:102A800005290293CDE900150CDCFFF76BFE00234E
:102A90000228694620680CBF089A1A46FEF7B6FD60
:102AA00005B030BD00236946FEF7B1FEF8E700BF70
:102AB000EC3200202DE9F3411D4D4FF000082B684A
:102AC0001A6832B91B4A11681360296002B0BDE868
:102AD000F081DB68DC681E68271D3846FEF7ECFBDA
:102AE000236A2046984794F828305B07E7D5A36906
:102AF00033449E4206D26360394624612868FEF75B
:102B0000C4FBDCE70023CDF800803246204619469E
:102B1000FFF7A2FF0028D2D14FF0500372B683F323
:102B20001188BFF36F8FBFF34F8F62B6FEE700BF10
:102B3000C8310020CC3100202DE9F04F844D87B002
:102B4000DFF818822F462A68136853B3D36800242D
:102B5000D3F80090DFF808B2FFF73EFBFFF744FB25
:102B60008246DBF800305E4698421DD3CBF8000069
:102B70002CB3784B1B681A68B2FA82F25209764B72
:102B8000A9EB0A011868FFF72EF9FFF7C5FB88B912
:102B90004FF08053C8F80030BFF34F8FBFF36F8FF3
:102BA00008E001249946D5E7FFF784FFCBF800A0A1
:102BB000FFF7B2FBDFF8A0914FF0000A83E08145F8
:102BC00032D8FFF7A9FB3B68DB68D3F80CB00BF1F8
:102BD0000400FEF771FB9BF8283058071BD5DBF883
:102BE00018104B46524658464944FFF7E3FEB0B131
:102BF000009423464A4621465846FFF72DFF70B9F8
:102C00004FF0500372B683F31188BFF36F8FBFF399
:102C10004F8F62B6FEE723F001038BF82830DBF814
:102C2000203058469847C5E72246A8E794F8283050
:102C30005A46A169204643F0010384F82830039BDB
:102C40001944FFF7B7FE00283DD0236A2046984775
:102C500094F82830590736D5A269002303992046F5
:102C6000CDF800A00A441946FFF7F6FE58BB4FF016
:102C7000500372B683F31188BFF36F8FBFF34F8F8A
:102C800062B6FEE794F8283023F0010384F8283078
:102C900019E094F82830039943F00103A16184F806
:102CA000283051B94FF0500372B683F31188BFF347
:102CB0006F8FBFF34F8F62B6FEE75B465A465944AB
:102CC0002046FFF777FE002202A9D9F80000FEF7A0
:102CD00063FE00283FF437AF029B002B03DA039B0F
:102CE000DDE904019847029B002BECDB049C63693F
:102CF00013B1201DFEF7E0FAFFF776FA336883463A
:102D0000984201D2FFF7D6FE029BC6F800B0092B0D
:102D1000D9D801A252F823F02D2C01082D2C01083E
:102D20002D2C0108852C0108932C0108412D010848
:102D30002D2C01082D2C0108852C0108932C01084D
:102D400094F828309A079FD4204600F0B5FBBAE7E4
:102D5000C8310020CC310020EC32002004ED00E02E
:102D600098320020EFF3058313B16FF00500704730
:102D7000EFF31082074B12B9EFF3118212B11A6808
:102D8000022AF2D0186810B901221A6070474FF079
:102D9000FF3070475435002008B5EFF3058313B1B9
:102DA0006FF0050008BDEFF310820A4B12B9EFF384
:102DB000118212B11A68022AF2D01A68012A05D1CA
:102DC00002221A60FFF760FB0020EBE74FF0FF30B4
:102DD000E8E700BF54350020F0B5144687B0002264
:102DE0000B460592EFF3058232BBEFF3108212B966
:102DF000EFF311821AB1224A1268022A1CD0D8B10C
:102E0000002C36D0A5692168002D08BF18256A1E40
:102E10002F46372A31D86268D2072ED4666976B138
:102E2000B208D4E902CEBCF1000F0AD0BEF15F0FA8
:102E300002D9246904B1AEB9059807B0F0BD80226B
:102E4000EFE7BEF1000FF7D12469002CF4D105ACF7
:102E500092B2CDE90074FFF791F901281CBF00235D
:102E60000593E9E7CDE9014C0095FFF749F9059095
:102E7000E2E7182780222146E9E70020DDE700BFCE
:102E80005435002008B5EFF3058313B16FF005004A
:102E900008BDEFF3108313B9EFF311831BB1054B9A
:102EA0001B68022BF2D00028F2D0FFF7ABFA00200B
:102EB000EEE700BF5435002070B50446EFF30583FC
:102EC00013B10025284670BDEFF3108212B9EFF35D
:102ED00011821AB1184A1268022AF2D004B163684A
:102EE00003F001061B07ECD4B4B1D4E9021389B195
:102EF0004F2BE6D9DEB10420FEF742FC0546002840
:102F0000DFD021682846FEF72FFF002EDAD045F0EB
:102F10000105D7E7002BD4D15EB10420FEF765FC94
:102F200005460028CDD0002CEBD12146EAE7012050
:102F3000E2E70120F2E700BF54350020034620F00D
:102F4000010010B503F001030C46EFF3058212B146
:102F50006FF0050010BDEFF3108212B9EFF311828C
:102F60001AB10D4A1268022AF2D088B1214663B123
:102F7000FEF782FE012801D10020EBE7002C14BFF0
:102F80006FF001006FF00200E4E7FEF7ABFDF1E740
:102F90006FF00300DEE700BF5435002008B503469C
:102FA00020F0010003F00103EFF3058212B16FF08E
:102FB000050008BDEFF3108212B9EFF311821AB1C8
:102FC0000A4A1268022AF2D068B13BB1FEF7EDFB63
:102FD00001280CBF00206FF00200EAE71A461946EC
:102FE000FEF714FBF4E76FF00300E2E7543500202E
:102FF00073B50E461546EFF305831BB1002420463A
:1030000002B070BDEFF3108313B9EFF311831BB15E
:10301000214B1B68022BF1D00028EFD0B042EDD33A
:10302000EDB1D5E90232C3B14F2AE7D9012826D143
:103030000322009200221146FEF71EFA04460028E1
:10304000DCD0CEB100231A461946FEF7DFFA01287C
:1030500012D02046FEF7AEFED0E7002ACED10128DE
:1030600004D103220021FEF75FFAE7E73146FEF7BD
:10307000AAFA04460028C1D045B9294607E01A46F5
:103080003146FEF77AFA04460028B7D02968204670
:10309000FEF76AFEB3E700BF5435002013B50C46B7
:1030A00018B96FF0030002B010BDEFF305836BB1E8
:1030B000002CF6D102AA214642F8044DFEF7FFFD8E
:1030C000012813D1019BA3B90020ECE7EFF3108393
:1030D00013B9EFF311831BB10C4B1B68022BE7D024
:1030E0002146FEF7FFFC0128EED05CB96FF002002C
:1030F000D9E7074B4FF080521A60BFF34F8FBFF3F1
:103100006F8FE1E76FF00100CDE700BF543500207D
:1031100004ED00E013B568B3EFF3058353B102A9E2
:10312000002441F8044DFEF7DBFB012814D06FF0BA
:10313000020014E0EFF3108313B9EFF311831BB116
:103140000E4B1B68022BEAD000231A461946FEF7E5
:103150005DFA012802D0EAE7019B13B9002002B012
:1031600010BD074B4FF080521A60BFF34F8FBFF373
:103170006F8FF3E76FF00300F1E700BF54350020D5
:1031800004ED00E073B51446EFF305831BB1002591
:10319000284602B070BDEFF3108313B9EFF311832B
:1031A0001BB11A4B1B68022BF1D00028EFD000296D
:1031B000EDD004B3D4E90232ABB14F2AE7D922698A
:1031C000002AE4D001FB00F56669AE42DFD300259A
:1031D0000095FEF751F905460028D8D02168284609
:1031E000FEF7C2FDD4E7002AD1D12369002BCED14E
:1031F0006369002BCBD10022FEF796F90546002823
:10320000C5D0002CEAD12146E9E700BF54350020A3
:1032100013B51C46EFF3058323B1D8B96FF0030053
:1032200002B010BDEFF3108313B9EFF311831BB19C
:10323000164B1B68022BF0D00028EFD00029EDD0F0
:1032400000232246FEF7E2F9012811D0DCB96FF025
:103250000200E5E70029E1D0002CDFD102AA2346D5
:1032600042F8044DFEF7D3FA0128F0D1019B0BB9C7
:103270000020D5E7064B4FF080521A60BFF34F8F06
:10328000BFF36F8FF4E76FF00100C9E754350020FA
:1032900004ED00E013B51C46EFF3058323B1D0B96C
:1032A0006FF0030002B010BDEFF3108313B9EFF31A
:1032B00011831BB1154B1B68022BF0D00028EFD0F7
:1032C0000029EDD02246FEF767FB012810D0D4B9C3
:1032D0006FF00200E6E70029E2D0002CE0D102AA5C
:1032E00042F8044DFEF7EBFC0128F1D1019B0BB92C
:1032F0000020D7E7064B4FF080521A60BFF34F8F84
:10330000BFF36F8FF4E76FF00100CBE75435002077
:1033100004ED00E0034B0360034B0B60802313605C
:10332000704700BFF4340020F4320020034B0360E8
:10333000034B0B604FF480731360704758390020C3
:1033400058350020104B10B51A68824219D35C68BA
:103350001919884201BF4168184609195960416826
:103360004418A24208D1094C2468A24204D05268F1
:103370000A4442601A6812689842026018BF1860D6
:1033800010BD1346E0E700BFC05E0120B839002041
:103390002DE9F0410446FEF71FFF3F493F4D0B6802
:1033A000F3B93F4A002056073E4E1BBF07323E4B43
:1033B0003E4B22F00702706018BF9B1A3260134424
:1033C000083B23F00703C3E90000981A0B60C2E929
:1033D0000030374B1860374B18604FF000432B60BC
:1033E0002F68274252D1002C41D004F1080358071E
:1033F0001CBF23F007030833002B47D02D4A166863
:1034000090469E4242D3274A15686868984201D286
:103410002868B8B90968A94238D0296814681160C9
:103420006A68D21A102A14D9E81841070DD04FF053
:10343000500372B683F31188BFF36F8FBFF34F8FC2
:1034400062B6FEE72A460546DFE742606B60FFF79B
:1034500079FF6B6808341649F61A1F430868002381
:10346000C8F8006086426F602B6038BF0E60FEF7C0
:1034700053FF63070CD04FF0500372B683F31188EB
:10348000BFF36F8FBFF34F8F62B6FEE70024EEE706
:103490002046BDE8F08100BFB8390020B45E0120AD
:1034A000BC390020C05E0120B45E0120F824010078
:1034B000BC5E0120B85E012010B50446002832D061
:1034C000194A50F8043C126813420AD14FF05003D5
:1034D00072B683F31188BFF36F8FBFF34F8F62B65D
:1034E000FEE750F8081C51B14FF0500372B683F359
:1034F0001188BFF36F8FBFF34F8F62B6FEE723EAE9
:10350000020340F8043CFEF767FE084A54F8043C06
:10351000A4F1080011680B441360FFF713FFBDE826
:103520001040FEF7F9BE10BDB45E0120B85E012068
:10353000002382B001930F4B1B6801330AD04FF078
:10354000500372B683F31188BFF36F8FBFF34F8FB1
:1035500062B6FEE74FF0500372B683F31188BFF3F3
:103560006F8FBFF34F8F62B6019B002BFCD002B070
:10357000704700BF1800002008480068006880F30A
:1035800008884FF0000080F3148862B661B6BFF37C
:103590004F8FBFF36F8F00DF00BF000008ED00E02A
:1035A000DFF80C00016841F4700101607047000011
:1035B00088ED00E04FF0807321F0010140F8202CED
:1035C00044380364034BC16383636FF002030362F7
:1035D000704700BF31350108000000000000000006
:1035E000074B19680868B0E8F04F80F30988BFF30B
:1035F0006F8F4FF0000080F311887047AFF30080A9
:10360000CC2C00204FF0500372B683F31188BFF327
:103610006F8FBFF34F8F62B60B4A13680133012BD4
:1036200013600FD1094B1B6813F0FF0F0AD04FF046
:10363000500372B683F31188BFF36F8FBFF34F8FC0
:1036400062B6FEE7704700BF1800002004ED00E0FE
:10365000094A136853B94FF0500372B683F31188C7
:10366000BFF36F8FBFF34F8F62B6FEE7013B13606E
:103670000BB983F311887047180000200000000088
:10368000EFF30980BFF36F8F154B1A681EF0100F10
:1036900008BF20ED108A20E9F04F10602DE90900E5
:1036A0004FF0500072B680F31188BFF34F8FBFF315
:1036B0006F8F62B6FEF736FF4FF0000080F311887F
:1036C00009BC19680868B0E8F04F1EF0100F08BF79
:1036D000B0EC108A80F30988BFF36F8F704700BF8A
:1036E000CC2C002008B54FF0500372B683F311883C
:1036F000BFF36F8FBFF34F8F62B6FEF77BFD18B13C
:10370000034B4FF080521A60002383F3118808BDE9
:1037100004ED00E00023084A084913600B604FF4F1
:103720007A71074B1B68B3FBF1F30649013B0B6051
:1037300007231360704700BF10E000E018E000E0CE
:103740000C00002014E000E02C4B13B51A78002187
:10375000D2B20192FF221A701B78294ADBB28DF88F
:1037600003309DF8033003F0500313700722254BFC
:103770001A609DF80300541E00060FD401B11A60B0
:103780001A68032A13D04FF0500372B683F31188DE
:10379000BFF36F8FBFF34F8F62B6FEE79DF8032034
:1037A00001215200D2B28DF803202246E1E7120235
:1037B000002402F4E0621A60019B104ADBB213702D
:1037C000114B1A6842F470021A601A6842F0704293
:1037D0001A60FFF79FFF0D4B1C60FFF7E1FE0C4ADC
:1037E000136843F040431360FFF7C6FEFEF79AFEEE
:1037F000FFF79EFE204602B010BD00BF00E400E0CF
:10380000C85E0120CC5E012020ED00E01800002001
:1038100034EF00E0EFF305830F2B10D9124A9B5CC5
:10382000124A12789A420AD94FF0500372B683F3C3
:103830001188BFF36F8FBFF34F8F62B6FEE70C4B5B
:103840000C4A1B68126803F4E06393420AD94FF0F4
:10385000500372B683F31188BFF36F8FBFF34F8F9E
:1038600062B6FEE7704700BFF0E300E0C85E0120EB
:103870000CED00E0CC5E0120704700207047000096
:10388000002337B58DF807300D4B1A780AB901229D
:103890001A700324C5B2013CA8212846FAF774FA2D
:1038A00014F0FF048DF807009DF80730DBB203D158
:1038B0009DF8070003B030BD512BECD1F8E700BFF5
:1038C000D25E012013B500240221C0B28DF807405A
:1038D000FAF75AFA8DF807009DF8073003F00F0346
:1038E0008DF807309DF80730052B01D98DF807407A
:1038F0009DF80720034B9DF807005A7000229A702C
:1039000002B010BDD25E01202DE9F74F294D1746B8
:1039100000248946AB786A788DF807409A4241D9ED
:10392000092B42D8244AD15C244A12F803B0244A15
:1039300012F803A0234AD45C5FFA80F8224E404676
:10394000FAF722FA8DF807009DF8073059464046ED
:103950003380FAF719FA8DF8070051469DF80730C1
:10396000404632881B0203F470631343A9F8003009
:103970003380FAF709FA8DF8070021469DF80730E1
:1039800040463380FAF700FA8DF807009DF80730BB
:1039900032881B0203F47063134333803B80AB789F
:1039A0000133AB7003B0BDE8F08FA246A3462146B9
:1039B000C2E700BFD25E012096600408A060040840
:1039C000AA600408B4600408D05E01200122A4218A
:1039D000C0B2FAF7C1B90022A421C0B2FAF7BCB94B
:1039E000FFF7F9BF70470000024B1A780AB90122AD
:1039F0001A707047D25E0120436810B504464BB17F
:103A00005B6A0121984723692BB1C82363610023B6
:103A1000C4F8343110BD64236361FBE7436810B51B
:103A200004460BB19B6A984700236360636110BD35
:103A300008B54368842200211B6898470022C0F81B
:103A4000802008BD08B543684FF48C7200211B68C4
:103A500098470022C0F8142108BD0023502970B5F2
:103A6000436004461546036809D00D225A6150226E
:103A700003689A610368D96103681B689847B5F5C4
:103A8000F47F23680BD0162220465A614FF4F4725B
:103A900023689A612368DD6123681B6898474FF4A7
:103AA000F472002120462668E5682AF0A1F8012377
:103AB000204626602361E5600CF090F80023204644
:103AC000A360A361C4F8B430C4F8C430C4F8B830FB
:103AD000C4F8C830C4F8BC30C4F8CC30C4F8C03026
:103AE000C4F8D030C4F83431C4E92933C4E92B33E5
:103AF00005F0D0F9204603F059FEC823636170BD7C
:103B0000FFF78CBF70B543690446C83B0A2B00F22F
:103B1000B280DFE803F00610BBAAAAAAAAAAAAB03C
:103B2000AA00D0F8C8315B689847A36920469B6813
:103B30009847C9236361D4F8C83120461B68984769
:103B4000012806462AD1656A032D29D0042D6BD0A1
:103B5000012D40F0868084F8280084F82900D4F8EC
:103B6000A83100220221C4E90B33494B84F85810D4
:103B7000C4E90E2300230122C4E9103384F848303D
:103B80006365E265C4F88830E366C4E91322C4E9DA
:103B900019334FF48072CA2322666361304670BDC8
:103BA000D4F81C310BB103233BE0D4F82831C3B166
:103BB00094F82C31002B33D0012B0CD023687422C5
:103BC0004FF0FF3120465A61236894F82C219A6106
:103BD00023685B68984784F82850022384F82930CA
:103BE000BDE7D4F8D8301868996D0128D3F8B02013
:103BF00010D1022901D1032AD5D02368C3E90601D7
:103C00001A6271222368012120465A6123685B6889
:103C10009847C8E75228F0D14729EED1422AECD183
:103C2000022384F82830D8E7D4F82831B3B194F8C7
:103C30002C319BB1022B0CD0236874224FF0FF3142
:103C400020465A61236894F82C219A6123685B68A6
:103C50009847052384F828300423BFE784F82850C8
:103C6000FAE7002384F82830B8E7D0F8C831BDE877
:103C700070401B6818470368152200265A610368C4
:103C800042699A6103681B68984787E7012685E7C0
:103C90000000F03F70B5436904460E46C83B012B57
:103CA00008D9036815225A61036842699A6103685A
:103CB0001B6898472046FFF725FF022805460AD1D2
:103CC00036B12368352220465A6123681B6898471D
:103CD0002046FFF791FE284670BD38B5436904467B
:103CE000A3F1CD02012A20D8036C13BBD0F88C209D
:103CF000436F9A4205D2036845225A6103681B68E4
:103D00009847D4F8B83120465B689847D22363615E
:103D1000D4F8C8315D69BDB1A369204601259B690E
:103D200098472046FFF768FE13E0CF2BEED0D22B4A
:103D3000EED02368152220465A61236862699A6191
:103D400023681B689847E3E71B68204698470028CC
:103D5000DED1284638BD2DE9F04142690446D0F84D
:103D6000B831CC2A06D01B6898470023C4F88C30A1
:103D7000CC23636104F18C050026D4F8B8319B682C
:103D80000BBB636C0120002B0CBFCD23CE236361E2
:103D9000BDE8F081A2683AB153602046A368626F23
:103DA0009A60A3681B689847D4F8BC312A4620461D
:103DB000D4F88C70D3F8048000231946C047D4F897
:103DC0008C30BB4211D0D4F88C30626F9342E1D377
:103DD000D4F8B83120465B689847D4F8B83120460B
:103DE0001B689847C4F88C60C7E70020D0E710B57F
:103DF00043690446CA2B09D105F0FEF9236C1BB1B7
:103E0000CF230120636110BDCB2363616369CB2B9A
:103E10002DD1D4F8C8311B6903B3A36813B11B6853
:103E200020469847D4F8C83120461B689847002898
:103E3000E9D0022812D0A268002AEED020F00200B9
:103E40000128EAD1536801335360A26891688B421C
:103E5000E3DBD4F848310B449360DEE7D4F89030CC
:103E6000C4F898302046BDE81040FFF774BFCC2B53
:103E7000F8D02368152220465A61236862699A6146
:103E800023681B689847EDE7F7B5436904460E467B
:103E90001746CD2B08D0036815225A610368426982
:103EA0009A6103681B689847D4F88C20636F9A4224
:103EB0000BD323687E2220464FF0FF315A612368DE
:103EC0005B689847002003B0F0BDA3683BB15A601F
:103ED0002046A368626F9A60A3681B68984702AA8D
:103EE00000232046314642F8043DD4F8BC315D68D9
:103EF0003B46A847D4F88C3001980344C4F88C3072
:103F0000E1E738B58469054663684BB9E3689847CB
:103F100030B92B68192228465A612B681B689847CC
:103F20006368013B636023685A1C2260187838BDBF
:103F30002DE9F04180460E46D0F8D0414FF40047BD
:103F4000D4E90351B5F5004F1EDB30782E4B00F05D
:103F50007F0253F822C0A2684FEA2C474FEA2C2E6A
:103F6000ED1B05FA01F1E5608A423CDB511AAF42D4
:103F7000E760A16020F07F014AB22EDD82EA0E02E6
:103F80003270C009BDE8F0810139002921611ADAD7
:103F9000D8F8B4316BB94046FFF7B3FFFF280546A8
:103FA00008D14046FFF7ADFFFF28FAD010B1C8F89E
:103FB000B4010025A36845EA0325236913F108022B
:103FC000A56004D42261E3685B00E360B8E70933CD
:103FD0002361002BF7D1E760F5E782EA0C0232702B
:103FE00080F08000CDE7B5F5004FCADA20F07F02FF
:103FF000AF4253B203DD83EA0C033370F0E783EA88
:104000000E033370BDE700BFC06004082DE9F84F10
:10401000D0F8E0200446D0F8D05100F5AA77D0F8C7
:104020009831002A00F09D80D0F89C2173BBBABB68
:10403000D4F8A031D4F8A42113B1013B93422FD17D
:104040000D2A2DDCBA464FF00008D4F85031D4F8D0
:10405000982143453CDCD4F8A031002B7CD1002AC8
:1040600078D1794B4FF000086B60C146D4F85031DD
:10407000434500F390800023C5E902336FF00F033E
:104080002B61D4F818316B63BDE8F88F9A4207DBD7
:10409000D0F8B031934203DBD0F85031012BC7D0B8
:1040A0002368112220465A612368D4F898219A6126
:1040B0002368D4F89C21DA612368D4F8A0211A621D
:1040C0002368D4F8A4215A6223681B689847B9E78B
:1040D0005AF8043BD4F8A000D3F804904FEA092121
:1040E00000EB010B8AB14258002A0EDA22687623CF
:1040F0004FF0FF312046536100232268C2F8189028
:104100002268D361226852689047D4F89861D4F845
:104110009C21B24202DA08F1010896E75BF82620FA
:10412000D4F8A01122EAE27291420DD022687623DF
:104130004FF0FF31204653612268C2F81890226880
:10414000D661226852689047D4F8A4214BF8262003
:104150000136DCE73D4B85E70AB93D4B82E73D4B35
:1041600080E76BB9D0F8A03153B9D0F8A4313BB98E
:10417000D0F89C313F2B0CDCD0F8B021934208D012
:1041800023687D224FF0FF3120465A6123685B6827
:104190009847314B66E7D4F8E03057F804AB2BB1C1
:1041A000D4F898312BBBD4F8A03113BBDAF81460E3
:1041B0000F2E08D92368322220465A6123689E6157
:1041C00023681B68984705EB8606B36B33B96368B1
:1041D0004022012120461B689847B06340220021FD
:1041E000B06B29F005FD05EB8803C3F81490C3F804
:1041F0002490D4F8E03023BBD4F8B031F3B1DAF82E
:1042000018600F2E08D92368322220465A6123688D
:104210009E6123681B68984705EB8606B36F3BB920
:1042200063684FF48072012120461B689847B0678D
:104230004FF480720021B06F29F0DAFC08F1010818
:1042400014E7D4F89831D9E7D1470108A14601080D
:104250004F4601082B450108034301082DE9F843A7
:10426000D0F8CC310446D0F8D0519B68984730B98B
:104270002368192220465A6123681B689847002644
:1042800004F5AA77B046D4F85031B3420ADC0023D3
:10429000C5E902336FF00F032B61D4F818316B635B
:1042A000BDE8F883D4F8E03057F8049B2BB1D4F87C
:1042B00098318BB9D4F8A03173B9D9F814304022B1
:1042C00000210E3355F8230029F092FC05EB8603FC
:1042D000C3F81480C3F82480D4F8E03073B9D4F85C
:1042E000B0314BB1D9F818304FF4807200211E3331
:1042F00055F8230029F07CFC0136C4E7D4F8983146
:10430000EFE72DE9F04F87B0D0F818310446D0F828
:10431000D061049133B1736B0BB9FFF79FFF736BDF
:10432000013B73633369013300F09380D4F8AC31FF
:104330004FF00008039306F1B8030593D4F86C31ED
:10434000434540F38680049B204653F82830009371
:1043500004EB8803D3F8707104EB870306EB87073F
:10436000D3F8543101935B6906EB830902937B6AAE
:10437000D9F838501D442946FFF7DAFD40BB786272
:104380007B69009A1380D4F8B031002B00F0B7801D
:10439000019B00279B6906EB830AE318029307EB56
:1043A0004705DAF8783020461D442946FFF7C0FD5E
:1043B000002840F0A480691C20460137FFF7B8FDB3
:1043C000002866D1D4F8B0310335BB42F3DC34E0C9
:1043D000691C2046FFF7ACFD831C824620461D4425
:1043E0002946FFF7A5FD834638B1D9F83850143572
:1043F00029462046FFF79CFDD0B9029B234493F841
:10440000E8209946012303FA02F2BBEB620F26DA99
:1044100000220E35D9467A625FEA6B0B2DD1BAF1D4
:10442000000F33D109F101097B694B447B61A7E798
:104430004FEA4B0BBBF5004F0FD1236875224FF0AD
:10444000FF3120465A6123685B6898474FF0FF337D
:104450003361012007B0BDE8F08F0135C8E799F856
:10446000F820012303FA02F2BBEB620FCCBF0AF182
:1044700003020AF101029200CBE729462046FFF72A
:1044800057FD0028C8D049EA0B09C5E76FEA0909BA
:10449000CAE7023505992046FFF74AFD29460190F3
:1044A0002046FFF745FD8146A8B129462046FFF783
:1044B0003FFD80B1029B4FEA4909DAF8782093F872
:1044C0000851BD42ACBFBD25D9251544294620461B
:1044D000FFF72EFDB0B90E35CB465FEA690918D15A
:1044E000019BFBB90BF10102039B009953F82730A4
:1044F00021F81320D4F8B031BB423FF750AF08F198
:1045000001081BE74FEA4909B9F5004F95D001357D
:10451000DCE729462046FFF70BFD0028DDD04BEAFB
:10452000090BDAE76FEA0B02DEE72DE9F04FD0F86E
:10453000182185B004460D46D0F8D0A14AB1DAF86A
:1045400034200AB9FFF78AFEDAF83420013ACAF8B3
:104550003420DAF81020013275D0D4F8542101202B
:104560004FF0FF37D4F8ACB19169D4F8A421D5F855
:10457000009000FA02F3D4F89C61009307FA02F36A
:104580000193002E34DC01F11E03D4F898510293FC
:104590000AF1B8030393D4F89C21AA4253DB6A1EA4
:1045A000029BB54202EB42025AF8231001EB0207CC
:1045B00005DD39462046FFF7BBFC002843D15BF8F8
:1045C0002510013509EB410839F91110C1B1B91CA9
:1045D0002046FFF7ADFC0028DDD0B8F90010002917
:1045E0008AB2B4BF019B009B1A44A8F80020D2E70E
:1045F0005BF8262039F91220002AC4D1013EC0E719
:10460000791C2046FFF794FC58B103992046FFF728
:104610008FFCDDE90032002818BF1346A8F80030EF
:10462000B9E7D4F89C110337A942C8DA226875218A
:10463000204651614FF0FF312268526890474FF099
:10464000FF32CAF81020012005B0BDE8F08F2DE937
:10465000F041D0F8183106468846D0F8D05133B131
:104660006B6B0BB9FFF7FAFD6B6B013B6B63D6F815
:10467000A4310127B83500249F40D6F86C31A342FD
:1046800002DC0120BDE8F08129463046FFF750FCEE
:1046900020B158F8242013883B4313800134ECE701
:1046A0002DE9F04FD0F8183185B004460D46D0F80A
:1046B000D07133B17B6B0BB9FFF7D0FD7B6B013B46
:1046C0007B633B6901331DD02B68D4F8ACA1009308
:1046D000D4F85431D4F89861D3F8188007F1B803AE
:1046E00007EB88090293D4F89C31B3420ADB751EAC
:1046F000D9F87830204605EB45051D442946FFF7DB
:1047000017FCB0B1012005B0BDE8F08F0136D4F838
:104710009C310335B3420CDA236875224FF0FF3128
:1047200020465A6123685B6898474FF0FF333B612E
:10473000E8E7691C2046FFF7FBFB0028E6D00235BE
:1047400002992046FFF7F4FB294601902046FFF727
:10475000EFFB8346B0B129462046FFF7E9FB88B15D
:1047600004EB0801D9F878204FEA4B0B91F8085177
:10477000B542ACBFBD25D925154429462046FFF7D3
:10478000D7FB88B90E355A465FEA6B0B13D1019BF4
:10479000E3B90132D4F8A4115AF8263001368A4020
:1047A000009921F813209EE74FEA4B0BBBF5004F11
:1047B000B2D00135E1E7294620460392FFF7B8FB66
:1047C000039A0028E0D042EA0B02DDE7D243E1E79A
:1047D0002DE9F04F85B0D0F818310546D0F8D071EA
:1047E000039133B17B6B0BB9FFF738FD7B6B013B5A
:1047F0007B633B6901336ED005F5B8734FF0000859
:104800000193D5F86C31434565DD039B284653F889
:1048100028300293019B53F8046B019305EB860348
:1048200007EB8606D3F854315B6907EB83090093E5
:10483000736AD9F838401C442146FFF779FB48B920
:104840007062D5F8A42108F1010873699340029AB7
:104850001380D6E7611C2846FFF76AFB831C82465B
:1048600028461C442146FFF763FB834638B1D9F83C
:104870003840143421462846FFF75AFBD0B9009B34
:104880002B4493F8E8209946012303FA02F2BBEB8C
:10489000620F26DA002373620E34D9465FEA6B0B8F
:1048A0002ED1BAF1000F34D109F1010973694B44DB
:1048B0007361C6E74FEA4B0BBBF5004F0FD12B6876
:1048C00075224FF0FF3128465A612B685B68984784
:1048D0004FF0FF333B61012005B0BDE8F08F01349C
:1048E000C8E799F8F820012303FA02F2BBEB620F44
:1048F000CCBF0AF103020AF1010292007262CBE717
:1049000021462846FFF714FB0028C7D049EA0B09C7
:10491000C4E76FEA0909C9E710B54368BC22012161
:1049200004461B689847164A0346C4F8D00100F1B4
:10493000780143F8382B002243F8042B8B42DA63CA
:10494000FAD1712380F8B830D4F8E03073B1626ADC
:1049500001216368204612021B68984700234FF02C
:10496000FF31C4F8A000626A9A4200DC10BD00F575
:10497000807240F8041B9042FBD10133F3E700BF83
:104980000D4001087047000010B57B220368044603
:104990004FF0FF315A6103685B689847A369034A87
:1049A00001201A600222A3695A6010BD88620408BF
:1049B00070B50D1E064608DD84696368AB4205DBF1
:1049C00022685B1B2A446360226070BDED1A30468A
:1049D000E3689847F1E7704770B5044616460D4600
:1049E00001B132B923682B2220465A6123681B6823
:1049F0009847A16929B963681C2220461B6898471B
:104A0000A061A369064A9A60064ADA60064A1A61FA
:104A1000064A5A61064AC3E900569A6170BD00BF52
:104A20008549010889490108B1490108E78D010854
:104A3000D7490108D0F85021D0F8C031012A05DD4E
:104A40000122DA610022C3E905227047D0F848212B
:104A5000D0F85411013AD0F89400904234BFCA689B
:104A6000CA6CEEE70022C0F89420FFF7E3BF0020F5
:104A700070472DE9F04F00F5AA7B8DB00446D0F8C1
:104A8000C0515F4600264FF001080DF12009D4F80F
:104A90005031B34213DCAE690DF12008EB69B3422B
:104AA00022DCD4F89430D4F8482101339342C4F87E
:104AB00094306BD22046FFF7BDFF03203AE057F851
:104AC000041B6068CB684968D4F894201231CDF893
:104AD00000805A43D0F820A055F821102046D04736
:104AE00049F826000136D2E76F69D4F86431BB4239
:104AF0004FF0000343D86B610136CFE75CF804EB5D
:104B00004FF000090798DEF8382042430392DEF8A0
:104B10003C204A4511DC0133D4F850219A42EDDCA7
:104B2000D4F8D03105F1200120465B68984758BB86
:104B3000C5E905760DB0BDE8F08F09EB060058F821
:104B400023208A4652F820200398024404928A00C7
:104B5000059200220499DEF8380001EBC211904260
:104B6000069102EB0A0102DC09F10109CFE7059980
:104B7000069801EB8201013229440862EAE7FA0152
:104B8000DC4619460792C7E70137AEE7D4F8C831CB
:104B90002046DB6898470420CCE72DE9F04F044617
:104BA0008BB0D0F8C031D0F8486108910493D4F8A4
:104BB0009020D4F898309A421ADBD4F89C3003D174
:104BC000D4F894209A4213D9731ED4F8D8500027F1
:104BD0000993636AD4F89C20BB4213DC0132D4F8F9
:104BE0004801C4F89C2082422CBF0420032006E028
:104BF000D4F8C83120461B6898470028D7D10BB09D
:104C0000BDE8F08F6B6B13B901375835E1E70499B4
:104C10004FEA8708EB6800266068414400965A43D3
:104C2000066A896C2046B047D4F89C30099A0590F2
:104C30009342EE6820D20396D4F8D43143444FF027
:104C400000085B680693089B53F827B0039B9845C0
:104C5000DADA059B4FF0000A53F82830D146079363
:104C6000079B03EBC912EB694B450FD8AB6A08F100
:104C700001080BEB830BE9E72A6AB2FBF6F306FBAC
:104C80001323002B08BF33460393D5E7CDF800A0CC
:104C90005B4629462046069E09F10109B0476B6A2A
:104CA0009A44DDE72DE9F041D0F8C05104462B6964
:104CB00013B3036D002B4AD0D0F8E030002B46D060
:104CC000D0F8A030002B42D02B6F3BB9426A18219C
:104CD00043684A4301211B68984728670022D5F89A
:104CE00070C0D4F8D8604FF0180E1046636A9A422C
:104CF00007DB60B3174BEB600023C4F89C30BDE8C2
:104D0000F081336D1BB3198809B35988F9B1198A39
:104D1000E9B1198CD9B1598AC9B19B88BBB11102CB
:104D2000D4F8A0707B187958002910DB0EFB02C163
:104D300003F1140853F8047F41F8047F1F68002F23
:104D400018BF01204345F5D101325836CEE7024B5A
:104D5000D1E700BFD74E01089B4B01082DE9F04F6A
:104D6000D0F864318FB0D0F8C0610446013B0C919B
:104D70000793D0F84831013B0893B369029306F1D9
:104D800020030D93F369029A934213DCD4F89C300C
:104D9000D4F848210133C4F89C30D4F8943001335E
:104DA0009342C4F8943080F08F802046FFF742FE93
:104DB00003201FE0D6F81480079B984505D90023EF
:104DC0007361029B01330293DCE7D4F8B03133B155
:104DD000D4F86C210021306AD20128F009FFD4F800
:104DE000D03120460D995B689847002868D1029B16
:104DF000C6E905830FB0BDE8F08F04EB8903D3F853
:104E000054516B6B53B92B6C9B4409F10109D4F8D5
:104E100050314B45F1DC08F10108CDE76A68D4F860
:104E2000D431029903EB82035B680993079B984591
:104E300034BFAB6BAB6C0693AB6A4B430C9951F828
:104E4000222002EB830304936B6C03FB08F30A93A9
:104E500000230393039AEB6B9342D6DDD4F894308E
:104E6000089A93421CD24FEA8B034FF0000A0B932F
:104E70000A9B0593069B9A4518DA0B9B2946204608
:104E8000099F03EB8A02059B0AF1010A3244009351
:104E9000049B126AB847059A6B6AD3180593E9E731
:104EA000DDE902231344EA6C9A42DCDCAB6B049A22
:104EB0009B44AB6A02EB83030493039B0133C8E773
:104EC0004FF00009CB46A2E7D4F8C8312046DB6892
:104ED000984704208EE72DE9F04F0546C7B0D0F87B
:104EE000C031D0F8484123911F93D5F89030D5F8C0
:104EF00098108B4203DCD5F8C8215069A0B1631E1D
:104F0000D5F8D8604FF0000825936B6AD5F89C203F
:104F100043451EDC0132D5F84801C5F89C20824289
:104F20002CBF0420032011E08B420AD1D5F8981140
:104F3000D5F89C30002908BF0133D5F89410994268
:104F4000DDD81368284698470028CED147B0BDE881
:104F5000F08F736B1BB908F101085836D5E7259B14
:104F6000F068934240F25D814300824600210E9139
:104F700069680F6A1F9901EB8801896C002A00F0AB
:104F80005E810024013A0344424328460094B84716
:104F9000F3681E9400EB83001F9B18220C901B6F7C
:104FA00002FB0833D5F8D42102EB88020593336D58
:104FB00052681F8C2292239AB3F802E052F82820FC
:104FC000B3F810C05C8A99880D9224221B885A433A
:104FD00012924FEACE1213924FEA0E2214924FEA27
:104FE000CC1215924FEA0C22169203EBC30203EB8C
:104FF00083031792FA012193E30118923A021A935C
:105000002302012719921B93CB011C930B021D93C2
:10501000002303930AF1FF332493039B53459ADA49
:105020000C9B53F8049B0C931E9B1BB1039B002B02
:1050300000F00B810C9B53F8083C06930E9B23B1A8
:10504000249B039A934200F003810C9B1B680793F7
:10505000069BF269B3F90030013A1193B9F90030B7
:10506000209200221C46079BDDF844B0B3F90030C3
:1050700008940493CDE90A22012226A948460993FF
:105080000CF047F8209B0B9A9342099B40F2E38077
:10509000069AB2F980200F92B9F980200992079AF6
:1050A000B2F980201092059A5168B1B1BDF99A20E9
:1050B0009AB90998221A12984243139800F1D280A3
:1050C00002440029149892FBF0F204DD07FA01F182
:1050D000914200DC4A1EADF89A20059A9168B9B158
:1050E000BDF9A820A2B9049A1298ABEB0202424380
:1050F000159800F1C58002440029169892FBF0F241
:1051000004DD07FA01F1914200DC4A1EADF8A82047
:10511000059AD168C9B1BDF9B820B2B9049A089806
:105120005A44A2EB400217984243189800F1B68007
:1051300002440029199892FBF0F204DD07FA01F10C
:10514000914200DC4A1EADF8B820059A1269D2B12E
:10515000BDF9AA10B9B911990F98091ACB1A10996B
:105160000B4421994B431A9900F1A6800B44002A65
:105170001B9993FBF1F304DD07FA02F29A4200DC7B
:10518000531EADF8AA30059B5A69D2B1BDF99C30C7
:10519000BBB9099923460B440899A3EB410317991E
:1051A0004B431C9900F196800B44002A1D9993FBF8
:1051B000F1F304DD07FA02F29A4200DC531EADF867
:1051C0009C300A9B26AA3146229C009328460D9BC0
:1051D00009F18009A047069B0A9A8033CDF844B0B4
:1051E000DDF83CB00693079B80330793736AD318AE
:1051F000109A0A930B9B01330B93089B0B991C4647
:10520000099B0893049B0492209A8A42BFF434AF0E
:105210000D9AB36A02EB83030D93039B013303934F
:10522000FBE6336AB3FBF0F100FB113ABAF1000F71
:1052300002D0534601219AE603468246FAE70092DD
:105240002846B84701231E93A6E6CDF81890F5E648
:10525000CDF81C90FCE6049ACDF83CB01092089A68
:10526000099220E7821A0029149892FBF0F205DDDA
:1052700007FA01F19142D8BF01F1FF3252422AE709
:10528000821A0029169892FBF0F205DD07FA01F167
:105290009142D8BF01F1FF32524237E7821A00290A
:1052A000199892FBF0F205DD07FA01F19142D8BF9F
:1052B00001F1FF32524246E7CB1A002A1B9993FBB9
:1052C000F1F305DD07FA02F29A42D8BF02F1FF338B
:1052D0005B4256E7CB1A002A1D9993FBF1F305DDDB
:1052E00007FA02F29A42D8BF02F1FF335B4266E747
:1052F0002DE9F04F436885B00E4674221B680121EA
:10530000054698472C4B0027C5F8C00104460360AA
:1053100000F14809294B076783607EB3D5F8D86050
:10532000CA466B6ABB4207DC254B6360254BC4E968
:10533000033905B0BDE8F08FD5F8E030D6F80C8021
:105340000BB108EB48086B680137B168583656F85E
:105350003C0CD3F814B00BF0C2FE56F84C1C039072
:1053600056F8380C0BF0BBFE0122039B1146CDE929
:1053700000082846D8474AF8040BD2E76B684FF478
:10538000A062012128465B68984704F12003024689
:1053900043F8042B4B4502F18002F9D1D5F8B01146
:1053A00019B94FF4A06228F023FC074B6360074B48
:1053B000E36000232361BCE7654A0108A54C0108AE
:1053C000734A01089B4B01086F4A01085D4D0108B3
:1053D000F8B543680546D0F8DC414FF480621B689D
:1053E00001219847A0606B684FF480620121284634
:1053F0001B689847E0606B684FF480620121284683
:105400001B68984720616B6828464FF48062012131
:105410001B689847174F60610023DFF868C0164E7D
:10542000164D17480CFB0371A268091442F82310AB
:1054300006FB03F2E168A2F56202A2F5A242121491
:1054400041F8232005FB03F1226901F5B60101F5BE
:10545000D24142F8231000FB03F2616902F53212D7
:1054600002F5506241F823200133B3F5807FD9D192
:10547000F8BD00BF800B4DFFA2C501002E49FFFF04
:10548000E6A7FFFFE96601002DE9F04F87B0D0F8ED
:10549000DC41056FC3EB8202D0F84C01D4F814E074
:1054A000029001950592D4E902C00390206904900E
:1054B000109A013A109202D507B0BDE8F08F059A14
:1054C00008689C1850F80480486850F80490886870
:1054D00050F804A0002053F8044B019A0334904282
:1054E000E6D01AF8007018F80050029A5CF82760AD
:1054F000154419F800B0049A0130AE5D0FFA8BFB29
:1055000004F8016C52F827705EF82B60039A3E4451
:105510003614AE5D04F8026C52F82B60AD5D04F8F1
:10552000035CDAE72DE9F04FD0F8DC41C3EB8202EF
:10553000099DA669076F013D01D5BDE8F08F9C1854
:10554000086853F8049B50F804C0486850F804E019
:10555000886850F804800020B842ECD01EF8004063
:105560001CF800B004F5807456F824A056F82B40BF
:10557000544418F800A00AF5007A56F82AA05444BA
:10558000241409F800400130E6E72DE9F041069DBA
:10559000C3EB8202066F013D01D5BDE8F08198188A
:1055A0000C6827584C6854F800C08C6854F800E028
:1055B000002053F8044BB04204F10304EBD017F879
:1055C000008004F8018C1CF8008004F8028C1EF89E
:1055D0000080013004F8038CEDE72DE9F047466ABE
:1055E000C3EB8202089FD0F870E0C6F10008013FCB
:1055F00018D403EB020C00200BE051F8204054F8C3
:105600000C501C6805EB0E0904444D45344404D18C
:105610000130B042F1DB0433E9E715F801AB04F8DF
:1056200008A0F2E7BDE8F087F0B5059DC3EB820264
:10563000076F013D00D5F0BD08680024184450F8FC
:1056400002C053F8040BBC4200F10300F1D01CF877
:105650000460013400F8036C00F8026C00F8016C7F
:10566000F1E72DE9F04FD0F8DC4187B0056FC3EBCF
:105670008202D0F84C71D4F814E001950592D4E977
:1056800002C0029020690390109A013A109202D54C
:1056900007B0BDE8F08F059A08689C1853F8045BC2
:1056A00006594868005900F1FF3A88680259C868ED
:1056B000013A0059009200F1FF38019830440490FB
:1056C000049A04359642DFD0009A16F8010B12F8BE
:1056D000019F1AF801BF5CF829400FFA8BFB00927A
:1056E0000444C4F1FF043C5D05F8044C039C5EF8DF
:1056F0002B2054F829401444029A00EB2444C4F1AE
:10570000FF043C5D05F8034C52F82B402044C0F1E7
:10571000FF00385C05F8020C18F8010F05F8010CC1
:10572000CEE7704713B50C4611461A46036F206842
:105730000193049B009300230BF0D9FC02B010BD31
:1057400070B543681C22012104461B6898474B4BE7
:10575000C4F8DC010546036094F82820636A013A26
:10576000042A12D8DFE802F0030D0D0F0F00012B01
:105770000DD023680B2220465A6123681B68984786
:1057800005E0032BF4E7042BF2E7002BF1DD94F89E
:10579000291094F82830022945D0042956D001292F
:1057A0005DD103F0FD02A167012A14D1344B5821C9
:1057B00000206B601346626A9A4205DC636D002B21
:1057C0005AD00123E36770BDD4F8D82001FB03222F
:1057D00001335063EFE7022B46D12A4B4FF440626E
:1057E000204644F68B466B606368D4F8DC511B6836
:1057F00098470023A86141F62F51043849F24665C5
:1058000006FB03F240F8042F05FB03F2C0F8002466
:1058100001FB03F2013302F50042B3F5807FC0F8CB
:105820000028EDD1CAE703229342A26705D1164BA7
:105830006B602046FFF7CCFDC0E7012B02D1134B74
:105840006B60BBE7022B0FD1114BF9E7052BA1676A
:1058500001D1104BECE7042B06D10F4BF0E7994236
:1058600002D1636AA367F8E723681C2220465A61C5
:1058700023681B689847A1E7A36FA3E72357010894
:1058800025570108255501088954010829560108A2
:105890008B55010863560108DB5501082DE9F04FCF
:1058A0000025D0F8D4318BB08046D0F8D89003F1E1
:1058B000040A2C46AB46D8F824305B4502DC0BB01A
:1058C000BDE8F08FD9E9092303EB022340F2077208
:1058D000934200F0B580B3F5E16F4CDA40F202423A
:1058E000934200F0C38023DC40F20222934200F096
:1058F0009E800EDCB3F5817F00F0C68040F201226D
:10590000934200F0B58040F20112934276D1A94D46
:105910008EE040F20332934200F08C8040F2063277
:10592000934200F0AF80B3F5017F67D1A24D7FE0D5
:1059300040F20A52934200F0A1800DDCB3F5816F72
:1059400000F09E8040F20552934275D040F204422E
:10595000934253D1994D6BE040F2066293426DD071
:1059600040F20C62934200F0878040F2036293425F
:1059700044D1934D5CE040F60B32934264D01FDC7F
:10598000B3F5016F76D00DDC40F6040293426BD084
:1059900040F60802934279D040F20E7293422DD124
:1059A000884D45E040F6052293425BD040F60A223E
:1059B000934247D040F6091293421FD1824D37E0FF
:1059C00040F6076293424BD00DDC40F60C42934206
:1059D0003CD040F60D5293423AD040F606429342F4
:1059E0000CD17A4D24E040F60F72934234D0B3F5D7
:1059F000716F12DA40F60E6293422BD0D8F8003065
:105A000007225A61D8F80030D9F824209A61D8F8D2
:105A10000030D9F82820DA6143E041F208029342CD
:105A20001CD041F210029342E8D1694D00E0694D6B
:105A300000243EE0684DFBE7684DF9E7684DF7E765
:105A4000684DF5E7684DF3E7684DF1E7684DEFE71E
:105A5000684DEDE7684DEBE7684DE9E7684DE7E72E
:105A6000684DE5E7684DE3E7684DE1E7684DDFE73E
:105A7000684DDDE7684DDBE7684DD9E7684DD7E74E
:105A8000684DD5E7684DD3E7684DD1E798F84830C1
:105A9000012B0CD0A3B3022B2FD0D8F80030312229
:105AA0005A61D8F8003040461B68984701E0604DC5
:105AB00001244AF8045BD9F83430CBB1DAF8243049
:105AC000A34215D0D9F8506096B1012CCAF82440F1
:105AD00018D0022C28D0002C61D1D9F85430B21E35
:105AE0007E36043B32F8021F964243F8041FF9D178
:105AF0000BF1010B09F15809DDE64E4D1C46D8E7C4
:105B00004D4D95E7D9F8541000224C4836F8123024
:105B100030F912707B4303F500631B1341F8223008
:105B20000132402AF2D1E3E7D9F85430019306F16B
:105B300080030993424B0893089B0027B3EC027B38
:105B40000893019B02933E4B8DED047B0393039BD3
:105B500036F817000137B3EC027B8DED067B03931B
:105B6000F1F71EFADDE90423F1F794FADDE90623E3
:105B7000F1F790FA4FF07F530022F1F78BFAF1F72B
:105B80009BFC029B082F43F8040B0293DFD1019B7F
:105B9000103620330193099B9E42CDD1A8E7D8F857
:105BA0000030312240465A61D8F800301B689847CF
:105BB0009EE700BF81B00108C1F20108D9AD01081C
:105BC00031E001089DE60108A5B0010821D90108CE
:105BD000BDCB01080DB001081DAF010855AC01088F
:105BE0009DAA010805A8010879B3010891B601082A
:105BF00081BA010829BE0108E5C2010831C70108C0
:105C000021D10108A5D50108EDDB01083DDE010821
:105C10008DE101085DE2010895E201081DEA010835
:105C2000E5EC01082DEF010871F1010899F3010875
:105C3000F9A10108C19E0108C5A40108D0620408A9
:105C4000906204082DE9F041436854220121064680
:105C50001B6800259847124B0446C6F8D4014FF044
:105C6000580844F82C3BD6F8D870736AAB4201DC74
:105C7000BDE8F08173684FF48072012130461B68E3
:105C8000984708FB05734FF4807200215865013571
:105C900027F0AEFF4FF0FF3344F8043BE5E700BFC9
:105CA0009D5801082DE9F04704699A460746894640
:105CB000D4F8B4311546D0E90086002B46D05545BE
:105CC00046DAD4F8D0315B6A63B9236878224FF0A2
:105CD000FF3120465A6123685B689847D4F8D03179
:105CE00001225A62C5F1190509FA05F919252FE0B3
:105CF00056B9A3692046DB68984710B90020BDE873
:105D0000F087A369D3E9008608F1010398F80080C1
:105D1000013EB8F1FF0F15D196B9A3692046DB68A3
:105D200098470028EAD0A369D3E90026531C1278CB
:105D3000013EFF2AF0D02AB1C4F8B4219846BEE74C
:105D40001A46F3E748EA092908359846182DCFDDA9
:105D5000C7E90086C7E902950120D0E7F8B5069D9E
:105D600006468C46144695421F4608DD2B46FFF733
:105D700099FF10B94FF0FF30F8BDD6E902C4621B9D
:105D80001B494CFA02F351F825100B4057F8251027
:105D900099420FDB102DC6E902C220DD336979225A
:105DA0004FF0FF311B685A61306903685B689847A0
:105DB0000020E1E7002A4FEA430408DC01236146A2
:105DC0003046FFF76FFF0028D4D0D6E902C2013A6F
:105DD00001354CFA02F303F001032343D6E7D7F869
:105DE0008C201235134457F825100B44587CC3E718
:105DF0005063040870B5D0F8D0510822D0F8CC1107
:105E00000024EB68064693FBF2F28B6913448B6126
:105E1000EC60D0F8CC319B68984780B105F1140153
:105E200023462246D6F85001984209DC2A61D6F86A
:105E30001831AB62D6F8B43103B96B62012070BD82
:105E400041F8042B0133EDE72DE9F04FD0F8A431F0
:105E50008FB006468A460293D0F81831D0F8D05158
:105E600033B96F6A7FB1AB6A0120013BAB6207E0D7
:105E7000AB6A002BF5D1FFF7BDFF0028F1D1002060
:105E80000FB0BDE8F08FB36905F11008089609ACB2
:105E90001A6805F1100B5B6804920593DFF808910E
:105EA000B8E80F00D5E902EC0FC4D8F80030236041
:105EB000D6F86C31BB420EDCB3695C46049A1A60BA
:105EC000059AB36909AE5A600FCEC5E902EC0FC45A
:105ED00033682360C7E75AF82730BCF1070F0393F4
:105EE00006EB8703D3F8708106EB8803D3F85431AF
:105EF0005B6905EB8303DC6A0CDC002362467146B8
:105F000004A8FFF7CFFE0028B9D0DDE906ECBCF10C
:105F1000070F38DDACF108034EFA03F3DBB203F1EF
:105F2000240254F82220002A3BD01C44ACEB020C83
:105F300094F89044CCB1644509DD2346624671462D
:105F400004A8FFF7AFFE002899D0DDE906ECACEB22
:105F5000040C59F82420013C4EFA0CF359F8241093
:105F600013409942ACBF9C1A1C460EAB013703EBA1
:105F7000880858F8103C1C44029B48F8104C9C4080
:105F8000039B1C8094E701230093624623467146DD
:105F900004A8FFF7E3FE041EFFF671AFDDE906EC8F
:105FA000C8E70923F0E700BF506304082DE9F04F6C
:105FB000D0F818318DB080460C46D0F8D06133B996
:105FC000736A7BB1B36A0120013BB36207E0B36A35
:105FD000002BF5D1FFF70EFF0028F1D100200DB006
:105FE000BDE8F08F376917B1013F3761EAE7D8F8AC
:105FF0009C31CDF82C800293D8F8A431D6F83CA07F
:106000000393D8F8AC31D8F898910493D8F81830A5
:10601000DFF804B11A685B68079208932368D6E931
:1060200002120593029B99456ADC072A09DC0023CA
:1060300007A8FFF737FE0028D0D0DDE90912072AAC
:1060400035DDA2F1080341FA03F3DBB203F12400CA
:106050005AF82000002835D05344121A93F89004BF
:1060600010F00F054FEA20142ED0AA42A14407DAFF
:106070002B4607A8FFF716FE0028AFD0DDE909126E
:10608000521B5BF82500013D41FA02F35BF8254005
:1060900003409C42039CA8BF1B1A0498A34050F8DD
:1060A0002900059C24F8103009F10109BAE7012301
:1060B000009307A85346FFF751FE00288EDBDDE969
:1060C0000912CDE70923F3E70F2C02D109F10F09DB
:1060D000EAE70127A74094B1A24208DA234607A8BD
:1060E000FFF7E0FD00283FF479AFDDE909120A4B24
:1060F000121B53F8240041FA02F303401F44013FEE
:10610000D8F81830079818600898D8F818305860F0
:10611000C6E9021269E700BF506304082DE9F043A5
:106120000127D0F8A43187B004469F40D0F8183139
:106130008946D0F8D051CBB9A369002605941A68D6
:106140005B6801920293D5E90212D4F86C31B34234
:1061500017DCA369019818600298A36958600120B0
:10616000AB6A013BC5E90212AB6207E0AB6A002BE8
:10617000E2D1FFF73FFE0028DED1002007B0BDE8E6
:10618000F083002A59F8268007DC012301A8FFF7D5
:1061900089FD0028F1D0DDE90312013A013641FA08
:1061A00002F3DB0742BFB8F800303B43A8F80030E9
:1061B000CBE700002DE9F04FD0F81831D1B00646FA
:1061C0000F46D0F8D0814BB9D8F8243093B1D8F825
:1061D00028300120013BC8F8283008E0D8F82830E2
:1061E000002BF1D1FFF706FE0028EDD1002051B0C1
:1061F000BDE8F08FD6F89C2101210BAD2E610692EF
:10620000D6F8A421D7F800909140D6F89871039160
:106210004FF0FF3101FA02F2B1690792D6F8AC21D2
:1062200008920A682A604A68D8F810106A600291D9
:10623000D8E90242002940F00081D8F83C308B4672
:106240000993069B9F420BDDB3690B9919600C996A
:10625000B3695960029BC8E90242C8F81030B6E73A
:10626000072A0ADC002321462846FFF71BFD0028E9
:106270006FD0D5E90242072A62DDA2F1080309982E
:1062800044FA03F3DBB203F1240150F82110002992
:106290006CD00344521A93F8900410F00F034FEAA5
:1062A000201A049367D0012B0AD033687921304635
:1062B000049259614FF0FF3133685B689847049A44
:1062C000002A08DC012321462846FFF7EBFC0028C2
:1062D0003FD0D5E90242013A079944FA02F313F09C
:1062E000010F039B08BF0B460493089B53F827300C
:1062F000059339F91330002B68D0002A07DC0123FD
:1063000021462846FFF7CEFC18B3D5E90242013AF0
:1063100044FA02F3D9070ED5059B39F91310039BF4
:10632000194208D100298BB2ACBF039907990B44DD
:10633000059929F811300137069BBB42D5DA48E0B0
:10634000012300932146099B2846FFF707FD0028FB
:106350000EDA10AB0022BBF1000F3FF447AF0BF198
:10636000FF3B53F82B1029F81120F4E70923E8E745
:10637000D5E9024291E7BAF10F0FB6D0012303FA33
:106380000AF30293BAF1000F15D0524508DA5346CA
:1063900021460BA8FFF786FC0028DAD0DDE90D4284
:1063A000274BA2EB0A0253F82A1044FA02F30B40DF
:1063B000029919440291029B002B3FF445AF069BC2
:1063C0009F4215DD029B013B02933DE71AF1FF3A24
:1063D000B1D2049B53B1089B049953F8273029F894
:1063E000131010A941F82B300BF1010B013728E7EE
:1063F000089B53F8275039F91530E3B1002A08DC1F
:10640000012321460BA8FFF74DFC0028A1D0DDE9B0
:106410000D42013A44FA02F3DB070CD539F91510A5
:10642000039B194207D100298BB2ACBF039907998E
:106430000B4429F815300137C1E79B46BFE700BF81
:10644000506304082DE9F04F93B0D0F81831074697
:10645000D0F8D061079133B9756A7DB1B36A012074
:10646000013BB36207E0B36A002BF5D1FFF7C2FC32
:106470000028F1D1002013B0BDE8F08FD7F8AC317F
:1064800006F110080C970DAC059306F1600AD7F8D9
:10649000B031DFF8A4B20693BB691A685B68089252
:1064A0000993B8E80F00D6E902EC0FC4D8F8003021
:1064B000A8462360D7F86C3143450FDCBB690DADAE
:1064C000089A06F110041A60BB69099A5A600FCD48
:1064D000C6E902EC0FC42B682360BFE7079BBCF141
:1064E000070F5AF8044B53F8283003930CDC0023B1
:1064F0006246714608A8FFF7D5FB0028BAD0DDE94F
:106500000AECBCF1070F4BDDACF108034EFA03F3C4
:10651000DBB203F1240254F82220002A4ED01C449E
:10652000ACEB020C94F89044DAF84C30DAF8249092
:106530000493002B00F0A180CCB1A44509DA2346D6
:106540006246714608A8FFF7ADFB002892D0DDE94E
:106550000AECACEB040C5BF82420013C4EFA0CF383
:106560005BF8241013409942ACBF9C1A1C4607EB01
:106570008803D3F8702112AB03EB820252F8103C6F
:106580001C44039B42F8104C1C800124049B9C4239
:1065900016DB069B9C4240F3828008F1010889E7E4
:1065A0000123009362462346714608A8FFF7D6FBF5
:1065B000041EFFF65FAFDDE90AECB5E70923F0E75B
:1065C000BCF1070F0DDC00236246714608A8FFF7F7
:1065D00069FB00283FF44EAFDDE90AECBCF1070F80
:1065E00037DDACF108034EFA03F3DBB203F124020A
:1065F00059F82220002A3AD04B44ACEB020C93F815
:10660000900410F00F054FEA201332D0AC451C4423
:106610000ADA2B466246714608A8FFF743FB0028BA
:106620003FF428AFDDE90AECACEB050C5BF8252064
:10663000013D4EFA0CF35BF8251013409942039983
:10664000A8BF9B1A059A52F8242021F81230013471
:106650009CE70123009362464B46714608A8FFF76A
:106660007DFB0028FFF606AFDDE90AECC9E7092348
:10667000F0E70F2B91D10F34E9E774B1A4450ADAA2
:1066800023466246714608A8FFF70CFB00283FF43A
:10669000F1AEDDE90AECACEB040C012479E7BCF1C6
:1066A000070F0DDC00236246714608A8FFF7FAFACF
:1066B00000283FF4DFAEDDE90AECBCF1070F25DD71
:1066C000ACF108034EFA03F3DBB203F1240259F8EC
:1066D00022204AB34B44ACEB020C93F8900410F028
:1066E0000F054FEA201321D0AC451C440ADA2B4693
:1066F0006246714608A8FFF7D5FA00283FF4BAAE03
:10670000DDE90AECACEB050C013442E70123009310
:1067100062464B46714608A8FFF720FB0028FFF6AB
:10672000A9AEDDE90AECDAE70923F0E70F2B7FF4E5
:1067300034AF0F34E8E700BF506304082DE9F04F91
:1067400091B0D0F818310746D0F8D06105914BB917
:10675000D6F82480B8F1000F0FD0B36A0120013BB6
:10676000B36207E0B36A002BF2D1FFF743FB0028C6
:10677000EED1002011B0BDE8F08FBB6906F1100525
:106780000A970BAC1A6806F1600A5B6806920793D9
:10679000DFF890B20FCDD6E902EC0FC42B6823606E
:1067A000D7F86C3143450FDCBB690BAD069A06F197
:1067B00010041A60BB69079A5A600FCDC6E902EC53
:1067C0000FC42B682360C8E7059BBCF1070F5AF87C
:1067D000044B53F8283003930CDC002362467146C7
:1067E00006A8FFF75FFA0028C3D0DDE908ECBCF18A
:1067F000070F4ADDACF108034EFA03F3DBB203F1F5
:10680000240254F82220002A4DD01C44ACEB020C88
:1068100094F89044DAF84C30DAF824900493002B82
:1068200000F0A080CCB1A44509DA23466246714647
:1068300006A8FFF737FA00289BD0DDE908ECACEB9F
:10684000040C5BF82420013C4EFA0CF35BF8241096
:1068500013409942ACBF9C1A1C4607EB8803D3F83F
:10686000702110AB03EB820252F8103C1C44039BD6
:1068700042F8104C1C800124049B9C4215DB3F2CE9
:1068800040F3828008F101088AE701230093624601
:106890002346714606A8FFF761FA041EFFF669AFAA
:1068A000DDE908ECB6E70923F0E7BCF1070F0DDCE2
:1068B00000236246714606A8FFF7F4F900283FF46A
:1068C00058AFDDE908ECBCF1070F37DDACF1080388
:1068D0004EFA03F3DBB203F1240259F82220002A16
:1068E0003AD04B44ACEB020C93F8900410F00F0537
:1068F0004FEA201332D0AC451C440ADA2B466246DC
:10690000714606A8FFF7CEF900283FF432AFDDE963
:1069100008ECACEB050C5BF82520013D4EFA0CF3BE
:106920005BF82510134099420399A8BF9B1A3C4A73
:1069300052F8242021F8123001349DE701230093FE
:1069400062464B46714606A8FFF708FA0028FFF694
:1069500010AFDDE908ECC9E70923F0E70F2B91D16F
:106960000F34E9E774B1A4450ADA2346624671465A
:1069700006A8FFF797F900283FF4FBAEDDE908EC25
:10698000ACEB040C01247AE7BCF1070F0DDC00230B
:106990006246714606A8FFF785F900283FF4E9AE84
:1069A000DDE908ECBCF1070F25DDACF108034EFA78
:1069B00003F3DBB203F1240259F822204AB34B441B
:1069C000ACEB020C93F8900410F00F054FEA201383
:1069D00021D0AC451C440ADA2B466246714606A813
:1069E000FFF760F900283FF4C4AEDDE908ECACEB3A
:1069F000050C013443E70123009362464B46714680
:106A000006A8FFF7ABF90028FFF6B3AEDDE908EC06
:106A1000DAE70923F0E70F2B7FF434AF0F34E8E710
:106A2000287C0408506304082DE9F04F032AADF2D6
:106A30001C5D0446164602911F4607D9036834229E
:106A40005A6103689E6103681B689847029B002B8C
:106A50004CD004EB8603D3F8B45045B923683422F4
:106A600020465A6123689E6123681B6898473B68EB
:106A70003BB963684FF4B262012120461B68984716
:106A800038603E684FF001094FF000084FF0090BE5
:106A9000C6F88C5015F809A00AEB0807B7F5807FF7
:106AA00006DD23682046C3F814B023681B689847A6
:106AB00008F1FF3804AB98441AF1FF3A1BD209F1F0
:106AC0000109B846B9F1110FE4D1002304AA0DF56C
:106AD0008A7A4FF0010BD35599469DF8108004AA8D
:106AE00012F8092022B349465B1A0AE004EB860338
:106AF000D3F8C450B1E708F8019FDDE74AF8212038
:106B0000013104A85A188946405C4045F6D00BFA7A
:106B100008F3934208DC236809212046009259615A
:106B200023681B689847009A530008F10108D6E7CC
:106B300005F10109331D05F1110C4FF0FF3EC84668
:106B400045A818F8011B41B350F82210511A996456
:106B500018F8011C0A44511E50F821101960E04534
:106B600003F10403EDD1304B4FF48062002106F1B4
:106B70009000736427F03CF801234FF0000CC3F140
:106B8000080201214FF0010A019201FA02F20CF110
:106B9000110103924A19009227E0C3F800E0DEE7F2
:106BA00045AA019852F82C2002FA00FB06EB8B0E46
:106BB0000BF28F400EF18C0E3044009A4EF8043FD9
:106BC000127800F8012FC0F5916207323244114665
:106BD000039A11440A465A44002AEEDC009A0AF14C
:106BE000010A0CF1010C0132009299F80020524583
:106BF000D6DA013309F10109092BC0D1029A22B179
:106C0000113547441E46BD4203D10DF21C5DBDE85F
:106C1000F08F15F8013B0F2BF5D9236820465E61F4
:106C200023681B689847EEE7FFFF0F002DE9F84F38
:106C3000D0F8E0200446D0F8D0B100F5AA75D0F81D
:106C40009831002A00F0C580D0F89C2193BB002A1F
:106C50003AD1D4F8A031D4F8A42113B1013B934226
:106C600032D10D2A30DCA9460027D4F85031D4F8AF
:106C70009821BB4240DCD4F8A031002B7FD1002A00
:106C80007BD1BA4B00270BF11408CBF80430B9467E
:106C9000D4F85031BB4277DC0023CBF8103000230E
:106CA000CBE90233CBF82430D4F81831CBF82830B4
:106CB000BDE8F88F9A4207DBD0F8B031934203DB8E
:106CC000D0F85031012BC4D02368112220465A61DC
:106CD0002368D4F898219A612368D4F89C21DA615A
:106CE0002368D4F8A0211A622368D4F8A4215A6238
:106CF00023681B689847B6E759F8043BD4F8A0000E
:106D0000D3F804804FEA082100EB010A8AB1425807
:106D1000002A0EDA226876234FF0FF3120465361B5
:106D200000232268C2F818802268D3612268526862
:106D30009047D4F89861D4F89C21B24201DA013727
:106D400093E75AF82620D4F8A01122EAE272914281
:106D50000DD0226876234FF0FF3120465361226820
:106D6000C2F818802268D661226852689047D4F829
:106D7000A4214AF826200136DDE77D4B82E70AB9D7
:106D80007C4B7FE77C4B7DE7D4F8982155F8043B9A
:106D90007AB9D4F8A02142B95A690121204602F1FA
:106DA0000B030BEB8303FFF73FFE48F8049B01370F
:106DB0006EE79E690021204606F10B0332460BEB7D
:106DC00086060BEB8303FFF72FFEF36ACBF83C300C
:106DD000EBE783B9D0F8A0316BB9D0F8A43153B93F
:106DE000D0F8DC20D0F89C310AB93F2B0CDCD4F869
:106DF000B0219A4208D023687D224FF0FF3120460F
:106E00005A6123685B689847D4F8B0313F2B45D06E
:106E10005A4B00260BF11407CBF80430B146D4F8D6
:106E20005031B3423CDC0BF1600104F5B875002031
:106E30004FF0060C524E4FF0010E524FD4F86C3109
:106E400083427FF72CAF55F8043B04EB8303D3F860
:106E50005421536910335BF8233041F8043B9369A4
:106E600014335BF823304B62536B002B65D0D4F89E
:106E7000B081B8F10F0FD2E9092300F089802CDC32
:106E8000B8F1030F47D0B8F1080F58D0B8F1000F90
:106E900040F0AD80C1F84CE00130CFE73A4BB8E7A5
:106EA00055F8048B01212046D8F8142002F1100374
:106EB0000BEB8303FFF7B8FDD4F8B0314BB1D8F832
:106EC00018200021204602F114030BEB8303FFF787
:106ED000ABFD47F8049B0136A1E7B8F1230F03F19E
:106EE000FF3A02F1FF3964D0B8F1300F6FD0B8F13A
:106EF000180F7CD1BAF1050F28BF0523B9F1050F92
:106F000003F1FF3328BF052203EB8303013A134447
:106F100056F8233010E003F1FF38B8F1020F02F108
:106F2000FF3828BF0223B8F1020F28BF022202EB6C
:106F30004303033B57F823300133CB64ACE703F141
:106F4000FF38B8F1030F02F1FF3828BF0323B8F16F
:106F5000030F03F1FF3328BF032203EB4303013A7E
:106F600013440A4A52F82330E6E700BF495E01089D
:106F7000AD5F01081D610108B561010845640108A4
:106F800004650408906404083D670108A0640408CF
:106F900003F1FF38B8F1040F02F1FF3828BF0423D2
:106FA000B8F1040F28BF042202EB8303184A053B03
:106FB000D8E7BAF1060F28BF0623B9F1060F28BF9C
:106FC0000622013B013A0CFB0323124ACAE7BAF13D
:106FD000070F28BF0723B9F1070F03F1FF3328BFBD
:106FE0000722C3EBC303013A13440B4ABAE703F188
:106FF000FF38B8F1080F02F1FF3828BF0823B8F1B5
:10700000080F28BF082202EBC303044A093BA9E783
:10701000C464040868650408F865040890630408FB
:1070200038B54368D822012105461B689847174B9D
:10703000C5F8D00104460360D5F8E03043B90365D4
:1070400003644365436483658364C365C36438BD77
:107050006A6A01216B68284612021B689847002360
:107060004FF0FF31C5F8A0006A6A9A4205DC0023A0
:10707000C4E90B33C4E90D33E9E700F5807240F849
:10708000041B9042FBD10133EEE700BF2D6C0108D9
:10709000D0F8C831014A1A60704700BF6972010810
:1070A00038B50A4A0025D0F8C83104461A600122D2
:1070B000C3E904559A6103681B699847D4F8CC3139
:1070C00020461B689847C4F8A05038BD6972010873
:1070D0002DE9F843D0F85021044600F5AA77012A9B
:1070E00036D1D0F85431D969C0F86411196AC0F8A2
:1070F0006811D868596A1D6A1A64C3E91112B5FB90
:10710000F0F100FB1151002908BF0146C3E90E222E
:10711000D9640023C4F86C21C4F87031B846002645
:107120004FF03609D4F850319E4278DBD4F8D03194
:1071300020461B689847D4F8C03120461B68984702
:10714000D4F8C021D4F8C83152681A60BDE8F88379
:10715000013A032A0CD903681B225A610368D0F84C
:1071600050219A6104220368DA6103681B6898471A
:10717000D4F838310025D4F8A811B846E0694FF0AA
:107180000E09594309F0A6FFD4F83C31D4F8A811F0
:10719000C4F864015943206A09F09CFFC4F86C519B
:1071A000C4F86801D4F850319D42B7DA58F8043B6E
:1071B00099685A6AD3F81CC04A43D86899635A64DC
:1071C00000FB01F6D8631E64BCFBF1F201FB12C2A6
:1071D000002A08BF0A46196A9A64B1FBF0F200FB64
:1071E0001212002A08BF0246DA64D4F86C31334424
:1071F0000A2B06DD23682046C3F8149023681B6819
:107200009847002E01DC0135CCE7D4F86C31013E03
:107210005A1C5C33C4F86C2144F82350F1E758F849
:10722000047B3B6DF3B93B69032B03F1280503D8BD
:1072300004EB8502526842B922682046C2F81490D5
:107240002268936123681B689847636804EB85058F
:10725000842201211B682046984784226968F1F73F
:1072600027FB386501365DE72DE9F84FD0F8C87186
:1072700004467B69F3B94FF00108A34ED4F8CC3132
:1072800020465B6898470128814618D0022813D110
:1072900001237B61BB69002B00F08C81D4F8CC31D9
:1072A0001B693BB123683D2220465A6123681B6855
:1072B000984701E04FF002094846BDE8F88FBB69E6
:1072C000002B00F06581012B40F0B280226A4FF65E
:1072D000DC739A4202DCE2699A420ADD23682A22C0
:1072E00020465A614FF6DC7223689A6123681B6856
:1072F0009847D4F8D430082B0AD0236810222046AF
:107300005A612368D4F8D4209A6123681B6898478F
:10731000636A0A2B0CDD23681B2220465A6123680E
:10732000626A9A610A222368DA6123681B689847B7
:10733000D4F8D8504FF0000A4FF0130BC4F838813E
:10734000C4F83C81636A9A450FDBD4F8DC302BB972
:10735000D4F8E0307BB3D4F8503163B30823C4F8D9
:10736000A8313F23C4F8AC6139E0AB68013B032B83
:1073700003D8EB68013B032B06D923682046C3F8EA
:1073800014B023681B689847AB680AF1010AD4F867
:10739000382158359A42ACBFC4F83821C4F8383186
:1073A000D4F83C2155F84C3C9A42ACBFC4F83C217F
:1073B000C4F83C31C6E7D4F89C313F2B00F09480F0
:1073C00049DC0F2B00F081803ADC032B71D0082BB5
:1073D00076D0002B4FD1C4F8A881C4F8AC61C4F8B2
:1073E000B0314FF0000AD4F8A831D4F8D850D346C1
:1073F000C4F84031C4F84431626AD4F8A8319245E7
:10740000C0F29080D4F83C11206A594309F062FE22
:10741000636AD4F85021C4F848019A42D4F8C831BC
:1074200004DBD4F8E020002A00F0AD80C3F810801F
:10743000D4F85031002B40F0A8800223BB611DE737
:10744000232B47D0302B4AD0182B14D10522C4F857
:10745000A8212E4A31E08F2B4ED007DC632B47D07A
:10746000782B47D0502B06D1092378E7C32B47D080
:1074700019DCA82B42D02368112220465A612368C8
:10748000D4F898219A612368D4F89C21DA612368A2
:10749000D4F8A0211A622368D4F8A4215A62236880
:1074A0001B6898479DE7E02B2CD0FF2BE3D11023DE
:1074B00055E70222C4F8A821154AC4F8AC218EE78A
:1074C0000322C4F8A821134AF7E70422C4F8A8212C
:1074D000114AF2E70622C4F8A821104AEDE7072274
:1074E000C4F8A8210E4AE8E70822C4F8A82174E7E6
:1074F0000A2334E70B2332E70C2330E70D232EE772
:107500000E232CE70F232AE7287C04089C7E04081E
:10751000687D0408B87D04081C7E0408407F0408C8
:10752000108004086B620AF1010AD4F8A831A86837
:10753000AB62D4F83821E369D4F8A8115843514319
:1075400009F0C8FDE861E868D4F83C21236AD4F862
:10755000A8115843514309F0BDFD2862A868E369AA
:10756000D4F83811584309F0B5FDE862E868236A99
:10757000D4F83C11584309F0ADFDC5F850B0C5E949
:107580000C08583538E71A6152E70023BB6193E6CF
:107590003B6933B92368242220465A6123681B685B
:1075A0009847D4F85031002B3FF468AE2046FFF7DF
:1075B0008FFD81E6D4F89030D4F898209A427FF776
:1075C00079AEC4F8983077E670B5D0F8A8110446C3
:1075D000C26A036B4A43C0699A420ED809F07AFD29
:1075E000D4F8A8112067206A09F074FD01236067B0
:1075F000C4F84031C4F8443157E05D00AA420CD8C9
:10760000400009F067FD2067206AD4F8A811400007
:1076100009F060FD02236067EAE71D44AA420ED824
:1076200000EB400009F056FD2067206AD4F8A8114D
:1076300000EB400009F04EFD03236067D8E79D0092
:10764000AA420CD8800009F045FD2067206AD4F8D2
:10765000A811800009F03EFD04236067C8E71D44BF
:10766000AA420ED800EB800009F034FD2067206AA2
:10767000D4F8A81100EB800009F02CFD0523606709
:10768000B6E7062505FB03F6B24215D8684309F0B4
:1076900021FD2067206AD4F8A811684309F01AFD7B
:1076A000C4F840516067C4F84451D4F8D83000227F
:1076B000616A91426EDC70BDDD00EE1AB2420ED8F6
:1076C000C0EBC00009F006FD2067206AD4F8A811BD
:1076D000C0EBC00009F0FEFC0723606788E7AA4200
:1076E0000CD8C00009F0F6FC2067206AD4F8A81175
:1076F000C00009F0EFFC0823606779E71D44AA4247
:107700000ED800EBC00009F0E5FC2067206AD4F831
:10771000A81100EBC00009F0DDFC0923606767E7F2
:107720000A2505FB03F6B242B0D90B2505FB03F68B
:10773000B242ABD90C2505FB03F6B242A6D90D2502
:1077400005FB03F6B242A1D90E2505FB03F6B242B2
:107750009CD9C3EB03139A424FEA00130DD8181AB1
:1077600009F0B8FC2067206AD4F8A811C0EB00101B
:1077700009F0B0FC0F2360673AE7184609F0AAFC4D
:107780002067206AD4F8A811000109F0A3FC102397
:1077900060672DE7D4F840110132583343F8341CA8
:1077A000D4F8441143F8301C82E7000010B5436858
:1077B0001C22002104461B689847084BC4F8C801E6
:1077C0000360074B4360074B8360074BC360002394
:1077D000C0E904330123836110BD00BF6972010851
:1077E000A1700108D1700108917001082DE9FF47CF
:1077F000D0F8BC419A4605468846236B914604F171
:1078000008073BB9D0F8C0313946DB689847B8B1B2
:1078100001232363D5F8446104F13402D5F8C4117F
:107820002846CDF800803346CDE9019AD1F804808E
:107830003946C047636BB34224BF0023C4E90C330D
:1078400004B0BDE8F0872DE9F04FD0F8BC411F46E9
:107850008BB00546236B8846164673B9236CD0F867
:10786000C0210E33D26854F82310904700285CD012
:1078700001232363E36C0133E364636C012B10D0B9
:10788000022B37D0002B50D10022E16C6263D5F877
:107890004431013BA364D5F84831994248D00123D3
:1078A0006364236C04F13402CDF80080284603F1B0
:1078B0000E01D5F8C431CDE901675E6854F8211096
:1078C000A36CB047626BA36C9A422ED3E36C012B7E
:1078D0006BD0236C83F00103236400232363D5F86A
:1078E000443101336363D5F844310233A364022386
:1078F00063641AE0236C04F13402CDF8008028465A
:1079000003F10E01D5F8C431CDE90167D3F8049035
:1079100054F82110A36CC847626BA36C9A4204D33D
:10792000002363643368BB42AED30BB0BDE8F08F75
:10793000D5F8BCC16FF0404ED5F8D8006B6A9A42BA
:10794000ADDA816AC368D0F830A04B43D5F8441152
:1079500093FBF1F9BAFBF3F103FB11A1002918BF66
:107960000B462AB9591E91FBF9F10131CCF84810A8
:10797000DCF8401073444FEA49094FF0000B0E3118
:107980009B005CF8211051F8221001EB030A04332C
:107990001944CB4502DB01325830CFE7DAF800302A
:1079A00041F82B300BF1010BF3E7D5F844310020FF
:1079B000D5F8D8200133D5F8BC91059209936B6AAC
:1079C000984286DA059A059B916ADB68D5F84421CE
:1079D0005943D9F8383091FBF2F153F82070D9F8B7
:1079E0003C3053F820C0099B01FB03F26FF0030306
:1079F00003FB01FE4FEA82080A4407EB0E0307EB84
:107A0000080A9200E04407930EEB0C0307EB020B0D
:107A1000069302EB0C0308930023994204DC059BB8
:107A2000013058330593CAE7079A069E96465AF8DE
:107A300023204EF8232058F8232046F8232057F817
:107A40002320089E4BF823205CF8232046F82320AF
:107A50000133E2E71FB5D0F8C4410091CDE901231D
:107A6000002364681A461946A04704B010BD000000
:107A70002DE9F04F024685B0D0F8BC4151B1022942
:107A80007ED003680321596103681B6805B0BDE817
:107A9000F04F1847D0F8D8319B68002B6DD03A4B87
:107AA0006360D0F84431D0F8BCC10193D0F8D8302D
:107AB0000CF1080B0093019B02330393536A994224
:107AC00009DB0023C4E91033E3640023C4E90C3369
:107AD00005B0BDE8F08F009BD2F84451D8689B6A8E
:107AE0004343DCF8380093FBF5F350F821E0DCF871
:107AF0003C005BF8045B50F82160039803FB00F93D
:107B0000002048451FDB01986FF001074FEA430949
:107B100058434FEA800807FB0300800005EB080A82
:107B2000371828444644002502974D4513DB6FF073
:107B3000030000FB03E50020834218DC009B0131B9
:107B400058330093BAE755F8208046F820804EF865
:107B500020800130D5E7029FB8465AF8257048F8D2
:107B6000257050F8257046F825700135DDE7DEF800
:107B7000006045F820600130DEE7044B6360A4E755
:107B8000034B6360A4E700BF47780108ED77010865
:107B9000557A01082DE9F84F43680D46502201211E
:107BA0001B68044698473E4BC4F8BC010646036078
:107BB00035B12368032220465A6123681B68984721
:107BC000D4F8D831D4F844519B682BB3012D06DC8E
:107BD0002368302220465A6123681B689847626AEE
:107BE000012163682046D4F8BC81D2001B680027BD
:107BF000D4F844519847C8F83800636A05F1040A7C
:107C000000EB8300C8F83C00D4F8D890636AD4F83D
:107C100044519F420ADB0235D4F8D87008364FF041
:107C20000008636A434521DCBDE8F88FD9F80C30C1
:107C30000121D9F8280009F158095843636890FBDD
:107C4000F5F505FB0AFB1B6820464FEACB02984777
:107C5000D8F8383000EB850543F8275005EB8B0545
:107C6000D8F83C3043F827500137CFE7FA6808F1DD
:107C70000108BB6A583757F8341C5343D4F84421E1
:107C8000606893FBF2F357F83C2C6B43D0F80890F4
:107C900020464A430121C84746F8040BC1E700BF0C
:107CA000717A01082DE9F04786690446D6E9005C3F
:107CB000C0E93712C0F8E430BCF1000F07D1F36817
:107CC000984710B90020BDE8F087D6E9005CBCF108
:107CD00001022F7800F08B806B1C551E93F80080FA
:107CE00000F08E8001331A78013DC4F8D42000F0F2
:107CF000908001331A78013D4FEA0222226200F09F
:107D0000918001331978013D226A0A44226200F011
:107D1000928001331A78013D4FEA0222E26100F0BD
:107D2000938001331978013DE2690A44E26100F071
:107D30009480013303F101091B78D4F8B4210121A7
:107D400063622046236808EB0727013D9A61083FDC
:107D5000E269DA61226A1A62626A5A6266222368FA
:107D60005A6123685B689847D4F8CC311B6933B1FA
:107D700023683C2220465A6123681B689847236A7F
:107D800023B1E36913B1636A002B06DC2368212267
:107D900020465A6123681B689847636A03EB4303D4
:107DA000BB4206D023680C2220465A6123681B6818
:107DB0009847D4F8D8304BB9626A58216368204696
:107DC0004A4301211B689847C4F8D800D4F8D870FA
:107DD0004FF000084FF0670A5837636A434545DCA7
:107DE000D4F8CC3101201861C6E900956BE7F3683F
:107DF0002046984700283FF465AFD6E900326CE78B
:107E0000F3682046984700283FF45CAFD6E9003578
:107E100069E7F3682046984700283FF453AFD6E956
:107E2000003567E7F3682046984700283FF44AAFDB
:107E3000D6E9003566E7F3682046984700283FF406
:107E400041AFD6E9003565E7F3682046984700283A
:107E50003FF438AFD6E9003564E7F3682046984729
:107E600000283FF42FAFD6E9003563E747F8548C7C
:107E70003DB9F3682046984700283FF423AFD6E980
:107E8000009599F80030013D47F8583C2CD009F195
:107E900001031A78013D4FEA221102F00F0247F860
:107EA000501C47F84C2C28D0013303F101091B78F2
:107EB00057F8582C012147F8483C20462368013DDB
:107EC00008F1010858379A6157F8A82CDA6157F879
:107ED000A42C1A6257F8A02C5A622368C3F814A085
:107EE00023685B68984778E7F3682046984700283E
:107EF0003FF4E8AED6E90035CBE7F3682046984773
:107F000000283FF4DFAED6E90035CEE70D2A2DE993
:107F1000F04102EB030604460D46036870D90A7867
:107F20004A2A6FD14A78462A6CD18A78492A69D17F
:107F3000CA78462A66D10A79002A63D10122C0F89C
:107F40001C21497980F820110129AA7980F8212182
:107F5000EA7980F822212F7A6A7A02EB0722A0F8C8
:107F60002421AF7AEA7A02EB0722A0F826210ED06C
:107F70007A224FF0FF315A61036890F820219A610C
:107F8000036890F82121DA6103685B6898472368E9
:107F9000012194F8202120469A6194F82121DA6188
:107FA000B4F824211A62B4F826215A6294F82221E6
:107FB0009A62592223685A6123685B6898472A7B32
:107FC0006B7B13430DD023685C22012120465A614C
:107FD00023682A7B9A6123686A7BDA6123685B687D
:107FE00098472A7B0E3E6B7B12FB03F202EB4202A8
:107FF000B24232D023685A225A6123689E6123E03C
:10800000052A28D92A784A2A25D16A78462A22D1EF
:10801000AA78582A1FD1EA78582A1CD12A79D2B9CD
:108020006A79112A05D0132A05D0102A05D16E22AB
:10803000E2E76F22E0E77022DEE75B225A61236805
:108040006A799A612368DE612368204601215B68B2
:10805000BDE8F04118474F22CEE7BDE8F0812DE999
:10806000F843856904466B6833B32E683778B3F1FB
:1080700001084FEA072928D0013616F8017B5D2256
:10808000236801214F4420465A612368023FD4F8F7
:10809000B4219A612368DF6123685B68984708F11F
:1080A000FF33002F2E606B6004DDA3693946204644
:1080B0001B699847012003E0EB68984710B900203E
:1080C000BDE8F883D5E90063D0E7EB682046984720
:1080D0000028F4D0D5E90068CFE72DE9F0418469A4
:1080E0000646D4E9007585B9E3683046984750B92B
:1080F0000020BDE8F081D6F8CC219369013393616B
:10810000C4E90075EFE7D4E900753B78013D01371C
:10811000FF2BF0D1ADB9E368304698470028E7D08F
:10812000D4E9003593F80080013D5F1CB8F1FF0FE2
:10813000F0D0D6F8CC219369B8F1000F03D1023307
:10814000DDE73B46EEE7A3B1336877224FF0FF311E
:1081500030465A61D6F8CC21336892699A61336807
:10816000C3F81C8033685B689847D6F8CC3100228E
:108170009A61C6F8B4810120C4E90075B9E710B569
:10818000D0F8B43104460BB3D4F8CC31D4F8B421D0
:10819000596901F1D0039A421ED123686422032158
:1081A00020465A61D4F8CC21236852699A61236829
:1081B0005B6898470023C4F8B431D4F8CC2101207F
:1081C0005369013303F00703536104E0FFF785FFB0
:1081D0000028D9D1002010BDA36920465B699847CB
:1081E0000028EAD1F6E70023D0F8CC21C0F8D83037
:1081F000C0F89030C0F8B4319361C2F8A430C2E93D
:10820000033370472DE9F04F8669CBB0044675689B
:10821000FDB13268013D177825D0013292F8009007
:10822000013D02F1010B09EB072905AFA9F1020994
:10823000B9F1100F1FDCB9F1000F06D022680C2134
:10824000204651612268126890470120C6E900B5B6
:1082500003E0F368984718B900204BB0BDE8F08FF1
:10826000D6E90025D6E7F368204698470028F3D0E2
:10827000D6E90025D2E735B9F368204698470028AB
:10828000EAD0D6E900B5236852229BF8008001218C
:108290005A61204623680BF1010ACDF80480013DA4
:1082A000C3F81880D34623685B68984700223A7069
:1082B00092460122002D40F09A80F36820460292F7
:1082C00098470028C8D0029AD6E9001501F1010BA1
:1082D0000978013DB95401328A44112AEAD1226851
:1082E000A9F1110379784FF0580920460293916162
:1082F000B978D161F97811623979516279799162ED
:10830000B979D162F9791163397A5163022122680E
:10831000C2F814902268526890472268797A204601
:108320009161B97AD161F97A1162397B5162797BB5
:108330009162B97BD162F97B1163397C516302216F
:108340002268C2F81490226852689047BAF5807F7C
:1083500002DC029B534506DA22680921204651615E
:108360002268126890474FF000090AAAD14540D10F
:1083700018F0100F029BA3EB090917BFA8F1100317
:1083800008F12D0808F121080193019B04EB8808EE
:10839000032B08D922681F2120465161226893616E
:1083A000226812689047D8F8002022B92046FBF7CF
:1083B00049FBC8F80000BE46D8F800200DF1240A99
:1083C000F4460832BCE80300D44542F8080C42F8F1
:1083D000041CE646F4D19CF8001011704FF4807232
:1083E000D8F800000AA91130F0F762FA20E75946E0
:1083F0006CE74DB9F36820460392984700283FF494
:108400002BAF039AD6E900B59BF80010013D0BF1A4
:10841000010B09F8021009F10109A7E72DE9F74F4F
:108420000446D4F8B43143BBD4F8CC31DB68002B1C
:1084300048D1A5696A68002A36D02B68013A93F8BA
:10844000008038D00133B8F1FF0F02F1FF3603F19D
:1084500001091F7801D1D82F0BD02368372220467D
:108460005A612368C3F818802368DF6123681B689A
:108470009847C4F8B471C5E90096D4F8B431CF2B4D
:1084800065DCCD2B2ADAC42B00F0918232DCC12BC3
:1084900000F098811DDC012B00F0D583C02B00F08B
:1084A0008881236846221BE0EB682046984770B11C
:1084B000D5E90032C2E7EB682046984738B1D5E9E4
:1084C0000032C0E72046FFF708FE0028D5D1002083
:1084D000E4E0C22B00F07981C32BE2D123683E2275
:1084E0005A6120462368D4F8B4219A6123681B6836
:1084F00098475AE1C92B00F06C81EFDBCB2BEDD014
:1085000040F36981A6697568002D00F0EB8133683E
:10851000013D1F7800F0EF81013393F80080013DA9
:1085200003F101094FF01D0B08EB0728A8F1020821
:10853000B8F1000F00F3E88106D023680C22204632
:108540005A6123681B689847C6E900952DE1DB2B2B
:1085500000F0318200F3A580D82B00F0ED80C0F24E
:108560007283D92B00F0B181DA2B9AD1D4F8CC31B7
:10857000A6691B69D6E9007533B9236840222046F5
:108580005A6123681B68984735B9F36820469847B5
:1085900000289CD0D6E90075013D97F8009000F0C6
:1085A0001D81013797F80080013D08EB092800F094
:1085B0001E817B1C93F8009069225F1C23680121B7
:1085C00020465A61013D2368C3F8189023685B6810
:1085D000984709F10303B8EB430F08D1B9F1040F31
:1085E00005DCB9F1000F09D1D4F8E03033B92368C4
:1085F0000C2220465A6123681B6898474FF0000AF6
:10860000C4F85091D14500F3FB803DB9F368204692
:10861000984700283FF45BAFD6E900753B78013DF1
:10862000C4F8983100F03F8101373B78013DC4F830
:108630009C3100F0418101373B7801212046013D0A
:108640001A1103F00F0307F10108C4F8A021C4F8C0
:10865000A431D4F8982123689A61D4F89C21DA6176
:10866000D4F8A0211A62D4F8A4215A626B2223689C
:108670005A6123685B689847D4F8CC3100225A616C
:10868000B9F1000F04D0D4F890300133C4F8903021
:1086900000230120C6E90085C4F8B43103B0BDE869
:1086A000F08FEF2B41DCE02B80F2C582DC2B00F059
:1086B000D782DD2B7FF4F5AEA6697368002B00F03E
:1086C00096823568013B95F8008000F0998201356B
:1086D0002A785F1E02EB0822042A06D023680C22A7
:1086E00020465A6123681B689847002F00F091824A
:1086F000013595F80080013F4FEA082800F092828A
:10870000013515F8013B5422013F012198442368AB
:1087100020465A612368C3F8188023685B6898472D
:10872000C4F81881356077603FE0FE2B7FF4B9AE66
:10873000D4F8CC31DB6983E223686822012120462A
:108740005A6123685B689847D4F8CC31DB6833B151
:1087500023683F2220465A6123681B68984704F12A
:10876000E80204F1F80000230121052502F8013B8D
:108770009042D173D577F9D140F2011284F82830B4
:10878000C4F83031C4F81831C4F81C31A4F82021E1
:108790004FF0011284F82231C4F8283184F82C31CA
:1087A000D4F8CC31C4F82421D9600023C4F8B43102
:1087B00037E6002301211A462046FFF773FA002806
:1087C000F3D184E60023002201E0002301220021EE
:1087D000F2E70123F7E701231A46F8E7F36820469A
:1087E000984700283FF473AED6E90075DAE6F368DF
:1087F0002046984700283FF46AAED6E90035D9E60E
:108800003DB9F3682046984700283FF460AED6E9AA
:108810000075013D97F800B034D07B1C5F1C013D12
:108820001B780020D4F8D880626A904233DB21683C
:108830002046009304234B612168C1F818B02168D9
:1088400009688847009B04EB8A016A2220460AF1E6
:10885000010AC1F85481191103F00F03C8F814106C
:10886000C8F818302168C1F818B0D8F81430CB61B6
:10887000D8F818300B62012123685A6123685B68BD
:108880009847BFE6F3682046984700283FF41FAE9C
:10889000D6E90035C2E7D8F800108B45D3D00130B7
:1088A00008F15808C1E7F3682046984700283FF4CC
:1088B0000EAED6E90075B8E6F36820469847002862
:1088C0003FF405AED6E90075B6E623685722204688
:1088D00001215A6123685B68984700230220C4F88D
:1088E000B431DBE6F3682046984700283FF4EFAD4B
:1088F000D6E900350CE6F3682046984700283FF497
:10890000E6ADD6E9003508E63DB9F368204698475C
:1089100000283FF4DCADD6E90095013D99F80070E0
:1089200026D009F1010393F800A003F101092268A0
:108930005123012120465361013D2268A8F102081C
:1089400097612268C2F81CA02268526890471F2FC6
:1089500008D922682046C2F814B0226897612268BC
:10896000126890470F2F27440BDD87F8F8A0DFE54A
:10897000F3682046984700283FF4A9ADD6E90035B2
:10898000D1E70AF00F014FEA1A12914287F8E81076
:1089900087F8F8207FF6CCAD22681E212046516171
:1089A0002268C2F818A023681B689847C0E52046D3
:1089B000FFF728FC03E7A5696B68D3B12968013B81
:1089C0000E781FD001310F7803F1FF394A1C07EBF5
:1089D0000627023F002F1EDC08D021680C200092E1
:1089E00048612046216809688847009AC5E900293E
:1089F000DBE6EB682046984700283FF468ADD5E9F0
:108A00000013DCE7EB682046984700283FF45FAD91
:108A1000D5E90013D7E7013FB9F1000F07D1EB68A3
:108A20002046984700283FF452ADD5E90029167832
:108A3000532102F1010B2268331106F00F06516138
:108A4000204622680121009309F1FF3996612268CE
:108A5000D361226852689047032E08D922682021EA
:108A6000204651612268966122681268904704EBA3
:108A70008606D6F8A42022B92046FAF7D9FFC6F810
:108A8000A400009BD6F8A460BBB17F2F71DCB21E9E
:108A900006F17E01012022F8020F9142FBD14FEA3C
:108AA000670ABAF1100F5ED013DCBAF1040F63D07D
:108AB000BAF1090F18D06C4A17E03F2F59DCB21EEB
:108AC00006F17E01012022F8020F9142FBD1BA4645
:108AD000E7E7BAF1240F48D0BAF1310F47D0BAF125
:108AE000190FE8D1614A00E0614A02EB8A0390461F
:108AF0005A460193019B434540D12168896E012963
:108B000028DD06F1800B4FF05F08308810362168B1
:108B10000192886136F80E0CC86136F80C0C0862B8
:108B200036F80A0C486236F8080C886236F8060CEB
:108B3000C86236F8040C086336F8020C4863204615
:108B40002168C1F8148021684B6802219847B34519
:108B5000019ADAD1009BA7EB0A07002B3FF43AAF4A
:108B6000A7EB0A0736E7434ABFE7434ABDE7434A54
:108B7000BBE74FF0400A9EE7414AB6E7009B2BB3A4
:108B8000B9F1000F07D1EB682046984700283FF461
:108B90009EACD5E9002992F800B0B9F101034FEA83
:108BA0000B2B0AD0511C4A1C097803F1FF398B4466
:108BB00058F8041B26F811B09CE7EB68204698474C
:108BC00000283FF484ACD5E90013ECE7B9F1000FBD
:108BD00007D1EB682046984700283FF478ACD5E9E8
:108BE000002992F800B009F1FF390132E0E7F3689B
:108BF0002046984700283FF46AACD6E9005361E567
:108C0000F3682046984700283FF461ACD6E900534A
:108C10005EE5F3682046984700283FF458ACD6E953
:108C2000005766E5F3682046984700283FF44FACAC
:108C3000D6E9005765E5D4F8CC21D83B52F823306B
:108C400020469847BBE523685E22012120465A61F1
:108C50002368D4F8B4219A6123685B689847A4E537
:108C60002046FFF7FCF9AAE5287C04089C7E04084E
:108C7000B87D04081C7E0408407F040810800408A6
:108C8000687D04080B2A2DE9F041044605682DD9BA
:108C90000E78412E2AD14E78642E27D18E786F2EF1
:108CA00024D1CE78622E21D10E79652E1ED1CB79BA
:108CB0000A7A4E7A02EB03228B7A4F7903EB062372
:108CC000CE7A897901EB0721C5E90836C5E9061294
:108CD0004E22036801215A6103685B6898470123AB
:108CE00084F82C61C4F82831BDE8F0815021134488
:108CF0002046696121688B6101212368BDE8F0414C
:108D00005B6818472DE9FF47876904467A68002A9F
:108D100038D03B68013A1E783ED001331D7802F10D
:108D2000FF3803F1010905EB0625023D0D2D3BDC63
:108D3000002D3EDDAA460026B8F1000F37D1FB68B2
:108D40002046984708B3D7E9003803F101091B789A
:108D500008F1FF380DF806300136B245ECD1D4F8F1
:108D6000B431AD1BE02B26D0EE2B35D02368462244
:108D700020465A612368D4F8B4219A6123681B689D
:108D800098471EE0FB68984718B9002004B0BDE87A
:108D9000F087D7E90032BDE7FB68204698470028F6
:108DA000F3D0D7E90032B9E74FF00E0AC3E74B46DC
:108DB000CBE70026D3E72B46324669462046FFF72D
:108DC000A5F8002DC7E9009804DDA36929462046CF
:108DD0001B6998470120D9E72B4632466946204651
:108DE000FFF750FFEDE72DE9F0417C2203680F46C5
:108DF000D0F8B4615A610546036807F101089E6125
:108E000008F00708036808F1D008D9614FF0FF3176
:108E100003685B689847BF2E31DDA6F1D003072BAE
:108E20002BD8B04529D0BB1C03F00703D033B34285
:108E300023D07B1E03F00703D033B3421FD0BC1EE8
:108E400004F00704D034B44214BF012402242B6878
:108E50006322042128465A612B689E612B68DC61DD
:108E60002B685B689847022C0BD0032C02D00023A0
:108E7000C5F8B4310120BDE8F0810324E7E70224FE
:108E8000E5E72846FFF729F90028F4D0D5F8B461C2
:108E9000C1E7000038B54368AC22002104461B68D6
:108EA00098470E4BC4F8CC010022036000F1600526
:108EB0000B4B0C4943600C4BC161836000F12003F4
:108EC000026643F8041BAB421A64FAD1074B0362F3
:108ED00083652046BDE83840FFF785B9E781010882
:108EE0001D8401085F8001087F810108058D01084C
:108EF00038B5D0F8B8510446AB68002B2ED000210D
:108F0000A960D0F8E0311B689847D4F8C431022139
:108F100020461B689847D4F8BC3102211B682046C4
:108F20009847A368CBB1EA68DA60D5E90223002A42
:108F3000A26814BF022101210B441361236C63B1A9
:108F4000D4F8C8315B6943B9E16EA268002913699E
:108F500014BF022101210B44136138BD436D6BB175
:108F6000D0F8883053B9C36D002B37D0C36E002BB7
:108F700034D0AB69C0F8E0310123AB60D4F8D43110
:108F800020461B689847D4F8C03120469B68984714
:108F9000636C002BC5D12B6923B9D4F8DC31204692
:108FA0001B689847D4F8D83120461B689847636DF2
:108FB0002BB1D4F8E0312046A9681B689847AA680D
:108FC0002046D4F8C431002A1B6814BF03210021B5
:108FD0009847D4F8BC3100211B68A0E7636E1BB131
:108FE0006B69C4F8E031C9E723682F2220465A6133
:108FF00023681B689847C1E7426D10B5D0F8B841A7
:109000001AB1D0F8E0319B689847E3680133E36018
:1090100010BD10B5C36C0246002B42D1D0F8300110
:10902000002840D192F82830032B39D1536A032B02
:1090300036D192F82930022B32D1936F032B2FD1E6
:10904000D2F8D830996802292AD1196E012927D17E
:10905000D3F8B810012923D1D968022920DC596E30
:1090600001291DD1D3F8BC10012919D1596AD2F8B0
:109070004041A14214D1DC6FA14211D1D3F8D440B8
:10908000A1420DD1996AD2F84421914208D1D3F876
:109090008020914204D1D3F8D800431A5842584155
:1090A00010BD0020FCE71846FAE72DE9F0414369BE
:1090B0000446CA2B08D0036815225A610368426926
:1090C0009A6103681B68984720460026FEF77CFAE1
:1090D000D4F8D830626AB24242DDE26C0120D4F8A2
:1090E00040E1002A14BF4FF0080C4FF0040C0AE0D6
:1090F0009968D4F838714143490097FBF1F501FBB9
:10910000157121B9400000FB0EF26245F0DD5A6294
:109110000125E16CD4F844E1002914BF4FF00808A0
:109120004FF0040805FB0EF0404508DD4100986251
:109130008A4211DC52009042C8BF9A620DE0D968A1
:10914000D4F83CC1694349009CFBF1F701FB17C10E
:109150000029EBD16D00E5E7596201365833B9E7D4
:10916000D4F8D8500026626AB24209DC94F829305B
:10917000013B042B39D8DFE803F0243434363600C1
:10918000AB680136686A5835D4F83821D4F8A8118C
:109190005843E3695143584307F09CFF55F84C3C52
:1091A00045F82C0C55F8300CD4F83C21D4F8A81113
:1091B0005843236A5143584307F08CFF45F8280C65
:1091C000D1E70123A367636D8BB9A36FE3672046E3
:1091D000FFF71FFF68B1D4F83C31C4F88030BDE818
:1091E000F0810323EEE70423ECE7A267EBE701231A
:1091F000ECE70123F1E70000F8B543681C220121E8
:1092000004461B68002698476F4BC4F8B8010360FA
:109210006E4B866043602046D4F8B851FFF745FF97
:1092200063684FF4B062012120461B68984700F53F
:10923000807307463146C4F84C314FF4807224F0F5
:10924000D7FC07F1FF03314603F8011F0131B1F5E7
:10925000807FF9D107F2FF1307F27F32FF2103F875
:10926000011F9342FBD100264FF4C072002107F585
:10927000607024F0BDFC8022D4F84C1107F5A0608A
:10928000EFF716FBEE602046FFF7C3FEAE61C5E9BF
:109290000406636D13B3226C02B3636C002B75D1AB
:1092A000A36F032B4FF0010378D063660023C4E95A
:1092B0001A33C4F88830636E2BB1204606F0BCFF29
:1092C000D4F8E0316B61E36E0BB9A36E5BB120465D
:1092D00007F08CFED4F8E031AB6104E0C4E9196614
:1092E000E666002BD9D1636C4BB92B692046002B65
:1092F0005FD000F00FFAE16E204600F08FFB2046B1
:10930000FCF7A0FCD4F8E4302046002B57D0FBF744
:1093100003FBD4F8C8311B69002B53D1216C0031F9
:1093200018BF01212046FBF7E3FF616C11B920460D
:10933000FEF730FC636820469B699847D4F8C83133
:1093400020469B689847A168F9B1236CEBB9D4F823
:10935000C8311B69CBB1D4F8E020636A12B103EBCA
:109360004303023300224A60D4F84801A168434312
:109370008B60A368DA60E36E9342A3680CBF02229D
:1093800003221A61EB680133EB60F8BD23683022D9
:1093900020465A6123681B68984781E7D4F88820E3
:1093A0000AB1A36687E7E26D0AB1E36683E7636605
:1093B00081E7FCF7C5F9204600F054FC9BE7FDF778
:1093C0002FFEA6E70121ADE7F18E0108F98F010814
:1093D000D0F8D83100225A62426FDA62704770B515
:1093E000059D1446D0F8D8312A68DE68049B03EB4B
:1093F00082032268B0472B6801332B602368013356
:10940000236070BD2DE9F04FD0F8D85189B0D3F862
:1094100000902E69D5F81CE04B4601966E69D0F895
:109420004C410296AE690D68039655F8225004959A
:109430004D68896855F82250049E059551F82250D0
:10944000026FDDF814805208A918069106990633B8
:1094500002368D4226D10623006F5343C00709EB25
:1094600003011CD505982D78865C03985EF826705C
:1094700050F825003844029F57F8266004EB20403E
:10948000049F17F81220019F57F82550A71834445D
:109490007D5D8D70805C4870A25C09F8032009B086
:1094A000BDE8F08F15F801AB019918F8017B51F870
:1094B0002AC00399A44451F82AA05EF82710514409
:1094C00016F802AC079102991CF80AB051F82770FF
:1094D000079903F804BC274404EB214111F80AB0B2
:1094E00003F805BC17F80AA003F806AC16F801AC9F
:1094F0001CF80AC003F801CC11F80A1003F8021C8A
:1095000017F80A1003F8031CA0E72DE9F04FD0F874
:10951000D8518BB0D0F84C412E69D5F81CA00396D9
:109520006E690496AE690D68059655F8326005EBD4
:10953000C2056D68B646069607954D68896855F868
:10954000225051F822800895056F1A686D085B68F3
:10955000DDF81CC008EB0501009201930991089900
:1095600002910999063206330EF1020E88450CF17C
:10957000020C3AD10623009A006F6B43C00702EB3E
:109580000301019A1A442DD598F80000039E089F04
:1095900056F820E07F5D059E5AF827C056F8200057
:1095A0000EEB04068444049850F8277004EB2C4C0E
:1095B00006983C4410F8150016F800E081F802E027
:1095C0001CF800E081F801E0215C0098C154079983
:1095D00011F81510705C90701CF801005070625CFE
:1095E0000199CA540BB0BDE8F08F18F8019B03999C
:1095F00051F829B0029911F8016B029105995AF8B6
:10960000267051F829101EF8029C3944049F57F81F
:1096100026600BEB040704EB214117F809B0264440
:1096200002F804BC11F809B002F805BC16F809905C
:1096300002F8069C1EF8019C17F809B002F801BC5C
:1096400011F809B002F802BC16F8099002F8039C60
:109650001CF8029C17F809B003F804BC11F809B013
:1096600003F805BC16F8099003F8069C1CF8019C49
:1096700017F8097003F8017C11F8091003F8021CAF
:1096800016F8091003F8031C6BE72DE9FF41DDE92B
:109690000AC8D0F8D8411646D8F80030656A0CEBF5
:1096A0008302DDB1A36A012504F1200001930023A8
:1096B0000095194607F01BFD00236362D8F80030BF
:1096C0002B44C8F80030E36A5D1B636AE56213B996
:1096D00033680133336004B0BDE8F081E76A0C9D64
:1096E000022FA5EB03055CF8233028BF0227029365
:1096F000BD4228BF3D46E768022D17BF236A536865
:10970000039301230CBF0393636202AB3268B84733
:10971000D4E70000F8B543683022012104461B68F5
:109720009847374BC4F8D80105460360002383608F
:10973000216FA26F4A438262D4F83C11022959D1A9
:10974000304B01214360304BC360204663685B6847
:109750009847286263684FF48062D4F8D851012199
:109760001B6820469847286163684FF48062012196
:1097700020461B689847686163684FF48062012146
:1097800020461B689847A861636820464FF48062B2
:1097900001211B6898471D4FE8610023DFF884C052
:1097A0001B4E1C4C1C480CFB03712A69091442F81F
:1097B000231006FB03F26969A2F56202A2F5A24238
:1097C000121441F8232004FB03F1AA6901F5B60144
:1097D00001F5D24142F8231000FB03F2E96902F5DA
:1097E000321202F5506241F823200133B3F5807F35
:1097F000D9D1F8BD094A03624260094AC260A9E7AB
:10980000D19301088B9601080B950108800B4DFF41
:10981000A2C501002E49FFFFE6A7FFFFDF93010865
:1098200005940108E9660100022937B5D0F8C44162
:1098300024D0032919D000292AD1426D82B1184AB7
:109840006260E2683AB9436801210091DD69A1686C
:109850002369A847E0600023C4E9053303B030BDA5
:10986000D0F8D8315B686360F5E7A26822B9026876
:10987000516103681B6898470A4BF4E7A2682AB94C
:1098800002680321516103681B689847064BEAE7A9
:1098900002680321516103681B689847DBE700BF3A
:1098A000AD980108139901089F9901082DE9F0412D
:1098B00088B0D0F8C48105460F9C109E2768A6EB9F
:1098C000070C08AE002746F8047DD0F8D87105973C
:1098D000D8F810700196BC4594BFCDF808C0029727
:1098E000D8F80C600096059E7668B0472168D5F8D8
:1098F000E03128460E9A5E6802EB8102079BD8F899
:109900000C10B0472368079A1344236008B0BDE8E1
:10991000F0812DE9F04FD0F8C44185B092469B46C6
:10992000A26905468946DDF83C8023693AB9426858
:1099300001210091D669A1686269B047E06022699F
:109940004946A7692846029204F11802D5F8D83191
:109950000192E268009252465E685B46B047A66993
:10996000BE4210D9D5F8E031F61BE1680022D3F8E9
:1099700004902846334601EB8701C847D8F80030E9
:109980001E44C8F800602269A369934204D3636946
:10999000134463610023A36105B0BDE8F08F2DE996
:1099A000FF41D0F8C44107460B9EA169D4E90432B7
:1099B00029B945680091ED69A168A847E06063692D
:1099C0007D6FA169ED1A236932685B1A0A989D427E
:1099D00028BF1D460C9B9B1A00EB82029D4228BFAC
:1099E0001D46E36803930398D7F8E03100EB81014B
:1099F0003846D3F804802B46C04733682B44336085
:109A0000A36922691D449542A56104D36369134487
:109A100063610023A36104B0BDE8F0812DE9F34147
:109A200043680E461C2201211B6804460027984704
:109A3000154B0546C4F8C4010360C0E90277636DA5
:109A4000BBB1D4F83C3103616168226FA06F9EB155
:109A500000FB02F6D1F81080606F194607F03FFB5B
:109A60002B693A460121CDE9000333462046C04721
:109A7000A86002B0BDE8F0818E6842430121204613
:109A8000B047E860F5E700BF29980108D0F83C210D
:109A9000D0F8D831DA65426F1A6670472DE9F04F79
:109AA00085B0D0F8D841D0F83C31054602928A46BC
:109AB000E26DDDF83C809A420FDBD0F8D83000260A
:109AC0004FF0580B039304F13403039A0BFB062168
:109AD0006A6AB24233DC0023E365D8F80030E26DF5
:109AE000D5F83C611099B01ACE1A216E8E4228BF6B
:109AF0000E46D5F8DC11864228BF06462846009659
:109B0000D1F804900E9901EB830304F10C01C847CE
:109B1000D8F800303344C8F80030236E9B1B23660E
:109B2000E36D1E44E665D5F83C319E4204DB029BA2
:109B3000029A1B680133136005B0BDE8F08F029AEA
:109B400003F104091868283B12685AF82670844605
:109B50009200D9F82C00013600FB027228466746B5
:109B6000B8474B46B1E71A60704700221A60704749
:109B7000F0B51F680023D0F83C11994200DCF0BD1D
:109B800057F82310046F52F823500C44A14201D31C
:109B90000133F0E715F8016B01F8026B01F8016C75
:109BA000F4E72DE9F34705461E68D0F8D801A2F185
:109BB00004094B680024034493F8967093F88C8052
:109BC00007F1FF3AD5F83C31A34202DC02B0BDE810
:109BD000F08756F824302A6F59F8040F1A4493423C
:109BE0000CD3012F08DD2B6F324621463046CDE9DC
:109BF00000A3631C07F07BFA3C44E3E710F801EB99
:109C000041469C4609B94344E9E70CF801EB0139A8
:109C1000F8E72DE9F341054617461E6800244FF08A
:109C20000108D5F83C31A34202DC02B0BDE8F08166
:109C300056F824302A6F57F814101A4493420AD366
:109C40002B6F214632463046CDE90083631C023437
:109C500007F04DFAE5E711F8010B03F8020B03F8E2
:109C6000010CEBE72DE9F84F4368A02201210446DF
:109C70001B6898473F4BC4F8D801074603603E4B2A
:109C8000436000238360D4F8303133B123681A2253
:109C900020465A6123681B689847D4F8D86007F1BA
:109CA0000C054FF00008DFF8E090DFF8E0A0636AF1
:109CB000434501DCBDE8F88FF068B36AD6F808C008
:109CC0004343D4F84401D6F824E0D4F84011D4F842
:109CD00038B193FBF0F3D4F83C01AB65726B32B949
:109CE000264BAB6208F1010858360435DFE70EFB5E
:109CF0000CF292FBF1F1594503D1834201D1204B83
:109D0000EFE7BBEB410F19D1834211D1C5F828A071
:109D10006368D4F83811206FD3F808B007F0DFF982
:109D2000D4F83C31024601212046D8472860D9E7C3
:109D3000B0EB430F02D1C5F82890E9E79BFBF1F2A5
:109D400001FB12B169B990FBF3F103FB110343B9B5
:109D50000C4BAB6207EB080383F88C2083F896105A
:109D6000D6E72368272220465A6123681B68984754
:109D7000CEE700BF8D9A01089D9A01086B9B0108F0
:109D8000679B0108A39B0108139C0108719B0108B4
:109D900000B50368B3B0DB686946984733B05DF837
:109DA00004FB0029034610B504680BDAE26E12B119
:109DB000A26E022A02DDA26818469047E36E0133C4
:109DC000E36610BDA36E8B42FBDBA368BDE81040C9
:109DD000184702680023D36602685361704730B5A4
:109DE000026887B00C465369002B21DD516F994200
:109DF0001EDB116F51F8231011B99361136F1968AD
:109E00000846034613F8015B05BB536B20460593D8
:109E1000136B0493D36A0393936A0293536A019377
:109E2000136A0093D2E9062324F082F907B030BD0B
:109E3000906F0028E1D0D16F9942DEDCD2F88050DB
:109E40009D42DADB591A50F82110D5E7252D09D1AA
:109E50004378732BD9D11832204607B0BDE8304083
:109E600024F066B91846CCE710B5036804469B6831
:109E700098472046BDE81040F9F7D0BD0A4A0B4983
:109E800002600B4A01677E2142600A4A82600A4AE8
:109E9000C2600A4A02610022C0E91A224261C0E996
:109EA0001D12C0E91F227047699E0108BC660408A4
:109EB000A39D0108919D0108DF9D0108D39D010824
:109EC0002DE9F04FC3B0D1F854C0D0F84C61023A3C
:109ED0004C9C02A90CF1200A9FEDC25ADFEDC24A48
:109EE0009FEDC24ADFEDC23A0194B2F91200B2F915
:109EF0002250B2F93280B2F942B0B2F95240B2F90E
:109F00006290B2F972E032F9027F07EE907AB8EE11
:109F1000E77AFCEC017A67EE277A002840F0D780D8
:109F2000002D40F0D480B8F1000F40F0D080BBF19C
:109F3000000F40F0CC80002C40F0C980B9F1000F38
:109F400040F0C580BEF1000F40F0C180C1ED007A45
:109F5000C1ED087AC1ED107AC1ED187AC1ED207A11
:109F6000C1ED287AC1ED307AC1ED387AE24501F1D0
:109F70000401BAD11C1F0AA91C339FED9E2A9FED34
:109F8000994ADFED992A9FED993ADFED993A11ED63
:109F9000087A203151ED0C7A37EE027A11ED0A6A17
:109FA00051ED0E6A51ED0F4A77EE875A54F8045F6F
:109FB00037EE677A019A76EE867A019F76EEC66A68
:109FC000A818A342B0EE675A35EEA76A75EEE75AB5
:109FD00051ED0D7A16EE845A77EE056A37EE457A22
:109FE00011ED0B5A75EE270A35EE675A51ED097AD5
:109FF00074EEA71A74EEE74A30EEA11A75EE247AD1
:10A0000071EEE01A67EEA27AB0EE670A44EEE37AE8
:10A0100076EE014A05EE430A36EE416AFDEEE44A69
:10A02000BDEEC66A14EE902A30EE415AC2F3090220
:10A03000B25CF0EE450AEA5516EE102A36EE856A55
:10A04000C2F3090251EE840A76EEC56ABDEEC66A15
:10A05000B25CC271FDEEE66A16EE102A77EEE07A87
:10A06000C2F30902B25C427016EE902A77EE206AC3
:10A07000C2F3090237EE607AFDEEE66AB25CBDEE2D
:10A08000C77A827116EE902AC2F30902B25C82701E
:10A0900017EE102A35EEA77AC2F3090275EEE77AB9
:10A0A000BDEEC77AB25CFDEEE77A427117EE102A78
:10A0B000C2F30902B25CC27017EE902AC2F3090221
:10A0C000B25C02717FF463AF43B0BDE8F08F07EE7E
:10A0D000105ADCED0F6ADCED371AF8EEC75A07EEBE
:10A0E00010BA65EEA66AF8EEC75A9CED1F7A65EEC7
:10A0F000875A07EE109AB8EEC76A9CED2F7A35EEB4
:10A10000A73A77EEE57ADCED175A26EE076A36EEC7
:10A11000867A76EEC66AB0EE476A33EE072A33EEE9
:10A12000473A07EE100A16EE856AF8EEC76A9CED0C
:10A13000077A66EE876A07EE108A77EE862A77EE50
:10A14000C67AB8EEC76A07EE104A66EE255AB8EE30
:10A15000C76A9CED277A26EE076A07EE10EAB8EE8A
:10A16000C77A35EE861A36EE656A27EE217A76EEE4
:10A17000875A36EEC77A71EE251A76EE076A75EEC3
:10A18000C15A66EEA46AF0EE660A47EE636A46EECE
:10A19000440A30EEE16AB0EE461A15EE851A36EE44
:10A1A000C17A72EE216A32EE612AC1ED006A72EE66
:10A1B000866A32EEC66A81ED382AC1ED086A77EE0A
:10A1C000816A77EEC17A81ED306AC1ED106AC1ED26
:10A1D000287A73EE077A33EE477AC1ED187A81ED6B
:10A1E000207AC3E6F304B53F5E83EC3F753D27401C
:10A1F000D48B8A3F008000432DE9F04FC5B04C6DF1
:10A20000023A029304A9D0F84C3103F1800B04F117
:10A2100020030393B2F97230B2F91290B2F92270AE
:10A22000B2F932C0B2F94260B2F95200B2F96280BA
:10A23000019354F804EB32F9023F0EFB03F3B9F13A
:10A24000000F65D1002F63D1BCF1000F60D1002E4B
:10A250005ED100285CD1B8F1000F59D1019D002DCD
:10A2600056D10B600B620B640B66C1F88030C1F8ED
:10A27000A030C1F8C030C1F8E030039B0431A342E4
:10A28000C8D10CAB0093029BA3F1040A1C330293C8
:10A290004E9B5AF8049F009C09EB0302009B009917
:10A2A00054F8206C51F8141C53E9070354E9048551
:10A2B00054E902E7002840F09880002B40F0958098
:10A2C000002940F09280B8F1000F40F08E80002D00
:10A2D00040F08B80BEF1000F40F08780002F40F0EF
:10A2E0008480C6F349184E991BF8083009F80130EC
:10A2F00053709370D370137153719371D371009B2A
:10A3000020330093029B9A45C2D145B0BDE8F08F3F
:10A31000E56B05FB07FEE76F4FF4B5757743D4F89F
:10A32000BC6006FB08F8FE18DB1BAEEB08070EEB63
:10A33000080A6F43019D06EB0A08A6EB0A06CAEB62
:10A34000272703EB070EDB1BE7690093E36D07FB91
:10A3500009F703FB0CFCD4F89C305843D4F8DC30EC
:10A3600003FB05FA0CEB0005A0EB0C0C40F2D91333
:10A3700007EB0A09A7EB0A070CEB070A05EB090034
:10A38000A9EB050503FB0AFA6FF4277303FB0CFC2A
:10A390004FF4B5734FEA2A2A5D4340F215130AEBD6
:10A3A0002C2C5F43009BACEB000CCAEB272A08EB7C
:10A3B0000007A8EB0000CCEB25250F60C1F8E000FA
:10A3C0000EEB0C00AA440862AEEB0C00C1F8C00012
:10A3D00058195B1B0864C1F8A03006EB0A03A6EB12
:10A3E0000A06C1F880300E6647E708EB060C4FF40A
:10A3F000B574A6EB080803EB0E06A3EB0E030CEBFB
:10A40000060E63434C19691AC519C6EB2323C71BF3
:10A41000ACEB0606019408EB030CC819A8EB030388
:10A4200004EB050840F2D91460436FF427746143CC
:10A43000019C00122D1B4FF4B57400EB21216543E4
:10A4400040F21514A1EB080167434E9CC1EB252592
:10A45000C0EB27200EEB0807AEEB080EC7F3491739
:10A460002844CEF3491E1BF8077009F804701BF846
:10A470000E70D7710CEB0107ACEB0101C7F3491764
:10A48000C1F349111BF8077057701BF80110917147
:10A4900059195B1BC1F34911C3F349131BF8011090
:10A4A00091701BF8033053713318301AC3F34913FA
:10A4B000C0F349101BF8033013711BF80030D37040
:10A4C0001DE700002DE9F04FC7B00493D0F84C31E0
:10A4D000486D06A980330293931E019300F1200377
:10A4E0000593019B019AB3F912A0B2F95280B2F917
:10A4F0006260B2F9724050F804EB32F902CFB3F95E
:10A500002270B3F932500EFB0CFCB3F942300192C9
:10A51000BAF1000F65D1002F63D1002D61D1002B5E
:10A520005FD1B8F1000F5CD1002E5AD1002C58D168
:10A530004FEA8C030B600B620B640B66C1F8803032
:10A54000C1F8A030C1F8C030C1F8E030059B04313B
:10A550008342C6D10EAB0193049BA3F104091C33C3
:10A56000059359F8043F509A03939A18019B53F8A6
:10A57000200C53F8045C103053E907A653E905E7B3
:10A5800053E90384BAF1000F40F0B480002E40F08C
:10A59000B180BEF1000F40F0AD80002F40F0AA80E6
:10A5A000B8F1000F40F0A680002C40F0A380002DF1
:10A5B00040F0A080C0F34910029B509C1B5C0398A4
:10A5C000035553709370D370137153719371D3719A
:10A5D000019B20330193059B9945C2D147B0BDE84B
:10A5E000F08FC26B4FEA4C3C02FB07F9D0F8BC700D
:10A5F00041F251127743C66F09EB070E734302FB1A
:10A600000EFE5E0341F67E020CF5806302FB09E953
:10A6100006EB030B764A9B1B02FB07EEABEB090232
:10A6200009EB0B0703920EEB0306D0F8DC20A3EB3B
:10A630000E0302FB04F9D0F89C4042F2A15204FB45
:10A6400008F8C46D04FB05FCC56905FB0AFA09EBB3
:10A650000C0508EB0A0E05EB0E045443654A02FB99
:10A660000545654A02FB0E4409EB0A0E634A02FBEC
:10A670000EFE40F68E1205EB0E0BA64402FB09B946
:10A6800043F20B0B5E4A0BFB0AEE08EB0C0A44F29A
:10A69000B31B02FB0AFA5544544446F2542A0BFBFE
:10A6A00008440AFB0C5A07EB0E05A7EB0E0EED1241
:10A6B0004FEAEE270D6006EB0A05A6EB0A0AC1F881
:10A6C000E070ED124FEAEA260D621D191C1B039B78
:10A6D000ED12C1F8C0604B44E4120D64DB12C1F806
:10A6E000A0400B66039BA3EB09094FEAE923C1F8DD
:10A6F00080302BE7331941F2511107EB000CC01BDE
:10A700004B4341F67E014FEA4C3C01FB063638498B
:10A7100001FB0434430306EB0C07ACEB0606E1181F
:10A720000AEB080C1B1B0EEB0504049142F2A1512D
:10A7300004EB0C0048432F4901FB04042E4901FBA4
:10A740000C000AEB050C2D4901FB0CFC40F68E11A8
:10A7500004EB0C0B844401FB05B543F20B0B2849B9
:10A760000BFB0ACC0EEB080A44F2B31B01FB0AFAFE
:10A7700002995044544446F2542A0BFB080007EB5C
:10A780000C080AFB0E44A7EB0C0CC8F38948CCF369
:10A79000894C11F808E003998846509908F801E0BF
:10A7A000029911F80C700499D7710F190299C7F327
:10A7B0008947CF5D049957700C1B0299C4F3894AED
:10A7C00011F80A4094711C18181AC4F38944C0F394
:10A7D00089400C5D94700B5C53717319751BC3F346
:10A7E0008943C5F38945CB5CD3704B5D1371EFE6AC
:10A7F000DFC4FFFF3BC1FFFF84F3FFFF33E3FFFF35
:10A80000FDADFFFF2DE9F04FB9B04E6D971E0493DB
:10A81000043ED0F84C310DF11C0C8033019302F151
:10A820000C03059337F9022F40F6122456F8043F23
:10A8300042F6C6090CF1040C5343306CD6F8801074
:10A840005B03D6F8C02003F580630293B7F920308C
:10A850005843B7F940305943B7F960305A4341F68D
:10A860003743A1EB020E00EB020803FB0EFE431A76
:10A8700004FB03F5029B0EEB05041C44844B03FB15
:10A880000144029BA1EB080109FB08336FF41F7917
:10A8900042F6415809FB0232B7F910907244039214
:10A8A0007C4A02FB0033306AD6F8A0202B4400FB20
:10A8B00009F9356EB7F930004543B7F9500009EB97
:10A8C000050E504341F6EF5202FB0EFBA9EB050EBD
:10A8D00040F273528144054402FB0EFE6E4AABEB1C
:10A8E0000E0ADE4441F2A33B5543039A0BFB09F9E0
:10A8F00043F6DE3BAE44CA440BFB009902EB0A0070
:10A90000A2EB0A0A4D444FEAEA22C012CCF8A42076
:10A9100004EB0E02A4EB0E044CF8040CD212E41269
:10A92000CCF818205A195D1B029BD212CCF8884033
:10A9300008FB0131059BED12CCF83420C912BB4253
:10A94000CCF86C50CCF850107FF46CAF049B0EA880
:10A95000A3F104091833049359F8043F1C30429AB8
:10A9600050F8205C9F18039350F8283C50F8304C66
:10A970005A1B41F6374350F8386C04EB050803FBCB
:10A9800002FE50F8283C40F612221036E31A50F826
:10A990002CAC760302FB03FC50F8283C0EEB0C01B8
:10A9A0001A463B4B314403FB021142F6C6036FF4D7
:10A9B0001F7203FB086302FB0532364D05FB0433AF
:10A9C00050F8245C7244634450F834CC02930CEB8E
:10A9D0000A0441F6EF5303FB04FBACEB0A0440F21C
:10A9E0007353AC44AA445C432B4BABEB040E5C4466
:10A9F00041F2A33B03FB0AFA019B0BFB0CFC43F661
:10AA0000DE3B5444E6440BFB05CC02EB0E05E2446E
:10AA1000A2EB0E0EC5F38945CEF3894E5D5D039B17
:10AA20009C46429B0CF80350019B13F80E20BA7110
:10AA30000A19091BC2F38942C1F389419A5C7A70F1
:10AA40005A5C029B7A7103EB0A02019BC2F38942B2
:10AA50009A5C029BBA70A3EB0A0A019BCAF3894A6B
:10AA600013F80A303B7150F8283CA3EB080842F673
:10AA7000415303FB0868019BC8F3894813F8083069
:10AA8000FB70049B4B457FF467AF39B0BDE8F08F96
:10AA900015C5FFFFF1B0FFFFE1D3FFFF2DE9F04F38
:10AAA000A7B0D0F84C414D6D961E04F180000A32DB
:10AAB000043D02AF0090019236F9021F42F2317458
:10AAC00055F8042F0437B6F940004A43D5F88010F2
:10AAD000B6F920C04143520341F2A160B6F930906B
:10AAE00002F58062B6F9508041435018A2EB410252
:10AAF000296CD21201FB0CF1B6F910C061432C6E27
:10AB000000EB010E04FB09F9401AD5F8A040296AB0
:10AB100004FB08F840F6B63401FB0CF1A8EB090B76
:10AB200001EB080C01EB090AA1EB090104FB0CFC89
:10AB3000A1EB08080CEB4A3A4FEA88080EEB0A0131
:10AB4000AEEB0A0E0CEB4B3CC91247F8041C4FEA63
:10AB5000EE21796702EB0801A2EB08027961FA6540
:10AB600000EB0C02A0EB0C0CD2124FEAEC20FA62C4
:10AB7000019A7864B2429FD108A8A3F1040E03F1B0
:10AB800014095EF804AF41F2A161309B42F23174C6
:10AB900050F8082CF1450AEB030750F8183C01FB6C
:10ABA00002F250F8048C03F1100300F118004FEA90
:10ABB000433303EB0201A3EB420350F8282C04FBC0
:10ABC00002F240F6B63401EB0206A1EB020150F8A6
:10ABD0002C2C02EB080504FB05F550F8244C02EB85
:10ABE000040CA2EB0402A8EB040B009C05EB4C3C0C
:10ABF000A2EB080805EB4B3506EB0C02A6EB0C06A6
:10AC00004FEA4838C2F38942C6F38946A25C309CB9
:10AC10000AF80420009A009C925D7A7103EB080206
:10AC2000A3EB0803C2F38942C3F38943A25C7A70A1
:10AC3000E35C3B7101EB0503A1EB0505C3F389431D
:10AC4000C5F38945E35CBB70635DFB7099D127B0A8
:10AC5000BDE8F08F2DE9F04F9DB0D0F84C014D6D5F
:10AC6000961E80300832043D03AF41F64C1E4FF46F
:10AC7000356C0090019236F9021F043755F8042F05
:10AC8000B6F920404A43296CB6F940906143D5F8A3
:10AC90008040286A520304FB09F9B6F910A002F5B6
:10ACA0008062B6F930B001EB0904A1EB090100FBA9
:10ACB0000AFA286E0CFB01F10EFB04F800FB0BFBFB
:10ACC000541841F69A20A2EB810208EB0409A4EB88
:10ACD00008040AEB0B08D21200FB08F841F27100DD
:10ACE0007A6200FB0A8A3B48019A00FB0B8809EB59
:10ACF0000A0BA9EB0A0AB24204EB0809A4EB080804
:10AD00004FEAEB2B4FEAEA2A4FEAE92947F804BC5D
:10AD10004FEAE824C7F84CA0C7F81090BC63AAD14A
:10AD2000A3F1040E08A9103341F64C1A4FF435690B
:10AD300001935EF8048F41F69A20269B143151F856
:10AD4000185C08EB030C51F8204C51F8283C6219B0
:10AD5000641B103351F81CBC09FB04F451F8247C2B
:10AD60005B030AFB02F21E19A3EB84039519B21AC6
:10AD700007EB0B06C3F38943464341F2710000FB26
:10AD80000767144800FB0B6605EB070B0098ED1BEB
:10AD9000CBF3894BC5F3894510F80BB0269808F81A
:10ADA00000B00098455D8CF804509519921BC5F3CE
:10ADB0008945C2F38942455D8CF80150825C8CF86C
:10ADC0000320C35C8CF80230019B7345B1D11DB0E8
:10ADD000BDE8F08F5CBAFFFF2DE9F04F93B0D0F8DB
:10ADE0004C514C6D961E80350632043C02AF41F248
:10ADF000511841F67E0EDFF820C136F9021F0437E4
:10AE000054F8040FB6F92090B24200FB01F1206C17
:10AE1000B6F910A000FB09F0B6F930B001EB00095B
:10AE2000A1EB0001206A4FEA890900FB0AFA206EB3
:10AE30004FEA810100FB0BF00AEB000B08FB0BFB58
:10AE40000BF5806B0EFB0ABA0CFB00B04FEAEA2A46
:10AE50004FEAE02009EB0A0BA9EB0A0A01EB000913
:10AE6000A1EB000047F804BCC7F82CA0C7F80C9071
:10AE7000F861C2D106A81F1F03F10C0E41F2511A4E
:10AE800041F67E09DFF8908057F8043F10301C9A95
:10AE900050F8184CBE4503EB020C50F8202C50F82B
:10AEA00014BC50F81C6C02F11002019302EB040177
:10AEB000A2EB040206EB0B044FEA41310AFB04F457
:10AEC0004FEA4233019A09FB064608FB0B4401EBAB
:10AED000060BA1EB06010093CBF3894B1C9BC1F33E
:10AEE000894115F80BB002F803B06B5C8CF80330A5
:10AEF000009B2344C3F38943EB5C8CF80130009B37
:10AF0000A3EB0402C2F38942AB5C8CF80230BBD1E4
:10AF100013B0BDE8F08F00BFDFC4FFFF2DE9F04F95
:10AF20008BB0D0F84C014E6DA2F1020C149F803012
:10AF3000043E04320DF1040E41F2A16942F231786F
:10AF40003CF9024F0EF1040E56F8041FBCF92050D4
:10AF5000624501FB04F1346CBCF910B004FB05F44C
:10AF60004FEA4131356A01F5806109FB04F405FBC4
:10AF70000BF501EB040AA1EB440108FB05F54FEAD0
:10AF8000E1210AEB050BAAEB050ACEF808104FEAFF
:10AF9000EB2B4FEAEA254EF804BCCEF81450CFD183
:10AFA0001E1F04A9083341F2A16842F2317E51F814
:10AFB0000C2C0C3151F8104C103251F8145C08FB79
:10AFC00004F456F804AF52030EFB05F50AEB070C28
:10AFD000B34202EB0409A2EB440209EB050BA9EB17
:10AFE0000509C2F38942CBF3894BC9F3894910F8AB
:10AFF0000BB00AF807B010F809508CF80250825CC8
:10B000008CF80120D3D10BB0BDE8F08FF0B54F6DB7
:10B01000D0F84C413968B2F9000080343E6A4143AF
:10B02000B2F91000B2F902C046430431059D701810
:10B03000891B7E6806FB0CF6B2F912C07A6A02FB25
:10B040000CF2D3F800C0B718B21A0CEB050EC619F3
:10B05000C01BC6F3C906C0F3C900A65D0CF80560A5
:10B06000205C8EF8010058688B18891AC3F3C90355
:10B070004619C1F3C901E35C4355635C7370F0BDCD
:10B0800010B54C6DB2F9001022684A43D0F84C114B
:10B090000432C2F3C9020A4492F880101A68029B73
:10B0A000D15410BD2DE9F04FD1B04C6DA2F1020882
:10B0B0000693043CD0F84C3108A803F1800A02F151
:10B0C0000E03079338F9023F41F2A16654F8045F7A
:10B0D0000430B8F940905D43226CB8F92030B8F9DB
:10B0E00060106D035A43D4F8803005F58065B8F9D7
:10B0F000307003FB09F9D4F8C030B8F950C04B43A5
:10B10000B8F970E07343E918A5EB43030093A2EB91
:10B11000090373430193DDE900355E1902EB09036E
:10B1200042F687256B4342F2AB256A4340F2DC7559
:10B1300005FB09F9CD18CB1AA5EB090513448A1AAA
:10B14000216A4A4402938B4B0392B8F91020514371
:10B15000226E7A43D4F8A07007FB0CFCD4F8E070A0
:10B160005A4341F6175307FB0EF701EB0C0B01EBAB
:10B17000070903FB0BFB40F67A73A1EB0C0103FB01
:10B1800009F90BEB090EAEEB0203ACEB070ECF1B7C
:10B19000049342F6914303FB0EF3A2EB030E0593D7
:10B1A0001A4442F23173DE445F43049B4A44E91877
:10B1B000ED1A029BC912ED1240F8041CF119F61B9E
:10B1C000C0F8FC50C912F612C16103EB0E01A3EBEB
:10B1D0000E0EC0F8DC60C9124FEAEE23C163C0F85E
:10B1E000BC30039B1344DB12C365039B9A1AD21233
:10B1F000C0F89C20DDE90032A3EB4203DB12C367F9
:10B20000079B43457FF45EAF069B10AA043B009367
:10B21000069B20330693009B41F2A16752F8105C15
:10B220002032194652F8249C51F8043F0593059B9F
:10B2300000915A995C1852F8403C52F8381C10336F
:10B240005E0352F8283C7B43F018A6EB43030193BE
:10B250004B1B7B4342F687270293DDE901369E199B
:10B260004B197B4342F2AB27794340F2DC7707FB73
:10B2700005FEC518C31A3F4FA5EB0E050B44411A36
:10B2800052F83C0C7144039341F6175300EB090E3E
:10B29000049152F8341C794352F82C7C00EB070BD4
:10B2A000A7EB090803FB0BFB40F67A7303FB0EFECA
:10B2B00042F691430BEB0E0C03FB08F852F82C3CC2
:10B2C000ACEB010CA1EB0807C01A42F23173414408
:10B2D0005F44A0EB090905EB0C00A5EB0C057144DC
:10B2E00003FB09F9C0F38940059BC5F389451AF8AA
:10B2F00000009E465A9B0EF803001AF80500039BB7
:10B30000207206EB0900A6EB0906C0F38940C6F3DC
:10B3100089461AF8000060701AF80600E071D81922
:10B32000DF1BC0F38940C7F389471AF80000A070FB
:10B330001AF80730A371049B0B44C3F389431AF82E
:10B340000330E370049B591AC1F389411AF80130A4
:10B350006371DDE90131A3EB41030099C3F3894334
:10B360001AF803302371069B8B427FF454AF51B01F
:10B37000BDE8F08FCFD8FFFF2DE9F04FD9B0496D70
:10B38000A2F1020C06930439D0F84C3103F1800885
:10B3900002F10E0308AA07933CF902EF41F271058E
:10B3A00051F8043F0432BCF9400003FB0EFED1F813
:10B3B0008030BCF920B0434342F29D404FEA4E3EFC
:10B3C000BCF9609000FB03F440F6FC500EF5806E73
:10B3D00043430EEB040AAEEB0300E31A41F69A2452
:10B3E000AEEB4303BCF950E0DB1200930B6C03FBA4
:10B3F0000BFBD1F8C03003FB09F30BEB030904FB93
:10B4000009F405FB0B4BA14D05FB03490C6ABCF984
:10B4100070500AEB0B07A0EB090300EB0906BCF91F
:10B420003000AAEB0B0B0193BCF910305C430B6EA0
:10B430004343D1F8A00000FB0EFED1F8E0006843C2
:10B4400003EB00091B1A40F6E310584302904FEA41
:10B450004E30039041F66F6000FB09F00490DDE987
:10B46000020500EB050A049D42F6B34000FB0450C0
:10B470005044059040F214706043451BAA4441F2C9
:10B48000CF2505FB09F9DDE90205281A41F28C45B3
:10B49000A0EB0330E31A6543A3EB0E0E42F6530311
:10B4A000A5EB09056343059C4FEA8E0E3C19A3EBFF
:10B4B0000903E4121B1A284442F8044C059C3F1B64
:10B4C000F418F61AFF12E412F612C2F81C71D461D5
:10B4D000C2F8FC60009B7344D363009BA3EB0E0394
:10B4E000C2F8DC30019B0344DB12D365019B181AC0
:10B4F0000BEB0A03ABEB0A0ADB12C012D3674FEA6D
:10B50000EA25079BC2F8BC006345C2F89C507FF453
:10B5100043AF069B10AAA3F1040B243305935BF8F9
:10B52000043F42F29D446299203252F8300C59187F
:10B53000049352F8403C04FB00FC40F6FC5452F8E3
:10B54000386C103352F8285C604352F83C7C5B0343
:10B5500003EB0C0AACEB000C1C1A7019A3EB4C03A8
:10B56000009341F69A23434341F2710000FB0639F0
:10B57000464800FB053041F66F650AEB0906AAEB69
:10B58000090A23180193231A52F82C0C02934FEA4C
:10B59000403C52F8343C52F8240C1C181B1A40F65C
:10B5A000E31003946C4342F6B345584305FB074E42
:10B5B00040F214750CEB0009ACEB00007D43CE4467
:10B5C000A0EB03302C1BFB1A039DA14441F2CF24B6
:10B5D000CCEB433C42F653036C4341F28C457B4336
:10B5E0006F43049D1B1B3C1B629F1B1A204406EBF0
:10B5F0000E04A6EB0E06C4F38944C6F3894618F878
:10B600000440EC5518F806404C72019C1C44C4F3ED
:10B61000894418F804404C70019CE51AC5F389452B
:10B6200018F805300B72009B6344C3F3894318F884
:10B6300003308B70009BA3EB0C0CCCF3894C18F8F7
:10B640000C30CB71029B0344C3F3894318F80330D9
:10B65000CB70029B181AC0F3894018F800308B7128
:10B660000AEB0903AAEB0909C3F38943C9F3894922
:10B6700018F803300B7118F809304B71059B5B45C6
:10B680007FF44DAF59B0BDE8F08F00BF5CBAFFFF4B
:10B690002DE9F04FE3B0496DA2F1020B0893043994
:10B6A000D0F84C318033019302F10E0309930AABB9
:10B6B0003BF902CF40F6C95951F8046F0433BBF986
:10B6C00020200C6C06FB0CFCBBF9408045F27E167A
:10B6D0005443BBF96050D1F880204FEA4C3CD1F87C
:10B6E000C00002FB08F2BBF950E06843151A04EBF6
:10B6F00000087543161B09FB06F9A8EB0206029623
:10B700000CF58066029F42F66C3C0CFB076C05EB67
:10B710000907D34E674406FB027641F66A47039653
:10B7200044F2B53606FB00C675190E6E0495CD4D74
:10B7300005FB04CA0AEB090541F2745A0595CA4D86
:10B7400005FB08C805F6BE3505FB00800D6A0690AE
:10B75000C648444343F6396000FB0244BBF970001D
:10B7600004EB08020792BBF910205543BBF93020C7
:10B770005643D1F8A020AC1902FB0EFED1F8E02010
:10B780000EEB04087C434243B94F08EB02004FF430
:10B790004C6805EB020908FB00F805EB0E000AFBFC
:10B7A00000FA40F6B83000FB098904EB0A0048446F
:10B7B00007FB050506EB0E00A7F2AD7707FB00803F
:10B7C00044F2582707FB06072744AA4C04FB0E0047
:10B7D000A94C504406EB020A04FB0AFA44F247342F
:10B7E00004FB02A45744A14442F20B0404FB0EFEE6
:10B7F000A24C04FB06EEA4F2F76404FB02EE049AEA
:10B800002A44F044D21243F8042C049A551B039A9C
:10B810003A44ED12D212C3F83C51DA61039AD71BB5
:10B82000069A0244FF12D212C3F81C71DA63069A18
:10B83000101A059A4A44C012D212C3F8FC000298AA
:10B84000DA65059AA2EB0909079A42444FEAE9240E
:10B85000D212C3F8DC40DA67079AA2EB080845F673
:10B86000AD0202FB10C24FEAE824D212C3F8BC407A
:10B87000C3F89C20099A5A457FF41AAF089A12AB74
:10B88000A2F1040E283209925EF8042F45F27E1CC4
:10B890006C9940F6C95A53F8084C203308920A4470
:10B8A00053F8301C53F8385C081B53F8407C05EB08
:10B8B000040853F82C9C0CFB00FC481B10370AFBB7
:10B8C00000FAA8EB010002907803029E42F66C3762
:10B8D00007FB06070CEB0A0661483E4400FB0160CB
:10B8E00041F66A46039044F2B53000FB04706044B0
:10B8F00004905C4800FB057B0BEB0A0041F2745B93
:10B900000590594800FB087800F6BE3000FB048023
:10B9100043F6396406905548454353F8340C04FB0C
:10B92000015553F83C4C05EB08012518079109EB2C
:10B93000050853F8241C754304EB090608EB010CB9
:10B940004FF44C680BFB06FB04EB010A08FB0CF8F8
:10B9500040F6B83605EB0B0C06FB0A8A444ED4447D
:10B9600006FB04CC00EB0904A6F2AD7606FB0484CA
:10B9700044F2582606FB00462E443E4D05FB094482
:10B980003D4D5C4400EB010B05FB0BFB44F24735DE
:10B9900005FB01B55E44AA4442F20B0505FB09F91B
:10B9A000364D05FB0099A5F2F765019805FB019955
:10B9B00004996C9D6144C844C1F38941415C089875
:10B9C00041550499A1EB0C000199C0F38940095C31
:10B9D0000198917203993144C1F38941415C5170DE
:10B9E00003998E1BC6F38946815D517206992144E5
:10B9F000C1F38941415C917006990C1BC4F38944E1
:10BA0000015D117205995144C1F38941415CD170C6
:10BA10000599A1EB0A0ACAF3894A10F80A10D171F4
:10BA200007994144C1F38941415C11710799A1EB28
:10BA30000808C8F3894810F808100298917145F673
:10BA4000AD0101FB10770199C7F38947C95D5171B9
:10BA5000099A72457FF418AF63B0BDE8F08F00BF5C
:10BA6000B4C5FFFF91CFFFFF05DBFFFF7DD3FFFFD5
:10BA700076E2FFFFDAD9FFFF75C6FFFF0DD1FFFFAA
:10BA80002DE9F04FEBB0496DA2F1020A0893D0F80E
:10BA90004C3103F180080B1F009302F10E03099350
:10BAA0000AAB009940F6F7093AF9022F043351F82E
:10BAB000044FBAF940B05443D1F88020BAF960502D
:10BAC00002FB0BFB42F23172D1F8C060640302FB4F
:10BAD0000BFBBAF920700A6C6E4304F58064009188
:10BAE000574342F6B632760304EB0B007A437F03EA
:10BAF000A4EB0B0BBAF930C0BD1B02EB060ED21B38
:10BB00006119961B0191611B0BEB0602029100EB80
:10BB10000E010592ABEB06020391A0EB0E0106921B
:10BB200041F68D3E04910099BAF910200C6E0F6A0F
:10BB300004FB0CFCD1F8A0405743BAF95020BAF9E5
:10BB400070005443D1F8E02042F6CF1142433E1931
:10BB500001FB0CFBAE49951901FB0CF00EFB05FE39
:10BB600040F65B0505FB06E10BEB01050791A949D2
:10BB7000AEEB0B0B09FB0759A5184D43A1F6DB51A2
:10BB8000461901FB04660799ACEB040441F2511C11
:10BB90000E4443F2C62101FB02BB9F4901FB070093
:10BBA0009E49AB4401FB0200BA1A01F2534141F62F
:10BBB0007E07151970440CFB05F501FB045403992D
:10BBC00007FB025201EB0907A1EB090901994FEAB2
:10BBD000E925FF12C3F85C518D188A1A43F8047CDA
:10BBE000ED12D212DD61C3F83C21059A3244D21223
:10BBF000DA63059A961B069A5A44F612D212C3F8D3
:10BC00001C61DA65069AA2EB0B0B029A22444FEAFA
:10BC1000EB25D212C3F8FC50DA67029A141B049A7F
:10BC20000244E412D212C3F8DC40C3F89C20049A08
:10BC3000101A099AC0125245C3F8BC007FF431AF04
:10BC4000089B12AAA3F1040B2C33089352F8186C2A
:10BC500042F6B6305BF8043F40F6F70A4FEA463E3C
:10BC6000749952F8204C704352F8086C20320793B4
:10BC700010340B4452F8305C760342F231716403A5
:10BC800052F83C9CAEEB060C4D4304EB0C076119DB
:10BC9000651BA4EB0C0400EB060CA0EB0E0001945A
:10BCA00041F68D3E01EB0C04861BA1EB0C0152F812
:10BCB000240C02940391A91952F82C4C0491A91B4D
:10BCC00042F6CF1552F8346C059152F8341C0097A7
:10BCD0004D434F49524F714309EB040600EB060CEC
:10BCE0000EFB0CFC40F65B0E0EFB06CE05EB0E06C3
:10BCF0000AFB096604EB000A0696464E06FB0AFAA2
:10BD000001EB0A0607FB0466434F07FB0911434F8B
:10BD10007644ACEB050E07FB001143F2C62552F842
:10BD2000347C05FB00E5A9EB00003C1B41F2511EF1
:10BD3000554401EB0C0A00EB040C3A4F029941F612
:10BD40007E090EFB0CFC07FB04C4069F09FB00C028
:10BD500001EB070E079FCEF3894E18F80EC0BE46C2
:10BD6000749F0EF807C0069FCF1BC7F3894718F8CA
:10BD70000770DF72009F0744C7F3894718F8077000
:10BD80005F70009F381AC0F3894918F8090098724B
:10BD900004983044C0F3894018F800009870049863
:10BDA000861BC6F3894618F8060058720598284481
:10BDB000C0F3894018F80000D8700598451BC5F3FA
:10BDC000894518F80500187201982044C0F389408D
:10BDD00018F8000018710198041BC4F3894418F87E
:10BDE0000400D87103985044C0F3894018F800004B
:10BDF00058710398A0EB0A01C1F3894118F80110AA
:10BE00009971089B5B457FF421AF6BB0BDE8F08F63
:10BE1000AFEEFFFF8BDEFFFF5CEAFFFF8CC0FFFF92
:10BE2000B0D0FFFFDFC4FFFF2DE9F04FF9B0951E42
:10BE30000D93D0F84C31803301934B6DA3F1040B7B
:10BE400002F10E030F9310AB35F9021F40F21939BE
:10BE50005BF8042F42F6F13EB5F9400042F2E01CD7
:10BE60004A43DBF84060B5F9601041F602685203BE
:10BE7000DBF8E070043302F580620592B5F920200A
:10BE80005643DBF880205043DBF8C0200CFB06FC57
:10BE90004A438118821A049242F2F942DDE904040D
:10BEA0004A4309FB004040F67C490EFB062E0EEB90
:10BEB0000004069441F20C047443A41A2218049C52
:10BEC00007924FF4226209FB04094A43ACEB020CCF
:10BED0000CEB090042F6502C0890D24800FB0622D9
:10BEE00005984A44099240F6F252514341F6FE52F7
:10BEF0006243DBF8A040121ACB4800FB06FAAAEB1B
:10BF0000010AAAEB02000A90C84800FB0611B5F925
:10BF100030008A1AB5F910100B92DBF820204A4342
:10BF2000DBF860104143B5F9500002926043B5F967
:10BF300070407C4342F23E57039454180CFB04F4C7
:10BF400041F6CB2C0C9414186743039C02EB0409B4
:10BF50000C9C08FB09FA04EB070EB54CD64404FB15
:10BF600002EE0C18B34A54430C9A0CFB014C944457
:10BF7000B14A02FB0044E2190E92039A8F18AF4AAD
:10BF80007A4344F294670C929444039A14460C9AB0
:10BF900007FB0427AA4A574400EB040A02FB0AFAEB
:10BFA0000E9A5244BA4440F6D5271446029A07FB2B
:10BFB00009F940F6332707FB0292A24F07FB012243
:10BFC000411A08FB01F840F64E41424401FB00884B
:10BFD0006FF45F51039801FB008806997144C144D6
:10BFE000C91243F8041C0699A1EB0E0E4FEAEE218C
:10BFF000C3F87C1108996144C912D9610899A1EB71
:10C000000C0C4FEAEC21C3F85C1107992144C912CA
:10C01000D96307990C1B0A995144E412C912C3F859
:10C020003C41D9650A99A1EB0A0A0B9911444FEAE0
:10C03000EA27C912C3F81C71D9670B998A1AD21260
:10C04000C3F8FC20099A4A44D212C3F89C20099AEA
:10C05000A2EB0909049A4FEAE921961B42F64152E4
:10C06000C3F8DC10059902FB06160F9AF612AA42D5
:10C07000C3F8BC607FF4E8AE0D9B18AC043B05939D
:10C080000D9B30330D93059B40F2193954F8101C69
:10C0900042F6F13E1A4654F818CC42F2E01742F24A
:10C0A0003E5652F8043F41F6026807FB0CF7203475
:10C0B0000C9305920C9B829A134454F8402C103236
:10C0C0005203049254F8282C88188A1A039242F2D8
:10C0D000F942DDE90315424309FB015540F67C496D
:10C0E0000EFB0C2E0EEB0501069141F20C0101FB3B
:10C0F0000CF1891A4A19039907924FF4226209FB3D
:10C10000015954F82C5C4243BF1A07EB090142F66F
:10C1100050270891434901FB0C2240F6F2514A4452
:10C1200041430398099241F6FE5242430498121A81
:10C130003D4800FB0CFAAAEB010AAAEB02000A90A8
:10C140003A4800FB0C1154F8340C8A1A0B9254F83C
:10C150003C2C1118029207FB01FB5119354F4E433D
:10C1600054F8241C02EB01090BEB060E304908FBC6
:10C1700009FAD64401FB02EE41192F4A794341F6F0
:10C18000CB2707FB001702FB051154F8242C5F4452
:10C1900000EB020B294A314444F2946602FB0BFB8C
:10C1A00054F8242C06FB02B65F44564405EB020A01
:10C1B000234A02FB0AFA029A5144B24440F6D526B9
:10C1C00006FB09F940F6332606FB02921D4E06FBDC
:10C1D0000022281A08FB00F840F64E40424400FBBB
:10C1E000058854F8245C6FF45F5000FB05880698BE
:10C1F000019D7044829EC144C0F38940285C0C9D1F
:10C20000A8550698019DA0EB0E0E0198CEF3894E1D
:10C2100010F80E00187308983844C0F38940285C61
:10C22000587011E0EED7FFFF8CFAFFFF4BE6FFFFDF
:10C230005BBFFFFF2BF5FFFFB1CDFFFFC2DAFFFFB2
:10C24000F8EAFFFF16F1FFFF0898C71BC7F38947FD
:10C25000E85DD87207980844C0F38940285C98705C
:10C260000798411AC1F38941695C99720A9951444E
:10C27000C1F38941695CD9700A99A1EB0A0ACAF332
:10C28000894A15F80A1059720B991144C1F3894172
:10C29000695C19710B9904988A1A42F64151C2F3EC
:10C2A0008942AA5C1A72099A4A44C2F38942AA5C7A
:10C2B0005A71099AA2EB0909C9F3894915F80920AD
:10C2C000DA71039AA2EB0C0201FB0202C2F389426B
:10C2D000AA5C9A710D9B059A93427FF4D4AE79B013
:10C2E000BDE8F08F2DE9F04FFFB04E6DA2F1020BCB
:10C2F0000C93043ED0F84C3103F1800E02F10E0392
:10C300000D930EAB3BF902CF40F6122056F8042FE6
:10C3100042F6C601BBF9404042F2623802FB0CFC17
:10C32000D6F88020BBF92090043362434FEA4C3C9E
:10C3300041F637440CF5806C00FB02F7514354433F
:10C340000CEB07050CEB01003944ACEB040AD64AB0
:10C35000091BACEB4101BBF950C0C9120191316C12
:10C3600001FB09F7BBF96090D6F8C01001FB09F199
:10C3700041F2A3397C1808FB04F840F6BD0404FB25
:10C38000078402FB018802F6E5225143021902925A
:10C39000021B09FB0719BBF91000039205EB080209
:10C3A000BBF930100492A5EB0802376A40F6F26838
:10C3B00005920AEB09024743D6F8A0000692AAEBC1
:10C3C000090200FB0CFC42F6B72A079241F6140959
:10C3D000326E07EB0C05D6F8E0004A43BBF970104B
:10C3E00009FB05F9BC184143B0480AFB04FA42F2C4
:10C3F0005264089149036C4302EB0C0509945444C0
:10C400000C4400FB07400A90A94800FB0794BF1AA0
:10C4100008FB07F8A8EB010804EB08006FF4A2641E
:10C420006C430B90641AA34800FB0245A24800FB32
:10C430000C440998AA44ACEB0205044442F6F840C7
:10C4400045439E48294400FB0C11894441F299510F
:10C4500001FB0255089A0A993A444544A2EB0C0C98
:10C46000029A0A444FEA8C0CD21243F8042C029A26
:10C47000521A0B99D212C3F89C21049A5244D21238
:10C48000DA61049AA2EB0A0A4FEAEA22C3F87C2195
:10C49000069A2244D212DA63069A141B019A624465
:10C4A000E412DA65019AC3F85C41A2EB0C00079A2A
:10C4B0004A44C3F83C01D212DA67079AA2EB090991
:10C4C0004FEAE922C3F81C21059A2A44D212C3F884
:10C4D0009C20059A551B039A0A44ED12D212C3F808
:10C4E000FC50C3F8BC20039A521AD212C3F8DC20C5
:10C4F0000D9A5A457FF406AF0C9B16AC043B019392
:10C500000C9B34330C93019B40F6122054F8205CB2
:10C5100042F6C6011A4654F8187C103542F6B7297F
:10C5200052F8043F41F6140B6D0320340B93019233
:10C530000B9B889A134454F8302C00FB02F641F60A
:10C5400037405143504305EB060805EB010C3144DD
:10C550002A1A554E091A42F26230A5EB410154F8ED
:10C56000285C02917919414340F6BD0000FB071099
:10C5700006FB051106F6E526754341F2A33606FBD8
:10C5800007560CEB0005ACEB000054F82C7C03952F
:10C59000049008EB0100A8EB010154F8245C05901D
:10C5A00040F6F26806919119921B6D03079108926B
:10C5B00054F8341C54F83C2C5018D61909FB00F9D7
:10C5C00042F252600BFB06FB00FB06FA37486FF4A1
:10C5D000A26609EB0A0CAC4400FB02CC00F21B2063
:10C5E00000FB02B0521A08FB02F80992A8EB0508FA
:10C5F000324A40440A90C81946432E48761B00FB35
:10C60000016081442C4800FB076606EB0A007E1A95
:10C6100042F6F84A0AFB06FA05EB0A0602FB076631
:10C62000099AD21B5E4441F2995B0B9F05EB4235A0
:10C63000039A0BFB01A162444144B846C2F389420C
:10C64000889F1EF8022008F80720039AA2EB0C0727
:10C65000C7F389471EF807205A73059A4A44C2F364
:10C6600089421EF802205A70059AA2EB0909C9F303
:10C6700089491EF809201A73079A0244C2F38942B5
:10C680001EF802209A70079A101AC0F389401EF80B
:10C690000020DA72029A2A44C2F389421EF802206C
:10C6A000DA70029A551B0BE0FCC8FFFFF0DBFFFFBE
:10C6B0000BDEFFFF6EF2FFFF09B4FFFFE6C9FFFFCD
:10C6C000C5F389451EF805209A72089A3244C2F3D0
:10C6D00089421EF802201A71089A961BC6F38946F1
:10C6E0001EF806205A72069A0A44C2F389421EF8BE
:10C6F00002205A71069A511AC1F389411EF801208D
:10C700000A991A72049A0A44C2F389421EF8022056
:10C710009A71049A501AC0F389401EF80020DA7109
:10C720000C9B019A93427FF4EEAE7FB0BDE8F08F90
:10C730002DE9F04FADF5077DA2F1020A0B93D0F879
:10C740004C31486D03F1800B02F10E0304380C9359
:10C750000EAB3AF9022F42F29D4750F8045F0433C2
:10C76000BAF940105543046CBAF92020BAF9606058
:10C770006D035443D0F8802005F580655143D0F80F
:10C78000C020724340F6FC5656437A4342F6136784
:10C79000A5EB060805EB020E921B661A2144A5EBD9
:10C7A00042024FF4BB757C43019242F6CE227543A0
:10C7B0004A430EEB020CA8EB02022A440CEB0507DD
:10C7C0002244029740F6C747039241F28212774310
:10C7D0004A43AEEB02054244D21BED1B42F23177D5
:10C7E000121B0495056E059241F64C12BAF9704081
:10C7F00051434FF4356288445643AEEB010141F694
:10C800009A2E08EB060241F2710806928A190792E5
:10C810007200BAF9506008920899019A0A44BAF96C
:10C8200010100992026A4A43BAF930104D43D0F809
:10C83000A0104E4307FB06F1D64E0091D0F8E01051
:10C840006143A5EB010CA2EB010902EB0C0407FB11
:10C8500009F70EFB04F406FB0C4E009E08FB024891
:10C86000CD4C44F6A36C6C430A94CC4C654342F621
:10C87000025404FB0964CA4E02EB01090CFB014C93
:10C8800006FB02440A9EACEB050C3444009EBF1B21
:10C8900041F2682606FB09F940F6397606FB02925A
:10C8A000009E921B0A9E3244BE4E06FB0191009EE2
:10C8B00031440D4402996144C91243F8041C0299A1
:10C8C000A1EB0C0C4FEAEC21C3F8BC1106994144D2
:10C8D000C912D9610699A1EB08084FEAE821C3F80B
:10C8E0009C1109993944C912D9630999CF1B03993D
:10C8F0001144FF12C912C3F87C71D96503998A1AD1
:10C90000D212C3F85C21079A7244D212DA67079AEE
:10C91000A2EB0E0E4FEAEE22C3F83C21049A2A4401
:10C92000D212C3F89C20049A551B059A2244ED129A
:10C93000D212C3F81C51C3F8BC20059A141B019AEB
:10C94000E412C3F8FC400899A2EB4102D212C3F8EA
:10C95000DC200C9A52457FF4FCAE0B9B16ACA3F185
:10C96000040938330D9359F8043F40F6FC50909A6F
:10C9700042F6136E0C9341F69A28134454F8207C27
:10C9800054F8082C2034103754F8386C00FB02FCA3
:10C9900042F29D407F0354F8301C4243A7EB0C0049
:10C9A0000EFB06FEBD18A2EB0C02A6EB010C3144F7
:10C9B000A7EB42024FF4BB77009242F6CE2207FB70
:10C9C0000CF74A43AE18821A3A443E447244019628
:10C9D00040F6C746029241F2821206FB0CF64A4329
:10C9E000AF1A0244921BBF1BA2EB0E02039754F82E
:10C9F000347C049241F64C1251434FF435620844A2
:10CA000002FB0CFC691A42F2317500EB0C02614822
:10CA1000059201EB0C0206924FEA4C02079207992D
:10CA2000009A0A4454F82C1C05FB01FC54F8241C01
:10CA30000892A7EB010E54F83C2C02EB0E06A2EB79
:10CA4000010A08FB06F641F2710805FB0AF500FB36
:10CA50000E6042F6025E08FB026844F6A366099087
:10CA6000A5EB0C054C480EFB0ACE41F2682A784330
:10CA700006FB01E60A904948474300F2717000FB4B
:10CA800002EE0A98F61B704402EB010E0AFB0EFE42
:10CA900040F6397A0B900AFB02E20A98A2EB0C02EC
:10CAA0000244404800FB01E10C98614484469098A0
:10CAB0000F4401993144C1F389411BF801100CF86E
:10CAC000001001998E1BC6F389461BF80610997356
:10CAD00005994144C1F389411BF80110597005992A
:10CAE000A1EB0800C0F389401BF8001059730899A6
:10CAF0002944C1F389411BF80110997008994D1B15
:10CB0000C5F389451BF80510197302991144C1F347
:10CB100089411BF80110D97002998A1A0999C2F348
:10CB200089421BF80220DA72069A0A44C2F389424B
:10CB30001BF802201A71069A521AC2F389421BF896
:10CB400002209A72039A3A44C2F389421BF80220E7
:10CB50005A71039AD71BC7F389471BF807200B9913
:10CB60005A72049A0A44C2F389421BF802209A714D
:10CB7000049AA2EB010E0799CEF3894E1BF80E2002
:10CB80001A72009AA2EB4102C2F389421BF80220FA
:10CB90000AE000BF5CBAFFFF66E5FFFFF6D4FFFFC7
:10CBA00067DCFFFF2FE4FFFFDA710D9B4B457FF43D
:10CBB000DAAE0DF5077DBDE8F08F00BF2DE9F04F2F
:10CBC000ADF50F7D0C93D0F84C3103F18008931E26
:10CBD00000934B6DA3F1040E02F10E030D930EAB07
:10CBE000009942F6CF1B40F6D40542F6634631F970
:10CBF000022F0433D84F00915EF8041F5143009A6E
:10CC0000B2F940004903DEF8802001F5806142431B
:10CC100041F251100BFB02FB424345F2032001EBB2
:10CC20000B04A1EB0B0B01EB0209891A009AB2F974
:10CC300020A0DEF8402002FB0AFA009AB2F960C098
:10CC4000DEF8C02002FB0CFCAAEB0C025543564355
:10CC500041F6CD4200FB0C6002FB0A5207FB0A6A58
:10CC6000BE4E06FB0C5C2518201A42F64E36019586
:10CC7000029009EB0200A9EB0202DEF8A05003903B
:10CC8000049201EB0A02DEF820000592A1EB0A02F1
:10CC900041F2555A06920BEB0C020792ABEB0C02D9
:10CCA00042F2FC2C0892009AB2F910205043009AEC
:10CCB000B2F93010DEF860204A430099B1F9501003
:10CCC000A0EB020B4D430099B1F970404719DEF813
:10CCD000E0100AFB07FA61438418664342F2E974E4
:10CCE00004FB07F944180CFB04F441F6B64C06EBC0
:10CCF00009070994441A0CFB04FC40F6235404FB76
:10CD00000BFB099C2744964C04FB0074954F0A9436
:10CD10000CEB0A045C4407FB00404FF48E64924F16
:10CD20000B905019444340F24D2000FB0240064452
:10CD30008E4800FB0544A81A4C4442F6095909FBE9
:10CD400000F007FB0509099FCA4443F61A7909FB5D
:10CD500002090A448648D94400FB02FB42F218202B
:10CD600000FB01B05E4446F2854B3844814F7A4364
:10CD70000BFB012B4A446FF45979DC4405EB010BA2
:10CD80004F44491B0A9D07FB0BFB00EB0B0940F6C8
:10CD900023505C444143019828448C445144C012C0
:10CDA00043F8040C0198471B03983044FF12C0124B
:10CDB000C3F8DC71D8610398861B05982044F612ED
:10CDC000C012C3F8BC61D8630598041B0798484497
:10CDD000E412C012C3F89C41D8650798A0EB090083
:10CDE000C012C3F87C0108986044C012D867089844
:10CDF000A0EB0C0C4FEAEC20C3F85C010698084449
:10CE0000C012C3F89C000698411AC912C3F83C111D
:10CE100004991144C912C3F8BC1004998A1A0B99D9
:10CE2000D212C3F81C21029A0A44D212C3F8DC20A1
:10CE3000029A541A0D9A0099E4128A42C3F8FC40EF
:10CE40007FF4CEAE0C9B16AD043B00930C9B3C33A1
:10CE50000D93009B42F6CF1C55F8200C41F2511A5D
:10CE60001A4655F808EC103040F6D40B52F8043F3F
:10CE700045F20329400320350C930C9B0092989AAD
:10CE8000991855F8303C0AFB03FA0CFB03FC55F8E3
:10CE9000383C00EB0A0600EB0C04A3EB0E02A0EBFF
:10CEA0000C0CA0EB0A0042F6634A0BFB02FB0AFBE8
:10CEB00002F741F6CD429A4602FB03B2264B09FB2C
:10CEC0000E7903FB0A7A03F2EE2355F82C7C03FB60
:10CED0000EBB04EB090342F2FC2E0193A4EB090301
:10CEE00055F83C4C0293B31804EB07090393B31AAB
:10CEF00055F8342C42F64E36049300EB0A030593A2
:10CF0000A0EB0A0355F8240C41F2555A06930CEB9A
:10CF10000B030AFB09FA0793ACEB0B0342F2E97B24
:10CF200041F6B64C0893A3180BFB09FBA4EB0209CE
:10CF30005E4323180EFB03FE231A0CFB03FC40F692
:10CF4000235303FB09F306EB0B090993F144044B4C
:10CF500003FB0499099B0FE0C2ECFFFFB0EFFFFF5A
:10CF6000D6B6FFFF42C5FFFF7AE7FFFFFADBFFFF00
:10CF7000ABEAFFFF17D8FFFFCDF828900CEB0A09AA
:10CF80009944634B03FB04944FF48E69614B0B94FB
:10CF9000D41909FB04F440F24D2909FB024903FBB3
:10CFA000074403F538634E44A7EB02095C4442F69C
:10CFB000095B0BFB09F903FB079B099BDA4443F66A
:10CFC0001A7B0BFB029902449944534B03FB02FB6F
:10CFD00042F2182303FB00B35E4446F2854B9E44A5
:10CFE0004E4B5A430BFB002B4A446FF45979DC44F7
:10CFF00007EB000B4B44C01B0A9F03FB0BFB40F6E7
:10D0000023535843019B5C44DE443B440C9F8444BF
:10D010005044C3F38943B946989F18F8033009F880
:10D020000730019B0A9FDB1BC3F3894318F80330C9
:10D03000CB73039B3344C3F3894318F803304B701D
:10D04000039B9E1BC6F3894618F806308B73059B1D
:10D050002344C3F3894318F803308B70059B1C1BD2
:10D06000C4F3894418F804304B73079B7344C3F32B
:10D07000894318F80330CB70079BA3EB0E0ECEF359
:10D08000894E18F80E300B73089B6344C3F3894331
:10D0900018F803300B71089BA3EB0C0CCCF3894CF4
:10D0A00018F80C30CB72069B0344C3F3894318F87D
:10D0B00003304B71069B181AC0F3894018F80030F2
:10D0C0008B72049B1344C3F3894318F803308B71AC
:10D0D000049B9A1AC2F3894218F802300B9A4B72D9
:10D0E000029B1344C3F3894318F80330CB71029BAE
:10D0F0009C1A009AC4F3894418F804300B720D9BF3
:10D1000093427FF4A6AE0DF50F7DBDE8F08F00BF12
:10D1100042C5FFFFFADBFFFFABEAFFFF17D8FFFFB7
:10D120002DE9F04FCFB0023A0393D0F84C31486D5F
:10D130000EA903F1800800F120030493B2F912A0B4
:10D14000B2F92260B2F93250B2F94230B2F952B0BB
:10D15000B2F962E0B2F9724050F804CB32F9027FC2
:10D160000CFB07FCBAF1000F40F07981002E40F073
:10D170007681002D40F07381002B40F07081BBF16F
:10D18000000F40F06C81BEF1000F40F06881002C70
:10D1900040F065814FEA8C030B600B620B640B66F9
:10D1A000C1F88030C1F8A030C1F8C030C1F8E0301B
:10D1B000049B04318342C1D1039B16AD043B009311
:10D1C000039B1C330D93009B42F6CF1C55F8200C9B
:10D1D00041F2511A1A4655F808EC103040F6D40BBB
:10D1E00052F8043F45F20329400320350C930C9B71
:10D1F0000092589A991855F8303C0AFB03FA0CFB38
:10D2000003FC55F8383C00EB0A0600EB0C04A3EBDA
:10D210000E02A0EB0C0CA0EB0A0042F6634A0BFBDB
:10D2200002FB0AFB02F741F6CD429A4602FB03B22B
:10D23000D14B09FB0E7903FB0A7A03F2EE2355F872
:10D240002C7C03FB0EBB04EB090342F2FC2E019382
:10D25000A4EB090355F83C4C0293B31804EB0709FF
:10D260000393B31A55F8342C42F64E36049300EB70
:10D270000A030593A0EB0A0355F8240C41F2555A12
:10D2800006930CEB0B030AFB09FA0793ACEB0B03B9
:10D2900042F2E97B41F6B64C0893A3180BFB09FB5D
:10D2A000A4EB02095E4323180EFB03FE231A0CFBBA
:10D2B00003FC40F6235303FB09F306EB0B09099328
:10D2C000F144AE4B03FB0499099BCDF828900CEB7D
:10D2D0000A099944AA4B03FB04944FF48E69A94BA5
:10D2E0000B94D41909FB04F440F24D2909FB0249BF
:10D2F00003FB074403F538634E44A7EB02095C4483
:10D3000042F6095B0BFB09F903FB079B099BDA4417
:10D3100043F61A7B0BFB0299024499449A4B03FB98
:10D3200002FB42F2182303FB00B35E4446F2854B36
:10D330009E44964B5A430BFB002B4A446FF4597999
:10D34000DC4407EB000B4B44C01B0A9F03FB0BFBA9
:10D3500040F623535843019B5C44DE443B440C9FFE
:10D3600084445044C3F38943B946589F18F80330A6
:10D3700009F80730019B0A9FDB1BC3F3894318F8A8
:10D380000330CB73039B3344C3F3894318F8033052
:10D390004B70039B9E1BC6F3894618F806308B73AF
:10D3A000059B2344C3F3894318F803308B70059B16
:10D3B0001C1BC4F3894418F804304B73079B734457
:10D3C000C3F3894318F80330CB70079BA3EB0E0E11
:10D3D000CEF3894E18F80E300B73089B6344C3F3E9
:10D3E000894318F803300B71089BA3EB0C0CCCF3AA
:10D3F000894C18F80C30CB72069B0344C3F3894365
:10D4000018F803304B71069B181AC0F3894018F8BE
:10D4100000308B72049B1344C3F3894318F8033024
:10D420008B71049B9A1AC2F3894218F802300B9A46
:10D430004B72029B1344C3F3894318F80330CB713A
:10D44000029B9C1A009AC4F3894418F804300B72AA
:10D450000D9B93427FF4B7AE4FB0BDE8F08FC76B22
:10D4600041F251194FEA4C3C7743D0F8BC6006FBBF
:10D470000EF607EB060E09FB0EFE41F67E0909FBD0
:10D4800007E9434F07FB06EEC66F73435F030CF5D6
:10D490008063FE18DB1B09EB0607A6EB0906009666
:10D4A0000EEB0306A3EB0E030196D0F8DC600293AB
:10D4B00042F2A15306FB04F9D0F89C4004FB0BF6A2
:10D4C000C46D04FB05FCC56905FB0AFA09EB0C05F4
:10D4D00006EB0A0E05EB0E045C432E4B03FB0545E1
:10D4E0002D4B03FB0E4409EB0A0E2C4B03FB0EFEE7
:10D4F00040F68E1305EB0E0BA64403FB09B943F26D
:10D500000B0B274B0BFB0AEE06EB0C0A44F2B31B8A
:10D5100003FB0AFA019B5544544446F2542A0BFB80
:10D5200006440AFB0C5A07EB0E05A7EB0E0EED1294
:10D530004FEAEE270D6003EB0A05A3EB0A0A029BF4
:10D54000ED12C1F8E0704FEAEA260D621D191C1BAE
:10D55000009BED12C1F8C0604B44E4120D64DB1275
:10D56000C1F8A0400B66009BA3EB09094FEAE9272D
:10D57000C1F880701CE600BFC2ECFFFFD6B6FFFF0B
:10D5800042C5FFFFFADBFFFFABEAFFFF17D8FFFF43
:10D59000DFC4FFFF3BC1FFFF84F3FFFF33E3FFFF67
:10D5A000FDADFFFF2DE9F04FC5B04F6DA2F1020CAC
:10D5B0000E320293043FD0F84C310DF1300E04923C
:10D5C00080333CF9021F40F6122557F8042F42F62B
:10D5D000C60A0EF1040E4A433C6CD7F88000520391
:10D5E000D7F8C01002F580620092BCF920205443A5
:10D5F000BCF940205043BCF96020514341F637420A
:10D60000A0EB010802FB08F8221A05FB02F6009ABB
:10D6100008EB06051544BA4A02FB0055621891460C
:10D620000392009A0AFB09226FF41F7909FB01217A
:10D63000BCF9109041440191B24901FB04223C6ABB
:10D64000D7F8A010324404FB09F93E6EBCF9304013
:10D650006643BCF9504009EB06084C4341F6EF51D4
:10D6600001FB08FBA9EB060840F27351A1442644D4
:10D6700001FB08F8A449ABEB080AD84441F2A33BEC
:10D680004E4301990BFB09F943F6DE3BB044CA4413
:10D690000BFB049901EB0A04A1EB0A0A4E444FEA82
:10D6A000EA21E412CEF8BC1005EB0801A5EB080551
:10D6B0004EF8044CC912ED12CEF81C109119961BAD
:10D6C000039AC912CEF89C50801A42F64152CEF805
:10D6D0003C10F6120099CEF87C6002FB0010049A10
:10D6E000C0126245CEF85C007FF46BAF029A14ADB5
:10D6F000043A0092029A18320B92009A40F61224D1
:10D7000055F8206C42F6C600114641F2A33E103691
:10D7100041F6140B51F8042F203576030A9200913C
:10D720000A9A4E990A4455F8301C04FB01F741F659
:10D73000374448434C4306EB070806EB000C3844DB
:10D74000A6EB040955F8387C001B42F262346F499D
:10D75000A6EB400055F8286C0190B819604340F6DC
:10D76000BD0404FB070401FB060001F6E5214E435E
:10D770000CEB04010291ACEB04010EFB076755F8BA
:10D780002CEC039108EB000155F8246C0491A8EBF4
:10D79000000155F8340C7603059109EB070140F6BA
:10D7A000F2680691A9EB070142F6B729079155F8EF
:10D7B0003C1C0C1801EB0E0709FB04F942F2526401
:10D7C0000BFB07FB04FB07FA514C00EB0E0709EBC0
:10D7D0000A0CB44404FB01CC04F21B2404FB01B486
:10D7E000091A08FB01F8A1EB0E01A8EB0608444456
:10D7F00008946FF4A2647C43464FA41B07FB0047C8
:10D80000B944454F07FB0E44AEEB0007544442F6C3
:10D81000F84A0AFB07FA099406EB0A0706EB4136B9
:10D8200002993E4C614404FB0E770A9CC1F3894186
:10D83000A6464E9C595C5F4441F2995B0EF8041079
:10D8400002990BFB00A0A1EB0C0C4044CCF3894CDB
:10D8500013F80C10517304994944C1F38941595C80
:10D86000099C51700499A1EB0909C9F3894913F87E
:10D870000910117306992144C1F38941595C9170D3
:10D8800006990C1BC4F38944195DD1720199314486
:10D89000C1F38941595CD17001998E1BC6F3894649
:10D8A000995D917207993944C1F38941595C1171AD
:10D8B0000799CF1BC7F38947D95D51720599014478
:10D8C000C1F38941595C51710599081AC0F3894027
:10D8D000195C0898117203990144C1F38941595C9C
:10D8E000917103990C1AC4F38944195DD1710B9A93
:10D8F00000998A427FF401AF45B0BDE8F08F00BFC8
:10D9000015C5FFFFF1B0FFFFE1D3FFFFFCC8FFFF2C
:10D91000F0DBFFFF6EF2FFFF09B4FFFFE6C9FFFF78
:10D920002DE9F04FBBB0D0F84C014D6D961E803004
:10D930000E32043D0AAF0190029236F9021F42F204
:10D94000317055F8042F0437B6F940404A43D5F8F2
:10D950008010B6F920C06143520341F2A164B6F9C8
:10D96000309002F58062B6F9508061435418A2EB02
:10D970004102296CD21201FB0CF1B6F910C04143EF
:10D98000286E04EB010E00FB09F9641AD5F8A0001B
:10D99000296A00FB08F840F6B63001FB0CF1A8EB51
:10D9A000090B01EB080C01EB090AA1EB090100FBD3
:10D9B0000CFCA1EB08080CEB4A3A4FEA88080EEB86
:10D9C0000A01AEEB0A0E0CEB4B3CC91247F8041CE3
:10D9D0004FEAEE21C7F89C1002EB0801A2EB080207
:10D9E000F961FA6704EB0C02A4EB0C0CD2124FEABB
:10D9F000EC24FA63029AFC65B2429ED1A3F1040BB7
:10DA000012AA1433099352F8187C42F6B63052F831
:10DA1000205C40F6F70800FB07F44FEA473E52F857
:10DA2000087C10355BF8043F203244997F036D0376
:10DA30000893AEEB070C0B4452F8306C42F2317194
:10DA400005EB0C0052F83C9C4E430290A5EB0C00F9
:10DA5000A91904EB070CA4EB0E04AE1B039001EB19
:10DA60000C00E71BA1EB0C0152F82C5C41F68D3E3B
:10DA70000591F11952F8244C0691F11B09EB0507A9
:10DA80000490079142F6CF1052F8341C04EB070CB7
:10DA900005EB040A00FB01F652F8340C0EFB0CFCFB
:10DAA0004D4940F65B0E41434C480EFB07CE00FB50
:10DAB0000AFAA0F6DB5006EB0E0708FB097801EB2B
:10DAC0000A0700FB0577464800FB091145487744E3
:10DAD000ACEB060E00FB041143F2C62652F8340CE0
:10DAE00006FB04E6A9EB0404451B614441F2511E08
:10DAF0003D4804EB050C41F67E0956440EFB0CFC38
:10DB000000FB05C5049809FB04C400EB080E01984E
:10DB1000CEF3894E10F80EC00898864644980EF849
:10DB200000C00498A0EB08080198C8F3894810F8D1
:10DB300008C0029883F80BC000EB040C0198CCF3EA
:10DB4000894C10F80CC083F801C00298041B01989E
:10DB5000C4F3894910F8094006989C72C4190198C9
:10DB6000C4F38944045D06989C70C71B0198C7F3F1
:10DB70008947C45D07985C7284190198C4F389448D
:10DB8000045D0798DC70861B0198C6F38946845DA6
:10DB900003981C7244190198C4F38944045D0398E6
:10DBA0001C71451B0198C5F38945445D0598DC71DE
:10DBB00044180198C4F38944045D5C710598411AC6
:10DBC0000198C1F38941415C9971099B5B457FF4E0
:10DBD0001AAF3BB0BDE8F08FAFEEFFFF8BDEFFFF6B
:10DBE0005CEAFFFF8CC0FFFFDFC4FFFF2DE9F04FB1
:10DBF000AFB0D0F84C014D6D961E80300E32043D12
:10DC000006AF41F64C1E4FF4356C0090019236F988
:10DC1000021F043755F8042FB6F920404A43296CF7
:10DC2000B6F940906143D5F88040286A520304FB5E
:10DC300009F9B6F910A002F58062B6F930B001EB2F
:10DC40000904A1EB090100FB0AFA286E0CFB01F1A3
:10DC50000EFB04F800FB0BFB541841F69A20A2EBD4
:10DC6000810208EB0409A4EB08040AEB0B08D212AA
:10DC700000FB08F841F27100FA6300FB0A8A6E4863
:10DC8000019A00FB0B8809EB0A0BA9EB0A0AB242C6
:10DC900004EB0809A4EB08084FEAEB2B4FEAEA2A49
:10DCA0004FEAE92947F804BC4FEAE824C7F87CA00A
:10DCB000C7F81C90FC65AAD1191F0EAA1033019158
:10DCC0000593019B42F29D4052F8104C20321946B8
:10DCD00052F8387C00FB04FE40F6FC5051F8043F3B
:10DCE000444352F8286C049341F27100049B019163
:10DCF000389952F83CCC591852F8403C10335B0329
:10DD000003EB0E0BAEEB040E1D1BBC19A3EB4E0375
:10DD1000029341F69A23634300FB073A464800FB0F
:10DD2000063440F6E3100BEB0A07ABEB0A0B2E1997
:10DD30002B1B52F82C4C03934FEA443E52F8343CD0
:10DD400052F8244C03EB04091B1B00FB03F441F6BF
:10DD50006F6000FB09F542F6B3400EEB040AAEEB30
:10DD6000040400FB0C5840F21470A4EB0334ACEB39
:10DD7000030300FB0CF0D044CEEB433E42F65303CA
:10DD8000451B009803FB0CF3AA4441F2CF2505FB89
:10DD900009F541F28C4909FB0CFC5B1BACEB050956
:10DDA00007EB0805A7EB08071B1BC5F389454C4487
:10DDB000C7F38947455D0498844638980CF80050AD
:10DDC0000098C55D4D72F518F61AC5F38945C6F37E
:10DDD0008946455D4D70835D0B72029B7344C3F3AE
:10DDE0008943C35C8B70029BA3EB0E0ECEF3894E6E
:10DDF00010F80E30CB71039B2344C3F38943C35CFB
:10DE0000CB70039B1C1BC4F38944035D8B710BEB2C
:10DE10000A03ABEB0A0AC3F38943CAF3894AC35C1A
:10DE20000B7110F80A304B71059B01998B427FF4FE
:10DE300048AF2FB0BDE8F08F5CBAFFFF2DE9F04F7F
:10DE4000A5B0D0F84C014D6D961E80300E32043DC9
:10DE500004AF41F2511841F67E0EDFF8C0C136F929
:10DE6000021F043755F8044FB6F92090B24204FB64
:10DE700001F12C6CB6F910A004FB09F4B6F930B02E
:10DE800001EB0409A1EB04012C6A4FEA890904FBA8
:10DE90000AFA2C6E4FEA810104FB0BF40AEB040B27
:10DEA00008FB0BFB0BF5806B0EFB0ABA0CFB04B4F2
:10DEB0004FEAEA2A4FEAE42409EB0A0BA9EB0A0A23
:10DEC00001EB0409A1EB040447F804BCC7F85CA00B
:10DED000C7F81C90FC63C2D1A3F104080CAA0C3350
:10DEE000039358F8043F203252F8386C52F8284C0B
:10DEF0002E9902935D18331941F2511152F82C9C5E
:10DF000052F83CAC4B4341F67E0109EB0A0E01FB93
:10DF10000636424901FB043452F8401C52F8303CAA
:10DF20001031CF18CB1A5B037F03E1181B1B06EBE4
:10DF3000070CBF1B009152F8246C52F8341C01935B
:10DF400042F2A153741804EB0E015943344B03FB06
:10DF50000414344B03FB0E1106EB0A0E324B03FB89
:10DF60000EFE40F68E1304EB0E0B8E4403FB06B63A
:10DF700052F8343C43F20B0B0BFB0AEE09EB030A9D
:10DF80002A4B44F2B31B03FB0AFA52F8343C5144C7
:10DF9000544446F2542A0BFB09110CEB0E090AFB00
:10DFA0000344ACEB0E0E029BC9F38949CEF3894EB4
:10DFB00010F809909A462E9B0AF80390009B10F8DF
:10DFC0000EC085F807C003EB040C1C1B019BCCF3AF
:10DFD000894CC4F3894A10F80CC085F801C010F8C8
:10DFE0000A40AC715C18591AC4F38944C1F38941E1
:10DFF000045DAC70435C6B71BB19BE1BC3F38943FA
:10E00000C6F38946C35CEB70835D2B71039B43456C
:10E010007FF467AF25B0BDE8F08F00BFDFC4FFFF1E
:10E020003BC1FFFF84F3FFFF33E3FFFFFDADFFFFC5
:10E030002DE9F04F95B0D0F84C414E6D971E8034CD
:10E040000A32043E0DF1080C41F2A16842F2317E21
:10E0500037F9020F0CF1040C56F8041FB7F92050E1
:10E06000BA4201FB00F1306CB7F910A000FB05F0DB
:10E070004FEA4131356A01F5806108FB00F005FB8C
:10E080000AF501EB0009A1EB40010EFB05F54FEA93
:10E09000E12109EB050AA9EB0509CCF814104FEAB8
:10E0A000EA2A4FEAE9254CF804ACCCF82C50CFD141
:10E0B00008A8A3F1040E03F108095EF804AF41F2C9
:10E0C000A1611E9B42F2317550F8082CF1450AEB14
:10E0D000030750F8183C01FB02F250F8048C03F1DE
:10E0E000100300F118004FEA433303EB0201A3EBE6
:10E0F000420350F8282C019340F6B63305FB02F298
:10E1000001EB0206A1EB020150F82C2C02EB0805F2
:10E1100003FB05F550F8243C02EB030CA2EB0302D1
:10E12000A8EB030B1E9B05EB4C3CA2EB080805EB90
:10E130004B3506EB0C02A6EB0C064FEA4838C2F34F
:10E140008942C6F38946A25C0AF80320019BA25DBE
:10E150007A7103EB0802A3EB0803C2F38942C3F30D
:10E160008943A25C7A70E35C3B7101EB0503A1EB90
:10E170000505C3F38943C5F38945E35CBB70635D63
:10E18000FB709AD115B0BDE8F08F00002DE9F04F7B
:10E19000D0F84C418BB0486D951E803401AF0438E7
:10E1A000063235F9026F50F8041FB5F910C0AA42C3
:10E1B00001FB06F1066A06FB0CF601EB060CA1EB6F
:10E1C000060147F804CF3961EBD11F1F06A80433BD
:10E1D00041F2511A41F67E09DFF87C80019357F82D
:10E1E00004EF1030149A50F8185C0EEB020C50F843
:10E1F000202C50F814BC50F81C6C0432149B51199C
:10E20000521B06EB0B0549030AFB05F5520309FBFC
:10E21000065608FB0B5501EB060B891BCBF3094B8C
:10E22000C1F3094114F80BB00EF803B0615C019B17
:10E230008CF803105119521BBB42C1F30941C2F3C0
:10E240000942615C8CF80110A25C8CF80220C6D1F6
:10E250000BB0BDE8F08F00BFDFC4FFFFF0B5496D24
:10E26000B2F900701D680B68D0F84C017B43B2F91D
:10E2700002704A6880300433059C7A432E1999183D
:10E280009B1AC1F3C901C3F3C903415C2955C35C9F
:10E290007370F0BD2DE9F04FADF50F7D0C93D0F804
:10E2A0004C3180330193931E00934B6DA3F104080E
:10E2B00002F10E030D930EAB009942F6CF1B40F610
:10E2C000D40542F6634631F9022F42F2FC2ED84FB4
:10E2D0000433009158F8041F5143009AB2F94000EA
:10E2E0004903D8F8802001F58061424341F2511082
:10E2F0000BFB02FB424345F2032001EB0B04A1EBB5
:10E300000B0B01EB0209891A009AB2F920A0D8F888
:10E31000402002FB0AFA009AB2F960C0D8F8C02087
:10E3200002FB0CFCAAEB0C025543564341F6CD42CE
:10E3300000FB0C6002FB0A5207FB0A6ABD4E06FB9B
:10E340000C5C2518201A42F64E360295039009EB14
:10E350000200A9EB0202D8F8A0500490059201EB4C
:10E360000A02D8F820000692A1EB0A0241F2555A9F
:10E3700007920BEB0C020892ABEB0C0241F6B64C89
:10E380000992009AB2F910205043009AB2F9301065
:10E39000D8F860204A430099B1F95010A0EB020B65
:10E3A0004D430099B1F970404719D8F8E0100AFBC5
:10E3B00007FA61438418664342F2E97404FB07F9E3
:10E3C00044180EFB04FE441A06EB09070CFB04FC80
:10E3D00040F62354774404FB0BFB974C04FB00747A
:10E3E000964F0A940CEB0A045C4407FB00404FF480
:10E3F0008E64934F0B905019444340F24D2000FB24
:10E40000024006448F4800FB0544A81A4C4442F6DB
:10E41000095909FB00F007FB05096FF45977CA4455
:10E4200043F61A7909FB02090A448748D94400FBDC
:10E4300002FB42F2182000FB01B05E4446F2854B1D
:10E4400086448248424338440BFB012B4A44DC4457
:10E4500005EB010B491B0A9D00FB0BFB40F623500B
:10E46000414302985C44DE4428448C445144C01229
:10E4700043F8040C0298471B04983044FF12C01262
:10E48000C3F8DC71D8610498861B06982044F61204
:10E49000C012C3F8BC61D8630698041B0898704486
:10E4A000E412C012C3F89C41D8650898A0EB0E0E88
:10E4B0004FEAEE20C3F87C0109986044C012D86787
:10E4C0000998A0EB0C0C4FEAEC20C3F85C0107980C
:10E4D0000844C012C3F89C000798411AC912C3F837
:10E4E0003C1105991144C912C3F8BC1005998A1A48
:10E4F000D212C3F81C21039A0B990A44D212C3F812
:10E50000DC20039A541A0D9A0099E4128A42C3F847
:10E51000FC407FF4D1AE0C9B16AAA3F104093C3356
:10E52000049341F25113059359F8043F203252F8F5
:10E53000385C52F8280C989903935C182B180599AD
:10E5400052F82C8C4B4341F67E0152F834EC01FB1F
:10E5500005353F4952F83CAC01FB003052F8401CF5
:10E5600052F8303C08EB0A0C1031CE18CB1A760367
:10E570005B03AF19761B52F8245CC1181B1A05EB1C
:10E580000E000091029342F2A15300EB0C0159439B
:10E59000304B03FB0010304B03FB0C1105EB0A0C56
:10E5A0002E4B03FB0CFC40F68E1300EB0C0B8C4443
:10E5B00003FB05B543F20B0B294B0BFB0ACC08EB15
:10E5C0000E0A44F2B31B03FB0AFA019B5144504468
:10E5D00046F2542A0BFB08110AFB0E0007EB0C0E47
:10E5E000A7EB0C0CCEF3894ECCF3894C13F80EE05C
:10E5F000039B9846989B08F803E0019B13F80C7066
:10E60000009BE7711F18019BC7F38947DF5D009BE3
:10E610006770181A019BC0F3894A13F80A00029B1D
:10E62000A0715818019BC0F38940185C1AE000BF24
:10E63000C2ECFFFFB0EFFFFFD6B6FFFF42C5FFFF02
:10E640007AE7FFFFFADBFFFFABEAFFFF17D8FFFF18
:10E65000DFC4FFFF3BC1FFFF84F3FFFF33E3FFFF96
:10E66000FDADFFFF029BA070591A019BC1F38941C8
:10E670005B5C019963717319751BC3F38943C5F31F
:10E680008945CB5CE3704B5D2371049B4B457FF464
:10E690004BAF0DF50F7DBDE8F08F00BF2DE9F04FBA
:10E6A000EFB04E6DA2F1020B0A93043ED0F84C314C
:10E6B0008033009302F10C030B930CAB3BF902CFB8
:10E6C00042F2623856F8042F42F6B72ABBF94010DE
:10E6D000043302FB0CFCD6F88020BBF92090514398
:10E6E00042F6C6024FEA4C3C02FB01F440F612220D
:10E6F0000CF5806C02FB01F741F637420CEB04008D
:10E7000051433C440CEB0705BC4A641AACEB010EC8
:10E71000ACEB4404BBF950C0E1120191316C01FB38
:10E7200009F7BBF96090D6F8C01001FB09F141F27E
:10E73000A3397C1808FB04F840F6BD0404FB0784E9
:10E7400002FB018802F6E522514302190292021BE4
:10E7500009FB0719BBF91000039205EB0802BBF98E
:10E7600030100492A5EB0802376A40F6F268059271
:10E770000EEB09024743D6F8A0000692AEEB090261
:10E7800000FB0CFCD6F8E000079241F61409326E4B
:10E7900007EB0C054A43BBF9701009FB05F9BC18DF
:10E7A00041430AFB04FA42F25264089149036C4364
:10E7B00002EB0C050AEB040E2046914C8E4404FB40
:10E7C00007EE04F21B2404FB0794BF1A08FB07F8AA
:10E7D000A8EB0108444409946FF4A2646C43894D8A
:10E7E000641A05FB0245AA44874D05FB0C44ACEBBB
:10E7F0000205044442F6F84045438448294400FB9E
:10E800000C11894441F2995101FB0255089A3A448E
:10E810004544A2EB0C0C029A72444FEA8C0CD212C3
:10E8200043F8042C029AA2EB0E0E4FEAEE22C3F834
:10E830006821049A5244D2129A61049A0999A2EB6F
:10E840000A0A4FEAEA22C3F84C21069A2244D2125D
:10E850005A63069A141B019A6244E4121A65019ADB
:10E86000C3F83041A2EB0C00079A4A44C3F81401E4
:10E87000D212DA66079AA2EB09094FEAE922C3F835
:10E88000F820059A2A44D212C3F88820059A551B0D
:10E89000039A0A44ED12D212C3F8DC50C3F8A42044
:10E8A000039A521AD212C3F8C0200B9A5A457FF429
:10E8B00005AF0A9B13A8A3F104093433039341F66F
:10E8C0003743049359F8043F1C30789A50F8205C81
:10E8D0009F18029350F8283C50F8304C5A1B049B68
:10E8E00050F8386C04EB050803FB02FE50F8283C96
:10E8F00040F612221036E31A50F82CAC760302FBD5
:10E9000003FC50F8283C0EEB0C011A46404B3144F6
:10E9100003FB021142F6C6036FF41F7203FB086388
:10E9200002FB05323B4D05FB043350F8245C724476
:10E93000634450F834CC01930CEB0A0441F6EF53D6
:10E9400003FB04FBACEB0A0440F27353AC44AA444F
:10E950005C43314BABEB040E5C4441F2A33B03FB45
:10E960000AFA009B0BFB0CFC43F6DE3B5444E644E6
:10E970000BFB05CC02EB0E05E244A2EB0E0EC5F339
:10E980008945CEF3894E5D5D029B9C46789B0CF8D1
:10E990000350009B13F80E20BA710A19091BC2F329
:10E9A0008942C1F389419A5C7A705A5C019B7A7101
:10E9B00003EB0A02009BC2F389429A5C019BBA7086
:10E9C000A3EB0A0A009BCAF3894A13F80A303B7189
:10E9D00050F8283CA3EB080842F6415303FB0868B3
:10E9E000009BC8F3894813F80830FB70039B4B4524
:10E9F0007FF468AF6FB0BDE8F08F00BFFCC8FFFFC9
:10EA0000F0DBFFFF6EF2FFFF09B4FFFFE6C9FFFF77
:10EA100015C5FFFFF1B0FFFFE1D3FFFF2DE9F04F78
:10EA2000D3B0496DA2F1020A08930439D0F84C31F1
:10EA30008033009302F10A0309930AAB3AF902EF1B
:10EA400041F68D3951F8042F40F6F70BBAF96040C2
:10EA5000043302FB0EFED1F88050BAF94020BAF917
:10EA600020C04FEA4E3E554342F23172D1F8C060A9
:10EA70000EF5806E55430A6C664302FB0CFC42F6B1
:10EA8000B63276030EEB050002FB0CF24FEA4C3C6B
:10EA9000AEEB050502EB0608A2EB0C02ACEB06049C
:10EAA000BAF910C0961B0EEB0407AEEB0404AA19CA
:10EAB000BAF930E0029400EB08040592AA1B039413
:10EAC000A0EB08000C6E06920A6A04FB0EFED1F859
:10EAD000A04002FB0CFCBAF9502004905443BAF950
:10EAE0007000D1F8E0200CEB04060197424342F697
:10EAF000CF10774F02EB060800FB0EF5754809FBB7
:10EB000008F840F65B0900FB0EF009FB068905EBEF
:10EB100009060BFB0C6604EB020B07966E4E06FB18
:10EB20000BFB00EB0B0607FB04666C4FAEEB04041B
:10EB300041F2511E4E4407FB0C00A8EB0509684F3B
:10EB400043F2C62507FB020007F2534705FB029577
:10EB5000ACEB0202404441F67E0C02EB04085D443B
:10EB60000EFB08F807FB048E039F079C0CFB028238
:10EB70003C44E41243F8044C079C3F1B019C1444A2
:10EB8000FF12E412C3F804715C61019CA21AD21254
:10EB9000C3F8EC20059A3244D212DA62059A961B29
:10EBA000069A2A44F612D212C3F8D4605A64069A1E
:10EBB000551B029A7244ED12D212C3F8BC50DA65AA
:10EBC000029AA2EB0E04049A0244E412D212C3F891
:10EBD000A4405A67049A101A099AC0125245C3F801
:10EBE0008C007FF42BAF089B10A841F2A16BA3F11E
:10EBF000040C03F12C085CF8049F42F231745C9B16
:10EC000040F6B63750F8082CE04509EB030650F8FB
:10EC1000183C0BFB02F250F804EC03F1100300F176
:10EC200018004FEA433303EB0201A3EB420350F811
:10EC3000282C019304FB02F250F8243C01EB02055E
:10EC4000A1EB020150F82C2CAEEB030A02EB0E04F0
:10EC500007FB04F450F8247C1744A2EB0302009B4A
:10EC600004EB4737A2EB0E0E04EB4A3405EB070228
:10EC7000A5EB07054FEA4E3EC2F38942C5F389452D
:10EC80009A5C5C9B09F80320009B5A5D019B7271A2
:10EC900003EB0E02009BC2F389429A5C019B7270E7
:10ECA000A3EB0E03009AC3F38943D35C337101EBEA
:10ECB0000403A1EB0404C3F38943C4F38944D35C84
:10ECC000B370135DF37096D153B0BDE8F08F00BF01
:10ECD000B0D0FFFFAFEEFFFF8BDEFFFF5CEAFFFF70
:10ECE0008CC0FFFF2DE9F04FBBB0496DA2F1020CC3
:10ECF00006930439D0F84C3103F1800802F108037F
:10ED000008AA07933CF902EF41F69A2551F8043F0F
:10ED10000432BCF9400003FB0EFED1F88030BCF990
:10ED200020B0434342F29D404FEA4E3E00FB03F4C5
:10ED300040F6FC500EF5806E43430EEB040AAEEB3A
:10ED40000300E31ABCF96040AEEB4303BCF950E0AA
:10ED5000DB1200930B6C03FB0BFBD1F8C030634359
:10ED60000BEB03046C4341F2710505FB0B4B6E4D3D
:10ED700005FB03430C6ABCF970500AEB0B07C6187D
:10ED8000C31ABCF93000AAEB0B0B0193BCF910308D
:10ED90005C430B6E4343D1F8A00000FB0EFED1F89C
:10EDA000E000684303EB00091B1A40F6E3105843E8
:10EDB00002904FEA4E30039041F66F6000FB09F07D
:10EDC0000490DDE9020500EB050A049D42F6B3401C
:10EDD00000FB04505044059040F214706043451B02
:10EDE000AA4441F2CF2505FB09F9DDE90205281AFD
:10EDF00041F28C45A0EB0330E31A6543A3EB0E0E02
:10EE000042F65303A5EB09056343059C4FEA8E0EBA
:10EE10003C19A3EB0903E4121B1A284442F8044CE2
:10EE2000059C3F1BF418F61AFF12E412F612C2F802
:10EE3000B0701461C2F89C60009B73445362009BE5
:10EE4000A3EB0E03C2F88830019B0344DB129363EB
:10EE5000019B181A0BEB0A03ABEB0A0ADB12C01278
:10EE6000D3644FEAEA25079B5067634515667FF434
:10EE700049AF069B0DA941F64C1A4FF43569A3F131
:10EE8000040C243301935CF804EF1431449B51F8D3
:10EE9000184C0EEB030751F8200C51F8283C0219CE
:10EEA000001B103351F81CBC09FB00F051F8246C16
:10EEB0005B030AFB02F21D18009341F69A235419D2
:10EEC000AA1A06EB0B055D4341F2710303FB0656DC
:10EED000154B03FB0B5504EB060BA41B449BCBF318
:10EEE000894BC4F3894418F80BB00EF803B018F836
:10EEF0000440009B3C715419521BA3EB8003C4F3E4
:10EF00008944C2F38942C3F3894318F804407C70F2
:10EF100018F80220FA7018F80330BB70019B6345A3
:10EF2000B1D13BB0BDE8F08F5CBAFFFF2DE9F04FE7
:10EF3000A7B00493D0F84C31486D06A980330293F2
:10EF4000931E019300F110030593019B019AB3F9FD
:10EF500012A0B2F95280B2F96260B2F9724050F870
:10EF600004EB32F902CFB3F92270B3F932500EFB41
:10EF70000CFCB3F942300192BAF1000F68D1002FB6
:10EF800066D1002D64D1002B62D1B8F1000F5FD1A2
:10EF9000002E5DD1002C5BD14FEA8C030B600B611E
:10EFA0000B620B630B640B650B660B67059B0431EF
:10EFB0008342CAD1049B0AA841F2511941F67E0846
:10EFC0001E1F03F11C0CDFF894E156F804BF10304B
:10EFD000309A50F8184CB4450BEB020750F8202C2F
:10EFE00050F814AC50F81C5C02F11002029B02EBCA
:10EFF0000401A2EB040205EB0A044FEA413109FBCC
:10F0000004F44FEA423208FB05450EFB0A4401EBCB
:10F01000050AA1EB0501CAF3894AC1F3894113F836
:10F020000AA0309B0BF803A0029B5B5C0299FB706B
:10F0300002EB0403A2EB0402C3F38943C2F3894247
:10F04000CB5C7B708B5CBB70BFD127B0BDE8F08F11
:10F05000C26B4FEA4C3C02FB07F9D0F8BC7041F29E
:10F0600051127743C66F09EB070E734302FB0EFE86
:10F070005E0341F67E020CF5806302FB09E906EBB4
:10F08000030B364A9B1B02FB07EEABEB090209EBB5
:10F090000B0703920EEB0306D0F8DC20A3EB0E0364
:10F0A00002FB04F9D0F89C4042F2A15204FB08F89C
:10F0B000C46D04FB05FCC56905FB0AFA09EB0C05E8
:10F0C00008EB0A0E05EB0E045443254A02FB0545E6
:10F0D000244A02FB0E4409EB0A0E234A02FB0EFEF1
:10F0E00040F68E1205EB0E0BA64402FB09B943F263
:10F0F0000B0B1E4A0BFB0AEE08EB0C0A44F2B31B87
:10F1000002FB0AFA5544544446F2542A0BFB0844C5
:10F110000AFB0C5A07EB0E05A7EB0E0EED124FEA99
:10F12000EE270D6006EB0A05A6EB0A0A0F67ED1243
:10F130004FEAEA260D611D191C1B039BED120E669A
:10F140004B44E4120D62DB120C650B63039BA3EBD3
:10F1500009094FEAE9230B6428E700BFDFC4FFFF7A
:10F160003BC1FFFF84F3FFFF33E3FFFFFDADFFFF74
:10F170002DE9F04F95B0D0F84C014C6D951E00F183
:10F18000800E0432043C02AE0093019235F9021F56
:10F1900040F6B63354F8042F0436B5F940004A431C
:10F1A000D4F88010B5F920704143520341F2A160B8
:10F1B000B5F9309002F58062B5F95080414350189E
:10F1C000A2EB4102216CD212794342F231777943AA
:10F1D000B5F9107000EB010C401A216A7943276ED3
:10F1E00007FB09F9D4F8A07007FB08F801EB090A3E
:10F1F00001EB0807A8EB090B5F43019B07EB4A3AB9
:10F20000AB4207EB4B3BA1EB09070CEB0A01ACEB64
:10F210000A0CA7EB08084FEAE1214FEA880846F8F4
:10F22000041C4FEAEC21B16302EB0801A2EB0802D7
:10F23000B160F26200EB0B02A0EB0B0B4FEAE22293
:10F240004FEAEB2072613062A0D1009B05A941F228
:10F25000A16C42F2317B1D1F143355F8049F0C3111
:10F260001E9A51F8100CAB4209EB020651F8182C0B
:10F270000CFB00F051F8144C02F110021E9F0BFB26
:10F2800004F44FEA423202EB0008A2EB400208EB22
:10F29000040AA8EB0408C2F38942CAF3894AC8F3F6
:10F2A00089481EF80AA009F807A01EF80840B470A3
:10F2B0001EF802207270D0D115B0BDE8F08F0000AA
:10F2C0002DE9F04F8BB04C6DD0F84C61951E02A922
:10F2D000043C803602F1020C0F4641F2511841F60F
:10F2E0007E0E019335F9022F043154F8040FB5F95D
:10F2F0002090AC4500FB02F2206CB5F910A000FB99
:10F3000009F0B5F930B0234B02EB0009A2EB000283
:10F31000206A4FEA493900FB0AFA206E4FEA42326E
:10F3200000FB0BF00AEB000B08FB0BFB03FB00B030
:10F330000EFB0ABA09EB0A0BA9EB0A0A02EB000959
:10F34000A2EB000041F804BCC1F814A0C1F804907D
:10F35000C860C7D1002107EBC10057F83120019BDD
:10F3600002F50042446853F8215001311019121B74
:10F37000149B0429C0F30940C2F3094205EB030CB6
:10F38000305CE854B25C8CF80120E4D10BB0BDE8ED
:10F39000F08F00BFDFC4FFFF70B54C6DB2F90060A5
:10F3A0002168D0F84C017143B2F91060226A8030B4
:10F3B0000431049D72438C18891AC4F3C904C1F343
:10F3C000C901065D1C686655425C5B685A5570BD94
:10F3D00010B40268382454610268916103685DF8D2
:10F3E000044B1B6818472DE9F04F8B6885B08146A8
:10F3F0000C464FEAC31B8B69002601F1300A03FB60
:10F400000BF803922369B34202DC05B0BDE8F08F2C
:10F410009B1B6569E169AB426268A8BF2B46A56981
:10F420003544491B551B8B42A8BF0B46AB42A8BFB6
:10F430002B46002BE9DD03FB0BF5236853F8262050
:10F44000039B009543B1434651464846676BB84716
:10F450006369A8441E44D5E7434651464846276B96
:10F46000F5E700002DE9F84F4FF6F07306460D461C
:10F4700014469A42D0F8049002D90121FFF7A8FF60
:10F4800014F007031CBF0834E41A012D08D93368AF
:10F490000F2230465A6133689D6133681B68984774
:10F4A00009EB85080027D8F83400C8B9F7B91D4B17
:10F4B00004F1100A53F82530CAF580359D4228BF63
:10F4C0001D4605EB0A0B3046594600F0DBFB78B9C8
:10F4D0006D08312DF5D802213046FFF779FFF0E7AE
:10F4E0008368A34211D207460068DEE70E4BDFE7D0
:10F4F000D9F84C10002325445944C9F84C108560B4
:10F50000C0E900335FB9C8F8340043681A191033F2
:10F5100042608268121B82601844BDE8F88F386030
:10F52000F3E700BF147B04080C7B040801292DE9D4
:10F53000F04104460D4617469846466807D00368D2
:10F540000F225A610368996103681B68984729462E
:10F550003C222046FFF786FF069900220762C0E999
:10F56000011807990260C1608262B26CC262B06425
:10F57000BDE8F08101292DE9F04104460D4617460A
:10F580009846466807D003680F225A61036899615C
:10F5900003681B68984729463C222046FFF762FF14
:10F5A000069900220762C0E9011807990260C1604C
:10F5B0008262726CC2627064BDE8F08101292DE93B
:10F5C000F04106468846456812D903680F225A6101
:10F5D0000368996103681B68984705EB880400225B
:10F5E000E36BE2630BBB616B636369BBBDE8F081F6
:10F5F000F3D16C6C002724B9AF6C6C645FB9AF6455
:10F60000EBE7A36A2BB1A76204F13001A36B30468C
:10F610009847E46AEFE7BB6A2BB1BC6207F130019F
:10F62000BB6B30469847FF6AE8E7D3E900879A68E2
:10F6300019463046174410373A4600F02CFBEB6C65
:10F64000DF1B4346EF64CDE78B683046D1E9007499
:10F650001C441034224600F018FBEB6C39461C1B8E
:10F66000EC64C2E710B504460121FFF7A7FF0021B3
:10F670002046FFF7A3FF20466168542200F005FBF7
:10F68000002320466360BDE8104000F011BB2DE967
:10F69000F04702EB030816464A6805460C46DDF8BB
:10F6A0002090424504D3CA689A4201D30B6833B90B
:10F6B0002B68172228465A612B681B689847A36954
:10F6C000B34203D822691344434521D2A36A33B914
:10F6D0002B68472228465A612B681B689847636A43
:10F6E00033B1012221462846FFF77DFE00236362E5
:10F6F000A369002221462846B34229BF2369A66197
:10F70000A8EB030323EAE37328BFA361FFF76BFEB3
:10F71000E769474520D2B7420DD2B9F1000F1FD09B
:10F720002B681722374628465A612B681B68984772
:10F73000C4F81C8002E0B9F1000FF9D1226ADAB1F5
:10F74000A569A2687F1BA8EB05054FEAC21A4FEA1C
:10F750008708AF42236805D3B9F1000F0FD110E03D
:10F760003746EBE753F808005246002101371EF0F8
:10F770003FFA08F10408ECE7B9F1000F08D00123C3
:10F780006362A069361A206800EB8600BDE8F08746
:10F790002B68172228465A612B681B689847F0E7A8
:10F7A0004FF6F0739A422DE9F0410546884614461B
:10F7B000476802D90321FFF70BFE14F007031CBFB3
:10F7C0000834E41AB8F1010F09D92B680F22284632
:10F7D0005A612B68C3F818802B681B68984704F19E
:10F7E0001001284600F054FA064618B904212846AC
:10F7F000FFF7EEFDFB6C06F1100010332344FB64B1
:10F8000007EB8807FB6BC6E900340023B360FE6397
:10F81000BDE8F0812DE9F0474FEAC2184FF6F074C9
:10F82000064689461F464568B4FBF8F42CB90368C0
:10F8300048225A6103681B689847BC424FEA870216
:10F8400049463046A8BF3C462C650025FFF70AFE16
:10F850008246BD4202D35046BDE8F0877B1B494635
:10F8600030469C4228BF1C4604FB08F2FFF798FF75
:10F8700023460AEB85020BB92544EAE742F8040B5C
:10F88000013B4044F7E72DE9F0474FF6F074064698
:10F89000894690461F464568B4FBF2F42CB90368CC
:10F8A00048225A6103681B689847BC424FEA8702A6
:10F8B00049463046A8BF3C462C650025FFF7D2FDDF
:10F8C0008246BD4202D35046BDE8F0877B1B4946C5
:10F8D00030469C4228BF1C4604FB08F2FFF760FF3D
:10F8E00023460AEB85020BB92544EAE742F8040BEC
:10F8F000013B4044F7E700002DE9F8430025476845
:10F9000080467B6C2E46E3B9BB6C2BBB002E16DD0C
:10F91000FB6C2A463146404600F0C0F9854228DD9E
:10F9200090FBF6F6012EB8BF01267C6C4FF0010962
:10F93000002504BBBD6C4FF00109002D40D1BDE88E
:10F94000F8831A6832B9D3E9022101FB02665968CB
:10F9500001FB0255DB6AD6E71A6842B95A68D3E957
:10F9600002014143424306EBC11605EBC215DB6AB7
:10F97000CBE7264ED9E72368A3B96268E168531E36
:10F98000B3FBF1F301339E420EDB226123690121B7
:10F99000A2684046FFF777FF20603B6DE561656236
:10F9A000C4E90535E46AC4E7A368714340462161B0
:10F9B00004F130015A4300F073F9C4F82890E5E7E8
:10F9C0002B68A3B96A68E968531EB3FBF1F30133EE
:10F9D0009E420EDB2A612B690121AA684046FFF78F
:10F9E00019FF28603B6DEC616C62C5E90534ED6A76
:10F9F000A3E7AB68714340465A43296105F13001E2
:10FA0000D20100F04DF9C5F82890E4E700CA9A3B0E
:10FA10002DE9F04F164685B01A440C460546029271
:10FA20004A68F1188A4204D3E2689A4201D32368F3
:10FA300033B92B68172228465A612B681B689847F0
:10FA4000A369B3420ED822691344029A934209D3A0
:10FA5000E369029A9342C0F083800E9B002B40F032
:10FA6000AB80ABE0A36A33B92B68472228465A61C2
:10FA70002B681B689847636A7BB1A3694FF0000A43
:10FA8000D4F8089003FB09FB04F1300303932369C6
:10FA9000A26953453EDC00236362A3694FF0000A6C
:10FAA000D4F80890B34225BF2369029AA661D31AFD
:10FAB00024BF23EAE373A361A36903FB09FB04F1F9
:10FAC000300303932369E1695345C1DDA3EB0A03C6
:10FAD0006269A06993425044A8BF13466268091A3C
:10FAE000A2EB00088B42A8BF0B464345A8BF434684
:10FAF000002BADDD03FB09F822685B460399CDF8C6
:10FB00000080284652F82A20C344276BB84763690F
:10FB10009A44D7E7A3EB0A03616902EB0A0862681B
:10FB20008B42A8BF0B46E169A1EB0801A2EB0808D4
:10FB30008B42A8BF0B464345A8BF4346002BAADD16
:10FB400003FB09F822685B460399CDF8008028463C
:10FB500052F82A20C344676BB84763699A4496E712
:10FB6000B3420CD20E9B1BB32B68172228465A6156
:10FB70002B681B6898473346029AE26102E00E9AAE
:10FB8000002AF9D1226AAAB1A269D4F808809D1A84
:10FB9000029BAF00A3EB02094D452368BFF45DAFA4
:10FBA000D8594246002101351EF022F80437F3E708
:10FBB0003346E7E70E9B4BB101236362A069361A17
:10FBC000206800EB860005B0BDE8F08F2B68172297
:10FBD00028465A612B681B689847EFE7002370B5E9
:10FBE0000546436000F062F854210646284600F0BE
:10FBF00049F8044658B9284600F05AF82B683822CC
:10FC000028465A612B689C612B681B689847124BE9
:10FC10002360124B6360124BA360124BE360124BE4
:10FC20002361124B6361124BA361124BE361124BD0
:10FC30002362124B6362124BA3624FF48033C4E918
:10FC40000B630023A36323646363E363C4E9113399
:10FC50005423E3646C6070BD65F40108A1F70108EA
:10FC600087F8010815F8010875F501082DF5010858
:10FC7000F9F8010811FA01088FF60108BDF501082D
:10FC800065F601080846F3F783BB0846F3F714BC92
:10FC90000846F3F77DBB0846F3F70EBC10467047E5
:10FCA00002683321516103681B68184700207047C0
:10FCB00070472DE9F74FD0F8E041D0F878C0D4F87C
:10FCC00018E00024D0F870B02CEAEC780193019B86
:10FCD0009C4202DB03B0BDE8F08F52F8245051F88B
:10FCE000246005EB0B094D450FD10134EFE716F801
:10FCF00000A05EF82030013013F80AA05744604598
:10FD0000F5DB464405F8017BEDE700200746F6E702
:10FD10002DE9F047D0F8E041D0F870900020A469B8
:10FD2000D4E900CED4F80880984201DBBDE8F08722
:10FD300052F8205051F8204005EB090A554504F1CE
:10FD4000030401D10130EFE714F8036C1CF80670CE
:10FD500014F8026C1EF80660374414F8016C18F8A9
:10FD600006603E4405F8016BE8E72DE9F04F9B463D
:10FD7000D0F8E03189B0006F9C6907922568059042
:10FD800002956568A4680395049400245C4502DB31
:10FD900009B0BDE8F08F186B079A8501059E52F8EF
:10FDA00024700095BE19D3F83480D3E90E950696D9
:10FDB0000026019551F82450069A0335974205D143
:10FDC0000130013400F00F001863DFE7009A15F8E6
:10FDD00003EC02EB860C029A0136964458F80C208C
:10FDE00006F00F061EF802A015F802EC039A9644DE
:10FDF00059F80C201EF802E0019AF24415F801ECC3
:10FE000052F80CC0049A96441EF80CC0E24407F85D
:10FE100001ABD1E7F8B5026F0446D0F8E0610027E6
:10FE2000023244365500A36FBB4200DCF8BD636864
:10FE30002A46012120465B680137984746F8040BA3
:10FE4000F1E7704702682F21516103681B6818476A
:10FE50002DE9F04F93B0D0F87080D0F878B08A4692
:10FE60000F93D0F84C31D0F8E0510C9308F1FF33E8
:10FE7000079303FB0BF30A9308F101035B000B9359
:10FE8000131F069300230493049B0F9A934202DBF3
:10FE900013B0BDE8F08F069B42460021002653F8C0
:10FEA000040F06931DF0A4FECBF1000311935E45F1
:10FEB000696D09DB049BB1FA81F10AF1040A490971
:10FEC000013369650493DFE7B000DAF80030069A81
:10FED0002C1833441268646C019400292ED00A99BE
:10FEE0004FF0FF3C0B4407990A44119903912146B6
:10FEF0000B9C21440191A9694FEA4C07039C0958C6
:10FF00006442DDF804E00D9129691094CCF10004FD
:10FF10000958002002930E910146CDF814800890F4
:10FF200009946244DDE902431C44059B029453B9E1
:10FF300008FB07F7019B0136D853B8E7CDF80CB0A2
:10FF40004FF0010CD7E73EF90790029B4944109C03
:10FF500008311C5D0C9B03EB21110D9B0C5D13F80C
:10FF60000490099BD15C4944D1540E9B13F80910AD
:10FF7000089B641A4FEA4409089404EB09010844F9
:10FF800049440B44AEF800004944BE441846059B62
:10FF9000013B0593C5E72DE9F04F89B0866FD0F896
:10FFA000E041171F06938846036F002500937342B4
:10FFB0000793069B9D4202DB09B0BDE8F08F009AD3
:10FFC000002157F8040F04F134091DF011FE236BD2
:10FFD0009A01019303920022B24208DB019B013592
:10FFE00008F10408013303F00F032363E1E7A1697B
:10FFF000009851F82210049159F8041B0291D8F886
:020000040802F0
:10000000001001EB020C3968084405900020059BA4
:10001000B444994201D10132DEE7029B91F800E03D
:1000200003EB800B079B01301CF803A0039B00F03F
:100030000F005BF803B0049B9A441AF80BA0D64457
:1000400001F801EBE3E72DE9F04790F85830012182
:10005000D0F8E0510646012B05F1200813BF00241B
:10006000EB614FF4FF74EC61436804F580729F68A4
:10007000836FB847D5F814E00021A861B36F8B42B5
:1000800001DCBDE8F08758F8042B8F009EFBF2FEE0
:100090002CB1A86950F82130FF3340F8213002F12B
:1000A000FF39AB69FE324FEA490AD859002792FB63
:1000B000FAF2BC467B000333C3EB03234B4404E05A
:1000C00093FBFAF2013703F5FF736245F8DB17FB88
:1000D0000EF300F80C300CF1010CBCF5807FE9D177
:1000E00074B1034600F1FF02A0F1FF0790F800C0D1
:1000F00003F801CD9F4290F8FFC002F801CFF5D17F
:100100000131BBE72DE9F047D0F8E05104462B69F7
:10011000C0F888306B69C0F8843090F85830012BF3
:1001200012D009D3022B62D0036831225A610368CE
:10013000BDE8F0471B681847836F032B0CBF384B93
:10014000384B6B60BDE8F087836F032B0CBF364BD9
:10015000364B6B6000232B63EB690BB9FFF773FF22
:100160006D6B002DEED1D4F8E07107F12008464602
:10017000A36F9D42E6DA56F8049B424600239D4257
:1001800007D052F8041B89452FD107EB8303586B26
:1001900040BB63684FF48062012120461B6898478A
:1001A00009F1FF328446DFF88CE0520200F58069E5
:1001B00000211EF801305B00C3F1FF03D3EB0323E2
:1001C00045BF5B4293FBF2F393FBF2F35B424CF8C7
:1001D000213001311029ECD10CF1400C0EF1100E40
:1001E000E145E5D130610135C2E70133C7E7104B86
:1001F0006B6000236B656B6C0BB9FFF70BFE226F16
:100200004435002702325600A36FBB429ADD3246C6
:10021000002155F8040B01371DF0EAFCF4E700BF9C
:1002200011FD0108B3FC01086BFD010897FF0108EF
:1002300051FE0108287B04082DE9F04F436887B080
:10024000582201211B68044698476E4BC4F8E00110
:1002500003606D4B83606D4BC36000234364436355
:10026000A36F042B09DD2368392220465A6104223A
:1002700023689A6123681B689847236EB3F5807FD3
:100280000ADD23683B2220465A614FF480722368BE
:100290009A6123681B689847D4F8E0614FF0010821
:1002A000A76F06F1200BD4F860A008F1010201212C
:1002B00013468F424FDC9A454BDAB8F1010F08D153
:1002C00022683A21204651612268936123681B68A5
:1002D0009847002301259F4240DCDFF834E10020ED
:1002E00003469F4240DC0028F9D1A26F2368032A0D
:1002F0004FD19D61326ADA61726A1A62B26A5A62D9
:10030000602223685A612368012120465B68984770
:1003100063682A4601219F682046A36FB847AE460E
:1003200080464FF0000C0190CDF80CB0A36F9C45B7
:1003300034DB019B2046C6E90435FFF784FE94F8C0
:100340005830022B5BD1204607B0BDE8F04FFFF7D5
:1003500061BD9046A9E753430131AAE74BF82380DA
:10036000013308FB05F5B6E794F82920022A0CBFF3
:100370005EF823C09C465BF82C2095FBF2F101321D
:1003800051438A45AFDB4BF82C20013301200D4649
:10039000A7E761225A6123689D61B4E7039B0022AD
:1003A00053F804AB03930AF1FF339EFBFAF902936F
:1003B0005B10049313469A4505DC0CF1010C08F11F
:1003C0000408CE46B2E7049FC3EB03213944029FE1
:1003D00091FBF7F105911146A9420EDB01334A4426
:1003E000E9E7D8F8000038440137834605980BF850
:1003F0000100B945F5DC7144EEE70027F9E707B0E5
:10040000BDE8F08F0501020843FE010845FE010822
:100410001C7B04082DE9F043D0F8E0210025D0F83A
:1004200070C04FF0020E97694FF6FF789D4201DBD6
:10043000BDE8F08351F82520664603320EB9013538
:10044000F4E712F8010C12F8034C4FEAD00912F845
:10045000020CE408800880011EFB090057F8249074
:1004600039F800400134A4B224B129F80040013E1B
:100470000332E3E729F80080F9E738B5436840F232
:10048000FC720121D0F8E0411B68984700F57F73AA
:1004900000F57E7100F58062A362002341F8043FFD
:1004A0005C42013342F8044D102BF7D100F587640C
:1004B00000F570716FF011025D4244F8043F41F89D
:1004C000045D02F00105013A2B4412F1320FF3D121
:1004D00000F5976100F550725C4241F8043F42F824
:1004E000044D8242F9D138BD7047D0F8E031012285
:1004F000DA617047F8B5D0F8E051044690F858300A
:10050000AF69002B53D0022380F85830F9B12A4B41
:100510006B602A4BAB600123EB61EB6963B13C1F5D
:100520007C3754F8040F4FF4805200211DF060FB1B
:10053000BC42F6D10023EB61F8BDB3F5807F18DD36
:1005400023683B225A614FF4807223680CE01C4BF5
:100550006B601C4BAB60D4F88430002BEDDC23685F
:100560003A225A61012223689A61204623681B6857
:10057000984794F85830022BCFD1236F06265E435C
:100580002B6A0C3633B963683246012120465B681A
:100590009847286232460021286A1DF029FBAB6A81
:1005A00013B92046FFF769FF00236B62B5E7002906
:1005B000ADD1054BCCE700BF15040208670D02085A
:1005C000750B0208E9040208F90A02082DE9F04F48
:1005D000D1E9005385B08669D1E904C401934FEA9B
:1005E0004C030293019B9D42D1E9027061DABB0189
:1005F0006FF0010B03932B460BFB0CFBDDF80C900B
:10060000B8460DE0029A4A4402EB0B0E56F823203E
:100610007244E64674450CDA08F1010809F1400914
:100620004045EFDA0133019A9A42E7DA2B46019D01
:1006300030E032F81EA0BAF1000F15D0019A0B601D
:100640009A42F4DC874280F285806FF001024FEA23
:10065000871A02FB0CF203923A46029D9E460AEB71
:100660000509039DA9442EE00EF1010ED2E7029A7E
:100670004A4402EB0B0E56F825207244E6467445B8
:100680000CDA08F1010809F140094045EFDA013DB3
:100690009D42D7DBDDF80C90B846F6E732F81EA095
:1006A000BAF1000F02D04D600195CBE70EF1010EBB
:1006B000E5E72B46C6E756F82E50E0464D44444544
:1006C0000EDA0EF1010E019DAE45F4DD01320AF1A4
:1006D000400A9042C1DA3A464FEA8019074627E0BD
:1006E00035F818B0BBF1000F0FD090428A60F3DCF0
:1006F000A44580F29F804FEA821B6546029F9E467A
:100700000BEB070808F140082EE008F10108D6E7D6
:1007100056F82E50E0465544444510DA0EF1010ECD
:10072000019D7545F4DA013FA9F140099742DFDBED
:10073000029D9E4609EB050A039DAA44F0E735F8A1
:1007400018B0BBF1000F02D0CF603846D0E708F1F7
:100750000108E1E73A46CBE756F82E709146474448
:1007600081450FDD0EF1010E019F7745F4DA029FFE
:1007700001350237AC420297C0DA65464FEA4408B9
:10078000A44644E0403737F880ACBAF1000F29D0D6
:10079000AC420D61F2DC019FA4EB050C6FF0010B84
:1007A0004FEA450AA7EB030E871A0BFB05FB4FEA3E
:1007B000C7084FEACE0E08EB87084FEA0C1708FB74
:1007C00008F80EFB0E8E07FB07E706EB830E96017B
:1007D0008F6102960026019F9F424ADACE6105B0E2
:1007E000BDE8F08F09F10109BAE756F82E7092467C
:1007F0004F440297504510DA0EF1010E019F7745E4
:10080000F3DA0CF1FF3CA8F10208AC45C3DB0BEBBB
:1008100008099E4609F14009F0E7029F4037029718
:1008200037F8807C1FB1C1F814C06446B3E70AF101
:10083000010ADFE76546AEE70AEB090707EB0B0C99
:10084000DEF800706744AC460397644509DA08F1A6
:10085000010809F140094045EEDA01330EF1040EBA
:10086000B9E7039F37F81C7007B101360CF1010C92
:10087000EBE7DDF808909046EDE72DE9F04FADF29B
:10088000B45D002502900693D0F8E031D0109B694A
:1008900040010793831C1E300093069B9C10CDE9FA
:1008A000041264018910231D1C344901019301F1D4
:1008B0000409029B1C31D3F8848009EB01035B100F
:1008C0000893009B03EB000B019B03EB040A4FEA28
:1008D0006B0B6FF000434FEA6A0A0393A8453FDCB5
:1008E00000206CA92CAC0246904500F39A800023AE
:1008F0006FF0004241F823200133802BFAD100240D
:10090000844240F09780049A0025069B22F0030160
:10091000079A23F0030302EB8101059A5B0022F0A2
:10092000070292010CA814AC1746284404EB050CEE
:10093000DC190E6800F1040E344410F8016B013626
:10094000704524F8026BF8D1844507F14007EFD1D8
:1009500020350431802DE5D10DF2B45DBDE8F08F76
:10096000029BD3F888703B685A5D91452CDDA2EB61
:10097000090C521A0CFB0CFC52437B68009E5B5D19
:100980009E4234DDA3EB060E0EEB4E0E0EFB0ECC9C
:100990001B1A03EB4303019E03FB0322BB685B5D51
:1009A0009E4232DD9F1B7F0007FB07CC1B1B5B00B9
:1009B00003FB03236CAA42F825C00135039A9A422F
:1009C000A8BF1A46039289E7914206DAA2EB010C0E
:1009D000A2EB09020CFB0CFCCEE7089B4FF0000CCD
:1009E0009342ACBF521AA2EB09025243C5E79842A8
:1009F00008DAA3EB000E0EEB4E0E0EFB0ECC009EA3
:100A00009B1BC6E79B45FADBC2E79C4206DA1F1B2D
:100A10007F0007FB07CC019E9B1BC8E79A45FADBCA
:100A2000C4E751F82230039D9D42A4BF22540130F7
:100A3000013259E72CAB009D019E4FF0000C13F8DA
:100A400004E0029BD3F888104A680B6812F80E2065
:100A50008968AA1A13F80E3011F80E1002EB420240
:100A6000A9EB0303711A02FB02F5490003FB0355CE
:100A7000043301FB015508311B0149010395182579
:100A80000A916CA96A43C91A02F1900502F519622C
:100A90000B91099508920CAA099D039F02EB0C0A81
:100AA0000B9AD61817E056F821204245C8BF46F8E1
:100AB0002180D844C8BF0AF801E001310BF5007B62
:100AC0000429F0D12F44089A05F5907510360AF1E3
:100AD000040AAA4204D0DDF828B0B8460021E2E7B3
:100AE000039A0CF1200C1A44BCF1800F03F180032F
:100AF0000392D0D1013403E72DE9F04F85B0804651
:100B00008A46934603930025D0F8E0319B69009311
:100B1000036F0193039B9D4202DB05B0BDE8F08F9C
:100B20005BF825605AF82540019B0334F3180293C3
:100B3000029B9E4201D10135ECE714F8022C022001
:100B400014F8013C920814F8031CDB089701C9084B
:100B500010FB0377009850F8219039F8070010B97E
:100B60004046FFF78AFE19F807300334013B06F8C8
:100B7000013BDDE72DE9F04F9DB0D0F8E051834611
:100B80001A93AB691493036F0393D0F84C310C9311
:100B9000AB6A0D93D0F88830CDE918121A68159217
:100BA0005A689B6816921793039B039A03EB4303BF
:100BB000033B1293062302FB033313930023029398
:100BC000029B1A9A934202DB1DB0BDE8F08F029A95
:100BD000189B53F82260199B53F822302A6A01921D
:100BE0006A6A002A36D0129A13991644039A013A77
:100BF0001344019A0A44019200226A626FF00202D1
:100C00000A924FF0FF32049200240A9A0498214677
:100C100052000E9440420692049A1B9013442246BE
:100C20000593039B0B93019B00932346CDE9084456
:100C3000CDE90F440B9898B9039A069B0199534349
:100C40000898019AC8521A44099B5380029B9480C9
:100C50000133B4E701226A6203220A920122D2E739
:100C6000069F0098384407900098C75F3A4402F105
:100C70000807079AB2F90220114401F10802079906
:100C8000B1F90400391112110C9F03440D98083377
:100C900050F8211050F822201B1139443A4450F8E2
:100CA000233030783B4411F800A07178149812F882
:100CB00001904FEAEA01B27850F8210013F802805F
:100CC0004FEAA90211904FEAE803970107EB4307A7
:100CD000C05B10B95846FFF7D0FD119B059ADB5B4E
:100CE0001B99013B0098009F5354159A0899D25CB8
:100CF000AAEB020A169AD25CA9EB0209179AD35CF6
:100D00004FEA4A02A8EB03080AEB02031944134412
:100D100001801A440E990998194408914FEA490133
:100D200009EB010318440B44788019440F981844C8
:100D300009904FEA480008EB00031C440344BC80C0
:100D4000109C1C4403440A9806440B9801380B90ED
:100D5000DDE904703844059007980090CDE90F98BC
:100D6000CDF838A066E72DE9F04F93B0D0F8E03128
:100D700001214FF0010A03934FF002091B69019012
:100D8000C0F88830039B5B690293029A4368520162
:100D90001B68984700231F223F218360054642615C
:100DA000A846C0E90313C0E90032019B0146D3F80D
:100DB000E001FFF70BFC2B46029A524534DC002180
:100DC0000022D8E90003CDE906220C93D8F80830B8
:100DD0000493D8F80C300D93D8E904530E936B00AC
:100DE0001093019BD3F8E0319B6903EB800BC300A8
:100DF00004330893049B9B010993049B9B000233DB
:100E00001193EB0004330F936FF001036B430B93CB
:100E100013460C9C8442C0F2A880119CDDF824E0AB
:100E20000294049C05947EE0029AB2EB4A0F3EDBEA
:100E3000002128460E460F46C269BA4204DD846985
:100E4000002CC4BF0146174601362030B245F3D10D
:100E50000029B5D04A6803F1200B5A62CA68DA62E9
:100E60004A695A630A681A628A689A620A691A6346
:100E7000D1E900200492821A4FEAC20ED1E902267B
:100E80000592B21A4FEAC20C0CEB820CD1E9044273
:100E9000171B3F01BC45C0F29E80E64516DC059A53
:100EA000164496FBF9F6CE6001369E6215E00021ED
:100EB0002A4608460E4697690130B742C4BF11461C
:100EC0003E46824502F12002F5D1C1E7049A104462
:100ED00090FBF9F0486001301862019B0AF1010AA9
:100EE000D3F8E001FFF772FB019B5946D3F8E0010C
:100EF000FFF76CFB5B465FE7109CDBF800700EEBC6
:100F000004060B9CDDF83C902644BC192F460A943D
:100F10000E9CBC4212DA059C0EF1400E029E01347A
:100F20000436059402960D9C059EB442E4DA089EB0
:100F300001300BF1040B083608966AE70A9C34F876
:100F4000176076B1089C334406FB0922A446069C30
:100F50000CFB06440694029CA446079C0CFB06442A
:100F60000794013709F10809D2E701985D1008F1EB
:100F70002008D0F888002A4406680698284490FB88
:100F8000F3F070540198D0F8880046680798284418
:100F900090FBF3F07054019892FBF3F3D0F88800C3
:100FA00080684354013151457FF40AAF019B6222AE
:100FB0000198C3F884101B685A61019B1B689961F2
:100FC0000121019B1B685B6898470123039AD36149
:100FD00013B0BDE8F08FBE453FF778AF224492FBD7
:100FE000F9F24A6101321A6377E70000F8B5436805
:100FF0002C22012104461B689847344BC4F8E001B9
:1010000005460360324BC360002303628362A36F13
:10101000032B06D02368302220465A6123681B68C0
:10102000984763680026802201211B682046984764
:10103000A86163684FF48052AF6901215B68204664
:101040009847B8510436802EF3D10123EB61E36E4B
:10105000002B38D0266E072E2BDC23683A225A61EB
:10106000082223689A61204623681B6898476368B2
:101070003246012120469F680323B847C5E904068C
:1010800094F8583013B1022384F8583094F858304B
:10109000022B1AD1236F0622204601215A4363688E
:1010A0000C325B68984728622046BDE8F840FFF79D
:1010B000E4B9B6F5807FDADD23683B225A614FF44C
:1010C00080722368CEE72B61DAE7F8BDF5040208E9
:1010D000EB0402080844013890FBF1F070474B1E06
:1010E000184490FBF1F301FB1301401A704770B5EF
:1010F000049C00EB810502EB8306002C00DC70BD34
:10110000059A013C55F8041B56F8040BE7F7D0FB91
:10111000F3E70B46D20101461846E7F7C9BB704713
:10112000DFF834D0002103E00C4B5B58435004310E
:101130000B480C4B42189A42F6D30B4A02E00023AC
:1011400042F8043B094B9A42F9D3ECF771FE1CF0CC
:10115000D9F9ECF735FF7047000005201CA2040800
:1011600000000020780A0020800C00203C6C012048
:10117000FEE78088704770B503680C46002105467D
:101180005B6A984706462B682846A41B1B6AA4B2D4
:101190009847B4FBF0F070BD00238380704710B512
:1011A0000368044681885B6A9847A3880133A3805B
:1011B00010BD03685B6A184770470000024A02606E
:1011C00000228280704700BF1C810408806A70473B
:1011D00010B503680446D3F8C830984710B12046CC
:1011E000E8F724F910BDC0F8E0107047D0F8E0002F
:1011F0007047704710B50446E42119F0E3FD20461E
:1012000010BD38B504460D4600F062F984F8DE5092
:1012100038BD2DE9F3411746BDF9205000220446A0
:101220000E46984611460095B830E8F7A6F94346B1
:101230003A4631462046089502B0BDE8F04100F03C
:1012400023BA30B5044685B000F095F994F8B4306F
:10125000032B14D8DFE803F002021010B4F860107A
:10126000204600F0AAF900B294F8B430032B30D82D
:10127000DFE803F007314264B4F86210F0E70020C1
:10128000F2E7B4F962300022B4F9C050009311467D
:10129000034604F1B800E8F770F9B4F9C030294604
:1012A0009D42A5EB0305B4F9C220A8BF1946002D45
:1012B000ADF80E20ADF808104FF00001B8BF6D4238
:1012C000ADF80A10ADF80C5002A904F1580007F06F
:1012D000F7FF05B030BD21890022B4F96230091A48
:1012E000B4F9BC500093034609B204F1B800E8F722
:1012F00044F9B4F9BC30D2E70022B4F96030009070
:1013000004F1B8001146B4F9C250E8F736F9B4F95F
:10131000C23000219D42B4F9C020ADF80810294622
:10132000A5EB0305A8BF1946ADF80C20002DADF8BC
:101330000A10B8BF6D42ADF80E50C5E7B4F8622090
:101340000021B4F96030121A009004F1B800B4F929
:10135000BE5012B2E8F711F9B4F9BE30D9E7000077
:1013600010B5044600F05AF80122174B04F158005A
:1013700004F1B80184F8DD20144A23600023C4F886
:10138000B820FF22A4F8BC30A4F8BE30A4F8C030C6
:10139000A4F8C230A4F8C430A4F8C630A4F8C83009
:1013A000A4F8CA30C4F8D430A4F8D830A4F8DA309D
:1013B00084F8DC3084F8DE20C4F8E030C4E933334C
:1013C00000F0EEF9204610BD508104084C87040857
:1013D00090F8B4007047704710B50446B82119F072
:1013E000F1FC204610BD70B5044680F8B4105830AA
:1013F00007F015FF23682046D3F8B050D3F8BC306F
:1014000098472B4601462046BDE87040184790F8A3
:10141000B4308B4201D0FFF7E6BF704710B50446E9
:1014200000F05EF9034B20462360002384F8B430BB
:1014300010BD00BF34820408B0F95C007047B0F9F9
:101440005E007047B0F960007047B0F96200704705
:10145000F8B51E4603680F4604461546C0E921123A
:10146000D0F88C10D3F8B03098473EB9ED1BA4F8F3
:101470009050BDF81830A4F89230F8BDA4F89060F0
:10148000F7E710B5D0F884400C60D0F888101160F0
:10149000B0F890201A80029BB0F892201A8010BDFC
:1014A00010B5D0F884400C60D0F888101160B0F806
:1014B00090201A8010BDD0F884300B60D0F88830AE
:1014C00013607047C0F894107047D0F88C007047D4
:1014D00080F85410704790F854007047704710B56A
:1014E0000446B42119F06EFC204610BD70B5D0F84A
:1014F0008450044616468D42B8BF0D46D0F8881079
:101500008D42A8BF0D469AB903682946D3F8B0307A
:101510009847D4F8B00068B30368DB68984748B3CD
:10152000D4F8B00021460368BDE870409B681847B6
:10153000D0F8A430002B08DD06F046FC214604302C
:1015400006F08FFC002384F8983023682046D3F8F7
:10155000BC3098470023C4F8A460C4F8A830C4E99C
:10156000270506F031FC2146043006F023FD012357
:1015700084F8983070BD10B5D0F884300446994294
:10158000B8BF1946D0F888309942A8BF1946D0F89C
:101590008C308B4210D0C0F88C10D0F8AC0058B111
:1015A0000368DB68984738B1D4F8AC00214603687B
:1015B000BDE810409B68184710BDF7B504460D46BE
:1015C000A9B1B0F8926001ABB4F89010D4F88C7067
:1015D000891BD0E92102121A381A08F0A1FB29460A
:1015E00001ABB4F89020304408F09AFB85B228464D
:1015F00003B0F0BD70B590F898300446002B35D09C
:10160000D0F8A8000021D4F894500130D4E9273252
:10161000C4F8A80080B2D21AB4F8A43012B2A84715
:10162000D4F89C10236801442046D3F8B030984782
:10163000D4E929329A4219DB0025C4E9295506F07C
:10164000C3FB2146043006F00CFCD4F8B00084F84B
:10165000985058B10368DB68984738B1D4F8B000A7
:1016600021460368BDE870409B68184770BD70B59F
:101670000368044615469B6B984723682946204615
:10168000DB6BBDE8704018472DE9F0410446BDF919
:10169000187098460E461546A4F85C10A4F85E2013
:1016A00019463A465830FFF7E2FF4644B4F908308D
:1016B0003D44B342B4F90A30B8BF2681AB42B8BF4B
:1016C0006581BDE8F08110B504462C3003F06BFF56
:1016D000B4F936202046B4F93410FFF7C8FF10BD26
:1016E000F7B504460025E7F723FF244B26464FF6BF
:1016F000FF7726222946A56246F82C3B3046ADF8F6
:1017000004701CF075FA3046E7F712FF02A91C4B73
:10171000304684F8547004F15807E36231F8043D10
:10172000A4F8523003F03FFF3846E7F701FF154BAE
:1017300029463046A365642384F89850C4F8903055
:10174000C4E92235104BC4E92055C4F89430C4E9EB
:101750002755C4E92955C4E92B55E7F770FE2946FA
:101760003046E7F76EFE3146204600F019F8204675
:10177000394600F015F8204603B0F0BD1083040888
:101780002C880408E4830408FBA30208836A002071
:101790002BB120B95A1A9B6950425041F8E7704763
:1017A000002348618B61836A13B9816270471346D5
:1017B0009A69002AFBD1996170470022836A23B19C
:1017C00099698162C3E90522F8E7704700238362C3
:1017D00070470022028042808280C280704770B5CC
:1017E0000D461646846A3CB1236820463246294697
:1017F0005B6D9847A469F6E770BD38B50D46846AFD
:1018000034B12B68214628469B689847A469F7E7BE
:1018100038BD704710B504462C2119F0D3FA204684
:1018200010BD836A9BB18B4209D19A69002159612D
:10183000826202B970479961704713463AB19A695A
:101840008A42FAD18A699A610023C1E90533704757
:1018500010B4836A04462BB9036811465DF8044B43
:101860001B6E184741B99361826254615DF8044B65
:10187000704703460028F9D099429869F9D19061E0
:101880008A61F2E72DE9F0411F4690F824300D46B9
:10189000164603B13860846A14B394F82530EBB16E
:1018A000B4F904108D4219DB89B223890B441BB2B1
:1018B0009D4213DAB4F9062096420FDB92B2638997
:1018C00013441BB29E4209DA2368B21A691A2046F1
:1018D000D3F8248012B23B4609B2C047A469DBE7C3
:1018E000BDE8F0812DE9F04F6D4CA1B006462468AB
:1018F0002A9D94F84990002403932C802B9D2C80E2
:101900001C60CDE90112FFF7BDFFB9F1030F40F3F1
:10191000C18031460CA807F01DFDBDF9303006939B
:10192000BDF932300793039BD3F800A0BAF1000F42
:1019300000F0B380514610A807F00CFD0220BDF95D
:101940004410019B069A91FBF0F19D18BDF94030BF
:10195000079A1944029B1344BDF946206D1ABDF93C
:10196000421092FBF0F20A449B1A5B4305FB0535DB
:101970004C4F10ACB9F10C0F0FCF0FC40FCF0FC4E9
:101980000FCF0FC497E80F0084E80F004FF0030358
:10199000D8BF09F1FF324FF00004CDF80090CCBF62
:1019A000984692FBF3F8631C10AA04F001044FF070
:1019B000000B0893009B02EB441493FBF8F30434F0
:1019C0009BB20493049A54F8043C13FB02F3019A6B
:1019D0009BB299180593B6F9043009B299424DDBD0
:1019E000328913441BB2994248DA049B276817FBDB
:1019F00003F7029BBFB2FA18B6F9063012B29A4248
:101A00003CDB708903441BB29A4237DA002330462C
:101A10000B930BABFFF736FF0B9A7AB352452DD0E1
:101A200011460EA8099207F095FC4FF0020EBDF981
:101A30003C10069ABDF93800019BBDF93EC0134425
:101A4000079A91FBFEF19CFBFEFC0144581A029B95
:101A5000BDF93A101344099A8C44A3EB0C035B4381
:101A600000FB0033AB4208D20B991D46039801607E
:101A70002A99059808802B990F8092460BF1010B4B
:101A80000834BBF1040F9DD1009B089C4B44444596
:101A9000009388D121B0BDE8F08F4FF0FF3567E7A4
:101AA000E45E0120482C04082DE9F043B1F90070F0
:101AB0008C88B0F900903C44A4B20FFA84F8C14578
:101AC0002FDA82884A4492B20FFA82FE774528DAEA
:101AD000B1F90250CB88B0F902602B441BB29E4290
:101AE0001FDAC38833449BB20FFA83FC654518DACA
:101AF0004F45B8BF4F46B542B8BF3546F045D8BF91
:101B00002246D21B82804A88C98807800A444580C1
:101B100092B211B28C45A8BF13465B1BC380BDE8CF
:101B2000F0830023038043808380C380F7E7B0F90C
:101B30000430002B06DDB0F906000028CCBF0020E1
:101B400001207047012070472DE9F0410023044631
:101B50008D6A038043808380C380002D40D0281D80
:101B6000FFF7E5FF88B92046FFF7E1FFB5F904204C
:101B7000B5F90630B5F908E0B5F90AC038B12280E8
:101B80006380A4F804E0A4F806C0AD69E5E7B4F901
:101B90000000B4F9021090420746B4F804800E46E3
:101BA000A8BF174699427244B4F806E0A8BF1E4683
:101BB00040447144634400B2278012B2668009B287
:101BC0001BB29042ACBFC7EB0002C7EB02029942C6
:101BD000ACBFC6EB0103C6EB0303A280E380D4E7EE
:101BE0002046BDE8F0812DE9F34190F8253083B31C
:101BF000846A74B3B1F90050B1F90260B1F90470AC
:101C0000B1F9068094F8253003B36846211DADF87C
:101C10000050ADF80260ADF80470ADF80680FFF733
:101C200043FF6846FFF783FF80B9BDF8003069467F
:101C3000A28820469B1AE288ADF80030BDF8023039
:101C40009B1AADF8023023689B689847A469002C62
:101C5000D8D102B0BDE8F08173B590F825300D46BB
:101C6000164623B3846A14B394F82530EBB1286880
:101C70006B46696803C36846211DFFF715FF684678
:101C8000FFF755FF88B9BDF800306946A2882046A5
:101C90009B1AE288ADF80030BDF802309B1A32463C
:101CA000ADF802302368DB6D9847A469DBE702B02A
:101CB00070BD036813B5D3F8B4400023CDE90033F9
:101CC0006B46A04702B010BD012380F84B3080F86E
:101CD0006D307047012380F84B3080F86D307047CD
:101CE000436801225A72406803681B6918474068BC
:101CF00003689B68184730B58BB004689DF858504E
:101D000009959DF8545008959DF850500795BDF8D9
:101D10004C5006959DF8485005959DF84450049503
:101D2000BDF840500395BDF83C500295BDF83850C1
:101D3000CDE900351346246C0022A0470BB030BD1E
:101D4000044B1B7823B190F86E0080F001007047BF
:101D500001207047E05E012010B50446406803682A
:101D60009B68984794F86D3013B1012384F86E3066
:101D700010BD10B50446EBF7C5F8EBF7AFFF606890
:101D80000368DB689847E06803689B6898472368A6
:101D900020469B6FBDE81040184708B5036804460D
:101DA000D3F8843098472368DB6F2046984794F82F
:101DB0004830022B01D0EBF7F1F823685B6FF4E7B2
:101DC0007FB503680446624DD3F8C03098470028B9
:101DD00000F09E8094F84830022B02D00120EBF7EF
:101DE000E3FE94F86A30002684F86B3094F879307A
:101DF00084F86A6084F84B6033B123682046D3F8D6
:101E0000D430984784F8796094F84A3001266268A3
:101E100083F001032E70537205F0D6FF03685B6BED
:101E2000984794F86B300BB984F86B6005F0CCFFE1
:101E300003685B699847E06D03681B69984794F8ED
:101E40006B3094F86C20013BDBB284F86B300AB144
:101E5000002BEBD13F4A94F96810137801335BB241
:101E60009942137010DC0023E06802A9137003AAE2
:101E70000368DB6898472368002859D0D3F8CC3032
:101E80002046DDE902129847002360698DF807308B
:101E900058B103680DF10701DB68984728B1E06D80
:101EA0009DF807100368DB68984704F11C0017F0E1
:101EB0005BFF94F870300BB3206903681B69984787
:101EC000636F064603B96067636F234AF31A934250
:101ED00014D9206903689B699847636F6422F31AD9
:101EE000B3FBF2F3B0FBF3F0002826DC84F86920A2
:101EF000206900210368DB699847666723682046EC
:101F0000D3F8E030984705F05FFF03689B6B984774
:101F100023682046D3F8C430984794F84830022B01
:101F200002D00120EBF770FE00232B7004B070BDCF
:101F3000D3F8D03020469847A6E76328CBBF0023CC
:101F4000C0F1640084F8693084F86900D0E700BF0C
:101F5000E85E0120E95E012000E1F50510B50446C8
:101F6000EBF700F8002263689A7210BDC1651C305F
:101F700017F0F8BE30B587B0044604A8CDE90412C6
:101F800005F0EEFC049B06A903A8ADF80C30059BF8
:101F900021F80A3D05F036FD94F86F1004F11C009D
:101FA000BDF80C20BDF80E3089B1B4F86450009330
:101FB0001346B4F860102A4617F0E4FE28B1BDF9C4
:101FC0000C302366BDF90E30636607B030BD17F0E4
:101FD00019FF012384F86F30F1E710B5002B46D0CC
:101FE00081EA0200C40708D50B44013A8B423ED96E
:101FF00012F8010F01F8010BF8E7D00742BF12F801
:10200000010B03F1FF3301F8010B012B11D981EA18
:1020100002041046A40722D023F001040C448C4291
:10202000024604D91288023021F8022BF7E703F0A8
:10203000010323F0030008448842144604D92468AD
:10204000043241F8044BF7E703F00303013A0B4471
:102050008B420CD912F8010F01F8010BF8E7900739
:10206000E7D032F8020B023B21F8020BE1E7012036
:1020700010BD10B590F86F30044653B1B0F864301D
:102080000121B0F860201C3017F0BCFE002384F85A
:102090006F3010BD2DE9F04385B00446002099460D
:1020A00004AD0F46904645F8040DA06906680195F9
:1020B000BDF8305000953568A847104D0646A5F884
:1020C0000090E8F763FF0368DB6A984728B10128AE
:1020D0000BD0304605B0BDE8F0832B8808FB0372B7
:1020E000039BA3EB4203E363F3E72A88039B08FB0C
:1020F000027202EB42029A1AE263EAE7DC5E012016
:10210000F8B5154B0F4690F87D4006461B88C56B09
:1021100093FBF4F4E8F73AFF0368DB6A9847012879
:102120000BD003D3022810D0F563F8BD0B4B7C43D2
:1021300019884C43A5EB4405F6E7084B7C43198806
:102140004C4304EB44042D1BEEE7044B7C431988FD
:102150004C43A5EB8405E7E7DE5E0120DC5E012051
:10216000F0B58BB0174604460E461D46E8F70EFF45
:102170000368DB6A98479DF854300790314622681F
:10218000CDE908030C4B20461B8806939DF8503080
:1021900005939DF84C300493BDF848300393BDF887
:1021A00044300293BDF84030CDE900533B46156CF6
:1021B0000022A8470BB0F0BDDC5E01202DE9F04302
:1021C000984603688BB017461D6C0E46134B0446A9
:1021D000B3F80090E8F7DAFE0368DB6A98479DF8E9
:1021E000583000223146CDE9080302232046CDE9CC
:1021F0000693012305939DF854300493BDF85030A5
:102200000393BDF84C300293BDF84830CDE900830C
:102210003B46A8470BB0BDE8F08300BFDC5E012061
:102220002DE9F0439846036887B00E46DD6D1746EA
:102230000F4B0446B3F80090E8F7A8FE0368DB6A8A
:1022400098479DF844303A463146CDF80C90CDE998
:1022500004039DF8403020460293BDF83C300193C2
:10226000BDF8383000934346A84707B0BDE8F08377
:10227000DC5E01202DE9F04F04468FB010460D467C
:1022800091461E4609F092F8002800F09D802368D0
:102290002046DFF898B10DF13808DB6A98472368CB
:1022A0002046DFF88CA11B6B9847BBF800305C4FD1
:1022B0000193BAF8003028F81C9D404602933B88F1
:1022C0000393584B1A880593049209F003F9388058
:1022D000404609F033F9059B80B21880524B1B78B9
:1022E000002B74D13B88AAF80000ABF800304846B8
:1022F000D4E90F8709F05AF80022C4E90F0011460B
:102300002846B5F90490B5F906A0E7F729F90123A5
:1023100095F825B085F82530B6F90430002B5CDD42
:10232000B6F90630002B58DD2A460AAB52F8040FE6
:10233000516803C331460AA8FFF7B6FB384B0021AA
:10234000B3F90020374BADF834200AAAB3F90030B6
:102350000C91ADF8363008AB92E8030083E8030037
:1023600018460CA9FFF7A0FBE36C002B3CD1002022
:1023700084F8580000266B6908A92A682846059346
:102380006E6192689047059B524649466B612846AC
:1023900084F8586085F825B0E7F7E2F8019A234BF6
:1023A00020461A80029A224B1A80039A1C4B1A80EC
:1023B0001C4B049A1A802368C4E90F87DB6A98478C
:1023C000236820461B6B98470FB0BDE8F08F3B8811
:1023D000ABF80000AAF8003089E72A460AAB52F8A9
:1023E000040F516803C3A9E707A809F0E9F90646F5
:1023F000E06C0368DB6A98478642B8D1E8F7C6FD0F
:102400000368064607A85B6B059309F0D9F9059B9D
:1024100001463046984780F00100C0B2A8E700BFEF
:10242000D65E0120D85E0120DA5E0120DC5E01204C
:10243000DE5E0120074B10B51B7804463BB10368F4
:102440005B6B9847E36B834201D1206C10BDE06B5E
:10245000FCE700BFE05E01202DE9F0411D468AB097
:102460004FF480639046BDF84C600024074606FB9D
:10247000058504948DF82040CDE90131BDF8403048
:10248000ADF81830BDF84430ADF81A30BDF848301A
:10249000ADF81C30FFF7CEFF00EB45057868ADF8CE
:1024A0001E6001A905958DF822408DF821408DF818
:1024B00023408DF8244003685B6898470AB0BDE864
:1024C000F0812DE9F0438BB0002491461D46BDF804
:1024D00050604FF4006388460746049406FB059558
:1024E000CDE90134FFF7A6FFBDF8483000EB450504
:1024F0007868ADF8183001A9BDF84C300595ADF8F5
:102500001A30ADF81C40ADF81E60CDF81080ADF863
:1025100020408DF822408DF823408DF82440036838
:102520005B6898470BB0BDE8F08300002DE9F041EF
:102530008AB09846002306469DF85C509DF85000EE
:102540000B2D9DF854C0BDF858709DF86040049361
:1025500037D180238DF8200030460392CDE9013138
:10256000BDF84430ADF81830BDF84830ADF81A3039
:10257000BDF84C30ADF81C30FFF75CFF0B2CBDF8FC
:102580004020ADF81E7094BF194B00218DF82150EA
:1025900098BF195D02FB07838DF82240C91001FB2B
:1025A00003009DF8643001A905908DF823300023C5
:1025B00070688DF8243003685B6898470AB0BDE8FE
:1025C000F081022D09D1FF2805D1BCF1000F14BF05
:1025D00040232023BEE74023BCE7FF2805D1BCF100
:1025E000000F14BF04230123B4E70423B2E700BFA4
:1025F0006C8404082DE9F04F8BB01D4600248846FA
:102600009DF8589093469DF860600746B9F1FF0F1A
:10261000BDF85CA0049414BF0823022305FB0AB58F
:10262000CDE90134FFF706FF0B2E9DF8642001A9C8
:1026300098BF134BADF81EA098BF9C5DBDF85030FD
:10264000E410CDF81080ADF81830BDF8543004FB1C
:1026500005047868ADF81A3000230594ADF81C30F5
:102660008DF820908DF823208DF824308DF821608E
:102670008DF8226003685B6898470BB0BDE8F08F67
:102680006C8404082DE9F0411E460A4B0F46904623
:102690001D88E8F77BFC0368DB6A98470B2896BF28
:1026A000054B00241C5C08FB0570E41004FB006073
:1026B000BDE8F081DC5E01206C840408F0B58BB0CD
:1026C0001F4604461646BDF854300025CDE90131B9
:1026D000BDF840300495ADF81830BDF84430ADF881
:1026E0001A30BDF84830ADF81C309DF850308DF8E8
:1026F0002030FFF79FFE3A46314603462046FFF75B
:10270000C1FF0E4B05901B88ADF81E30E8F73EFC6C
:102710000368DB6A9847139B8DF8220001A98DF8A6
:102720002100049360689DF858308DF824508DF88E
:10273000233003685B6898470BB0F0BDDC5E012076
:10274000F0B58DB0012504466B46039583E806007D
:102750000023BDF80060BDF80270069303685B6B50
:1027600098473A46314603462046FFF78BFF636C95
:1027700004900793BDF80430ADF82030BDF8063062
:10278000ADF822300E4B1B88ADF82430ADF8263062
:10279000E8F7FCFB0368DB6A9847FF238DF8290004
:1027A00003A98DF82A0060688DF828308DF82B5029
:1027B0008DF82C5003685B689847606C0DB0F0BDD5
:1027C000DC5E01202DE9F0418CB01E46002304465A
:1027D0006D460693036885E806000125BDF8007084
:1027E000BDF8028003955B6B984742463946034625
:1027F0002046FFF747FFBDF804300490ADF82030C5
:10280000BDF806300796ADF82230104B1B88ADF8A6
:102810002430129BADF82630E8F7B8FB0368DB6A7A
:102820009847FF238DF8290003A98DF82A006068D6
:102830008DF828308DF82B508DF82C5003685B688C
:10284000984730460CB0BDE8F08100BFDC5E012047
:10285000F0B585B0054602AC84E80600BDF8086016
:10286000BDF80A70FFF7E6FD314603463A462846B2
:10287000FFF708FF054A2B68128800921E6F034677
:10288000284694E80600B04705B0F0BDDC5E0120A4
:1028900070B590F86E3004469BB10220EBF7E4F976
:1028A0000023204684F86E3084F86D302368D3F816
:1028B000C850FFF7BFFD014620462B46BDE87040DB
:1028C000184770BD70B505460C46032049B1EBF7BB
:1028D0006BF9286968B1036801215B69BDE8704044
:1028E0001847EBF791F9286918B1036821465B692D
:1028F000F4E770BD38B590F87B3004460D468B4246
:1029000006D0036829B9D3F8D830984784F87B50AB
:1029100038BDD3F8DC30F8E70C4B10B51B78044613
:1029200053B990F848303BB9406800F02BF918B122
:102930006268537A002BFCD0EAF70CFB204600219A
:10294000FFF7D8FF2046FFF775FD10BDE05E0120C0
:1029500070B50446036819B9DB6ABDE870401847D2
:10296000002290F87B6080F87B20DB6A98476368E0
:10297000012105462046997284F87B60FFF7BAFF73
:10298000284670BDD0E90320131A584258417047B9
:10299000D0E903239B1A002BDCBF82689B18012B14
:1029A000CCBF00200120704702694368242000FB4F
:1029B0000230704703681B691847012370B5037222
:1029C0000446406803689B69984703680546402BA6
:1029D0000CD010D8042B1DD004D8012B06D0022B0C
:1029E0002CD070BD082B1DD0202BFAD12368204697
:1029F000DB6B984713E0B3F5007FF7D004D8802B4A
:102A0000F4D0B3F5807FF0E7B3F5806FEED0B3F587
:102A1000006FE5E72368017F20469B6B984723689A
:102A20001B6B06E02368017F20469B6B9847236859
:102A30005B6B29462046BDE8704018472368204656
:102A4000DB6B9847F3E7704770477047D0E9033274
:102A500010B5D21A002ADCBF84681219012A16DDCB
:102A60004268242404FB032301F1200251F8044BA3
:102A7000914243F8044BF9D10A781A70C36882680E
:102A8000BFF35B8F01339A42D8BF9B1AC36010BD5E
:102A900003698268BFF35B8F01339A42D8BF9B1AE8
:102AA0000361704770B504460E46606803685B6852
:102AB00098470028F9D10D4D28680368D3F8803075
:102AC0009847EAF755FA28680121FFF713FF606875
:102AD000314603689B68984723682046DB6A98471D
:102AE00028680368BDE87040DB6F1847E45E01208A
:102AF00008B5EAF72FFABDE80840EAF733BA10B58F
:102B00000446142118F05EF9204610BD10B50446A5
:102B1000406803681B68984748B9637A3BB1237AD9
:102B20002BB9236820465B6ABDE81040184710BDEA
:102B300070B50446406803681B689847054630B97D
:102B4000237A23B1606803685B69984725726068DF
:102B500003681B68984728B9236820465B6ABDE86C
:102B600070401847BDE87040EAF70ABA10B58260B5
:102B70000022034CC0E90322C0E9004110BD00BFA0
:102B800080840408406803681B6818470000000040
:102B90002DE9F04880FB0101214F1C461646A0FBA1
:102BA00007BC9DF8185007FB01CCABFB0B010BFBDE
:102BB0000CF700FB0CF301EB47010BFB0133A0FB0F
:102BC0000B01194414A3D3E90023E4F7C5FCF72E45
:102BD00090B29EBF02F00702B618F6B2FB2C9EBF61
:102BE000C0F3C103E418E4B2F72D98BFC0F342105C
:102BF0004FEAC40498BF2D180A4804F4FC6400EAA4
:102C0000062098BFEDB2044344EAD50080B2BDE887
:102C1000F08800BFAFF30080778D7A790000000064
:102C2000A74BEC0000F8FFFF2DE9F04F01EB420449
:102C300005462DED028B87B0417CBDF94890BDF96A
:102C40004C609DF850A0002900F09A80B0F908204F
:102C500090ED087A4A45C06825DBB5EEC07A40F6AB
:102C6000FC72F1EE10FAC8BF0022825800214FEA30
:102C700012282D7C5009C2F3C40C08F4784E04EBE2
:102C8000460700F4FC60002D44D0BAF1FF0F41D19B
:102C900061BB4EEA00004CEA0005BC4280F01482A1
:102CA00024F8025BF9E7B5F90A704F4508DCB5EE88
:102CB000C07A40F6FC72F1EE10FAD8BF0022D4E7D9
:102CC000A9EB0202B5EEC07A07EE902AF1EE10FAF7
:102CD000F8EEE77A67EE877AFDEEE77A17EE902A4C
:102CE000D8BF02F2FF3292008258C0E7D5B2C2F3D9
:102CF000074A5FFA88F81E46BC4280F0E5813046FC
:102D000000954346524649460136FFF741FF24F8F5
:102D1000020BF1E7120EFF2602FB0AF2531C03EB33
:102D20002222121202FB0CF5DFF8B0C302FB0EF1F7
:102D30005043D24302F0FF02BC4280F0C581B4F898
:102D400000E00EEA0C030EF4FC680EF01F0E02FB0E
:102D5000031302FB080802FB0E5E93FBF6F398FBDD
:102D6000F6F89EFBF6FE03EA0C0308F4FC680EF08E
:102D70001F0E43EA080343EA0E0324F8023BDBE795
:102D8000827C002A4FD0B0F9082007EE902AF8EE96
:102D9000E77A07EE103A1F46F8EEC76AF4EEE76AE4
:102DA000F1EE10FA00F29580B7EE007A40F6FC7171
:102DB000EA6895F810C037EE877A37EE667A06EE45
:102DC000906AF8EEE66AB4EEE67AF1EE10FA4ABFDF
:102DD000BDEEC77A02968DED027A95ED087AB5EED2
:102DE000C07AF1EE10FAC8BF0021525802994FEA9A
:102DF000122B04EB410150090BF4784B0391C2F301
:102E0000C40100F4FC60BCF1000F24D0BAF1FF0F44
:102E100021D14BEA000B41EA0B01039A944255D2AF
:102E200024F8021BF9E707EE109AD0ED067AD0EDF0
:102E3000056AB8EEC77A37EE677AC7EE267A90ED64
:102E4000087AB5EEC07AF1EE10FA44BF90ED077A39
:102E500077EEC77A9DE7120EDFF880824FF0FF0E03
:102E600002FB0AF202F1010C0CEB22221212504377
:102E7000514302FB0BFBD243049002F0FF02059189
:102E800003998C4222D2208800F4FC6100EA080CED
:102E90000F46049902FB0CBC02FB07119CFBFEFCD5
:102EA00091FBFEF10CEA080C01F4FC614CEA010113
:102EB00000F01F0C059802FB0C0C9CFBFEFC0CF0B8
:102EC0001F0C41EA0C0124F8021BD9E7029A1A44AC
:102ED00017461E4436B2BE4240F3F68095ED077A9F
:102EE00006EE907A37EE877AF8EEE66AB4EEE67A86
:102EF000F1EE10FA40F3B28006EE106A76EEE77A51
:102F00009FED748AB8EEC66A2B7CB4EEC67A9FED4C
:102F1000726AF1EE10FAD6BFBDEEC77AB04617EE70
:102F2000108A95ED087AB5EEC07AA8EB070704EB96
:102F30004707F1EE10FA38FE068AA7EE278ADBB1C2
:102F4000BAF1FF0F18D1BC4262D2FDEEC87AEB682D
:102F5000494617EE900A53F82020D3B20093C2F3EB
:102F60000723C2F30742FFF713FE24F8020BD5ED47
:102F7000087A38EE278AE6E7DFF860B14FF0FF09FC
:102F8000BC4245D2FDEEC87AEB68B4F800E017EE1B
:102F9000902A53F82220130E0BEA122103FB0AF3A6
:102FA00089B2581C00EB23200EEA0B0300126FEAD3
:102FB000000C5FFA8CFC0CFB03F300FB013191FB6E
:102FC000F9F101EA0B0302935309C2F3C40203F4BB
:102FD000FC6319460EF4FC630EF01F0E0CFB03F3AA
:102FE0000CFB0EFC00FB0133029900FB02C093FBBB
:102FF000F9F390FBF9F003F4FC6300F01F001943B0
:10300000014324F8021BD5ED087A38EE278AB7E78A
:10301000464559DDD5ED087A40F6FC73EA68A6EB23
:103020000806F5EEC07A297C04EB4606F1EE10FAAC
:10303000D8BF0023D258100AC2F3C407530900F4C2
:10304000784003F4FC6359B1BAF1FF0F08D118437B
:103050003843B44238D224F8020BFAE7B846D9E72D
:10306000120EDFF878C002FB0AF14A1C02EB2122A3
:10307000121202FB07F5FF2750435343D24302F0DD
:10308000FF02B44220D2B4F800E00EEA0C010EF4C4
:10309000FC680EF01F0E02FB010102FB083802FB68
:1030A0000E5E91FBF7F198FBF7F89EFBF7FE01EA45
:1030B0000C0108F4FC680EF01F0E41EA080141EA19
:1030C0000E0124F8021BDCE707B0BDEC028BBDE863
:1030D000F08F00BF00000000FEFF7F4400F8FFFFFC
:1030E0007047704710B50446242117F06BFE204648
:1030F00010BD00004A09064BC16003EA112302F427
:10310000FC62C1F3C401134319430182704700BF3D
:1031100000F8FFFFA0F10800ECE700BF08B5054B81
:1031200018680368D3F8AC309847431E584258419A
:1031300008BD00BFE45E012070470838704730B416
:1031400001EB4204BDF90C50028A9DF8103029466B
:103150000292C268204630BCE9F768BEE9F746BE75
:1031600010B50446142117F02DFE204610BDA0F125
:103170000800F5E70023C3840385438583858069C0
:1031800010B103681B69184770470163704738B571
:103190000B0E04460D4683770368DB6B9847036884
:1031A00029469B689847236820461B6C9847A06176
:1031B00038BD4177704730B50D4600F134040FCD6E
:1031C0000FC40FCD0FC42B68236030BD38B5044643
:1031D000031D08680025496803C3136804F134001F
:1031E000C4F826305368A561C4F82A3006F09AFB6B
:1031F000FF2384F825506377A3774FF07E53236332
:10320000012384F8243038BD2DE9F0432DED0A8BDD
:103210000AEE901A0AEE103A87B00BEE102A7AEEF8
:10322000CA7A0546DDED189A199BF5EE407A1B998E
:103230009DED1CCADDED1DCAF1EE10FA9DF8786017
:103240001F9F026812D17BEE697AF5EE407AF1EEAB
:1032500010FA0BD103F18043926A013B51F823101D
:1032600007B0BDEC0A8BBDE8F0431047FF232846AA
:1032700005F13408DFF8B892AB77936B9847B5F94E
:10328000083004461AEE902AC38041461BEE103ADD
:10329000684606F002FC19EE903A1AEE102A4146F2
:1032A00002A89DED009ADDED01BA06F0F6FB9DED5A
:1032B000028ADDED038AB4EE489AF1EE10FAF4EEDC
:1032C00068BA0CBF01230023F1EE10FAB4EE489A5D
:1032D00063740CBF01230023F1EE10FAA37431D004
:1032E000F4EE68BAF1EE10FA2CD03AEE6AAA414632
:1032F00079EECB9A04A88AEE0C7AC9EEAC7AACEEE1
:1033000087BAE7EECCAA1BEE103A1AEE902A06F026
:10331000C4FBDDED056A99F8003076EEEB6ADDED71
:10332000047A012B77EEC97A02BFB1EE667AF0EE2D
:10333000676AF0EE477AF5EE407AF1EE10FA35D191
:103340000123A37499F80020637C012A40F0A38034
:10335000002B73D038EEEB7ADFED736AF4EEE8BA47
:10336000C6EE877AF1EE10FAC4ED087AFDEEE87A3F
:1033700017EE903AFDEEEB7A1AB217EE903A48BF8C
:1033800062811BB256BF228123816381B4F9082078
:10339000B4F90A309B1A07EE903A0023F8EEE77A68
:1033A00063740123C4ED077AA3743FE086EEA77A25
:1033B000B5EE407A84ED057AF1EE10FA02D10123E0
:1033C0006374BFE7012B38EE498A78EEEB8A0BBFB6
:1033D000B4F90620F0EE6B7A07EE902AE9EE477A10
:1033E00002BFF8EEE77A77EEC97AEBEEC77A012BE7
:1033F000C4ED067A02BFF1EE487AB0EE688AF0EECC
:10340000678AC8EE877A9FED497A38EE678AC7EEF9
:10341000087A84ED078AB5EEC08AF1EE10FAC4EDA1
:10342000087A03D5B1EE488A84ED078AE7602674EE
:10343000AC6107B0BDEC0A8BBDE8F083A37C002B28
:10344000F4D0B4F90630DFED386A07EE903AF8EEC2
:10345000E77A37EEC88A37EEC99A38EE497AB4EE81
:10346000C98AC6EE877AF1EE10FAC4ED087AFDEE4D
:10347000C87A17EE903AFDEEC97A1AB217EE903A72
:10348000C8BF62811BB2D6BF228123816381012321
:103490006374002388E7E3B138EEEB7ADFED226A4C
:1034A000F4EEE8BAC6EE877AF1EE10FAC4ED087AC7
:1034B000FDEEE87A17EE903AFDEEEB7A1AB217EECF
:1034C000903A48BF62811BB256BF2281238163813B
:1034D000ACE7A37C002BA9D038EE497ADFED126A65
:1034E000B4EEC89AC6EE877AF1EE10FAC4ED087A07
:1034F000FDEEC87A17EE903AFDEEC97A1AB217EED1
:10350000903A48BF62811BB256BF228123816381FA
:10351000B4F90820B4F90A309B1A07EE903AF8EE95
:10352000E77AC4ED077A81E7FEFF7F44000080441C
:10353000DA5E012030B5002504462DED028B85B002
:103540009DED0B8ADDED0C8A03950A9DCDED028A77
:103550008DED018A009516F095FFF0EE687A2368EC
:103560002046FEEEED7A9B6817EE902AF0EE487A40
:10357000FEEEED7A17EE901A05B0BDEC028BBDE8B9
:103580003040184730B5002504462DED028B87B03A
:1035900005950E9D9DED0F8A02950D9DDDED108A1E
:1035A00001950C9DCDED048A8DED038A009517F0F1
:1035B00037F8F0EE687A23682046FEEEED7A9B68D5
:1035C00017EE902AF0EE487AFEEEED7A17EE901A9A
:1035D00007B0BDEC028BBDE83040184713B5134669
:1035E00004460A46416F684606F057FADDED017A57
:1035F0002046B0EE677ADDED007ABEEEED7A17EE8A
:10360000102AB0EE677ABEEEED7A17EE101A02B00D
:10361000BDE8104016F090BE13B5134604460A46A6
:10362000416F684606F039FADDED017A2046B0EECA
:10363000677ADDED007ABEEEED7A17EE102AB0EE75
:10364000677ABEEEED7A17EE101A02B0BDE81040B0
:1036500016F0BFBEF0B50024079F4FF0010E2646BE
:10366000DDE9050C634463452DD013F8015D062D9B
:10367000F9D80EFA05F515F0660F0DD115F0100FFB
:1036800017D12D07EFD501381EB907EB80052D683E
:103690000D606CB90126E6E726B907EB800353F805
:1036A000083C0B6024B907EB800050F8043C136021
:1036B000F0BD01381CB907EB800424681460002EAB
:1036C000F6D10124CFE70EB900230B60002CEFD117
:1036D0000023ECE730B52DED0A8B85B0B6EE00AADD
:1036E00004460BEE901A0CEE102A0AEE903A9DED6D
:1036F00012BA9DED139ADDED149A159D7BEE298A81
:103700003AEE898A68EE8A8A28EE0A8A7CEE687A1E
:103710003BEEC87A67EEA77AE7EE077A17EE900AD3
:1037200018F0D8FA06EE900AF5EE406AF1EE10FABB
:103730002ED179EE6A7A39EECB7AB0EE6A8AF0EE63
:103740004B8AA7EE8A8AE7EE0A8AA7EE0A8AE7EE94
:10375000CA8A022D2FDC01351AEE903A8DED00BA9F
:103760001CEE102A1BEE901A20460395B0EE68BAA4
:10377000CDED028AF0EE48AA8DED018AFFF7AAFF8F
:1037800018EE902A18EE101A2046FFF745FFB5E70D
:1037900038EE6B8AD4ED1F7A78EECC8A28EE277A41
:1037A00068EEA77A87EE268AC7EEA68A3BEE888A5D
:1037B0007CEE288ACDE718EE902A18EE101A2046E3
:1037C000FFF72AFF05B0BDEC0A8B30BD10B52DED1B
:1037D0000A8B0AEE903A90F8843084B00446022BAB
:1037E0000CEE101A09EE102ADDED108A9DED11BACB
:1037F000DDED12BADDED139A9DED14AA9DED158A4B
:10380000DDED16CA2DD11BEE902A1BEE101AFFF724
:1038100003FF7AEECBAA7AEE6CCA78EEEB8A39EE29
:10382000C88A6AEEACAA28EE888AF4EEC8AAF1EE3D
:1038300010FA10DB01238DED02AACDED019A19EEED
:10384000102A03931CEE101ACDED00BA1BEE103AAD
:103850002046FFF73FFF1AEE102A19EE901A204675
:1038600039E0012B3DD178EEEB5A79EEC86A7AEE59
:10387000CB7A3AEE6C6A26EEE57AA7EE867AB5EE5A
:10388000407AF1EE10FA2CD028EE4A8A68EECB8A04
:10389000ACEEA98AEAEEAB8A68EE677A28EE658A12
:1038A000E6EEA87AA6EE288AC7EE876A88EE076A4F
:1038B0003CEE667A79EE467A67EEA77AE7EE077A0B
:1038C00090ED207AB4EEE77AF1EE10FA09DB16EE0D
:1038D000102A16EE901AFFF79FFE04B0BDEC0A8B7B
:1038E00010BD1BEE902A1BEE101A2046FFF794FE27
:1038F000B1E7000010B52DED0C8B0AEE903A90F870
:103900008530044609EE101A09EE902A9DED0EBA94
:1039100033B9FFF781FE1BEE102A1AEE901A1DE054
:10392000F6EE007A022B7AEEC98A3BEE698A68EEDF
:10393000A78A28EE278A17D179EEE87A17EE902A1F
:1039400079EE087A17EE901AFFF766FE7BEE687A3A
:1039500017EE902A7AEE887A17EE901A2046FFF733
:103960005BFEBDEC0C8B10BDFFF756FEF0EE496A16
:10397000DFED637AB0EE697AB1EE68AADFED61BA85
:10398000E8EEA76A2046A8EE277A9FED5FCADFED32
:103990005FCA9FED5FDAF0EE667AAAEE2B7AE8EE68
:1039A0002B7A17EE102A17EE901AFFF735FEF0EE7D
:1039B000496ADFED587AB0EE697A2046E8EEA76AE8
:1039C000A8EE277AF0EE667AAAEE0C7AE8EE0C7A88
:1039D00017EE102A17EE901AFFF71EFEF0EE496A56
:1039E000DFED4D7AB0EE697A2046E8EEA76AA8EEE0
:1039F000277AF0EE667AAAEE2C7AE8EE2C7A17EEA9
:103A0000102A17EE901AFFF707FEF0EE496ADFED75
:103A1000437AB0EE697A2046E8EEA76AA8EE277AE4
:103A2000F0EE667AAAEE0D7AE8EE0D7A17EE102A1D
:103A300017EE901AFFF7F0FD39EE887A79EE287AC2
:103A4000204637EE687A77EE887A17EE102A17EE5E
:103A5000901AFFF7E1FDF0EE496ADFED317AB0EE42
:103A6000697A2046E8EEA76AA8EE277AF0EE667A31
:103A7000AAEE0D7AE8EE0D7A17EE102A17EE901ADC
:103A8000FFF7CAFDF0EE496ADFED267AB0EE697AFB
:103A90002046E8EEA76AA8EE277AF0EE667AAAEE4C
:103AA0002C7AE8EE2C7A17EE102A17EE901AFFF710
:103AB000B3FDF0EE496ADFED1C7AB0EE697A20467C
:103AC000E8EEA76AA8EE277AF0EE667AAAEE0C7AFC
:103AD000E8EE0C7A17EE102A17EE901AFFF79CFD0D
:103AE000DFED127A2046E8EE279AA8EEA79AEAEED2
:103AF0002B9AA8EE2B9A19EE902A19EE101A08E7C5
:103B00000AD7233D295C8F3E9A99193FCDCC4C3F73
:103B10008FC2753FCDCC4C3ECDCCCC3EEC51383F26
:103B20000AD7A33FCDCCCC3F6666E63F48E1FA3FDB
:103B300070B52DED068B0AEE102A90ED238A90EDDC
:103B4000229A0AEE901A3AEE488A88B03AEEC99A5A
:103B5000044668EE087AE9EE097A17EE900A18F042
:103B6000B9F807EE900AF5EEC07AF1EE10FA36DDFC
:103B700094ED1F7A002694F87850C7EE876AD4ED4A
:103B8000227A94ED237A84F87960C8EE268A89EE49
:103B9000268A77EEA89A78EEAA8A37EE489A3AEE05
:103BA000488A05B3C4ED249A19EE102A84ED259AAB
:103BB00019EE901AC4ED268A204684ED278AFFF775
:103BC0000DFD84F87860C4ED289A84ED299AC4ED3F
:103BD0002A8A84ED2B8AC4ED22AA84ED23AA08B098
:103BE000BDEC068B70BD94F87A30D4F8A810D4F8E8
:103BF000AC204BB18DED009A19EE903A2046FFF7BC
:103C000079FE84F87A50DEE7D4F8A4302046029298
:103C100017EE102A019117EE901A00938DED068A87
:103C2000CDED058A8DED049ACDED039AD4F8A03040
:103C3000FFF7CCFDC7E7000007EE902A07EE101A49
:103C4000F8EEE76ADFED067AB8EEC77A66EEA76AA5
:103C500067EE277A16EE902A17EE901AFFF768BFE4
:103C60000000003D30B52DED028B90F8795083B007
:103C700004460DB3D0ED1F7A90ED238AD0F888105A
:103C800078EE678A38EE278A18EE902AFFF7A6FCAE
:103C9000D4F8883018EE902A204619468DED008A17
:103CA000FFF728FED4F88830CDED008A18EE102AF0
:103CB00019462046FFF71EFE284603B0BDEC028BD6
:103CC00030BD70B588B004460D461646FFF7CAFFF2
:103CD000F0B9D4F89C302046324629460693D4F8F1
:103CE00098300593D4F894300493D4F8903003932B
:103CF000D4F8AC300293D4F8A8300193D4F8A430AF
:103D00000093D4F8A030FFF761FD012008B070BD2A
:103D10000020FBE7D0F8943007B5D0F8AC20009332
:103D2000D0F8A810D0F89030FFF7E4FD03B05DF8AC
:103D300004FB00002DE9F04F8BB01C46824615466F
:103D40009DF858300DF12808179E0693002307911F
:103D5000089348F8043D069BDDE9149786F87A300D
:103D6000079B9D426BD9013D19F80530062BF7D80A
:103D700001A252F823F000BF973D0208613D0208FE
:103D8000953D0208B53D0208B53D0208B93D02085F
:103D9000F73D0208023C424608A9504600942B46D3
:103DA000CDE90197FFF756FC099A08993046FFF7CD
:103DB000BFFED5E7013CEEE7A4F1040B2B464246DB
:103DC00008A95046CDF800B0023CCDE90197FFF7B5
:103DD00041FC099B07EB840430460293089B019346
:103DE00054F8043C009354F8083C62682168FFF7DB
:103DF000A1FB5C46B4E7A4F1060B2B46424608A99A
:103E00005046CDF800B0023CCDE90197FFF722FC07
:103E1000099B07EB840430460493089B039354F8F2
:103E20000C3C029354F8103C019354F8043C00936A
:103E300054F8083C62682168FFF7A4FBD9E7069BA9
:103E400013B13046FFF766FF0BB0BDE8F08F00BF3F
:103E500007EE902A0368FEEEED7A9B6817EE902A33
:103E600007EE901AFEEEED7A17EE901A1847000052
:103E7000044B10B5044640F8143B01F007FC204603
:103E800010BD00BF448D04082DE9F04FD0ED0C7A31
:103E9000B9B005461E46F5EEC07A09910B92002492
:103EA000F1EE10FA40F24D81FF23021D0CAF00939A
:103EB000439B81690CA816F0F3F8D5ED0C7AA24B60
:103EC000B6EE007AF5EEC07A01220C9305F13403C8
:103ED000D5ED086AF1EE10FA29934FF000038DF842
:103EE000A9206A7F48BFF1EE677A8DF8A8308DF877
:103EF000AA308DF8743067EE877AAB7F2E945A43E0
:103F000095F8240026EEA77ACDED2B7A531C2F943A
:103F1000309427EE267A03EB12233194C3F3072360
:103F2000329467EE277A33948DF8B63000233494B8
:103F3000CDED2C7A9A46DFED857A3594369417EEDE
:103F4000908A379417EE909A95F825101C468DF8B4
:103F5000B4008DF8B5100693CDED087ACDED077A53
:103F60000B9B534500F0CB800AF101030A93099B98
:103F700013F80A30062B3BD8DFE803F0043D6875E0
:103F80008085A100069B9A452CD9089A3846079946
:103F9000FFF7CEFD3846FFF765FE804610BB089A56
:103FA00038460799FFF78DFE4FF00103DDED077AE4
:103FB00028468DF8A8308DF8A930099BCDED2E7AD2
:103FC000DDED087A009323460A9A06990196CDED15
:103FD0002F7ACDE90287FFF7ADFE089A0799384698
:103FE000FFF76FFE0A9BDDF82080DDF81C9006933A
:103FF000DDF828A0B4E7069B9A450FD93846FFF7AD
:1040000031FE58B901230397524606992846CDE957
:104010000163099B00932346FFF78CFE06EB8403A4
:10402000CDF818A00234D3F80090D3F804804FF0F4
:104030000103CDF8B890CDF8BC808DF8A8308DF88C
:10404000A930CDF82080CDF81C90D1E706EB840391
:1040500038460234D3F80090D3F8048049464246EB
:10406000FFF766FDC4E706EB8403D3F800904246F1
:10407000494638460134FFF75BFDB9E706EB840398
:10408000D3F80080F3E7A30049463846043403F12F
:104090000C0A03F1080B3344B244B344DAF80020AD
:1040A0000292DBF8002001925A68009242461B6897
:1040B000FFF740FADBF80090DAF8008098E7A300F9
:1040C00049463846063403F1140A03F1100B334411
:1040D000B244B344DAF800200492DBF800200392E3
:1040E000DA6802929A6801925A68009242461B6806
:1040F000FFF748FADBF80090DAF8008078E70B9BCE
:104100000CAF069A93420FD93846FFF7ABFD58B96A
:10411000012303970B9A28460699CDE90163099B71
:1041200000932346FFF706FE9DF8B610384616F0BA
:104130004BF804463846FFF79BFE204639B0BDE8F1
:10414000F08F0124F9E700BFFC84040800000000A0
:1041500010B50446FFF78CFEB021204616F032FE63
:10416000204610BD2DE9F04F9A46FF2381461446A4
:104170008B46021D09F1340700252DED048BB1B0EB
:104180002E4600933F9B816913A815F089FF99F88B
:104190001C30394609A85A1E534253418DF89030BD
:1041A00000231A4605F079FC0BEB04039DED098A08
:1041B0000024DDED0A8A0793079B5B4500F0BE8073
:1041C0001BF8013B062BF7D8DFE803F00408273D76
:1041D0005357820013A815F0D5FFEDE70AEB8403CF
:1041E000394609A81E685D6832462B4605F055FC25
:1041F000DDED0A8A9DED098A13A8F0EE687AFEEEDD
:10420000ED7A17EE902AF0EE487AFEEEED7A17EE90
:10421000901A16F091F80234CEE70AEB840339467F
:1042200009A81E685D6832462B4605F036FC9DEDF8
:10423000098ADDED0A8A13A818EE101A18EE902AE2
:10424000FFF706FEE7E70AEB84031E682B463246BB
:10425000394609A805F021FC9DED098ADDED0A8AA1
:1042600013A818EE101A013418EE902AFFF7F0FD8B
:10427000A2E70AEB84031D68E8E7A21C39460FA8F1
:1042800004340AEB82021668556852F8043C52F86E
:10429000082C05F002FC2B46324639460BA805F0E7
:1042A000FCFB109B9DED0B9A18EE902ADDED0C9A0D
:1042B00018EE101A009313A8CDED029A8DED019A15
:1042C0000F9BFFF737F9F0EE698AB0EE498A73E782
:1042D00004F1040839460DA806340AEB8808D8F81A
:1042E0000060D8F8045058F80C3C58F8102C05F031
:1042F000D4FB58F8043C58F8082C39460FA805F0B0
:10430000CCFB2B463246394611A805F0C6FB109B64
:104310009DED119A18EE902A029318EE101A0F9B39
:1043200013A8DDED129A01930E9BCDED049A009334
:104330008DED039A0D9BFFF725F9C4E799F81D3021
:1043400013A899F81E1059434B1C03EB1121C1F31C
:10435000072115F039FF064B044618A8139301F006
:1043600095F9204631B0BDEC048BBDE8F08F00BF5D
:10437000448D040810B4047F1CB15DF8044BFFF7B2
:10438000F1BE5DF8044BFFF77FBD00002DE9F04F53
:104390009146024685B0054652F8260F88469A4651
:1043A00002AB516802AFDDF838B003C3BDF90C3081
:1043B000002B08DDBDF90E40002C04DD2E4A1278DA
:1043C00022B1012A2DD005B0BDE8F08FBDF80A302A
:1043D0001C44A4B226B2BDF90A30B342F3DA534604
:1043E0004A4641462846CDE900B7FFF7C3FF40B92A
:1043F000BDF90E30012B04D001335B10ADF80E3047
:10440000EDE7BDF80E20BDF80A3013449BB21A4404
:10441000ADF80A3012B29642DDDAE31AADF80E308A
:10442000D9E7BDF808401C44A4B226B2BDF9083053
:10443000B342C8DA53464A4641462846CDE900B75A
:10444000FFF798FF40B9BDF90C30012B04D00133C0
:104450005B10ADF80C30EDE7BDF80C20BDF808306E
:1044600013449BB21A44ADF8083012B29642DDDA1A
:10447000E31AADF80C30D9E7DA5E01207FB50368A6
:104480000D46044601469B6E02A898472868696855
:104490006B4603C368461946FDF706FBA06A88B160
:1044A0000368211DDB68984760B1BDF90430002B1B
:1044B00008DDBDF90650002D04DD2B4A12781AB133
:1044C000012A29D004B070BDBDF802301D44ADB240
:1044D0002EB2BDF90230B342F4DA236869462046B1
:1044E000DB6E984740B9BDF90630012B04D001338B
:1044F0005B10ADF80630F0E7BDF80620BDF80230DD
:1045000013449BB21A44ADF8023012B29642E0DA7C
:10451000EB1AADF80630DCE7BDF800501D44ADB233
:104520002EB2BDF90030B342CCDA2368694620468A
:10453000DB6E984740B9BDF90430012B04D001333C
:104540005B10ADF80430F0E7BDF80420BDF8003092
:1045500013449BB21A44ADF8003012B29642E0DA2E
:10456000EB1AADF80430DCE7DA5E01201FB5036812
:104570000446014668469B6E98470021B4F908201E
:104580006846B4F90A30029102A9ADF80C20ADF8E2
:104590000E30FDF789FA2368694620461B69984763
:1045A00004B010BD0121002280F825100A49828044
:1045B0000160FF21C280028142818281C281028228
:1045C0004282C2610284428480F8242080F826104E
:1045D0008262C0E9052270475C85040890F82C00CF
:1045E0007047704790F82C3033B10B79012B01BF25
:1045F000C38D028E0386C28516F0DAB910B5044663
:10460000382116F0DFFB204610BD10B50446806A45
:1046100050B10368DB68984730B1A06A214603684F
:10462000BDE810409B68184710BD90F832202AB1B1
:1046300090F8252012B103685B691847704708B5E8
:1046400090F828300BB1E4F7F1FE08BD80F829108E
:10465000704790F829007047704710B504462C2128
:1046600016F0B0FB204610BDF0B591F8283085B0AB
:1046700004460D46FF2B28D101F126066846314637
:1046800006F090FFBDF90470304606F023FF874224
:104690001BD1BDF90670304606F050FF874214D199
:1046A000B5F90A300021B5F90820ADF80E306B4697
:1046B0000291ADF80C2003CB2060204661601946C2
:1046C000FDF7F2F9204605B0F0BD0023238063809A
:1046D000A380E380F6E7000038B5002301250446F7
:1046E0008380C380038143818381C38103824382AA
:1046F000C3610384438480F8243080F82550C0E9E6
:104700000533074B03600B88C384FF2380F82830F0
:1047100000F049FF034B84F829502046236038BD40
:104720002C880408488604080346263093F829306C
:104730000BB905F067BA05F075BA00002DE9F04F26
:104740000446B3B09B46B0F90800B4F90A3000251E
:10475000ADF84800ADF84A3011AB069218461195F5
:10476000079313ADDDE93CA9DDE93E87FDF79CF930
:10477000079B93E8030085E8030021682046CE6A82
:104780002946B047214615A8261D04F0E3FD15A8CB
:1047900003F066F9079B3146184603F0A5F9284651
:1047A00004F1260503F05CF9284606F085FF079022
:1047B000002800F0CE80DBF80C2009A8DBF8001000
:1047C0000C92DAF8002009910D92DAF80420DBF857
:1047D00004100E92DAF808200A910F92DBF8081004
:1047E000DAF80C200B910DA91092324603F060F913
:1047F00032460EA90AA803F05BF932460FA90BA8AE
:1048000003F056F9324610A90CA803F051F9DDED7A
:104810000D7A97ED003AF0EE676ADDED0A7AD7ED92
:10482000014AB0EE677ADDED0E7AFEEECE6A99EDC2
:10483000002AB0EE676ADDED0B7ABEEECE7AD8EDD7
:10484000002AD9ED013ABEEECE6A98ED014A99ED03
:10485000025AD8ED025A16EE106AB0EE676ADDED24
:104860000F7AD9F80CE0BEEECE6AD8F80CC0CDEDC8
:104870001F6A8DED202A16EE100AB0EE676ADDED94
:104880000C7ACDED212ABEEECE6A8DED223A8DED69
:10489000237ACDED253A16EE101AB0EE676ADDEDFB
:1048A000107A8DED264ABEEECE6ACDED274AD7F8B6
:1048B00008A0FEEECE7AFF6816EE102A9DED096A7A
:1048C0002496BEEECE6ACDE928018DED1E6A2846FB
:1048D0008DED2A5A069B2D921F4A17931288079B2B
:1048E00018921993CDED2B5ACDED2E7ACDF8BCE070
:1048F000CDF8C0C0CDF8B0A0319706F00DFF1A90EA
:10490000284606F0E7FD1B90284606F017FE1C908F
:10491000284606F0DFFD114B1D901B6893F85820C8
:104920000AB1DD6C05B99D682B6820461E6CFFF747
:10493000FBFE4FF6FF731EAA17A9049394F82830C4
:10494000CDE9020313AB2846019315AB009319ABD5
:10495000B04733B0BDE8F08FDC5E0120E45E01209B
:1049600070B52DED048B90F8283098B004460E46B3
:10497000002B65D0B0F9083000F126059FED378A8D
:1049800009EE103AB0F90A30284608EE903A344B56
:10499000B8EEC99A0C93F8EEE88A0D930E9339EEAF
:1049A000089A0F9306F096FD07EE900A284678EED7
:1049B000888AF8EEE79A06F0C1FD2A4B07EE900AC6
:1049C0001B78B8EEE77AF0EE487A012B3CD1F0EE96
:1049D000696A19EE903AB0EE476AF0EE475AF0EE87
:1049E000489AB0EE487A149314AB002231460393F0
:1049F00010AB2046CDED047A02930CAB8DED059AF9
:104A0000019308AB8DED069A009304ABCDED077AC8
:104A1000CDED087ACDED097ACDED0A8ACDED0B8A80
:104A2000CDED107ACDED119ACDED125A8DED136AC0
:104A3000CDED157A8DED167ACDED176AFFF77EFE76
:104A400018B0BDEC048B70BDF0EE476A18EE103A5A
:104A5000F0EE695AB0EE486AC5E700BF00000000FA
:104A60000000C842DA5E012030B585B00368044614
:104A700001816D460146D3F884303C34284698477E
:104A800095E8070084E8070005B030BD30B585B073
:104A90000368044641816D460146D3F884303C34B6
:104AA0002846984795E8070084E8070005B030BD20
:104AB0000022028042808280C280704780F83610D7
:104AC0007047000070B503680446828D0D465E6B2A
:104AD000084B1B6813F81220074B1B6853F8220081
:104AE00003681B6B9847291A3346204609B2BDE874
:104AF000704018473C5F0120445F012070B5036897
:104B0000044615461B6B98472368294620465B6E72
:104B1000BDE8704018470020704700207047000033
:104B2000074B828D1B88934281BF064B1B6803EBAA
:104B3000420358788CBF00F003000020704700BF8C
:104B4000405F01203C5F012070470000114B2DE9C0
:104B5000F041818D04461B888B4218D903689D6FF4
:104B60000D4B1868E7F7B6FA236806462046DB6F58
:104B70009847236807462046D3F8803098473A463E
:104B8000034631462046AC46BDE8F0416047002070
:104B9000BDE8F081405F0120485F0120184B2DE9FE
:104BA000F743818D04461B888B4226D9154B1B6821
:104BB00003EB410213F81100134B55781B68C5F342
:104BC000810553F820603368DF69104B1868E7F7F8
:104BD00081FA236880462046DB6F98472368814628
:104BE0002046D3F8803098474B46009042462946ED
:104BF0003046B84703B0BDE8F0830020FAE700BFB5
:104C0000405F01203C5F0120445F0120485F01209C
:104C10000EB4304B2DE9F0471A889DB0838D0446C1
:104C20009A4254D926AADFF8B090DFF8B0800292F9
:104C3000D9F8002012F81320D8F8003053F8225089
:104C40002B6828469B6B9847064607B203A805F0D9
:104C500001FC2B682846DB6C98472B688246284667
:104C60001B6D98475346009003A8029A259905F0BA
:104C70004CFCA28DD9F8003094F837C0258903EB9D
:104C8000420113F81200A5EB0C054A78D8F8003061
:104C90002DB294F83910C2F38102009553F82030F8
:104CA00003A802F0E3FBB4F9342003B2B9180029D9
:104CB0000BDD013B13FB02F316FB00331FB238463A
:104CC0001DB0BDE8F04703B07047002BF7DC0027AC
:104CD000F5E700BF405F01203C5F0120445F0120F9
:104CE000BD4B2DE9F04F0C461B88898DA9B080463D
:104CF0008B4209D800234FF0FF328360C0E90032B5
:104D0000404629B0BDE8F08FB44E336813F8112047
:104D1000B34B1B6853F82250B24B1868E7F7DAF927
:104D20002B68814628469B6B9847A78E03B2824624
:104D300007440FA80493BBB2039394F83930002BB7
:104D400040F0A58005F086FB2B682846DB6C984771
:104D50002B68064628461B6D984723680746204661
:104D6000DB6F9847236883462046D3F88030984706
:104D70003B46494632460026CDE900B00FA83746EB
:104D800005F0D8FB94F83830DFF850B213F0FD0F7F
:104D90000CBFB4F90A90B4F90890A28D2946DBF84B
:104DA00000300FA8013703EB420347F6FF72BFB292
:104DB0005B78C3F3810302F060F8039B8642A9EBA2
:104DC0000309B8BF06460FA80FFA89F936B205F0F5
:104DD00068FB18B92B7A4B44002BDEDC039B204682
:104DE000049A13FB07F7A38E95F80990FF1ABFB238
:104DF0003BB29A42A8BF574694F8383013F0FD0FE3
:104E000023684F44DB6E08BFB4F908A01FFA87F986
:104E100018BFB4F90AA0984701280FFA89F7B3B26E
:104E200000F0E280022894F8376000F0E380EA7A2C
:104E300036B22D7BB61A2A441FFA86FA134494F828
:104E400038200FFA8AFB9BB2022A1EB200F0D680ED
:104E5000032A00F0DE80012A40F0E68025893346EF
:104E60003E46A5EB09091F465D460FFA89FB5D4BDF
:104E7000A18D1868E7F72EF9A8F800B0A8F802503D
:104E8000A8F80460A8F80670C8F8080038E705F02C
:104E9000E1FA2B682846DB6C98472B6807462846C2
:104EA0001B6D9847236883462046DB6F984722682E
:104EB00005902046D2F880209047059B3A46494607
:104EC00001900FA800935B4605F034FB94F838304E
:104ED000B4F908900FAF13F0FD0FB4F90A30A18DAB
:104EE0000ABF4A461A46994694F8373094F8390072
:104EF000D21A3368B4F9346003EB410359780023C4
:104F00000797C1F38101ADF818308DF821008DF8B5
:104F100020100995ADF82820ADF82A90ADF82C6046
:104F2000ADF82E30ADF83030ADF83230ADF8343069
:104F3000ADF83630ADF838308DF83A3050B32B68D4
:104F400028465B699847074620B3099839460368A5
:104F5000DB6898470646E8B1437B827A5B0003F43E
:104F600080731343ADF838309DF82130062B11D1F2
:104F700009983246394603685B6C9847737B5B003F
:104F800003F48072B37A13431844BDF838301844E0
:104F9000ADF838000026374606A8013702F063F95D
:104FA000BDF83600039BBFB28642A9EB0309BDF8EA
:104FB0001830B8BF06460FFA89F936B2002B3FF415
:104FC0000DAF9DF83A30002B7FF408AF2B7A4B449D
:104FD000002BE1DC02E700BF405F01203C5F0120C5
:104FE000445F0120485F0120AAEB0606022096FBE1
:104FF000F0F61CE71E44AAEB060618E72589ED1A11
:10500000A5EB0A050FFA85FB6589A5EB09052DB20D
:105010002DE765894FF0000BED1A33463E46A5EBB0
:105020000A051F462DB222E7002520E710B50446E9
:10503000482115F0C7FE204610BD000013B590F8BA
:1050400036300446FBB1164B818D1B888B421AD932
:10505000B0F90830002B16DDB0F90A30002B12DD54
:10506000104B1868E7F736F8B4F942302268002B85
:1050700006DBB4F94030002B02DB636C984204D0AD
:1050800053692046984702B010BD04F13C016B46BD
:10509000126903C983E80300194620469047F2E7E6
:1050A000405F0120485F0120454B2DE9F041828D92
:1050B0008EB01B88044693427ED9086805AB4968C8
:1050C000404D03C311462868E7F704F8B4F94230AD
:1050D000002B11DBB4F94030002B0DDB636C9842E0
:1050E0000AD104F13C0209AB92E8030083E8030013
:1050F000194605A8FCF7D8FCBDF91830002B5BDD7C
:10510000BDF91A30002B57DD2F4FA28D3B6813F8E5
:1051100012202E4B1B6853F82260002E4CD02368BF
:10512000204694F83680DB6E9847A28D3B68B4F930
:1051300034C003EB420394F838E094F839205B78EC
:1051400094F83770C3F38103216B09968DF82930E9
:105150001F4B8DF828001B688DF82AE00B91ADF8E5
:1051600030C08DF832808DF833708DF8342093F88C
:1051700058200AB1DE6C06B99E6807AF2146384652
:1051800004F0E8F8A18D2868E6F7A4FF2368054637
:105190002046DB6F9847236880462046D3F880304E
:1051A000984709AB0195009305ABCDE902803046E5
:1051B00097E80600E6F742FF0EB0BDE8F08100BFB9
:1051C000405F0120485F01203C5F0120445F0120D7
:1051D000E45E012038B50E4B0446828D1B889A424E
:1051E00014D203685B6F98472368054620461B6FFF
:1051F000984794F838302DB2014613F0FD0F06BFE2
:10520000024629462A462046FCF731FA38BD00BF3F
:10521000405F012030B58B8885B004468385B0F9A6
:10522000083023B9B0F90A300BB9FFF7D3FF236870
:105230006D4621463C342846D3F88430984795E89B
:10524000070084E8070005B030BD00238380C380D9
:105250000380438091F82630FF2B01BF0B898380A8
:105260004B89C3807047000037B504466B46086819
:10527000496803C3236869462046DB6A9847084BA0
:105280001B6893F858200AB1D86C00B99868036875
:105290006946A26A1D6A94F82630A84703B030BD5B
:1052A000E45E0120704710B504462C2115F08AFDFC
:1052B000204610BD90F826202AB190F8252012B182
:1052C00003685B691847704770B50B88054604464C
:1052D000C385138825F8303F284606F0FBF80646BC
:1052E000284606F02BF923680546314620469B6B7D
:1052F0009847236829462046DB6BBDE87040184775
:1053000010B591F832300446FF2B06D000230380FD
:1053100043808380C380204610BD91F82C301BB1A0
:10532000303106F03FF9F6E72E31FAE72DE9F0418A
:1053300090F82C308AB004468846002B66D0038E45
:1053400005A8ADF8143006F0C5F8074605A806F024
:10535000F5F8B8F90060B8F8042000233244069349
:1053600092B20FFA82FC9C4552DDB74250DDB8F98B
:105370000250B8F806302B449BB219B2002947DD21
:10538000A84245DD674526EAE67625EAE575B8BF19
:10539000BAB28842ADF81860B8BF83B2921BADF8BC
:1053A0001A505B1BADF81C20ADF81E30BDF8142060
:1053B0004FF6FF739A4226D0BDF91C30002B22DD38
:1053C000BDF91E30002B1EDD002308A92046CDE9C3
:1053D00008332368DB6A98470F4B1B6893F8582003
:1053E0000AB1D86C00B9986801250168BDF922306E
:1053F000029594F83240BDF92020019406AC009447
:105400008C6805A9A0470AB0BDE8F081C38D97E775
:1054100000230793CAE700BFE45E0120704770478E
:1054200010B504463C2115F0CDFC204610BD2DE9F9
:10543000F0411C460646069FFFF746FF23884FF0C3
:105440000208B6F908503846B3863B8895FBF8F554
:10545000F386ADB206F03EF8B6F90A4090FBF8F0DC
:105460002D1A384694FBF8F43587A4B206F066F896
:1054700090FBF8F0241A7487BDE8F0812DE9F04123
:1054800004468CB00D46FFF751FF94F82C30002BEA
:105490005DD0E38E05A8ADF81430B4F93880B4F9C6
:1054A0003A7006F017F8064605A806F047F869684E
:1054B000ADF81E0008AB286808ADADF81880ADF84F
:1054C0001A70ADF81C6003C306A92846FCF7ECFA75
:1054D000BDF814204FF6FF739A4235D0BDF9243041
:1054E000002B31DDBDF92630002B2DDD00230AA96C
:1054F0002046CDE90A332368DB6A9847BDF820309F
:10550000228FBDF822109B1AADF82030638FC91A84
:10551000ADF822100F49096891F8580008B1C86C1D
:1055200000B98868BDF82A1001260B44BDF8281080
:105530000A44016802961BB294F8324012B2CDE9D7
:1055400000548C6805A9A0470CB0BDE8F081A38E7B
:10555000A0E700BFE45E01200121002210B580F821
:10556000251080F824104FF6FF710D4C8280C28008
:10557000028142818281C28102824282C2610284AE
:105580004284826280F82C20C185018680F8321026
:1055900004608186C18602874287C0E9052210BD6A
:1055A000B4870408704770B50B880D460446C38461
:1055B000084605F08FFF0646284605F0BFFF236822
:1055C0000546314620469B6B98472368294620466E
:1055D000DB6BBDE87040184710B504462C2115F070
:1055E000F1FB204610BD10B591F828300446FF2B82
:1055F00006D00023038043808380C380204610BDF3
:10560000263105F0CFFFF9E72DE9F041044688B0D7
:1056100000250F4654F8263B04A90646DB6ACDE96F
:1056200004559847204605F055FF8046204605F072
:1056300085FF069506ADADF81E003946ADF81C8015
:105640002846FCF731FABDF91C30002B19DDBDF9F5
:105650001E30002B15DD0C4B1B6893F858200AB147
:10566000D86C00B9986801270168BDF9123002971B
:1056700096F82860BDF91020CDE900568D682146C6
:10568000A84708B0BDE8F081E45E0120704710B57E
:105690000446302115F096FB204610BD10B5044697
:1056A00000F072FEE06000F075FEE368C0080022C2
:1056B00047F6FF7123610138A2606060198059804C
:1056C0009A80DA80636A23F0010343F00203636285
:1056D00010BD00000A4B10B503600023044643626E
:1056E000C0E90133C0E90333C0E90533C0E907333A
:1056F0006FF00043C0E90A33FFF7D0FF204610BD2A
:10570000988804082DE9F04F93B056111C9C05931E
:10571000531104F01F05039363110495651106935B
:1057200002F01F03AE4240F0F480049C059AA342AD
:105730004FEA621E026925D1B2F900309E4503D1BD
:10574000B2F902309E4235D0D18893880B4310D0F5
:10575000B2F90230002B0CDBC16A8B4209DAD0E9C6
:1057600001138B4203F1010338BF0832836038BF55
:1057700002610369039AA3F800E05A8000229A802C
:10578000DA8017E0059C4E1101F01F0CB2F804807E
:1057900004F01F047645B2F806A00294049CA4EB22
:1057A00003040AD1029BA0449C44A2F8048004FB99
:1057B0000CA4D48013B0BDE8F08F059D691A51BFC9
:1057C000CCF1200504FB0CF4494200255DBF6C437D
:1057D00020254FF001094FF0FF390195019F4E44FC
:1057E00094FBF1F501FB1544BC44002CBCBF05F152
:1057F000FF356418A84405FB0CACA2F80480A2F89D
:1058000006C0D0F810C0BCF80680BCF8042058EAE6
:10581000020211D0BCF90280B8F1000F0CDBC26AA1
:10582000904509DAD0E9012890453CBF0CF1080207
:10583000026108F101028260D0F810C00027BDF9B2
:105840000C20B645ACF800602B44ACF80220ACF854
:105850000470ACF806704BD0049F641A4FF0000A35
:10586000FF1A3D446D0195FBF1F801FB1855002D21
:10587000BCBF08F1FF386D1808F101070397D0F895
:1058800010C064194E4454BF039F4746BCF804B08F
:1058900058BF641A3B44BB44ACF804B0BCF806B033
:1058A0000BEB471BACF806B0D0F810C0BCF806B044
:1058B000BCF804705BEA070711D0BCF902B0BBF179
:1058C000000F0CDBC76ABB4509DAD0E9017BBB4599
:1058D0003CBF0CF1080707610BF1010787600769FE
:1058E000B6453E807A80A7F804A0A7F806A0C6D1E6
:1058F000049AD31A02699188D68819449180029932
:1059000001F1200C0199ACEB010C03FB0C63D3807B
:1059100050E7059DA21AA5EB01050292089540F1FA
:105920002881039A002AFFF645AF029A4FF0FF3410
:1059300052420B9400240292069A42EAE2720692C4
:105940002A465A430194029C029D92FBF4F405FB03
:105950001422002A0792BCBF521904F1FF340569D2
:10596000B8BF079204EB0109019A4FEA69169A42FF
:1059700040F01181B5F900309E4204D1B5F90230F2
:10598000039A9A421BD0EA88AB88134310D0B5F92A
:105990000220002A0CDBC36A9A4209DAD0E90132FC
:1059A0009A4202F1010238BF0835826038BF0561B2
:1059B0000369039A1E805A8000229A80DA800B9B2A
:1059C000039A01691A44B1F90030B34203D1B1F925
:1059D00002309A421AD0CC888B88234310D0B1F978
:1059E0000240002C0CDBC36A9C4209DAD0E9013486
:1059F0009C4204F1010438BF0831846038BF016162
:105A0000036900211E805A809980D980069B9342A9
:105A100000F08280089B02995B01029C93FBF1F1EC
:105A200004FB11330391002B089304DA4B1E0393FC
:105A3000089B23440893079B4F46029900265B1A54
:105A40000793019BC3F120030E930E99019B5B1AF0
:105A50000A93DDE907315B1858BF0299079357BFD6
:105A60005B1A03990793039B58BF591C002A89446A
:105A70004FEA691A2EDBC36A93422BDD019C05694C
:105A8000A0460E9CB5F904C0A045B5F906E040F06B
:105A90004C81B5F90010514503D1B5F9021091427E
:105AA00018D05CEA0E010FD0B5F9021000290BDB0B
:105AB0008B4209DDD0E90131994201F1010138BF82
:105AC0000835816038BF05610369A3F800A05A80DA
:105AD0009E80DE800B9B01691A44CC888B8823430F
:105AE00010D0B1F90240002C0CDBC36A9C4209DAE9
:105AF000D0E901349C4204F1010438BF08318460CC
:105B000038BF016103694F46A3F800A05A809E8008
:105B1000DE80069B93429CD1019B0769C3F120065E
:105B2000059B4FEA631E049B9E4240F0C781B7F974
:105B300000309E4504D1B7F902309A423FF43AAEA4
:105B4000F988BB880B4310D0B7F90230002B0CDB6F
:105B5000C16A8B4209DAD0E901138B4203F10103D8
:105B600038BF0837836038BF07610369A3F800E0D6
:105B700003E6C26A039CA242FFF61CAE069CA24248
:105B8000089CBCBF01320692C3F12002624301248B
:105B90000B942024D6E64FEA611809F01F0201F0A9
:105BA0001F01B5F804E00C92B045019AB5F806A0C3
:105BB000A2EB030208D10C9B96441944A5F804E01B
:105BC00002FB01A1E980FAE6002CC0F2A7800127C0
:105BD000C1F1200C0A97202702FB0CF20997099FBC
:105BE00092FBF4FC04FB1C223944002ABCBF0CF1DC
:105BF000FF3C12190CFB01A1E644E9800A99A5F8C3
:105C000004E008EB01050169B1F80680B1F804E091
:105C100058EA0E0710D0B1F902E0BEF1000F0BDB1D
:105C2000C76ABE4508DAD0E9017EBE453CBF0831EF
:105C300001610EF10101816001694FF0000EBDF9B3
:105C40000C80AE420D806344A1F80280A1F804E00C
:105C5000A1F806E053D00199121BC91A6144490109
:105C600091FBF4FE04FB1E110029BCBF0EF1FF3EA8
:105C700009190EF101070D97D0F810A052180A9FCC
:105C800054BFDDF834C0F446BAF804B058BF121B54
:105C900063443D44E344AAF804B0BAF806B00BEB01
:105CA0004C1BAAF806B0D0F810C0BCF806B0BCF87F
:105CB00004A05BEA0A0714D0BCF902A0BAF1000FF5
:105CC0000FDBC76ABA450CDAD0E9017ABA450AF1A6
:105CD000010A38BF0CF1080CC0F808A038BFC0F8A2
:105CE00010C0D0F810C04FF00007AE42ACF8005022
:105CF000ACF80280ACF80470ACF80670BCD1046952
:105D0000019A0C99D31AA28820311A44A280099AC8
:105D1000891AE28803FB0123E38050E64FF0FF3746
:105D20004A4364420A97002758E74FEA671809F088
:105D30001F0307F01F071FFA8CFCD0450F931FFAB3
:105D40008EFE0AD10A9B9C440F9B1F440A9BA5F818
:105D500004C003FB07E7EF80BCE60029C0F2A68081
:105D60000A9CC7F12003634301240D9420240C9462
:105D700093FBF1F401FB143B0C9BBBF1000F1F44A0
:105D80000D9BBCBF04F1FF348B4404FB07E7A44424
:105D9000EF80A5F804C008EB0305D0F810C0BCF8EC
:105DA00006E0BCF804705EEA070311D0BCF902E01B
:105DB000BEF1000F0CDBC76ABE4509DAD0E9017EEF
:105DC000BE453CBF0CF1080707610EF10107876073
:105DD000076913B2554510937B800E9B3D80BE80B2
:105DE00004EB030CFE8050D0019BA3EB0C07ABEB44
:105DF00001033C440993640194FBF1F801FB18444E
:105E0000002CBCBF08F1FF38641808F10107119796
:105E1000099BD0F810E01B19BEF804B054BF119FC5
:105E20004746099358BF5B1ABB44BC4458BF09930B
:105E3000AEF804B0BEF806B00BEB471B0D9FAEF8F2
:105E400006B03D44D0F810E0BEF806B0BEF80470CD
:105E50005BEA070311D0BEF902B0BBF1000F0CDB07
:105E6000C76ABB4509DAD0E9017BBB453CBF0EF1EF
:105E7000080707610BF10107876007695545109B0B
:105E80003D807B80BE80FE80C2D1019B0F9FA3EB33
:105E90000C0C036920379988614499800C997F1A0A
:105EA000D9880CFB071CA3F806C013E64FF0FF349B
:105EB0000A9B49420D9400247B4358E705994FEA19
:105EC000691B09F01F0CB7F8048001F01F01F345AE
:105ED000B7F806A002910499A1EB060408D1029B31
:105EE000A0449C44A7F8048004FB0CA4FC8061E45B
:105EF0000599B1EB090151BFCCF1200504FB0CF46D
:105F0000494200255DBF6C4320254FF001094FF049
:105F1000FF390195019B94FBF1F501FB15449C446D
:105F20000BEB0903002CBCBF05F1FF356418A84436
:105F300005FB0CACA7F80480A7F806C0D0F810C089
:105F4000BCF80680BCF8047058EA070711D0BCF909
:105F50000280B8F1000F0CDBC76AB84509DAD0E956
:105F60000178B8453CBF0CF10807076108F101074B
:105F7000876007694FF0000C12B29E453B802E44AB
:105F80007A80A7F804C0A7F806C04BD0049F641A13
:105F90004FF0000ABF1B3D446D0195FBF1F801FB7A
:105FA00018556545BCBF08F1FF386D1808F10107A9
:105FB0000397D0F810C064194B4454BF039F474661
:105FC000BCF804B058BF641A3E44BB44ACF804B0FB
:105FD000BCF806B00BEB471BACF806B0D0F810C00D
:105FE000BCF806B0BCF804705BEA070711D0BCF936
:105FF00002B0BBF1000F0CDBC76ABB4509DAD0E980
:10600000017BBB453CBF0CF1080707610BF10107A1
:10601000876007699E453B807A80A7F804A0A7F8AF
:1060200006A0C6D1049B9E1B03699A8832449A80BD
:10603000029A02F1200C019AACEB020CDA8806FB02
:106040000C26DE80FFF7B6BB436A9B07F7B50E460A
:10605000154611D5D0E9051286EA010785EA020343
:106060003B4309D033460095FFF74CFB436A43F0AE
:106070000103C0E90565436203B0F0BDF8B5436AAA
:10608000154604460E469A0701D4FFF707FB636ADC
:10609000DB0704D52046D4E90712FFF7D5FF2369B3
:1060A00070116911B3F90020904203D1B3F90220B5
:1060B00091421AD0DF889A883A4310D0B3F902206F
:1060C000002A0CDBE76ABA4209DAD4E90172BA4263
:1060D00002F1010238BF0833A26038BF236123698F
:1060E0000022188059809A80DA8066612562C4E9AE
:1060F0000656F8BD2DE9F047D0B000EBC1016C4663
:1061000027460D1A00F10803482D40F3D5802D11C4
:10611000B0F906C0B0F9009000EBC502B0F90280FA
:10612000B0F904E0166806605668466020F83590BD
:10613000A2F80280A2F804E0A2F806C0A1F10802C9
:1061400031F9065CB0F90AC0654506DB19D1B0F932
:10615000086031F9085CAE4213DD0E46B0F90890D4
:10616000B0F90C8056F8085DB0F90EE01D60756856
:106170005D6021F8089C21F806CC21F8048C21F8F8
:1061800002ECB0F90260B0F90A50AE4206DB16D15B
:10619000B0F900C0B0F90850AC4510DA1D68B0F98C
:1061A0000080B0F904E0B0F906C005605D68A0F8B1
:1061B000088045604681A0F80CE0A0F80EC031F9D7
:1061C000065CB0F902C0654506DB19D131F9086CEF
:1061D000B0F90050AE4213DA0E46B0F90090B0F9B3
:1061E000048056F8085DB0F906E005607568456002
:1061F00021F8089C21F806CC21F8048C21F802EC47
:106200000833B0F902C0B3F902E0E645F8DB05D186
:10621000B3F90060B0F90050AE42F1DB1546083A20
:10622000B2F90260B445F9DB05D1B0F90080B2F9EA
:106230000060B045F2DB9342A5F1080616D8D6F807
:1062400000C0B3F900A0B3F90490B3F90680C3F815
:1062500000C0D6F804C0C3F804C025F808AC25F87F
:1062600006EC25F8049C25F8028CC9E7D6F800E076
:10627000B0F900A0B0F90490B0F90680C0F800E0D1
:10628000D6F804E0161AC0F804E025F808AC25F8A2
:1062900006CC25F8049C25F8028CCD1AED10B5EB40
:1062A000E60FB5BFC4E90002C4E900310A4603465F
:1062B00008341846114624E7994227D9A3F1100261
:1062C000B2F912C0B2F90A50AC4506DB1CD1B2F9E2
:1062D0001060B2F90850AE4216DA1546B2F91090C5
:1062E000B2F91480083A55F8086FB2F91EE09661C9
:1062F000A8426E68A2F81090D661A2F812C0A2F867
:106300001480A2F816E0DBD10833D5E7BC4203D9EC
:1063100054E90201083CF4E650B0BDE8F08710B53E
:10632000436A0446DA0707D5D0E90712FFF78CFE67
:10633000436A23F001034362636A9B0721D5236903
:10634000D9889A880A4310D0B3F90220002A0CDBBE
:10635000E16A8A4209DAD4E90112914202F10102AA
:1063600088BF0833A26088BF2361A16829B1636830
:10637000994202D8E068FFF7BDFE636A23F002038A
:106380006362E06810BD0000014B1868704700BFF1
:10639000EC5E0120014B1868704700BFF05E0120E1
:1063A00010B503680C46DB6A9847031B58425841F6
:1063B00010BD0000014B1960704700BFF45E012062
:1063C0002DE9F04F964697B0054614460E461F46F7
:1063D0000DF11C0CBDF888809DF88C90BDF890A044
:1063E000BEE80F00ACE80F00DEF8003004F1140E38
:1063F000CCF800300DF1300CBEE80F00ACE80F0017
:10640000DEF8003004F1280ECCF800300DF1440C19
:10641000BEE80F00ACE80F00DEF800303146219AEC
:106420002846CCF800302B680192209ACDF80880DD
:10643000009207AACDE9039AD3F83CB03B46D8476F
:10644000A6460DF11C0CBEE80F00ACE80F00DEF80C
:10645000003004F1280E3C34CCF800300DF1300C43
:10646000BEE80F00ACE80F00DEF80030CCF80030DA
:106470000DF1440C0FCCACE80F00236831462846E0
:10648000CCF800302B68CDE9039A219ACDF808802A
:106490000192209A009207AADC6B3B46A04717B0F6
:1064A000BDE8F08F2DE9F04F99B08846D3F800C0D1
:1064B0002299BDF8A0400F6892ED0D5AA7EB0C078A
:1064C00092ED096AD2ED0B5ABC42D3ED072A24990A
:1064D000A8BF3C46DDF894A0B1F9009006EE904AC2
:1064E000BAF9001009EB0C0ED3ED0A7AF8EEE66A61
:1064F00093ED0D7A714526EE866A66EEA55A66EE34
:10650000856AB7EE005A37EEA54A77EE263A85EE51
:10651000223A72EE864A67EE837A27EE037A40F3D8
:10652000A280A1EB0E0696FBF4F503EE105A002DA7
:1065300004FB1566B8EEC33AE3EE064AA3EE254A1D
:10654000E3EE263A12DD74EEC67A33EEE67AF5EE25
:10655000407AF1EE10FA14BF85EE273AB0EE453AD4
:1065600074EE657A27EE037A67EE837A05FB04F210
:10657000BF1A9444BAF80420114409EB0C0209B282
:106580003A448A42C4BFA1EB0902A2EB0C07002FD8
:1065900066DD97FBF4F104FB11720AB9013922465A
:1065A00085EE243A40689DF89CB0B644D0F800A02F
:1065B0000029CCBFA14691461790239804FB05E51E
:1065C000B0EE471ACDED146A1090F0EE671A2498D9
:1065D000CDED135ABEEEC81A8DED126AFEEEC81A42
:1065E000CDF844B0B0F902B05B6917985B448DED0B
:1065F000097ACDED087A64EE032A0F9323EE832AFD
:1066000011EE103A8DED0C3A32EEE75ACDED0A2A32
:106610008DED0B2ACDED033ABEEEC85A8DED024A40
:10662000CDED014A009415EE107A32EE475A97FBF1
:10663000F4F7BEEEC85ACDE90D8515EE10CA9CFBE5
:10664000F4FC0CFB0633059311EE903ACDE9067C81
:1066500007FB0637A9EB06030497DAF80840A047C2
:1066600019B0BDE8F08F00252E4683E72DE9F04FE5
:10667000DBB01D461446BDF898310F9129460A93A8
:106680009DF89C3109900B93BDF8A031DDF894B1D1
:10669000109303685F6CDDE90A23B847099B5860D3
:1066A000002800F0A1832B68F2EE047A94ED027AC0
:1066B00014936B68B4EEE77A1593C14B1978D5E95A
:1066C0000223002916BF194611461346F1EE10FAAF
:1066D0001691CDE9173240F2878394ED077AB4EE34
:1066E000E77AF1EE10FA40F27F8394ED0C7AB4EE83
:1066F000E77AF1EE10FA40F277832268B14B9A42C2
:10670000C0F27283B04963698A4200F36D8303F576
:106710001C33AE48FF33834200F26683A36AAC4D5C
:1067200003F51C33FF33AB4200F25E83626802F56F
:106730001C33FF33834200F25783A16901F51C33F8
:10674000FF33834200F25083E36A03F51C30FF30CD
:10675000A84200F249838A4280F210819A4200F3F3
:106760001981994280F21D8102250127A946B84668
:106770004FF0000A214649A804F0E4FB22465346A4
:1067800049A9CDF8009019A804F00CFD2246534603
:1067900049A9CDF8008029A804F004FD434622460B
:1067A00049A9CDF8009039A804F0FCFCAF4212AF23
:1067B000B7BF0023012329AD19ACB1BF0E9319ADAA
:1067C0000E9329AC0F9B93E8030087E8030028B9D8
:1067D000804B18680368DB6A98473860649BBBF895
:1067E0000600B3F902302F9A0C930C9963690B449D
:1067F000BBF90210084400B283420D9080F2DD80A4
:106800008B4208DA002A06DDCB1A9A42C0F2E480F5
:10681000002B00F3E28067690DF150080C9B3B44AC
:106820001F460D9BDF1B9742A8BF1746002F40F362
:106830006681649B2968B3F90020BBF900301144DC
:10684000206899421ADDBBF8041002440B441BB2C5
:106850009A4213DC109A12A9099B09981B680692A8
:106860000B9A009505920A9ACDE903B2649ACDE994
:10687000018249AAD3F848902346C84794ED0A7A82
:10688000D4ED0B7AD4ED0E6A37EE277AD4ED0D7A7B
:10689000A16877EEA67A94ED086AD4ED076A84EDD4
:1068A0000A7A76EE866AC4ED0D7AD4E90023C4ED47
:1068B000076A1A446369013322606361A369013B7B
:1068C000A36123690B44E1688B42236115DB94EDDE
:1068D000096A01325B1A76EE266A22602361C4EDF2
:1068E000076AD4ED0C6A36EE877A84ED0A7A94ED65
:1068F0000F7A77EE277AC4ED0D7A95ED0A7AD5ED09
:106900000B7AD5ED0E6A37EE277AD5ED0D7AA968A8
:1069100077EEA67A95ED086AD5ED076A85ED0A7AD5
:1069200076EE866AC5ED0D7AD5E90023C5ED076AD6
:106930001A446B6901332A606B61AB69013BAB613F
:106940002B690B44E9688B422B6115DB95ED096AD5
:1069500001325B1A76EE266A2A602B61C5ED076A62
:10696000D5ED0C6A36EE877A85ED0A7A95ED0F7AC9
:1069700077EE277AC5ED0D7A013F57E7994213DC90
:106980009A4214DA022503274FF00008A9464FF077
:10699000010AEFE601250027A946B8464FF0020A92
:1069A000E8E601250227E1E600250127F4E70227B2
:1069B00003254FF00009B846E9E7134628E700BF72
:1069C000DA5E0120018FFDFF00710200FFE104008B
:1069D000FEE10400E45E012013462B999E462E9FA3
:1069E0009C4611914FF00009DDED344A9DED337A5C
:1069F0009DED374ADDED367ADDED313ADDED306A79
:106A00009DED325ADDED355A9DED386ADDE9290AF2
:106A1000DDE92C81BCF1000F47D103EB070CD71A3D
:106A2000B9F1000F09D029908DED337ACDED367A8A
:106A3000CDED306A2D91CDE92EC71B994FF000089E
:106A4000DDED244A1191DDED236A9DED274A9DED90
:106A5000267ADDED213ADDED207A9DED225ADDED3D
:106A6000255A9DED286ADDE9190ADDE91EC7DDE931
:106A70001C91BEF1000F31D0119E504476EEA46AF5
:106A8000314437EE047A77EEA37A494508DB77EE96
:106A9000857A013076EEA56AA1EB090137EE067A18
:106AA0000EF1FF3E4FF00108E3E7119E504437EE30
:106AB000247A314477EE847A76EEA36A414508DB86
:106AC00076EE856A013037EE257AA1EB080177EE84
:106AD000867A0CF1FF3C4FF001099BE79C44FF1ABA
:106AE000B8F1000F09D01990CDED236A8DED267A0B
:106AF000CDED207A1D91CDE91EC7D21A8BE60E9BF3
:106B00003F9A002B00F0D18019AD39AC649BBBF8E3
:106B10000600B3F902300C930C9963690B44BBF97E
:106B20000210084400B283420D9080F2C1808B4273
:106B300008DA002A06DDCB1A9A42C0F2BB80002B8D
:106B400000F3B98067690DF150080C9B3B441F4668
:106B50000D9BDF1B9742A8BF1746002F40F33C81D7
:106B6000649B2968B3F90020BBF900301144206808
:106B700099421ADDBBF8041002440B441BB29A423E
:106B800013DC109A12A9099B09981B6806920B9AAC
:106B9000009505920A9ACDE903B2649ACDE9018283
:106BA00049AAD3F848902346C84794ED0A7AD4ED11
:106BB0000B7AD4ED0E6A37EE277AD4ED0D7AA16800
:106BC00077EEA67A94ED086AD4ED076A84ED0A7A26
:106BD00076EE866AC4ED0D7AD4E90023C4ED076A27
:106BE0001A446369013322606361A369013BA361B5
:106BF00023690B44E1688B42236115DB94ED096A3C
:106C000001325B1A76EE266A22602361C4ED076AC0
:106C1000D4ED0C6A36EE877A84ED0A7A94ED0F7A19
:106C200077EE277AC4ED0D7A95ED0A7AD5ED0B7AD9
:106C3000D5ED0E6A37EE277AD5ED0D7AA96877EE95
:106C4000A67A95ED086AD5ED076A85ED0A7A76EEA3
:106C5000866AC5ED0D7AD5E90023C5ED076A1A44A9
:106C60006B6901332A606B61AB69013BAB612B69D6
:106C70000B44E9688B422B6115DB95ED096A013203
:106C80005B1A76EE266A2A602B61C5ED076AD5EDA0
:106C90000C6A36EE877A85ED0A7A95ED0F7A77EEF3
:106CA000277AC5ED0D7A013F57E739AD19AC2DE7CD
:106CB000134644E713463B9E9E46DDF8F8C01F4648
:106CC0009DED437A4FF00009DDED444ADDED467A53
:106CD0009DED474ADDED406ADDED413A3D99DDF835
:106CE000F0809DED425ADDED455A9DED486A0E96C5
:106CF000DDE9390A002F46D19C44D71AB9F1000FBB
:106D000009D039903D91CDED406A8DED437ACDEDBE
:106D1000467ACDE93EC71B994FF00008DDED244AC5
:106D20000E91DDED236A9DED274A9DED267ADDED7E
:106D3000213ADDED207A9DED225ADDED255A9DEDBB
:106D4000286ADDE9190ADDE91EC7DDE91C91BEF1FB
:106D5000000F30D00E9E504476EEA46A314437EED8
:106D6000047A77EEA37A494508DB77EE857A01301D
:106D700076EEA56AA1EB090137EE067A0EF1FF3E29
:106D80004FF00108E3E70E9E504437EE247A314479
:106D900077EE847A76EEA36A414508DB76EE856A63
:106DA000013037EE257AA1EB080177EE867A013FB4
:106DB0004FF001099EE79C44FF1AB8F1000F09D07B
:106DC0001990CDED236A8DED267ACDED207A1D91B7
:106DD000CDE91EC7D21AB5E60F9B1B6823B9044B39
:106DE000186803681B6B98475BB0BDE8F08F00BF65
:106DF000E45E012070B50446002505989DF81C60EE
:106E0000616063829DF81010BDF9183025802172F1
:106E10006672E0602282A382E58225836583A58372
:106E2000E583258484F822502EB303685B69984774
:106E3000064600B3E06831460368DB6898470546BC
:106E4000C8B1437B827A5B0003F4807313432384CD
:106E5000637A062B0FD1E0682A46314603685B6CE3
:106E600098476B7B5B0003F48072AB7A1343184442
:106E7000238C18442084204670BD2DE9F04F002457
:106E800085B08146884692469B462746254626463B
:106E900054452ADA002303934FF6FF639D4204D042
:106EA00042F20B039D4218BF2F4603AB42465946A0
:106EB000484603F05DFE0546B8B10A2815D0039A8E
:106EC0008AB1507B3946937A4000958800F48070EF
:106ED000034340460193D8F800305B6C9847019B10
:106EE00018440644B6B20134D2E7304605B0BDE8D6
:106EF000F08F022A30B511D0032A1CD0012A0CD100
:106F00008B880188B0F904205B1A4488B0F9061018
:106F10009B1A048081804380C28030BDCB88428828
:106F20009B1AC2889B1A8A8801884380521A8188DA
:106F3000521A0280F1E7CB884188B0F906205B1A2B
:106F4000B0F90050B0F904409B1A4580828003805C
:106F5000C480E2E72DE9F04F9FB00F921293299A77
:106F6000299B12889B882A9D13440E9028681BB287
:106F700017919DF8ACB0119303689DF8B8405B6D14
:106F800098472B6813901A7BDB7A15921693BDF9FC
:106F9000A060002C67D02B7C2D9A062B14BF0123F8
:106FA000022313444FF0000910934C46CDF834905F
:106FB000CDF830900D9B109A934280F28B80002385
:106FC000CDE91C338DF86F304FF6FF639C4206D03D
:106FD0000C9B42F20B02944218BF23460C930D9B6C
:106FE0002D992A688B4240DB136810465B699847ED
:106FF000044628681DAA214603689F680DF16F03A7
:10700000B8471C904FF6FF639C4200F0EB8042F2C1
:107010000B039C4200F0E680002C00F00D810A2C4E
:107020005ED01C9A6AB39488BBF1000F3AD092F8F4
:107030000D90BBF1010F4FEA490909F4807392F8F2
:107040000A9049EA030933D10C9BA6EB0906002BF1
:107050004DD1159A09EB06031344299AB2F9002081
:1070600093424EDA36E02D9B9CE70DF16F035946B3
:107070002C9801931DAB00931CAB03F0C2FD04469A
:10708000C0E7286803681B6998474FF6FF6398427A
:1070900000F0A88042F20B03984200F0A380BBF1FD
:1070A000000F00D14E441C9A002AC0D1914699E0AD
:1070B0000C9B002B00F0C280BBF1000F17D1286899
:1070C0000C9903685B6C98470644169B119AF31A57
:1070D000934216DD002C00F0AF800A2C40F09D801A
:1070E0000A24B4FA84F040091FB0BDE8F08F286884
:1070F0000C9903685B6C9847BBF1010FA6EB000687
:10710000A7D01C98299B90F90910B3F90080437B04
:1071100031445B0103F48072837913430B4443458C
:1071200060DB119B99425DDA2868B0450368CCBFEB
:10713000A8EB06084FF000081B6BC8BF1FFA88F8C1
:1071400098471C9A537BD90001F48077117A394310
:107150005F06129F48BFA1F50071074448BF09B2FE
:107160007F1A2999BFB2B1F902100FFA87FA514577
:107170003CDD1B01D07903F4807303439A445145ED
:1071800030DCCF1B8A463FB21992139A1D9B2868A8
:10719000002A2DD11893BFB20E9B1968CB6C0168E1
:1071A0001493096C8847A979189B0B91A97B199AAC
:1071B0000A919DF86F100991A9680693299B059281
:1071C0000493CDF804A0CDE90287B044149F0FFAD0
:1071D00088F300930F9BCDE9070117991A680E9861
:1071E0005B68B8470D9B01330D93E3E60027CBE7BF
:1071F0000E9AD2F808C0129ADCF80010CDE90462A9
:10720000AA790392AA7B0292AA68CDE90002299A80
:1072100060468F680F99B847E4E70D9D01352D9BB7
:107220009D42BFF65EAF59462C98E4F7C3FE044674
:1072300010B10A28F2D153E7002452E7BBF1000F46
:107240003FF443AF5DE730B5C48A458B43832C449C
:10725000E41A838BC482048B22440C44591AC283DF
:107260000483818330BD2DE9F04F0446478AC0680E
:1072700085B003689B6B9847B4F91460637A06EB9A
:107280004006013BB742ACBF4FF000094FF0010987
:10729000052B04D8DFE803F054080F474C4C0025B9
:1072A000A9462E462F460EE0B7424FF00005B4BF68
:1072B00000260126F6E7B7424D464FF00009B4BF5D
:1072C000002601264F464FF00008A4F81680A4F8C7
:1072D0001880CDF80480002303932388202B33D01B
:1072E00042F20B015A1AD2F1000A4AEB020A4FF697
:1072F000FF62934208D08B42019A0EBF4FF0010A01
:107300001A464FF0000A019203ABE268217A6068E6
:1073100003F02EFC2080D8B9A28B00231146204612
:10732000FFF791FF6EE000250127A9462E46CAE728
:10733000B7424FF00005B4BF002701272E46C2E731
:1073400000250126A946ADE701934FF0010ADBE7CE
:10735000638B0A2803F101036383DDD0039A62BBC8
:107360004FF6FF63984203D042F20B039842B2D12A
:107370002388A18B202B03D042F20B00834231D112
:10738000BAF1000F0ABF8846504601200A44238BF9
:10739000B4F810C092B2A2831344B9F1000F02D125
:1073A000002D42D000B3218C19448C4537DAE18A94
:1073B000002934D063458EDD1DE093880199238038
:1073C00092F80DB04FEA4B0B0BF4807092F80AB0B4
:1073D0004BEA000BE06803685B6C98470BEB00021C
:1073E00092B2C5E70020D1E763457FF774AFE38A27
:1073F000002B3FF470AF0123228C84F82230E38B02
:107400001344E383E06803689B6B9847B4F9143036
:107410001844638A181A608205B0BDE8F08F002313
:1074200011462046FFF70FFF55E7634514DD17B1FE
:1074300001230A4672E7002E3FF44DAF00287FF487
:107440004AAFBAF1000F02D00123424667E7E38A50
:10745000002B3FF440AFD5E700287FF43CAFBAF1F2
:10746000000F3FF438AF01234246DAE7F0B5054696
:107470008FB017461C460E46D1B11B6820469B6B49
:107480009847404203964FF6FF7300B20097BDF84D
:1074900050202946CDE90140012405A8FFF7AAFCA8
:1074A00005A8FFF7E0FEBDF8143063B10134F7E73B
:1074B000012403F029FC0A28284608BF013403F000
:1074C00023FC0028F7D1A0B20FB0F0BD2DE9F04F9A
:1074D000E3B01C46834688466C9B002B00F012816B
:1074E0002368002B00F00E81A37B002B00F00A81A3
:1074F0000AAD106851682B46B8F9042003C3002177
:10750000B8F90630ADF8342028460C910CA9A279C0
:10751000ADF83630FFF7EDFC0CA9A2790846FFF76D
:10752000E8FC17A802F096FF20680368DB6C984718
:107530000646206803681B6D984733466D9A6C9920
:10754000009017A802F0E1FF206894F804A00368F7
:107550009B6B9847B4F90C6023680746064430A833
:1075600093F8099002F076FF237C7BB120680368D2
:10757000DB6C9847099020680268126D9047099B60
:10758000009030A86D9A6C9902F0BFFFBDF83410DE
:107590000EA8E27BBDF836308A1A217C039192B2A4
:1075A000B4F90C100291216801916179009130A920
:1075B000FFF720FC002E5BDC17AF4FF00009237CA7
:1075C000002B00F0B1800EA8FFF74DFEBAF1000FBE
:1075D00000F0A580237C6422394649A80993E1F78D
:1075E00067F9099B002B00F0A780BDF9563022797E
:1075F000012A40F08A80BDF93400C01A022390FBB2
:10760000F3F000B2237C002B00F08B80BDF84E20FD
:107610009DF85A10BDF93230CDE90521BDF8302072
:1076200000211044424600B2CDE90397009058462D
:10763000CDE90154FFF78EFC002863D1B2B2BDF84A
:107640003230BDF8361013448A1A1BB2ADF836201A
:107650009DF85A20ADF83230002A53D1226869884B
:10766000127A9B1AEA880A4412B29342A7DD49E0D3
:10767000237C4F44C3B14FF6FF79BDF93230B5F9E1
:1076800002203B44934297DA0EA8FFF7ECFDBDF8C9
:107690004E30013B9BB24B45099321D0617917A82D
:1076A000E4F788FC099BF4E71FFA86F9BDF932304C
:1076B000B5F902203B449342BFF67EAF17A803F012
:1076C00023FBF8B10A28F1D1BDF832304B44ADF8B4
:1076D0003230BDF83630A3EB0903ADF83630E5E7BC
:1076E000B3B2BDF832201A44ADF83220BDF83620CE
:1076F000D31AADF83630BDF838301BB19DF85A308A
:10770000002BBAD063B0BDE8F08F022A05D1E27B2E
:10771000BDF83400801AC01A73E7002072E7E07BDE
:1077200070E747F6FF7273E7BAF1000FF7D06422F3
:10773000394649A8E1F7BCF8002347F6FF722168F3
:1077400049A8FFF79AFB03B251E7032B18D8DFE8EB
:1077500003F002060D13B0F900205018704703889B
:107760008088184400B2801A0138704703888088E6
:10777000184400B2401AF7E7B0F90000104470470F
:1077800000207047032B17D8DFE803F0020609102A
:10779000B0F9021050187047B0F90220FAE7438898
:1077A000C088184400B2801A013870474388C088E6
:1077B000184400B2401AF7E700207047014B00223E
:1077C0001A607047F45E01200346C8B1020C12042F
:1077D000A2B90304102013F07F4F04BF1B0208302E
:1077E00013F0704F04BF1B01043013F0404F04BF6F
:1077F0009B000230002B04DB013070470020EAE7D9
:10780000202070472DE9F04F87B00D461646984668
:107810000146DDE9104720B11AB11F2D01D81F2BF9
:1078200004D90020386007B0BDE8F08F7DB943B1BE
:1078300002462B4641463046CDE90047FFF7E2FFBE
:10784000F1E74FF0FF336FF000403B60EBE732FAB7
:1078500005FA06D14643B6FBF4F004FB10663E6021
:10786000E1E7012200FA05FBAA40BBFBF4F9013A6B
:107870000AFB09F304FB19B9164003933046FFF7DE
:10788000A3FF2B460A4601463046CDE90047FFF7E5
:10789000B9FF0646484605EB0801FFF795FF05AB23
:1078A0004A46CDE9004303465046FFF7ABFF39682F
:1078B000059A039B1144B1FBF4F2D31804FB121494
:1078C0001E443C603044AEE72DE9F04385B0B0F192
:1078D00000091D4617460C9CBBBFC9F100094FF0BB
:1078E000FF3601262368BCBF5B422360002A04DA0E
:1078F0002368574276425B422360002D3846BABF68
:107900006D424FF0FF384FF00108FFF75DFF03AB0A
:107910003A46CDE9005303464846FFF773FF236814
:10792000039A46451A4492FBF5F3184405FB1323CA
:1079300018BF4042721C236005D1002BC3F1000226
:107940000BDB226006E0012E04D1002B02DA2B446F
:107950000138236005B0BDE8F0830138521BF0E721
:107960002DE9FF411C4C05460768A3692BB9406807
:10797000C5E9007004B0BDE8F0814FF00208A268CC
:1079800004AE206893FBF8F10A44E16946F8042D3F
:107990003A460096FFF798FFA36907466A68216A8E
:1079A00000966068FFF790FFA36962690744616A07
:1079B0000096E06893FBF8F8424403922A68FFF7C8
:1079C00083FF80460096A3696A68A16A2069FFF771
:1079D0007BFF4044CCE700BFF85E0120074B1B78DB
:1079E000012B09D1B1F90030B0F900200380044B1C
:1079F0001B88013B9B1A0B80704700BFDA5E012099
:107A0000D65E0120074B10B51B78012B08D1064B21
:107A10000C881B88B0F90020013B1B1B03800A80E7
:107A200010BD00BFDA5E0120D65E01200A4B10B502
:107A30001B78012B0ED1B0F906104388B0F9004035
:107A4000CA18064B44801B889B1A0380B0F9043087
:107A50008180C38010BD00BFDA5E0120D65E0120A8
:107A6000084B1B78012B0CD10388B0F90410428815
:107A700002805A18044B1B889B1A4380C388C1801C
:107A800083807047DA5E0120D65E0120074B10B577
:107A90001B78012B08D1B1F90030B0F90040038008
:107AA0009388013B1B1B0B8010BD00BFDA5E0120D9
:107AB0000B4B1B78012B11D10B6890ED007A036002
:107AC000B2F90430DFED076A07EE903AF8EEE77A94
:107AD00077EEE67A77EEC77AC1ED007A704700BF9D
:107AE000DA5E012017B7D1380A4B0A4610B51B7869
:107AF000012B0DD1818803880B440146013B21F8FD
:107B0000023BFFF7C3FFB0F90430C288C380828014
:107B100010BD00BFDA5E0120064B0021B3F9002042
:107B2000054BC0F83011B3F90030A0F83421A0F8AB
:107B300036317047D65E0120D85E0120034B1868AD
:107B400010B103689B691847704700BF285F012088
:107B500070470000094B07B5B3F900200021084B1E
:107B600000916946B3F90030ADF80420ADF8063055
:107B700003689B6C984703B05DF804FBD65E012058
:107B8000D85E0120094B82B00021B3F90020084BD8
:107B9000ADF8042002AAB3F900300091ADF8063028
:107BA000036812E906001B6C02B01847D65E01207C
:107BB000D85E0120034B186810B10368DB691847D1
:107BC000704700BF285F0120034B186810B103689D
:107BD0001B6A1847704700BF285F01200023A0F8E8
:107BE000EC307047034B186810B103689B6A184764
:107BF000704700BF285F0120704710B504464FF45E
:107C00009E7113F0DFF8204610BD10B5B1F90040A9
:107C10008A88B0F90030224412B2934215DA828881
:107C200013441BB29C4210DAB1F90230C988B0F992
:107C30000220194409B28A4207DAC088104400B20F
:107C40008342ACBF0020012010BD0020FCE7B0F94A
:107C50000030002B10B504DA84882344838000238D
:107C60000380B0F90040B0F90430091B8B42B0F931
:107C70000230C8BF8180002B04DAC1880B44C38066
:107C800000234380B0F90210B0F90630521A934233
:107C9000C8BFC28010BD0000104B10B50C46B3F930
:107CA00000200F4B2046B3F90010FFF7D0FF0D4B1B
:107CB000186890B1036821469B6898470A4B18687A
:107CC00018B1036821469B689847084B21461868FD
:107CD0000368BDE81040DB69184710BDD85E01207D
:107CE000D65E0120285F0120245F0120E45E012090
:107CF000F8B5064608460F46F9F719FFE8B9B7F98F
:107D00000050B6F90040A54217DBB7F90220B6F9DA
:107D100002309A4211DBB9880D44B1880C442DB26F
:107D200024B2A54209DCF8881044F288134400B25A
:107D30001BB29842CCBF00200120F8BDF8B5044624
:107D400008460D46F9F7F3FE78B92046F9F7EFFE3D
:107D5000B5F9006050B12680B5F902306380B5F9FD
:107D60000430A380B5F90630E380F8BDB4F9001003
:107D7000B5F90220B142B4F90230B5F804C00F469B
:107D8000ED88A8BF3746934218466644B4F804C04D
:107D9000A8BF10462A44E588614436B227802B44A8
:107DA00009B212B260801BB28E42ACBFC7EB0601B3
:107DB000C7EB01019A42ACBFC0EB0202C0EB030269
:107DC000A180E280D1E70000014B1868704700BF36
:107DD000385F0120F8B5104B05461B78D3B10F4B27
:107DE00000F1EE060E4F1C88B5F82E31A3420ED9D5
:107DF0003B6893F858200AB1D86C00B998680368BA
:107E000006EBC4010134DB699847A4B2ECE7002318
:107E1000A5F82E31F8BD00BFE05E0120440000202F
:107E2000E45E0120002310B5A0F8A4300446B0F8A9
:107E30008030A0F8A630B4F8A430B4F8A6209A4256
:107E40000ED9E21892F8842022B154F82300036876
:107E50001B6D9847B4F8A4300133A4F8A430EAE7C6
:107E600010BD30B50022B0F8805093B29D420ED9BB
:107E700050F822308B420BD1841894F884303BB1F7
:107E8000013BDBB284F884300BB940F8223030BDBE
:107E90000132EAE7002300F18402A43020F8243CF8
:107EA00002F8013B8242FBD17047000070B50B4CD9
:107EB00005460E46206810B103685B699847281D87
:107EC000FFF7E8FF266033683046DB6898472B6889
:107ED00028465B6CBDE87040184700BF285F012052
:107EE0000023B0F880C0B0F8A4101A46F0B51C46C4
:107EF0001D469C451ADDC61896F884606EB19A42FC
:107F000008D050F823701FFA82FE40F82E708718B0
:107F100087F8846001320133EBE79942B0F8A6603C
:107F2000A8BF01359E42C8BF0134F4E7B0F8A630BF
:107F3000491B1B1BA0F8A410A0F8A630B0F8803095
:107F4000934203DD013BA0F88030F7E7F0BD00006D
:107F500070B5164D0446286840B1037A33B984F8E9
:107F6000383103689B68BDE87040184794F8383191
:107F70000F4E73B968B1037A5BB1306810B1036812
:107F80001B69984728680368DB689847012384F8D1
:107F9000383104342046FFF745FF2046FFF7A0FFA5
:107FA000306810B103685B6ADDE770BD2C5F0120AB
:107FB000285F0120F8B5002304460D46B0F8801074
:107FC00018469AB2914212D954F82370E618AF427B
:107FD00096F8842005D1FF2A02D0013286F8842049
:107FE000F8BD002A03F1010308BF0120E9E720B131
:107FF000202902D12046FFF773FFB4F880301F2BF1
:10800000EED8E218012182F884105A18A4F88020D2
:1080100044F82350E4E7034600F1400100221A80AF
:10802000083323F8062C23F8042C23F8022C8B4267
:10803000F5D1A0F840207047F8B51D4B0646044620
:10804000002546F8043BA8220021304615F0D0FD5B
:10805000A4F8845004F1AC00164FFFF7DCFF04F1E4
:10806000EE00FFF7D8FFA4F83051A4F83251A4F87D
:108070003451A4F8365184F838510F490F4811F0A3
:10808000FFFD0F4B58B11D8000230E4A3046136090
:108090000D4A3B601360FFF7FDFE2046F8BD4FF42C
:1080A000806202201A80386001F0FAFFECE700BF1E
:1080B000A8880408285F0120CDB5E8B5C2A507F45B
:1080C00044000020385F01202C5F0120B0F84030D0
:1080D000013B9BB28B42A0F8403010B508D900EBB1
:1080E000C30300EBC1041A6840F831205A6862608B
:1080F00010BD00002DE9F04F8FB0924B83460AACC3
:1081000084E80600B3F9002020468F4BB3F9001035
:10811000FFF79DFD2046F9F70AFD002870D18B4B33
:108120001B6893F84830022B6AD00394BBF8EC40EC
:108130000BF1AC030BEBC4050193A4355CB12946EC
:108140000398FFF7D5FD013C18B1A1B20198FFF7E4
:10815000BDFF083DF2E7BBF8ECA00AF1FF33CDF814
:1081600010A002934FEACA0303F1A40406935C44EF
:1081700000252646CDF814A02F46059B002B73D072
:1081800003993046FFF741FD50B3BDF928E0B6F939
:1081900000C0BDF92A80E645B6F9029033DBBDF890
:1081A0002C20B3887244634412B21BB29A422ADC78
:1081B0001FFA89F2F388C845BDF82E1013441FFA40
:1081C00088FC9BB20FFA83FE0FDBA3EB0C03C91AEA
:1081D00009B20029ADF82E1012DDADF82AE00546EF
:1081E000059B083E013B0593C7E7614409B2714511
:1081F00038DCA2EB0C0212B2ADF82E20002AEEDC25
:108200000FB0BDE8F08FC8452CDBF3889944BDF86A
:108210002E3098440FFA89F90FFA88F8C14521DB0E
:108220001FFA8CF2B388E645BDF82C1013441FFAF0
:108230008EF89BB20FFA83F90ADBA3EB0803C91A85
:1082400009B20029ADF82C10DADDADF82890C6E7A8
:10825000414409B2494505DCA2EB080212B2ADF86F
:108260002C20CBE70746BBE7002D81D1002F00F083
:10827000DF81BDF92860BDF92A70B3B2BDF82EA028
:108280000593059ABDF82C301344BAB292449BB2C0
:108290001FFA8AFA0FFA83F80FFA8AF9CDE9072351
:1082A000049B002B54D003992046FFF7AEFCDDE978
:1082B0000723C0B1B4F900E0B4F90210764522DC1E
:1082C000B4F804C0F4440FFA8CFCE0451BDB8F4289
:1082D0001FFA81FCE1880DDCAAEB0C0CA4F80290DB
:1082E000A1EB0C01E18028460499083C05460139C0
:1082F0000491D3E7614409B24945F5DCA2EB0C0CCB
:10830000A4F806C0EFE78F42EEDCB4F806C0614483
:1083100009B28945E8DB76451FFA8EFCA18807DCA7
:10832000A3EB0C0CA4F80080A1EB0C01A180DAE710
:10833000614409B28845D7DB0599A1EB0C0CA4F880
:1083400004C0D0E7D85E0120D65E0120E45E0120A3
:10835000002D00F06D81069B5B441C46029B01339F
:1083600000F0668104F1A40503982946FFF7C0FCDC
:1083700020B1BDF808100198FFF7A8FE0399284620
:10838000FFF743FC002800F09C80B4F9A490B4F9F6
:10839000A8301FFA89F1BDF92800099301EB030CFD
:1083A00083B24845BDF92AE01FFA8CFABDF82CC00B
:1083B000B4F9A62003EB0C05ADB20595BDF9145038
:1083C0000495BBF8EC5040F399805B1A96450FFA80
:1083D0008AF09BB21EB22EDD029F1FFA8EFE92B271
:1083E000BDF82E400BEBC708049FAEEB0201A6447C
:1083F0003F1AB8F8B20089B202440FFA8EFE0DB2ED
:1084000012B26F43AEEB02027243974209DBB8F837
:10841000AC20A8F8B2509C44ADF82820ADF82CC090
:1084200084E62144B8F8AE30A8F8B060ADF82E105C
:10843000ADF82A307AE6049FB84227DA02993F1A4B
:10844000BDF82E500BEBC10405EB0E011FFA81F8AD
:10845000B4F8B21011440FFA88F9A2EB0E02A1EBA6
:108460000801724389B20FFA81F808FB07F7BA4294
:1084700006DCA4F8AE90A4F8B280B4F8AC20CAE749
:108480002944A4F8B060ADF82E104FE60598062DEB
:10849000AAEB000080B20FFA80FE17D8049BB4F953
:1084A000AA10A4F8A4306B1CA4F8A8E0ABF8EC3038
:1084B000019B019803EBC50320F835905A809E80FC
:1084C000D980029B083C013B029347E7029AB645DC
:1084D0004FEAC2020DDB9C445A44ADF828901FFAC3
:1084E0008CFCA2F8B0E0ADF82CC08C44A2F8ACC073
:1084F0001CE65A448444A2F8B0608FE71FFA8EF15C
:10850000BDF82E6093B2964501EB060806931FFA5C
:1085100088F8069F0FFA88F30793B4F8AA303B4413
:108520009BB2089324DA0599A3EB0803A2EB0E0291
:10853000A9EB0000AAEB01049BB2A4B219B225B2C8
:1085400048436A438242029A4FEAC2025A4406DC16
:10855000079BA444A2F8B210A2F8AE305EE70499DB
:10856000A2F8B050A2F8AC103344ADF82E30DDE5DF
:10857000069F049BC91B0FFA8AF789B29F420FFA24
:1085800081FE23DD059AA9EB0000BDF92030AAEB9E
:108590000202079D0EFB00F092B2A5EB030A029BBC
:1085A00014B2DB0004FB0AFA5B44504503DBA3F87A
:1085B000B2E0944432E7049A3144A3F8B040A3F8FF
:1085C000AC20B3F8AE30ADF82A305CE7089B062D3E
:1085D000A3EB08039BB218B213D8079BA4F8AA0018
:1085E000A4F8A6306B1C0199ABF8EC30019B21F884
:1085F000359003EBC5035A80099AA3F806E09A80E8
:108600005FE7029C70454FEAC4040DDB3144069BD2
:108610005C44ADF82A2089B2A4F8B200ADF82E105F
:108620001944A4F8AE1081E55C44A4F8B2E09BE7DD
:10863000BBF8EC404FF6FF76651E0BEBC404ADB201
:10864000B54244D0BDF92A20B4F9A600BDF92810DE
:108650008242B4F9A4701FD1BDF92EC0B4F9AA307A
:108660009C4519D1B4F8A830BDF82C20D81900B217
:10867000884209D1ADF828701344ADF82C30294652
:108680000198FFF723FD03E0114409B2B942F3D08A
:10869000013D083CADB2D3E7B942F9D1BDF92C1088
:1086A000B4F9A8309942F3D1B4F8AA30BDF82E102D
:1086B0001F183FB2BA4205D1ADF82A000B44ADF8FD
:1086C0002E30DCE70A4412B29042E1D1F6E7BBF863
:1086D000EC60072E4FEAC60412D8751CBDF92800BD
:1086E000BDF92A10ABF8EC50019DBDF92C202C44AB
:1086F000BDF92E3025F836006180A280E3807FE549
:108700000BF1AC03013E5C446FF0004A4FF0FF37C1
:1087100000250593B4F9A830721E02939146B4F96E
:10872000AA30049304F1A403B9F1FF3F18680DF1D6
:10873000300C079216BF0599DDF80CE001EBC90E6D
:108740000693BEF80610BEF8048018FB01F85968BD
:10875000ACE8030071460CA8FFF7F0FABDF836103C
:10876000BDF834004FF0080C049B029A10FB01F096
:1087700002FB0388A0EB080190FBFCF0884220DCA0
:108780005145DDE9063203DAD9B18A464F4635460E
:1087900009F1FF3919F1020FC6D116460132A4F1D1
:1087A0000804B7D1019BACB2ED0058197B1C0BD16A
:1087B00001460398FFF7C2FA21460198FFF786FCAD
:1087C000B4E44F463546EDE7019BFF005D44D919FF
:1087D0005F44FFF7B3FA039B03CB039BC7F8AC00DE
:1087E000C7F8B01055F8AC0F696803C3E4E700BFE1
:1087F0002DE9F04F00F59876A1B004463046F9F720
:1088000096F9054648B9236820461B6C96E8060091
:108810009847C4F83051C4F83451B4F8EC30002B08
:1088200049D1B24B1B6893F84870BB1E5F425F4151
:10883000AF4B1B68002B40D0AE4D2846F9F777F9B7
:108840000646002839D12846FFF7F0F82368296842
:1088500020461B6C6A6898472E806E80AE80EE8042
:108860000FAFA54E3846FFF7D6FB3588B4F8ECC0FD
:1088700004F1AC002B46634524D2BDF87C100729D7
:1088800016D800EBC30230F93390B2F902A0B2F966
:108890000480B2F906E04A1CADF87C2007EBC10267
:1088A00027F83190A2F802A0A2F80480A2F806E00E
:1088B00001339BB2DFE70127BAE7002FD0D121B007
:1088C000BDE8F08FB4F82E31AB420CD904EBC503F0
:1088D000226801352046176CD3F8EE10ADB2D3F8FC
:1088E000F220B847EEE7814D286890F84830012B18
:1088F00040F03D81814A33881278B4F8EC00012AB7
:1089000014D004EBC3024FF00009AE32834202F1EF
:10891000080280F2838032F8041C013332F8087CAC
:10892000394409B28945B8BF8946EFE7744F3A88A0
:108930009346834208DA04EBC3010133B1F9AC106A
:108940008B45A8BF8B46F4E70F2A4FF00003DFF8F2
:10895000B4918CBF4FEAD2084FF00108ADF82C203B
:10896000ADF82E30ADF83030ADF83230BDF92C30E6
:1089700028685B4540F3C8800368B7F800A0D3F8C7
:10898000A8309847BDF92CC0AAEB00002B68ACEBCF
:10899000080E80B293F87C1093F86A20704505DDCC
:1089A000584503DD01B992B3584606E00029FBD1D2
:1089B000002AF9D15845B8BF5846B9F9003000220D
:1089C000ADF82C00ACEB0000B6F800A0ADF82E20FE
:1089D000ADF83000ADF83230B4F8EC305345C5DDB9
:1089E00004EBCA020DAB52F8AC0F516803C30DA8DB
:1089F0000BA9F9F759F80DA8F9F799F820B92368E8
:108A00000DA920469B6C98470AF1010AE4E71A6811
:108A100001211846D2F8A4209047A7E7394BDFF888
:108A2000E0801F8800230F2F8CBFFF080127CDE9AE
:108A30000B33BDF83230BDF82E20286813441BB22A
:108A40004B4561DA0368D3F8A8309847BDF82EE0AB
:108A5000BDF832302A68734492F87CC01BB292F899
:108A60006A1003EB070E70450DDA48450BDABCF1CE
:108A7000000F38D1002936D1136801211046D3F8F0
:108A8000A4309847D5E7BCF1000F2CD159BB48451D
:108A9000A8BF4846B8F900200021C01AB6F800A0C7
:108AA000ADF82C10ADF82E30ADF83020ADF8320016
:108AB000B4F8EC305345BCDD04EBCA020DAB52F800
:108AC000AC0F516803C30DA80BA9F8F7EDFF0DA873
:108AD000F9F72DF820B923680DA920469B6C98471B
:108AE0000AF1010AE4E74846D4E700BFE45E01204A
:108AF000245F0120305F012044000020DA5E012065
:108B0000D65E0120D85E0120286803685B6A98471A
:108B1000A44B1B78002B3FF4D2AE0023BDF87C6041
:108B20000FA804F1EE05A4F82E319F4B1B88B34229
:108B3000BFF4C5AEB4F82E11072915D800EBC30257
:108B400030F93380B2F902E0B2F904C0B2F906702C
:108B50004A1CA4F82E2105EBC10225F83180A2F8A9
:108B600002E0A2F804C0D78001339BB2DFE7022BFA
:108B700040F0CE80B0F8803090F87DB00893B0F827
:108B80007E300BF1FF370793BFB203680FFA87F807
:108B9000D3F8A8309847854B824600201B88029363
:108BA000834B1E88834B1B78012B1EBF029B0296B2
:108BB0001E46E4F7F9FF96FBFBFB0BFB08F8C245EA
:108BC0000CDA28680A210368D3F89C309847286893
:108BD0000368D3F8A83098478246F0E700204FF0AA
:108BE0000008E5F711F81FFA8BF3454617FB03F76A
:108BF0000493BBB2704F059373090693B54287D0B7
:108C000038680368D3F8A83098478245814607D969
:108C1000B8F1000F07D038680368D3F8B83076E7AA
:108C2000B8F1000F03D04D45F5D34FF00108049A79
:108C300095FBFBF30393013313FB02F399B2B8F1F5
:108C4000000F4DD009EB0B03B342A8BF33469BB2D4
:108C500007988B4294BFC5EB0302C5EB0102824229
:108C6000A8BF024608981FFA82FA824505D215FA73
:108C700082F0864201D099423FD201200992E4F766
:108C800093FF3868BDF90C100368D3F89830984703
:108C9000484B099A00201B78BDF9081012B2012B2D
:108CA00022D1731BADF83600ADF83820A3EB0A03D0
:108CB000ADF83A10ADF8343023680DA9204655447C
:108CC0009B6C98473868039BADB25942036809B260
:108CD000D3F8983098470120E4F796FFCA468DE70D
:108CE000059BA9EB0303B2E7ADF83400ADF83650AD
:108CF000ADF83810ADF83A20DEE7386803689B6AB3
:108D00009847386806990368D3F89C309847E5E798
:108D1000032B40F03381274B04F1AC0AB0F9829069
:108D20001B78012B00F095803288B4F8EC100132EA
:108D300092B200293FF4ECAEB4F8B2509446B4F8C5
:108D4000AE304FF000081D442DB21FFA8CF34FEAED
:108D5000C807994240F2BC80274404EBCC0EB7F917
:108D6000AE30BEF9AE00834240F39E80BEF8B250F2
:108D7000E04605442DB29D42A8BF1D460CF1010CF2
:108D8000E3E70AD16245B7F9B200BEF9B210B8BF45
:108D900062468842B8BF984684E08A42B8BF0A4615
:108DA00080E000BFE05E012044000020D85E01208A
:108DB000D65E0120DA5E0120E45E0120E1190DABF0
:108DC00051F8AC0F496803C3BDF938300DA8BDF8A0
:108DD00034104B450B44B8BFBDF934209B1AADF895
:108DE0003420ADF83830FEF73BFE0DA8F8F79FFEB3
:108DF00078BBBDF93AC027442868CC45BDF8383067
:108E0000D0F800E0D8BF1FFA8CFCBDF83620C8BFF0
:108E10001FFA89FCBDF83410CDF800C0DEF894B01C
:108E2000D8478346ADF83A000DA8FEF7FFFD23684A
:108E300020460DA99B6C9847B7F8B000A0EB0B003B
:108E400000B2A7F8B00020B91FFA88F15046FFF72A
:108E50003DF9B4F8ECB0BBF1000F3FF459AE3388E4
:108E60004FF00008B4F9AC2001339BB299B24FEA3D
:108E7000C8078B45A2D9274404EBC30EB7F8B0103E
:108E8000B7F8AC00BEF9ACC00844BEF8B0106144FD
:108E900000B209B28842BFF674AF84456246984674
:108EA000B8BF02460133E1E70ED1BEF9B000BEF80B
:108EB000B2E0B7F9B07073441BB29D42A8BF1D4623
:108EC0008742B8BFE04659E78542A8BF054655E747
:108ED0000AEB07002744B7F9B2B0CB45BCBFB7F8DF
:108EE000AE505D44CDE90221B8BF2DB2F8F71FFEA8
:108EF000DDE9022100287FF41CAFB7F9AE201FFA8C
:108F00008BFBADF83A00AD1A2948B7F9AC104D45C6
:108F1000B7F9B0300068A8BF4D46ADF83410ADF8D1
:108F2000362089B2ADF83830ADB2D0F800C092B278
:108F30005D4594BF0095CDF800B09BB2DCF894502D
:108F4000A8472368ADF83A000DA99B6C20469847C6
:108F5000BDF83A10B7F8B230B7F8AE205B1A0A4441
:108F60001BB2A7F8AE20A7F8B230002B7FF4DCAE1E
:108F70001FFA88F15046FFF7A9F8D5E63588B4F80E
:108F8000EC30AB427FF6C4AD04EBC5020DAB52F83A
:108F9000AC0F516803C30DA8F8F7C9FD20B92368C9
:108FA0000DA920469B6C98470135ADB2E7E700BF9D
:108FB000E45E0120034B00221A805A809A80DA80F6
:108FC000704700BF305F01202DE9F04F9DB006468D
:108FD00014468A4603A81D4601F03CFA3368304621
:108FE00042F20B0BDB6C98473368074630461B6D2B
:108FF00098472A460025214600903B462C46A94624
:10900000A84603A801F081FA002302934FF6FF63FC
:109010009C4202D05C4518BF254602AB3246514601
:1090200003A801F0A5FD044608B10A280AD1C145EC
:1090300038BFC1464FF00008002CE5D148461DB0AE
:10904000BDE8F08F029A002ADED0577B29463368AC
:109050007F0094885B6C07F48070977A07433046F2
:109060009847384480441FFA88F8E5E708B5036854
:10907000DB68984728B1437B807A5B0003F48073F8
:10908000184308BD0EB4F0B59EB0054623AB05A845
:1090900053F8044B039301F0DDF92B682846DB6C91
:1090A00098472B68064628461B6D9847334621464D
:1090B0001EAE00240090039A05A801F026FA46F897
:1090C000684D2A463346214605A801F051FD00B3FC
:1090D0000A281AD0049FC7B1787B3B7AC100EA887E
:1090E00001F48071194343064FEA001048BFA1F50F
:1090F000007300F4807048BF19B2FB790343134436
:109100005B1A1BB29C42B8BF1C4633462A4600215C
:10911000DAE7A0B21EB0BDE8F04003B07047437A72
:109120008088184480B2704703681B6B18470EB4E0
:1091300070B59DB0044621AB03A853F8045B0293BD
:1091400001F088F923682046DB6C984723680646BF
:1091500020461B6D01249847334600902946029A09
:1091600003A801F0D2F903A801F0CEFDA3B238B1F3
:109170000A2803A804BF01331CB201F0C5FDF5E7BE
:1091800018461DB0BDE8704003B070470EB4F0B58E
:109190009EB0044623AB05A853F8045B039301F08B
:1091A00059F923682046DB6C984723680646204619
:1091B0001B6D9847334629460090039A05A801F095
:1091C000A4F91EAD002147F6FF76224605A845F812
:1091D000681D2B4601F0CCFCD8B10A2812D00498A7
:1091E00080B1477BE288FB0003F48071037A0B4374
:1091F000790644BFA3F500731BB2D31A1BB29E427B
:10920000A8BF1E462B462246002105A801F0B0FC4F
:10921000E2E730461EB0BDE8F04003B0704713B53A
:1092200003680024B0F90810B0F90A20ADF8041062
:1092300069461B690094ADF80620984702B010BD3E
:1092400038B50B680C460546DB689847236820460E
:109250002946DB6A9847284638BD10B40A888488B6
:1092600022440A804A88C48822444A80406920B146
:1092700003685DF8044BDB6A18475DF8044B7047E0
:1092800070B582880C460B88054613440B804B88CA
:10929000C28813444B80011D2046F8F705FCB4F941
:1092A0000430002B0BDDB4F90630002B07DD6869B4
:1092B00028B1036821469B6ABDE87040184770BD1D
:1092C00070B582880C460B88054613440B804B888A
:1092D000C28813444B80011D2046F8F7E5FBB4F922
:1092E0000430002B19DDB4F90630002B15DD686958
:1092F00028B1036821461B69BDE870401847074B39
:109300001B6804339D4208D1FEF75EFD03682168A7
:1093100062681B6CBDE87040184770BD285F012073
:1093200070B5044616460D4601B992B12368204631
:109330009B699847E288A18820463244294412B2AA
:1093400009B2E0F70DF9236820469B69BDE870403B
:10935000184770BD10B5002304460846B1F908103F
:109360002380B0F90A2063800368A1802146E2804F
:10937000DB6A9847204610BD044A02600022C0E91B
:109380000122C0E90322C0E905227047648904086C
:109390002DE9F04F044687B0458BB2F800C0059127
:1093A000681CE168039280B201EB85011CF00105A5
:1093B000B3F9002002957DD007EE902A60834FF02C
:1093C000000EF8EEE76A06EE10EAC1ED006AB3F9A6
:1093D0000220618B07EE102AE268481CB8EEC77ABB
:1093E00002EB8102608382ED007A218B0125A26865
:1093F0000433481CF6EE005A0093AA4620832E46FA
:109400005554002207EE902A134611460192B4F8F3
:109410001880059808F10107D4F808B0A842BFB237
:109420000BEB080940F3DB804CFA06F909F001095F
:109430005FFA89F30493009BB3F90010B3F902308B
:10944000B9F1000F7DD005EE101A2783F8EEC54A5A
:1094500005EE103AB8EEC55ABAF1000F50D04FF0F1
:1094600002000BF80800B4F81A80E76808F1010957
:1094700007EB8807A4F81A90C7ED004AB4F81A80E1
:10948000E76808F1010907EB8807A4F81A9087ED4F
:10949000005A0136102E06D1019E0398013601961E
:1094A00030F816C0002600980135DDF810A0043011
:1094B0000090ACE706EE102AB3F90420B3F902E0FD
:1094C000F6EE007A16EE105A2A4406EE902AB3F908
:1094D000062060837244F8EEE66A07EE102A66EE14
:1094E000A76AB8EEC77AC1ED006A618B27EE277ACA
:1094F000E268481C02EB8102608382ED007A74E727
:109500004FF00500B8EEE74A0BF80800B4F81A80EF
:10951000E76808F1010907EB8807A4F81A9087EDBE
:10952000004A04EE102AB4F81A80E768B8EEC44A7C
:1095300008F1010907EB8807A4F81A9087ED004AA3
:1095400091E7BAF1000F46D14FF005002783B8EE3E
:10955000E75A0BF8080017EE900AB4F81A80E7688B
:10956000084408F1010907EB880707EE900AA4F800
:109570001A9087ED005A05EE102AB4F81A80F8EE1A
:10958000E77AE768B8EEC55A08F101091A4407EB13
:10959000880767EEA57AA4F81A9087ED005AB4F808
:1095A0001A80E76808F1010907EB8807A4F81A9008
:1095B000C7ED007A07EE902AB4F81A80F8EEE77A41
:1095C000E76808F1010907EB880767EEA57AA4F8B8
:1095D0001A90C7ED007A1A4607EE901A59E7BAF1C9
:1095E000000F45D005EE901AF8EEE55AF4EE665AF3
:1095F000F1EE10FA08D105EE903AF8EEE55AF4EEE5
:10960000475AF1EE10FA33D0029B2783B3B10223FD
:1096100089F80030628BE368511C03EB820361839D
:10962000C3ED006A628BE368511C03EB8203618324
:1096300083ED007A009807B0BDE8F08F052389F824
:109640000030628BB8EEC66AE36807EE90EA511C00
:1096500003EB8203F8EEE77A618383ED006A628BA5
:10966000E368511C03EB82036183C3ED007AD1E709
:1096700005EE902A05230299B8EEE75A2783F8EE03
:10968000E55A89F8003081B1628BE368511C03EB25
:109690008203618383ED005A628BE368511C03EB04
:1096A00082036183C3ED005AB4E7658B17EE900A1D
:1096B000E16872446E1C01EB8501668381ED005AFE
:1096C000658BE1686E1C01EB85016683C1ED005A74
:1096D000F6EE005A658BE1686E1C01EB850116EE13
:1096E000105A6683284407EE900AF8EEE77A67EE90
:1096F000A57AC1ED007A07EE902A618BF8EEE77A41
:10970000E5684E1C05EB810167EEA57A6683C1ED25
:10971000007A228BA168551C25838B5491E70000A9
:109720002DE9F04504468FB01F4688461546169E23
:109730009DF864A0E3F70CF86060002F00F0E8806B
:10974000002800F0E58005A800F0F9F833683046FD
:109750009B6D98470246014605A800F0F4F8606842
:10976000BAF1030F17D8DFE80AF0024C739D0368C3
:109770002A4641469B689847DDED1B7AF8EEE77A6A
:1097800017EE902ADDED1A7AF8EEE77A05A817EEC3
:10979000901A00F053F9606805A90025BE1C036803
:1097A0005B6B984760681799036841F07F419B6A3B
:1097B000984760689DF860100368DB6A98476068A6
:1097C00001210368DB6898473F8804F11003A56115
:1097D00004F1080204F1140104F10C00E2F700FBAB
:1097E000AF4240F386803188B21C2046013501F13A
:1097F0000F03C3F3071302EB4303FFF7C9FD06464C
:10980000EEE7B5F90620B8F8043069889B1AADF880
:10981000102003AA5B1A4146ADF80C302B88ADF836
:109820000E30AB88ADF8123003689B6898473A4910
:1098300005A800F0B1F8B8F904101B9BDDED1A7A09
:10984000C91AF8EEE77A17EE902A07EE901A9BE70E
:10985000B5F90420B8F8043029889B1AADF8102017
:1098600003AA5B1AB5F906106D88ADF80C30B8F88C
:109870000630ADF812105B1A41465B1BADF80E3096
:1098800003689B689847254905A800F085F81B9B4D
:10989000B8F906201A99D21AB8F9043007EE902ABE
:1098A000591ACEE76B88B5F90420ADF80C30B8F83A
:1098B000063029889B1AADF8122003AA5B1A41468C
:1098C000ADF80E30EB88ADF8103003689B68984710
:1098D000134905A800F060F8B8F906201A9BD21ABF
:1098E00007EE902AF8EEE77A17EE902ADDED1B7A64
:1098F0004AE760680021228B03680191618B009127
:109900001D6AD4E90213A84760680368DB699847B9
:109910000FB0BDE8F08500BF0000B4420000344342
:109920000000874300234FF07E5243600260836053
:10993000C360026143618361C3610262704708B51D
:10994000FFF7F0FF08BD06EE901AD0ED007A07EEA3
:10995000102A67EEA67AC0ED007AD0ED017A67EEA4
:10996000A67AC0ED017AD0ED027A67EEA67AC0ED54
:10997000027AD0ED037A67EE877AC0ED037AD0EDF4
:10998000047A67EE877AC0ED047AD0ED057A67EE47
:10999000877AC0ED057A704707EE101ADFED257A59
:1099A00067EE277A9FED247A10B52DED028BC7EE76
:1099B000878A044618EE900A12F0F0F808EE100AB2
:1099C00018EE900A12F036F994ED036A07EE100AC9
:1099D00094ED004AD4ED046A67EE467AD4ED014A6C
:1099E00026EE086A94ED025AE8EE047AA7EE046ABD
:1099F000C4ED007A67EE667A66EE886A84ED036AE3
:109A0000E8EE247AE7EE246AC4ED017AD4ED057A13
:109A1000C4ED046A67EE675A67EE887AE8EE055A85
:109A2000E7EE057ABDEC028BC4ED025AC4ED057A6F
:109A300010BD00BFDB0F49400000344306EE901A12
:109A400090ED065AD0ED007A07EE102AD0ED075AB5
:109A5000E5EE267A90ED086AC0ED007AD0ED017A45
:109A6000E5EEA67AC0ED017AD0ED027AE6EE267A2E
:109A7000C0ED027AD0ED037AE5EE077AC0ED037A05
:109A8000D0ED047AE5EE877AC0ED047AD0ED057A60
:109A9000E6EE077AC0ED057A704707EE903A91ED51
:109AA000017A06EE902A91ED006A27EE877A10B5CA
:109AB000A6EE267A91ED026A37EE067A80ED007AFC
:109AC00091ED047A67EE877A91ED037AE7EE267AD4
:109AD00091ED057A77EE877AC0ED017A10BD00002E
:109AE00030B58380BDF80C309DF81850C3809DF8C8
:109AF0001030416103729DF8143002834372837AFF
:109B000065F306039DF81C5065F3C71383729DF837
:109B10002030C3729DF824300373BDF82830C38110
:109B2000BDF82C300382014B036030BD78890408F6
:109B3000F0B54469BCB3A388028BCB1A02F1FF32A3
:109B400031D493420CDD0E2303FB02439B885B1A46
:109B5000D31A9A4227DB002BBCBF022392FBF3F3FC
:109B600000250E2695421EDC06FB03408788B9427D
:109B70001AD00DD25A1E954215DC30F80A3C5B1AF9
:109B8000D31A9A420FDB9D42ECDD53195B10E9E7D3
:109B90005D1CAA4207DB438ACB1A2B449D4202DCA0
:109BA0009A42DFDAF1E70020F0BDF8B50446174627
:109BB0001E4611B900252846F8BD0A29FAD04FF6ED
:109BC000FF629142F6D042F20B029142F2D0FFF7CF
:109BD000AFFF054650B9236820461B6998470146E8
:109BE0002046FFF7A5FF05460028E3D02368294655
:109BF0002046DB6D9847386023682046DB6B98472A
:109C00003070D8E738B5054601F0DAFD044628463D
:109C100001F01AFD002814BF0220002040EA840051
:109C200080B238BD38B5054601F0CAFD0446284665
:109C300001F00AFD002814BF0220002040EA840041
:109C400040F0010080B238BD0346C8B1020C1204D6
:109C5000A2B90304102013F07F4F04BF1B02083089
:109C600013F0704F04BF1B01043013F0404F04BFCA
:109C70009B000230002B04DB013070470020EAE734
:109C8000202070472DE9F3470F4615461E46014632
:109C900000B127B90020306002B0BDE8F087FFF7BF
:109CA000D3FF80B93846FFF7CFFF002805DD3346E4
:109CB0002A463846FFF7E6FFEEE74FF0FF336FF036
:109CC00000403360E8E737FA00F807FB01F305D1FD
:109CD000B3FBF5F005FB10353560DDE7012301FA34
:109CE00000FA2A4603FA00F03346BAFBF5F90138C8
:109CF00008FB09F43840FFF7C5FF2A46074601ABC9
:109D000005FB19A14046FFF7BDFF019B32681A44CD
:109D1000B2FBF5F31C4405FB13253C442044DBE770
:109D200073B500281E46BABF40424FF0FF340124ED
:109D30000029BCBF49426442002AB6BF654225469D
:109D400052428842C2BF03460846194601ABFFF79C
:109D500099FF019B68435C43346002B070BD0020F2
:109D60007047012070470220704770477047704766
:109D7000704710B504460C2111F024F8204610BDA0
:109D800010B50446102111F01DF8204610BD10B585
:109D900004460C2111F016F8204610BD10B50446FB
:109DA0003C2111F00FF8204610BD000030B50D46E3
:109DB000016B87B0044601B301A8FFF7CBFA2A89EB
:109DC000BDF804302879D21AA38EB5F906101A44CA
:109DD0006B89BDF806508DF810005B1BE58E206B7B
:109DE0002B44074DADF8121003A90395ADF81420CC
:109DF000ADF8163003689B6C984707B030BD00BFC4
:109E0000088A04082DE9F041036B8AB004460D4628
:109E100013B10B79002B44D004F1040803A8414688
:109E2000FFF798FA2B79BDF90C70BDF90E6083B974
:109E300004F136032A89E9884046921B0193C91B25
:109E400004F1340312B2009309B204F13003F7F7BE
:109E500049FD216B29B305A8FFF77CFABDF8142052
:109E60002B7907A9BF1AEA88206B1744A28E8DF8B8
:109E700020301744BDF81620B61A2A89ADF8227092
:109E80001644E28E1644084AADF824600026079274
:109E9000ADF8266003685B6C98472B790BB1C4E979
:109EA0000C660AB0BDE8F081E08904082DE9F041B4
:109EB0000C46016B88B0054600296DD06846FFF757
:109EC00049FAA98EE388BDF900800B44BDF9027000
:109ED0001BB2434531DBBDF804C0C4440FFA8CFC0F
:109EE00063452ADAEA8E2689164436B2BE4224DB5E
:109EF000BDF80600384400B286421EDA6389194470
:109F000009B2414508DB614506DAA3891A4412B259
:109F1000BA4201DB824210DB214B04A9286B049377
:109F200002238DF814300023ADF81630ADF8183048
:109F3000ADF81A3003685B6C9847291D02A8FFF73B
:109F400009FABDF80830E088A3EB0808BDF80A302C
:109F500021791FFA88F8DF1BB5F834C0BBB2404442
:109F6000228967896044A4891A44EE8EB844234448
:109F7000ADF816003244E04433440A4C286B8DF8A7
:109F8000141004A90494ADF81820ADF81A80ADF8A7
:109F90001C300368DB6C984708B0BDE8F08100BF57
:109FA000E0890408F489040837B5044634F90C2F15
:109FB000013212D10025B0F90810B0F90A20036867
:109FC00000956D46ADF80410ADF8062029469B6A51
:109FD000984795E8030084E80300204603B030BDAD
:109FE00013B5B0F920300446013309D10146684663
:109FF000FFF7B0F9BDF800302384BDF80230638468
:10A00000B4F9200002B010BD13B5B0F922300446F7
:10A01000013309D101466846FFF79CF9BDF80030CD
:10A020002384BDF802306384B4F9220002B010BD6D
:10A0300070B5174B0546174A012145F8043B00232C
:10A0400042600446038143818381C381038243824A
:10A050008382C38203628384C38480F8283043638D
:10A0600080F8291080F83810C0E90633C0E90B33B6
:10A07000094B2846B3F90060936B084AB2F9001007
:10A080009847636828463146DB6B9847204670BD89
:10A090001C8A0408E4830408D85E0120D65E0120EF
:10A0A000094B07B5B3F900200021084B0091694620
:10A0B000B3F90030ADF80420ADF8063003689B68B2
:10A0C000984703B05DF804FBD65E0120D85E0120FE
:10A0D0002DE9F04FB1F9043089B080460C46002BD1
:10A0E00015460EDDB1F90630002B0ADD2846FFF7D4
:10A0F0005BFF2146FDF789FDEB6928B91D46002B62
:10A10000F4D109B0BDE8F08F04AE002B00F0B580AB
:10A110002B68294602A8DB6898472846FFF760FFAE
:10A12000BDF8087007442846FFF76EFFBDF80A30F7
:10A13000BDF90C203FB21844BDF90E302146ADF8F0
:10A140001420ADF812003046ADF81630ADF810709E
:10A15000F7F7AAFC2846FFF727FF06AB024696E86A
:10A16000030083E8030011461846F7F79DFCBDF98C
:10A170001830B4F90010BDF91AA09942BDF91CB00D
:10A18000BDF91E900BD1B4F90220524507D1B4F9A4
:10A1900004205A4503D1B4F906204A456DD0BBF1DD
:10A1A000000F65DDB9F1000F62DDB4F902201FFA7E
:10A1B0008AF05245009012DA0193009BB4F9040032
:10A1C000ADF812209A1AADF810103146ADF814000F
:10A1D0004046ADF81620EA69FFF77AFF019BB4F913
:10A1E00000209FB29A420DDAADF81020BA1AADF8ED
:10A1F00012A03146ADF814204046ADF81690EA6939
:10A20000FFF766FF22885F44A388BFB213443AB2C7
:10A210009BB219B291420DDDDB1BADF81020ADF8F9
:10A2200012A03146ADF814304046ADF81690EA69F8
:10A23000FFF74EFFE28863881344009A4A449BB2BA
:10A240001FFA82F919B20FFA89F28A4215DAB4F9C3
:10A250000410A3EB0903B4F90000ADF81410314663
:10A26000ADF81000ADF81220ADF81630EA6901E043
:10A27000EA6921464046FFF72BFF2846FFF794FE88
:10A28000616802463346206803C311463046F7F73B
:10A290000BFCBDF91430002B7FF733AFBDF916303E
:10A2A000002B7FF72EAF2846FFF79AFEBDF810303F
:10A2B000181AADF810002846FFF7A6FEBDF81230B8
:10A2C0003146181AADF8120028462B689B6898474B
:10A2D00017E770B5061D86B00C46002331460546CB
:10A2E00002A80193FFF736F8BDF808302288BDF8C0
:10A2F0000A10D21A6388B4F904005B1AB4F9061084
:10A30000ADF8102001AAADF814003046ADF81610D3
:10A3100004A9ADF81230F7F79FFC019A1AB1214653
:10A320002846FFF7D5FE06B070BD024630B504469C
:10A3300085B052F8080F0D466B46516803C3294695
:10A340006846F7F7B1FB94F838302BB169462046E0
:10A35000FFF7BFFF05B030BD043402A82146FEF769
:10A36000F9FFBDF80030BDF80820694620469B1A69
:10A37000BDF80A20ADF80030BDF802309B1AADF8E8
:10A380000230F7F730FCE5E70B460A68011D9269D9
:10A3900018461047984200D213B90A4410B27047C9
:10A3A00007EE900AF8EE676A07EE903AF8EEE77A61
:10A3B00086EEA77A07EE902AF7EE006AB8EEE76A13
:10A3C00007EE901AF8EEE77A37EE667A67EE075AEC
:10A3D000E5EE876AB6EE007AE6EE267AF5EEC07A0A
:10A3E000F1EE10FACCBF77EE877A77EEC77AFDEE02
:10A3F000E77A17EE903A18B27047984200D213B934
:10A400000A4410B2704707EE902AB8EEE77A07EEDA
:10A41000900AF8EE677A67EE277A07EE103AF8EEC0
:10A42000C76A87EEA67A07EE901AF8EEE77A77EE1B
:10A43000277AB6EE007AF5EEC07AF1EE10FACCBFCC
:10A4400077EE877A77EEC77AFDEEE77A17EE903AE5
:10A4500018B2704738B50025022304460E22037453
:10A46000294645610576C5830584C5860587C58768
:10A47000A0F84050C0E90055C0E911554C3013F028
:10A48000B7FB01232046A4F85A50A4F85C50A4F866
:10A490005E5084F8603084F86150E1F7CDFD2046CD
:10A4A00038BDC38E00EB4300408CB0FA80F0400909
:10A4B000704730B500250124436813B9036813B30E
:10A4C0004360037E43B143692BB11A881AB19A1CC9
:10A4D0004261188830BD05764368198899B19A1C85
:10A4E00002294260F5D1037C012BE5D85A1C0233C6
:10A4F000027450F823304361002BDDD01B88002B01
:10A50000DAD00476D8E70020E4E70160002130B417
:10A5100041601568856052684364029BC2600174A3
:10A520004161017601870184A0F84010836430BC4A
:10A53000E1F782BD08B410B585B007AC54F8043B10
:10A540000093134622460394FFF7DFFF05B0BDE8F2
:10A55000104001B07047F0B505460846F1B105F16D
:10A560004C040B4601F1080722461868083353F8DB
:10A57000041C2646BB4203C63446F6D11868306038
:10A5800010469B88B38095F859305B0103F48071C5
:10A5900095F852300B435B4285F85530F0BD38B525
:10A5A0000C4611681046CD681946A847002808BF18
:10A5B000204638BD2DE9F0418C460546144642B987
:10A5C000A5F85A20A5F85C20A5F85E202046BDE835
:10A5D000F081507B6FF463619388060106F480720A
:10A5E000E67916435A1891B2B7B21D297FD80122D5
:10A5F000F6108A408B490A422ED112F4607F76D041
:10A6000005F14C02234604F1080E1446186808337D
:10A6100053F8041C94467345ACE803006246F5D138
:10A620001868CCF800009B88ACF80430B3B2B5F8D9
:10A630005C1095F85900CA1ACF1B20F0600092B246
:10A64000FB1A85F85420D21002F06002024385F80C
:10A650005920A5F85C30B9E705F14C02234604F116
:10A66000080814461868083353F8041C96464345F6
:10A67000AEE803007246F5D11868CEF800009B885A
:10A68000AEF80430EB8E05EB4303598C40F6336390
:10A69000994211D1DCF800306046DB689847417B75
:10A6A000CB0003F48072037A13434A0644BFA3F538
:10A6B00000731BB2A5F85A30B5F85A3095F85920F6
:10A6C0003B4422F0600233449BB2A5F85A3085F82F
:10A6D0005430DB1003F06003134395F85E2085F8D7
:10A6E000593095F855309B1A85F855306EE723F0B0
:10A6F000040240F61B618A4203D040F61D62934279
:10A7000038D105F14C06224604F108083446106899
:10A71000083252F8041CB6464245AEE803007646BD
:10A72000F5D11068013B2146CEF800009BB292881B
:10A730002846AEF804206246FFF731FF417BCB008C
:10A7400003F48072037A480643EA020395F8562020
:10A7500044BFA3F500731BB2A5F85A3095F85930E1
:10A760005B0003F4807313435A1102EB9303A5F8C3
:10A770005E3047E0C20002F48071227A0A4341064B
:10A7800040F6096144BFA2F5007212B2A5F85A2042
:10A7900023F010028A4203D040F6136293423ED166
:10A7A00005F14C0204F1080896462068083454F874
:10A7B000041C1646444503C63246F6D12068306074
:10A7C0002846A1887446B180714695F85960760094
:10A7D00006F4807295F85660164340F61362934271
:10A7E000624616BF03F1FF3340F60C639BB2FFF7DE
:10A7F000D6FE437B827A5B0003F480731343F61A20
:10A80000A5F85E60617BCB0003F48072237A13436A
:10A810004A0644BFA3F500731BB2DB1B19E70023F4
:10A82000A5E700BF7900C03F2DE9F043044642B9D7
:10A830004FF40043A0F85A30A0F85C30A4F85E3022
:10A8400047E0517B93880D0105F48070D57905436D
:10A85000042DCCBF4FEA950E4FF0010EB3F5DD6F1E
:10A8600000F2AB8040F2E760834216D240F25B60B8
:10A87000834259D840F2576083420ED2B3F5CA6F73
:10A880004AD240F24E60834207D240F21A608342BD
:10A890002AD021D8B3F5C26F5BD3B4F95A3013F57F
:10A8A000004F40F0D080B4F95C0010F5004F40F04C
:10A8B000CA80CB00490603F48070137A43EA000390
:10A8C00044BFA3F500731BB2A4F85A305D1BA4F873
:10A8D0005C501046BDE8F08340F24B60834238D3B1
:10A8E00040F24C608342D8D9B4F95A00B4F95C30D4
:10A8F00010F5004F40F0F38013F5004F40F0EF806B
:10A90000CB004E0603F48070137A43EA000344BF81
:10A91000A3F500731BB2D9E740F254608342E3D839
:10A92000B3F5CA6FE0D9B8E740F274608342B4D09F
:10A930002DD840F25E60834204D840F25D608342CD
:10A94000D2D3AAE740F25F608342CDD0B3F5CE6F99
:10A95000A3D0CB00490603F48070137A43EA0003C6
:10A9600044BFA3F500731BB25D1BA4F85A30A4F8D2
:10A970005C50537B5B0103F4807193790B43052199
:10A980005B0093FBF1F392F909100B4456E740F298
:10A99000E260834209D840F2DF608342BFF47DAFBA
:10A9A000A3F2D663052BD4D877E740F2E360834265
:10A9B0009AD040F2E4608342CAE7B3F50F6F2BD21E
:10A9C00040F6ED0083428FD240F6E500834216D870
:10A9D00040F6E4008342BFF460AF40F2EC60834293
:10A9E0000AD840F2EB608342BFF457AF40F2EA600E
:10A9F00083423FF479AFACE740F2ED60F8E740F610
:10AA0000E800834202D840F6E70098E740F6E90004
:10AA100083427FF442AF67E740F6F60083423FF49B
:10AA200063AF02D840F6F200F2E740F6FA00834244
:10AA300005D840F6F9008342FFF42FAF54E740F603
:10AA4000FE008342AFE704F14C0C174602F1080800
:10AA500066463868083757F8041CE6464745AEE8AE
:10AA60000300F446F5D13868CEF80000B988AEF896
:10AA70000410B4F95E0010F5004F09D0517B9279B3
:10AA8000490101F480711143A0EB510084F8550095
:10AA900013F5004FADB20DD02B4494F859209BB262
:10AAA00022F0600284F85430DB1003F0600313439B
:10AAB00084F8593094F85910CB004F0603F4807293
:10AAC00094F8543043EA020344BFA3F500731BB269
:10AAD000A4F85A305B1BA4F85C303246F9E604F166
:10AAE0004C0C174602F1080966463868083757F8D3
:10AAF000041CE0464F45A8E80300C446F5D1386879
:10AB0000C8F80000B988A8F80410B4F95E0010F580
:10AB1000004F09D0517B9279490101F480711143B2
:10AB2000A0EB510084F8550013F5004F0ED0A3EBB5
:10AB30000E0394F859209BB222F0600284F854303E
:10AB4000DB1003F06003134384F8593094F8591074
:10AB5000CB00480603F4807294F8543043EA0203B1
:10AB600044BFA3F500731BB25D1BA4F85C50B4E7AF
:10AB70002DE9F0411E46C38E0446174600EB430301
:10AB8000B3F82280E1F716FA054618B93060284676
:10AB9000BDE8F0813B6801463846DB689847A8F578
:10ABA000C06302463060B3F5407F13D24346394656
:10ABB0002046FFF739FE3060336843B15A7B9B7AF9
:10ABC000520002F4807213430CBF0123002384F867
:10ABD0006130DCE7A5F560639BB27F2B04D8394672
:10ABE0002046FFF7E7FCE6E794F86130002BE3D05E
:10ABF00040F602139D42DFD101462046FFF7ABFC31
:10AC0000D9E72DE9F8431E46C38E0446174600EBEC
:10AC10004303B3F82280E1F7CDF9054618B9306057
:10AC20002846BDE8F8833B6801463846D3F80890CB
:10AC3000DDE90823C847A8F5C06302463060B3F5D4
:10AC4000407F13D2434639462046FFF7EDFD306082
:10AC5000336843B15A7B9B7A520002F480721343EB
:10AC60000CBF0123002384F86130D9E7A5F56063A8
:10AC70009BB27F2B04D839462046FFF79BFCE6E7C2
:10AC800094F86130002BE3D040F602139D42DFD1EF
:10AC900001462046FFF75FFCD9E710B50446B4F83B
:10ACA0004010238FE1B10A2B2DD0E28F013904EB44
:10ACB0004200408FA4F84010511C89B201298ABF7C
:10ACC00002F1FF32E187E2875A1C2287E28E1344A9
:10ACD0009BB2092B88BF0A3B04EB43035884DEE791
:10ACE000238F0A2B0FD02046FFF7E3FB238F5A1C3C
:10ACF0002287E28E13449BB2092B88BF0A3B04EBE8
:10AD000043035884ECE710BD38B5C38E044600EB0E
:10AD10004302558C028F013A02875A1C92B2092ACB
:10AD20008ABF093BC286C386FFF7B7FF238C012B7E
:10AD30009CBF01332384E38B0BB90223E383E38BB2
:10AD40002846013B9BB2E38304EB4304658338BD93
:10AD50008A422DE9F047C78E32D9058F541AB0F8D0
:10AD60004080EE191FFA84FEB0F83EC0013EB4B236
:10AD7000A4EB0E091FFA89F9092C264688BFA4F115
:10AD80000A06BCF1000F04F1FF3408BF4FF0020CBB
:10AD900000EB4606A4B20CF1FF3CB6F822A04C45ED
:10ADA0001FFA8CFC00EB4C06A6F83AA0E4D1A5EB08
:10ADB0000E050EEB0804A0F83EC00587A0F8404041
:10ADC000048F0A25641A394489B20487092988BF87
:10ADD0000A39C1868AB1018F013A013192B233F842
:10ADE00012400187C18E01B9C586C18E013989B271
:10ADF000C18600EB41014C84ECE7BDE8F047FFF76A
:10AE00004CBF70B50025954211D0C48B31F8026B50
:10AE10001444013C641BA4B2012C88BF023C00EB2B
:10AE20004404648BB44217D10135ADB2EBE7BDF8F1
:10AE3000102000241344A2B29A420FDAC68E31F8D1
:10AE400014500134324492B2092A88BF0A3A00EB06
:10AE50004202528CAA42EED0002070BD0120FCE7D5
:10AE60002DE9F74F054616468C1C09884FEA113A22
:10AE700034F81A30B34224D1C1F30329C1F30318C3
:10AE800001F00F075246CDF800804B462146284678
:10AE9000FFF7B7FF834668B10AEB09013A46284637
:10AEA000414404EB41034946FFF752FF584603B0C3
:10AEB000BDE8F08F07EB0A014944414404EB41012E
:10AEC000D2E74FF0000BF1E770B51088984217D821
:10AED000481E32F82000984212D300248C420FD230
:10AEE0006018401032F820608500B34202D901306A
:10AEF00084B2F3E701D281B2F0E72A44508870BDF2
:10AF00000020FCE72DE9F041456C04460B266F88D4
:10AF10007F08013E13D0E38E2A463946204604EBD3
:10AF20004303B3F822804346FFF7CEFF38B105EB69
:10AF3000400142462046FFF793FF0028E9D1BDE8D3
:10AF4000F081000070B54A698D6A4B68541BCE6A67
:10AF500000F006819B1B03D06343102293FBF2F3A6
:10AF60000C688A69651B00F0FD80921B03D06A4360
:10AF7000102492FBF4F29B1A9FED894AB7EE007AF7
:10AF80000A4607EE903A00F10C040346F8EEE77A21
:10AF900067EE847A87EE273AB1EE436AD2ED027A01
:10AFA0001432C7EE276AE3EC016A9C4252ED027A42
:10AFB00067EEA67AC3ED027A52ED017A67EEA67AC1
:10AFC000C3ED057AEAD1CA6A8B69D0ED024A9B1AB1
:10AFD000D0ED003AD0ED016A07EE903A4B6876EE7C
:10AFE000E46A90ED055A9B1AF8EEE77A73EEE44AAC
:10AFF00090ED032A07EE103AD0ED045A67EE847AFA
:10B0000090ED071AB8EEC77AD0ED062A75EEC55A4C
:10B0100064EEE77A27EE047A32EE455AE6EE877A56
:10B0200067EE837AC0ED097A8C6A4A69131B07EED2
:10B03000103A0B68B8EEC77A1B1B27EE047A64EE51
:10B04000C74A07EE103AB8EEC77A27EE047AE6EE62
:10B05000874A64EE864AC0ED0A4ACA6A8B699B1A1F
:10B0600006EE903A4B689B1AF8EEE66A07EE103A45
:10B0700066EE846AB8EEC77A65EE666A27EE047AF1
:10B08000E5EE876A66EE836AC0ED0B6A8C6A4A69F0
:10B09000131B07EE103A0B68B8EEC77A1B1B27EE9E
:10B0A000047A25EE475A07EE103AB8EEC77A27EE33
:10B0B000047AA5EE875AD0ED085A31EE651A72EE81
:10B0C000E55A25EE065A80ED0C5ACA6A8B699B1A1E
:10B0D00007EE103A4B689B1AB8EEC77A01EE903A29
:10B0E00027EE047AF8EEE11A25EEC77A61EE841AAB
:10B0F000A1EE217A27EE037A80ED0D7A8C6A4A69F7
:10B10000131B03EE103A0B68B8EEC33A1B1B23EE79
:10B11000043A65EEC35A03EE103AB8EEC33A23EE92
:10B12000044AE1EE045A25EE866A62EE675A80ED23
:10B130000E6AE3EEA65AF5EEC05AF1EE10FA13DDF0
:10B140004FF4004362EEE77AC363E3EE877AF5EEED
:10B15000C07AF1EE10FA15DD4FF40043036470BDC0
:10B160002346FDE62A4606E702D547F6FF73E9E7E0
:10B1700022EE642AA3EE852AB5EEC02AF1EE10FA7B
:10B18000DEDAF2E702D547F6FF73E7E762EEE44A5C
:10B19000E3EE864AF5EEC04AF1EE10FADCDAF2E7A9
:10B1A0000000803D2DE9F04714275F4302EB070CB8
:10B1B000DCF8045015F10F0E00F1A2804FEA2E1EAC
:10B1C000089C1426C0F814E0664302EB0608D8F881
:10B1D000045015F10F0400F19F802411A4EB0E041C
:10B1E0008461002C00F08A80DCF80490D8F80440D8
:10B1F0009559A4EB0908D459A5EB040A4FEA08169F
:10B200004FEA0A150EFB05FE0AFB19EE08FB04E4E3
:10B21000013CA41900F18C8094FBF6FE06FB1E4451
:10B22000C0F800E00461002DC0F2958095FBF6F4B3
:10B2300006FB145544608560C66001EB8303DCF8AF
:10B2400004404569D259C4EB0514DFED4B6A91ED1A
:10B250000A6A07EE104A0468C2EB0412B8EEC77A15
:10B2600007EE902A27EE267AF8EEE77A67EEA67ABE
:10B27000D3ED006AE6EE076A91ED096AE6EE276A09
:10B28000C0ED076AD0ED016AD1ED095AF8EEE66A21
:10B2900091ED0A6AA6EEA56A80ED086A4A6A4262E2
:10B2A000D1ED0C5A93ED036AA5EE876AD1ED0B5AE6
:10B2B000A5EEA76A80ED0A6AD1ED0B5A91ED0C6AF2
:10B2C000A6EEA56A80ED0B6ACA6A026393ED066A70
:10B2D000D1ED0E5AA5EE876AB0EE467A91ED0D6A71
:10B2E000A6EE277A80ED0D7A91ED0D7AD1ED0E7AEA
:10B2F000E6EE877AC0ED0E7A4B6BC363BDE8F0874C
:10B300001024C5F101059EFBF4FE15F00F0518BFD2
:10B310000125AEEB050E53E74FF01009C5F101050D
:10B3200094FBF9F415F00F0518BF0125641B55E7D0
:10B33000644294FBF6FECEF1000806FB1E44C0F802
:10B3400000800461002C3FF46EAF6FEA0E0E341BD8
:10B35000C0F800E066E76D4295FBF6F4C4F1000E1C
:10B3600006FB1455C0F804E08560002D3FF464AF7F
:10B37000E443751B44605EE70000803D014B1860AC
:10B38000704700BF4C5F0120064B1A88824207D8E5
:10B39000054B1B8813449842ACBF00200120704726
:10B3A000002070476C5F0120705F012008B50146E6
:10B3B000FFF7EAFF18B1024B1B6853F8210008BDE4
:10B3C000505F0120F0B5244C2368002B42D0234A63
:10B3D000234D1188B5F800C0224861444A1C8F00F3
:10B3E00022F00102DE19120406601F4E120C07EB58
:10B3F0004207DA1932600E2202FB0CF2033222F00D
:10B4000003023A44194F13443B600023184F9C46F3
:10B410003B80184F3F68BA1A174F3A604FF6FF77D4
:10B42000164A13808B420DD12D88002330680E24DC
:10B430009D420FD904FB03020133117B6FF34511C9
:10B440001173F5E7226842F823C0026822F81370EE
:10B450000133E7E7F0BD00BF505F01206C5F0120C2
:10B46000705F0120645F0120545F01205C5F012058
:10B470006E5F0120585F0120685F0120605F01203E
:10B48000064B1B6843B939B1054B1A80054B19604F
:10B49000054B1860FFF796BF704700BF5C5F012047
:10B4A000705F0120585F0120505F012070B4074C8D
:10B4B00005461046039A266836B92560044C21805B
:10B4C000194670BCFFF7DCBF70BC7047745F012089
:10B4D0006C5F0120124A03881288934207D2114AF6
:10B4E0001421126801FB0323B3F9080070470E49C9
:10B4F000098811448B4204DA9B1A0C4A0E21126807
:10B50000F0E74FF6FE72934208D1094B1B781BB946
:10B51000084BB3F900007047074BFAE7002070476B
:10B520006C5F0120745F0120705F0120545F012077
:10B53000DA5E0120DC5E0120DE5E0120124A038813
:10B540001288934207D2114A1421126801FB032387
:10B55000B3F90A0070470E49098811448B4204DA96
:10B560009B1A0C4A0E211268F0E74FF6FE729342C6
:10B5700008D1094B1B781BB9084BB3F90000704781
:10B58000074BFAE7002070476C5F0120745F0120D1
:10B59000705F0120545F0120DA5E0120DE5E012031
:10B5A000DC5E0120224A30B50B881288934213D208
:10B5B000204A1421126801FB0323B3F90C40B3F9AC
:10B5C0000E101A8A5B8AC2F30C020480C3F30C03C8
:10B5D00041808280C38024E01749098811448B424E
:10B5E00010DA9B1A0E225343144A1168CA18CD5E12
:10B5F000B2F90240B2F90410B2F906300580448075
:10B600008180E7E74FF6FE7293420BD10C4BB3F902
:10B6100000100C4B8180B3F900200023C28003800E
:10B62000438030BD0023038043808380D2E700BF86
:10B630006C5F0120745F0120705F0120545F012066
:10B64000D65E0120D85E0120174A038812889342F3
:10B6500013D2164A1421126801FB03231A8A19898E
:10B66000C2F30C028A421DDB588AC0F30C005B89CE
:10B670009842ACBF0020012070470D490988114451
:10B680008B420DDA9B1A0B4A0E21126801FB032331
:10B69000B3F904101A89914204DBB3F90600E6E716
:10B6A00000207047012070476C5F0120745F01200B
:10B6B000705F0120545F0120124A038811888B4279
:10B6C0000BD2114A126812B152F82300C0B90F4AC6
:10B6D000116814225343C85870470D4A12880A440F
:10B6E000934204DA084A126852F8230070474FF672
:10B6F000FE72934203D1074B1B68586C70470020C1
:10B70000704700BF6C5F0120505F0120745F012013
:10B71000705F0120E45E0120244B02881888824279
:10B7200021D2234B1968142303FB02135868002805
:10B730003AD020490968002936D051F82210002952
:10B7400032D01A89588950435A7CDB7C5209C3F3A2
:10B75000421343EAC2030B2B18BF4000033020F012
:10B76000030008447047144B1B8803449A421ADABA
:10B77000124B101A0E211B6801FB0030037B03F0F3
:10B780001F030B2B0BD1038940895843094B03300E
:10B79000196820F0030351F82200184470470D2B5C
:10B7A00001D10D3070470020704700BF6C5F012051
:10B7B000745F0120505F0120705F0120545F012001
:10B7C0001F4B10B502881B889A421AD21D4B1421B8
:10B7D0001B6801FB02314B7C5809CB7C1A49C3F32F
:10B7E0004213096843EAC003D8B249B151F8222094
:10B7F00032B10E2B21D00F281DD0102808BF0220F7
:10B8000010BD1249098819448A4209DAD31A104A2C
:10B810000E21126801FB0323187B00F01F00EFE7E5
:10B820004FF6FE739A4208D1DFF7B0FB0368BDE81C
:10B830001040DB6A18470120E2E70020E0E700BF84
:10B840006C5F0120745F0120505F0120705F012058
:10B85000545F01201020704700207047024B188869
:10B86000400080B2704700BFDC5E0120FF2B5ED03D
:10B870000B2A58D00ED8032A4DD004D8012A4CD018
:10B880004DD9C36B31E0092A4DD04AD8082A48D097
:10B8900000232AE02F2A2CD011D82D2A18D031D8F5
:10B8A0002C2AF5D14A6813785278002AF0D1012B5E
:10B8B0001DD0002B2DD0022BEAD1C36815E0312A10
:10B8C00004D032D3322A30D0332AE1D1436F0CE096
:10B8D0004A6813785278002ADAD1012B04D00FD3AA
:10B8E000022BD5D1436900E0436A18467047C3690B
:10B8F000FBE74B681A785B78002BC9D1002AF4D19A
:10B90000436BF2E74B681A785B78002BC0D1002AB2
:10B91000EBD1C36AE9E7C36CE7E7436DE5E7436C46
:10B92000E3E7C36DE1E7436EDFE7C36EDDE70B2AB4
:10B9300059D00ED8032A50D004D8012A4FD050D95C
:10B94000036CD2E7092A4ED001D8082AA0D1036E91
:10B95000CBE72F2A2DD011D82D2A18D033D82C2A56
:10B9600096D14A6813785278002A91D1012B1ED0C3
:10B97000002B30D0022B8BD10369B6E7312A04D0DB
:10B9800033D3322A31D0332A82D1836FADE74A686C
:10B9900013785278002A7FF47BAF012B05D010D3A7
:10B9A000022B7FF475AF83699FE7836A9DE7036A83
:10B9B0009BE74B681A785B78002B7FF469AF002A0D
:10B9C00093D1836B91E74B681A785B78002B7FF4F7
:10B9D0005FAF002A89D1036B87E7036D85E7836D2D
:10B9E00083E7836C81E7836E7FE7036F7DE72DE953
:10B9F000F04F87B01D9805929DF884200191029226
:10BA00004168DDF880E09DED115ADDED125A9DEDA3
:10BA1000136ADDED1A7A9DED1B7A9DED223ADDED7C
:10BA2000233A9DED244ADDE91E2401FB042402682B
:10BA300002EB4404DEF800200392DEF80420043216
:10BA40000492029AD643F6B2019A002A03DC059AC0
:10BA5000002A40F32981149ABEF908C002F500417A
:10BA6000159ABEF90C7002F50042002B0EDD081489
:10BA700005D4604503DA101401D4B84207DB1698E8
:10BA8000013B0234014417980244EEE771D0581E7E
:10BA9000169D05FB00152D145FD465455DDA179DD5
:10BAA00005FB0020001458D4B84256DA9946A24645
:10BAB000BDF808B0B9F1000F57DD4FEA224CBEF9CE
:10BAC000087003980D1409F1FF3907FB0C00405D65
:10BAD000049D35F81000BAF800504FEA202C2F12C0
:10BAE0004FEAE5080CF0F80C07F0F807ED0008F055
:10BAF000FC0817FB06F7EDB218FB06F80CFB0B7CF5
:10BB0000C71015FB06F5C00007F0FC071FFA8CFCF8
:10BB1000C0B207FB0B8700FB0B500CF10105BFB255
:10BB200080B205EB1C2C07F10108451C08EB172817
:10BB30000CF4784C05EB102516984FEA5818C5F30D
:10BB4000C425014408F4FC68179845EA0C0C02442B
:10BB50004CEA080C2AF802CBACE74FF00008BDF81D
:10BB600008A003EB0800002841DC23EAE37304EBA0
:10BB70004304019B002B40F39780F7EE004A109B93
:10BB800035EE035A75EEA35AF0EE672AC4EE856AC5
:10BB900036EE046AFEEEC82ACDED142AF0EE472AEE
:10BBA000FEEEC82ACDED152A65EEA64A66EE266A97
:10BBB00074EEE77A36EEC77AFEEEC87ABEEEC87A41
:10BBC00017EE902AF0EE647A92FBF3F317EE102A48
:10BBD0001693109BB0EE667A92FBF3F31793019BDA
:10BBE000059A013B0193109B08BF13462CE70F14E5
:10BBF00053D4DEF80850BD424FDD5FEA224C4CD4EE
:10BC0000DEF80C00604548DD03982DB20CFB0505FD
:10BC1000E85D049D35F810006FF0010505FB08FB99
:10BC20004FEA202C34F80B500CF0F80C2F124FEA8E
:10BC3000E50907F0F807ED0009F0FC0917FB06F726
:10BC4000EDB219FB06F90CFB0A7CC71015FB06F5D3
:10BC5000C00007F0FC071FFA8CFCC0B207FB0A9774
:10BC600000FB0A500CF10105BFB280B205EB1C2CA1
:10BC700007F10109451C09EB17290CF4784C05EB79
:10BC800010254FEA5919C5F3C42509F4FC6945EAA2
:10BC90000C0C4CEA090C24F80BC0169808F1FF387C
:10BCA0000144179802445CE707B0BDE8F08F2DE926
:10BCB000F04F85B09346B7EE004A1B9E1E9D7068FC
:10BCC0009DED0F5ADDED105A9DED116ADDED187AEC
:10BCD0009DED197ADDED202A9DED213ADDED223A28
:10BCE0000091DDE91C24DDE914EC00FB042432683A
:10BCF00002EB44042A6801926A6804320292009AB4
:10BD0000002A03DCBBF1000F40F3A080129AB5F9C2
:10BD1000089002F50040139AB5F90C8002F5004234
:10BD2000002B0CDD061405D44E4503DA161401D49D
:10BD3000464505DB70446244013B0234F0E70FD016
:10BD40005E1E0EFB06073F1441D504EB43069846E2
:10BD50000396B8F1000F59DC23EAE37304EB4304C4
:10BD6000009B002B72DD35EE225A0E9B75EE835A36
:10BD7000B0EE672AC4EE056A36EE236ABEEEC82A24
:10BD80008DED122AB0EE472ABEEEC82A8DED132A99
:10BD900065EEA64A66EE266A74EEE77A36EEC77A54
:10BDA000FEEEC87ABEEEC87A17EE902AF0EE647AFC
:10BDB00092FBF3FE17EE102AB0EE667A92FBF3FCCC
:10BDC000009B013B00930E9B08BF5B4697E74F45E6
:10BDD000BBDA0CFB06263614B7D44645B5DA1E4648
:10BDE000A046002EB8DD1714B5F908A001994FEA56
:10BDF0002049624470440AFB07170299013E17F874
:10BE0000097031F8177028F8027BEAE75FEA2049E9
:10BE100017D4AE684E4514DD5FEA224A11D4EF68AC
:10BE200057450EDD019F36B26FF001010AFB067621
:10BE3000029F16F8096037F8167001FB08F603999F
:10BE40008F537044624408F1FF3882E705B0BDE8C3
:10BE5000F08F2DE9F04F87B01D9C05929DF884204E
:10BE6000029103926168DDF880C09DED115ADDED0D
:10BE7000125A9DED136ADDED1A7A9DED1B7A9DED48
:10BE8000223ADDED233A9DED244ADDE91E2001FB37
:10BE90000020226802EB40020092DCF800200492AD
:10BEA000DCF8042004320192039AD543EDB2029AE1
:10BEB000002A03DC059A002A40F32C81149ABCF96D
:10BEC00008E002F50041159ABCF90C7002F5004239
:10BED000002B10DD0C1405D4744503DA141401D4BE
:10BEE000BC4209DB169C013B00982144179C0230A0
:10BEF00022440090ECE771D05C1E169E06FB0416EF
:10BF000036145DD476455BDA179E06FB04242414B0
:10BF100056D4BC4254DA9846DDF80090BDF80CA027
:10BF2000B8F1000F54DDBCF90870141404980E1415
:10BF300008F1FF3807FB0404019814F806E0B9F88B
:10BF400000400EEB4E0E271200EB0E0B10F80EE029
:10BF500007F0F80716989BF802609BF801B00144BF
:10BF600016FB0AF617981BFB0AFB07FB0567E61092
:10BF7000E400024406F0FC06BFB2E4B206FB05B6DC
:10BF800014FB05F4B6B20EFB0A4E7C1C06F1010B45
:10BF90001FFA8EFE04EB17270EF101040BEB162B94
:10BFA00007F4784704EB1E244FEA5B1BC4F3C42458
:10BFB0000BF4FC6B274347EA0B0729F8027BAFE73A
:10BFC0004FF0000EBDF80C9003EB0E04002C43DC88
:10BFD000009A23EAE37302EB43030093029B002BD6
:10BFE00040F39880F7EE004A109B35EE035A75EE49
:10BFF000A35AF0EE672AC4EE856A36EE046AFEEEB6
:10C00000C82ACDED142AF0EE472AFEEEC82ACDED5F
:10C01000152A65EEA64A66EE266A74EEE77A36EED3
:10C02000C77AFEEEC87ABEEEC87A17EE902AF0EE16
:10C03000647A92FBF3F317EE102A1693109BB0EE7E
:10C04000667A92FBF3F31793029B059A013B0293E6
:10C05000109B08BF13462AE70F1454D4DCF808607D
:10C06000BE4250DD5FEA22484DD4DCF80C40444526
:10C0700049DD049C36B26FF0010008FB0646019CC6
:10C0800000FB0EFA009816F8078008EB480804EB4E
:10C09000080B30F80A4001989BF8026027129BF8C1
:10C0A00001B016FB09F607F0F80710F808801BFB33
:10C0B00009FB07FB0567E610E400009806F0FC06A4
:10C0C000BFB2E4B206FB05B614FB05F4B6B208FB3A
:10C0D00009487C1C06F1010B1FFA88F804EB1727AE
:10C0E00008F101040BEB162B07F4784704EB182436
:10C0F0004FEA5B1BC4F3C4240BF4FC6B274347EAF1
:10C100000B0720F80A7016980EF1FF3E01441798AD
:10C11000024459E707B0BDE8F08F00002DE9F04F69
:10C1200085B0B7EE004A1B9E1E9D039270686F6833
:10C130009DED0F5ADDED105A04379DED116ADDF8C3
:10C1400050C0DDED187A9DED197ADDED202A9DEDC8
:10C15000213ADDED223A0191DDE91C2400FB0424A3
:10C16000326802EB44042A680292019A002A03DC36
:10C17000039A002A40F3CC80129AB5F9089002F590
:10C180000040139AB5F90C8002F50042002B0DDD3A
:10C19000061405D44E4503DA161401D4464506DBD1
:10C1A000159E6044013B02343244EFE70FD05E1E1F
:10C1B0000CFB060E5FEA2E4E43D5984604EB430A6D
:10C1C000B8F1000F71DC23EAE37304EB4304019B35
:10C1D000002B40F39D8035EE225A0E9B75EE835A5C
:10C1E000B0EE672AC4EE056A36EE236ABEEEC82AB0
:10C1F0008DED122AB0EE472ABEEEC82A8DED132A25
:10C2000065EEA64A66EE266A74EEE77A36EEC77ADF
:10C21000FEEEC87ABEEEC87A17EE902AF0EE647A87
:10C2200092FBF3FC17EE102AB0EE667A92FBF3F362
:10C230001593019B039A013B01930E9B08BF134684
:10C2400093E7CE45B9DA159901FB06263614B4D426
:10C250004645B2DA9846A246B8F1000FB3DDB5F90B
:10C260000890161402994FEA204E08F1FF386044F6
:10C2700009FB0616284916F80EE00EEB4E0E07EBEA
:10C280000E0B9BF801609BF80290F60001EA092969
:10C29000159906F4FC660A4449EA060617F80E905A
:10C2A00046EAD9062AF8026BD6E75FEA204929D484
:10C2B000AE684E4526DD5FEA224B23D4E968594536
:10C2C00020DD0FFA86FE02990BFB0E1E6FF00101B6
:10C2D0001EF809E001FB08F9A1F2FE710EEB4E0E0B
:10C2E00007EB0E0696F802B0767801EA0B2BF60003
:10C2F00006F4FC664BEA060617F80EB046EADB06C3
:10C300002AF809601599604408F1FF380A4457E794
:10C3100005B0BDE8F08F00BF00F8FFFF2DE9F04F3A
:10C3200087B08B46B7EE004A1D9804929DF8842092
:10C3300041680592DDF880C09DED115ADDED125A7D
:10C340009DED136ADDED1A7A9DED1B7ADDED222A53
:10C350009DED233ADDED243ADDE91E2401FB0424A2
:10C36000026802EB4404DCF800200192DCF80420AF
:10C3700004320292BBF1000F03DC049A002A40F35E
:10C380003881149ABCF9087002F50040159ABCF97E
:10C390000C6002F50041002B0EDD021405D4BA42F8
:10C3A00003DA0A1401D4B24207DB169A013B0234C5
:10C3B0001044179A1144EEE719D05A1E169D05FB3A
:10C3C00002052D1409D4BD4207DA179D05FB0212A0
:10C3D000121402D4B242C0F2AC804FF0000E03EB54
:10C3E0000E02002A3EDC23EAE37304EB4304BBF1B4
:10C3F000000F40F3FE8035EE225A109B75EE835AF3
:10C40000BBF1010BB0EE672AC4EE056A36EE236A73
:10C41000BEEEC82A8DED142AB0EE472ABEEEC82A19
:10C420008DED152A65EEA64A66EE266A74EEE77A69
:10C4300036EEC77AFEEEC87ABEEEC87A17EE902ABC
:10C44000F0EE647A92FBF3F317EE102A1693109B2A
:10C45000B0EE667A92FBF3F3049A1793109B08BF31
:10C46000134687E706145DD4DCF80850B54259DD61
:10C470000F1457D4DCF80C20BA4253DD019A2DB2C8
:10C4800007FB0525AA5D029D55F822502E0E49D0C6
:10C490006FF00102C5F3072A02FB0EF234F80280A6
:10C4A0000392059A4FEA2827564307F0F807721CB3
:10C4B00002EB2622C5F30746EDB212121FFA82F9EB
:10C4C000D24316FB09F6D2B215FB09F507FB02674A
:10C4D0004FEAE8061AFB09FA4FEAC808BFB206F0AD
:10C4E000FC065FFA88F806FB02A608FB02557A1CD8
:10C4F000B6B2ADB202EB1727039A05F1010A07F4B1
:10C5000078470AEB152ACAF3C42A4AEA070706F154
:10C51000010A0AEB162A4FEA5A1A0AF4FC6A47EA99
:10C520000A07A752169A0EF1FF3E1044179A1144BB
:10C5300055E74FF00008A3EB0802002A7FF753AF3E
:10C54000BCF908600A14019F051406FB0272525DD3
:10C55000029D55F822502E0E44D0059AC5F3072AA5
:10C5600034F818E056434FEA2E27721C07F0F807FC
:10C5700002EB2622C5F30746EDB212121FFA82F92A
:10C58000D24316FB09F6D2B215FB09F507FB026789
:10C590004FEAEE061AFB09FA4FEACE0EBFB206F0DA
:10C5A000FC065FFA8EFE06FB02A60EFB02557A1C05
:10C5B000B6B2ADB202EB172705F1010A07F47847CE
:10C5C0000AEB152ACAF3C42A4AEA070706F1010A48
:10C5D0000AEB162A4FEA5A1A0AF4FC6A47EA0A07D3
:10C5E00024F81870169A08F101081044179A11449B
:10C5F000A1E707B0BDE8F08F2DE9F04F85B08B467D
:10C60000B7EE004A1B9803924168DDF878E09DED93
:10C610000F5ADDED105A9DED116ADDED187A9DED92
:10C62000197ADDED202A9DED213ADDED223ADDE992
:10C630001C2401FB0424026802EB4404DEF8002001
:10C640000092DEF8042004320192BBF1000F03DCFB
:10C65000039A002A40F35381129ABEF9087002F53A
:10C660000041139ABEF90C6002F50042002B0EDD6A
:10C67000081405D4B84203DA101401D4B04207DB21
:10C680001498013B0234014415980244EEE717D098
:10C69000581E149D05FB00152D1409D4BD4207DA60
:10C6A000159D05FB0020001402D4B042C0F2BC80EE
:10C6B0000026981900283EDC23EAE37304EB4304C8
:10C6C000BBF1000F40F31B8135EE225A0E9B75EE35
:10C6D000835ABBF1010BB0EE672AC4EE056A36EE51
:10C6E000236ABEEEC82A8DED122AB0EE472ABEEEAE
:10C6F000C82A8DED132A65EEA64A66EE266A74EE08
:10C70000E77A36EEC77AFEEEC87ABEEEC87A17EE42
:10C71000902AF0EE647A92FBF3F317EE102A14934A
:10C720000E9BB0EE667A92FBF3F3039A15930E9B81
:10C7300008BF134689E70F1426D4DEF80850BD421F
:10C7400022DD5FEA224C1FD4DEF80C0060451BDDC1
:10C7500000982DB20CFB0505E85D019D55F8200001
:10C76000070EFF2F16D16FF0010505FB06F7A5F2A6
:10C77000FE7505EA102C4509C0F3C40005F4FC65FC
:10C780004CEA05050543E5531498013E014415980C
:10C7900002448EE7FDB2002FF6D06FF001071FFABA
:10C7A00085F9ED43C0F3072A77431AFB09FAEDB286
:10C7B00034F807800297C0F307474FEA282C17FB8D
:10C7C00009F7C0B20CF0F80C10FB09F00CFB057C6B
:10C7D0004FEAE8074FEAC8081FFA8CFC07F0FC078D
:10C7E0005FFA88F807FB05A708FB05000CF10105B7
:10C7F000BFB280B205EB1C2C00F1010A0CF4784C9E
:10C800000AEB102A0298CAF3C42A4AEA0C0C07F170
:10C81000010A0AEB172A4FEA5A1A0AF4FC6A4CEA90
:10C820000A0C24F800C0AFE74FF00008A3EB0800A3
:10C8300000287FF741AFBEF908601014009F0D1467
:10C8400006FB0070405D019D55F820502E0EFF2E16
:10C8500012D12C4800EA15266809C5F3C40500F476
:10C86000FC603043284324F81800149808F10108AC
:10C87000014415980244D9E7F0B2002EF5D034F8FF
:10C8800018C01FFA80F9C5F30746C0434FEA2C27AA
:10C89000C5F3072A16FB09F6C0B207F0F807EDB298
:10C8A0001AFB09FA07FB00674FEAEC0615FB09F5CE
:10C8B0004FEACC0CBFB206F0FC065FFA8CFC06FB1C
:10C8C00000A60CFB0055781CB6B2ADB200EB1727E2
:10C8D00005F1010A07F478470AEB152ACAF3C42ABE
:10C8E0004AEA070706F1010A0AEB162A4FEA5A1A22
:10C8F0000AF4FC6A47EA0A0724F81870B5E705B09D
:10C90000BDE8F08F00F8FFFF2DE9F04F87B08B46B0
:10C91000B7EE004A1D9C04929DF884206168059240
:10C92000DDF880E09DED115ADDED125A9DED136AA0
:10C93000DDED1A7A9DED1B7ADDED222A9DED233A7D
:10C94000DDED243ADDE91E2001FB0020226802EB28
:10C950004000DEF800200192DEF804200292BBF1D4
:10C96000000F03DC049A002A40F34281149ABEF9B6
:10C97000087002F50041159ABEF90C6002F50042FC
:10C98000002B0EDD0C1405D4BC4203DA141401D4C0
:10C99000B44207DB169C013B02302144179C224421
:10C9A000EEE719D05C1E169D05FB04152D1409D465
:10C9B000BD4207DA179D05FB0424241402D4B442B7
:10C9C000C0F2B1804FF0000803EB0804002C3EDCFD
:10C9D00023EAE37300EB4300BBF1000F40F308814F
:10C9E00035EE225A109B75EE835ABBF1010BB0EE67
:10C9F000672AC4EE056A36EE236ABEEEC82A8DEDBC
:10CA0000142AB0EE472ABEEEC82A8DED152A65EE2F
:10CA1000A64A66EE266A74EEE77A36EEC77AFEEE2E
:10CA2000C87ABEEEC87A17EE902AF0EE647A92FBCE
:10CA3000F3F317EE102A1693109BB0EE667A92FB72
:10CA4000F3F3049A1793109B08BF134687E70E145D
:10CA500062D4DEF80850B5425EDD17145CD4DEF80F
:10CA60000C40BC4258DD2DB2029C07FB0565665D9B
:10CA7000002E51D0019C34F815906FF0010404FB96
:10CA800008F44FEA292C055B0CF0F80C0394059C84
:10CA90004FEAE50A66430AF0FC0A741C04EB16240C
:10CAA0002E12241206F0F806ED00A7B2E443EDB210
:10CAB000E4B216FB04F615FB04F50CFB076C4FEA19
:10CAC000E9061AFB04FA4FEAC9091FFA8CFC06F0C2
:10CAD000FC065FFA89F906FB07A60CF1010409FBC5
:10CAE000075504EB1C2C039CADB2B6B20CF4784C89
:10CAF00005F1010A0AEB152ACAF3C42A4AEA0C0C0A
:10CB000006F1010A0AEB162A4FEA5A1A0AF4FC6ADD
:10CB10004CEA0A0C20F804C0169C08F1FF382144A6
:10CB2000179C224450E74FF00009A3EB0904002CA6
:10CB30007FF74EAFBEF908600D14141406FB0454C1
:10CB4000029D2E5D002E4CD0019D35F81480059C71
:10CB500030F819504FEA282C66434FEAE50A0CF0EA
:10CB6000F80C741C0AF0FC0A04EB16242E12241292
:10CB700006F0F806ED00A7B2E443EDB2E4B216FB0E
:10CB800004F615FB04F50CFB076C4FEAE8061AFBEC
:10CB900004FA4FEAC8081FFA8CFC06F0FC065FFA9C
:10CBA00088F806FB07A60CF1010408FB075504EB07
:10CBB0001C2CADB2B6B20CF4784C05F1010A0AEBAC
:10CBC000152ACAF3C42A4AEA0C0C06F1010A0AEB38
:10CBD000162A4FEA5A1A0AF4FC6A4CEA0A0C20F8A0
:10CBE00019C0169C09F101092144179C22449CE7B5
:10CBF00007B0BDE8F08F2DE9F04F85B08B46B7EE5A
:10CC0000004A1B9C03926168DDF878809DED0F5A05
:10CC1000DDED105A9DED116ADDED187A9DED197A62
:10CC2000DDED202A9DED213ADDED223ADDE91C20E3
:10CC300001FB0020226802EB4000D8F8002000929F
:10CC4000D8F804200192BBF1000F03DC039A002AFC
:10CC500040F34681129AB8F9087002F50041139A20
:10CC6000B8F90C6002F50042002B0EDD0C1405D45F
:10CC7000BC4203DA141401D4B44207DB149C013B18
:10CC800002302144159C2244EEE717D05C1E149D0F
:10CC900005FB04152D1409D4BD4207DA159D05FBCB
:10CCA0000424241402D4B442C0F2B38000269C1998
:10CCB000002C3EDC23EAE37300EB4300BBF1000FE2
:10CCC00040F30E8135EE225A0E9B75EE835ABBF16E
:10CCD000010BB0EE672AC4EE056A36EE236ABEEE9B
:10CCE000C82A8DED122AB0EE472ABEEEC82A8DED75
:10CCF000132A65EEA64A66EE266A74EEE77A36EEE9
:10CD0000C77AFEEEC87ABEEEC87A17EE902AF0EE29
:10CD1000647A92FBF3F317EE102A14930E9BB0EE95
:10CD2000667A92FBF3F3039A15930E9B08BF1346A2
:10CD300089E70F1418D4D8F80850BD4214DD5FEA13
:10CD4000224C11D4D8F80C4064450DDD2DB2019C65
:10CD50000CFB0575645DFF2C0CD1009C34F815505C
:10CD60006FF0010474430553149C013E2144159C4B
:10CD700022449CE7002CF7D0009F1FFA84FCE44378
:10CD800037F815906FF00105E4B275434FEA292E8C
:10CD900002950EF0F80E455B2F124FEAE50A07F0F8
:10CDA000F807ED000AF0FC0A17FB04F7EDB21AFBD6
:10CDB00004FA0EFB0C7E4FEAE90715FB04F54FEA77
:10CDC000C9091FFA8EFE07F0FC075FFA89F907FB15
:10CDD0000CA70EF1010409FB0C5504EB1E2E029C5E
:10CDE000ADB2BFB20EF4784E05F1010A0AEB152A76
:10CDF000CAF3C42A4AEA0E0E07F1010A0AEB172AFF
:10CE00004FEA5A1A0AF4FC6A4EEA0A0E20F804E0C5
:10CE1000AAE74FF00009A3EB0904002C7FF74AAF03
:10CE20001414B8F908600D1406FB0455019C645DE8
:10CE3000FF2C0BD1009C34F8154020F81940149CAD
:10CE400009F101092144159C2244E4E7002CF6D0A5
:10CE5000009EA7B2E44336F815E030F81950E4B26A
:10CE60004FEA2E2C2E124FEAE50A0CF0F80C06F0D1
:10CE7000F806ED000AF0FC0A16FB04F6EDB21AFB08
:10CE800004FA0CFB076C4FEAEE0615FB04F54FEABB
:10CE9000CE0E1FFA8CFC06F0FC065FFA8EFE06FB37
:10CEA00007A60CF101040EFB075504EB1C2CADB2D8
:10CEB000B6B20CF4784C05F1010A0AEB152ACAF354
:10CEC000C42A4AEA0C0C06F1010A0AEB162A4FEAB8
:10CED0005A1A0AF4FC6A4CEA0A0C20F819C0AEE7A8
:10CEE00005B0BDE8F08F2DE9F04F85B01B98039297
:10CEF0009DF87C20009101924168DDF878E09DED7D
:10CF00000F5ADDED105A9DED116ADDED187A9DED99
:10CF1000197A9DED203ADDED213A9DED224ADDE9B9
:10CF20001C2401FB0424026802EB4404DEF8002008
:10CF30000292019AD643F6B2009A002A03DC039AC1
:10CF4000002A40F32481129ABEF908C002F500417C
:10CF5000139ABEF90C7002F50042002B0EDD081486
:10CF600005D4604503DA101401D4B84207DB1498E5
:10CF7000013B0234014415980244EEE76ED0581E7E
:10CF8000149D05FB00152D145CD465455ADA159DDA
:10CF900005FB0020001455D4B84253DA9946A24646
:10CFA000BDF804B0B9F1000F54DDBEF908700D14DE
:10CFB000101409F1FF3907FB0050029D35F81000ED
:10CFC000BAF800504FEA202C2F124FEAE5080CF077
:10CFD000F80C07F0F807ED0008F0FC0817FB06F75F
:10CFE000EDB218FB06F80CFB0B7CC71015FB06F521
:10CFF000C00007F0FC071FFA8CFCC0B207FB0B87D0
:10D0000000FB0B500CF10105BFB280B205EB1C2CEC
:10D0100007F10108451C08EB17280CF4784C05EBC8
:10D02000102514984FEA5818C5F3C425014408F494
:10D03000FC68159845EA0C0C02444CEA080C2AF8E6
:10D0400002CBAFE74FF00008BDF804A003EB0800E7
:10D05000002841DC23EAE37304EB4304009B002B2C
:10D0600040F39580F7EE004A0E9B35EE035A75EEBD
:10D07000A35AF0EE672AC4EE856A36EE046AFEEE25
:10D08000C82ACDED122AF0EE472AFEEEC82ACDEDD1
:10D09000132A65EEA64A66EE266A74EEE77A36EE45
:10D0A000C77AFEEEC87ABEEEC87A17EE902AF0EE86
:10D0B000647A92FBF3F317EE102A14930E9BB0EEF2
:10D0C000667A92FBF3F31593009B039A013B00935E
:10D0D0000E9B08BF13462FE70F1451D4DEF80850FB
:10D0E000BD424DDD5FEA224C4AD4DEF80C006045BB
:10D0F00046DD2DB202980CFB057530F815006FF077
:10D10000010505FB08FB4FEA202C34F80B500CF00E
:10D11000F80C2F124FEAE50907F0F807ED0009F0C7
:10D12000FC0917FB06F7EDB219FB06F90CFB0A7CAC
:10D13000C71015FB06F5C00007F0FC071FFA8CFCB2
:10D14000C0B207FB0A9700FB0A500CF10105BFB201
:10D1500080B205EB1C2C07F10109451C09EB1729CE
:10D160000CF4784C05EB10254FEA5919C5F3C4258A
:10D1700009F4FC6945EA0C0C4CEA090C24F80BC0D4
:10D18000149808F1FF380144159802445EE705B091
:10D19000BDE8F08F2DE9F04F85B09346B7EE004A19
:10D1A0001B9E1E9D70689DED0F5ADDED105A9DED82
:10D1B000116ADDED187A9DED197ADDED202A9DEDDD
:10D1C000213ADDED223A0191DDE91C24DDE914EC80
:10D1D00000FB0424326802EB44042A680292019A9C
:10D1E000002A03DCBBF1000F40F39A80129AB5F9D4
:10D1F000089002F50040139AB5F90C8002F5004240
:10D20000002B0CDD061405D44E4503DA161401D4A8
:10D21000464505DB70446244013B0234F0E70FD021
:10D220005E1E0EFB06073F1441D504EB43069846ED
:10D230000396B8F1000F56DC23EAE37304EB4304D2
:10D24000019B002B6CDD35EE225A0E9B75EE835A46
:10D25000B0EE672AC4EE056A36EE236ABEEEC82A2F
:10D260008DED122AB0EE472ABEEEC82A8DED132AA4
:10D2700065EEA64A66EE266A74EEE77A36EEC77A5F
:10D28000FEEEC87ABEEEC87A17EE902AF0EE647A07
:10D2900092FBF3FE17EE102AB0EE667A92FBF3FCD7
:10D2A000019B013B01930E9B08BF5B4697E74F45EF
:10D2B000BBDA0CFB06263614B7D44645B5DA1E4653
:10D2C000A046002EB8DD1714B5F908A04FEA204992
:10D2D0000299704462440AFB0797013E31F81770C7
:10D2E00028F8027BEDE75FEA204914D4AE684E458A
:10D2F00011DD5FEA224A0ED4EF6857450BDD36B2E6
:10D300006FF00101029F0AFB069637F8167001FBC9
:10D3100008F603998F537044624408F1FF3888E798
:10D3200005B0BDE8F08F2DE9F04F87B08B46B7EE22
:10D33000004A1D9803929DF8842041680492DDF80C
:10D3400080909DED115ADDED125A9DED136ADDEDD1
:10D350001A7A9DED1B7ADDED222A9DED233ADDED53
:10D36000243ADDE91E2501FB0525026802EB45058F
:10D37000D9F800200192BBF1000F03DC039A002AC8
:10D3800040F35881149AB9F9087002F50040159AD3
:10D39000B9F90C6002F50041002B0EDD021405D432
:10D3A000BA4203DA0A1401D4B24207DB169A013BEF
:10D3B00002351044179A1144EEE717D05A1E169CF6
:10D3C00004FB0204241409D4BC4207DA179C04FBB2
:10D3D0000212121402D4B242C0F2BF800027DA193E
:10D3E000002A3EDC23EAE37305EB4305BBF1000FA3
:10D3F00040F3208135EE225A109B75EE835ABBF123
:10D40000010BB0EE672AC4EE056A36EE236ABEEE63
:10D41000C82A8DED142AB0EE472ABEEEC82A8DED3B
:10D42000152A65EEA64A66EE266A74EEE77A36EEAF
:10D43000C77AFEEEC87ABEEEC87A17EE902AF0EEF2
:10D44000647A92FBF3F317EE102A1693109BB0EE5A
:10D45000667A92FBF3F3039A1793109B08BF134667
:10D4600089E706142DD4D9F80840B44229DD5FEAD3
:10D47000214C26D4D9F80C20624522DD24B2019A31
:10D480000CFB046452F82440220E1AD0049E72430E
:10D49000561C06EB2222260A12120596FF2A16D1E6
:10D4A0006FF0010226F4FF6602FB07FC620926F01A
:10D4B0000706C4F3C40402F4FC621643264325F8AD
:10D4C0000C60169A013F1044179A114487E76FF0D9
:10D4D00001061FFA82FAC4F3074CD2437E43E4B23A
:10D4E0001CFB0AFCD2B235F8068014FB0AF4029643
:10D4F0004FEA282E9DF8146016FB0AF60EF0F80E7F
:10D500000EFB02CE4FEAE80C4FEAC8081FFA8EFE67
:10D510000CF0FC0C5FFA88F80CFB026C08FB024470
:10D520000EF101021FFA8CFCA4B202EB1E2E029A2D
:10D53000661C0EF4784E06EB1426C6F3C42646EAA3
:10D540000E0E0CF1010606EB1C26760906F4FC66AD
:10D550004EEA060E25F802E0B3E74FF00008A3EB11
:10D560000802002A7FF73EAF0414B9F908600A14D4
:10D5700006FB0242019C54F82240220E15D0049E64
:10D580007243561C06EB2222260A1212FF2A13D1DE
:10D59000620926F4FF66C4F3C40402F4FC6226F0B8
:10D5A00007061643264325F81860169A08F1010865
:10D5B0001044179A1144D2E735F818E01FFA82FA9E
:10D5C000C4F30747D2434FEA2E2C17FB0AF7D2B217
:10D5D0000CF0F80CE4B2F6B20CFB027C4FEAEE075A
:10D5E00014FB0AF44FEACE0E1FFA8CFC07F0FC077E
:10D5F00016FB0AF65FFA8EFE0EFB024407FB02677B
:10D600000CF10102A4B202EB1C2C661CBFB20CF49C
:10D61000784C06EB1426C6F3C42646EA0C0C7E1C96
:10D6200006EB1726760906F4FC664CEA060C25F88C
:10D6300018C0BAE707B0BDE8F08F00002DE9F04F41
:10D6400085B08B46B7EE004A1B9803924168DDF81F
:10D6500078809DED0F5ADDED105A9DED116ADDEDDC
:10D66000187A9DED197ADDED202A9DED213ADDED48
:10D67000223ADDE91C2401FB0424026802EB440485
:10D68000D8F800200192BBF1000F03DC039A002AB6
:10D6900040F34F81129AB8F9087002F50041139ACD
:10D6A000B8F90C6002F50042002B0EDD081405D419
:10D6B000B84203DA101401D4B04207DB1498013BDE
:10D6C0000234014415980244EEE717D0581E149D09
:10D6D00005FB00152D1409D4BD4207DA159D05FB85
:10D6E0000020001402D4B042C0F2BA80002698197B
:10D6F00000283EDC23EAE37304EB4304BBF1000F94
:10D7000040F3178135EE225A0E9B75EE835ABBF11A
:10D71000010BB0EE672AC4EE056A36EE236ABEEE50
:10D72000C82A8DED122AB0EE472ABEEEC82A8DED2A
:10D73000132A65EEA64A66EE266A74EEE77A36EE9E
:10D74000C77AFEEEC87ABEEEC87A17EE902AF0EEDF
:10D75000647A92FBF3F317EE102A14930E9BB0EE4B
:10D76000667A92FBF3F3039A15930E9B08BF134658
:10D7700089E70F1424D4D8F80850BD4220DD5FEAB1
:10D78000224C1DD4D8F80C00604519DD2DB201984B
:10D790000CFB057550F82500070EFF2F16D16FF012
:10D7A000010505FB06F7A5F2FE7505EA102C4509F3
:10D7B000C0F3C40005F4FC654CEA05050543E553D8
:10D7C0001498013E01441598024490E7FDB2002FE1
:10D7D000F6D06FF001071FFA85F9ED43C0F3072A71
:10D7E00077431AFB09FAEDB234F807E00297C0F369
:10D7F00007474FEA2E2C17FB09F7C0B20CF0F80CC4
:10D8000010FB09F00CFB057C4FEAEE074FEACE0E49
:10D810001FFA8CFC07F0FC075FFA8EFE07FB05A7DA
:10D820000EFB05000CF10105BFB280B205EB1C2C0C
:10D8300000F1010A0CF4784C0AEB102A0298CAF3A2
:10D84000C42A4AEA0C0C07F1010A0AEB172A4FEA2C
:10D850005A1A0AF4FC6A4CEA0A0C24F800C0AFE732
:10D860004FF0000EA3EB0E0000287FF743AFB8F98E
:10D8700008600D14101406FB0050019D55F820504F
:10D880002E0EFF2E12D12C4800EA15266809C5F38A
:10D89000C40500F4FC603043284324F81E001498AB
:10D8A0000EF1010E014415980244DBE7F0B2002EA0
:10D8B000F5D034F81EC01FFA80F9C5F30746C043FF
:10D8C0004FEA2C27C5F3072A16FB09F6C0B207F06A
:10D8D000F807EDB21AFB09FA07FB00674FEAEC06FE
:10D8E00015FB09F54FEACC0CBFB206F0FC065FFA57
:10D8F0008CFC06FB00A60CFB0055781CB6B2ADB242
:10D9000000EB172705F1010A07F478470AEB152AFF
:10D91000CAF3C42A4AEA070706F1010A0AEB162AE3
:10D920004FEA5A1A0AF4FC6A47EA0A0724F81E70FA
:10D93000B5E705B0BDE8F08F00F8FFFF2DE9F04F27
:10D9400087B08B46B7EE004A1D9803929DF884205D
:10D9500041680492DDF880909DED115ADDED125A78
:10D960009DED136ADDED1A7A9DED1B7ADDED222A1D
:10D970009DED233ADDED243ADDE91E2401FB04246C
:10D98000026802EB4404D9F80820013222F00102B7
:10D990000092D9F800200192BBF1000F03DC039A3A
:10D9A000002A40F36A81149AB9F9087002F5004020
:10D9B000159AB9F90C6002F50041002B0EDD021436
:10D9C00005D4BA4203DA0A1401D4B24207DB169A2C
:10D9D000013B02341044179A1144EEE717D05A1E47
:10D9E000169D05FB02052D1409D4BD4207DA179DCB
:10D9F00005FB0212121402D4B242C0F2C880002702
:10DA0000DA19002A3EDC23EAE37304EB4304BBF19A
:10DA1000000F40F3328135EE225A109B75EE835A87
:10DA2000BBF1010BB0EE672AC4EE056A36EE236A3D
:10DA3000BEEEC82A8DED142AB0EE472ABEEEC82AE3
:10DA40008DED152A65EEA64A66EE266A74EEE77A33
:10DA500036EEC77AFEEEC87ABEEEC87A17EE902A86
:10DA6000F0EE647A92FBF3F317EE102A1693109BF4
:10DA7000B0EE667A92FBF3F3039A1793109B08BFFC
:10DA8000134689E7051436D4D9F80820AA4232DDB6
:10DA90000E1430D4D9F80C20B2422CDD009A06FBCB
:10DAA0000255019E6A08B25CEE0754BF02F00F02F5
:10DAB000121102EB0212D2B2EAB1049D6A43551C64
:10DAC00005EB22226E4D12122D68FF2A4FEA152611
:10DAD000059616D16FF0010226F4FF6602FB07FCE3
:10DAE0006A0926F00706C5F3C40502F4FC62164372
:10DAF0002E4324F80C60169A013F1044179A1144E3
:10DB00007EE76FF001061FFA82FAC5F3074CD24395
:10DB10007E43EDB21CFB0AFCD2B234F8068015FB42
:10DB20000AF502964FEA282E9DF8146016FB0AF6B5
:10DB30000EF0F80E0EFB02CE4FEAE80C4FEAC808D2
:10DB40001FFA8EFE0CF0FC0C5FFA88F80CFB026CDE
:10DB500008FB02550EF101021FFA8CFCADB202EB7C
:10DB60001E2E029A6E1C0EF4784E06EB1526C6F396
:10DB7000C42646EA0E0E0CF1010606EB1C267609B9
:10DB800006F4FC664EEA060E24F802E0B3E74FF016
:10DB90000008A3EB0802002A7FF735AF0214009EAD
:10DBA0000D1406FB0525019E6A08ED07B25C54BF03
:10DBB00002F00F02121102EB0212D2B2C2B1049DA6
:10DBC0006A43551C05EB22222D4D12122E68FF2AA6
:10DBD0004FEA162513D1720925F4FF65C6F3C40672
:10DBE00002F4FC6225F007051543354324F818506C
:10DBF000169A08F101081044179A1144C9E734F83D
:10DC000018E01FFA82FAC6F30747D2434FEA2E2CD8
:10DC100017FB0AF7D2B20CF0F80CF6B2EDB20CFB1F
:10DC2000027C4FEAEE0716FB0AF64FEACE0E1FFA09
:10DC30008CFC07F0FC0715FB0AF55FFA8EFE0EFB65
:10DC4000026607FB02570CF10102B6B202EB1C2C74
:10DC5000751CBFB20CF4784C05EB1625C5F3C42532
:10DC600045EA0C0C7D1C05EB17256D0905F4FC65D8
:10DC70004CEA050C24F818C0BAE707B0BDE8F08FED
:10DC8000F45E01202DE9F04F87B0B7EE004ADFF8CF
:10DC900028831D98019105924168DDF880B09DEDC3
:10DCA000115ADDED125A9DED136ADDED1A7A9DEDE4
:10DCB0001B7ADDED222A9DED233ADDED243ADDE9E4
:10DCC0001E2401FB0424026802EB4404DBF8082054
:10DCD000013222F001020292DBF800200392019A45
:10DCE000002A03DC059A002A40F36281149ABBF9EA
:10DCF000087002F50040159ABBF90C6002F500416E
:10DD0000002B0EDD021405D4BA4203DA0A1401D442
:10DD1000B24207DB169A013B02341044179A1144B1
:10DD2000EEE717D05A1E169D05FB02052D1409D4E7
:10DD3000BD4207DA179D05FB0212121402D4B2424B
:10DD4000C0F2C38000255A19002A3FDC23EAE3739E
:10DD500004EB4304019B002B40F32A8135EE225A49
:10DD6000109B75EE835AB0EE672AC4EE056A36EE54
:10DD7000236ABEEEC82A8DED142AB0EE472ABEEE05
:10DD8000C82A8DED152A65EEA64A66EE266A74EE5F
:10DD9000E77A36EEC77AFEEEC87ABEEEC87A17EE9C
:10DDA000902AF0EE647A92FBF3F317EE102A1693A2
:10DDB000109BB0EE667A92FBF3F31793019B059AE2
:10DDC000013B0193109B08BF134688E706142CD42F
:10DDD000DBF80820B24228DD0F1426D4DBF80C2033
:10DDE000BA4222DD029A07FB0266039F7208F60719
:10DDF000BA5C54BF02F00F02121102EB0212D2B24F
:10DE0000FF2A18D16FF00106D8F8002006FB05F7AD
:10DE1000A6F2FE7606EA122C5609C2F3C40206F4F4
:10DE2000FC664CEA06061643E653169A013D10447A
:10DE3000179A114487E7002AF7D06FF00106D8F847
:10DE400000C01FFA82F9D2436E43CCF3072AD2B244
:10DE500034F806E01AFB09FA0496CCF307464FEAB9
:10DE60002E2716FB09F65FFA8CFC07F0F8071CFB5F
:10DE700009FC07FB02674FEAEE064FEACE0EBFB27F
:10DE800006F0FC065FFA8EFE06FB02A60EFB02CC35
:10DE90007A1CB6B21FFA8CFC02EB1727049A0CF11D
:10DEA000010A07F478470AEB1C2ACAF3C42A4AEA93
:10DEB000070706F1010A0AEB162A4FEA5A1A0AF472
:10DEC000FC6A47EA0A07A752AFE74FF0000EA3EB40
:10DED0000E02002A7FF73AAF0214029E0D1406FBD1
:10DEE0000525039E6A08ED07B25C54BF02F00F02DD
:10DEF000121102EB0212D2B2FF2A15D1D8F800504B
:10DF0000A2F6FF0202EA15266A09C5F3C40502F467
:10DF1000FC6232432A4324F81E20169A0EF1010EA9
:10DF20001044179A1144D2E7002AF6D0D8F80070AE
:10DF30001FFA82F934F81EC0D243C7F30745C7F36E
:10DF4000072A4FEA2C2615FB09F5D2B206F0F8068F
:10DF5000FFB21AFB09FA06FB02564FEAEC0517FB63
:10DF600009F74FEACC0CB6B205F0FC055FFA8CFC61
:10DF700005FB02A50CFB0277721CADB2BFB202EB2F
:10DF8000162607F1010A06F478460AEB172ACAF3A7
:10DF9000C42A4AEA060605F1010A0AEB152A4FEAE5
:10DFA0005A1A0AF4FC6A46EA0A0624F81E60B4E724
:10DFB00007B0BDE8F08F00BFF45E012070477047E6
:10DFC0007047704770477047704770477047704799
:10DFD0007047704770477047704770477047704789
:10DFE0007047704770477047704770477047704779
:10DFF0007047704770477047704770472DE9F0478A
:10E0000088B006468846914608AC24F80C3D204668
:10E01000FDF752FB3368054620469F69FDF75AFA23
:10E0200082462046FDF78AFA00954B464246314625
:10E03000CDE901A006A8B847284608B0BDE8F0879A
:10E040002DE9FF47002300933D4B1B78002B37D170
:10E050003C4AB2F90020ADF80420002B32D13A4BF3
:10E06000B3F9003002AC0868ADF8063002AB49687D
:10E07000364D03C369462046F9F736FD6846F9F781
:10E08000EFFCBDF80830BDF800202F462868134487
:10E09000BDF80220ADF80830BDF80A301344ADF8E1
:10E0A0000A300368DB6B984710F0010F0CD028682A
:10E0B000036894E806001B6E984704B0BDE8F0873B
:10E0C000214AC6E71F4BCBE73868BDF90C800368CF
:10E0D000BDF90E504FEA48085B6B9847BDF9083010
:10E0E000BDF80A20BDF8046016FB023600EB4606B8
:10E0F00038680368DB6A9847124ABDF90A401388FA
:10E100009146BDF908105D4303FB041400EB440481
:10E1100004EB45053868AC4203680ED2D3F838A04A
:10E12000324643462146D047B9F8003004EB430459
:10E13000BDF9043006EB4306ECE71B6B9847BCE7E0
:10E14000DA5E0120DC5E0120DE5E0120E45E01205B
:10E150002DE9F04F8BB00F4616469DF850B09DF854
:10E160005440BBF1000F4AD0106806AD516803C59A
:10E17000186808AD596803C506A8F9F771FC31465F
:10E1800008A8F9F7B1FCBDF92020BDF92230BDF88F
:10E190001C60BDF9248016FB0321BDF9265007EB56
:10E1A0004106BDF818105F4F0A443868B946ADF80B
:10E1B0002020BDF81A201344ADF822300368DB6B31
:10E1C0009847BBF1FF0F1DD1FCB910F0010F1CD017
:10E1D000D9F800000027ADB2BDF822300168BDF8C3
:10E1E0002020CDF80CB00195CDE90447BDF81C40C6
:10E1F00002941FFA88F400948C6C3146A0470BB04F
:10E20000BDE8F08F10F0040FE1E7D9F800004FEA05
:10E2100048070368DB6A9847434BBDF92240BBF1CE
:10E22000FF0F1A889A46BDF9201005FB02F502FB84
:10E23000041400EB440459D0CBF1FF0904EB45056D
:10E240001FFA8BF29E461FFA89F9AC4264D204EBA6
:10E25000070A54453DD2218836F8023B08124FEA9E
:10E26000232C00F0F8004FEAE10B0CF0F80CC90089
:10E2700010FB09F00BF0FC0BC9B20CFB020CD81020
:10E280001BFB09FBDB001FFA8CFC00F0FC0011FB00
:10E2900009F1DBB200FB02B00CF1010B03FB02132E
:10E2A0000BEB1C2C9BB280B20CF4784B03F1010CED
:10E2B0000CEB132C431C03EB1020CCF3C42C4009B3
:10E2C0004CEA0B0C00F4FC604CEA000C24F802CB86
:10E2D000BFE7BEF80030A3EB080304EB4304BDF92D
:10E2E0001C30A3EB080306EB4306AEE704EB450541
:10E2F000D9F80000AC4203680ED2D3F83880324619
:10E300003B462146C047BAF8003004EB4304BDF950
:10E310001C3006EB4306EBE7024B186803681B6BE7
:10E3200098476CE7E45E0120DC5E012010B50446EE
:10E3300004210CF047FD204610BD10B50446042111
:10E340000CF040FD204610BD10B5044640F64401D7
:10E350000CF038FD204610BD10B504464FF4827114
:10E360000CF030FD204610BD10B5044604210CF021
:10E3700029FD204610BD10B5044604210CF022FDF5
:10E38000204610BD10B5044604210CF01BFD2046AC
:10E3900010BD10B5044604210CF014FD204610BD3C
:10E3A00010B5044604210CF00DFD204610BD10B53B
:10E3B000044604210CF006FD204610BD10B50446AD
:10E3C00004210CF0FFFC204610BD10B504460421CA
:10E3D0000CF0F8FC204610BD10B5044604210CF0EA
:10E3E000F1FC204610BD10B5044604210CF0EAFCF7
:10E3F000204610BD10B5044604210CF0E3FC204675
:10E4000010BD10B5044604210CF0DCFC204610BD04
:10E4100010B5044604210CF0D5FC204610BD10B503
:10E42000044604210CF0CEFC204610BD10B5044675
:10E4300004210CF0C7FC204610BD10B50446042191
:10E440000CF0C0FC204610BD10B5044604210CF0B1
:10E45000B9FC204610BD10B5044604210CF0B2FCF6
:10E46000204610BD10B5044604210CF0ABFC20463C
:10E4700010BD10B5044604210CF0A4FC204610BDCC
:10E4800010B5044604210CF09DFC204610BD10B5CB
:10E49000044604210CF096FC204610BD10B504463D
:10E4A00004210CF08FFC204610BD10B50446042159
:10E4B0000CF088FC204610BD10B5044604210CF079
:10E4C00081FC204610BD10B5044604210CF07AFCF6
:10E4D000204610BD10B5044604210CF073FC204604
:10E4E00010BD10B5044604210CF06CFC204610BD94
:10E4F0002DE9F04F8FB0164682460D469DF86020FC
:10E500000592002A00F0B78230680AAC716803C433
:10E5100018680CAC596803C40AA8F9F7A1FA314687
:10E520000CA8F9F7E1FABDF92C20B2F5806FDBBF3A
:10E5300093B24FF48061012391FBF3F3009305F153
:10E54000080300990693BDF92E300B44013B93FB61
:10E55000F1F3013B06999BB201EB8303009907930A
:10E56000BDF9323093FBF1F084B2BDF83010029463
:10E57000029D009C05FB143414FB02F40C44A4B26D
:10E58000002D6CD06A1E069850F82260079A36BAA1
:10E590001644BDF82820BDF936501144BDF82A2094
:10E5A000DFF82C931344ADF83010ADF83230BDF9DC
:10E5B00034300193C44B18680368DB6A9847C34B37
:10E5C000BDF930201B88BDF9328003FB08284FF4C9
:10E5D00080726B43002500EB4808294608EB430393
:10E5E0000993BDF92C3094FBF3F304930AF104036F
:10E5F000184608930FF0FCFA099B434540F2368217
:10E60000032207210B20002C00F031813378DBB28C
:10E61000FE2B26D196F801E0013C96F802C0371D8A
:10E620005FFA8EFE96F803B05FFA8CFC6EF3070576
:10E630005FFA8BFBA4B26CF30F250CEB8C0C12FB76
:10E640000BCC6BF3174511FB0ECC2B0E10FB03C349
:10E6500003F03F030AEB83035D603E46D3E7079E6A
:10E6600097E7FF2B27D196F801C0013CB378771DBF
:10E670005FFA8CFC96F803E0DBB296F804B06CF31A
:10E6800007055FFA8EFE5FFA8BFB63F30F2503EB42
:10E690008303A4B212FB0E336EF3174511FB0C3348
:10E6A0006BF31F6510FB0B3B0BF03F0B0AEB8B0B67
:10E6B000CBF80450D1E75FEAA31C06F1010707D1AC
:10E6C00003F03F030AEB83035D68013CA4B2C4E797
:10E6D000BCF1010F2CD103F0030E03F00C0CC3F3BB
:10E6E0000113AEF1020EACF1080C023B05EBCE0EAD
:10E6F0005FFA8EFE6EF307050CEB152C0CF0FF0C89
:10E700006CF30F250CEB8C0CC5F3074606EBC3032B
:10E71000DBB212FB03CC63F3174511FB0ECC2E0EBC
:10E7200010FB06C606F03F060AEB86067560CCE7CE
:10E73000BCF1020F03F03F032AD1B71C7678203BCF
:10E74000F6B206F00F0C3611ACF1080C083E9C44F2
:10E7500005EBCC0C5FFA8CFC6CF30705C5F3072EB8
:10E760000EEB830E33445FFA8EFE6EF30F250EEB35
:10E770008E0EC5F3074606EBC303DBB212FB03EEB6
:10E7800063F3174511FB0CEE2E0E10FB06E6C9E7EE
:10E790005E1CA6424EDD361B002E4EDCDDF804B0BA
:10E7A0000024BBF1000F40F322817B1C03933B78D4
:10E7B000DBB2FE2B60D179783B1DBA78C9B2F8780C
:10E7C000D2B2039361F30705C0B2032362F30F25AE
:10E7D00002EB820213FB002260F3174507232E0E83
:10E7E00013FB01210B2313FB061303F03F030AEB7A
:10E7F00083035D60012637462B0EABEB070BA6EBC0
:10E80000070640F0D3808CB14846A100DEF7F8FA45
:10E81000059B22464946404608EB4408DEF756FB76
:10E820002B4B2C4A994508BF1346994608EB4708DD
:10E830000024DAE0A61BB4B20FE7019B019AB342B1
:10E84000A8BF33462C0EA2EB030BA6EB03060BD09E
:10E85000A9F104011A46002A02DC23EAE374A0E7C6
:10E8600041F8045F013AF6E708EB430899E73746B9
:10E87000DDF804B0264694E7FF2B1DD178787B1D88
:10E88000BA78C0B2FE78D2B2039360F307053B7941
:10E89000F6B2D9B262F30F25032302EB820266F3CC
:10E8A000174513FB0622072361F31F6513FB0020A6
:10E8B0000B2313FB010398E79E110DD103F03F03D7
:10E8C0000AEB83035D6895E7E45E0120DC5E0120CE
:10E8D000800A0020800B0020012E4FEA15612BD109
:10E8E00003F0030003F00C02C3F301130238083AEB
:10E8F0009F1E05EBC000C0B260F3070502EB1522B6
:10E9000002F0FF0262F30F2502EB8202C5F3074318
:10E9100003EBC7030327DBB217FB0322072763F3CD
:10E9200017450B2317FB002013FB010101F03F01EA
:10E930000AEB81014D605EE7022E03F03F032FD109
:10E940007878BA1C203BC0B2039200F00F0200118D
:10E95000083A08381A4405EBC202D2B262F307053E
:10E96000C5F3072606EB83060344F6B266F30F25CC
:10E9700006EB8606C5F3074000EBC3030320DBB2BA
:10E9800010FB0366072063F317450B2310FB02629D
:10E9900013FB012101F03F010AEB81014D6029E7E2
:10E9A0005E1C5F46B345A8BF374625E73B19402BA1
:10E9B00013DD4846A100DEF723FA4946059B2246AF
:10E9C000404608EB4408DEF781FA2C4B00249945B9
:10E9D0000CBFDFF8B490DFF8A49009EB84023B464B
:10E9E000013B42F8045BFBD13C44039FD9E65CB198
:10E9F000A1004846DEF704FA404608EB4408059BB0
:10EA000022464946DEF762FA1D4B019A1B889B1A83
:10EA100008EB4308049B01330493049A009B934240
:10EA20001DD1029B0025029A03F1010BBDF8304075
:10EA3000069B2946BDF8286053F822704FF4807277
:10EA4000A41B079B3FBA0898A4B21F440FF0D0F84C
:10EA5000CDF808B00495DEF7C9F93E46CCE5BDF81F
:10EA60002C40019BE41AA41BA4B2F4E7054B1868E0
:10EA700003681B6B98470FB0BDE8F08F800A002039
:10EA8000DC5E0120E45E0120800B00202DE9F04FC8
:10EA90008FB01C4605929DF864200091189B01924E
:10EAA000002A00F0168120680AAA616803C218686B
:10EAB0000CAA596803C20AA8F8F7D2FF21460CA88D
:10EAC000F9F712F8BDF92C60BDF92E50B6F5806F3C
:10EAD000BDF83000DBBFB3B24FF48062012392FB7C
:10EAE000F3F3BDF932201D4492FBF3F11FFA81FCD0
:10EAF000013D0CFB1324614614FB06F4044495FB12
:10EB0000F3F5A4B231B1059B009953F82C301BBA30
:10EB100019440091BDF82830ADB2BDF934801844D5
:10EB2000BDF82A30BDF93660AD001A446A4BADF825
:10EB300030001868ADF832200368DB6A98476749EF
:10EB4000BDF93220002C0B88BDF930C00CBFC64681
:10EB50004FF0000E099103FB02C2BDF8041073438D
:10EB60001FFA8EFE00EB4200039100EB4303069375
:10EB70002B1D0793019BC3F1FF02002392B2029366
:10EB80000492069A824240F29F8063B9009B1A78F1
:10EB9000930902F03F0202925A1E022A15D8009AE7
:10EBA0009BB201320092B4B19C4291BF1C1BE41A8B
:10EBB00071464FF0000A9BBF1FFA84FA0024A4B2EA
:10EBC0001FFA88F153468E46DBE7009A009B02321B
:10EBD0005B780092E7E70222079973451546029A8F
:10EBE00024BFA3EB0E0AF14615FB0212059934BFB0
:10EBF00099461FFA8AFA31F802C038BFAEEB03011A
:10EC0000019A2EBF214689B2A246FF2A4FEA49093E
:10EC100005D18144814545D020F802CBFAE74FEA7F
:10EC20002C22039D4FEAEC0B81444FEACC0C02F0FE
:10EC3000F8020BF0FC0B5FFA8CFC6A430BFB05FB44
:10EC40000CFB05FC089281452CD00288049D16120D
:10EC5000049F06F0F80616FB05F6089D2E44D51015
:10EC6000D200B6B205F0FC05D2B215FB07F512FBD7
:10EC700007F2771C5D44624407EB1626ADB292B2F0
:10EC800006F47846571C07EB1222C2F3C42216433F
:10EC90006A1C02EB15256D0905F4FC652E4320F86E
:10ECA000026BD0E773458DD31FFA88F1BDF82C4075
:10ECB000099B641A1B88A4B2A3EB0803002C00EB89
:10ECC000430018BF00217DE7034B186803681B6BE6
:10ECD00098470FB0BDE8F08FE45E0120DC5E0120B4
:10ECE0002DE9F04F9FB01D460446289BCDE9131235
:10ECF0009DF8A4200992002A00F0ED8128681AAA44
:10ED0000696803C218681CAA596803C21AA8F8F7F0
:10ED1000A7FE29461CA8F8F7E7FEBDF96C30BDF93F
:10ED20006E80B3F5806FBDF97660DBBF9AB24FF4A9
:10ED30008061012291FBF2F202920298BDF97220E9
:10ED4000029992FBF0F080B28844109008F1FF38ED
:10ED50000298109D05FB102598FBF1F815FB03F5B3
:10ED6000BDF87010BDF8683008F101080D44194471
:10ED7000BDF86A301FFA88F81A44BDF97430ADF84E
:10ED80007010ADB20493944BADF87220186803680C
:10ED9000DB6A9847914BBDF97210002D1A88BDF9B6
:10EDA000707002FB06F602FB0171189300EB410044
:10EDB000BDF824304FF0000100EB46020F93884B62
:10EDC0000A92149AA3EB04030D9102EB880819939D
:10EDD00008F104021192099AC2F1FF021592049AF5
:10EDE00018BF002292B210990D9B11FA83F3149967
:10EDF00001EB8303043306930A9B834240F266814E
:10EE0000BDF86C304FF0010A0299069ED346574672
:10EE10003678B5FBF3F3CB1A129601369BB2059602
:10EE20001693069B59789B781B0243EA0143069987
:10EE3000C9780B43139919444E1C4978039609026B
:10EE4000139E01F4FF71F35C19438BB284F804182C
:10EE50000C93002307939C46BDF854300E93002D6D
:10EE60007ED0AF426ED20A9BED1B01928342ADB2BF
:10EE700002D873E0002B5FD1039BCBF107025B78D4
:10EE800093405B0003F4FF72039B1B7843FA0BF380
:10EE9000DBB213430BF101025FFA82FB039A9FB2CC
:10EEA000BBF1080F13BF013202324FF0000B039287
:10EEB00008BF0392129ABA4209D384F80438012396
:10EEC000059AB2F5007F0ED39A46002635E0059BE1
:10EED0009F4218D304EB0A0394F8042883F804280B
:10EEE0000AF101039BB2059A94F8046804EB8202CC
:10EEF0000C9916710AF10106D1805671059A0132FA
:10EF000092B20592E0E704EB87033A465B7903F699
:10EF100004062644199901EB060CBCF1000F07DD2D
:10EF200004EB820292F804C006F801CDD288F1E722
:10EF300084F804289BB2C3E70C9F0C97B446019A4F
:10EF40001F468CE77B1B0CEB0506BDF810209BB21F
:10EF5000B6B2019200250A9A82428BD8019A4BE7F9
:10EF6000974232D3BB1A089201959BB20999FF29A7
:10EF700008990CEB010635D1A0F1020EB6B2B445EA
:10EF800040F08C800899974200EB4100E2D3189A38
:10EF900004991288521A169900EB4200079A01321E
:10EFA0008A42079240F08780BDF87050BDF86870C3
:10EFB000049BED1BADB2002D08BF1A460D9B18BF78
:10EFC0000022013392B20D930DE7D11B08978BB24B
:10EFD00001932B46CAE700BFE45E0120DC5E0120FE
:10EFE000FBF7FFFFB6B20B90B445CBD00CF101019B
:10EFF000A44417919CF80458119931F815500B99B5
:10F000004FEA2528B1F800C00E9908F0F8084FEA39
:10F010002C2E4FEAEC090EF0F80E4FEACC0C09F05A
:10F02000FC091EFB01FE0F995FFA8CFC08FB01E84E
:10F030004FEAE50E0E99ED000EF0FC0E1FFA88F86F
:10F0400019FB01F90F99EDB20EFB019E0E991CFB05
:10F0500001FC0F991FFA8EFE05FB01C508F1010C9A
:10F060000EF101090B99ADB20CEB182805F1010C5A
:10F0700009EB1E2908F478480CEB152C4FEA5919B6
:10F08000CCF3C42C09F4FC694CEA0808BDF85CC058
:10F0900048EA090821F8028B0B91A5E70CF1010859
:10F0A000A44411999CF804581FFA88FC31F81550B3
:10F0B0002EF8025F63E7BDF81020BDF86C50AD1A62
:10F0C000ADB2002D18BF0022019244E7034B18682F
:10F0D00003681B6B98471FB0BDE8F08FE45E01200A
:10F0E0002DE9F04F93B016460D469DF87020039021
:10F0F0000192002A00F0038330680EAC716803C4EB
:10F10000186810AC596803C40EA8F8F7A9FC31467A
:10F1100010A8F8F7E9FCBDF93C20B2F5806FDBBF21
:10F1200093B24FF48061012391FBF3F3049305F153
:10F13000080304990893BDF93E300B44013B93FB4F
:10F14000F1F3013B08999BB201EB83030499099306
:10F15000BDF9423093FBF1F084B2BDF84010059444
:10F16000DDE9044505FB143919FB02F989441FFA4E
:10F1700089F9002D5DD06A1E089850F822A0099ADE
:10F180009AFA8AFA9244BDF838204FF00006BDF989
:10F1900046501144BDF83A201344ADF84010ADF884
:10F1A0004230BDF944300293CA4B18680368DB6AE9
:10F1B0009847C94BBDF9402000211B88BDF942404A
:10F1C00003FB042480226B4300EB440404EB430361
:10F1D0000D93BDF93C3099FBF3F30693019BDB43A0
:10F1E000DBB20A93039B043318460B930EF000FD29
:10F1F000BA4B0093002307930D9BA34240F27A82FF
:10F200004FF0070EB9F1000F00F059819AF8005045
:10F210000AF10107EDB2AA110ED105F03F05039BDB
:10F2200003EB4505AE8809F1FF391FFA89F9BA46A3
:10F23000E8E7DDF824A0A6E7012A29D1C6F30403F4
:10F2400005F003020321023B1344C5F38102C5F319
:10F25000011503F01F03023A023D63F3040602EBBB
:10F26000561202F03F0262F34A1602EB820205EBED
:10F27000D62505F01F0511FB052265F3CF261EFBE1
:10F280000323039A03F03F0302EB43039E80CAE784
:10F2900005F03F05022AABB236D1012112FB05125F
:10F2A00092443A4652451CD094464FF0030B1CF84A
:10F2B000021B527841EA0221C1F345104FEAD128DE
:10F2C00001F01F020E4600EB80001BFB08001EFB36
:10F2D0000200039A00F03F0002EB4000624681808A
:10F2E000E0E799450BD2A5EB090507EB4907002D8F
:10F2F00000F30882DDF80880012307930CE007EB98
:10F300004507A9EB030990E79945FAD2A5EB090552
:10F31000002D1DDCDDF808804FF0000BB8F1000F68
:10F3200040F3A0813B7807F1010ADBB29A1140F06B
:10F33000D78003F03F03039A02EB43039E88019BAF
:10F34000FF2B40F0E881268008F1FF380234BEE050
:10F35000029B029AAB42A8BF2B46A2EB0308079A76
:10F36000ED1A002A5AD0019A04EB4303FF2A49D030
:10F37000BDF804E0BDF82890A34240F2A580BC4649
:10F3800020881CF8022B4FEA202A79780AF0F80A24
:10F3900042EA01221AFB09FA12B291B2D2000F120C
:10F3A000C91007F0F807D2B201F0FC0107FB0EA765
:10F3B0004FEAE00AC0000AF0FC0ABFB2C0B21AFB72
:10F3C00009FA10FB09F001FB0EA102FB0E02781CEA
:10F3D00089B292B200EB172701F1010A501C0AEB27
:10F3E000112A07F4784700EB12204FEA5A1AC0F3AB
:10F3F000C4200AF4FC6A074347EA0A0724F8027BA0
:10F400006746B9E7A3425FD93A4612F8021B7878FB
:10F41000174641EA002124F8021BF3E7019904EBA7
:10F420004303B2B2FF2944D04FEA2229BDF80410A9
:10F430004FEAE20EBDF828A009F0F80908460EF0E0
:10F44000FC0E09FB01F90EFB01FED100C9B24143DC
:10F450009C42BFF461AF228810124FEAE20C00F028
:10F46000F800D2000CF0FC0C00FB0A90D2B20CFBAE
:10F470000AEC80B202FB0A121FFA8CFC92B200F175
:10F48000010B0BEB102B501C00EB12200CF10102B6
:10F490000BF4784B02EB1C2CC0F3C4204FEA5C1C2D
:10F4A00040EA0B0B0CF4FC6C4BEA0C0B24F802BB8F
:10F4B000CEE79C42BFF430AF24F8022BF9E7DDF829
:10F4C000088057464D4627E7002316E7BB445746BA
:10F4D00024E700BFE45E0120DC5E0120800A0020FA
:10F4E000012A2AD1C6F3040103F00302C3F3810009
:10F4F000C3F3011302390238023B114401F01F012A
:10F5000061F3040600EB561000F03F0060F34A166A
:10F5100000EB800003EBD62202F01F03032263F30B
:10F52000CF2612FB0303072212FB0133039A03F0D9
:10F530003F0302EB43039E8001E703F03F0547468C
:10F54000A845A8BF2F46022A54D1019BFF2B1AD0F1
:10F550000BEB0703402B16DD4FEA4B090098494699
:10F56000DDF74EFC5A46019B204600994C44DDF7DE
:10F5700087FC009B4FF0000B1A466A4B9A420CBF67
:10F58000694B684B009352460021A9422CDA9446FD
:10F590004FF00309B9421CF8023B527843EA0223B8
:10F5A000C3F345104FEAD32E03F01F021E4600EBB3
:10F5B000800019FB0E004FF0070E1EFB0200039A9D
:10F5C00000F03F0002EB400083800ADA019AFF2A34
:10F5D00013BF009A2380023422F81B3018BF0BF1AE
:10F5E000010B01316246D0E70AEB450AA8EB070898
:10F5F000ED1B6CE7019BA8EB0708ED1B1FFA86F9D2
:10F60000FF2B27D00BEB0703402B18DD4FEA4B03F2
:10F61000009819460C93DDF7F3FB5A46019B2046F0
:10F6200000994FF0000BDDF72BFC0C9B1C44009B5A
:10F630001A463C4B9A420CBF3B4B3A4B0093009B03
:10F6400003EB4B023B46002B3FF440AF22F8029BFA
:10F65000013BF8E704EB4707A7427FF638AF24F8F1
:10F66000029BF9E7BBF1000F0CD04FEA4B08009862
:10F670004146DDF7C5FB20464444019B5A460099AC
:10F68000DDF7FEFB294B029A1B889B1A04EB43040F
:10F69000069B01330693069A049B934220D1059B57
:10F6A0000021059A4FF0000603F10108089BBDF800
:10F6B000409053F822708022BDF83850099B3FBA21
:10F6C000A9EB05090B981F440EF092FA1FFA89F96D
:10F6D0000023CDF814800693DDF788FBBA468BE54E
:10F6E000BDF83C90029BA9EB0309A9EB05051FFAA5
:10F6F00085F9F1E70E4B186803681B6B984713B048
:10F70000BDE8F08F029B029AAB42A8BF2B46A2EB4A
:10F710000308ED1A27E608F1FF381FFA86F90025DD
:10F7200001276FE7800A0020800B0020DC5E0120AB
:10F73000E45E01202DE9F04F8FB01C460F46039286
:10F740009DF86420189B0292002A00F0288120680E
:10F750000AAA616803C218680CAA596803C20AA8F9
:10F76000F8F77EF921460CA8F8F7BEF9BDF92C6030
:10F77000BDF92E50B6F5806FBDF83000DBBFB3B2D7
:10F780004FF48062012392FBF3F3BDF932201D4454
:10F7900092FBF3F11FFA81FC013D0CFB132461463F
:10F7A00014FB06F4044495FBF3F5A4B221B1039BCA
:10F7B00053F82C301BBA1F44BDF82830ADB2BDF948
:10F7C00034901844BDF82A30BDF93660AD001A44B3
:10F7D000744BADF830001868ADF832200368DB6A6E
:10F7E0009847714ABDF93210002C1388BDF930C01A
:10F7F0000CBFC8464FF00008099203FB01C17343D8
:10F800001FFA88F800EB410000EB430304932B1D23
:10F81000059300230193049A824240F2BB805BB9B6
:10F820003A78930902F03F0201925A1E022A8DBFD4
:10F830007B7801379BB2023784B19C4291BF1C1B7D
:10F84000E41AC4464FF0000A9BBF1FFA84FA002452
:10F85000A4B21FFA89FC5346E046DCE7042205996E
:10F8600043451546019A24BFA3EB080AC64615FB7B
:10F87000021203993CBFA8EB030C9E468A5826BF90
:10F880001FFA8AFAA4461FFA8CFC4FEA126138BFAD
:10F89000A2464FEA4E0E002966D0FF294FEA1226F3
:10F8A00014D1029DFF2D11D1510926F4FF66C2F338
:10F8B000C402864401F4FC6126F007060E43164399
:10F8C000B6B2864551D020F8026BFAE7029DF6B237
:10F8D000864469434D1C05EB2125C2F30741D2B292
:10F8E0002D126FEA050BADB211FB05F15FFA8BFB30
:10F8F00016FB05F612FB05F289B2B6B292B206917A
:10F9000007960892864530D0028806991612D510BF
:10F9100006F0F806D20005F0FC0546EA5616D2B20B
:10F9200006FB0B1645EA9515079942EA5212B6B244
:10F9300005FB0B15089902FB0B12711CADB292B2BC
:10F9400001EB1626511C06F4784601EB1222C2F395
:10F95000C42216436A1C02EB15256D0905F4FC65EB
:10F960002E4320F8026BCDE770444345FFF473AF9C
:10F970001FFA89FCBDF82C40099BA4EB0C041B88E2
:10F98000A4B2A3EB0903002C00EB430018BF4FF017
:10F99000000C60E7034B186803681B6B98470FB0B7
:10F9A000BDE8F08FE45E0120DC5E01202DE9F04F20
:10F9B00093B01C4605929DF8742001911C9B029205
:10F9C000002A00F02E8120680EAA616803C2186820
:10F9D00010AA596803C20EA8F8F742F8214610A8E9
:10F9E000F8F782F8BDF93C60BDF93E50B6F5806F7E
:10F9F000BDF84000DBBFB3B24FF48062012392FB3D
:10FA0000F3F3BDF942201D4492FBF3F11FFA81FC90
:10FA1000013D0CFB1324614614FB06F4044495FBE2
:10FA2000F3F5A4B231B1059B019953F82C301BBA00
:10FA300019440191BDF83830ADB2BDF944B0184455
:10FA4000BDF83A30BDF94660AD001A44764BADF8CA
:10FA500040001868ADF842200368DB6A9847734994
:10FA6000BDF940C0002C0B88BDF942200D9103FB6D
:10FA700002C208BFDC4603FB06F318BF4FF0000CC0
:10FA800000EB4200BDF808101FFA8CFC00EB4303AA
:10FA9000069108932B1D0993029BDA430023D2B2EF
:10FAA00003930792089A824240F2B68063B9019BA1
:10FAB0001A78930902F03F0203925A1E022A15D8BF
:10FAC000019A9BB201320192B4B19C4291BF1C1BBE
:10FAD000E41A66464FF000089BBF1FFA84F8002422
:10FAE000A4B21FFA8BF64346B446DBE7019A019BAA
:10FAF00002325B780192E7E70322099963451546D4
:10FB0000039A2CBFA3EB0C08ACEB030615FB021207
:10FB1000059924BF1FFA88F8E14601EB0205029916
:10FB20002FBF2646B6B29946A046FF294AD0069F67
:10FB3000CA46A978049079430A91697879430B9170
:10FB400005998A5C7A430C92BAF1000F3DD0049A71
:10FB50000AF1FF3A079F12881FFA8AFABE460A9FE7
:10FB60001512D11005F0F805D20001F0FC0145EAAC
:10FB70005515D2B205FB0E7541EA91110B9F42EA71
:10FB80005212ADB201FB0E710C9F02FB0E7205F119
:10FB9000010E89B292B20EEB152502F1010E05F4A9
:10FBA00078450EEB1222C2F3C42215434A1C02EB25
:10FBB0001121049A490901F4FC610D4322F8025B0A
:10FBC0000492C1E74946864699B9634500EB49006E
:10FBD00089D31FFA8BF6BDF83C400D9BA41B1B88F4
:10FBE000A4B2A3EB0B03002C00EB430018BF0026CC
:10FBF00079E7AA7801390E4F89B207EA022A6A78B2
:10FC0000D20002F4FC624AEA020295F800A042EA3D
:10FC1000DA022EF8022BD7E7034B186803681B6B38
:10FC2000984713B0BDE8F08FE45E0120DC5E012050
:10FC300000F8FFFF2DE9F04F9DB01C468346269B40
:10FC4000CDE911129DF89C200E92002A00F0E4816B
:10FC5000206818AA616803C218681AAA596803C202
:10FC600018A8F7F7FDFE21461AA8F7F73DFFBDF9E2
:10FC70006430BDF96640B3F5806FBDF96E60DBBFDF
:10FC80009AB24FF48061012291FBF2F20292029843
:10FC9000BDF96A20029992FBF0F080B20C440F90FB
:10FCA000013C02980F9D05FB102594FBF1F415FB18
:10FCB00003F5BDF86810BDF8603001340D441944F7
:10FCC000BDF86230A4B21A44BDF96C30ADF86810CA
:10FCD000A4000693ADB2B34BADF86A201868036870
:10FCE000DB6A9847B04BBDF96A10002D1A88BDF940
:10FCF000687002FB06F602FB0171169300EB4108E7
:10FD0000AA4B18BF002108EB4602A3EB0B030A9293
:10FD100004F1040217931392069A08BF11460022B9
:10FD200089B20D920F9A0D9B12FA83F3129A02EB8D
:10FD30008303043308930A9B434540F26881BDF86E
:10FD400064304FF0010E029A0898B5FBF3F3D31A12
:10FD500000789BB2109001301493089B07905A785A
:10FD60009B781B0243EA0243089AD2781343119A04
:10FD70001A44501C527805901202119802F4FF7236
:10FD8000C35C1A4393B28BF804280B9300230993A6
:10FD900001230193049300230393002D7DD0AE45EE
:10FDA0006CD20A9BA5EB0E050C464345ADB202D8BA
:10FDB00071E0002B5DD1059B049A5B78C2F10702CC
:10FDC000049993405B0003F4FF72059B1B780B4181
:10FDD0000131C9B2DBB208290491059943EA020353
:10FDE0000CBF023101319AB205BF05910021059186
:10FDF0000491109991420AD38BF804380123079992
:10FE0000B1F5007F0FD300210193039132E0079BEE
:10FE10009A4218D3019B9BF804185B4483F804189A
:10FE2000019B01339BB207999BF804080BEB8101FE
:10FE300008710B98C8800198013048710799013109
:10FE400089B20791DFE70BEB820311465B7903F67A
:10FE500004005844179E0644002E06DD0BEB81017A
:10FE60000E7900F8016DC988F4E78BF804189BB28D
:10FE7000C5E70B9A21460B929E468EE7039AAEEB9E
:10FE80000503BDF818402A449BB292B203920025A4
:10FE90000A9A42458DD821464DE78E454FF000091C
:10FEA0002BBFAEEB0103A1EB0E042C462B4627BF64
:10FEB0009BB20C91A4B2CDF830E0039A0C984A445E
:10FEC000484592B274D004205A44054692F804285A
:10FED000139815FB0202129880585FEA106A14D03A
:10FEE000BAF1FF0F4FEA102512D10E9AFF2A0FD157
:10FEF000420925F4FF65C0F3C40002F4FC6225F05A
:10FF000007051543054328F8195009F10109D4E7FD
:10FF100038F819C0EDB24FEAEC064FEA2C2706F08C
:10FF2000FC024FEACC0CC0F3074607F0F807159225
:10FF30005FFA8CFC0E9AC0B247EA571702FB0AFA26
:10FF40004CEA5C1C0AF1010202EB2A2212121FFA8F
:10FF500082FAD24316FB0AF6D2B210FB0AF007FB74
:10FF60000267159E0CFB020015FB0AF5BFB280B2BA
:10FF700046EA961606FB02567A1C451C02EB17272A
:10FF800005EB1025B6B207F47847C5F3C4252F4317
:10FF9000751C05EB16256D0905F4FC652F4328F843
:10FFA0001970B2E7E45E0120DC5E0120FBF7FFFF81
:10FFB00003928E450C9A08EB4208FFF468AF169A3C
:10FFC00006991288521A149908EB4208099A0132CC
:10FFD0008A42099211D1BDF86850BDF86090069B25
:10FFE000A5EB0905ADB2002D08BF19460D9B18BF42
:10FFF0000021013389B20D9394E6BDF81840BDF895
:020000040803EF
:1000000064502D1BADB2002D18BF002440E7044BF7
:10001000186803681B6B98471DB0BDE8F08F00BFE0
:10002000E45E01202DE9F04F9FB01D460446289B59
:10003000CDE913129DF8A4200A92002A00F0FE8157
:1000400028681AAA696803C218681CAA596803C2FA
:100050001AA8F7F705FD29461CA8F7F745FDBDF9D5
:100060006C30BDF96E60B3F5806FBDF97670DBBFA3
:100070009AB24FF48061012291FBF2F20192019851
:10008000BDF97220019992FBF0F080B20E441090FD
:10009000013E0198109D05FB102596FBF1F615FB1E
:1000A00003F5BDF87010BDF8683001360D441944F1
:1000B000BDF86A30B6B21A44BDF97430ADF87010AC
:1000C000ADB20493964BADF8722018680368DB6AF2
:1000D0009847944BBDF97210002D1A88BDF970C075
:1000E00002FB07F702FB01C1189300EB410B8E4B9B
:1000F00018BF00210BEB4702A3EB04030B92149AE9
:10010000199302EB860606F1040206920A9A6FEA38
:100110000202D2B21592049A08BF1146002289B297
:100120000D92109A0D9B12FA83F3149A02EB83033B
:10013000043307930B9B5B4540F27B81BDF86C3029
:100140004FF00108019A0798C446CDF8088000785E
:10015000B5FBF3F3D31A119001309BB205901693BF
:10016000079B5A789B781B0243EA0243079AD2788E
:100170001343139A1A44501C527803901202139896
:1001800002F4FF72C35C1A4393B284F804280C9300
:10019000002308931A46BDF828300E93BDF854305A
:1001A0000F93002D7DD0AC456DD20B9BA5EB0C05BC
:1001B00008465B45ADB202D871E0002B5DD1039BD0
:1001C000029A5B78C2F10702029993405B0003F444
:1001D000FF72039B1B780B410131C9B2DBB20829C6
:1001E0000291039943EA02030CBF023101319AB232
:1001F00005BF0391002103910291119991420AD305
:1002000084F8043801230599B1F5007F0FD300214C
:100210009846009132E0059B9A4218D304EB0803FC
:1002200094F8041883F8041808F101039BB20599A7
:1002300094F8046804EB81010E710C9ECE8008F1E5
:1002400001064E710599013189B20591DFE704EB92
:10025000820311465B7903F604062644199F37444E
:10026000002F06DD04EB81010F7906F8017DC988B6
:10027000F4E784F804189BB2C5E70C9A0C92014687
:10028000009A9C468DE7ACEB05035719BDF81000AA
:10029000BAB29BB2009200250B9A5A458DD80146FE
:1002A00048E78C4527BFACEB01032846A1EB0C00C7
:1002B0002B460A9D27BF9BB2099180B2CDF824C07E
:1002C000FF2D099D02EB0507BDB200952ED15E46BC
:1002D000009DAA4240F08380099A8C450BEB420BAB
:1002E000D9D3189A04991288521A16990BEB420B1B
:1002F000089A01328A42089240F09180BDF870500D
:10030000BDF868C0049BA5EB0C05ADB2002D08BF7D
:1003100019460D9B18BF0021013389B20D9300E7E8
:10032000E45E0120DC5E0120FBF7FFFFD946009D63
:10033000AA42D1D0551C224492F804E8069A0EEB4A
:100340004E0E179572441292B9F80020129F1612A1
:1003500097F802A0D5100E9F06F0F80605F0FC05F0
:10036000D2001AFB07FA46EA56160F9F45EA951582
:10037000D2B206FB07A6129F42EA521297F801A0DA
:10038000B6B20E9F1AFB07FA0F9F05FB07A5069F43
:1003900006F1010A17F80EE0ADB20E9F0AEB162621
:1003A00005F1010A1EFB07FE0F9F0AEB152A06F452
:1003B000784602FB07E24FEA5A1A92B20AF4FC6A44
:1003C00002F1010E0EEB122EBDF85C20CEF3C42E0E
:1003D0004EEA060646EA0A0629F8026BA7E702F18A
:1003E000010E2244069F92F80458069A05EB450533
:1003F00002EB050A134A9AF8029002EA09299AF8D0
:100400000120D20002F4FC6249EA020217F80590CA
:1004100042EAD90226F8022B1FFA8EF258E7BDF8FD
:100420001000BDF86C502D1AADB2002D18BF002081
:1004300032E7054B186803681B6B98471FB0BDE88F
:10044000F08F00BF00F8FFFFE45E01202DE9F04FC0
:1004500091B09B461646B3F900200DF12808B3F978
:100460000230BDF96C900446BDF9707040460D46EF
:100470005946ADF82820ADF82A30ADF82C90ADF8EB
:100480002E70F1F711FB31464046F1F70DFB744B2E
:100490001888744B02B21988BDF928300EB2002BAF
:1004A00007DABDF82CC06344ADF82C300023ADF85A
:1004B0002830BDF92830BDF92CC0D21A9445C4BFEC
:1004C000C21AADF82C20BDF92A20002A07DABDF89F
:1004D0002EC06244ADF82E200022ADF82A20BDF9CE
:1004E0002AA0BDF92E20A6EB0A06B242C4BFA1EB9A
:1004F0000A02ADF82E205C4A1278A2B9BDF92C6030
:1005000086424046039314BF00260126F1F70FFBF5
:10051000039B60B1002323806380A3802046E38097
:1005200011B0BDE8F08FBDF92E608E42E9E7BDF94C
:100530002C200EA90E900CA80592BDF92E20ADF826
:100540003C900692BBF80020ADF83E709B1A1BB29F
:100550000393BBF80230DFF818B1AAEB030A0FFAD5
:100560008AF30493039BADF83030049BADF832302E
:10057000059BADF83430069BADF83630F7F7B4FA8A
:100580004046F7F76DFA0EA8F7F76AFA374B284698
:10059000BDF93CA01B8807932B681B6B9847BDF8DF
:1005A0003250BDF930308146DBF800001AFB0533CC
:1005B0001A9D05EB430503685B6B98470746DBF81C
:1005C0000000BDF92810BDF92A200368099108929E
:1005D000DB6B984710F0010FDDE9082112D0DBF842
:1005E0000000BDF93420036800921E6F2B4698E886
:1005F0000600B047039B2380049B6380059BA38078
:10060000069B8BE709FB02F2BDF9363002EB410194
:100610000F4466B1079A924509D1DBF8000009FB47
:1006200003F329460268966B3A46B047E2E70AFBB5
:1006300003F34FEA4A06DFF838B005EB43084545B7
:10064000D8D2DBF800002946BDF9343035440268C1
:100650005B00D2F838A03A46D0474F44EFE700BFDE
:10066000D65E0120D85E0120DA5E0120DC5E01202A
:10067000E45E0120F0B5064687B00C4617461D46DD
:1006800033B30846F1F753FA10BB206804AB616836
:100690001B4C03C304A8F7F7E3F920680368DB6B7E
:1006A0009847FF2D16D010F0080F206815D00024B1
:1006B0000168BDF81230BDF81020CDE90254BDF834
:1006C00016400194BDF8144000944C6E3946A04782
:1006D00007B0F0BD10F0020FE7E70368DB6A984748
:1006E000084B014630461A883368CDE900755D6ACB
:1006F00004ABA847206803681B6B9847E8E700BF76
:10070000E45E0120DC5E01202DE9F0479DF82470B5
:10071000884614461D46089E002F00F0AB80184600
:10072000F1F705FA002840F0A580B5F90010FF2F79
:10073000B5F90230B5F9040004FB0313B5F906500E
:10074000A4EB000208EB430104FB05F54FEA162871
:1007500001EB45054AD0BCB2C7F1FF0CC6F3074E0A
:100760005FFA88F7F3B240000EFB04FE67434FEADE
:10077000420863431FFA8CFCA9427BD201EB0009BB
:10078000494531D20A881412D61004F0F804D20078
:1007900006F0FC06D2B244EA541442EA521214FBA8
:1007A0000CF446EA961612FB0CF216FB0CF6744497
:1007B0001A44A4B23E4492B204F1010AB6B20AEB62
:1007C000142402F1010A0AEB122204F47844C2F361
:1007D000C4222243741C04EB1626760906F4FC6638
:1007E000324321F8022BCBE74144C5E77309224F7E
:1007F000C6F3C40608EA070703F4FC633B43E707B4
:1008000043EA06039BB20BD540005200A94231D205
:100810000C18A14202D221F8023BFAE71144F5E795
:100820008E0708D066000A46AA4202D213803244DC
:10083000FAE702310138C2070BD500F10042660029
:10084000013A01EB4202AA4202D213803244FAE793
:10085000013878B1401043EA034380006400A942A4
:1008600008D20E180A46B24202D242F8043BFAE716
:100870002144F4E7BDE8F08700F8FF0000221249A8
:10088000C0E901220160C0E90322C0E90522C0E9F4
:100890000722C0E90922C0E90B22C0E90D22C0E904
:1008A0000F22C0E91122C0E91322C0E91522C0E9D4
:1008B0001722C0E91922C0E91B22C0E91D22C0E9A4
:1008C0001F22C0E921227047EC8C04082DE9F04F6B
:1008D0008DB00D4604469946086808AB496803C3C5
:1008E00010680AAB516803C308A8F7F7B9F829469E
:1008F0000AA8674DF7F7F8F8BDF92820BDF92A30A6
:10090000BDF82410286811FB0321BDF92C80BDF926
:100910002E6004EB8104BDF820100A44ADF82820B5
:10092000BDF822201344ADF82A300368DB6B9847EA
:10093000B9F1FF0F19D110F0200F286818D0002549
:100940000168B6B2BDF82A30BDF828200196CDE97D
:100950000395BDF8245002951FFA88F500954D6D5A
:100960002146A8470DB0BDE8F08F10F0400FE4E736
:100970000368DB6A98474749BDF92A200B888A46F5
:10098000BDF9285003FB0252734300EB420000EB19
:10099000430307934FEA48030693079B984270D29C
:1009A000069B214600EB030B58455DD251F8044BE2
:1009B000230E14D0FF2B4FEA142C12D1B9F1FF0FE4
:1009C0000FD163092CF4FF6CC4F3C40403F4FC637B
:1009D0002CF0070C43EA0C0C4CEA040404800230AF
:1009E000E2E709FB03F30788C4F3074E5FFA8CFCC8
:1009F0005A1C3E12FD1002EB232206F0F806FF00FF
:100A000005F0FC05121246EA561693B2D243FFB225
:100A10001EFB03FED2B21CFB03FCE4B206FB02E6A3
:100A200045EA951514FB03F447EA5717B6B205FBE0
:100A300002C507FB024706F1010EADB2BFB20EEBD5
:100A4000162605F1010C06F4784E7E1C0CEB1525DC
:100A500006EB17266D09C6F3C42605F4FC6546EAC5
:100A60000E062E430680BAE7BAF80030BDF92440DE
:100A7000A3EB0803A4EB080400EB430001EB8404A0
:100A80008BE7034B186803681B6B98476AE700BF46
:100A9000E45E0120DC5E01202DE9F04385B01068A2
:100AA0000C4651686D46164603C51868596803C55B
:100AB00068462E4DF6F7D4FF314602A82C4EF7F7C4
:100AC00013F8BDF90820BDF90A30BDF804102868F4
:100AD00011FB0321BDF90C70BDF90E8004EB8104FC
:100AE000BDF800100A44ADF80820BDF802201344F8
:100AF000ADF80A300368DB6A98473388BDF90A20ED
:100B00004FEA470CBDF90810DFF868E003FB02125A
:100B100008FB03F300EB420000EB430398421DD2B5
:100B200000EB0C0840450FD254F8041B4FEA511952
:100B30000EEA1122C1F3C40109F4FC6942EA090278
:100B40000A4320F8022BEDE73288D21B00EB42006B
:100B5000BDF90420D21B04EB8204DFE72868036898
:100B60001B6B984705B0BDE8F08300BFE45E012031
:100B7000DC5E012000F8FFFF2DE9F0478EB00E4645
:100B800004461D4608680AAB4968DFF8D481DFF8DF
:100B9000D49103C310680CAB516803C30AA8F6F7DD
:100BA0005FFF31460CA8F6F79FFFBDF93020BDF975
:100BB0003230BDF82C10D8F8000011FB0321BDF92C
:100BC0003470BDF9366001EB41010C44BDF82810CA
:100BD0000A44ADF83020BDF82A201344ADF8323075
:100BE0000368DB6B9847FF2D24D110F0010FD8F874
:100BF000000022D000214FF0010ED0F800C0B6B2A4
:100C0000CDF818E0BFB2BDF83230BDF83020CDE9E4
:100C10000711B9F800E0039501960097CDE9041E8D
:100C2000BDF82C1002912146DCF84450A8470EB0C4
:100C3000BDE8F08710F0040FD9E70368DB6A984736
:100C4000B9F80030BDF932204FEA470EBDF9301037
:100C50005E43BDF92CC0FF2D03FB0212ACEB070C69
:100C6000A3EB070700EB42000CEB4C0C00EB460635
:100C70004FEA470749D0EB431FFA85F9DBB2B04290
:100C800066D200EB0E0A5045214604F103045BD204
:100C9000028814F8011C4FEA222811FB09F1D51033
:100CA00008F0F808D20005F0FC0548EA581845EAB3
:100CB000951508FB031814F8021CD2B211FB09F1B8
:100CC0001FFA88F842EA521205FB031514F8031CB8
:100CD00011FB09F1ADB202FB031208F1010192B25E
:100CE00001EB1828511C08F4784801EB1222691C0A
:100CF00001EB1525C2F3C4226D0942EA080205F48E
:100D0000FC652A4320F8022BBDE7144AB0421FD2EB
:100D100000EB0E05A842214604F1030410D214F89A
:100D2000023C14F8011CDB0002EA012103F4FC631D
:100D30000B4314F8031C43EAD10320F8023BE9E714
:100D4000384401EB0C04E1E7384401EB0C0496E76E
:100D5000034B186803681B6B984768E700F8FFFFB0
:100D6000E45E0120DC5E0120F0B416461C460D4610
:100D7000049A012E9DF814309DF8187012D003D3F8
:100D8000022E0AD0F0BC70470568CDE90437ED6843
:100D900013462246AC46F0BC604721462846F0BCCC
:100DA000FFF794BD21462846F0BCFFF7E5BE0000E2
:100DB0002DE9F04F93B081468846106851680EAC1B
:100DC00016469DF870A06B4F03C4186810AC5968A4
:100DD00003C40EA8F6F744FE314610A8664EF6F797
:100DE00083FEBDF94020BDF94230BDF83C103068AB
:100DF00011FB0321BDF94440BDF946508944BDF8BB
:100E000038100A44ADF84020BDF83A201344ADF83C
:100E100042300368DB6B984710F0800F30681DD0BC
:100E200000220168A4B2BDF84030ADB2CDE908227D
:100E30000B2207923A880295069201220194CDE98D
:100E400004A2BDF83C200392BDF842200092424625
:100E50000C6C4946A04713B0BDE8F08F0368DB6A0D
:100E600098473B88BDF942204FF0040EBDF9401071
:100E70005D4303FB021200EB420000EB45020C92C3
:100E8000BDF93C20121B0D9262001C1B0A926300EC
:100E90000B930C9B984266D20A9B00EB030B5845C0
:100EA0005CD219F8013B1EFB03E358F80320110E36
:100EB00012D0FF294FEA122710D1BAF1FF0F0DD13E
:100EC000530927F4FF67C2F3C40203F4FC6327F05D
:100ED00007071F433A4302800230E0E70AFB01F1B3
:100EE0000688C2F3074CD2B24B1C3512F41003EB48
:100EF000212305F0F805F60004F0FC041B12F6B2FD
:100F000099B2DB4345EA55151CFB01FCDBB212FB31
:100F100001F246EA561605FB03C5FFB206FB0322A3
:100F200044EA941417FB01F7ADB292B204FB0374C8
:100F300005F1010C571C0CEB152507EB1227A4B289
:100F400005F47845C7F3C4273D43671C07EB142419
:100F5000640904F4FC6425430580BDE70B9B184439
:100F60000D9B994495E7044B186803681B6B9847E1
:100F700071E700BFDC5E0120E45E01202DE9F04F47
:100F800087B080460D4614469DF84060002E00F064
:100F9000B980106802AF516803C7186804AF596878
:100FA00003C702A8F6F75CFD214604A8F6F79CFDEE
:100FB000BDF91020BDF91230BDF80C40BDF9167016
:100FC00014FB032108EB0104BDF80810BDF91480DF
:100FD0000A444FEA480AADF81020BDF80A2013442D
:100FE000ADF81230494B18680368DB6A9847484BE4
:100FF000BDF91210FF2E1A88BDF910C002FB01C105
:1010000002FB07F200EB410005F104011D465AD036
:10101000C6F1FF0E00EB4202B6B201931FFA8EFE3C
:1010200082426AD900EB0A0B834540D9058814F83F
:10103000013B2F1231F813304FEAE50907F0F807AA
:10104000ED004FEA232C09F0FC0917FB0EF7EDB277
:1010500019FB0EF90CF0F80C15FB0EF50CFB067CD9
:10106000DF10DB001FFA8CFC07F0FC07DBB207FB8C
:1010700006970CF1010903FB065309EB1C2C9BB2EC
:101080000CF47849BFB203F1010C0CEB132CCCF338
:10109000C42C4CEA090C07F1010909EB17277F0959
:1010A00007F4FC674CEA070C20F802CBBCE7019B75
:1010B0001B88A3EB080300EB4300BDF90C30A3EB46
:1010C00008031C44ACE700EB4202824215D900EB56
:1010D0000A06864206D914F8013B31F8133020F88D
:1010E000023BF6E72B88A3EB080300EB4300BDF9B6
:1010F0000C30A3EB08031C44E7E7044B18680368B3
:101100001B6B984707B0BDE8F08F00BFE45E01207D
:10111000DC5E01202DE9F04F91B080460F46144669
:101120009DF86850002D51D010680CAE5168DFF862
:10113000009203C618680EAE596803C60CA8F6F7ED
:101140008FFC21460EA8F6F7CFFCBDF93820BDF97B
:101150003A30BDF83410D9F8000011FB0321BDF975
:101160003C60BDF93EA008EB0104BDF83010DFF88B
:10117000C4810A44ADF83820BDF832201344ADF8DC
:101180003A300368DB6B984710F0800FD9F8000005
:101190001FD000220168B6B2BDF83830CDE9082270
:1011A0000B220792B8F80020019606920122CDE9A1
:1011B0000452BDF8342003921FFA8AF20292BDF85D
:1011C0003A2000923A460D6C2146A84711B0BDE87E
:1011D000F08F03684FEA4609DB6A9847B8F80020A9
:1011E000BDF93A30FF2DBDF938100AFB02FA02FBB7
:1011F000031300EB430062D06FEA050C00EB4A03D7
:10120000ADB2CDF82C805FFA8CFC0A930A9B984211
:1012100080F0858000EB090B584546D214F801EBAD
:101220000323042213FB0E2E038807EB0E0A191268
:10123000DA1017F80EE09AF8028001F0F801DB00EE
:1012400002F0FC0218FB05F841EA51111EFB05FEF5
:10125000DBB201FB0C819AF8018042EA921218FB82
:1012600005F843EA531389B202FB0C8203FB0CE33B
:1012700001F1010892B29BB208EB112102F10108C1
:1012800003F1010E08EB122801F478410EEB132E46
:101290004FEA5818CEF3C42E08F4FC684EEA010158
:1012A00041EA080120F8021BB6E70B9B1B889B1B39
:1012B00000EB4300BDF934309B1B1C44A6E700EB58
:1012C0004A0A032204251949504528D200EB090C8B
:1012D0006045234619D293F800E0013412FB0E5EFC
:1012E00007EB0E0B17F80EE09BF802309BF801B0ED
:1012F00001EA03234FEACB0B0BF4FC6B43EA0B032D
:1013000043EADE0320F8023BE2E7B8F800309B1B1B
:1013100000EB4300BDF934309B1B1C44D4E7044B65
:10132000186803681B6B984750E700BF00F8FFFF81
:10133000E45E0120DC5E0120F0B40C4611469DF80D
:1013400014501A460F78049B012F4E7838D01FD3C3
:10135000022F4DD1032E4BD8DFE806F002071417F9
:1013600004952046F0BCFFF709BEC06F00283FD0AF
:101370000668CDE90435B5681346AC460A462146F1
:10138000F0BC6047D0F88000F0E7D0F88400EDE7CB
:10139000032E2DD8DFE806F002070E110495204633
:1013A000F0BCFFF705BDC06F10B30668CDE904358A
:1013B000F568E1E7D0F88000F6E7D0F88400F3E7BD
:1013C000032E15D8DFE806F002070E11049520461B
:1013D000F0BCFFF79FBEC06F50B10668CDE9043581
:1013E0003569C9E7D0F88000F6E7D0F88400F3E764
:1013F000F0BC70472DE9F04F87B004460E461068E8
:10140000516802AD17469DF840A0DFF8309203C541
:10141000186804AD596803C502A8F6F721FB3946E0
:1014200004A8F6F761FBBDF91020BDF91230BDF834
:101430000C10BDF9148011FB0321BDF9165004EB0B
:1014400041040E44BDF808100A44ADF81020BDF860
:101450000A201344ADF81230774B18680368DB6A32
:101460009847B9F800B0BDF91230BAF1FF0FBDF9D5
:10147000102005FB0BF50BFB032300EB43004FEAA9
:101480004803009369D000EB450B584580F0CC80B1
:10149000009B3146C3180193019B98424FD211F82B
:1014A000012B002A48D00AFB02F2531C03EB122343
:1014B0001B1241D002889EB2B4F800C0DB43151263
:1014C000DBB24FEA2C2705F0F8054FEAE20E15FBD8
:1014D00003F507F0F807D2000EF0FC0E07FB0657E5
:1014E0004FEAEC05D2B24FEACC0C05F0FC051EFB2E
:1014F00003FEBFB212FB03F25FFA8CFC05FB06E5AC
:1015000007F1010E0CFB062C0EEB17271FFA8CFCC3
:1015100007F4784EADB20CF1010707EB1C27C7F3B7
:10152000C42747EA0E0705F1010E0EEB15256D09DC
:1015300005F4FC652F43078002300234ACE7B9F8AC
:101540000030BDF90C60A3EB0803A6EB080600EB26
:10155000430004EB46040E4497E700EB4505A84220
:1015600062D2009B314600EB030B58454ED211F876
:10157000013B2BB1FF2BB4F800E004D1A0F800E050
:1015800002300234F1E702889FB2DB434FEA2E2C8F
:101590001612DBB20CF0F80C06F0F8064FEAE20A7D
:1015A000D20016FB03F60AF0FC0AD2B20CFB076C61
:1015B0004FEAEE061AFB03FA4FEACE0E1FFA8CFC36
:1015C00006F0FC0612FB03F35FFA8EFE06FB07A68D
:1015D0000CF101020EFB0733B6B29BB202EB1C2CDE
:1015E00006F1010A0CF4784203F1010C0AEB16260D
:1015F0000CEB132C7609CCF3C42C06F4FC664CEAF5
:10160000020C4CEA060CA0F800C0B9E7B9F80030AB
:10161000BDF90C60A3EB0803A6EB080600EB430042
:1016200004EB46040E449AE7034B186803681B6BEF
:10163000984707B0BDE8F08FE45E0120DC5E012032
:101640002DE9F04F89B00746884692469DF84C60D8
:101650009946129C002E48D00846F9F73BFF0546F4
:101660004046F9F76BFFADF80E004046ADF808A014
:10167000ADF80C50ADF80A90FAF71EF80546404652
:10168000FAF74AF882464046FAF79AF810282CD81A
:10169000DFE810F0CA00BA0011002B002B002B006D
:1016A0002B002B002B002B002B00C1002B002B004C
:1016B00080012B007301BC4B18680368DB6B9847F3
:1016C000FF2E01D1830606D53346224602A92846BD
:1016D000FFF7FCF809E04046F9F7B6FF40B92346AA
:1016E00002AA29463846FFF7D7F909B0BDE8F08FBE
:1016F0000DF1180941460DF110084846F9F752FF5F
:1017000099E8030088E8030040462146F0F7CCF949
:101710004046F0F70CFA0028D6D1BDF91230B4F9E2
:101720000220934212DD9B1AB4F90000B4F90410B0
:10173000ADF818002846ADF81A204A46ADF81C103E
:1017400002A9ADF81E303346FFF7C0F8BDF91030DE
:10175000B4F90020934212DD9B1ABDF91200BDF9C5
:101760001610ADF818204A46ADF81A002846ADF814
:101770001C30FF23ADF81E1002A9FFF7A7F843465F
:1017800002AA29463846FFF787F9A2882388BDF8C0
:1017900014101344BDF810200A449BB292B218B240
:1017A00011B2884212DD9B1ABDF91600BDF9126014
:1017B0004A46ADF8181002A9ADF81C30FF23ADF869
:1017C0001E002846ADF81A60FFF780F8E2886388AB
:1017D000BDF816101344BDF812200A449BB292B211
:1017E00018B211B2884280DD9B1AB4F90060B4F9D6
:1017F00004004A46ADF81E30FF23ADF81860ADF87E
:101800001A10ADF81C0061E73346224602A92846AB
:10181000FFF7B2F969E7CDE9004602AB5246294627
:101820003846FFF789FD60E74046F9F70DFF48B9F4
:101830003B6802AA2946CDE900603846DE682346A7
:10184000B04752E70DF1180941460DF1100848461E
:10185000F9F7A8FE99E8030088E80300404621460E
:10186000F0F722F94046F0F762F938B123460096C6
:1018700002AA51462846FFF7BDFD36E73B6802AA9B
:101880002946CDE900603846D3F80CB04346D84726
:10189000BDF91230B4F90220934213DDB4F900000F
:1018A0009B1AB4F90410ADF818002846ADF81A20B8
:1018B00002AAADF81C105146ADF81E304B460096FA
:1018C000FFF798FDBDF91030B4F90020934213DD05
:1018D0009B1ABDF91200BDF91610ADF8182002AA26
:1018E000ADF81A002846ADF81C304B46ADF81E1076
:1018F00051460096FFF77EFDA2882388BDF814109C
:101900001344BDF810200A449BB292B218B211B22F
:10191000884213DD9B1ABDF91600BDF9127002AAA8
:10192000ADF818105146ADF81C304B46ADF81E000E
:1019300028460096ADF81A70FFF75CFDE2886388D0
:10194000BDF816101344BDF812200A449BB292B29F
:1019500018B211B288427FF7C8AEB4F900709B1A72
:10196000B4F90400ADF81E304B46ADF81870ADF870
:101970001A10ADF81C0000967AE7D7F88800002806
:101980003FF4B3AE03680096DE68234602AA2946F8
:10199000B047AAE6D7F8880000283FF4A6AE03684F
:1019A00000969E68F1E700BFE45E012080B1032944
:1019B0001CD8DFE801F0021D081F104B1888C0F387
:1019C0000E00404270470D4B1888C0F30E00704760
:1019D00003290BD801A353F821F000BFF119030824
:1019E000C7190308F5190308BB190308002070473D
:1019F000012070474FF0FF30704700BFDC5E0120D0
:101A000080B103291CD8DFE801F01D021F07104B2D
:101A10001888C0F30E0070470D4B1888C0F30E00F5
:101A20004042704703290BD801A353F821F000BFAF
:101A30000F1A0308491A0308191A0308451A03085C
:101A400000207047012070474FF0FF30704700BF03
:101A5000DC5E01202DE9F04F99B00D9114A9BDF97C
:101A60008840BDF89050BDF89460289FDDF8A8909C
:101A70009DF8B4A081E80C00BDF98C300B939DF863
:101A8000A43010939DF8AC30DDE9262108939DF831
:101A9000B03009934B7B4FEA431808F4807091F8FB
:101AA000068058EA000800F0D0811B01C87903F4D1
:101AB000807303430C9300F0C88191F909309BB205
:101AC000002D00F02D81ED1AADB2290402D5641B62
:101AD000002524B2B2F900009188844283B2B8BFD5
:101AE000ED180B441BB2B8BF2C1B0A93B8BFA5B2AC
:101AF000D388B8BF0446528814A8214613440B9AD1
:101B00001BB20F930C9B0E93B24B93F800B053464D
:101B1000F5F71BFE2146ADF85C0053460B9A14A85E
:101B2000F5F730FE18A921F8020D17A8F5F756FFB2
:101B3000BAF1000F40F0F780BBF1010F40F0FB80DD
:101B4000109B002B40F0A9811FFA88F205B95EB105
:101B500006FB025308983146434303F0070607EBA0
:101B6000D3070C9B5B1A0E930BF1FF314B424B4199
:101B7000514618460C93FFF719FF0C9B83461846F5
:101B8000FFF73EFF0F9903460B98A1EB000A0E9951
:101B90008A45A8BF8A46BAF1000F40F35681641BFC
:101BA0000A990C1B4445D4BFC5EB0405C5EB0805D9
:101BB000002D40F34A81521B08994A430E920D9A18
:101BC000002A40F07681844A0A9310680268D26A3B
:101BD00090470A9B089901228A408049013A0C8863
:101BE000BDF95C10D2B20C92BDF95E2004FB02126A
:101BF0004FEA19244FEA591100EB420201F4FC614B
:101C00000A92C9F307421292E2B211925FFA89F284
:101C1000C9F3C4091092724A22400A434FEA4B01A9
:101C200005FB1B3B42EA09020B460B9192B26B4348
:101C30000F9203EB4B033A7813933241D2B21AF16D
:101C4000FF3AC0F04A81A946DDF8288019F1FF3932
:101C5000C0F033810C9B134054D0FF200C9990FBB3
:101C6000F1F14B43FE2B03DD0999814200F0238102
:101C70000999B8F8004011FB03F312984FEAE40CFD
:101C80009BB20CF0FC0C591C4CEA9C1C01EB13237E
:101C90002112C3F30723E40001F0F8011FFA83FEC9
:101CA000DB4341EA511110FB0EFBDBB21198E4B2A9
:101CB00001FB03B110FB0EFB109844EA541410FB17
:101CC0000EFE89B20CFB03BC04FB03E44B1C1FFAA1
:101CD0008CFCA4B203EB112104F1010B01F4784157
:101CE0000BEB142BCBF3C42B4BEA01010CF1010BD2
:101CF0000BEB1C2B4FEA5B1B0BF4FC6B41EA0B015B
:101D0000A8F80010089B1E44B6B2072E98BF1A41CF
:101D10000B9B85BF7A780026D2B20137984495E7AD
:101D20001C4424B2D6E6BAF1010F7FF409AFBBF12F
:101D3000010F7FF405AF0F9B0B9A991A0C9B9B1B0D
:101D40009942A8BF1946002912917EDD224A1068E7
:101D500011920368DB6B984710F48073129906D0D8
:101D6000089B042B33D1109B003318BF012382053D
:101D70001FFA88FC40F1BA800898082840F0B68025
:101D8000002B65D00CF1010C2CF001039BB24DBB74
:101D900008EB04000A9A904224DC119A89B2BDF83B
:101DA0005EE04FEA5C0C1068BDF85C2004680695A4
:101DB0004FF4807502930595099DCDE90031CDE979
:101DC00003957346A46D06FB0C71A0473DE000230C
:101DD000CDE700BFDA5E0120E45E0120DC5E012079
:101DE00000F8FF00A4EB050E0A9AA2EB0E0EC64502
:101DF000D4BFC5EB0E0EC5EB080EBEF1000F24D00C
:101E0000E8073FF59DAE1EF001007FF499AE119AF0
:101E10006D084FEA5C0CBDF85E80146889B206FB61
:101E20000C56BDF85C20256806904FF48070029334
:101E30001FFA8EF3059009980191B9190093434652
:101E4000CDE903902046AD6DA84719B0BDE8F08FED
:101E5000284A641B06FB085689B21068BDF85EE08C
:101E6000D0F800A006934FF400730191B9190593BF
:101E7000099BCDF808C0BDF85C20CDE903930A9B0F
:101E80001C1B73464445D4BFC5EB0405C5EB0805D0
:101E9000ADB20095DAF8584097E70822089B92FB0C
:101EA000F3F35A1E424492FBF3F212FB03F292B296
:101EB0004CE60D988EE60F9922E70E9B43B11E4427
:101EC000B6B207EBD60706F007063A783241D2B22F
:101ED0000A99139B19440A91B1E60D9B002BB4D1CA
:101EE000044B186803681B6B9847AEE7002B7FF420
:101EF00049AF25E6E45E012038B5154C0546237848
:101F0000BFF35B8FDA070BD4204608F071FD38B1C0
:101F1000204608F089FD0F4A0F49104808F04CFF91
:101F20000F4C2378BFF35B8FDB070BD4204608F000
:101F30005FFD38B1204608F077FD064A09490A4896
:101F400008F03AFF054B6B61074BAB6138BD00BF32
:101F5000C85F012000000020F7DF02089000002089
:101F6000CC5F0120F5DF02089400002038B5154C45
:101F700005462378BFF35B8FDA070BD4204608F0C1
:101F800037FD38B1204608F04FFD0F4A0F49104881
:101F900008F012FF0F4C2378BFF35B8FDB070BD4E5
:101FA000204608F025FD38B1204608F03DFD064AE0
:101FB00009490A4808F000FF054BEB60074B2B610D
:101FC00038BD00BFA05F012000000020FBDF020839
:101FD00068000020A45F0120F9DF02086C000020E7
:101FE00010B50446FFF788FF2046BDE81040FFF714
:101FF000BDBF000038B5154C05462378BFF35B8F95
:10200000DA070BD4204608F0F3FC38B1204608F07C
:102010000BFD0F4A0F49104808F0CEFE0F4C2378F5
:10202000BFF35B8FDB070BD4204608F0E1FC38B12F
:10203000204608F0F9FC064A09490A4808F0BCFEA7
:10204000054B6B62074BAB6238BD00BFD05F012010
:1020500000000020EFDF020898000020D45F01207C
:10206000EDDF02089C00002038B5154C05462378AA
:10207000BFF35B8FDA070BD4204608F0B9FC38B108
:10208000204608F0D1FC0F4A0F49104808F094FE92
:102090000F4C2378BFF35B8FDB070BD4204608F08F
:1020A000A7FC38B1204608F0BFFC064A09490A4897
:1020B00008F082FE054BEB61074B2B6238BD00BF79
:1020C000A85F012000000020F3DF0208700000205C
:1020D000AC5F0120F1DF02087400002010B5044657
:1020E000FFF788FF2046BDE81040FFF7BDBF0000A6
:1020F00038B5154C05462378BFF35B8FDA070BD450
:10210000204608F075FC38B1204608F08DFC0F4AD7
:102110000F49104808F050FE0F4C2378BFF35B8F37
:10212000DB070BD4204608F063FC38B1204608F0EA
:102130007BFC064A09490A4808F03EFE054B6B63E2
:10214000074BAB6338BD00BFE05F012000000020FB
:10215000E7DF0208A8000020E45F0120E5DF0208B5
:10216000AC00002038B5154C05462378BFF35B8FD3
:10217000DA070BD4204608F03BFC38B1204608F0C3
:1021800053FC0F4A0F49104808F016FE0F4C2378F5
:10219000BFF35B8FDB070BD4204608F029FC38B176
:1021A000204608F041FC064A09490A4808F004FEA6
:1021B000054BEB62074B2B6338BD00BFB05F0120BE
:1021C00000000020EBDF020878000020B45F01204F
:1021D000E9DF02087C00002010B50446FFF788FF05
:1021E0002046BDE81040FFF7BDBF000038B5154CD4
:1021F00005462378BFF35B8FDA070BD4204608F03F
:10220000F7FB38B1204608F00FFC0F4A0F49104881
:1022100008F0D2FD0F4C2378BFF35B8FDB070BD4A4
:10222000204608F0E5FB38B1204608F0FDFB064AE1
:1022300009490A4808F0C0FD054B6B65074BAB65C3
:1022400038BD00BFE85F012000000020D7DF020892
:10225000B0000020EC5F0120D5DF0208B4000020B0
:1022600038B5154C05462378BFF35B8FDA070BD4DE
:10227000204608F0BDFB38B1204608F0D5FB0F4AD8
:102280000F49104808F098FD0F4C2378BFF35B8F7F
:10229000DB070BD4204608F0ABFB38B1204608F032
:1022A000C3FB064A09490A4808F086FD054BEB6462
:1022B000074B2B6538BD00BFF05F012000000020F8
:1022C000DBDF0208B8000020F45F0120D9DF02083C
:1022D000BC00002038B5154C05462378BFF35B8F52
:1022E000DA070BD4204608F083FB38B1204608F00B
:1022F0009BFB0F4A0F49104808F05EFD0F4C2378F6
:10230000BFF35B8FDB070BD4204608F071FB38B1BD
:10231000204608F089FB064A09490A4808F04CFDA6
:10232000054B6B64074BAB6438BD00BFB85F012041
:1023300000000020DFDF020880000020BC5F0120D9
:10234000DDDF02088400002038B5154C05462378EF
:10235000BFF35B8FDA070BD4204608F049FB38B196
:10236000204608F061FB0F4A0F49104808F024FD91
:102370000F4C2378BFF35B8FDB070BD4204608F0AC
:1023800037FB38B1204608F04FFB064A09490A4896
:1023900008F012FD054BEB63074B2B6438BD00BF03
:1023A000D85F012000000020E3DF0208A000002029
:1023B000DC5F0120E1DF0208A400002010B5044624
:1023C000FFF714FF2046FFF785FF2046FFF748FF81
:1023D0002046BDE81040FFF7B7BF000038B5154CE8
:1023E00005462378BFF35B8FDA070BD4204608F04D
:1023F000FFFA38B1204608F017FB0F4A0F49104882
:1024000008F0DAFC0F4C2378BFF35B8FDB070BD4AB
:10241000204608F0EDFA38B1204608F005FB064AE0
:1024200009490A4808F0C8FC054B6B66074BAB66C8
:1024300038BD00BFC05F012000000020CFDF0208D0
:1024400088000020C45F0120CDDF02088C0000203E
:1024500038B5154C05462378BFF35B8FDA070BD4EC
:10246000204608F0C5FA38B1204608F0DDFA0F4AD8
:102470000F49104808F0A0FC0F4C2378BFF35B8F86
:10248000DB070BD4204608F0B3FA38B1204608F039
:10249000CBFA064A09490A4808F08EFC054BEB6561
:1024A000074B2B6638BD00BF985F0120000000205D
:1024B000D3DF0208600000209C5F0120D1DF02080A
:1024C0006400002010B50446FFF788FF2046BDE8F1
:1024D0001040FFF7BDBF000038B5154C0546237806
:1024E000BFF35B8FDA070BD4204608F081FA38B1CE
:1024F000204608F099FA0F4A0F49104808F05CFC92
:102500000F4C2378BFF35B8FDB070BD4204608F01A
:102510006FFA38B1204608F087FA064A09490A4896
:1025200008F04AFC054B6B67074BAB6738BD00BF33
:10253000905F012000000020C7DF02085800002043
:10254000945F0120C5DF02085C00002038B5154CFF
:1025500005462378BFF35B8FDA070BD4204608F0DB
:1025600047FA38B1204608F05FFA0F4A0F49104881
:1025700008F022FC0F4C2378BFF35B8FDB070BD4F2
:10258000204608F035FA38B1204608F04DFA064AE0
:1025900009490A4808F010FC054BEB66074B2B670E
:1025A00038BD00BF885F012000000020CBDF02089B
:1025B000500000208C5F0120C9DF02085400002079
:1025C00010B50446FFF788FF2046BDE81040FFF72E
:1025D000BDBF10B50446FFF7F3FF2046FFF772FFBB
:1025E0002046FFF7F9FD2046FFF7FAFC2046FFF7EB
:1025F00075FD2046BDE81040FFF7E0BE38B50B4C36
:1026000005462378BFF35B8FDB070BD4204608F029
:10261000EFF938B1204608F007FA054A054906489F
:1026200008F0CAFB044BEB6738BD00BF7C5F01209C
:1026300000000020C3DF02084800002038B50B4C22
:1026400005462378BFF35B8FDB070BD4204608F0E9
:10265000CFF938B1204608F0E7F9054A05490648A0
:1026600008F0AAFB044BC5F8803038BD805F01201C
:1026700000000020C1DF02084C00002070B50D4DA5
:1026800006460D4C2B78BFF35B8F13F0010F0DD175
:10269000284608F0ADF948B1084B2846236008F0F9
:1026A000C3F9074A2046074908F086FBC6F884406C
:1026B00070BD00BF845F0120FC600120888A04088F
:1026C00000000020BFDF020810B50446FFF796FFA8
:1026D0002046FFF7B3FF2046BDE81040FFF7CEBF0E
:1026E00070B50D4D06460D4C2B78BFF35B8F13F084
:1026F000010F0DD1284608F07BF948B1084B284658
:10270000236008F091F9074A2046074908F054FB76
:10271000C6F8884070BD00BF785F0120F85F0120D7
:10272000A48A040800000020BDDF02082DE9F04F54
:10273000DDE90B45BDF924E0002DBDF928B005FB0E
:102740000E4C9DF834909DF838709DF83C6002EB7B
:102750000C0A0888C0F2B080AB4540F3AD80002C75
:10276000C0F2A880A64540F3A58012F80C2033F8EB
:102770001280621C00F1A380964540F3A080B9F15D
:10278000000F00F09C809AF8012033F812C0013548
:1027900000F19980AB4540F39680002F00F09380C4
:1027A000002CC0F28E80A64540F38B801AF80E20D4
:1027B00033F81250013400F18980A64540F3868039
:1027C000B9F1000F00F08280D6449EF8012033F862
:1027D00012304FEA084428F4FC6819FB07FEC7F1E1
:1027E000100204F0FC64CEF3C70EA2EB090244EA27
:1027F00008084FEA0C442CF4FC6C0EEB420204F087
:10280000FC64CEEB470744EA0C0CCEEB490404FB16
:102810000CF402FB08481A0423F4FC63B4B202F07F
:10282000FC62F64313432A0425F4FC65F6B202F079
:10283000FC620EFB03832A4307FB0232C710530DD1
:1028400007F0FC07520917FB06F703F4FC6322F4B8
:10285000FC621A4393B202121D1202F0F802C00089
:1028600005F0F80512FB06F2C0B205FB0425DA10EC
:1028700010FB06F0DB00ADB202F0FC02DBB202FBA3
:10288000047203FB04006B1C92B280B203EB1525AB
:10289000431C05F4784503EB1023501C00EB122277
:1028A000C3F3C42352092B4302F4FC6213430B808D
:1028B000BDE8F08F80465CE78446804667E7844643
:1028C00065E7054676E70346054682E7034680E767
:1028D0002DE9F04F99B0159209932F9A9DF8CC30BD
:1028E00016900D9350680C9112689DED235ADDED02
:1028F000245A9DED256ADDED2C7A9DED2D7A9DED16
:10290000343ADDED353A9DED364ADDE93013DDE947
:1029100026A500FB031302EB4308329B1B680B93B5
:10292000329B5E680D9B0436DB43DBB20A930C9B43
:10293000002B03DC159B002B40F32582329BB3F95F
:102940000810B3F90C20481E571E099B002B40F3BA
:10295000E3805FEA2A4C4FEA254306D4844504DA33
:10296000002B02DBBB42C0F2D8801CF1010C00F14D
:10297000C9806145C0F2C680013300F1C3809A422C
:10298000C0F2C080DDF824B04746BBF1000F40F331
:10299000E380329A4FEA254C329BCAF30330D2F8D7
:1029A0000CE05FEA2A42C5F303319B6800F1218104
:1029B00003F1FF394A4580F21C81BCF1000FC0F2DF
:1029C00018810EF1FF39CC4580F213811BB20B9CAC
:1029D0000CFB032204EB0209A25C36F812E000288B
:1029E00000F0FE8099F8012036F81220119251B1C2
:1029F00009EB030219F8033036F813300F935378BC
:102A000036F813301293119B10FB01F2129C4FEA1F
:102A1000034C23F4FC6324F4FC64D2100CF0FC6C33
:102A2000C2EB40094CEA030C129B1B0403F0FC634D
:102A300023430A9C534309FB0C334FEA0E4C2EF4FC
:102A4000FC6E0CF0FC6C4CEA0E0EC1F1100CACEB01
:102A5000000C02EB4C0CC2EB41020CFB0E3C0F9B3A
:102A6000180423F4FC6300F0FC60184302FB00C26E
:102A70003888530D520903F4FC63011222F4FC62FE
:102A80004FEAE00E01F0F801C0001A43BDF83430FF
:102A900011FB04F10EF0FC0E92B21EFB04FEC0B25C
:102AA0004FEA222C10FB04F00CF0F80C0CFB031C7A
:102AB000D110D20001F0FC011FFA8CFCD2B201FB54
:102AC00003E102FB030389B29AB20CF1010303EBA9
:102AD0001C2C531C03EB12234A1C0CF4784C02EB05
:102AE0001121C3F3C423490943EA0C0301F4FC6137
:102AF0000B433B80289B02370BF1FF3B9A44299BF9
:102B00001D4442E7289B08F102089A44299B1D4472
:102B1000099B013B099318E723D0099B2898013BA7
:102B200000FB03A000143FF52DAF01398842BFF62A
:102B300029AF299901FB03531B143FF523AF013A39
:102B40009342BFF61FAFDDF824E0BDF83490CDF816
:102B50003880BEF1000F6CDC099B23EAE37408EBBC
:102B600044080C9B002B40F30E81F7EE004A229B99
:102B700035EE035A75EEA35AF0EE672AC4EE856A65
:102B800036EE046AFEEEC82A12EE90AAF0EE472A4C
:102B9000FEEEC82A12EE905A65EEA64A66EE266A46
:102BA00074EEE77A36EEC77AFEEEC87ABEEEC87AE1
:102BB00017EE902AF0EE647A92FBF3F317EE102AE8
:102BC0002893229BB0EE667A92FBF3F329930C9B39
:102BD000159A013B0C93229B08BF13460993A6E666
:102BE00000293FF410AF19F8033036F813300F9373
:102BF00009E712F101093FF57DAF4B45FFF67AAFCA
:102C00001CF101093FF576AFCE45FFF673AF0D9C81
:102C10001BB202920FFA8EF20093334601920B9A86
:102C2000CDE90514CDE903C039461698FFF77EFDBE
:102C300060E7329B4FEA2A4229140B9CB3F9083013
:102C4000CAF3033CC5F3033003FB01210B9A0A448A
:102C5000615C36F81110BCF1000F00F08C805778E1
:102C600036F81740139440B1D718D35C36F81330B8
:102C700010937B7836F813301493139B1CFB00F2EF
:102C8000149C0EF1FF3E1F0423F4FC63D21024F4C5
:102C9000FC6B07F0FC671F43C2EB4C031793149BBC
:102CA000179C1B0403F0FC6343EA0B034FEA014B40
:102CB00021F4FC61534304FB07370BF0FC630A9CCF
:102CC00043EA010BC0F11001109BA1EB0C0C02EBCD
:102CD0004C0CC2EB40020CFB0B774FEA034C23F485
:102CE000FC6B0CF0FC6C4CEA0B0C02FB0C770E9AA4
:102CF000790D12887F0901F4FC6127F4FC670F430A
:102D00001112BBB201F0F801D71011FB04F1181237
:102D1000D20007F0FC0700F0F80017FB04F7D2B26E
:102D200000FB0910D91012FB04F2DB0001F0FC01DA
:102D300080B2DBB201FB097103FB0923421C89B29B
:102D40009BB202EB10204F1C5A1C07EB112100F420
:102D5000784002EB13220E9B4909C2F3C42201F40E
:102D6000FC611043084323F8020B0E93289B9A44FE
:102D7000299B1D44EDE600283FF47FAFD35C36F875
:102D80001330109379E719B0BDE8F08F2DE9F047C3
:102D9000DDE90A48BDF920E0B8F1000FBDF924A033
:102DA00008FB0E479DF830509DF8346002EB070990
:102DB000088867DBC24565DD002C61DBA6455FDD69
:102DC000D25D33F812C0621C5FD496455DDD002DE4
:102DD0005BD099F8012033F8127018F1010858D42B
:102DE000C24556DD002E54D0002C50DBA6454EDDEA
:102DF00019F80E2033F81220013407D4A64505DD5A
:102E000025B1CE449EF8010033F8100015FB06F4FE
:102E10004FEA0C434FEA074E2CF4FC6C03F0FC63C2
:102E2000C4F3C7040EF0FC6E27F4FC6743EA0C0CF5
:102E3000C6F110034EEA0707C4EB46065B1BC4EB62
:102E4000450504EB43037D4303FB0C5C030420F4C2
:102E5000FC6003F0FC631843130422F4FC6203F0EB
:102E6000FC6304FB00C0134306FB0300430D400951
:102E700003F4FC6320F4FC6018430880BDE8F0878D
:102E80008446A0E707468446A7E70746A5E702462B
:102E9000B2E70246BAE72DE9F04F93B0B7EE004A29
:102EA0000F92299A109008915068069312689DED30
:102EB0001D5ADDED1E5A9DED1F6ADDED267A9DED52
:102EC000277ADDED2E2A9DED2F3ADDED303ADDE952
:102ED0002A13DDE9204600FB031302EB43092C9B78
:102EE0001B6807932C9B5F680437089B002B03DC4F
:102EF0000F9B002B40F3B2812C9BB3F90810B3F960
:102F00000C20481E02F1FF3C069B002B40F3A980D9
:102F10005FEA244E4FEA264306D4864504DA002BA6
:102F200002DB6345C0F29E801EF1010E00F18F802E
:102F30007145C0F28C80013300F189809A42C0F261
:102F40008680DDF818B0C846BBF1000F40F3A680BC
:102F50002C9A4FEA264C2C9BC4F30330D2F80CE099
:102F60002214C6F303319B6800F1E38003F1FF3ABA
:102F7000524580F2DE80BCF1000FC0F2DA800EF123
:102F8000FF3AD44580F2D5801BB2079D0CFB03228B
:102F900005EB020AAA5C37F812E0002800F0C080B6
:102FA0009AF8012037F812200B9251B10AEB030274
:102FB0001AF8033037F813300993537837F8133081
:102FC0000C930B9B10FB01F20C9D4FEA034C23F476
:102FD000FC6325F4FC65D2100CF0FC6CC2EB400ADB
:102FE0004CEA030C0C9B1B0403F0FC632B43534380
:102FF0000AFB0C334FEA0E4C2EF4FC6E0CF0FC6C0A
:103000004CEA0E0EC1F1100CACEB000C02EB4C0CB8
:10301000C2EB41020CFB0E3C099B180423F4FC6339
:1030200000F0FC60184302FB00C2530D520903F488
:10303000FC6322F4FC621A43A8F80020229B08F1EA
:1030400002080BF1FF3B1C44239B1E447CE7229BA0
:1030500009F102091C44239B1E44069B013B069375
:1030600052E720D0069B2298013B00FB034000144E
:103070003FF567AF01398842BFF663AF239901FB83
:1030800003631B143FF55DAF013A9342BFF659AF9E
:10309000DDF81880CA46B8F1000F67DC069B23EA0A
:1030A000E37509EB4509089B002B40F3D78035EE0B
:1030B000225A1C9B75EE835AB0EE672AC4EE056A4D
:1030C00036EE236ABEEEC82A12EE104AB0EE472A48
:1030D000BEEEC82A12EE106A65EEA64A66EE266AB1
:1030E00074EEE77A36EEC77AFEEEC87ABEEEC87A9C
:1030F00017EE902AF0EE647A92FBF3F317EE102AA3
:1031000022931C9BB0EE667A92FBF3F32393089B09
:103110000F9A013B08931C9B08BF13460693E4E6F5
:1031200000293FF44EAF1AF8033037F813300993F3
:1031300047E712F1010A81D45345FFF67FAF1CF136
:10314000010A3FF57BAFD645FFF678AF1BB2CDE95C
:10315000022C0FFA8EF200933B460192079ACDE9BA
:10316000040141461098FFF711FE67E72C9B2214DB
:103170003114079DB3F90830C4F3033EC6F303309E
:1031800003FB0121079A0A44695C37F81110BEF16C
:10319000000F5CD092F801C037F81C500D9550B16B
:1031A00002EB030CD35C37F813300A939CF8013020
:1031B00037F813300E930D9B1EFB00F20E9D08F1A5
:1031C000FF384FEA034C23F4FC63D21025F4FC6B68
:1031D0000CF0FC6C4CEA030CC2EB4E0311930E9BFB
:1031E000119D1B0403F0FC6343EA0B034FEA014B00
:1031F00021F4FC61534305FB0C3C0BF0FC6343EAF8
:10320000010BC0F110010A9BA1EB0E0E02EB4E0E5A
:10321000C2EB40020EFB0BCC4FEA034B23F4FC6ED7
:103220000BF0FC6B4BEA0E0E02FB0ECC4FEA5C532C
:103230004FEA5C1C03F4FC632CF4FC6C43EA0C0CBA
:10324000229B1C44239B2AF802CB1E4423E7002820
:10325000B1D0D35C37F813300A93ACE713B0BDE8B4
:10326000F08F2DE9F04F0D8887B0EF1003914FEAF2
:10327000252ABDF94090ED0007F0FC070AF0F80A96
:10328000BDF944B0EDB201979DF850400295019D03
:1032900002992D029DF854E09DF8588045EA0A45B0
:1032A000DDE912060D4306FB0907002E059502EB2A
:1032B000070CC0F2B680B34540F3B3800028C0F2DB
:1032C000AE80814540F3AB80D75D07EB47071F44D5
:1032D000421C00F1A980914540F3A680002C00F02B
:1032E000A3809CF8015005EB45051D44013600F113
:1032F0009F80B34540F39C80BEF1000F00F09880A2
:103300000028C0F29380814540F390801CF809604A
:1033100006EB46061E44013000F18D80814540F3E6
:103320008A80002C00F08780E14499F8012002EBAC
:1033300042021344A4B297F802C01FFA8EFE01990C
:1033400004FB0EFB2401CBEB0E1EC4F58079A4EB2D
:103350000B041FFA8EF0A2B2AC78A9EB00091FFA99
:1033600088FE54436FEA08081FFA89F95FFA88F863
:1033700009FB0C4496F802C01AFB08FA00FB0C4447
:1033800093F802C00BFB0C4C7C783F78CCF3072CF5
:103390000CFB0EAC95F801A02D7802FB0AFA1FFA7F
:1033A0008CFC6A43357809FB04AA747809FB072270
:1033B00000FB04AA5C7800FB05201B780BFB04A42F
:1033C00011FB08FA0BFB030B029BC4F3072413FB4E
:1033D00008F8CBF3072B04FB0EA40CF101030BFB45
:1033E0000E8EA4B21FFA8EFE03EB1C2C04F1010A10
:1033F0000CF478430EF1010C0AEB14240CEB1E2C98
:103400006409CCF3C42C04F4FC644CEA030C039B65
:103410004CEA040CA3F800C007B0BDE8F08F05AF7C
:1034200056E705AD2F4661E705AD5FE705AE72E7EC
:1034300005AB1E467EE705AB7CE72DE9F04F95B066
:10344000129209932B9A9DF8BC3013900F935068F9
:103450000E9112689DED1F5ADDED205A9DED216AF7
:10346000DDED287A9DED297A9DED303ADDED313A9A
:103470009DED324ADDE92C1300FB031302EB4303FD
:103480000A932E9B1B680D932E9B5C680F9B043444
:10349000DB43DBB20B930E9B002B03DC129B002B58
:1034A00040F355822E9BB3F90810B3F90C20481E47
:1034B000551E099B002B40F3F980229E239B361456
:1034C0004FEA234306D4864204DA002B02DBAB42E8
:1034D000C0F2ED80013600F1DA80B142C0F2D7804F
:1034E000013300F1D4809A42C0F2D180099B11933C
:1034F0000A9B0C93119B002B40F3FA802E98239B80
:10350000239AC6681D142298C2F30331229B2E9A77
:103510000014C3F30333926800F13E81571EB84292
:1035200080F23A81002DC0F23781771EBD4280F2D1
:10353000338112B205FB02000D9D15F800A02E1874
:103540000AEB4A0A04EB0A05002B00F0178196F8F3
:1035500001C00CEB4C0CA444002900F01781B018FA
:10356000B25C407802EB420200EB4000224420446F
:103570009BB29CF8027089B295F802B00C9E03FBD6
:1035800001F91B01B6F800E0C9EB0111C3F5807821
:10359000A3EB0903BDF83C6089B214F80AA09BB202
:1035A000A8EB01085F431FFA88F810930B9B08FBF8
:1035B0000B7792F802B001FB0B7790F802B009FB91
:1035C0000B774FEA2E2B0BF0F80BC7F307271BFBEB
:1035D00003FB109B07FB06B795F801B09CF8015060
:1035E0009CF800C0BFB25D430B9B08FB0B5592F8E3
:1035F00001B001FB0B5590F801B009FB0B554FEAE8
:10360000EE0B4FEACE0E0BF0FC0BC5F307255FFA6D
:103610008EFE1BFB03FB109B03FB0CF392F800C018
:1036200005FB06B508FB0A33ADB201FB0C3390F87D
:1036300000C005F1010B09FB0C3C0B9B0BEB1525A6
:103640001EFB03FECCF3072C7B1C6D090CFB06E66E
:1036500003EB172705F4FC65B6B207F47843771C33
:1036600007EB1627C7F3C4271F430C9B3D431D8060
:103670000C9B249A02330C93229B1344259A229389
:10368000239B13442393119B013B119332E7229B0D
:10369000249E3344259E2293239B33442393099BEA
:1036A000013B09930A9B02330A9302E727D0099B47
:1036B0002498013B229D00FB035000143FF516AFF8
:1036C00001398842BFF612AF2599239801FB030305
:1036D0001B143FF50BAF013A9342BFF607AF099BAE
:1036E000BDF83CA011930A9B0C93119B002B70DC3E
:1036F000099B0A9A23EAE37302EB43030A930E9BA6
:10370000002B40F32481F7EE004A1E9B35EE035A4E
:1037100075EEA35AF0EE672AC4EE856A36EE046AA7
:10372000FEEEC82ACDED222AF0EE472AFEEEC82A88
:10373000CDED232A65EEA64A66EE266A74EEE77A98
:1037400036EEC77AFEEEC87ABEEEC87A17EE902A39
:10375000F0EE647A92FBF3F317EE102A24931E9B8B
:10376000B0EE667A92FBF3F325930E9B129A013B1F
:103770000E931E9B08BF134609938CE649B1B25CB9
:10378000284602EB42022244AC46F1E628462A468D
:10379000EEE628462A46F7E7471C3FF569AFBA42EE
:1037A000FFF666AF6F1C3FF563AFBE42FFF660AF3A
:1037B0000F9F36B212B20290019600921398CDE993
:1037C0000517CDE90353DDE90C122346FFF749FD48
:1037D0004EE7239A2398C2F30331229D2E9A0014B8
:1037E0002D14229BB2F90820C3F3033302FB0050CF
:1037F0000D9D15F800902E1809EB490904EB0905F9
:10380000002B00F09680777807EB470727440029C4
:1038100000F09780B018B25C407802EB420200EBF7
:103820004000224420449BB20C9E89B295F802B01D
:10383000B6F800C003FB01F81B01BE78C8EB01110C
:10384000C3F5807EA3EB080314F8099089B29BB2FC
:10385000AEEB010E5E431FFA8EFE10930B9B0EFB28
:103860000B6692F802B001FB0B6690F802B008FB01
:103870000B664FEA2C2B0BF0F80BC6F307261BFB4D
:1038800003FB109B06FB0AB695F801B07D783F78E4
:10389000B6B25D430B9B0EFB0B5592F801B001FBDA
:1038A0000B5590F801B008FB0B554FEAEC0B4FEAB3
:1038B000CC0C0BF0FC0BC5F307255FFA8CFC1BFB53
:1038C00003FB109B7B43177805FB0AB50EFB0933FE
:1038D000ADB201FB0733077805F1010B08FB073791
:1038E0000B9B0BEB15251CFB03FCC7F30727731C75
:1038F0006D0907FB0AC703EB162605F4FC65BFB28A
:103900000C9B06F478467A1C02EB1722C2F3C42201
:103910001643249A2E4323F8026B0C93229B1344E4
:10392000259A2293239B13442393119B013B1193CC
:10393000DBE649B1B25C284602EB420222442F4644
:1039400071E728462A466EE728462A46F7E715B06B
:10395000BDE8F08F2DE9F74F0F88BDF930E03C024C
:10396000BDF934909DF8400004F4780B7C01FF0011
:103970009DF8446004F47C44FFB24BEA0404DDE9A2
:103980000EC5274305FB0ECA002D019702EB0A085E
:103990007EDBA9457CDDBCF1000F77DBE64575DDFC
:1039A00012F80A7007EB47071F441CF1010272D49A
:1039B000964570DD00286ED098F8014004EB440471
:1039C0001C4401356BD4A94569DD002E67D0BCF1DC
:1039D000000F62DBE64560DD18F80E5005EB45058B
:1039E0001D441CF101025DD496455BDD002859D0D1
:1039F000C6449EF8012002EB4202134480B297F8BD
:103A000002E0B2B297F800907F7800FB02F6000166
:103A1000C6EB0212C0F58078801B1FFA82FC82B2CE
:103A2000A078A8EB0C0850431FFA88F808FB0E0E8C
:103A3000A8780CFB00E093F802E006FB0E0E0EF4F3
:103A4000784094F800E002FB0EFE08FB09E995F8C7
:103A500000E00CFB0E9993F800E05B7806FB0E9EED
:103A6000CEF3C42E4EEA000E607850436A7808FB0D
:103A700007000CFB020206FB03235B0903F4FC6353
:103A80004EEA03030B8003B0BDE8F08F01AF8CE773
:103A900001AC274695E701AC93E701ADA1E701AB87
:103AA0001D46ABE701ABA9E72DE9F04F8FB00C92B3
:103AB000259A0D900A915068069312689DED195A47
:103AC000DDED1A5A9DED1B6ADDED227A9DED237A1C
:103AD0009DED2A3ADDED2B3A9DED2C4ADDE92613CA
:103AE000DDE91CB500FB031302EB43030793289B9E
:103AF0001B680893289B5C6804340A9B002B03DC3A
:103B00000C9B002B40F3D581289BB3F90810B3F927
:103B10000C20481E561E069B002B40F3B6805FEA21
:103B20002B474FEA254306D4874204DA002B02DBF9
:103B3000B342C0F2AB80013700F19C80B942C0F2C1
:103B40009980013300F196809A42C0F29380069BDF
:103B50000B93079B09930B9B002B40F3B480289891
:103B60002E14289ACBF30333C7685FEA2B40C5F3C2
:103B70000331926800F1FB8002F1FF3C604580F266
:103B8000F680002EC0F2F38007F1FF3C664580F21C
:103B9000EE8012B206FB0200089E3718305C00EB84
:103BA000400804EB080C002B00F0D3807E7806EB75
:103BB00046062644002900F0D480B818BA5C407844
:103BC00002EB420200EB4000224420449BB2B77853
:103BD00089B29CF802A09CF801C003FB01F91B010B
:103BE000C9EB0111C3F5807EA3EB090389B29BB237
:103BF000AEEB010E5F431FFA8EFE0EFB0A7792F8C2
:103C000002A001FB0A7790F802A009FB0A7A14F8D7
:103C1000087096F8008076780AF4784A03FB08F872
:103C200073430EFB078817780EFB0C3301FB0788E4
:103C3000077809FB0787C7F3C42747EA0A0792F802
:103C400001A001FB0A3190F801A0099B09FB0A1AA7
:103C50004FEA5A1A0AF4FC6A47EA0A071F80099BCE
:103C6000023309931E9B9B441F9B1D440B9B013BEE
:103C70000B9370E71E9B9B441F9B1D44069B013BBF
:103C80000693079B0233079345E723D0069B1E98B4
:103C9000013B00FB03B000143FF559AF01398842E6
:103CA000BFF655AF1F9901FB03531B143FF54FAFF0
:103CB000013A9342BFF64BAF069B0993079B0B93C8
:103CC000099B002B70DC069B079A23EAE37302EB47
:103CD000430307930A9B002B40F3EB80F7EE004A67
:103CE000189B35EE035A75EEA35AF0EE672AC4EE20
:103CF000856A36EE046AFEEEC82A12EE90BAF0EE3D
:103D0000472AFEEEC82A12EE905A65EEA64A66EEE3
:103D1000266A74EEE77A36EEC77AFEEEC87ABEEE11
:103D2000C87A17EE902AF0EE647A92FBF3F317EE5E
:103D3000102A1E93189BB0EE667A92FBF3F31F9342
:103D40000A9B0C9A013B0A93189B08BF13460693E3
:103D5000D3E649B1BA5C604602EB420222446646B1
:103D600034E76046624631E760466246F7E710F1A5
:103D7000010C3FF574AF6245FFF671AF16F1010C0F
:103D80003FF56DAF6745FFF66AAF3FB212B20197DC
:103D90000092CDE90431CDE9020623460D98DDE914
:103DA0000821FFF7D7FD5AE7289A4FEA2B46281437
:103DB000CBF30333B2F90820C5F3033102FB0060F3
:103DC000089E16F80080371808EB480804EB080C2A
:103DD000002B60D07E7806EB46062644002962D090
:103DE000B818BA5C407802EB420200EB4000224473
:103DF00020449BB2B77889B29CF802A09CF801C01D
:103E000003FB01F91B01C9EB0111C3F5807EA3EB94
:103E1000090389B29BB2AEEB010E5F431FFA8EFE1F
:103E20000EFB0A7792F802A001FB0A7790F802A035
:103E300009FB0A7A14F8087096F8008076780AF47C
:103E4000784A03FB08F8734356780EFB0788177807
:103E50000EFB0C3301FB0788077801FB063309FBD7
:103E60000787C7F3C42747EA0A0790F801A009FBB0
:103E70000A3A0B9B4FEA5A1A0AF4FC6A47EA0A0705
:103E800023F8027B0B931E9B9B441F9B1D44099BA5
:103E9000013B099314E749B1BA5C604602EB420268
:103EA00022446646A5E760466246A2E7604662464F
:103EB000F7E70FB0BDE8F08F2DE9F04F85B0DDE9F1
:103EC0001074BDF938C00291002C04FB0C71BDF9CF
:103ED0003C809DF848609DF84C0002EB010EC0F25A
:103EE0002281A04540F31F81002FC0F21A81BC45FA
:103EF00040F31781525C53F822507A1C00F116816E
:103F0000944540F31381002E00F012819EF80120A9
:103F100053F82210013400F10F81A04540F30C81C9
:103F2000002800F00C81002FC0F20481BC4540F352
:103F300001811EF80C2053F82240013700F1028164
:103F4000BC4540F3FF80002E00F0FE80F4449CF856
:103F5000012053F82220B6B280B24FEA116A00FB6A
:103F600006FE36014FEA156BCEEB0010A6EB0E07EE
:103F7000C6F580734FEA146980B2BFB21B1A4FEACC
:103F800012680AFB07F69BB20BFB036600FB09668F
:103F90000EFB0866C6F307260096002E00F0BE80D2
:103FA00005F0FF1C05F47F45029E0BFB0CFC0BFB90
:103FB00005F536884FEA1C2B0CF1011C01950BF01E
:103FC000FF1BDC444FEA1C2C0CF0FF150395019DF0
:103FD00005F5807C0CEB152501F0FF1C01F47F41F9
:103FE0000AFB0CFC4FEA152B0AFB01FA4FEA1C25D1
:103FF0000CF1011C0AF5807105F0FF1501EB1A2A7E
:10400000654404F0FF1C04F47F444FEA1A2A09FBBC
:104010000CFC2D0A09FB04F90AF47F4A4FEA1C2123
:1040200005F0FF1509F580740CF1011C01F0FF117A
:104030007D4304EB192902F0FF1402F47F4261442E
:1040400008FB04F44FEA192908FB02F8090A220ABE
:1040500004F1011401F0FF1107FB0AF702F0FF124F
:10406000144408F58072240A02EB1828039A04F01D
:10407000FF1402FB03554FEA1828009A04FB0E5464
:1040800008F47F48351201FB004105F0F805090AE4
:1040900001F0FF140BF47F4103FB01710EFB081EBE
:1040A00009F47F4100FB01E19DF8500087B2090A45
:1040B0007A4301F47F41531C214303EB12230A0C82
:1040C000C1F307246FEA1323C8B212FB07F214FBF3
:1040D00007F4DBB210FB07F005FB0325F210F60036
:1040E00002F0FC02ADB2F6B202FB034206FB030390
:1040F00094B299B26B1C621C03EB15254B1C02EBAE
:10410000142203EB112305F478455209C3F3C423A9
:1041100002F4FC622B431343029A138005B0BDE8FE
:10412000F08F0025E9E600210D46F3E60021F1E6D7
:104130003146EFE6002400E7002214460BE7024672
:10414000044608E7002206E7324604E72DE9F04F6F
:104150009FB01B920993359A9DF8E4301D901C93F3
:104160005068199112689DED295ADDED2A5A9DED8E
:104170002B6A2D9DDDED327A9DED337A9DED3A3A35
:10418000DDED3B3A9DED3C4ADDE9361300FB0313C0
:1041900002EB43030C93389B1B681293389B5E68B9
:1041A000BDF8703004360D93199B002B03DC1B9B6C
:1041B000002B40F38783389BB3F90810B3F90C2028
:1041C000481E571E099B002B40F394812C9C2B14F6
:1041D0005FEA244C06D4844504DA002B02DBBB42A0
:1041E000C0F289811CF1010C00F177816145C0F2B8
:1041F0007481013300F171819A42C0F26E81099B92
:104200000C9F1A931A9B002B40F393812C9B4FEA2F
:10421000254CC5F30331C3F30332389BD3E9020EB7
:104220002C9B1B1400F1D68100F1FF38434580F22E
:10423000D181BCF1000FC0F2CD810EF1FF38C44531
:1042400080F2C88100B2129C0CFB003304EB03081F
:10425000E35C56F823304FEA136E002A00F0AF817A
:1042600098F801C056F82C400E94240E159479B19C
:1042700008EB000C18F8000056F820000A90000E19
:1042800013909CF8010056F820000F90000E169035
:1042900092B2159889B2139C02FB01F91201C9EB85
:1042A0000111A2EB0908C2F5807289B21FFA88F8E1
:1042B000521A08FB00F092B202FB0E0001FB040050
:1042C000169C09FB0400C0F30720002800F0FA80C8
:1042D000BEF1FF0F1BD003F0FF1A03F47F430EFB68
:1042E0000AFA0EFB03FE4FEA1A230AF1011A0EF531
:1042F000807C03F0FF130CEB1E2C53444FEA1C2C64
:104300001B0A0CF47F4C03F0FF1343EA0C03159CCB
:10431000FF2C21D00E9C04F0FF1B159C04FB0BFB13
:104320000E9C04F47F4A159C4FEA1B2E0BF1011BD7
:1043300004FB0AFA0EF0FF1E0AF5807CDE440CEB4B
:104340001A2A4FEA1E2E4FEA1A2A0EF0FF1E0AF40E
:104350007F4A4EEA0A040E94139CFF2C21D00A9C3B
:1043600004F0FF1B139C04FB0BFB0A9C04F47F4A24
:10437000139C4FEA1B2E0BF1011B04FB0AFA0EF0F3
:10438000FF1E0AF5807CDE440CEB1A2A4FEA1E2E33
:104390004FEA1A2A0EF0FF1E0AF47F4A4EEA0A0478
:1043A0000A94169CFF2C21D00F9C04F0FF1B169C36
:1043B00004FB0BFB0F9C04F47F4A169C4FEA1B2E58
:1043C0000BF1011B04FB0AFA0EF0FF1E0AF5807CBC
:1043D000DE440CEB1A2A4FEA1E2E4FEA1A2A0EF080
:1043E000FF1E0AF47F4A4EEA0A040F940E9C03F063
:1043F000FF1E03F47F4304F0FF1C0A9C08FB0CFC27
:1044000002FB0ECC04F0FF1E0F9C01FB0ECC04F04F
:10441000FF1E0E9C09FB0ECC04F47F4E0D9C08FB86
:104420000EF84FEA1C2C02FB03830A9A0CF0FF1CC7
:1044300002F47F4A0F9A01FB0A3302F47F410D9A7E
:1044400009FB01393B8842434FEA1929501C1912D4
:1044500009F47F4900EB122001F0F8014CEA090C45
:104460006FEA10204FEA1C42CCF3072EC0B212FBB9
:1044700004F25FFA8CFC1EFB04FE01FB0021DA1043
:104480001CFB04FCDB0089B202F0FC02DBB202FB85
:1044900000E203FB00C392B21FFA83FC4B1C03EB48
:1044A00011210CF1010303EB1C2301F47841C3F348
:1044B000C4230B43511C01EB1222520902F4FC628B
:1044C00013433B802E9B02372C9A1A442F9B1D448A
:1044D0001A9B2C92013B1A9394E62E9B2C9C1C4415
:1044E0002F9B1D44099B2C94013B09930C9B023389
:1044F0000C9367E624D0099B2E98013B2C9C00FB73
:10450000034000143FF57BAE01398842BFF677AE19
:104510002F9901FB03531B143FF571AE013A9342EF
:10452000BFF66DAEDDF824B0DDF83090BBF1000FC2
:1045300070DC099B23EAE3740C9B03EB44030C93AC
:10454000199B002B40F3BE81F7EE004A289B35EE05
:10455000035A75EEA35AF0EE672AC4EE856A36EE6A
:10456000046AFEEEC82ACDED2C2AF0EE472AFEEEB4
:10457000C82A12EE905A65EEA64A66EE266A74EED6
:10458000E77A36EEC77AFEEEC87ABEEEC87A17EE44
:10459000902AF0EE647A92FBF3F317EE102A2E9332
:1045A000289BB0EE667A92FBF3F32F93199B1B9A2C
:1045B000013B1993289B08BF13460993F4E5002992
:1045C0003FF466AE18F8000056F820000A90000E7E
:1045D00013905DE613F101083FF574AF4045FFF617
:1045E00071AF1CF101083FF56DAFC645FFF66AAF2C
:1045F0001C9C00B202930FFA8EF300900193334695
:104600001D98CDE90514CDE903C23946129AFFF78A
:1046100053FC57E72C9BC5F303302C9CC3F30332A8
:10462000389B2714129CB3F908102B1401FB037359
:10463000E718E35C56F823304FEA136C002A00F0C9
:10464000378197F801E056F82E401094240E179405
:1046500070B107EB010E795C56F821100B91090E31
:1046600014919EF8011056F821101191090E18911D
:1046700092B2179980B2149C02FB00F81201C8EBA9
:104680000010A2EB080EC2F5807280B21FFA8EFEF7
:10469000121A0EFB01F192B202FB0C1100FB041185
:1046A000189C08FB0411C1F30721002900F0F580D4
:1046B000BCF1FF0F19D003F0FF1A03F47F430CFB8A
:1046C0000AFA0CFB03FC4FEA1A230AF1011A0CF553
:1046D000807703F0FF1307EB1C2753443F0A1B0AA4
:1046E00007F47F4703F0FF133B43179CFF2C20D0B8
:1046F000109C04F0FF17179C6743109C4FEA172C7F
:1047000004F47F4A179C07F101170CF0FF1C04FB0F
:104710000AFABC440AF580774FEA1C2C07EB1A2AE8
:104720000CF0FF1C4FEA1A2A0AF47F4A4CEA0A04EA
:104730001094149CFF2C20D00B9C04F0FF17149CA9
:1047400067430B9C4FEA172C04F47F4A149C07F133
:1047500001170CF0FF1C04FB0AFABC440AF5807731
:104760004FEA1C2C07EB1A2A0CF0FF1C4FEA1A2AFE
:104770000AF47F4A4CEA0A040B94189CFF2C20D0C0
:10478000119C04F0FF17189C6743119C4FEA172CEB
:1047900004F47F4A189C07F101170CF0FF1C04FB7E
:1047A0000AFABC440AF580774FEA1C2C07EB1A2A58
:1047B0000CF0FF1C4FEA1A2A0AF47F4A4CEA0A045A
:1047C0001194109C03F0FF1C03F47F4304F0FF17C7
:1047D0000B9C0EFB07F702FB0C7704F0FF1C119CEF
:1047E00000FB0C7704F0FF1C109C08FB0C7704F412
:1047F0007F4C0D9C0EFB0CFE3F0A02FB03E30B9A61
:1048000007F0FF1702F47F4A119A00FB0A3302F403
:104810007F4CB9F8000008FB0C3C0D9B02124B4387
:104820004FEA1C2C02F0F8020CF47F4C591C47EAAA
:104830000C0701EB13213B0C6FEA1121C7F3072C86
:10484000FFB213FB04F3C9B21CFB04FC02FB0132F0
:10485000C31017FB04F7C00092B203F0FC03C0B210
:1048600003FB01C302F1010C00FB01700CEB1222EF
:1048700080B202F4784C9BB2421C02EB1022C2F3CD
:10488000C42242EA0C0203F1010C0CEB13235B0976
:1048900003F4FC631A43A9F800202E9B09F10209D6
:1048A0002C9A0BF1FF3B1A442F9B2C921D443DE6A2
:1048B00000283FF4DDAE795C56F821100B91090E0B
:1048C0001491D5E61FB0BDE8F08F2DE9F04F89B007
:1048D00001910198BDF948C00088BDF94C800612CD
:1048E0009DF858509DF85C4006F0F8060296C610F8
:1048F000C00006F0FC06C0B203960490DDE9141770
:1049000007FB0C10002F02EB000EC0F20A81B84525
:1049100040F307810029C0F202818C4540F3FF80FB
:10492000125C53F822004A1C00F1FE80944540F3CB
:10493000FB80002D00F0FA809EF8012053F82260E1
:10494000013700F1F780B84540F3F480002C00F007
:10495000F48000290EEB0C02C0F2EA808C4540F393
:10496000E7801EF80C7053F82770013100F1E880E1
:104970008C4540F3E580002D00F0E480527853F838
:1049800022100B0E07F0FF1C4FEA106A0093A4B22E
:10499000ABB200F0FF154FEA166B03FB04F91B01E5
:1049A0000AFB05F54FEA1768A3EB090EC3F5807201
:1049B00000F47F43280A05F1011507F47F4700F052
:1049C000FF100AFB03F308FB07F7C9EB04140544C7
:1049D00008FB0CFCA4B22D0A1FFA8EFE121B05F078
:1049E000FF1092B2059003F5807000EB13234FEA9D
:1049F0001C200CF1011C1B0A00F0FF10069306F0AE
:104A0000FF1306F47F4660440BFB03F30BFB06F633
:104A1000000A1D0A03F1011300F0FF1005F0FF1555
:104A20001D4406F5807303EB162607F580732D0AE7
:104A300003EB172301F0FF1705F0FF15360A1B0AD9
:104A400005FB0EF506F47F4607930B0E01F47F413C
:104A50000EFB06F65F435943059B4FEA172C07F1FF
:104A6000011703FB0255069B0CF0FF1C0EFB0BFE0F
:104A7000BC4401F580774FEA1C2C07EB11210CF0A8
:104A8000FF1C090A0CFB095501F47F4100FB04558A
:104A900003F47F40079B02FB00602D0A02FB0AE241
:104AA00003F47F4309FB010005F0FF1504FB03003D
:104AB000009B04FB0824049A000A09FB0349029B9B
:104AC00000F47F406FEA292905435FFA89F903FB67
:104AD00009F1039B03FB09F302FB09F94A1C581C6B
:104AE00002EB112100EB13202A0C2B0A02EB1122FE
:104AF00003EB10231202DB0002F4784203F4FC63A0
:104B0000134309F1010202EB192905EB1925C5F33D
:104B1000C4051D43019B1D8009B0BDE8F08F002036
:104B200001E7002630460BE7002609E72E4607E797
:104B300000271AE700210F4623E72146274620E7F2
:104B400000211EE729461CE72DE9F04F9BB0189283
:104B5000319A199016915068079312689DED255A65
:104B6000DDED265A9DED276A299DDDED2E7A9DED1E
:104B70002F7A9DED363ADDED373A9DED384ADDE985
:104B8000321300FB031302EB43030A93349B1B68AD
:104B90000F93349B5E680436169B002B03DC189B36
:104BA000002B40F37383349BB3F90810B3F90C2046
:104BB000481E571E079B002B40F38F81289C2B1407
:104BC0005FEA244C06D4844504DA002B02DBBB42A6
:104BD000C0F284811CF1010C00F172816145C0F2C8
:104BE0006F81013300F16C819A42C0F26981079BA9
:104BF0000A9F1793179B002B40F38E81289B4FEA47
:104C0000254CC5F30330C3F30332349BD3E9021EB2
:104C1000289B1B1400F1D18101F1FF38434580F23C
:104C2000CC81BCF1000FC0F2C8810EF1FF38C44541
:104C300080F2C38109B20F9C0CFB013304EB030823
:104C4000E35C56F823304FEA136E002A00F0AA8185
:104C500098F801C056F82C400B94240E129478B1A9
:104C600008EB010C18F8011056F821100891090EF4
:104C700010919CF8011056F821100C91090E139117
:104C800092B2129980B2109C02FB00F91201C9EB9A
:104C90000010A2EB0908C2F5807280B21FFA88F8F2
:104CA000121A08FB01F192B202FB0E1100FB041173
:104CB000139C09FB0411C1F30721002900F0F580C2
:104CC000BEF1FF0F1BD003F0FF1A03F47F430EFB6E
:104CD0000AFA0EFB03FE4FEA1A230AF1011A0EF537
:104CE000807C03F0FF130CEB1E2C53444FEA1C2C6A
:104CF0001B0A0CF47F4C03F0FF1343EA0C03129CD5
:104D0000FF2C21D00B9C04F0FF1B129C04FB0BFB1F
:104D10000B9C04F47F4A129C4FEA1B2E0BF1011BE3
:104D200004FB0AFA0EF0FF1E0AF5807CDE440CEB51
:104D30001A2A4FEA1E2E4FEA1A2A0EF0FF1E0AF414
:104D40007F4A4EEA0A040B94109CFF2C21D0089C49
:104D500004F0FF1B109C04FB0BFB089C04F47F4A2F
:104D6000109C4FEA1B2E0BF1011B04FB0AFA0EF0FC
:104D7000FF1E0AF5807CDE440CEB1A2A4FEA1E2E39
:104D80004FEA1A2A0EF0FF1E0AF47F4A4EEA0A047E
:104D90000894139CFF2C21D00C9C04F0FF1B139C47
:104DA00004FB0BFB0C9C04F47F4A139C4FEA1B2E64
:104DB0000BF1011B04FB0AFA0EF0FF1E0AF5807CC2
:104DC000DE440CEB1A2A4FEA1E2E4FEA1A2A0EF086
:104DD000FF1E0AF47F4A4EEA0A040C940B9C03F06F
:104DE000FF1E03F47F43C94304F0FF1C089C08FB2B
:104DF0000CFC02FB0ECC04F0FF1E0C9C00FB0ECC46
:104E000004F0FF1E0B9C09FB0ECC04F47F4E08FB44
:104E10000EF84FEA1C2C5FFA81FE02FB0383089A0E
:104E2000B7F800800CF0FF1C02F47F4A0C9A4FEA9E
:104E3000C80100FB0A3302F47F404FEA282209FB35
:104E400000394FEAE80002F0F802C9B24FEA192926
:104E500000F0FC0002FB0EF209F47F4900FB0EF0AB
:104E6000531C01FB0EF14CEA090C03EB12224FEA32
:104E70001C4303EB1223604ADBB202EA0322431C09
:104E800003EB10204FEA1C2303EB1023DB0003F499
:104E9000FC6313434A1C02EB11210CEB112CCCF3E5
:104EA000C40C4CEA030CA7F800C02A9B0237289ACE
:104EB0001A442B9B1D44179B2892013B179399E69C
:104EC0002A9B289C1C442B9B1D44079B2894013B38
:104ED00007930A9B02330A936CE624D0079B2A9817
:104EE000013B289C00FB034000143FF580AE0139D4
:104EF0008842BFF67CAE2B9901FB03531B143FF590
:104F000076AE013A9342BFF672AEDDF81CB0DDF822
:104F10002890BBF1000F71DC079B23EAE3740A9B26
:104F200003EB44030A93169B002B40F3AF81F7EE8B
:104F3000004A249B35EE035A75EEA35AF0EE672A19
:104F4000C4EE856A36EE046AFEEEC82ACDED282A44
:104F5000F0EE472AFEEEC82A12EE905A65EEA64AF7
:104F600066EE266A74EEE77A36EEC77AFEEEC87A07
:104F7000BEEEC87A17EE902AF0EE647A92FBF3F355
:104F800017EE102A2A93249BB0EE667A92FBF3F375
:104F90002B93169B189A013B1693249B08BF13462C
:104FA0000793F9E500283FF46BAE18F8011056F8A6
:104FB00021100891090E109162E613F101083FF5E6
:104FC00074AF4145FFF671AF1CF101083FF56DAFBD
:104FD000C645FFF66AAF09B2CDE9023C0FFA8EF37F
:104FE0000091394601933346CDE904200F9A199870
:104FF000FFF76BFC59E700BF00F8FFFF289BC5F3E4
:105000000330289CC3F30332349B27140F9CB3F95D
:1050100008102B1401FB0373E718E35C56F82330E8
:105020004FEA136C002A00F0278197F801E056F848
:105030002E400D94240E149470B107EB010E795C90
:1050400056F821100991090E11919EF8011056F899
:1050500021100E91090E159192B2119C80B202FBA3
:1050600000F81201C8EB0010A2EB080EC2F5807127
:10507000149A80B21FFA8EFE091A0EFB02F289B250
:1050800001FB0C2200FB0422159C08FB0422C2F346
:105090000722002A00F0E580BCF1FF0F19D003F0D1
:1050A000FF1A03F47F430CFB0AFA0CFB03FC4FEAE4
:1050B0001A230AF1011A0CF5807703F0FF1307EBAE
:1050C0001C2753443F0A1B0A07F47F4703F0FF13D2
:1050D0003B43149CFF2C20D00D9C04F0FF17149C24
:1050E00067430D9C4FEA172C04F47F4A149C07F188
:1050F00001170CF0FF1C04FB0AFABC440AF5807788
:105100004FEA1C2C07EB1A2A0CF0FF1C4FEA1A2A54
:105110000AF47F4A4CEA0A040D94119CFF2C20D01B
:10512000099C04F0FF17119C6743099C4FEA172C58
:1051300004F47F4A119C07F101170CF0FF1C04FBDB
:105140000AFABC440AF580774FEA1C2C07EB1A2AAE
:105150000CF0FF1C4FEA1A2A0AF47F4A4CEA0A04B0
:105160000994159CFF2C20D00E9C04F0FF17159C71
:1051700067430E9C4FEA172C04F47F4A159C07F1F5
:1051800001170CF0FF1C04FB0AFABC440AF58077F7
:105190004FEA1C2C07EB1A2A0CF0FF1C4FEA1A2AC4
:1051A0000AF47F4A4CEA0A040E940D9C03F0FF1C9B
:1051B00003F47F43D24304F0FF17099CD2B20EFBE5
:1051C00007F701FB0C7704F0FF1C0E9C00FB0C772B
:1051D00004F0FF1C0D9C08FB0C7704F47F4C0EFBC5
:1051E0000CFE3F0A01FB03E3099907F0FF1701F4E6
:1051F0007F4A0E9900FB0A3301F47F4C08FB0C3CFC
:10520000B9F800301812D9104FEA1C2C00F0F80041
:10521000DB0001F0FC0150430CF47F4CDBB2514346
:1052200047EA0C075343421C02EB10203A0C02EBF6
:105230001020184AC0B202EA00204A1C02EB1121D9
:105240003A0A02EB1121C90001F4FC610143581C28
:1052500000EB132007EB1027C7F3C4000843A9F89D
:1052600000002A9B09F10209289A0BF1FF3B1A441E
:105270002B9B28921D444CE600283FF4EDAE795C50
:1052800056F821100991090E1191E5E61BB0BDE811
:10529000F08F00BF00F8FFFF2DE9F04F85B0DDE98A
:1052A0001070BDF938600028039100FB0674BDF949
:1052B0003CB09DF8481002EB44059DF84CE003EB30
:1052C00004090195C0F25081834540F34D81002FC0
:1052D000C0F24681BE4240F3438113F804C032F865
:1052E00014304FF61F044FEAEC0223F4FC6503F47C
:1052F000FC6355430CFB03F204EA551305F6010564
:105300001D4402F1200303EB122304EA55141B0A87
:1053100003F4FC631C437B1C00F12B819E4240F391
:105320002881002900F02881019A99F801305588D8
:105330004FEAE30825F4FC6205F4FC6508FB02F87B
:105340004FF61F025D4302EA581A08F60108D044DE
:1053500005F1200A0AEB152502EA58122D0A05F478
:10536000FC652A43013000F10D81834540F30A8139
:10537000BEF1000F00F00B81002FC0F20081BE4291
:1053800040F3FD8001984FF61F0B19F8065030F8D6
:1053900016804FEAE50A28F4FC6008F4FC680AFB72
:1053A00000FA05FB08F80BEA5A100AF6010A8244D3
:1053B00008F1200000EB18200BEA5A1B000A00F449
:1053C000FC604BEA000B013700F1E680BE4240F37F
:1053D000E380002900F0E3800136019819F8067097
:1053E00030F816004FEAE70920F4FC6600F4FC6090
:1053F00009FB06F907FB00F84FF61F0000EA591AEF
:1054000009F60109D14400EA591608F1200000EB21
:105410001820000A00F4FC6030438EB21FFA8EF9A7
:105420004FEA044A24F4FC6406FB09F836010AF04A
:10543000FC6AC8EB091901964AEA04044FEA024AD9
:105440001FFA89F622F4FC6211FB0EF90AF0FC6ADD
:1054500002962646C9F3C709CEF110044AEA0202B1
:105460004FEA004A641AC9EB41010AF0FC6A20F4D1
:10547000FC604A4309EB44044AEA0000039904FB38
:105480000624029EC9EB4E0E09FB00424FEA0B4474
:105490002BF4FC6B088804F0FC649DF8501044EA7F
:1054A0000B0B019C89B2C4F580740EFB0B2EA41B60
:1054B000019E4FEA5E52A6EB0806A4B24FEA5E1EBA
:1054C00002F4FC62B6B22EF4FC6E734342EA0E0E96
:1054D0000CFB0433029C1FFA8EF204FB0535D4103A
:1054E00008FB0757151204F0FC04D200C7F3072786
:1054F00005F0F805D2B24F437B1C03EB17270312CC
:105500006FEA172703F0F803FFB213FB07F305FB5D
:105510000135C31003F0FC03ADB213FB07F304FB2A
:105520000134C300DBB2A4B213FB07F302FB013169
:105530006B1C621C89B203EB15254B1C02EB142477
:1055400005F47845039A03EB11236409C3F3C423DC
:1055500004F4FC642B432343138005B0BDE8F08FB3
:105560004FF0000C6446D6E600239C461A461C46C3
:10557000F8E600231A46F5E60B460A46F2E6002551
:10558000AB4620E700273D463846BB4645E7774611
:1055900075467046F34640E7002738463DE70F461C
:1055A00008463AE72DE9F04F97B0149208932D9AE8
:1055B0009DF8C430159012935068119112689DEDBA
:1055C000215ADDED225A9DED236ADDED2A7A9DED0B
:1055D0002B7A9DED323ADDED333A9DED344ADDE92B
:1055E0002E1300FB031302EB43030993309B1B684C
:1055F0000B93309B5B680C93BDF848300A93119B6A
:10560000002B03DC149B002B40F3CD83309BB3F9BC
:105610000810B3F90C20481E551E089B002B40F3C0
:10562000A581249E259B36144FEA234306D4864247
:1056300004DA002B02DBAB42C0F29981013600F1A3
:105640008681B142C0F28381013300F180819A42A8
:10565000C0F27D81089B4FF61F06099F1393139B91
:10566000002B40F3A681259B249D1814249B2D1408
:10567000C3F30331259BC3F3033C309BD3E90223DF
:1056800000F1FA8102F1FF3E754580F2F5810028B4
:10569000C0F2F28103F1FF3E704580F2ED8112B25B
:1056A0000C9B1FFA81FE00FB02504FEA0E1503EB24
:1056B000000A13F80090C5F580739AF801809BB238
:1056C000BCF1000F00F0BB811AF802400AEB020B9C
:1056D0001FFA8CFA0D940AFB0EFE9BF80140CEEBEC
:1056E0000A1AA5EB0E050E941FFA8AFA0D9CADB2AC
:1056F000A3EB0A0308FB05F59BB209FB03530AFB66
:1057000004330E9C0EFB0433C3F30723002B00F07D
:1057100011810B9CB9F1FF0F04EB400534F8100028
:1057200000F0928120F4FC6E4FEAE90A00F4FC607C
:105730000AFB0EFE09FB00F006EA5E190EF6010EEA
:1057400000F1200BCE440BEB102906EA5E1E4FEA57
:10575000192909F4FC694EEA0909B8F1FF0F6888B4
:1057600019D020F4FC6E4FEAE80A00F4FC600AFB52
:105770000EFE08FB00F806EA5E100EF6010E08F1B8
:10578000200B86440BEB182006EA5E1E000A00F48C
:10579000FC604EEA00004FEA094E29F4FC694FEA2A
:1057A000004A20F4FC600EF0FC6E0AF0FC6A4EEA3F
:1057B00009094AEA0000BCF1000F00F0478102F13C
:1057C00000420D9C013AFF2C4FEA420202F1020214
:1057D00005EB020EAA5A18D022F4FC6502F4FC6212
:1057E0004FEAE40804FB02FA08FB05F80AF1200579
:1057F00006EA581208F6010805EB1A2542442D0A5C
:1058000006EA521205F4FC652A430E9CBEF80250CB
:10581000FF2C1AD025F4FC6E05F4FC654FEAE40871
:1058200004FB05FA08FB0EF80AF1200E06EA5815EB
:1058300008F601080EEB1A2E45444FEA1E2E06EA22
:1058400055150EF4FC6E45EA0E051CFB01FECCF16D
:1058500010084FEA024A22F4FC624FEAEE0EA8EB6F
:1058600001084FEA054B0AF0FC6ACEEB410125F432
:10587000FC650EEB48084AEA02024143CEEB4C0CB1
:105880000BF0FC6B09FB08114BEA05050CFB021140
:105890000EFB051E4FEA5E524FEA5E1E02F4FC62EA
:1058A0002EF4FC6E42EA0E0E1FFA8EF2FF2B03D18D
:1058B0001299FF2900F0DE800A99151238884B43AF
:1058C00005F0F8050A9C03F1010C0CEB23236FEAA9
:1058D00023235FFA83FC031203F0F80313FB0CF39A
:1058E00005FB0135C310D11003F0FC03D20001F019
:1058F000FC01ADB213FB0CF3D2B201FB0431C300C7
:10590000DBB289B213FB0CF302FB04339AB26B1CBB
:1059100003EB1525531C03EB12234A1C05F47845B1
:1059200002EB1121C3F3C42349092B4301F4FC61A9
:105930000B433B80249B0237269A1344259A2493D9
:10594000279B1A44139B013B2592139387E6249BC4
:10595000269E259C33442493279B1C44089B013B93
:1059600025940893099B0233099356E628D0089B97
:105970002698013B249D00FB035000143FF56AAEBE
:1059800001398842BFF666AE2799259801FB0303CB
:105990001B143FF55FAE013A9342BFF65BAE089B26
:1059A0004FF61F06DDF824E01393139B002B00F342
:1059B0008280089B23EAE374099B03EB4403099369
:1059C000119B002B40F3EF81F7EE004A209B35EE50
:1059D000035A75EEA35AF0EE672AC4EE856A36EED6
:1059E000046AFEEEC82ACDED242AF0EE472AFEEE28
:1059F000C82ACDED252A65EEA64A66EE266A74EE23
:105A0000E77A36EEC77AFEEEC87ABEEEC87A17EEAF
:105A1000902AF0EE647A92FBF3F317EE102A2693A5
:105A2000209BB0EE667A92FBF3F32793119B149AB6
:105A3000013B1193209B08BF13460893DFE508FB49
:105A400005F509FB03535FE6814686E6C1F11002C6
:105A5000414309FB02194FEA49094FEA59524FEAFB
:105A6000591902F4FC6229F4FC6942EA09091FFA97
:105A700089F21BE73A805DE715F1010E3FF55AAF59
:105A80007245FFF657AF10F1010E3FF553AF734566
:105A9000FFF650AF129C1BB212B202950193009216
:105AA000CDE90301CDE905C4DDE90B23394615989D
:105AB000FFF7F2FB3EE7249BC3F30332259BC3F3BE
:105AC0000335309B1FFA82FCB3F90810259B4FEA7F
:105AD0000C101F14249B1B1401FB07370C9B03EBBA
:105AE000070A13F80790C0F580739AF801809BB2FB
:105AF000002D00F03D811AF801400AEB010B1FFA5E
:105B000085FA0F940AFB0CFC9BF80140CCEB0A1AB7
:105B1000A0EB0C0010941FFA8AFA80B2A3EB0A03E0
:105B200008FB00F09BB209FB03030F980AFB00334C
:105B30000CFB0433C3F30723002B00F00B810B98FD
:105B4000B9F1FF0F0B9C00EB470034F8177000F021
:105B5000148127F4FC6C4FEAE90A07F4FC670AFB9E
:105B60000CFC09FB07F706EA5C190CF6010C07F1BF
:105B7000200BCC440BEB172906EA5C1C4FEA1929D1
:105B800009F4FC694CEA0909B8F1FF0F478819D0FC
:105B900027F4FC6C4FEAE80A07F4FC670AFB0CFCEC
:105BA00008FB07F806EA5C170CF6010C08F1200B5D
:105BB000BC440BEB182706EA5C1C3F0A07F4FC67A1
:105BC0004CEA07074FEA094C29F4FC694FEA074AF7
:105BD00027F4FC670CF0FC6C0AF0FC6A4CEA09093B
:105BE0004AEA0707002D00F0CA8001F1004101399F
:105BF0004900023100EB010C415A0F98FF2819D0DF
:105C000021F4FC600F9C01F4FC614FEAE40804FB02
:105C100001FA08FB00F80AF1200006EA581108F61C
:105C2000010800EB1A204144000A06EA511100F471
:105C3000FC600143109CBCF80200FF2C1AD020F439
:105C4000FC6C00F4FC604FEAE40804FB00FA08FB7B
:105C50000CF80AF1200C06EA581008F601080CEBC3
:105C60001A2C40444FEA1C2C06EA50100CF4FC6C31
:105C700040EA0C0015FB02FCC5F110084FEA014A8E
:105C800021F4FC614FEAEC0CA8EB02084FEA004B50
:105C90000AF0FC6ACCEB420220F4FC600CEB4808F2
:105CA0004AEA01017A43CCEB45050BF0FC6B09FB9A
:105CB00008224BEA000005FB01220CFB0022570DD5
:105CC000520907F4FC6722F4FC623A43FF2B92B2BC
:105CD00002D11299FF2963D00A981512BEF800105C
:105CE00043430A9CCF1005F0F805581C07F0FC0749
:105CF00000EB232308126FEA2323C90000F0F80009
:105D0000DBB2C9B210FB03F011FB03F105FB040584
:105D1000D01017FB03F7D200ADB200F0FC00D2B2F6
:105D200000FB04706B1C02FB041203EB152592B2FE
:105D300080B205F47845571C07EB1227C7F3C42738
:105D40003D43471C07EB10277F0907F4FC673D43E1
:105D5000AEF80050249B0EF1020E269A1344259AA9
:105D60002493279B1A44139B013B259213931CE613
:105D700008FB00F009FB0303DCE6B94604E7C2F1C7
:105D800010017A4309FB01294FEA49094FEA5950AA
:105D90004FEA591200F4FC6022F4FC62024395E7DA
:105DA000AEF80020D6E717B0BDE8F08F2DE9F04F30
:105DB00085B0DDE91070BDF938600028039100FB63
:105DC0000674BDF93CB09DF8481003EB44059DF8FE
:105DD0004CE002EB04090195C0F24181834540F398
:105DE0003E81002FC0F23781BE4240F3348112F869
:105DF00004C033F814304FF61F044FEAEC0223F4CA
:105E0000FC6503F4FC6355430CFB03F204EA5513F1
:105E100005F601051D4402F1200303EB122304EAF9
:105E200055141B0A03F4FC631C437B1C00F11C810A
:105E30009E4240F31981002900F01981019A99F8D6
:105E4000013055884FEAE30825F4FC6205F4FC654F
:105E500008FB02F84FF61F025D4302EA581A08F6E3
:105E60000108D04405F1200A0AEB152502EA581270
:105E70002D0A05F4FC652A43013000F1FE808345BC
:105E800040F3FB80BEF1000F00F0FC80002FC0F259
:105E9000F180BE4240F3EE8001984FF61F0B19F8D7
:105EA000065030F816804FEAE50A28F4FC6008F442
:105EB000FC680AFB00FA05FB08F80BEA5A100AF620
:105EC000010A824408F1200000EB18200BEA5A1B5B
:105ED000000A00F4FC604BEA000B013700F1D780A8
:105EE000BE4240F3D480002900F0D48001360198EE
:105EF00019F8067030F816004FEAE70920F4FC663E
:105F000000F4FC6009FB06F907FB00F84FF61F00E0
:105F100000EA591A09F60109D14400EA591608F1B4
:105F2000200000EB1820000A00F4FC6030438EB221
:105F30001FFA8EF94FEA044A24F4FC6406FB09F8C0
:105F400036010AF0FC6AC8EB091901964AEA040412
:105F50004FEA024A1FFA89F622F4FC6211FB0EF99D
:105F60000AF0FC6A02962646C9F3C709CEF110046E
:105F70004AEA02024FEA004A641AC9EB41010AF0F8
:105F8000FC6A20F4FC604A4309EB44044AEA00003E
:105F9000C9EB4E0E04FB0624039909FB00424FEAAD
:105FA0000B4401982BF4FC6B04F0FC640988C0F5E9
:105FB000807044EA0B0B029C001B019C0EFB0B2E15
:105FC000A4EB080680B24FEA5E52B6B24FEA5E1EFC
:105FD00002F4FC6273432EF4FC6E0CFB0033029857
:105FE00042EA0E0E00FB05350B12C81008FB0757DE
:105FF00003F0F803C90000F0FC006FEA27271FFA3E
:106000008EF2C9B2FFB27B4378434F43591C01EB78
:106010001321131223F0070303EB1123411C01EB9F
:106020001020D1101B0221F00301D20003F47843A9
:1060300001EB1021C90001F4FC610B43791C01EB59
:10604000172702EB1722C2F3C4021A43039B1A80DC
:1060500005B0BDE8F08F4FF0000C6446E5E6002384
:106060009C461A461C4607E700231A4604E70B46DF
:106070000A4601E70025AB462FE700273D46384694
:10608000BB4654E7774675467046F3464FE7002710
:1060900038464CE70F46084649E700002DE9F04F27
:1060A00093B01092299A11900E915068069312683D
:1060B0009DED1D5ADDED1E5A9DED1F6ADDED267A20
:1060C0009DED277A9DED2E3ADDED2F3A9DED304A7C
:1060D000DDE92A1300FB031302EB430307932C9B18
:1060E0001B6808932C9B5B6809930E9B002B03DCB9
:1060F000109B002B40F3B6832C9BB3F90810B3F927
:106100000C20481E551E069B002B40F36581209EE7
:10611000219B36144FEA234306D4864204DA002B2F
:1061200002DBAB42C0F25981013600F14681B14237
:10613000C0F24381013300F140819A42C0F23D81B7
:10614000069B4FF61F06079F0F930F9B002B40F3F4
:106150006681219B209D1814209B2D14C3F30331CD
:10616000219BC3F3033C2C9BD3E9022300F1F08174
:1061700002F1FF3E754580F2EB810028C0F2E88114
:1061800003F1FF3E704580F2E38112B2099B1FFAD2
:1061900081FE00FB02504FEA0E1503EB000A13F8D4
:1061A0000090C5F580739AF801809BB2BCF1000F96
:1061B00000F07B811AF802400AEB020B1FFA8CFAFE
:1061C0000A940AFB0EFE9BF80140CEEB0A1AA5EBDF
:1061D0000E050B941FFA8AFA0A9CADB2A3EB0A03D0
:1061E00008FB05F59BB209FB03530AFB04330B9C28
:1061F0000EFB0433C3F30723002B00F0D180089C6F
:10620000B9F1FF0F04EB400534F8100000F05281A3
:1062100020F4FC6E4FEAE90A00F4FC600AFB0EFE73
:1062200009FB00F006EA5E190EF6010E00F1200BE4
:10623000CE440BEB102906EA5E1E4FEA192909F439
:10624000FC694EEA0909B8F1FF0F688819D020F4FB
:10625000FC6E4FEAE80A00F4FC600AFB0EFE08FB45
:1062600000F806EA5E100EF6010E08F1200B8644D7
:106270000BEB182006EA5E1E000A00F4FC604EEAF2
:1062800000004FEA094E29F4FC694FEA004A20F465
:10629000FC600EF0FC6E0AF0FC6A4EEA09094AEA5C
:1062A0000000BCF1000F00F0078102F100420A9CDF
:1062B000013AFF2C4FEA420202F1020205EB020E04
:1062C000AA5A18D022F4FC6502F4FC624FEAE408F2
:1062D00004FB02FA08FB05F80AF1200506EA581249
:1062E00008F6010805EB1A2542442D0A06EA521267
:1062F00005F4FC652A430B9CBEF80250FF2C1AD013
:1063000025F4FC6E05F4FC654FEAE40804FB05FA8D
:1063100008FB0EF80AF1200E06EA581508F60108E7
:106320000EEB1A2E45444FEA1E2E06EA55150EF4C2
:10633000FC6E45EA0E051CFB01FECCF110084FEA8D
:10634000024A22F4FC624FEAEE0EA8EB01084FEA83
:10635000054B0AF0FC6ACEEB410125F4FC650EEB1F
:1063600048084AEA02024143CEEB4C0C0BF0FC6BAE
:1063700009FB08114BEA05050CFB02110EFB051E7B
:106380004FEA5E524FEA5E1E02F4FC622EF4FC6E8F
:1063900042EA0E0E1FFA8EF2FF2B40F0A1803A80E7
:1063A000209B0237229A1344219A2093239B1A445C
:1063B0000F9B013B21920F93C7E6209B229E219CBD
:1063C00033442093239B1C44069B013B219406935A
:1063D000079B0233079396E628D0069B2298013B41
:1063E000209D00FB035000143FF5AAAE01398842FE
:1063F000BFF6A6AE2399219801FB03031B143FF5BA
:106400009FAE013A9342BFF69BAE069B4FF61F0626
:10641000DDF81CE00F930F9B002B00F3B680069B6A
:1064200023EAE374079B03EB440307930E9B002BC3
:1064300040F31882F7EE004A1C9B35EE035A75EEC6
:10644000A35AF0EE672AC4EE856A36EE046AFEEEC1
:10645000C82ACDED202AF0EE472AFEEEC82ACDED5F
:10646000212A65EEA64A66EE266A74EEE77A36EED3
:10647000C77AFEEEC87ABEEEC87A17EE902AF0EE22
:10648000647A92FBF3F317EE102A22931C9BB0EE72
:10649000667A92FBF3F323930E9B109A013B0E93C3
:1064A0001C9B08BF134606931FE608FB05F509FB76
:1064B00003539FE68146C6E6C1F11002414309FB42
:1064C00002194FEA49094FEA59524FEA591902F4A1
:1064D000FC6229F4FC6942EA09091FFA89F25BE7C8
:1064E000B7F800C0DB434FEA2C205FFA83FE00F0D0
:1064F000F8004FEAEC054FEACC0300FB0EF005F084
:10650000FC05DBB2411C05FB0EF503FB0EF301EBB2
:106510001020111221F0070101EB1021D348C9B25C
:1065200000EA0120691C01EB1525D110D20021F0F1
:10653000030101EB1521C90001F4FC610143581C62
:1065400000EB132302EB1322C2F3C4020A4326E733
:1065500015F1010E3FF524AF7245FFF621AF10F1A2
:10656000010E3FF51DAF7345FFF61AAF1BB212B215
:1065700001930092CDE9041CCDE90250DDE9083217
:1065800039461198FFF712FC0AE7209BC3F3033248
:10659000219BC3F303352C9B1FFA82FCB3F908102F
:1065A000219B4FEA0C101F14209B1B1401FB073783
:1065B000099B03EB070A13F80790C0F580739AF85C
:1065C00001809BB2002D00F0FE801AF801400AEB1A
:1065D000010B1FFA85FA0C940AFB0CFC9BF8014096
:1065E000CCEB0A1AA0EB0C000D941FFA8AFA80B2C9
:1065F000A3EB0A0308FB00F09BB209FB03030C9812
:106600000AFB00330CFB0433C3F30723002B00F019
:10661000CC800898B9F1FF0F089C00EB470034F8D4
:10662000177000F0D58027F4FC6C4FEAE90A07F4F4
:10663000FC670AFB0CFC09FB07F706EA5C190CF681
:10664000010C07F1200BCC440BEB172906EA5C1C6C
:106650004FEA192909F4FC694CEA0909B8F1FF0F5E
:10666000478819D027F4FC6C4FEAE80A07F4FC6766
:106670000AFB0CFC08FB07F806EA5C170CF6010C99
:1066800008F1200BBC440BEB182706EA5C1C3F0A00
:1066900007F4FC674CEA07074FEA094C29F4FC6948
:1066A0004FEA074A27F4FC670CF0FC6C0AF0FC6A1E
:1066B0004CEA09094AEA0707002D00F08B8001F136
:1066C000004101394900023100EB010C415A0C989C
:1066D000FF2819D021F4FC600C9C01F4FC614FEA06
:1066E000E40804FB01FA08FB00F80AF1200006EABE
:1066F000581108F6010800EB1A204144000A06EA86
:10670000511100F4FC6001430D9CBCF80200FF2C09
:106710001AD020F4FC6C00F4FC604FEAE40804FB9F
:1067200000FA08FB0CF80AF1200C06EA581008F6EB
:1067300001080CEB1A2C40444FEA1C2C06EA5010BE
:106740000CF4FC6C40EA0C0015FB02FCC5F11008CF
:106750004FEA014A21F4FC614FEAEC0CA8EB020875
:106760004FEA004B0AF0FC6ACCEB420220F4FC60DA
:106770000CEB48084AEA01017A43CCEB45050BF0E3
:10678000FC6B09FB08224BEA000005FB01220CFB15
:106790000022570D520907F4FC6722F4FC623A43C9
:1067A000FF2B92B227D1AEF80020209B0EF1020EF3
:1067B000229A1344219A2093239B1A440F9B013B56
:1067C00021920F9327E608FB00F009FB03031BE768
:1067D000B94643E7C2F110017A4309FB01294FEAA8
:1067E00049094FEA59504FEA591200F4FC6022F46B
:1067F000FC620243D4E7BEF80070DB431B4C381246
:106800005FFA83FC00F0F800FD10FB0000FB0CF0C9
:1068100005F0FC05DBB205FB0CF1451C03FB0CF39A
:1068200005EB1020151225F0070505EB10204D1C77
:1068300005EB1125D110C0B221F00301D20004EA0A
:10684000002001EB1521C90001F4FC610843591C2B
:1068500001EB132302EB1323C3F3C4031843AEF875
:106860000000A2E713B0BDE8F08F00BF00F8FFFF03
:106870002DE9F047DDE90945BDF920A005FB034CF2
:10688000002D9DF82C909DF8307002EB4C0E9DF879
:1068900034600888C0F2A780AA4540F3A480002C89
:1068A000C0F29F80A34240F39C8032F81C80621C9F
:1068B00000F19C80934240F39980B9F1000F00F001
:1068C0009580BEF802C0013500F19480AA4540F3DE
:1068D0009180002F00F08E80002CC0F28980A342AE
:1068E00040F386803EF81350013400F18680A342C5
:1068F00040F38380B9F1000F7FD001333EF81330AD
:106900004FEA084428F4FC6819FB07FEC7F110029F
:1069100004F0FC64CEF3C70EA2EB090244EA0808B7
:106920004FEA0C442CF4FC6C0EEB420204F0FC64C5
:10693000CEEB470744EA0C0CCEEB490404FB0CF405
:1069400002FB08481A0423F4FC63B4B202F0FC62B0
:10695000F64313432A0425F4FC65F6B202F0FC6208
:106960000EFB03832A4307FB0232C710530D07F0C7
:10697000FC07520917FB06F703F4FC6322F4FC62E0
:106980001A4393B202121D1202F0F802C00005F081
:10699000F80512FB06F2C0B205FB0425DA1010FB65
:1069A00006F0DB00ADB202F0FC02DBB202FB0472C7
:1069B00003FB04006B1C92B280B203EB1525431C51
:1069C00005F4784503EB1023501C00EB1222C3F3AF
:1069D000C42352092B4302F4FC6213430B80BDE82D
:1069E000F087804663E7844680466CE784466AE722
:1069F000054679E70346054682E7034680E72DE929
:106A0000F04F93B01D461092299B9DF8B4200A9137
:106A10000B9259681B689DED1D5ADDED1E5A9DEDC8
:106A20001F6ADDED267A9DED277A9DED2E3ADDED8C
:106A30002F3A9DED304A1190DDE92A27DDE9204605
:106A400001FB072703EB470307932C9B1B68099364
:106A50000B9BDB43DBB208930A9B002B03DC109BF0
:106A6000002B40F305822C9BB3F90810B3F90C20DE
:106A7000481E02F1FF3C002D40F3DA805FEA244E0D
:106A80004FEA264306D4864504DA002B02DB634531
:106A9000C0F2CF801EF1010E00F1C1807145C0F23D
:106AA000BE80013300F1BB809A42C0F2B880A94693
:106AB000DDF81C80B9F1000F40F3D8802C9B211425
:106AC0004FEA2640C4F30332C6F3033CD3E902E3A2
:106AD00000F112810EF1FF3A514580F20D8100283C
:106AE000C0F20A8103F1FF3A504580F205810FFAA6
:106AF0008EF300FB0311099800EB410A30F811E016
:106B0000BAF80210BCF1000F07D05B000AEB0300DB
:106B10003AF803300C9343880D934FEA0E402EF45D
:106B2000FC6E12FB0CF34FEA014A00F0FC6021F40A
:106B3000FC61DB100AF0FC6A40EA0E00CCF1100E9A
:106B40004AEA0101089FAEEB020EC3EB420203EBDF
:106B50004E0E51430D9A0EFB001E0C99100422F4A8
:106B6000FC6200F0FC6010430C9A120403FB00E08E
:106B700021F4FC6EC3EB4C0302F0FC6242EA0E020D
:106B800003FB0203B8F800005A0D5B0902F4FC6233
:106B9000011223F4FC634FEAE00E01F0F801C0009B
:106BA0001343BDF82C2011FB07F1C0B29BB20EF0CD
:106BB000FC0E10FB07F01EFB07FE4FEA232C0CF027
:106BC000F80C0CFB021CD910DB001FFA8CFC01F046
:106BD000FC01DBB201FB02E103FB020389B29AB2C2
:106BE0000CF1010303EB1C2C531C03EB12234A1C76
:106BF0000CF4784C02EB1121C3F3C423490943EA96
:106C00000C0301F4FC610B43A8F80030229B08F14F
:106C1000020809F1FF391C44239B1E444AE7229BCA
:106C2000013D1C44239B1E44079B0233079322E72C
:106C300022D06B1E229800FB034000143FF537AFB3
:106C400001398842BFF633AF239901FB03631B145C
:106C50003FF52DAF013A9342BFF629AFA846DDF8C4
:106C60001C90BDF82CA0B8F1000F60DC079B25EA52
:106C7000E57503EB450307930A9B002B40F3F8806F
:106C8000F7EE004A1C9B35EE035A75EEA35AF0EE60
:106C9000672AC4EE856A36EE046AFEEEC82A12EE52
:106CA000904AF0EE472AFEEEC82A12EE906A65EE90
:106CB000A64A66EE266A74EEE77A36EEC77AFEEEEC
:106CC000C87ABEEEC87A17EE902AF0EE647A92FB8C
:106CD000F3F317EE102A22931C9BB0EE667A92FB18
:106CE000F3F323930A9B109A013B0A9308BF1546BE
:106CF0001C9B18BF1D46AFE611F1010A86D4D6458C
:106D000084DB10F1010A81D45345FFF67FAF0B9F5E
:106D10001BB20191414600930FFA8EF3CDE90202B6
:106D2000CDE904C7099A1198FFF7A2FD6EE72C9BE5
:106D30003014099FC6F3033EB3F908102314C4F3BB
:106D4000033201FB0030099B03EB400337F810C00E
:106D50005888BEF1000F0BD001F100410139490004
:106D6000023103EB010B5B5A0E93BBF802300F9319
:106D70004FEA0C412CF4FC6C12FB0EF34FEA004B73
:106D800001F0FC6120F4FC60DB100BF0FC6B41EACD
:106D90000C01CEF1100C4BEA0000089FACEB020C8A
:106DA000C3EB420208F1FF38504303EB4C0C0F9A3F
:106DB0000CFB010C0E984FEA024B22F4FC610E9A78
:106DC00020F4FC600BF0FC6B12044BEA010102F0B2
:106DD000FC6203FB01C1C3EB4E03024303FB02123F
:106DE0004FEA525B52090BF4FC6B22F4FC63B9F8D6
:106DF00000204BEA030311124FEAE20C9BB201F0B0
:106E0000F801D2000CF0FC0C11FB07F118121CFB6E
:106E100007FCD2B200F0F80012FB07F200FB0A10E8
:106E2000D910DB0001F0FC0180B2DBB201FB0AC12A
:106E300003FB0A23421C89B29BB202EB102001F132
:106E4000010C5A1C0CEB112C00F4784002EB1322BD
:106E5000229B4FEA5C1CC2F3C4221C440CF4FC6C61
:106E6000239B10431E4440EA0C0029F8020BFAE66B
:106E700013B0BDE8F08F2DE9F043DDE9084EBDF910
:106E80001C900EFB0347BEF1000F9DF828509DF8A3
:106E90002C6002EB4708088860DBF1455EDD002CC2
:106EA0005ADBA34258DD32F817C0621C59D4934212
:106EB00057DD002D55D0B8F802701EF1010E54D4E4
:106EC000F14552DD002E50D0002C4CDBA3424ADDB0
:106ED00038F81320013405D4A34203DD15B1013382
:106EE00038F8130015FB06F44FEA0C434FEA074E3F
:106EF0002CF4FC6C03F0FC63C4F3C7040EF0FC6ECE
:106F000027F4FC6743EA0C0CC6F110034EEA0707AE
:106F1000C4EB46065B1BC4EB450504EB43037D4312
:106F200003FB0C5C030420F4FC6003F0FC631843D7
:106F3000130422F4FC6203F0FC6304FB00C013435F
:106F400006FB0300430D400903F4FC6320F4FC60DE
:106F500018430880BDE8F0838446A6E707468446C8
:106F6000ABE70746A9E70246B4E70246BAE72DE9D0
:106F7000F04F8FB01D46259B07910C9259681B68F6
:106F80009DED195ADDED1A5A9DED1B6ADDED227A51
:106F90009DED237A9DED2A3ADDED2B3A9DED2C4AAD
:106FA0000D90DDE92627DDE91C4601FB072703EBF1
:106FB0004707289BD3F80080079B002B03DC0C9B22
:106FC000002B40F38281289BB3F90810B3F90C2001
:106FD000481E02F1FF3C002D40F39B805FEA244EE7
:106FE0004FEA264306D4864504DA002B02DB6345CC
:106FF000C0F290801EF1010E00F184807145C0F254
:10700000818001337ED49A427CDBAA46B946BAF12C
:10701000000F40F39980289B21144FEA2640C4F3C7
:107020000332C6F3033CD3E902E300F1D1800EF151
:10703000FF3B594580F2CC800028C0F2C98003F1A3
:10704000FF3B584580F2C4800FFA8EFE00FB0E1104
:1070500008EB410038F811B04188BCF1000F0BD0AB
:107060000EF10043013B5B00023300EB030EC35AF9
:107070000893BEF8023009934FEA0B402BF4FC6BE7
:1070800012FB0CF3CCF1100E00F0FC60DB10AEEB49
:10709000020E40EA0B004FEA014B21F4FC61C3EB06
:1070A00042020BF0FC6B03EB4E0E4BEA0101514325
:1070B000099A0EFB001E100422F4FC62089900F0ED
:1070C000FC601043089A120403FB00E021F4FC6EFC
:1070D000C3EB4C0302F0FC6242EA0E0203FB020324
:1070E0005A0D5B0902F4FC6223F4FC631343A9F814
:1070F00000301E9B09F102090AF1FF3A1C441F9B54
:107100001E4484E71E9B013D02371C441F9B1E4406
:1071100061E71DD06B1E1E9800FB034000143FF575
:1071200074AF01398842BFF670AF1F9901FB03634A
:107130001B143FF56AAF013A9342BFF666AFA9460A
:10714000BA46B9F1000F5BDC25EAE57507EB4507A8
:10715000079B002B40F3B980F7EE004A189B35EEF1
:10716000035A75EEA35AF0EE672AC4EE856A36EE2E
:10717000046AFEEEC82A12EE904AF0EE472AFEEEAE
:10718000C82A12EE906A65EEA64A66EE266A74EE8A
:10719000E77A36EEC77AFEEEC87ABEEEC87A17EE08
:1071A000902AF0EE647A92FBF3F317EE102A1E9306
:1071B000189BB0EE667A92FBF3F31F93079B0C9A31
:1071C000013B079308BF1546189B18BF1D46F3E601
:1071D00011F1010B8DD4DE458BDB10F1010B88D44E
:1071E0005B4586DB1BB2CDE90110CDE9032C009392
:1071F00042460FFA8EF349460D98FFF73CFE78E7BA
:10720000289B20143114C6F3033EB3F90830C4F3AD
:10721000033203FB010108EB410038F811C041883B
:10722000BEF1000F0BD003F10043013B5B000233C2
:1072300000EB030BC35A0A93BBF802300B934FEADF
:107240000C402CF4FC6C12FB0EF34FEA014B00F0E7
:10725000FC6021F4FC61DB100BF0FC6B40EA0C00DD
:10726000CEF1100C4BEA010109F1FF39ACEB020C35
:10727000C3EB420203EB4C0C51430B9A0CFB001C7A
:107280000A994FEA024B22F4FC600A9A0BF0FC6B5D
:1072900012044BEA000021F4FC6B02F0FC6203FBD9
:1072A00000C0C3EB4E0342EA0B0B03FB0B00430D84
:1072B000400903F4FC6320F4FC6018431E9B1C444B
:1072C0001F9B2AF8020B1E443BE70FB0BDE8F08F6E
:1072D0002DE9F04F85B0DDE90F740291002C04FB1D
:1072E0000371BDF938E09DF8446002EB810C9DF814
:1072F0004800C0F21B81A64540F31881002FC0F260
:107300001381BB4240F3108152F821507A1C00F1E6
:107310001081934240F30D81002E00F00C81DCF8C7
:107320000410013400F10B81A64540F308810028C8
:1073300000F00881002FC0F20081BB4240F3FD80C5
:107340005CF82340013700F10081BB4240F3FD802F
:10735000002E00F0FC8001335CF82320B6B280B22E
:107360004FEA116A00FB06FE36014FEA156BCEEBC1
:107370000010A6EB0E07C6F580734FEA146980B2C1
:10738000BFB21B1A4FEA12680AFB07F69BB20BFB4F
:10739000036600FB09660EFB0866C6F30726009627
:1073A000002E00F0BE8005F0FF1C05F47F45029E14
:1073B0000BFB0CFC0BFB05F536884FEA1C2B0CF184
:1073C000011C01950BF0FF1BDC444FEA1C2C0CF058
:1073D000FF150395019D05F5807C0CEB152501F04B
:1073E000FF1C01F47F410AFB0CFC4FEA152B0AFB42
:1073F00001FA4FEA1C250CF1011C0AF5807105F019
:10740000FF1501EB1A2A654404F0FF1C04F47F44C5
:107410004FEA1A2A09FB0CFC2D0A09FB04F90AF4AD
:107420007F4A4FEA1C2105F0FF1509F580740CF125
:10743000011C01F0FF117D4304EB192902F0FF1438
:1074400002F47F42614408FB04F44FEA192908FB67
:1074500002F8090A220A04F1011401F0FF1107FBE6
:107460000AF702F0FF12144408F58072240A02EBB6
:107470001828039A04F0FF1402FB03554FEA18285A
:10748000009A04FB0E5408F47F48351201FB0041BA
:1074900005F0F805090A01F0FF140BF47F4103FB26
:1074A00001710EFB081E09F47F4100FB01E19DF80C
:1074B0004C0087B2090A7A4301F47F41531C2143EF
:1074C00003EB12230A0CC1F307246FEA1323C8B29B
:1074D00012FB07F214FB07F4DBB210FB07F005FB0D
:1074E0000325F210F60002F0FC02ADB2F6B202FB88
:1074F000034206FB030394B299B26B1C621C03EBBC
:1075000015254B1C02EB142203EB112305F47845DF
:107510005209C3F3C42302F4FC622B431343029ABF
:10752000138005B0BDE8F08F0025EFE600210D4681
:10753000F7E60021F5E63146F3E6002402E70022F3
:1075400014460BE70246044608E7002206E73246E7
:1075500004E72DE9F04F9DB019920793339A9DF8F7
:10756000DC301B901A935068179112689DED275AD2
:10757000DDED285A9DED296ADDED307A9DED317AF9
:107580009DED383ADDED393A9DED3A4ADDE93413A7
:10759000DDE92A4600FB031302EB43030A93369B03
:1075A0001B681093BDF868300B93179B002B03DC0E
:1075B000199B002B40F37583369BB3F90810B3F980
:1075C0000C20481E571E079B002B40F38E815FEA5C
:1075D000244C4FEA264306D4844504DA002B02DB10
:1075E000BB42C0F283811CF1010C00F17381614543
:1075F000C0F27081013300F16D819A42C0F26A815C
:10760000079B0A9F1893189B002B40F38C81369A96
:107610004FEA264C369BC4F30330D2F80CE0221418
:10762000C6F303319B6800F1CD8103F1FF38424579
:1076300080F2C881BCF1000FC0F2C4810EF1FF38A6
:10764000C44580F2BF811BB2109D0CFB032205EBE9
:10765000820855F822204FEA126E002800F0A98116
:10766000D8F804500C952D0E139581B103F1804389
:10767000013B9B00043308EB030C58F803300893DC
:107680001B0E1193DCF804300D931B0E149380B283
:10769000119D89B200FB01F90001C9EB0111A0EBBA
:1076A0000908C0F58073139889B21FFA88F85B1A2D
:1076B00008FB00F09BB203FB0E0001FB0500149DCC
:1076C00009FB0500C0F30720002800F0FA80BEF196
:1076D000FF0F1BD002F0FF1A02F47F420EFB0AFAE2
:1076E0000EFB02FE4FEA1A220AF1011A0EF5807C07
:1076F00002F0FF120CEB1E2C52444FEA1C2C120A13
:107700000CF47F4C02F0FF1242EA0C02139DFF2D95
:1077100021D00C9D05F0FF1B139D05FB0BFB0C9D61
:1077200005F47F4A139D4FEA1B2E0BF1011B05FB4D
:107730000AFA0EF0FF1E0AF5807CDE440CEB1A2AD2
:107740004FEA1E2E4FEA1A2A0EF0FF1E0AF47F4A55
:107750004EEA0A050C95119DFF2D21D0089D05F0DC
:10776000FF1B119D05FB0BFB089D05F47F4A119D36
:107770004FEA1B2E0BF1011B05FB0AFA0EF0FF1E50
:107780000AF5807CDE440CEB1A2A4FEA1E2E4FEAE3
:107790001A2A0EF0FF1E0AF47F4A4EEA0A050895DF
:1077A000149DFF2D21D00D9D05F0FF1B149D05FBA1
:1077B0000BFB0D9D05F47F4A149D4FEA1B2E0BF128
:1077C000011B05FB0AFA0EF0FF1E0AF5807CDE4461
:1077D0000CEB1A2A4FEA1E2E4FEA1A2A0EF0FF1E51
:1077E0000AF47F4A4EEA0A050D950C9D02F0FF1E31
:1077F00002F47F4205F0FF1C089D08FB0CFC03FB14
:107800000ECC05F0FF1E0D9D01FB0ECC05F0FF1EFA
:107810000C9D09FB0ECC05F47F4E0B9D08FB0EF86A
:107820004FEA1C2C03FB0282089B0CF0FF1C03F4A4
:107830007F4A0D9B01FB0A2203F47F413B8809FB31
:1078400001290B9A191242434FEA192901F0F80154
:10785000501C09F47F4900EB12204CEA090C6FEA36
:1078600010204FEA1C42CCF3072E5FFA8CFC12FB6F
:1078700005F2C0B21CFB05FC01FB0021DA101EFB67
:1078800005FEDB0089B202F0FC02DBB202FB00E283
:1078900003FB00C392B21FFA83FC4B1C03EB1121C4
:1078A0000CF1010303EB1C2301F47841C3F3C4235F
:1078B0000B43511C01EB1222520902F4FC621343E8
:1078C0003B802C9B02371C442D9B1E44189B013B84
:1078D000189398E62C9B1C442D9B1E44079B013B50
:1078E00007930A9B02330A936DE623D0079B2C98DB
:1078F000013B00FB034000143FF582AE0139884292
:10790000BFF67EAE2D9901FB03631B143FF578AEE5
:10791000013A9342BFF674AEDDF81CB0DDF8289052
:10792000BBF1000F6CDC079B23EAE3750A9B03EBBA
:1079300045030A93179B002B40F3B381F7EE004AEF
:10794000269B35EE035A75EEA35AF0EE672AC4EE75
:10795000856A36EE046AFEEEC82A12EE904AF0EE10
:10796000472AFEEEC82A12EE906A65EEA64A66EE37
:10797000266A74EEE77A36EEC77AFEEEC87ABEEE75
:10798000C87A17EE902AF0EE647A92FBF3F317EEC2
:10799000102A2C93269BB0EE667A92FBF3F32D937C
:1079A000179B199A013B1793269B08BF1346079311
:1079B000FBE500293FF46BAE58F8233008931B0E0B
:1079C000119364E612F101083FF57BAF4345FFF6E2
:1079D00078AF1CF101083FF574AFC645FFF671AFF3
:1079E0001A9D1BB201920FFA8EF2CDE90415CDE972
:1079F00002C000923946109A1B98FFF769FC60E7B5
:107A0000369B2714109DC4F30332B3F908103314C6
:107A1000C6F3033001FB037305EB830755F82330EE
:107A20004FEA136C002A00F033817D680E952D0E0D
:107A3000159578B101F1804101398900043107EBD6
:107A4000010E79580991090E1291DEF804100F9178
:107A5000090E169192B2159980B2129D02FB00F8A0
:107A60001201C8EB0010A2EB080EC2F5807280B2C2
:107A70001FFA8EFE121A0EFB01F192B202FB0C11DC
:107A800000FB0511169D08FB0511C1F30721002914
:107A900000F0F580BCF1FF0F19D003F0FF1A03F4DA
:107AA0007F430CFB0AFA0CFB03FC4FEA1A230AF192
:107AB000011A0CF5807703F0FF1307EB1C275344E2
:107AC0003F0A1B0A07F47F4703F0FF133B43159D52
:107AD000FF2D20D00E9D05F0FF17159D6F430E9DC5
:107AE0004FEA172C05F47F4A159D07F101170CF09A
:107AF000FF1C05FB0AFABC440AF580774FEA1C2CF0
:107B000007EB1A2A0CF0FF1C4FEA1A2A0AF47F4AE4
:107B10004CEA0A050E95129DFF2D20D0099D05F017
:107B2000FF17129D6F43099D4FEA172C05F47F4AFA
:107B3000129D07F101170CF0FF1C05FB0AFABC446B
:107B40000AF580774FEA1C2C07EB1A2A0CF0FF1C71
:107B50004FEA1A2A0AF47F4A4CEA0A050995169D4B
:107B6000FF2D20D00F9D05F0FF17169D6F430F9D31
:107B70004FEA172C05F47F4A169D07F101170CF008
:107B8000FF1C05FB0AFABC440AF580774FEA1C2C5F
:107B900007EB1A2A0CF0FF1C4FEA1A2A0AF47F4A54
:107BA0004CEA0A050F950E9D03F0FF1C03F47F437A
:107BB00005F0FF17099D0EFB07F702FB0C7705F098
:107BC000FF1C0F9D00FB0C7705F0FF1C0E9D08FBB2
:107BD0000C7705F47F4C0B9D0EFB0CFE3F0A02FB5D
:107BE00003E3099A07F0FF1702F47F4A0F9A00FB9C
:107BF0000A3302F47F4CB9F8000008FB0C3C0B9BE5
:107C0000021259434FEA1C2C02F0F8020CF47F4C8C
:107C10004B1C47EA0C0703EB11213B0C6FEA1121C7
:107C2000C7F3072CFFB213FB05F3C9B217FB05F727
:107C300002FB0132C3101CFB05FCC00092B203F032
:107C4000FC03C0B203FB01C300FB0170511C9BB2DB
:107C500080B201EB122200F1010C02F478420CEB2D
:107C6000102CCCF3C42C4CEA020203F1010C0CEBF7
:107C700013235B0903F4FC631A43A9F800202C9B2F
:107C800009F102090BF1FF3B1C442D9B1E4447E602
:107C900000283FF4DFAE57F821100991090E129128
:107CA000D8E61DB0BDE8F08F2DE9F04F85B0DDE9D5
:107CB0000F740291002C04FB0371BDF938E09DF8AC
:107CC000446002EB810C9DF84800C0F20C81A6458F
:107CD00040F30981002FC0F20481BB4240F30181CF
:107CE00052F821507A1C00F10181934240F3FE804A
:107CF000002E00F0FD80DCF80410013400F1FC805F
:107D0000A64540F3F980002800F0F980002F0CEB25
:107D10008302C0F2EF80BB4240F3EC805CF823406A
:107D2000013700F1EF80BB4240F3EC80002E00F001
:107D3000EB805268B6B280B24FEA116A00FB06FED1
:107D400036014FEA156BCEEB0010A6EB0E07C6F519
:107D500080734FEA146980B2BFB21B1A4FEA1268EF
:107D600007FB0AF69BB20BFB036600FB09660EFBE2
:107D70000866C6F307260096002E00F0AF8005F0D7
:107D8000FF1C05F47F45029E0BFB0CFC0BFB05F56D
:107D900036884FEA1C2B0CF1011C01950BF0FF1BE0
:107DA000DC444FEA1C2C0CF0FF150395019D05F5F2
:107DB000807C0CEB152501F0FF1C01F47F410AFBD0
:107DC0000CFC4FEA152B0AFB01FA4FEA1C250CF1BB
:107DD000011C0AF5807105F0FF1501EB1A2A6544B4
:107DE00004F0FF1C04F47F444FEA1A2A09FB0CFC40
:107DF0002D0A09FB04F90AF47F4A4FEA1C2105F019
:107E0000FF1509F580740CF1011C01F0FF117D4391
:107E100004EB192902F0FF1402F47F42614408FBCD
:107E200004F44FEA192908FB02F8090A220A04F1AE
:107E3000011401F0FF1107FB0AF702F0FF121444CE
:107E400008F58072240A02EB1828039A04F0FF1444
:107E500002FB03554FEA182804FB0E5408F47F4830
:107E600001FB0041090A01F0FF140BF47F4103FB01
:107E70000171009B0EFB081E09F47F41DA433312A7
:107E800000FB01E1F010D2B203F0F803090A00F0A0
:107E9000FC00F600534301F47F415043F6B2214306
:107EA00056435A1C02EB13220B0C03EB1223421C09
:107EB00002EB10200A0A1B0202EB102203F47843A3
:107EC000D20002F4FC621343721C02EB162601EB93
:107ED0001621C1F3C4011943029B198005B0BDE806
:107EE000F08F0025FEE600210D4606E7002104E79D
:107EF000314602E7002413E7002214461AE702463F
:107F0000044617E7002215E7324613E72DE9F04F44
:107F10009BB01892319A1990169150680793126885
:107F20009DED255ADDED265A9DED276ADDED2E7A71
:107F30009DED2F7A9DED363ADDED373A9DED384ACD
:107F4000DDE93213DDE9284600FB031302EB4303AE
:107F50000A93349B1B680F93169B002B03DC189B22
:107F6000002B40F38783349BB3F90810B3F90C203E
:107F7000481E571E079B002B40F366815FEA244C86
:107F80004FEA264306D4844504DA002B02DBBB42C9
:107F9000C0F25B811CF1010C00F14B816145C0F224
:107FA0004881013300F145819A42C0F24281079B2A
:107FB0000A9F1793179B002B40F36581349A4FEA71
:107FC000264C349BC4F30331D2F80CE02214C6F3E0
:107FD00003309B6800F1D58103F1FF38424580F200
:107FE000D081BCF1000FC0F2CC810EF1FF38C44546
:107FF00080F2C7811BB20F9D0CFB032205EB8208A8
:1080000055F822204FEA126E002900F08281D8F83C
:1080100004500B952D0E129580B103F18043013B66
:108020009B00043308EB030C58F8033008931B0E35
:108030001093DCF804300C931B0E139389B2129B3F
:1080400080B2109D01FB00F90901C9EB0010A1EB02
:108050000908C1F5807180B21FFA88F8091A08FB77
:1080600003F389B201FB0E3300FB0533139D09FBBB
:108070000533C3F30723002B00F0D280BEF1FF0FBE
:108080001BD002F0FF1A02F47F420EFB0AFA0EFB2D
:1080900002FE4FEA1A220AF1011A0EF5807C02F064
:1080A000FF120CEB1E2C52444FEA1C2C120A0CF44B
:1080B0007F4C02F0FF1242EA0C02129DFF2D21D0EC
:1080C0000B9D05F0FF1B129D05FB0BFB0B9D05F4A3
:1080D0007F4A129D4FEA1B2E0BF1011B05FB0AFA8A
:1080E0000EF0FF1E0AF5807CDE440CEB1A2A4FEAE4
:1080F0001E2E4FEA1A2A0EF0FF1E0AF47F4A4EEA9D
:108100000A050B95109DFF2D21D0089D05F0FF1B42
:10811000109D05FB0BFB089D05F47F4E109D05FB94
:108120000EFA4FEA1B2E0BF1011B0EF0FF1E0AF593
:10813000807CDE440CEB1A2A4FEA1E2E4FEA1A2AE4
:108140000EF0FF1E0AF47F4A4EEA0A050895139DB9
:10815000FF2D21D00C9D05F0FF1B139D05FB0BFB94
:108160000C9D05F47F4A139D4FEA1B2E0BF1011B5A
:1081700005FB0AFA0EF0FF1E0AF5807CDE440CEBCC
:108180001A2A4FEA1E2E4FEA1A2A0EF0FF1E0AF490
:108190007F4A4EEA0A050C950B9D02F0FF1E02F481
:1081A0007F42FF2B05F0FF1C089D08FB0CFC01FB28
:1081B0000ECC05F0FF1E0C9D00FB0ECC05F0FF1E43
:1081C0000B9D09FB0ECC05F47F4E08FB0EF84FEA21
:1081D0001C2C01FB028208990CF0FF1C01F47F4A61
:1081E0000C9900FB0A2201F47F4009FB00294FEAA9
:1081F000192909F47F494CEA090C4FEA1C2240F086
:1082000091804FEA5C1322F4FF6203F4FC6322F0D6
:1082100007021A43CCF3C40C4CEA020CA7F800C0C6
:108220002A9B02371C442B9B1E44179B013B179330
:10823000C0E62A9B1C442B9B1E44079B013B0793D3
:108240000A9B02330A9395E624D0079B2A98013BA8
:1082500000FB034000143FF5AAAE01398842BFF687
:10826000A6AE2B9901FB03631B143FF5A0AE013AA8
:108270009342BFF69CAEDDF81CB0DDF82880BBF160
:10828000000F00F39A80079B23EAE3750A9B03EB38
:1082900045030A93169B002B40F3EC81F7EE004A4E
:1082A000249B35EE035A75EEA35AF0EE672AC4EE0E
:1082B000856A36EE046AFEEEC82A12EE904AF0EEA7
:1082C000472AFEEEC82A12EE906A65EEA64A66EECE
:1082D000266A74EEE77A36EEC77AFEEEC87ABEEE0C
:1082E000C87A17EE902AF0EE647A92FBF3F317EE59
:1082F000102A2A93249BB0EE667A92FBF3F32B9319
:10830000169B189A013B1693249B08BF13460793AC
:1083100022E600283FF492AE58F8233008931B0E53
:1083200010938BE63988DB43D44D4FEA212E5FFA58
:1083300083F80EF0F80EC810CB000EFB08FE00F01C
:10834000FC00DBB20EF1010100FB08F003FB08F3B7
:1083500001EB1E2E4FEA1C4101EB1E2100F1010E24
:108360000EEB1020C9B202EB102205EA0121D20067
:1083700002F4FC620A43591C01EB13230CEB132C8F
:1083800048E712F101083FF54BAF4345FFF648AF10
:108390001CF101083FF544AFC645FFF641AF1BB2E3
:1083A000CDE9012C0FFA8EF2CDE903100092394687
:1083B0000F9A1998FFF778FC32E7349B21140F9D30
:1083C000C4F30332B3F908703314C6F3033007FB68
:1083D00003130F9901EB830155F823304FEA136C17
:1083E000002A00F008814D680D952D0E149578B186
:1083F00007F18047013FBF00043701EB070EC95961
:108400000991090E1191DEF804100E91090E1591D3
:1084100092B2119D80B202FB00F91201C9EB00106B
:10842000A2EB090EC2F58071149A80B21FFA8EFE7B
:10843000091A0EFB02F289B201FB0C2200FB052295
:10844000159D09FB0522C2F30722002A00F0CA800D
:10845000BCF1FF0F19D003F0FF1A03F47F430CFBAC
:108460000AFA0CFB03FC4FEA1A230AF1011A0CF575
:10847000807703F0FF1307EB1C2753443F0A1B0AC6
:1084800007F47F4703F0FF133B43149DFF2D20D0DB
:108490000D9D05F0FF17149D6F430D9D4FEA172C9E
:1084A00005F47F4A149D07F101170CF0FF1C05FB32
:1084B0000AFABC440AF580774FEA1C2C07EB1A2A0B
:1084C0000CF0FF1C4FEA1A2A0AF47F4A4CEA0A050C
:1084D0000D95119DFF2D20D0099D05F0FF17119DD1
:1084E0006F43099D05F47F4C119D05FB0CFA4FEA83
:1084F000172C07F101170CF0FF1CBC440AF580771C
:1085000007EB1A2A4FEA1C2C4FEA1A2A0CF0FF1C20
:108510000AF47F4A4CEA0A050995159DFF2D20D0E3
:108520000E9D05F0FF17159D6F430E9D4FEA172C0A
:1085300005F47F4A159D07F101170CF0FF1C05FBA0
:108540000AFABC440AF580774FEA1C2C07EB1A2A7A
:108550000CF0FF1C4FEA1A2A0AF47F4A4CEA0A057B
:108560000E950D9D03F0FF1C03F47F43FF2A05F0D9
:10857000FF17099D0EFB07F701FB0C7705F0FF1CA9
:108580000E9D00FB0C7705F0FF1C0D9D09FB0C7781
:1085900005F47F4C0EFB0CFE4FEA172701FB03E3AB
:1085A000099907F0FF1701F47F4A0E9900FB0A337F
:1085B00001F47F4C09FB0C3C4FEA1C2C0CF47F4C63
:1085C00047EA0C074FEA17231ED17A0923F4FF6309
:1085D000C7F3C40702F4FC6223F0070313431F43ED
:1085E000A8F800702A9B08F102080BF1FF3B1C441D
:1085F0002B9B1E4443E600283FF40AAF51F8271096
:108600000991090E119103E7B8F80010D2434FEA1F
:10861000212C5FFA82FE0CF0F80CC810CA000CFB8B
:108620000EFC00F0FC00D2B20CF1010100FB0EF0D8
:1086300002FB0EF201EB1C2C390C01EB1C2C0F4938
:108640005FFA8CFC01EA0C2C411C01EB1020511C40
:1086500003EB102001EB1222C00007EB122700F4FD
:10866000FC60C7F3C4074CEA000C47EA0C0CA8F8FE
:1086700000C0B7E71BB0BDE8F08F00BF00F8FFFFF8
:108680002DE9F047DDE90A05BDF92080002DBDF98F
:1086900024909DF8307005FB030E9DF834C0C0F2A5
:1086A0008C80A94540F389800028C0F284808045F1
:1086B00040F381804FEA5E041EF0010F165D0CBF8F
:1086C00006F00F06361106EB0616F6B2441C77D4F8
:1086D000A04575DD002F75D00EF1010A4FEA5A044E
:1086E0001AF0010F145D0CBF04F00F04241104EB09
:1086F0000414E4B2013569D4A94567DDBCF1000F6B
:1087000067D0002860DB80455EDD03EB0E094FEA91
:10871000590519F0010F555D0CBF05F00F052D111E
:1087200005EB0515EDB2013056D4804554DD002F20
:1087300054D001339E444FEA5E031EF0010FD05C1B
:108740000CBF00F00F00001100EB0010C3B2BAB272
:108750001FFA8CFC02FB0CF01201C0EB0C1CC2F5E2
:108760008077121A1FFA8CFC92B2A7EB0C076243B7
:10877000BFB206FB07220CFB052500FB0353C3F326
:108780000723B3B19DF838205A43531C03EB12233F
:108790002D4A1B121268FF2B4FEA122620D15009D6
:1087A0002A4BC2F3C40200F4FC6033401843024376
:1087B0000A80BDE8F087002688E70024264699E76E
:1087C000002497E73C4695E70025ACE700231D46CB
:1087D000BDE763466546BAE70023B8E73B46B6E720
:1087E0000D889FB2C2F30740DB432C1210FB07F049
:1087F000DBB204F0F804F6B2D2B204FB0304E810D2
:1088000012FB07F2ED0000F0FC00A4B216FB07F625
:10881000EDB200FB036605FB0323B0B29AB2631C02
:1088200003EB1424531C03EB1223421C04F478447E
:1088300002EB1020C3F3C4234009234300F4FC607F
:1088400003430B80B5E700BFF45E012000F8FF0092
:108850002DE9F04F97B0149209932D9A9DF8C430EA
:1088600015900D9150680F9312689DED215ADDED22
:10887000225A9DED236ADDED2A7A9DED2B7A9DED3E
:10888000323ADDED333A9DED344ADDE92E13DDE970
:10889000244600FB031302EB4309309B9B68013322
:1088A00023F001030A93309B1F680D9B002B03DC10
:1088B000149B002B40F38982309BB3F90810B3F965
:1088C0000C20481E02F1FF3C099B002B40F3C580A1
:1088D0005FEA244E4FEA264306D4864504DA002B8D
:1088E00002DB6345C0F2BA801EF1010E00F1AB80DD
:1088F0007145C0F2A880013300F1A5809A42C0F210
:10890000A280099BC846BDF928A00E930E9B002BA0
:1089100040F3C480309B3014C4F30332C6F30331F8
:10892000D3E902CE231400F14F810CF1FF3B5B45EC
:1089300080F24A810028C0F247810EF1FF3B584582
:1089400080F242810A9D00FB05335808DD0717F8C5
:1089500000C054BF0CF00F0C4FEA2C1C0CEB0C1C8D
:108960005FFA8CFC002A00F0DD80581C4FEA500EA4
:10897000C00717F80EE054BF0EF00F0E4FEA2E1E80
:108980000EEB0E1E5FFA8EF01090D9B153445808CA
:10899000DD0703F10103385C54BF00F00F00001144
:1089A000DD0700EB0010C0B20B904FEA530017F840
:1089B00000E054BF0EF00F034FEA2E1303EB031336
:1089C000DBB2119392B2109D89B202FB01F3120146
:1089D000C3EB0111C2F58070D21A89B292B2401A6B
:1089E0006A4380B20CFB002C0B9A01FB02C1119A66
:1089F00003FB0213C3F30723DBB10F9A53435A1C43
:108A000002EB1323C64A1B121268FF2B4FEA122CEB
:108A100040F0998053092CF4FF6CC2F3C40203F4B4
:108A2000FC632CF0070C43EA0C0C4CEA0202A8F899
:108A30000020269B08F102081C44279B1E440E9B25
:108A4000013B0E9362E7269B09F102091C44279B18
:108A50001E44099B013B099336E724D0099B2698C5
:108A6000013B00FB034000143FF54BAF0139884246
:108A7000BFF647AF279901FB03631B143FF541AFD6
:108A8000013A9342BFF63DAFBDF92830C846DDF844
:108A900024B00E93BBF1000F00F3B780099B23EACB
:108AA000E37509EB45090D9B002B40F38E81F7EE32
:108AB000004A209B35EE035A75EEA35AF0EE672A62
:108AC000C4EE856A36EE046AFEEEC82A12EE904ABB
:108AD000F0EE472AFEEEC82A12EE906A65EEA64A2C
:108AE00066EE266A74EEE77A36EEC77AFEEEC87A4C
:108AF000BEEEC87A17EE902AF0EE647A92FBF3F39A
:108B000017EE102A2693209BB0EE667A92FBF3F3C1
:108B100027930D9B149A013B0D93209B08BF13468E
:108B20000993C2E600293FF44DAF0AEB0300430866
:108B3000C007FB5C54BF03F00F031B1103EB0313CF
:108B4000DBB20B933EE7B8F800E01FFA83FBC2F3F9
:108B50000741DB434FEA2E2011FB0BF1DBB200F0A3
:108B6000F8005FFA8CFCD2B200FB03104FEAEE0172
:108B70001CFB0BFC4FEACE0E80B201F0FC0112FB95
:108B80000BFB5FFA8EFE01FB03CC0EFB03BB431C09
:108B90001FFA8CFC1FFA8BFB03EB10200CF1010178
:108BA00000F478430BF1010001EB1C2C00EB1B20BF
:108BB0004FEA5C1CC0F3C4200CF4FC6C184340EA80
:108BC0000C00A8F8000034E713F1010B3FF531AFBA
:108BD000DC45FFF62EAF10F1010B3FF52AAFDE4565
:108BE000FFF627AF02930FFA8EF30F9D01930FFA52
:108BF0008CF3CDE90302CDE9051500933A465346BF
:108C000041461598FFF73CFD13E722140A9D3314E3
:108C1000C4F30331C6F3033005FB03235A08DD0711
:108C2000BA5C54BF02F00F02121102EB0212D2B270
:108C3000002977D003F1010E4FEA5E0C1EF0010F00
:108C400017F80CC00CBF0CF00F0C4FEA2C1C0CEBEF
:108C50000C1C5FFA8CF5129508B30E9D2B444FEA5D
:108C6000530CDD0703F1010317F80CC054BF0CF0DF
:108C70000F0C4FEA2C1C0CEB0C1C5FFA8CF54FEA26
:108C8000530C0C95DD0717F80CC054BF0CF00F0CFB
:108C90004FEA2C1C0CEB0C1C5FFA8CF3139389B27B
:108CA000129D80B201FB00F30901C3EB0010C1F576
:108CB000807CC91A80B289B2ACEB000C69431FFA00
:108CC0008CFC02FB0C120C9900FB0120139A03FB95
:108CD0000203C3F30723D3B10F9A53435A1C02EB89
:108CE00013230F4A1B121268FF2B4FEA122C2DD1AF
:108CF00053092CF4FF6CC2F3C40203F4FC632CF0A0
:108D0000070C43EA0C0C4CEA0202A8F80020269B50
:108D100008F102080BF1FF3B1C44279B1E44B9E6F7
:108D2000F45E01200028BAD00E9D2B444FEA530C6C
:108D3000DB0717F80CC054BF0CF00F0C4FEA2C1CCB
:108D40000CEB0C1C5FFA8CF30C93A8E7B8F800E06E
:108D50001FFA83FAC2F30741DB434FEA2E2011FBCF
:108D60000AF1DBB200F0F800D2B25FFA8CFC00FB33
:108D700003104FEAEE0112FB0AF24FEACE0E80B268
:108D800001F0FC011CFB0AFC5FFA8EFE0EFB0322C5
:108D900001FB03CC431C92B203EB1020511C1FFAC1
:108DA0008CFC00F4784001EB1221C1F3C42108438C
:108DB0000CF1010101EB1C2C4FEA5C1C0CF4FC6C67
:108DC00040EA0C00A8F80000A1E717B0BDE8F08F5A
:108DD0002DE9F047DDE90A05BDF92080002DBDF938
:108DE00024909DF8307005FB030E9DF834C0C0F24E
:108DF000B080A94540F3AD800028C0F2A88080452E
:108E000040F3A5804FEA5E041EF0010F165D0CBF13
:108E100006F00F06361106EB0616F6B2441C00F1FA
:108E20009B80A04540F39880002F00F097800EF1C2
:108E3000010A4FEA5A041AF0010F145D0CBF04F046
:108E40000F04241104EB0414E4B2013500F18A800C
:108E5000A94540F38780BCF1000F00F08680002810
:108E60007EDB80457CDD03EB0E094FEA590519F0E6
:108E7000010F555D0CBF05F00F052D1105EB051514
:108E8000EDB2013074D4804572DD002F72D0013311
:108E90009E444FEA5E031EF0010FD05C0CBF00F051
:108EA0000F00001100EB0010C3B2BAB21FFA8CFC25
:108EB00002FB0CF01201C0EB0C1CC2F58077121AF9
:108EC0001FFA8CFC92B2A7EB0C076243BFB206FB01
:108ED00007220CFB052500FB0353C3F30723A3B3B1
:108EE000254A0E8815689AB23412DB43C5F3074051
:108EF000C5F30727DBB204F0F80410FB02F0EDB273
:108F000017FB02F704FB0304F01015FB02F2F60056
:108F100000F0FC00A4B2F6B200FB037006FB0323D2
:108F200080B29AB2631C03EB1424531C03EB12238C
:108F3000421C04F4784402EB1020C3F3C42340091C
:108F4000234300F4FC6003430B80BDE8F087002658
:108F500064E70024264678E7002476E73C4674E779
:108F600000258EE700231D469FE7634665469CE784
:108F700000239AE73B4698E7F45E01202DE9F04F85
:108F800093B01D460C92299A11900791506812686F
:108F90009DED1D5ADDED1E5A9DED1F6ADDED267A11
:108FA0009DED277A9DED2E3ADDED2F3A9DED304A6D
:108FB000DDE92A13DDE9204600FB031302EB430938
:108FC0002C9B9B68013323F0010306932C9B1F68A5
:108FD000079B002B03DC0C9B002B40F367822C9B30
:108FE000B3F90810B3F90C20481E02F1FF3C002D24
:108FF00040F3B7805FEA244E4FEA264306D4864505
:1090000004DA002B02DB6345C0F2AC801EF1010ED6
:1090100000F19F807145C0F29C80013300F199807E
:109020009A42C0F29680C846BDF918A00995099BDE
:10903000002B40F3B580C4F303333014C6F303317F
:1090400008932C9BD3E902CE231400F13F810CF14D
:10905000FF3B5B4580F23A810028C0F237810EF178
:10906000FF3B584580F23281069A00FB02335808D4
:10907000DA07089A17F800C054BF0CF00F0C4FEA3B
:109080002C1C0CEB0C1C5FFA8CFC002A00F0CC8032
:10909000581C4FEA500EC00717F80EE054BF0EF0F0
:1090A0000F0E4FEA2E1E0EEB0E1E5FFA8EFECDF84F
:1090B00034E0B9B153445808DA07385C54BF00F0C3
:1090C0000F00001100EB0010C0B20A90581C4308BA
:1090D000C207FB5C54BF03F00F031B1103EB031328
:1090E000DBB20E93BDF8202089B202FB01F312011E
:1090F000C3EB0111C2F58070D21A89B292B2401A44
:109100001FFA80FE0D9842430CFB0E2C0A9A01FBBD
:1091100002C10E9A03FB0213C3F30723FF2B40F097
:109120009480BF4B1A68BF4B510903EA1223C2F364
:10913000C40201F4FC610B431343A8F80030229BE6
:1091400008F102081C44239B1E44099B013B099320
:109150006DE7229B013D09F102091C44239B1E443B
:1091600045E721D06B1E229800FB034000143FF519
:109170005AAF01398842BFF656AF239901FB03630A
:109180001B143FF550AF013A9342BFF64CAFBDF907
:109190001830A846CE460893B8F1000F00F3B68009
:1091A00025EAE57509EB4509079B002B40F37E8115
:1091B000F7EE004A1C9B35EE035A75EEA35AF0EE0B
:1091C000672AC4EE856A36EE046AFEEEC82A12EEFD
:1091D000904AF0EE472AFEEEC82A12EE906A65EE3B
:1091E000A64A66EE266A74EEE77A36EEC77AFEEE97
:1091F000C87ABEEEC87A17EE902AF0EE647A92FB37
:10920000F3F317EE102A22931C9BB0EE667A92FBC2
:10921000F3F32393079B0C9A013B079308BF154672
:109220001C9B18BF1D46D3E600293FF45BAF0AEB39
:1092300003004308C007FB5C54BF03F00F031B117E
:1092400003EB0313DBB20A934CE7002B3FF477AF39
:10925000734A1FFA83FEB8F800C0DB4310684FEA78
:109260002C21C0F30742DBB201F0F801C0F3072B59
:1092700012FB0EF2C0B21BFB0EFB01FB03214FEAF7
:10928000EC0210FB0EFE4FEACC0C89B202F0FC029D
:109290005FFA8CFC02FB03B2481C0CFB03E392B2A6
:1092A0009BB200EB112102F1010B01F47840591C33
:1092B0000BEB122201EB13215209C1F3C42102F47A
:1092C000FC6201431143A8F8001038E713F1010BC9
:1092D0003FF535AFDC45FFF632AF10F1010B3FF53E
:1092E0002EAFDE45FFF62BAF02930FFA8EF3089AEE
:1092F00001930FFA8CF30591414600935346CDE953
:1093000003023A461198FFF763FD18E72214069905
:109310003314C4F30330C6F3033C01FB03235A08A0
:10932000D907BA5C54BF02F00F02121102EB02120D
:10933000D2B2002863D003F1010A4FEA5A011AF0B1
:10934000010F795C0CBF01F00F01091101EB011154
:10935000C9B20F91BCF1000F1AD008990B445908FB
:1093600013F0010F03F10103795C0CBF01F00F0151
:10937000091101EB0111C9B20B915908DB07795CA6
:1093800054BF01F00F01091101EB0111C9B2109195
:1093900080B21FFA8CFC00FB0CF30001C3EB0C1C29
:1093A000C0F58071C01A1FFA8CFC80B2A1EB0C01D1
:1093B0001FFA81FA0F9948430B9902FB0A020CFB32
:1093C000012C109A03FB02C3C3F30723FF2B2BD1FD
:1093D000134B1A68134B510903EA1223C2F3C40258
:1093E00001F4FC610B431343AEF80030229B0EF1F5
:1093F000020E08F1FF381C44239B1E44CCE6BCF14E
:10940000000FC5D008990B445908DB07795C54BF9D
:1094100001F00F01091101EB0111C9B20B91B7E77E
:10942000F45E012000F8FFFF002BDFD0214A1FFA75
:1094300083FABEF800C0DB4310684FEA2C21C0F36A
:109440000742DBB201F0F801C0F3072B12FB0AF26E
:10945000C0B21BFB0AFB01FB03214FEAEC0210FB2D
:109460000AF04FEACC0C89B202F0FC025FFA8CFCE5
:1094700002FB03B20CFB03004B1C92B280B203EB65
:10948000112100F1010B01F478410BEB102BCBF310
:10949000C42B4BEA010102F1010B0BEB1222520922
:1094A00002F4FC621143AEF800109FE713B0BDE870
:1094B000F08F00BFF45E012070B50812BDF81050A7
:1094C0009EB2131200F0F800CC1003F0F803C900AC
:1094D00010FB06F004F0FC0413FB05F314FB06F488
:1094E0001844D310D20003F0FC0380B2D2B213FBB5
:1094F00005F312FB05F21C44CBB213FB06F3A4B236
:109500001344421C9BB202EB102000F47842581C1A
:1095100000EB1320C0F3C4201043621C02EB1424A0
:10952000640904F4FC64204370BD00002DE9F04F91
:109530008FB01C460D4616469DF864700490189B2B
:10954000002F00F0F68020680AAA61684FF0020838
:10955000043603C218680CAA596803C20AA8EEF7B9
:109560007FFA21460CA8EEF7BFFABDF93020BDF90D
:1095700036B002F00103BDF934900693BDF92C30EA
:1095800003F0010105910598BDF93210034401FB78
:10959000032393FBF8F31D44BDF828301A44BDF8AB
:1095A0002A301944644BADF830201868ADF83210F9
:1095B0000368DB6A9847614ABDF93240FF2F138880
:1095C0001146BDF930A003FB0BFB03FB04A400EB29
:1095D00044046BD0C7F1FF03CDF82480039304EB60
:1095E0004B03CDE90732079BA34240F29D80069BC7
:1095F000002B39D02B7805F1010809F1FF3B2288B7
:1096000003F00F03049836F81310039B00933B46B6
:10961000FFF752FF24F8020BBBF1010FA24604F141
:10962000040424DD98F80030ABF1020B34F8042C6C
:109630001B09049836F81310039B00933B46FFF771
:109640003BFF24F8040C18F8013B34F8022C03F01B
:109650000F03049836F81310039B00933B46FFF763
:109660002BFF24F8020CD7E7A846CB46D4E70ED14F
:1096700098F80030BAF800201B09049836F8131047
:10968000039B00933B46FFF717FF2AF8020B089B4A
:10969000059A1C88BDF92C30A4EB09041344099ADF
:1096A0000AEB440493FBF2F31D449CE704EB4B0BE1
:1096B000A34539D9069BFBB12B786A1C09F1FF3011
:1096C000023403F00F0336F8133024F8023C01286B
:1096D000234604F1040412DD137802381B0936F81E
:1096E000133024F8043C12F8013B03F00F0336F862
:1096F000133024F8023CEAE72A464846E7E706D159
:1097000012780233120936F8122023F8022C0C8842
:10971000059AA4EB090403EB4404BDF92C3013446F
:1097200093FBF8F31D44C3E7034B186803681B6BF6
:1097300098470FB0BDE8F08FE45E0120DC5E0120A9
:10974000F0B59DF814500F0AFF2D0CD1FF2B0AD154
:109750004809254BC1F3C40100F4FC603B401843A9
:10976000084380B2F0BD15FB03F51412D610ABB25E
:1097700004F0F804D000C1F307425D1C44EA54141D
:10978000C0B206F0FC0605EB132546EA9616C5F3B3
:1097900007251FFA85FCED4312FB0CF2EBB2FDB27C
:1097A00004FB032440EA501215FB0CF5C8B2A4B226
:1097B00010FB0CF006FB035502FB0300ADB283B2B5
:1097C000601C00EB1424581C00EB13206B1C04F4E9
:1097D000784403EB1525C0F3C4206D09204305F43C
:1097E000FC652843BEE700BF00F8FF002DE9F04FFD
:1097F0001C468DB00D461646169B8046616808AA29
:1098000020684FF0020A9DF85C90043603C2186885
:109810000AAA596803C208A8EEF722F921460AA845
:10982000EEF762F9BDF92820BDF92E7002F00103B0
:10983000BDF92CB00393BDF9243003F0010102916E
:109840000298BDF92A10034401FB032393FBFAF3AA
:109850001D44BDF820301A44BDF82230ADF8282050
:1098600019443E4AADF82A10106805920368DB6A75
:1098700098473B4BBDF92A401988BDF928C04F4392
:1098800001FB04C400EB440404EB4702CDE9063AB3
:109890000492049B9C4258D2039B002B34D02B781B
:1098A0006F1C03F00F0356F823100B0E06D022880E
:1098B000404600934B46FFF743FF208002340BF1F4
:1098C000FF3ABAF1010F22DD3B781B0956F823104D
:1098D0000B0E06D02288404600934B46FFF730FF20
:1098E000208017F8013B03F00F0356F823100B0EEE
:1098F00006D06288404600934B46FFF721FF608008
:109900000434AAF1020ADCE72F46DA46D9E70DD182
:109910003B781B0956F823100B0E06D022884046D0
:1099200000934B46FFF70CFF20800234069B029AFF
:109930001B88A3EB0B0304EB4304BDF92430134451
:10994000079A93FBF2F31D44A3E7059B186803688D
:109950001B6B98470DB0BDE8F08F00BFE45E01209F
:10996000DC5E012070B514128D789DF81060D01067
:1099700004F0F804D20015FB03F500F0FC0044EA03
:109980005414D2B204FB06554C78097840EA901082
:1099900014FB03F442EA521211FB03F3ADB200FBD5
:1099A000064402FB0633681CA4B29BB200EB1525EB
:1099B000621C581C02EB142405F4784500EB1320BC
:1099C0006409C0F3C42004F4FC642843204370BD40
:1099D0002DE9F04F8FB01C4682460E469DF864700C
:1099E0001546189B002F00F0418120680AAA616883
:1099F0004FF00208043503C218680CAA596803C264
:109A00000AA8EEF72DF821460CA8EEF76DF8BDF97F
:109A10003020BDF936B002F001030693BDF92C30B9
:109A200003F0010105910598BDF93210034401FBD3
:109A3000032393FBF8F31E44BDF828301A44BDF805
:109A40002A301944BDF93430ADF830200393894BE6
:109A5000ADF8321018680368DB6A9847864ABDF98A
:109A60003240FF2F13889446BDF9309003FB0494D5
:109A700003FB0BF300EB440471D0F94304EB430305
:109A8000CDF82480C9B2CDE907320491079BA342E7
:109A900040F2E780069B002B3DD031785046049B76
:109AA00006F1010801F00F01228800933B4601EB0B
:109AB00041012944FFF756FF039B24F8020B03F1F1
:109AC000FF3BBBF1010FA14604F1040427DD98F828
:109AD00000105046049BABF1020B090934F8042C2A
:109AE00000933B4601EB41012944FFF73BFF24F87B
:109AF000040C18F8011B5046049B01F00F0134F8C8
:109B0000022C00933B4601EB41012944FFF72AFF59
:109B100024F8020CD5E7B046DDF80CB0D1E70FD140
:109B200098F800105046049B0909B9F800200093EA
:109B30003B4601EB41012944FFF714FF29F8020BD2
:109B4000089B059A1C88039BE41ABDF92C3013442A
:109B5000099A09EB440493FBF2F31E4496E704EBE5
:109B60004303464FA3427CD9069A002A54D030784A
:109B7000711C00F00F0000EB400005EB000E285CAC
:109B80009EF802209EF801E007EA02224FEACE0E7C
:109B90000EF4FC6E42EA0E0242EAD00224F8022BD6
:109BA000039A02F1FF3EBEF1010F204604F10404C6
:109BB00036DD0878AEF1020E000900EB400005EB3F
:109BC000000A9AF801209AF80290D20007EA0929BF
:109BD00002F4FC6249EA020215F8009042EAD90256
:109BE00024F8042C11F8010B00F00F0000EB4000EA
:109BF00005EB000A9AF801209AF80290D20007EAD1
:109C0000092902F4FC6249EA020215F8009042EACE
:109C1000D90224F8022CC6E73146DDF80CE0C2E791
:109C200011D10978090901EB41016C18695CA2782E
:109C3000647807EA0222E40004F4FC64224342EA66
:109C4000D10220F8022B039ABCF800400599A41A0F
:109C5000BDF92C200A4400EB440492FBF8F21644B0
:109C600080E7044B186803681B6B98470FB0BDE88A
:109C7000F08F00BFE45E0120DC5E012000F8FFFFF2
:109C80002D4A30B513684CF2402523F001031360D0
:109C90004FF6F072294B1C681440AC4205D01C688A
:109CA0004CF270251440AC4225D1254B1B68002B8B
:109CB00039D1244B1A68C2F30B02B2F58A6F0DD06A
:109CC0001A6840F28344C2F30B02A24206D01B681A
:109CD00040F28542C3F30B03934224D11A4B012275
:109CE0001A601A68002AFCD1184B18601868431AC9
:109CF000584258410EE01B6813404DF22022934217
:109D000011D1134B40F286421B68C3F30B039342FD
:109D100001D0002030BD0F4B01221A601A68002AC2
:109D2000FCD10D4BE1E70D4B01221A601A68002AA5
:109D3000FCD10B4BD9E700BF002000E000ED00E0B4
:109D4000002004E00010005C084C0258004C02584F
:109D5000F08F0046084C0246004C02460830024094
:109D60000030024001617047837B4BB103890133AE
:109D70009BB2072B038181BF0023438183818373BF
:109D8000704700002DE9FF41984683880446174636
:109D9000ADF80630A8EB0303194A0E461BB2C18882
:109DA00000920020002BA28ABDF82850B8BF5B4269
:109DB0008DF80400ADF808101BB2ADF80A80ADF8BC
:109DC0000C50934207DC691A09B20029B8BF494216
:109DD00009B28A4210DA20696946A8EB0606EF1B31
:109DE00003685B6898470023012066812381A7816F
:109DF000A4F80480E580A07304B0BDE8F08100BF42
:109E0000F4890408F0B51E464B1E85B00446012BAC
:109E10000D4617464BD8B0F90A20D31C9BB2062B2F
:109E200016D9DFF8A0C0B4F90410CDF804C04FF083
:109E3000000CB4F906300069ADF80C1001A98DF8DA
:109E400008C0ADF80A20ADF80E3003689B6898474B
:109E5000B4F90C20D31C9BB2062B16D9DFF864C0D2
:109E6000B4F90410CDF804C04FF0010CB4F9063079
:109E70002069ADF80C1001A98DF808C0ADF80A20D2
:109E8000ADF80E3003689B6898470D4B01A9206917
:109E9000019300238DF80850ADF80A70ADF80C60FE
:109EA000ADF80E3003681B68984705B0F0BD002977
:109EB000EBD1A280C680A160A181A173E5E700BFBC
:109EC000E0890408088A0408C9100029B8BF49427B
:109ED000012808D1C1F30800B0F5807F014602DDFA
:109EE000C0F500707047FF29A8BFFF2108467047E2
:109EF00010B4D0E901349C4203D85DF8044BECF770
:109F0000A3B85DF8044B70472DE9F04F8BB00646BF
:109F10008A46CDE906239DF8503008939DF85430C9
:109F20000993ECF7FCF9B5680446002D44D073683A
:109F3000AB423DD3B0F902304FF00008B6F93420FF
:109F400002EB030BDDE9061202FB031205926A1E07
:109F50000492B4F90290B4F900704B453A4608D027
:109F6000B6F9343003EB090BDDE9061303FB0913E3
:109F70000593B4F90430B4F906109844049B013BEE
:109F80000493049B013315D034F9083FBB4217D129
:109F9000B4F90200049B484503F1FF337DD1B4F9C5
:109FA00006000144B4F904008044E9E71F4642E09A
:109FB000002002E000296DD101200BB0BDE8F08F38
:109FC00079B3002F29DBB6F93630BB4225DDC1EB72
:109FD000881196F83000FFF777FF099B10FB03F01C
:109FE00080B2411C01EB1021091211F0FF0F14D0B7
:109FF000C9B20898BAB2738E029101211344024487
:10A0000001910FFA8BF1DAF800001BB2009112B245
:10A01000416950460D460599A847049B7A1C0133B7
:10A02000CAD0B4F90070BB1A002B31DD002ABDDAAA
:10A03000002F2DDD0022B6F93630D119994202DB0E
:10A040009F1A002F24DD4FEA881196F83000FFF7A1
:10A050003BFF099B10FB03F080B2411C01EB102178
:10A06000091211F0FF0F13D092B20898C9B2738E83
:10A070003FB21344029102440FFA8BF1DAF8000068
:10A080001BB2009112B20197059947695046B84733
:10A090004B465EE7002F96DA8EE70029F8D090E76E
:10A0A0002DE9F3411E46364B002500F11408044605
:10A0B0001746C0E90031B2F90430858103819DF86B
:10A0C0002030C5818372058245824046EBF702FB52
:10A0D00084F84450A4F846506B46A4F84850A4F8BD
:10A0E0004A5084F85C5084F85D50A4F86850C4E984
:10A0F0001355C4E91555C4E91855C4E91B55306812
:10A1000071687288358803C37B88B6F904001344EC
:10A110003A88B6F906102A44E38120826846A28173
:10A1200061823946EDF7E0FC04F10C00EDF798FC94
:10A13000BDF90230BDF800204046A4F84830A4F82C
:10A140004620EBF7ABFABDF90030B4F912202046F7
:10A150005B01E364BDF902305B012365BDF90430A6
:10A160005B016365BDF906305B01A365B4F910308E
:10A17000A4F84A30C4E90F3202B0BDE8F08100BF54
:10A18000448D040838B590F85C30044693B190F8DB
:10A19000683090F8692013420CD100F1140523B106
:10A1A000D0E918122846FFF7A3FE2846D4E91B126F
:10A1B000FFF79EFE002384F85C30D4E90603984242
:10A1C00034BF0020012038BD2DE9F341857A0446D3
:10A1D00069434D1C05EB11252D1200F0988090F875
:10A1E0005D30002B00F09380FFF7CCFF074600287E
:10A1F00045D06068474E036837689B6898470146BA
:10A200003846E8F7A5FB0746D0F7C0FE03681B6B8E
:10A2100098478046D0F7BAFE0368DB6A98470B2858
:10A220005AD8DFE800F0505B6B0659304064646434
:10A230006464B4F90C100822B4F90E3091FBF2F208
:10A2400008FB03231F444B4201F0070103F00703FF
:10A2500058BF5942C9B2EDB23A460FFA88F304F139
:10A260001400CDE900156168FFF74EFE07466068EF
:10A2700003681B699847306803681B6B984738462A
:10A2800002B0BDE8F081B4F90C100422B4F90E302C
:10A2900091FBF2F208FB03231F444B4201F0030140
:10A2A00003F00303D4E7B4F90C100222B4F90E3022
:10A2B000002991FBF2F201F0010108FB0323B8BF72
:10A2C00049421F44C6E7B4F90E30B4F90C2008FB2C
:10A2D00003F303EB42031F440021BCE7B4F90E3043
:10A2E000032108FB03F2A38913FB0123F3E7B4F96D
:10A2F0000E30B4F90C2008FB0323ECE7B4F90E3060
:10A30000B4F90C2008FB03F303EB8203E3E7012716
:10A31000B5E700BFE45E0120064B10B51B78012BAA
:10A3200007D1B0F908000B681468C3EB4013136041
:10A330000C6010BDDA5E012013B590F85C30044665
:10A34000CDE90021A3B96A4601A92046FFF7E4FF41
:10A35000E36C0199009AC91A236DD21A0191002A5F
:10A3600000920BDA012300290EDA43F0040313E014
:10A37000FFF708FF0028E6D102B010BDA36D9A4296
:10A38000ACBF02230023EEE7606D8142ACBF082022
:10A3900000201843C3B258B1002284F85C20019910
:10A3A000009AE166226784F86830C4E91812E3E78E
:10A3B00084F86900D4E90630984203D804F1140007
:10A3C000EBF75CFE012384F85C3084F85D300023F9
:10A3D000E5E773B502AB0446019101A943F8082DE6
:10A3E0001A46FFF799FFE36C0199009AC91A236D89
:10A3F000D21A0191002A00921CDBA36D9A42ACBFD5
:10A4000002200020002917DB636D9942ACBF0823AE
:10A410000023034394F86800DDB278B904F1140016
:10A42000FFF766FD019B84F868502366009B636616
:10A4300002B070BD0120E5E70423EAE713B110EA9A
:10A4400005031CD194F85C3004F11406D4E9181209
:10A450008BB984F86900D4E90630984202D83046B6
:10A46000EBF70CFE012384F85C3084F85D30304655
:10A47000DDE90021D4E73046FFF73AFDF7E71D4656
:10A48000D0E7000030B52DED108BF6EE00BA85B0A8
:10A4900005460CEE101A0CEE902A0DEE103AF0EE76
:10A4A0006BAADDED18DA9DED19EADDED1AEA1B9CC9
:10A4B0009FED57BA082C78D87EEE4C6A7DEEEE7A86
:10A4C0003DEE4E6A3EEEEC7A66EEE77A3CEE0DFA31
:10A4D0007CEEADFAE6EE077A7DEE0E9A3DEEAEAA80
:10A4E0002FEE2BFA6FEEABFA69EEAB9AF5EEC07A6F
:10A4F0002AEE2BAA7FEE298AF1EE10FA3FEE8A9A15
:10A5000068EEAB8A48BFF1EE677A29EE2B9AB5EE7A
:10A51000006AF4EECB7AF1EE10FA4ADD27EE077A04
:10A5200067EEA77AA6EEA67A27EE067AF4EEC77A49
:10A53000F1EE10FA52D87EEE4D7A17EE901A7EEEBA
:10A54000ED7A17EE900A01F0C3FB7DEE4C7A08EE2F
:10A55000100A17EE901A7DEEEC7A17EE900A01F0D1
:10A56000B7FB07EE900A9FED2B7A78EE677AF5EE4F
:10A57000C07AF1EE10FA48BFF1EE677AF4EEC77ACE
:10A58000F1EE10FAA4BF9FED247A77EE677A9FED83
:10A59000237AF4EEC77AF1EE10FA1FD519EE102ADD
:10A5A00018EE901A2846E9F753FC05B0BDEC108B65
:10A5B00030BD7CEE0E7AB0EE687AF0EE496AA7EE16
:10A5C000EA7A7CEEAE7AE7EEEA6A66EEA67AE7EE23
:10A5D000077AF4EEC67AF1EE10FADFD901341CEEF8
:10A5E000902A1CEE101A8DED029A03941FEE103A79
:10A5F000CDED018A2846CDED00FAF0EE4ADAFFF7FC
:10A6000041FFB0EE69DAF0EE49CAB0EE68CA51E730
:10A61000FFE6DB2EDB0F4940DB0FC940CDCCCC3D44
:10A6200030B52DED108B8BB004460AEE101A0BEEF0
:10A63000102A0FEE903A9DED1E8ADDED1F8A9DEDEA
:10A64000209A9DED21CADDED22CA239D9FEDC9FA16
:10A65000082D00F22A81F6EE007A38EE8C6A7FEE41
:10A66000A86A3AEE2F7A26EE276A39EE2CDA27EE20
:10A67000277A8DED066AA6EEA76A2DEE27DA8DED14
:10A68000097A7BEE08DA9DED09EA38EE097AA6EE42
:10A69000A7EA66EE276A6DEEA7DACDED086AF0EE5E
:10A6A0004D6AF0EE6DEA2EEE27EAE7EE276AE7EE56
:10A6B00027EA26EEA77A6EEEA7EA8DED077A9DEDE2
:10A6C000087A7EEE07AA9DED077A7EEE87BA6AEEDB
:10A6D000A7AAB0EE677A6BEEA7BA002D00F028812A
:10A6E0007CEE4A4ADFEDA45A78EE6C6A7CEECB7AB7
:10A6F0003FEECC6A64EEE66A38EECC5AE6EE276AA4
:10A7000039EE6C6A24EEC66AF5EEC06AA5EE276AD9
:10A71000B5EE005AF1EE10FA48BFF1EE666AB5EEFA
:10A72000C06AF1EE10FAF4EEE56A48BFB1EE466A8F
:10A73000F1EE10FA40F3BD80B4EEE56AF1EE10FAE6
:10A7400066DD64EEA44A76EE866AE7EEA74A66EE18
:10A75000A66A64EE857AF4EEE76AF1EE10FA00F28A
:10A76000E78078EEEF7A17EE901A79EE487A17EED6
:10A77000900A01F0ADFA7FEECA7A09EE900A17EE60
:10A78000901A78EE4B7A17EE900A01F0A1FA07EED4
:10A79000900A39EEE78A7CEE687AB5EEC08A17EE49
:10A7A000901A7CEEC97AF1EE10FA17EE900A48BFC3
:10A7B000B1EE488A01F08CFA07EE900A77EEE99A3A
:10A7C000F5EEC09AF1EE10FAB4EECF8A48BFF1EE82
:10A7D000699AF1EE10FAF4EECF9AA4BFDFED677A32
:10A7E00037EEC88AF1EE10FAA4BFDFED647A77EE97
:10A7F000E99ADFED637A78EE299AF4EEE79AF1EEC2
:10A8000010FA40F195801BEE902A1AEE901A49E05A
:10A8100067EEA77A66EEA66AE4EEA47A67EE857A1A
:10A82000F4EEE76AF1EE10FA00F2828078EEEF7A49
:10A8300017EE901A79EE487A17EE900A01F048FA6E
:10A840007FEECA7A09EE900A17EE901A78EE4B7AEC
:10A8500017EE900A01F03CFA07EE900A79EEE79ABB
:10A86000F5EEC09AF1EE10FA48BFF1EE699AF4EEF7
:10A87000CF9AF1EE10FAA4BFDFED407A77EEE99AB5
:10A88000DFED3F7AF4EEE79AF1EE10FA50D518EECC
:10A89000102A1FEE901A2046E9F7DAFA19EE102A6C
:10A8A00018EE901A2046E9F7D3FA0BB0BDEC108BE6
:10A8B00030BDDFED316AB4EEE66AF1EE10FA1FDD6D
:10A8C00067EEA77A66EE066AE4EEA47A67EE857A0A
:10A8D000F4EEE76AF1EE10FA2AD87CEE687A17EE09
:10A8E000901A7CEEC97A17EE900A01F0F1F978EE31
:10A8F000EF7A09EE900A17EE901A79EE487AA7E7F8
:10A900007AEE0C7AF0EE6A6AB0EE6B6AE7EEC76A2E
:10A91000F0EE667A7BEE2C6AA6EEC76A26EE067A21
:10A92000A7EEA77AB4EEC57AF1EE10FA7FF66BAF18
:10A9300001351BEE102A1AEE101ACDED04BA05955A
:10A940002046CDED03AAB0EE4D9ACDED02EAB0EE71
:10A950006BBA8DED01EAB0EE6AAACDED00DA099B83
:10A96000FFF75EFEDDED068A9DED078ADDED08FA54
:10A970006EE600BFDB0F4940FFE6DB2EDB0FC94070
:10A98000CDCCCC3D044B10B5044640F8143BEAF75F
:10A990007DFE204610BD00BF448D040810B504465E
:10A9A000FFF7F0FF7421204600F00CFA204610BD9E
:10A9B0000B79002B0CBF0123002370B5044690F8DF
:10A9C0002C500E4680F82C3009D14DB13379012B33
:10A9D0000CD1236820461B6EBDE8704018472DB18E
:10A9E000236820465B699847002DEFD170BD0000B9
:10A9F00008B50368DB0705D443782BB901234370FE
:10AA0000184608BD002008BD042000F08BF8034B59
:10AA10000360034A034900F025FA00BFA48D04082F
:10AA20000DAF03086C8D040801230360704700BF5D
:10AA3000F0B4224C6368A0F108061BB350F8087C00
:10AA4000F519AB421ED822D05968002931D08D4269
:10AA500003D32EE0954205D211464A681C1D0B46D1
:10AA6000002AF7D195421CD023681A6899188E42A3
:10AA70001CD05B6840F8043C236840F8087C5E60AA
:10AA8000F0BC704740F8043C6660F0BC7047D3E906
:10AA90000023174440F8087C40F8043C6660F0BC92
:10AAA0007047D5E900324A601F44DDE717441F6054
:10AAB000EBE70A4604341946D4E700BF4069012099
:10AAC00030B4174C00F108026368082A38BF082226
:10AAD00003B30732196822F007028A4204D81BE048
:10AAE00001688A4205D9034658680028F8D130BC6D
:10AAF000704704338C1A072C456808D981184D60BB
:10AB00008450186802601960083030BC70470160DA
:10AB10001D60F9E71846EAE71846231DEAE700BF7B
:10AB20004069012010B500F18004204602F016FDB6
:10AB300038B1034680220021184603F059F88030CE
:10AB400010BD2046FFF7BCFF03460028F2D100F0FD
:10AB500043F800BF064A93688038984203D9D26808
:10AB60001344984201D302F001BDFFF761BF00BF5B
:10AB70004069012038B5084C4FF41E652846E56051
:10AB800002F0ECFCA06020B100236060C0E900533B
:10AB900038BDE060606038BD4069012008B51B2207
:10ABA0000249022005F01EF800F016F8508D040846
:10ABB00008B5804702F0C4F800F032FE02F0C0F899
:10ABC0000D46044600F06CFE013501D000F02CF873
:10ABD000204600F02FFD00BF08B5034B1868BFF3F7
:10ABE0005B8FFFF7E5FF00BFC000002008B580477E
:10ABF000FFF7F2FF08B5034B1868BFF35B8FFFF751
:10AC0000F5FF00BFC4000020024B1868BFF35B8F44
:10AC1000704700BFC0000020024B1868BFF35B8F75
:10AC2000704700BFC40000201EB400F08DF81EBCA9
:10AC3000CDF7E4FBF0B50278472A83B00D461F46F6
:10AC40001ED00023254C0193236820469B6898471B
:10AC500080B1019B1B68019302262B682146284680
:10AC60001C6901AA0123A04730B1019B3B6030461B
:10AC700003B0F0BD0126F0E70646304603B0F0BD54
:10AC800043784E2BDDD18378552BDAD1C378432B13
:10AC9000D7D10379462B15D00379432BD1D14379F2
:10ACA0002B2BCED183792B2BCBD1C379012BC8D8B9
:10ACB00050F8204C02D058300190C5E7204654F897
:10ACC000784CF9E743794F2BE6D18379522BE3D1C6
:10ACD000C379002BE0D10193014CB5E7DC8D04086A
:10ACE000D48D040810B5044600F022FE2378472BCB
:10ACF000A4F1200204D0836823BB8260012010BD30
:10AD000063784E2BF7D1A378552BF4D1E378432BFE
:10AD1000F1D12379432BEED163792B2BEBD1A3799E
:10AD20002B2BE8D1E379012BE5D854F8043C01330F
:10AD3000012B44F8043CE1D1836844F8083C82606C
:10AD4000012010BDFFF748FF08B500F0F1FD836852
:10AD500083B393F82020472A04D00022826003F1B5
:10AD6000200008BD93F821204E2AF6D193F8222026
:10AD7000552AF2D193F82320432AEED193F82420C8
:10AD8000432AEAD193F825202B2AE6D193F82620EE
:10AD90002B2AE2D193F82720012ADED8DA69013A7A
:10ADA000DA61002ADBD19A69826000229A6103F19C
:10ADB000200008BDFFF710FF0B460146184601F0C2
:10ADC000E5BF00BF00F0CEB8012810B51AD8BFF318
:10ADD0005B8FA1F1280353E8002F013A43E80020DC
:10ADE0000028F8D1BFF35B8F5AB951F81C3C01F130
:10ADF00058040BB1204698472046BDE81040FFF7A5
:10AE0000A9BE10BD51F8140CFFF7D2FEF8B500250D
:10AE100040E91E1240F8805C0446FFF7FDFE44F84E
:10AE2000700CFFF7F1FE472343224E2755260C49AD
:10AE300004F8583C2B2304F8515C04F8577C04F8C0
:10AE4000566C44F8501C04F8552C04F8542C04F8A3
:10AE5000533C04F8523C44F86C0CA4F18000F8BD5B
:10AE6000C9AD0308F8B505460E46174600F060FD6B
:10AE70004368044601333A46314663602846FFF78B
:10AE8000C5FF0446012344F8283B2046CDF7A4FA29
:10AE9000204600F0C5FCFFF79FFE00BF10B500F094
:10AEA00047FDD0E900420132426064B194F82020AD
:10AEB000472A0AD00022026020342046CDF7B0FA9B
:10AEC000204600F0ADFCFFF787FE94F821204E2AC3
:10AED000F0D194F82220552AECD194F82320432A6B
:10AEE000E8D194F82420432AE4D194F825202B2A91
:10AEF000E0D194F826202B2ADCD194F82720012ACF
:10AF0000D8D8626952426261D6E700BF10B5034BE0
:10AF10000360044600F012F8204610BDA48D04081A
:10AF200010B5054B0360044600F008F820460421E4
:10AF3000FFF748FF204610BDA48D0408704700BFEE
:10AF4000704700BF00487047C48D04080048704730
:10AF5000B08D040810B504210446FFF733FF2046E6
:10AF600010BD00BF02F002BB5028F8B51CD000F0A5
:10AF70000F040C2C56D8DFE804F0074151071F5589
:10AF80005555552723071F00144654F8045B45B157
:10AF900000F07006102E08BF11460D44020648BF8F
:10AFA0002D681D602046F8BD033222F0030454F8DA
:10AFB000045B1D602046F8BD144654F8085BE6E7C4
:10AFC000144634F9025BE2E700252F46144614F8D4
:10AFD00001CB0CF07F06BE401CF0800F45EA060551
:10AFE00007F10707F3D11F2FD1D81CF0400FCED0A7
:10AFF0004FF0FF3606FA07F73D43C9E700252F4615
:10B00000144614F801CB0CF07F06BE401CF0800FF4
:10B0100045EA060507F10707F3D1B8E7144634F807
:10B02000025BB4E701F08CFE00F07000202811D024
:10B030000BD9402806D050280AD030280DD1084618
:10B04000CDF7D6BB0846CDF7C3BB08B1102804D155
:10B05000002070470846CDF7CFBB08B501F070FE61
:10B06000F8B50C461546074608B1CDF7B1FB286088
:10B070002678FF2E04F1010429D1686023782B750E
:10B08000FF2B04F1010032D0102300242B7522463F
:10B0900010F8011B01F07F039340090644EA030402
:10B0A00002F10702F4D40444EC6003786B750024C9
:10B0B0000130224610F8011B01F07F0393401C432E
:10B0C0000B0602F10702F5D404442C61F8BD3946A1
:10B0D0003046FFF7A9FF224601462B1D3046FFF7F9
:10B0E00043FF0446601C23782B75FF2BCCD1002333
:10B0F000EB60DAE72DE9F04F00F0030499B000238C
:10B10000012C884617460C9300F096800DD3022C34
:10B1100040F05F8239464046CDF746FB002800F0FC
:10B120009B80092019B0BDE8F08F0207F2D40123FB
:10B13000049318AA002342F82C8D19460092384631
:10B140000C22CCF7C1FD3846CDF748FB059000280E
:10B15000E0D012AB1A46059906933846FFF780FFF8
:10B1600005469DF85C00FF2800F0E5803946FFF7B2
:10B170005BFF044600230DF1440B1946CDF800B0E7
:10B180000F2238461494CCF77DFD119E169B26F0B5
:10B1900001069D4206F1FF3680F0D4800DF13C0A95
:10B1A0000DF140099DF85D40FF2C4FF0000103D0E8
:10B1B0002046FFF739FF01462A4620465346FFF74F
:10B1C000D3FE9DF85D40FF2C05464FF0000103D0F3
:10B1D0002046FFF729FF01462A4620464B46FFF747
:10B1E000C3FE9DF85D40FF2C05464FF0000103D0E3
:10B1F0002046FFF719FF01462A4620465B46FFF727
:10B20000B3FE00240546214615F8012B02F07F030A
:10B210008B401C43130601F10701F5D4129B0F9AD2
:10B220001344B3421FD9049BDB0700F19180049BB8
:10B230001C0715D5FFF7D0FC10F008041CD018AA85
:10B2400044F0020442F82C1D3846009219460C22A4
:10B250000494CCF739FD76E7082019B0BDE8F08FEB
:10B26000404600F0D7F9109A1344B34200F28880A8
:10B27000169BAB4296D8D6E712AB009306930D22ED
:10B28000234621463846D8F82050CCF7FBFC129BC9
:10B290009D4202D0022304934BE718AA234642F8AA
:10B2A0002C8D2146009238460C22CCF70DFDD8F8A3
:10B2B00030300393002BD3D0D8F828301A46D8F872
:10B2C0002C3005930DF13C0A0DF140091346002B7B
:10B2D0001C46C0F22781032518A9002341F8288DB8
:10B2E0001A46009138461946CCF7EEFC0023194661
:10B2F0000122CDF800A038460F94CCF7E5FC0023DE
:10B3000019460F22CDF800903846CCF7BBFC109BB5
:10B31000039ACDF8009003F001040023144338464B
:10B3200019460F221094CCF7CFFC022D05D0072030
:10B3300019B0BDE8F08F00241CE74046FFF7D2FCAF
:10B340000720EFE6049BD9077FF571AF0DF14009A7
:10B3500000240394002319460D22CDF800903846AE
:10B360000C9DCCF78FFC059A109BC8F82C20039AF3
:10B37000C8F83020C8E90954C8F820300620D1E6C2
:10B38000119B002B3FF4C6AE139A9A180392002C1F
:10B3900000F0F080169B013C2344002A3FF4BAAE33
:10B3A000002B00F0F880049A12F00802099200F0D5
:10B3B000038147214E2288F8001088F8012055218A
:10B3C000432288F8021088F8032046214F2288F88B
:10B3D000041088F805205221002288F8061088F809
:10B3E0000720CDE90A7A00220792CDF820900024A8
:10B3F000214600E02B461D4615F8010B00F07F02A8
:10B400008A40060644EA020401F10701F2D41F292A
:10B4100005D8400603D501228A4052421443002633
:10B420003146A14613F8010F00F07F028A4016430F
:10B43000020601F10701F5D41F2905D8470603D5F7
:10B4400001238B405B421E43002C4CD04EDC04F1A8
:10B45000010ACAEB8A72159B03EB820753F822108C
:10B46000B8F1000F01D0099B2BB151B3002E00F0B1
:10B470008B80AB19BBE70C9B119329B991E057F86E
:10B48000041F002900F08D8039445B4600224046AD
:10B49000FFF7D0FB0028F2D0E8E7E2005242DDE9F6
:10B4A00014131A44089BFFF75FFD109949B1B8F1D6
:10B4B000000FDBD00CAB00224046FFF7BBFB00289F
:10B4C000D4D0049BD8074A46DDE90A7ADDF82090FB
:10B4D0003FF540AF099B002B3FF4F8AE002CBFF6C0
:10B4E000FAAEFFF787FB01230793BFE79DF85C00E7
:10B4F000FF283BD000F00703042B6AD801A252F8C2
:10B5000023F000BF1FB50308D3B5030819B503081E
:10B510001FB503089BB4030862005242BFE7A200B4
:10B520005242BCE701331D46DDE905123846FFF7FC
:10B5300097FD9DF85C00FF281AD03946FFF774FD8F
:10B54000C5EB85729200159D1490AB58154433B12C
:10B550002A46002352F8041F01330029FAD104229D
:10B56000C8E90C25C8E90A300325B5E6002296E7AC
:10B570000020E5E7039B002B3FF4CCAD049BDA07EA
:10B580003FF5C8AD0225A7E6DDE90739DDE90A7A0E
:10B59000002B3FF4BFAD049BDD073FF5BBAD00249E
:10B5A000F0E7049B0A9FDDF82090DE075546DDF8A2
:10B5B0002CA03FF5CFAEB7E798F80720012A0CBFC3
:10B5C00058F8202C08F158020C920AE700F028F9EC
:10B5D00030E601F0B5FB00BF0378472B01D0002017
:10B5E000704743784E2BFAD18378552BF7D1C37827
:10B5F000432BF4D10379432BF1D143792B2BEED19B
:10B6000083792B2BEBD1C07901288CBF002001203E
:10B61000704700BF10B530B1044600F001F9204674
:10B62000FFF7DAFF08B9FFF7D7FA54F8140CFFF761
:10B63000BFFA00BF2DE9F04F85B00246FFF7CCFFFF
:10B6400050B152E906851046966AD2E90C7400F0B2
:10B65000E7F84046FFF7CAFA104600F0E1F8FFF7B6
:10B66000C9FA00F0DDF8FFF7B7FA00F0D9F800F0FA
:10B670005BF9036893F827200DF1100A012A0CBF2B
:10B680001A6803F178024FF0000820334AF8082DB9
:10B6900027F0030B0193C146B1451BDA276807B1B8
:10B6A00027445346002239460198FFF7C3FAE8B908
:10B6B0003B6814491B69009304AA012342F8040D56
:10B6C0003846009FB847002818BF804609F1010995
:10B6D0005C44E1E7B8F1000F10D00420FFF722FA34
:10B6E000094B0360094A0749FFF7BCFBFFF7D6FB8C
:10B6F00000F0D6F800F0D4F8FFF796FA2846FFF7E6
:10B7000057FA00BFE48D0408688E040841AF0308AF
:10B7100070B53C4B1A7882B0002A35D101241C70D8
:10B7200000F02EFA00283DD04468374D23782A2BAC
:10B7300002AB4FF0FF3208BF013443F8042D002262
:10B7400011462046CBF774FA2B680646DB682F4873
:10B750003022012101F0C6FE019B7BB12B682046FF
:10B76000D96801F0A1FB2B682948DB68022201217E
:10B7700001F0B8FE019B8BB1FFF790FB2B683046C0
:10B78000D96801F091FBEEE71F4B22481B681D2290
:10B79000DB68012101F0A6FE01F0D2FA304601F08B
:10B7A000E5FEE9E7184B1C481B682146DB682D22A3
:10B7B00001F098FE01F0C4FA01290C4619D100F0FD
:10B7C0002FF803689B6898472B680646DB68134888
:10B7D00021460B2201F086FE2B683046D96801F025
:10B7E00063FB2B680A20D96801F0F0FA00F058F8E2
:10B7F000E0E700F015F800F053F8DBE700F050F850
:10B80000FFF712FA50690120CC000020948E040842
:10B81000C88E0408748E0408CC8E0408FC8E0408BC
:10B8200038B5044600F084F822780368472AA4F16A
:10B83000200104D08BBB1C460160204638BD6278D5
:10B840004E2AF7D1A278552AF4D1E278432AF1D1D1
:10B850002279432AEED162792B2AEBD1A2792B2AC5
:10B86000E8D1E279012AE5D854F80C2C002A11DB42
:10B870000132456844F80C2C8B4205F1FF354560D8
:10B880001CBF44F8103C01602046646ACCF7F2F912
:10B89000204638BDC2F10102EBE7FFF79DF900BF7A
:10B8A00008B500F041F80246006870B390F8203007
:10B8B000472B06D0002313602030BDE80840CCF7AA
:10B8C000DBB990F821304E2BF4D190F82230552B73
:10B8D000F0D190F82330432BECD190F82430432B57
:10B8E000E8D190F825302B2BE4D190F826302B2B83
:10B8F000E0D190F82730012BDCD84369002B05DB21
:10B90000013B002B07D00DDB436108BD0133FBD1A8
:10B9100001691160F8E7036913602030BDE8084051
:10B92000CCF7AAB9FFF758F90048704754690120CD
:10B93000004870475469012010B5034B036004466A
:10B9400000F0C2F8204610BDA897040810B5054BBA
:10B950000360044600F0B8F820460C21FFF732FAE5
:10B96000204610BDA897040870B582B00E46069C0C
:10B970009442054609D0A868056806942C6A3146A9
:10B98000A44602B0BDE8704060471946019200939A
:10B9900000F062F8DDE900320028ECD0062002B0A9
:10B9A00070BD00BF2DE9F04F0E4681B019461F460D
:10B9B00091468346DDE90A4ADDE90C8500F04CF842
:10B9C00070B1002E2C6085F804901DDB3444A04536
:10B9D0000CBF06240124AC71002001B0BDE8F08F3B
:10B9E000444516D0DBF80800D0F800C0CDE90C853E
:10B9F000CDE90A4ADCF81C403B464A463146A4469B
:10BA000001B0BDE8F04F60470236E5D10123AB71CC
:10BA1000E2E75146584600F01FF80028E2D085F8CA
:10BA20000590D9E72DE9F04107460C4615461E461C
:10BA300000F084F808B1BDE8F081B86807682146D5
:10BA4000BC6933462A46A446BDE8F041604700BFC2
:10BA5000704700BF0020704781420FD008B5406892
:10BA600003782A2B0CD049680B782A2B08BF0131A8
:10BA7000CCF7CAFFB0FA80F0400908BD012070473A
:10BA8000002008BD70B5036884B000249E6900944E
:10BA900010231546CDE9023412688DF804406B4638
:10BAA000B0479DF8043003F00603062B03BF009B4C
:10BAB0002B600120204604B070BD00BF009890426A
:10BAC0000CBF06200120704710B5034B03600446ED
:10BAD000FFF7BEFF204610BD1C98040810B5054BAB
:10BAE00003600446FFF7B4FF20460821FFF76AF918
:10BAF000204610BD1C9804082DE9F041DDE908142A
:10BB0000069D8D4290461F4606460CD0394630466B
:10BB1000FFF7A2FF20B10123256084F80480A37100
:10BB20000020BDE8F0810799FFF796FF0028EDD0CF
:10BB300084F805800020BDE8F08100BF38B51546C7
:10BB40001C46FFF789FF20B1082206232560E2602A
:10BB5000237138BD2DE9F04117461C4606460D46B7
:10BB6000FFF77AFF08B9032C01D9BDE8F0812B68F3
:10BB70003A46314628465B69BDE8F041184700BFA8
:10BB800008B5FFF7D5FE006830B190F8273000689F
:10BB9000012B08BF50F8780C08BD00BF00B585B078
:10BBA000234A0190019B23F0004393421DDDB3F132
:10BBB000FF4F08DBDDED017A77EEE77A17EE900AAA
:10BBC00005B05DF804FB02A900F092F900F0030251
:10BBD000012A14D0022A22D0D2B10122039902985C
:10BBE00000F0A8FE07EE900AE8E7002100F0D8FA7E
:10BBF00007EE900A17EE900A05B05DF804FB039972
:10BC0000029800F097FE07EE900AF1EE677AD5E70A
:10BC10000399029800F0C4FA07EE900ACEE7039960
:10BC2000029800F0BDFA07EE900AF1EE677AC5E7D8
:10BC3000D80F493F00B585B0244A0190019B23F0FD
:10BC4000004393421EDDB3F1FF4F08DBDDED017AC7
:10BC500077EEE77A17EE900A05B05DF804FB02A9CB
:10BC600000F046F900F00300012816D0022823D086
:10BC7000D0B10399029800F093FA07EE900AF1EE22
:10BC8000677AE7E70022002100F054FE07EE900AF1
:10BC900017EE900A05B05DF804FB0399029800F0D6
:10BCA0007FFA07EE900AD5E701220399029800F087
:10BCB00041FE07EE900ACDE701220399029800F0B9
:10BCC00039FE07EE900AF1EE677AC3E7D80F493FD5
:10BCD00000F054B810B52DED028B8AB008EE100AB2
:10BCE00000F056FA234B93F90040631C09D0B4EEE0
:10BCF000488AF1EE10FA04D6B5EEC08AF1EE10FAD9
:10BD000003D40AB0BDEC028B10BD01231A4A009384
:10BD100018EE100A002301920893CBF763F9002272
:10BD2000CDE90401CDE902010023ACB1104619466A
:10BD3000CBF7DAFA022CCDE906010FD101F02CF88D
:10BD400021230360089B7BB9DDE90601CBF7B4FB37
:10BD50000AB0BDEC028B10BDCDE90623684600F0A9
:10BD600037FE0028EED1E9E701F016F8089B0360E2
:10BD7000EAE700BFC80000204098040830B583B04F
:10BD800007EE900A0191019B23F00042B2F1FF4FB0
:10BD900017DC20F00041B1F1FF4F054611DCB3F193
:10BDA0007E5F3FD09C1704F0020444EAD07481B94E
:10BDB000022C4CD09FED437A032C08BFF0EE477A5B
:10BDC00003E09DED017A77EE277A17EE900A03B033
:10BDD00030BDF2B1B2F1FF4F29D0B1F1FF4F18D011
:10BDE0008A1AD2153C2A35DC002B36DA3C3234DA9A
:10BDF000DFED357A012C47D0022C3CD0002CE4D06A
:10BE0000DFED326A9FED327A77EEA67A77EEC77A67
:10BE1000DBE7DFED307A9FED307A002DB8BFF0EE32
:10BE2000477AD2E703B0BDE8304000F0D3BDB1F1AE
:10BE3000FF4F30D0022C0AD0032C39D0DFED277A07
:10BE40009FED217A012C18BFF0EE477ABDE7DFEDB8
:10BE5000207ABAE7DFED1F7ACCE7019807EE100AE7
:10BE6000C7EE877A17EE900A00F092FE00F0B2FD5E
:10BE700007EE900ABEE7DFED156A9FED157A77EEC3
:10BE8000A67A77EE677AA0E717EE903A03F10043BF
:10BE900007EE903A99E7022C10D0032C0BD0DFED7F
:10BEA000107A9FED107A012C18BFF0EE477A8CE7DC
:10BEB000DFED047A89E7DFED0C7A86E7DFED0B7AB8
:10BEC00083E700BFDB0F49C0000000002EBDBB337D
:10BED000DB0F4940DB0FC93FDB0FC9BF000000800B
:10BEE000DB0F49BFDB0F493FE4CB16C0E4CB164064
:10BEF00070B5994A20F00044944286B06BDD974AB1
:10BF0000944206461CDC002824F00F04DFED947AEE
:10BF1000944A07EE100A64DD944277EE677A00F0E7
:10BF2000D5809FED917A77EEC76A012077EEE67AA9
:10BF3000C1ED006A77EEC77AC1ED017A06B070BD37
:10BF40008A4A94420D4660DDB4F1FF4F80F2B4801E
:10BF5000E215863AA4EBC25307EE903ABDEEE77ABB
:10BF6000DFED836AB8EEC77A77EEC77A8DED037A94
:10BF700067EEA67ABDEEE77AB8EEC77A77EEC77AB3
:10BF80008DED047A67EEA67AF5EE407AF1EE10FABE
:10BF9000CDED057A40F0CC80B5EE407AF1EE10FAA6
:10BFA0000CBF01230223734901910221009103A8D0
:10BFB000294600F07FF9002E11DA95ED007AD5EDD3
:10BFC000017AB1EE477AF1EE677A404285ED007A68
:10BFD000C5ED017A03E0002208604A60002006B047
:10BFE00070BD944277EE277A00F08F809FED5E7AE5
:10BFF00077EE876A4FF0FF3077EEE67AC1ED006AA0
:10C0000077EE877AC1ED017AE9E700F0C1FD9FED97
:10C010005A6A9FED535ADFED546A07EE100AF6EEA6
:10C02000007AE7EE067AFDEEE77AB8EEE76A17EEF9
:10C03000900AF1EE465AF0EE477A1F28E5EE857A2F
:10C0400026EE267A54DD77EEC76A16EE903AE415AE
:10C05000C3F3C753E31A082B54DD9FED487ADFED95
:10C06000486AB0EE675AA5EE875A77EEC57AE5EED4
:10C07000877AD6EE267A75EE676AB0EE677A16EEA4
:10C08000903AC3F3C753E41A192C53DCC5ED006A88
:10C09000F0EE457A77EEE67A002E77EEC77AC5EDB8
:10C0A000017A9CDAF1EE666AF1EE677AC5ED006A14
:10C0B000C5ED017A404292E707EE900A77EEE77A03
:10C0C0000020C1ED017AC1ED007A88E7DFED2B6A2F
:10C0D0009FED2B7A77EEE67A012077EEC76A77EE4E
:10C0E000E67AC1ED006A77EEC77AC1ED017A76E7AC
:10C0F000421E244B53F8223024F0FF029A4277EE7E
:10C10000C76AA2D0C5ED006AC4E7DFED1C6A9FEDE7
:10C110001C7A77EEA67A4FF0FF3077EE876A77EEDB
:10C12000E67AC1ED006A77EE877AC1ED017A56E7CB
:10C13000032338E7DFED146ADFED144AF0EE457AA9
:10C14000E5EEA67A35EE677AA5EEA67A96EE247A23
:10C1500077EEC76AD6E700BFD80F493FE3CB16405A
:10C16000800FC93FD00FC93F43443537800F494343
:10C1700000008043C898040884F9223F0044353702
:10C1800008A3852E4898040800A3852E32318D24FB
:10C1900007EE900AF1EEE77A17EE900A704700BFBB
:10C1A00020F00043B3F1485F06EE100A06EE901A45
:10C1B0002EDAFDEEC67A17EE903A002B5FD026EE0F
:10C1C000067ADFED343A9FED344ADFED344A9FEDD5
:10C1D000345ADFED347ADFED345AA7EE234AE7EE26
:10C1E000044AA7EE245AE7EE057AE7EE275A65EEF1
:10C1F000875A66EEC66AB6EE006AE7EE256AF7EE83
:10C20000007AD7EE066A77EEE67A17EE900A704764
:10C2100026EE067ADFED1F3A9FED1F4ADFED1F4A3B
:10C220009FED1F5ADFED1F7ADFED1F5A1F4AA7EE61
:10C23000234A9342E4EE074AA4EE875AE5EE077AD2
:10C24000E7EE875A65EE875AD3DD194A93421BDC25
:10C2500003F17F4307EE903AB7EE005A35EE675A86
:10C2600066EEC66AB6EE006AE7EE256AD7EE067A93
:10C2700077EEE67A75EE677A17EE900A7047F7EE7A
:10C28000007A17EE900A7047B6EE075AF5EE027A7A
:10C29000E6E700BF4ED747ADF6740F317CF293B49A
:10C2A000010DD037610BB6BAABAA2A3D9999993ED8
:10C2B0000000483F2DE9F04F2DED048BD7B003F17E
:10C2C000FF390293D31E48BF131DBA4C649D0591DC
:10C2D000DB1023EAE37354F82560039303F10108AC
:10C2E000A2EBC80816EB09028646A3EB090316D495
:10C2F0001A449FEDB17A6598511C1AAA002BA4BF6D
:10C3000050F8234007EE904A03F10103ACBFF8EE6A
:10C31000E77AF0EE477A8B42E2EC017AEED1029BAB
:10C32000002E4FEA83044FEA860A1DDB1AAB181968
:10C3300043AA7346191902EB0A0742ADF446B9F154
:10C34000000FDFED9D7A09DB02466346F3EC016ADC
:10C3500032ED017A8B42E6EE877AF7D1E5EC017A8D
:10C36000BD4200F10400EAD1AAF1080306ADEB18C2
:10C3700004939FED939ADFED918A009605ABB34647
:10C3800074449A4442AF76464FEA8B0356AA1A4445
:10C39000BBF1000F52ED146A16DD07EB8B02294644
:10C3A00066EE897AB0EE667AFDEEE77A32ED016AE2
:10C3B000F8EEE77ABA42A7EEE87A77EE866ABDEE43
:10C3C000C77AA1EC017AEBD1414616EE900A0193AF
:10C3D00000F03CFC08EE100AF4EE007A68EE277AD2
:10C3E00017EE900A00F0D8FB07EE100AF2EE007A82
:10C3F000A7EE678AB8F1000F019BFDEEC89AF0EE38
:10C40000487AB8EEE98A37EEC88A40F3C6800BF165
:10C41000FF3CC8F1080255F82C1041FA02F000FA6E
:10C4200002F2891A45F82C1019EE90CA8444C8F11A
:10C43000070209EE90CA41FA02F2002A48DD19EE1D
:10C44000901ABBF1000F01F1010109EE901A40F3BF
:10C450003682D5F800C0BCF1000F40F09B80BBF1E4
:10C46000010F20D0AE4601205EF8041F00F1010C40
:10C47000002900F09980E6468C467146CCF5807C18
:10C480008B4545F820C00CDD55F821002B4405EB09
:10C49000810100E00868C0F1FF0041F8040B9942F7
:10C4A000F8D14FF0010CB8F1000F0EDDB8F1010F1B
:10C4B00000F02E81B8F1020F07D10BF1FF3155F8D2
:10C4C000213003F03F0345F82130022A00F00981B2
:10C4D000B5EE408AF1EE10FA40F08680009B0BF139
:10C4E000FF3C63450EDC0BF18041013905EB810116
:10C4F000002051F80439514540EA0300F9D10028E1
:10C5000040F00F81009B013B55F82330002B40F099
:10C51000FC80049B4FF0010C53F804290CF1010C32
:10C52000002AF9D0DC440BF1010EE64530DC039B18
:10C53000029A0EEB03015A4403EB0C0B1AAB01F108
:10C54000804103EB8202659B013903EB810107EB1C
:10C550008E0E03EB8B0B51F8043F9FED177A07EE1D
:10C56000903AF8EEE77A1046B9F1000FE0EC017A64
:10C5700009DB334601E072ED017AF3EC016AA34274
:10C58000A6EEA77AF7D15945AEEC017A0246E2D180
:10C59000E346F9E60121002070E715D10BF1FF32E7
:10C5A00055F82220121248E7E34560467FF45CAF5D
:10C5B0008C4678E70C9C04080000000000008043D3
:10C5C0000000803B0000C93FF6EE007AB4EEE78A37
:10C5D000F1EE10FA80F25D81B5EE408AF1EE10FACC
:10C5E0004FF000023FF47AAFC8F1000118EE100AD4
:10C5F0000192009E00F02AFB5FED106A019A07EE9F
:10C60000100AB4EEE67AF1EE10FAC0F25B815FED4B
:10C61000147A67EE277A0BF10103FDEEE77A08F151
:10C620000808F8EEE77AA7EEE67AFDEEE77ABDEEC7
:10C63000C77A17EE101A45F82B1017EE901A45F826
:10C64000231041464FF07E50CDE9002300F0FEFA62
:10C65000019B009A002B07EE100AC0F24A819F004E
:10C6600042A907F1040E5FED2A6A0F44381D05EB5D
:10C670000E0171ED017AF8EEE77AA94267EE877A4A
:10C6800027EE267A60ED017AF3D10DF1B8081FED9F
:10C69000336AC44603F101090025002EC0F204816B
:10C6A000A24CDFEDA37A3846B0EE467A002103E0D3
:10C6B000A94208DCB4EC017AF0EC016A01318E4247
:10C6C000E6EE877AF4DA01354D45ECEC017AA7F114
:10C6D0000407E2D16499032955D8DFE801F0CAB70D
:10C6E000B75DF7EE007A37EEC88ABCF1000F3FF471
:10C6F000EFAE17EE900A4146019200F0A7FA07EE5E
:10C70000900A019A38EE678AE2E64FF0010C09E7D9
:10C710000BF1FF3155F8213003F07F0345F821304C
:10C72000D3E655F82C10009E6346A8F108080029AE
:10C7300087D10CF18041013905EB810151F80409E1
:10C74000013BA8F108080028F8D07AE7DFED787AF5
:10C75000002A40F0BF809DED2E7A0599002BC1ED97
:10C76000007A77EE677A0BDD2FA80121B0EC017A11
:10C7700001318B4277EE877AF8DA002A40F0B680F2
:10C78000059BC3ED017A19EE903A03F0070057B00C
:10C79000BDEC048BBDE8F08F002B40F3C4809C00FF
:10C7A00056A921440DF1B80803F1804051ED286AE3
:10C7B000013808EB830171ED017A37EEA67A8845DE
:10C7C00077EEC77A81ED007A77EEA67AF0EE476AC7
:10C7D000C1ED017AEFD1012B40F3A58056AB1C448B
:10C7E0008000031D54ED286A43442FA973ED017A9C
:10C7F00037EEA67A994277EEC77A83ED007A77EE24
:10C80000A67AF0EE476AC3ED017AEFD10830DFED8A
:10C81000487A08EB000308F1080833ED017A9845DF
:10C8200077EE877AF9D1DDED2E6A9DED2F7A2AB168
:10C83000F1EE666AB1EE477AF1EE677A059BC3EDD9
:10C84000006A83ED017AC3ED027A9CE7002BFFF6C4
:10C850007DAF2EA800EB8301DFED357A043131ED99
:10C86000017A884277EE877AF9D1002A3FF473AFD4
:10C8700030E0DFED2F7AC6443EED017AF04577EEE9
:10C88000877AF9D10AB1F1EE677A059BC3ED007A98
:10C8900079E719EE902ABBF1000F02F1010209EECF
:10C8A000902A3ADD0222D4E5DFED217A01354D45AB
:10C8B000ECEC017AA7F104077FF4EFAE0AE74FF042
:10C8C000000CF0E5BDEEC77A5B4617EE101A45F88E
:10C8D0002B10B6E6DDED2E6A0599B1EE677A002BD6
:10C8E00076EEE77A81ED007A3FF73EAFF1EE677AB8
:10C8F00046E7649903293FF646AF01A050F821F0BE
:10C9000011C903084DC803084DC8030899C7030897
:10C91000DFED077A002AB6D1B7E7F7EE007A37EEF7
:10C92000C88A0222D4E5DFED027A7CE7E49B0408A2
:10C930000000000020F00043B3F1485F07EE900ACA
:10C9400006EE101A04DABDEEE77A17EE103A23B3BA
:10C9500027EEA77A9FED174ADFED174A9FED175A8A
:10C96000DFED175ADFED176AE7EE044A27EE874A34
:10C97000A4EE875AE5EE075AE5EE876A82B166EEC5
:10C98000C46AF6EE005AE6EE256ADFED0F5A96EE1F
:10C99000876AA4EE256A77EEC67A17EE900A70478A
:10C9A0009FED0A6AA7EE266AE6EE047A17EE900A71
:10C9B000704700BFD3C92E2F342FD7B21BEF3836A4
:10C9C000010D50B98988083CABAA2A3EABAA2ABE01
:10C9D0000020704738B520F00044B4F1A14F07EEB5
:10C9E000900A05460DDBB4F1FF4F5CDC9FED557AF4
:10C9F000DFED557A0028C8BFF0EE477A17EE900AAF
:10CA000038BD524B9C4261DCB4F1445F50DB4FF0C7
:10CA1000FF3327EEA76A9FED4E1A9FED4E2ADFEDFA
:10CA20004E1ADFED4E2A9FED4E3ADFED4E3A9FED66
:10CA30004E4ADFED4E4A9FED4E5A9FED4E7ADFEDA6
:10CA40004E5A66EE066A5A1CA6EE812AE6EEA12A26
:10CA5000A2EE263AE2EEA63AA3EE264AE3EEA64A74
:10CA6000A4EE265AA4EEA67AE5EE265A27EE267AFA
:10CA7000A5EE867A27EE277A3FD04049404A9B00B0
:10CA80001944D1ED006A37EE667A134437EE677ABF
:10CA9000D3ED007A77EEC77A002DB8BFF1EE677A52
:10CAA00017EE900A38BD77EEA77A17EE900A38BDD8
:10CAB0009FED347A37EE877AF7EE006AB4EEE67AC5
:10CAC000F1EE10FAA3DD17EE900A38BD00F060F821
:10CAD0002D4B9C4207EE100A14DCA3F5D0039C42B8
:10CAE00025DCF0EE007AFFEE006AE7EE276A00230D
:10CAF00037EE277AC6EE877A8BE777EEC77A17EE9E
:10CB0000900A38BD214B9C420BDCF7EE087AF7EE19
:10CB1000006AE7EE276A022337EE677AC7EE267AC5
:10CB200077E7FFEE006AC6EE877A032371E7F7EE38
:10CB3000007A77EE676A37EE277A0123C6EE877AA6
:10CB400067E700BFDB0FC93FDB0FC9BFFFFFDF3E59
:10CB5000D769853C59DA4B3D21A215BD6BF16EBDFD
:10CB6000356B883D95879DBD6E2EBA3D388EE3BDF1
:10CB70002549123ECDCC4CBEABAAAA3E289C040847
:10CB8000189C0408CAF24971FFFF973FFFFF1B4042
:10CB900020F00040704700BF82B00190019A22F05F
:10CBA0000041CB0D7F3B162B20DC002B10462EDBEB
:10CBB000234919410A4224D0DFED227A9DED017A02
:10CBC00077EE277AF5EEC07AF1EE10FA19DD002A39
:10CBD00004DA4FF4000242FA03F3184420EA010396
:10CBE00007EE903A17EE900A02B07047B1F1FF4F8E
:10CBF000DDED017AF6D377EEA77A17EE900A02B050
:10CC00007047DDED017A17EE900A02B07047DFED54
:10CC10000D7A9DED017A77EE277AF5EEC07AF1EE86
:10CC200010FAEEDD002A02DBDFED077ADAE7FFEE2D
:10CC3000007A002918BFB0EE677AF0EE477AD1E7A4
:10CC4000FFFF7F00CAF249710000000000B52DED22
:10CC5000028B83B00190019B33F000421DD0B2F1F2
:10CC6000FF4F0FD2B2F5000F20D3D20D0A44FE2A97
:10CC70002CDC002A3DDD23F0FF4343EAC25307EEDC
:10CC8000903A03E007EE900A77EEA77A17EE900A43
:10CC900003B0BDEC028B5DF804FBDDED017A17EE0D
:10CCA000900A03B0BDEC028B5DF804FB9DED017AA8
:10CCB000DFED1B7A1B4B67EE277A9942CDED017AA7
:10CCC00010DB019BC3F3C752193ACFE79FED168AD9
:10CCD000019918EE100A00F02DF807EE900A67EEA1
:10CCE000887AD3E7DFED117A9DED017A67EE277A36
:10CCF000CCE712F1160F06DA4CF250339942E5DC1C
:10CD00009FED0A8AE4E7193223F0FF4343EAC25356
:10CD10009FED077A07EE903A67EE877AB6E700BF95
:10CD20000000004CB03CFFFFCAF249716042A20D06
:10CD30000000003301F0004120F00040084370473C
:10CD400008B5062001F0D6F9012005F06DFF00BFFF
:10CD500000B50A4C2668054685B01C46F06852B1FD
:10CD6000074B0091CDE9013206492B46224600F0DF
:10CD700019F8FFF7E5FF044B1A46F2E7CC00002054
:10CD8000389C0408489C0408449C040813460A463E
:10CD90000146022003F0F6BE014B1868704700BF41
:10CDA000CC0000200EB410B583B005AB064C53F890
:10CDB000042B01930146206802F05CFF03B0BDE83C
:10CDC000104003B0704700BFCC000020144B70B57A
:10CDD0001D6806460C460DB1AB6B9BB1636ED80760
:10CDE00002D4A389990516D528462246314600F07B
:10CDF00055FF636EDA07054602D4A3899B0505D566
:10CE0000284670BD284604F0BBFFE7E7A06D00F0A0
:10CE1000A3FB284670BDA06D00F09CFBE4E700BFBB
:10CE2000CC00002030B587B0054608461446019175
:10CE3000CBF766FF01AA01230590CDE90202049316
:10CE40000DB1AB6BFBB1616EB4F90C30C9079AB28E
:10CE500001D4900521D5910406D4626E43F40053A9
:10CE600022F40052A3816266284603AA214600F0FC
:10CE700067F9636EDA07054602D4A3899B0506D5D8
:10CE8000284607B030BD284604F07AFFDBE7A06DE6
:10CE900000F062FB284607B030BDA06D00F05AFBE1
:10CEA000B4F90C309AB2D6E7024B0A46014618682C
:10CEB000FFF7B8BFCC000020F8B5244F0C4606465B
:10CEC00000F0E0FEBB685D68C4F57E610F3125F0BF
:10CED0000305294421F47F6121F00F01A1F580545D
:10CEE000B4F5805F07DB0021304601F0C5F8BB6870
:10CEF0002B44984204D0304600F0CAFE0020F8BD12
:10CF00006142304601F0B8F801300DD0104BBA68DC
:10CF100019682D1B45F001053046091B5560196045
:10CF200000F0B6FE0120F8BD0021304601F0A4F863
:10CF3000BA68831A0F2BDEDD064C0549246843F0DE
:10CF40000103001B53600860D5E700BFF804002010
:10CF50006069012000090020002953D0F8B50C4673
:10CF6000064600F08FFE54F804CC714F2CF00101FE
:10CF7000A4F108056B18B8685A68984222F00302B9
:10CF800053D01CF0010F5A6003EB02003BD154F860
:10CF900008CC4068A5EB0C0507F1080EAC68744599
:10CFA000614400F0010075D0D5F80CC0C4F80CC085
:10CFB000CCF8084060B341F001036B606950B1F5F3
:10CFC000007F50D34B0A042B70D88B0903F139042E
:10CFD000E40003F1380238193B590838984278D0F8
:10CFE0005A6822F003028A4271D99B689842F7D1AD
:10CFF000C368C5E902039D60C5603046BDE8F840DE
:10D0000000F046BE7047406800F001000028D2D111
:10D010009868484C1144A04241F0010262D0DB689C
:10D02000C36098606A606950C9E71CF0010F0A4448
:10D0300007D154F8083CED1A1A44D5E90213CB6025
:10D0400099603D4B1B6842F0010193426960BD60ED
:10D0500004D83A4B30461968FFF72EFF3046BDE83A
:10D06000F84000F015BEC90878684A1C01238910F1
:10D070008B40034307EBC20157F832007B6008394D
:10D08000C5E9020147F83250C5603046BDE8F840B6
:10D0900000F0FEBD002845D10A44D3E9021342F056
:10D0A0000100CB6099606860AA50D7E7142B08D9BB
:10D0B000542B1ED80B0B03F16F04E40003F16E0236
:10D0C00089E703F15C04E40003F15B0283E718469F
:10D0D0008EE793107968012202FA03F30B437B6019
:10D0E000034686E7C7E90455C5E902006A6069504E
:10D0F000B4E7B3F5AA7F06D8CB0B03F17804E400BC
:10D1000003F1770267E740F25452934206D88B0C42
:10D1100003F17D04E40003F17C025CE74FF47E74CC
:10D120007E2258E741F001026A60196096E700BF6D
:10D13000F804002000050020040900209069012067
:10D140009368002B00F0E4802DE9F04FB1F90C302A
:10D150009BB20C46190783B08246904635D52269AA
:10D160009AB313F00202D8F800603DD00027D4F83B
:10D1700024B0D4F81CC0DFF8C0923D464D452B4684
:10D180003A4628BF4B4661465046D5B1D84700289D
:10D1900040F3C680D8F808301B1A07442D1AC8F887
:10D1A0000830002B00F0B080D4F81CC0D4F824B0B4
:10D1B0004D452B463A4628BF4B4661465046002D0A
:10D1C000E4D1D6E900750836D8E72146504603F089
:10D1D00073FC002840F02A81B4F90C30D8F80060C4
:10D1E0009BB213F00202C1D113F001095DD1A7680F
:10D1F00020684D46002D54D09A0540F19B80AF42E7
:10D20000BB4600F2D88013F4906F2FD0D4E90417F6
:10D2100007EB4707A0EB010B07EBD777681C7F10E4
:10D220005844B8423A4684BF07463A465B0540F147
:10D23000D3801146504600F0A1F9002800F0F0809C
:10D240005A4621690190CBF733FBA289019B22F456
:10D25000906242F08002A281A7EB0B0203EB0B006D
:10D26000676123612060A2602F46AB465A4649465B
:10D2700000F05AFCA2682368D21B5B442F46A260D0
:10D2800023600025D8F80830DB1BB944C8F8083003
:10D29000002B39D0B4F90C30A76820689BB2002D60
:10D2A000AAD1D6E900950836A4E733469146104640
:10D2B00017464E469B46002F6BD0002871D0D4E90C
:10D2C00004122068B9454B4628BF3B46884203D923
:10D2D000A5681544AB4271DC9A4200F39380134673
:10D2E000656AE16932465046A847051E18DDB9EB6C
:10D2F00005090FD00120D8F808305B1B2E447F1B96
:10D30000C8F80830002BD6D1002003B0BDE8F08F5C
:10D31000002070472146504604F0D6FC0028EAD091
:10D32000B4F90C3043F040034FF0FF30A38103B059
:10D33000BDE8F08F2369834215D36169A94212D8F1
:10D340003C4B676A9D4294BF2B466FF000434A46B0
:10D3500093FBF1F3504601FB03F3E169B847071E65
:10D36000DEDDED1B8EE7AF4228BF2F463A46494629
:10D3700000F0DAFBA3682268DB1B3A44A36022605A
:10D38000002BEED12146504604F09EFC0028E8D048
:10D39000C6E70BF1080353E902679B460833002FE9
:10D3A000F9D03A460A213046CBF732FA38B3013089
:10D3B000A0EB060983E72F46AB4657E731462A46DE
:10D3C00000F0B2FB23682B4423602146504604F052
:10D3D0007BFC00288BD0A3E7504600F09FFC03465F
:10D3E00000287FF439AF21695046FFF7B5FDB4F945
:10D3F0000C300C2223F08003CAF8002092E707F1DA
:10D4000001095CE71A463146019300F08DFB019B50
:10D41000A1682268C91A1A44A16022601D4666E705
:10D420000C23CAF80030B4F90C307BE74FF0FF3022
:10D430006BE700BFFEFFFF7F00FCFF7F2DE9F0419F
:10D4400086B002FB03F590461E4601AA0123CDE9F2
:10D4500001150595CDE903230C9C074610B1836B9C
:10D46000002B30D0616EB4F90C30C8079AB201D4E9
:10D4700091052BD5920406D4626E43F4005322F436
:10D480000052A3816266384603AA2146FFF758FE80
:10D49000636E40B9D80702D4A38999051DD53046DB
:10D4A00006B0BDE8F081DA0706D505982D1AB5FB60
:10D4B000F8F006B0BDE8F081A3899B05F5D4A06D16
:10D4C00000F04AF8F1E704F05BFCCBE7A06D00F058
:10D4D00041F8B4F90C309AB2CCE7A06D00F03CF8FA
:10D4E0003046E6E710B582B0054C00932468134639
:10D4F0000A4601462046FFF7A1FF02B010BD00BF5B
:10D50000CC00002070B50D4E0D4D761BB61006D028
:10D510000024013455F8043B9847A642F9D1094E3E
:10D52000094D761B05F082FBB61006D000240134AD
:10D5300055F8043B9847A642F9D170BDF4A1040800
:10D54000F4A1040818A20408F4A10408704700BF5D
:10D55000704700BF704700BF704700BF024B0146D5
:10D56000186800F00BB800BFCC000020024B014649
:10D570001868FFF7F1BC00BFCC0000202DE9F04F88
:10D5800001F10B05162D83B0064623D8102900F2B1
:10D59000B98000F077FB102518230220C54F3B44CB
:10D5A000A3F108025C68944200F06681636823F08E
:10D5B00003032344D4E902515A68E96042F00102AE
:10D5C0008D6030465A6000F063FB0834204603B09B
:10D5D000BDE8F08F35F0070500F19480A94200F214
:10D5E000918000F04FFBB5F5FC7FC0F083816B0AA2
:10D5F00000F08F80042B00F24681AB0903F1390063
:10D6000003F1380CC300AB4F3B44A3F108015C6845
:10D61000A14206D10CE0002A80F21D81E468A142FB
:10D6200006D0636823F003035A1B0F2AF3DD60461C
:10D630003C69DFF894C2644571D0636823F003034A
:10D640005A1B0F2A00F34481002AC7E904CC80F258
:10D650002681B3F5007F80F06981DB08591C7A6868
:10D6600057F83180C4F808804FF0010E9B100EFA75
:10D6700003F307EBC10E1343AEF10802E2607B60D7
:10D6800047F83140C8F80C408210012494409C4275
:10D690004BD81C4206D120F0030064001C4200F16C
:10D6A0000400FAD007EBC009CE468046DEF80C3005
:10D6B0009E4507D122E1002A80F22981DB689E4540
:10D6C00000F01C81596821F003014A1B0F2AF2DD8A
:10D6D000D3E9028E5C1945F001055D6042F0010559
:10D6E000C8F80CE03046CEF80880C7E90444C4E925
:10D6F00002CC65605A50019300F0CAFA019B03F115
:10D70000080463E700240C232046336003B0BDE81F
:10D71000F08F4FF4007340204FF03F0C73E77B68AD
:10D720008210012494409C42B3D9BC68636823F002
:10D730000309A94503D3A9EB05030F2B7BDC5E4B43
:10D74000DFF888A11A68DAF80030013305EB020827
:10D7500000F0488108F5805808F10F0828F47F6828
:10D7600028F00F084146304600F086FCB0F1FF3F3C
:10D77000834600F0048104EB0900584500F2FD8067
:10D780004E4A13684344136000F04D81DAF80010EC
:10D7900001311BBFABEB00001B18CAF800B01360CF
:10D7A0001BF0070300F03481C3F10801C3F5805377
:10D7B0008B440833D844C8F30B08A3EB0808414650
:10D7C0003046019200F058FC431C019A00F046815B
:10D7D000A0EB0B01414441F001011368C7F808B008
:10D7E0004344BC42CBF80410136015D0B9F10F0FBD
:10D7F00040F230816068A9F10C0121F0070100F0CE
:10D80000010004EB010C08434FF0050E0F29606086
:10D81000CCE901EE00F23A81294A2A481168BC6835
:10D820008B42016888BF136062688B4222F003025A
:10D8300088BF0360A7E0621943F0010345F00105CA
:10D8400065603046BA60536000F022FA0834204622
:10D8500003B0BDE8F08F2344E1685A68A56842F040
:10D860000102E96030468D605A6000F011FA083418
:10D87000204603B0BDE8F08FDC68A34208BF023049
:10D880003FF4D6AE92E6142B71D9542B00F2AD8042
:10D890002B0B03F16F0003F16E0CC300B3E62344BE
:10D8A00030465A6842F001025A60083400F0F0F93C
:10D8B0008CE600BFF8040020906901206069012017
:10D8C000886901208C6901200005002000090020E2
:10D8D000611945F0010E42F00105C4F804E030463C
:10D8E000C7E90411C1E902CC4D60E25000F0D0F963
:10D8F00008346BE6E80805F108034FE608F1010873
:10D9000018F0030F0EF1080E7FF4D0AE52E0194468
:10D910001C464A68DB6854F8085F42F001024A601E
:10D920003046EB609D6000F0B3F94FE65A0A042AD6
:10D9300035D9142A6FD802F15C01C9005B3207EBBC
:10D94000010E7958AEF1080E8E4558D04A6822F083
:10D9500003029A4202D989688E45F7D1D1F80CE0CA
:10D960007B68C4E9021ECEF80840CC608CE603F167
:10D970005C0003F15B0CC30045E6BC4272D0BC689E
:10D98000626822F003029542A2EB050302D80F2B36
:10D990003FF751AF304600F07BF9002416E69A09B4
:10D9A00002F13901C9003832C9E7D9F80090994528
:10D9B00040F0838010F0030FA9F1080300F1FF305D
:10D9C000F3D17B6823EA04037B6064009C423FF64A
:10D9D000ACAE1CB9A9E6640008F104081C42FAD0F8
:10D9E00040465FE608F11008BCE6B3F5AA7F26D8EA
:10D9F000EB0B03F1780003F1770CC30003E67B68BF
:10DA000092104FF0010808FA02F213437B60A8E776
:10DA10004FF48053CEE6542A29D81A0B02F16F0135
:10DA2000C9006E328BE7C0F30B0100297FF4AEAE64
:10DA300009EB0802B96842F001024A60ECE640F2E4
:10DA4000545293421CD8AB0C03F17D0003F17C0CC3
:10DA5000C300D8E50123CBF804309BE701214FF048
:10DA60000008BAE6164A1368434413608EE6B2F51E
:10DA7000AA7F14D8DA0B02F17801C90077325EE789
:10DA80004FF47E737F204FF07E0CBCE504F108015B
:10DA900030460192FFF760FA019A1368BCE640F243
:10DAA00054518A4205D89A0C02F17D01C9007C329A
:10DAB00045E74FF47E717E2241E77B6885E700BF32
:10DAC00060690120032A70B414D940EA0105AD074A
:10DAD00004460B4622D11D682668AE4219462046F0
:10DAE00003F1040304F1040418D1043A032A204684
:10DAF0001946F0D8541E72B102780B789A4208BFCA
:10DB0000641806D00CE010F8012F11F8013F9A427A
:10DB100006D1A142F7D1002070BC7047541EEBE73C
:10DB2000D01A70BC704700BF8842F0B40DD98B1872
:10DB300083420AD9841832B1224613F8014D02F803
:10DB4000014D9942F9D1F0BC70470F2A49D940EAFA
:10DB500001039B0747D1A2F110031B0901F1200724
:10DB600007EB031701F1100400F1100554F8106CD5
:10DB700045F8106C54F80C6C45F80C6C54F8086CB3
:10DB800045F8086C54F8046C45F8046C1034BC4239
:10DB900005F11005EAD1013302F00F051B01032D39
:10DBA0001944034421D91F1F0E462C46043C56F845
:10DBB00004CB47F804CF032CF8D82C1F24F003041F
:10DBC00004342344214402F00302002ABBD0013B69
:10DBD0000A4411F8014B03F8014F9142F9D1F0BC0E
:10DBE00070470346F1E70346F1E72A46EDE700BF39
:10DBF000F0B4860743D0541E002A3ED0CAB2034672
:10DC000002E014F1FF3438D303F8012B9D07F8D15B
:10DC1000032C2BD9CDB245EA05250F2C45EA054545
:10DC200016D9A4F110073F0903F1200606EB0716E9
:10DC300003F1100242E9045542E902551032B242A2
:10DC4000F8D104F00F040137032C03EB07130DD9AF
:10DC50001E462246043A032A46F8045BFAD8221FDD
:10DC600022F003020432134404F003042CB1C9B2BD
:10DC70001C4403F8011B9C42FBD1F0BC70471446C6
:10DC80000346C5E70148FFF765BC00BF246C0120CF
:10DC90000148FFF761BC00BF246C0120F8B50E46B7
:10DCA0001446074608B1836BBBB1636ED80702D434
:10DCB000A389990526D5A368013B002BA3600FDB40
:10DCC000F5B223685A1C22601E70636EDA0702D414
:10DCD000A3899B0511D52846F8BD04F051F8E4E767
:10DCE000A269934202DBF5B20A2DEAD131463846E9
:10DCF000224602F073FE0546E7E7A06DFFF72CFC15
:10DD00002846F8BDA06DFFF725FCD4E7024B0A4674
:10DD10000146186800F002B8CC0000202DE9F04F51
:10DD2000924683B0002900F0A1800D4680460AF19A
:10DD30000B04FFF7A7FF55F8042C162C22F003065E
:10DD4000A5F108073ED810242146A2453FD88E42AF
:10DD500007EB060974DAC74B9868484500F0AA80BB
:10DD6000D9F8040020F001034B445B68DB0740F165
:10DD70008380D20734D551464046FFF7FFFB8246E9
:10DD8000E0B155F8043C23F001033B44A0F1080244
:10DD9000934200F0F980321F242A00F20781132AEF
:10DDA000296800F2E68003462A46196051685960E6
:10DDB00092689A6029464046FFF7CEF84046FFF742
:10DDC00067FF4FE024F00704002C2146BDDA4FF036
:10DDD000000A0C235046C8F8003003B0BDE8F08FAD
:10DDE00055F8083CA7EB030BDBF8042022F00302F4
:10DDF000B3188B42BFDBDA46DBF80C105AF8080F79
:10DE0000321F242AC1600BEB0309886000F2C68030
:10DE1000132A296840F2C080CBF808106968CBF853
:10DE20000C101B2AA96800F2D8800BF110020835EB
:10DE3000116069685160A96891601E465F46554649
:10DE40007B68321B0F2A03F0010322D833437B6027
:10DE5000D9F8043043F00103C9F804304046FFF715
:10DE600017FFAA46504603B0BDE8F08F114603B035
:10DE7000BDE8F04FFFF782BB20F0030033188B4260
:10DE800061DBD9E902121E46CA6007EB0309916003
:10DE9000D6E73919234342F001027B604A60D9F882
:10DEA000043043F001030831C9F804304046FFF75D
:10DEB00053F8D3E7406820F00309B14404F110009F
:10DEC000814577DAD2073FF556AF55F8082CA7EB16
:10DED000020BDBF8042022F003029144484587DC62
:10DEE000DA46DBF80C105AF8080F321F242AC160FA
:10DEF000886000F2A180132A296840F29B80CBF849
:10DF000008106968CBF80C101B2AA96800F29B80E6
:10DF10000BF110020835116069685160A9689160C1
:10DF20000BEB0401A9EB040242F0010299604A6084
:10DF3000DBF8043003F001031C434046CBF80440F7
:10DF4000FFF7A6FE8EE7D3073FF515AF55F8083C5F
:10DF5000A7EB030BDBF8042022F003021044831923
:10DF60008B42FFF645AFD9E90212DA46CA609160EA
:10DF700042E701606B6843601B2A3AD805F108024A
:10DF800000F10803A96810E750F8043C23F00303EC
:10DF90001E4407EB060953E7524649E72946504617
:10DFA0001E465F46FFF7C0FD554649E72946FFF785
:10DFB000BBFDFFE62744A9EB040949F001029F607D
:10DFC0007A6055F8043C03F001031C43404645F8D1
:10DFD000044CFFF75DFEAA4644E7CBF81010E96851
:10DFE000CBF81410242A10D029690BF1180210352F
:10DFF0001EE7AB688360EB68C360242A10D005F18C
:10E00000100200F110032969CFE62A69CBF8182025
:10E010006A69CBF81C20A9690BF12002183507E7C3
:10E020002B6903616B694361A96905F1180200F16D
:10E030001803BAE652466EE7294650460193FFF7A9
:10E0400073FD019B6CE7CBF81010E968CBF8141056
:10E05000242A04D029690BF1180210355BE72A69DC
:10E06000CBF818206A69CBF81C20A9690BF12002B3
:10E07000183550E7F804002038B5074C0023054652
:10E080000846236004F0BAFD431C00D038BD236865
:10E09000002BFBD02B6038BD386C01201F2938B510
:10E0A00022D8D0F8DC3205460C466BB153F821205B
:10E0B00052B1012A12D0511C12D00025204643F83B
:10E0C00024509047284638BD284600F02FF82246B5
:10E0D00001462846BDE8384000F014B8002038BD9D
:10E0E00016230360012038BD162303604FF0FF3074
:10E0F00038BD00BF024B01461868FFF7CFBF00BF15
:10E10000CC00002038B50B46074C05461146184692
:10E110000023236004F05AFD431C00D038BD23685F
:10E12000002BFBD02B6038BD386C012004F03EBDC5
:10E130000EB430B59CB01FAB0C4C0D4D53F8042BF6
:10E140000193014602910691206802A96FF00044F4
:10E150000794CDE9044500F05BF8029B00221A7099
:10E160001CB0BDE8304003B0704700BFCC000020B9
:10E170000802FFFF002A41D040EA010313F0030325
:10E18000F0B425D1032A23D904680D68AC421FD10D
:10E19000043A35D0A4F1013525EA040414F0803F97
:10E1A00031D1071D0D1D0DE057F8043B0E68A3F19A
:10E1B0000134B34224EA03040AD1043A20D014F013
:10E1C000803F1DD1032A2946384605F10405EBD8C6
:10E1D00003780C789C4202F1FF320CD182B114B961
:10E1E0000EE06AB17BB110F8013F11F8014FA34274
:10E1F00002F1FF32F5D0181BF0BC70471046704793
:10E200000020F0BC70471846F6E700BF0000000091
:10E210002DE9F04FDBB00C460A9193460D93079021
:10E2200003F0BAFE03681B931846CAF769FDA38979
:10E230001A901F0603D52369002B00F0578700238F
:10E240005E469FED8F7B1493CDE92F331993CDE973
:10E250001D331F931C93099331AB2E93994633784A
:10E260008DED167B002B00F0CE82252B344602D19B
:10E270001CE0252B03D014F8013F002BF9D1A51B7E
:10E2800085B1DDE92F3201332A44072BC9F800603C
:10E29000C9F80450CDE92F327CDC09F10809099B4B
:10E2A0002B4409932378002B00F0AD82002367787C
:10E2B0000B9398468DF89B3004F1010B4FF0FF3A19
:10E2C0002B250BF1010BA7F120035A2B00F2E4835D
:10E2D000DFE813F0A503E203E203A003E203E20395
:10E2E000E2038103E203E203B503B003E203720138
:10E2F0005801E2033B03C600C600C600C600C600C4
:10E30000C600C600C600C600E203E203E203E20361
:10E31000E203E203E2034003E2037701F002400379
:10E3200040034003E203E203E203E203EB02E20301
:10E33000E2038400E203E203E203C202E203CE034B
:10E34000E203E203AC02E203E203E203E203E203DC
:10E35000E203E203E2034003E2037701DA00400351
:10E3600040034003C103DA005B00E2031E03E20343
:10E37000060386002B035B00E203C2025D00290155
:10E38000E203E2033801E2035D0048F020089BF855
:10E39000007096E72EAA0A99079804F047FA80B908
:10E3A0000DF1C4097BE72EAA5946504604F03EFA07
:10E3B000002801F0C7800E9B1BB10E990798FEF74D
:10E3C000CBFD0A9B9B8913F0400F099B18BF4FF0B0
:10E3D000FF33099309985BB0BDE8F08F48F010084F
:10E3E00018F0200F00F073850D9C073424F007030C
:10E3F000D3E9004503F108020D9228F4806300225E
:10E4000000218DF89B10BAF1FF3F5AA9089100F046
:10E41000A78454EA050123F080085BD1BAF1000F0C
:10E4200040F09887002A40F01F8513F001035AAE90
:10E430000C9302D0302306F8013D00230E93139372
:10E44000189315930C9B9DF89B205345B8BF5346DA
:10E450000893002A00F0C880089B01330893C3E0AA
:10E46000A7F1300300221BF8017B02EB820203EBD1
:10E470004202A7F13003092BF5D90B9223E700BF25
:10E48000000000000000000043469E0640F1178295
:10E490000D9C073424F00704D4E9000104F10802BC
:10E4A0000D9204460D46002871F1000205DA2D2276
:10E4B000644265EB45058DF89B205AAABAF1FF3FEF
:10E4C000089200F0E58654EA05014FF0010223F0BE
:10E4D0008008A3D0012A00F04784022A00F0EF82CE
:10E4E0005AA900E03146E20842EA4572E80804F021
:10E4F000070305461446303354EA050201F8013C8F
:10E5000001F1FF36EED118F0010F00F0E882302B58
:10E5100000F0E582089A02393023521A06F8013CCD
:10E520000C920E4689E743469E0640F1A6820D9C5A
:10E53000073424F0070202F10801D2E900450D91E9
:10E5400001225DE7B64B199318F0200F00F074819B
:10E550000D9C073424F00703D3E9004503F10802BA
:10E560000D9218F0010F09D054EA050306D03023AC
:10E570008DF89D7048F002088DF89C3028F4806377
:10E5800002223DE79BF800702A2F0BF1010201F0F7
:10E59000EF82A7F13003092B93464FF0000A3FF6B4
:10E5A00092AE1BF8017B0AEB8A0A03EB4A0AA7F139
:10E5B0003003092BF5D986E69BF8007048F0040873
:10E5C0007FE60D98002301688DF89B301A468DF880
:10E5D00004110123011DCDE90C3108930E929246DE
:10E5E00013921892159241AE18F002030F9302D0C5
:10E5F000089B0233089318F08403309C12933FD198
:10E600000B9B08995D1A002D3ADD102D2F9A29DDFC
:10E6100049462046B14610232497079C0A9E04E0F1
:10E62000103D102D01F1080118DD01327D4F103031
:10E63000072ACDE92F20C1E90073F1DD2EAA31466A
:10E640002046109304F0F2F800287FF4B4AE103D99
:10E65000102DDDE92F2031A9109BE6DC249F4E46CA
:10E660000446894601326F4B2C44072ACDE92F24FA
:10E67000C9E9003500F37E859DF89B2009F1080962
:10E6800072B12F9A013201340DF19B000121072A4A
:10E69000CDE92F24C9E9000100F3738309F10809CA
:10E6A0000F9B6BB12F9B0133023427A90222072B4A
:10E6B000CDE92F34C9E9001200F36F8309F108098D
:10E6C000129B802B00F079820C9BAAEB0305002D96
:10E6D00035DD102D2F9A544B26DD49462046B14694
:10E6E0004FF0100A0A9E1C4604E0103D102D01F167
:10E6F000080115DD01321030072ACDE92F20C1E9CC
:10E70000004AF2DD2EAA3146079804F08FF800285F
:10E710007FF451AE103D102DDDE92F2031A9E9DC49
:10E720004E4623468946044601322C44072ACDE949
:10E730002F24C9E9003500F33C8309F1080918F4D6
:10E74000807F40F0DB812F9B0C9AC9F80060013379
:10E750001444072B3094C9F804202F9300F3A182AE
:10E7600009F1080918F0040F33D00B9B089A9D1A81
:10E77000002D2EDD102D2F9B21DD1026079FDDF8AB
:10E78000288004E0103D102D09F1080917DD013340
:10E79000244A1034072BCDE92F34C9E90026F1DDD6
:10E7A0002EAA4146384604F041F800287FF403AE13
:10E7B000103D102DDDE92F340DF1C409E7DC0133E4
:10E7C000184A2C44072BCDE92F34C9E9002500F362
:10E7D000A583099B0B9A08998A42ACBF9B185B18CA
:10E7E0000993002C40F0258200232F930E9B1BB130
:10E7F0000E990798FEF7B0FB0DF1C4095E46337819
:10E80000002B7FF432AD309B002B3FF4DAAD0A9C35
:10E8100007982EAA214604F009F8A389D3E500BF82
:10E820008C9C0408C09C0408D09C0408AE4B19932F
:10E8300018F0200F7FF48CAE0D9A18F0100F02F133
:10E84000040340F0798318F0400F0D9A00F07083B4
:10E8500014880D93002584E60D9B1E6800258DF815
:10E860009B501C1D002E00F07584BAF1FF3F00F094
:10E870006186524629463046C9F7CAFF0E900028E5
:10E8800000F09A870E9B9B1B0C93AA4623EAE37326
:10E890000D940893CDF838A0CDF84CA0CDF860A029
:10E8A000CDF854A09DF89B20D3E548F008089BF8CC
:10E8B000007006E548F010039E063FF5E9AD0D999E
:10E8C000DD0601F1040200F151835C060D9940F16F
:10E8D0004A83B1F900400D92E51720462946E2E54A
:10E8E0000D9A18F0200F52F8043B0D9240F045832A
:10E8F00018F0100F40F07E8518F0400F40F0308681
:10E9000018F4007F00F07685099A1A705E4676E763
:10E910009BF800706C2F03BF9BF8017048F0200833
:10E920000BF1010B48F01008CBE40D996F4B0C680C
:10E93000199347F630020431ADF89C2048F00203E9
:10E940000D910025022278275AE548F080089BF8AF
:10E950000070B6E40D9C073424F0070494ED007BAE
:10E9600052EC171B22F0004321938DED207A0834DE
:10E97000DDE920014FF0FF325D4B0D948DED167BEC
:10E98000CAF7B4FA002840F0FF824FF0FF32584B2C
:10E99000DDE92001CAF78CFA002840F0F582002258
:10E9A0000023DDE91601CAF779FA002840F0E38672
:10E9B0009DF89B204F4E504B0020032108910E9054
:10E9C00028F08008472FD8BF1E460C91824613902E
:10E9D000189015903DE5079F384603F0DDFA43682F
:10E9E0001C931846CAF78CF91F900446384603F06A
:10E9F000D3FA83681E93002C3FF4C9AC9BF80070D7
:10EA0000002B3FF45EAC1B78002B3FF45AAC48F46B
:10EA1000806856E448F001089BF8007051E49DF8C6
:10EA20009B309BF80070002B7FF44BAC20238DF8BB
:10EA30009B3046E48DF89B509BF8007041E40D9BA1
:10EA40009BF800701A680B92002A03F10403C0F2CD
:10EA50005C830D9335E49BF80070682F03BF9BF82F
:10EA6000017048F400780BF1010B48F0400828E4ED
:10EA700048F010039E063FF55AAD0D9ADD0602F1EF
:10EA8000040100F161825C060D9A40F15A821488FB
:10EA90000D9100250122B3E4002F3FF4B4AE002312
:10EAA00001211A4608918DF804718DF89B300E9360
:10EAB0009A461393189315930C9141AE94E51998C7
:10EAC0005AAE230904F00F0143EA05732A091C46D4
:10EAD0001546435C06F8013D54EA0503F1D1089B55
:10EAE0009B1B0C93A9E400BFA09C04088C9C040809
:10EAF000FFFFEF7F809C04087C9C0408652F40F397
:10EB0000DC8000220023DDE91601CAF7BDF90028E8
:10EB100000F060812F9BAD4AC9F800200133013419
:10EB20000122072BCDE92F34C9F8042000F33E84DD
:10EB300009F10809289B149A309C934280F2E981DC
:10EB40002F9B1B9AC9F800201A9AC9F80420013398
:10EB50001444072BCDE92F3400F3F08209F10809A2
:10EB6000149B5D1E002D7FF7FDAD102D2F9A984B45
:10EB700040F30584194610262346079FDDF828A098
:10EB80000C4605E009F10809103D102D40F3F4830F
:10EB900001321033072ACDE92F23C9E90046F1DD00
:10EBA0002EAA5146384603F041FE00287FF403ACFC
:10EBB000DDE92F230DF1C409E6E70B9B089A9D1AA6
:10EBC000002D7FF781AD102D2F9A814B25DD494611
:10EBD0002046B1461C460A9E04E0103D102D01F16E
:10EBE000080116DD013210301023072ACDE92F204D
:10EBF0000C604B60F1DD2EAA3146079803F016FE3B
:10EC000000287FF4D8AB103D102DDDE92F2031A96D
:10EC1000E8DC4E4623468946044601322C44072A46
:10EC2000CDE92F24C9E9003500F3B38309F10809C0
:10EC30004AE52EAA0A99079803F0F8FD00283FF448
:10EC4000D3ADFFF7B8BB2EAA0A99079803F0EEFDE3
:10EC500000287FF4B0AB289B309C0DF1C4091BB990
:10EC6000149A002A00F094842F9A1B99C9F8001076
:10EC70001A99C9F8041001320C44072A30942F92D3
:10EC800000F3A78509F10809002BC0F21E86149B2A
:10EC900001321C44072ACDE92F24C9E900637FF71C
:10ECA0005FAD2EAA0A99079803F0C0FD00287FF4F3
:10ECB00082AB309C0DF1C40954E5149A2F9B012AB4
:10ECC00004F1010403F1010509F1080740F30E8185
:10ECD0000123072DC9F80060CDE92F54C9F804308D
:10ECE00000F31F831A9B1B9A691C1C4407290F9170
:10ECF000CDE92F14C7E9002300F31F8308370F9ACB
:10ED0000531C1D460C95149D129300220023DDE92F
:10ED1000160105F1FF3A07F10809CAF7B5F800280E
:10ED200040F0A7800C9DC7F804A001365444072D7D
:10ED30003E6030942F9500F3F1810F9A07F1100394
:10ED400002324F460C9299461D9A7A6014440C9AEE
:10ED500030942AAB072A2F923B607FF703ADA0E7E0
:10ED6000012A98467FF4B9AB002D08BF0A2C80F029
:10ED700095825AAE3034012306F8014D0C93FFF70B
:10ED80005CBB2EAA0A99079803F050FD00287FF477
:10ED900012AB309C0DF1C40982E42EAA0A9907989F
:10EDA00003F044FD00287FF406AB309C0DF1C4094C
:10EDB00086E42EAA0A99079803F038FD00287FF40C
:10EDC000FAAA309C0DF1C409B9E400BFBC9C040848
:10EDD000D09C0408289B002B40F37781DDE91423A5
:10EDE0009342A8BF1346002B1D460DDD2F9BC9F88B
:10EDF000006001332C44072B3094C9F804502F9342
:10EE000000F3BE8409F10809159B002DA8BF5B1B08
:10EE1000002B1D4640F3D681102D2F9ABD4B40F399
:10EE2000BD81184621464B461027B146DDF81CA08F
:10EE30000A9C064604E00833103D102D40F3A981DA
:10EE400001321031072ACDE92F21C3E90067F2DD35
:10EE50002EAA2146504603F0E9FC00287FF4ABAA15
:10EE6000DDE92F2131ABE7E7CDF830A05AAEFFF74F
:10EE7000E4BABAF1000F7FF767AFBAF1100FA54BF4
:10EE800040F35286194622463B461026DDF81C9078
:10EE90000A9C129D0F4607E00833AAF1100ABAF146
:10EEA000100F40F38F8201351032072DCDE92F521C
:10EEB000C3E90076F0DD2EAA2146484603F0B6FCF1
:10EEC00000287FF478AADDE92F5231ABE5E70D9AEF
:10EED00018F0100F02F1040340D118F0400F0D9A02
:10EEE00038D014880D930025FFF787BA18F0010F6A
:10EEF0007FF4EEAE0122072DC9F80060CDE92F5452
:10EF0000C9F8042000F30A8102330C9309F11009B7
:10EF10001AE718F0010F7FF413AE23E42EAA0A9922
:10EF2000079803F083FC00287FF445AA309C50E446
:10EF300018F4007F40F00F8314680D930025FFF74D
:10EF400010BB980500F1118314680D910122002572
:10EF5000FFF756BA18F4007F40F0158314680D933C
:10EF60000025FFF74ABA980500F105830C680D9259
:10EF7000E51720462946FFF796BA099A1046D11799
:10EF8000C3E900015E463AE4DDE9160102460B469C
:10EF9000C9F7ACFF002840F09D85612F00F0078481
:10EFA000412F00F0FB8248F4807327F02002BAF171
:10EFB000FF3F12930892179B00F02085472A00F02C
:10EFC0001785002BC0F2E9839DED167BCDE90E007D
:10EFD0008DED227B662F00F0DB84462F00F06385E9
:10EFE000089B452B0CBF0AF1010555462CA829A901
:10EFF00028AA0223CDE90310029200930195DDE9CE
:10F000002223079801F0C0FE672F064640F097853F
:10F0100018F0010F40F0F6842C9B40469B1BDDF856
:10F0200048801493289B1593089B472B00F06F830F
:10F03000089B462B00F005840899159BFAB24129DC
:10F0400008BF0F3203F1FF3306BFD2B20121002106
:10F05000002B2893B8BF159B8DF8A820BABFC3F129
:10F0600001032D222B22092B8DF8A92000F3E48423
:10F07000002940F06C8530228DF8AA200DF1AB02FA
:10F0800030331370531C2AAA9B1A149A1D93012A19
:10F0900013440C9340F32A850C9B1A9A13440C9347
:10F0A00000231393189315930C9B20F4806023EA9C
:10F0B000E37340F4807808930F9B002B40F03A8371
:10F0C0009A469DF89B20FFF7C4B92F9A1249C9F8B8
:10F0D0000010013201340121072ACDE92F24C9F89B
:10F0E00004103FF7B0AD09F10809B8E540210798D1
:10F0F000FEF744FA0A9B18601861002800F0628548
:10F100000A9A40235361FFF79AB852420B920D932B
:10F11000FFF754BAD09C0408BC9C04082EAA0A9994
:10F12000079803F083FB00287FF445A9DDE92F341D
:10F1300001330C930DF1CC0931AF05E62EAA0A99E3
:10F14000079803F073FB00287FF435A9309C0DF17C
:10F15000C40905E55346062B28BF0623B24613967D
:10F16000189615960E9632460893CDE90C34A44EA7
:10F17000FFF76FB92EAA0A99079803F057FB0028EA
:10F180007FF419A99DF89B20309C0DF1C409FFF76D
:10F1900077BA0C4631464E4699460B4601322C440E
:10F1A000072ACDE92F24C9E9003540F3D1812EAAE1
:10F1B0000A99079803F03AFB00287FF4FCA8309CDA
:10F1C0000DF1C409159B18F4806F33449A4640F042
:10F1D0001B81289B149A934249DB18F0010F46D1FA
:10F1E000149AB518A5EB0A05D31A9D42A8BF1D466F
:10F1F000002D0DDD2F9AC9F800A001322C44072AFA
:10F200003094C9F804502F9200F33A8309F10809A9
:10F21000002DACBF5D1B1D46002D7FF7A3AA102D4E
:10F220002F9A784B40F3AB80194610262346079F50
:10F23000DDF828A00C4605E009F10809103D102D65
:10F2400040F39A8001321033072ACDE92F23C9E910
:10F250000046F1DD2EAA5146384603F0E7FA0028B1
:10F260007FF4A9A8DDE92F230DF1C409E6E72F9A61
:10F270001B99C9F800101A99C9F8041001320C44FE
:10F28000072A30942F9200F3B38209F10809A7E707
:10F29000002D08BF0A2C9846FFF46BAD08F480637C
:10F2A0000022CDF830900E97CDF83C805AAE9146B2
:10F2B000DDF878801F460AE00023204629460A220E
:10F2C000C8F79AF904460D4654EA050346D00A22C7
:10F2D000002320462946C8F78FF9303206F8012C62
:10F2E00009F10109013E002FE6D098F80030994558
:10F2F000E2D1B9F1FF0FDFD0002D08BF0A2CDBD31C
:10F300001F9B1C99F61A1A46304603F05DFA98F8CE
:10F310000130002B00F0888308F101084FF000094C
:10F32000CAE72EAA0A99079803F080FA00287FF40A
:10F3300042A8DDE92F5431AFD4E42EAA0A990798E8
:10F3400003F074FA00287FF436A8DDE92F3431AFDA
:10F350000F93D4E4012A7FF4C0A80AE5089BCDF8F6
:10F3600050909B1BDDF83090CDF878800E9FDDF833
:10F370003C800C93FFF761B821461C460B460132D6
:10F380002C44072ACDE92F24C9E900357FF7E8A9E5
:10F3900087E42EAA0A99079803F048FA00287FF418
:10F3A0000AA8309C0DF1C409FFF78EB92EAA0A995C
:10F3B000079803F03BFA00287EF4FDAF0DF1C40975
:10F3C000FFF7B8BB14463A461F4613462A46013299
:10F3D0000C9207F10802C7E9003A0C9B2F935444A2
:10F3E000072B30943FF79AAE01330C9302F10809D2
:10F3F0001746A9E4099A1A605E46FFF700BA00BFF3
:10F40000B49C0408D09C0408149BCDF83CB0F318BD
:10F410000C93189BCDF848804A461096C14FDDF8F2
:10F420007C90DDF87880DDF828B056462146DDF87E
:10F430001CA0002B5ED0139B002B5FD1189B013BBF
:10F4400008F1FF3818932F9B1C9810600133494432
:10F45000072B3091C2F804902F9353DC08320C989C
:10F4600098F80030851B9D42A8BF1D46002D0BDD7E
:10F470002F9B166001332944072B309155602F9341
:10F480004BDC98F800300832002DACBF5D1B1D46E8
:10F49000002D2BDD102D2F981CDD102404E0103DD5
:10F4A000102D02F1080215DD013010310728CDE9D9
:10F4B0002F01C2E90074F2DD2EAA5946504603F02E
:10F4C000B5F900287EF477AF103D102DDDE92F014E
:10F4D00031AAE9DC013029440728CDE92F01C2E92E
:10F4E00000753EF760AF98F8003008321E44189B54
:10F4F000002BA0D1139B002B00F0F980139B013B44
:10F500001393A0E72EAA5946504603F08FF900281E
:10F510007EF451AF309931AAA1E72EAA5946504640
:10F5200003F084F900287EF446AF98F80030309953
:10F5300031AAA9E73046C9F7E3FBAA4603460C9077
:10F54000FFF7A4B998F80030309931AA1E44CEE7ED
:10F5500009F1080936E614780D930025FFF701B884
:10F56000099A1A805E46FFF74AB914780D91002572
:10F570000122FEF745BF91F900400D92E5172046A4
:10F580002946FEF790BF14780D930025FEF735BF8E
:10F5900018F0010F3FF4E6A8FFF766BB30238DF8A3
:10F5A0009C305823BAF1630F8DF89D3048F0020467
:10F5B00000F3B28148F48173129327F0200308937B
:10F5C0000022179B0E92A04641AE002BC0F2E680AF
:10F5D0009DED167B8DED227B00230F93612F00F0B4
:10F5E0005E81412F7FF4F6AC28AADDE9220103F009
:10F5F00075F800224FF07F53C7F74CFD002200231F
:10F60000CDE91001C9F740FC002840F04482464B88
:10F610000C930AF1FF34CDE9139B1597CDF860A048
:10F62000B1462596CDF89080DDF830A0DDE9106771
:10F6300003E0C9F729FC20BBA94600223B4B30461A
:10F640003946C7F727FD0F460646C9F765FC8046D1
:10F65000C7F7B6FC02460B4630463946C7F762FB91
:10F660004D461AF808C005F801CBB4F1FF3FA34698
:10F6700006460F464FF000024FF0000304F1FF343E
:10F68000D7D1304639460022294B159FDDF860A0BE
:10F69000CDF854904446DDF84C90DDF89080CDF8DC
:10F6A0004CB0259EDDF850B0CDE91001C9F714FC2F
:10F6B000002840F0AA80DDE9100100221C4BC9F7A8
:10F6C000E3FB18B12346DB0700F19F80139B002B5F
:10F6D00007DB139B01332B44302205F8012BAB428F
:10F6E000FBD1AB1B40461493DDF848809AE4B24648
:10F6F000149B109ECDF87880F3189A459146DDF85A
:10F700003CB0DDF848800C4628BF9A4661E5159B61
:10F71000DA1C01DB534514DD023F27F02003089378
:10F720008AE400BFD09C0408A09C0408000030407C
:10F730000000E03F2D228DF89B204FF0000AFEF7DD
:10F740008BBE159B14998B42C0F29080C20740F18A
:10F75000A7811A9A13440C93470503D5159B002BD8
:10F7600000F3ED800C9B23EAE373089367270023E3
:10F7700013931893A0E42D228DF89B20FFF71AB95C
:10F780002EAA0A99079803F051F800287EF413AEC8
:10F79000309C0DF1C409FFF737BB0E90DDE916125E
:10F7A00002F1004323932D2322910F9316E7302378
:10F7B0008DF89C307823F5E6CDF820A0CDF830A068
:10F7C0000D9482461390189015909DF89B20FEF79B
:10F7D00040BE2EAA0A99079803F028F800287EF464
:10F7E000EAAD289BDDE92F240DF1C409FFF74CBADF
:10F7F0002EAA0A99079803F019F800287EF4DBADC9
:10F80000289B309C0DF1C409EAE4159B2C930C9BBA
:10F8100015F8012CD97B91422B4609D1302003F8F1
:10F82000010C2C9B5A1E2C9213F8012C9142F6D0FD
:10F83000392A0BBF0C9A0132927AD2B203F8012C0A
:10F840004FE7159B002B40F35681159BBAF1000F33
:10F8500040F0EC80C40700F1E9800C936627430573
:10F860006ED40C9B23EAE373089380E7149B1A9AE7
:10F8700013440C93159B002B40F34C816727EEE754
:10F880002EAA0A99079802F0D1FF00287EF493ADC2
:10F89000289B149A309CD31A0DF1C409B8E428AA05
:10F8A000DDE9220102F01AFF00224FF07F53C7F773
:10F8B000F1FB00220023CDE91001C9F7E5FA08B1F8
:10F8C00001232893B94B0C93A3E65D421033B84B48
:10F8D00080F29D80194610272346DDF81CA00C46B7
:10F8E00005E009F10809103D102D40F38D8001322B
:10F8F0001033072ACDE92F23C9E90047F1DD2EAAED
:10F900000A99504602F092FF00287EF454ADDDE9DA
:10F910002F230DF1C409E6E70AF101010798FDF76D
:10F920002DFE0646002800F0558148F4817312939D
:10F9300027F020030893A046179B0E9045E6672703
:10F940001E980022139218920378159AFF2B0CD060
:10F9500093420ADA4178D21AB1B1189B0133189355
:10F960000B46FF2B00F10100F2D11592189B139A60
:10F970000C991E9013441F9A02FB03130C9323EA65
:10F98000E3730893FFF798BB139901311391DDE7F7
:10F990002CA829A928AA0323CDE9031002920093D9
:10F9A000CDF804A0DDE92223079801F0EDF95546D2
:10F9B000064600EB0A043378302B00F0CC80289DFB
:10F9C0002C4400220023DDE92201C9F75DFA10B1C1
:10F9D0002346FFF722BB2C9BA342BFF41EAB302172
:10F9E0005A1C2C9219702C9B9C42F9D8FFF715BB1E
:10F9F000BAF1000F00F089800E90E6E50E904FF00E
:10FA0000060AE2E57419DCE721461C460B46013282
:10FA10002C44072ACDE92F24C9E9003500F3B3802F
:10FA200009F10809FFF733B9994645E41A9A1344D6
:10FA300053440C93662712E70DF1B70C64465D4DF5
:10FA400000E01446A5FB0312D20802EB8201A3EBEF
:10FA5000410303F130011346092B04F8011C04F1A2
:10FA6000FF32EEDC3033023CDBB2A44502F8013C4D
:10FA700040F297800DF1AA04114601E011F8013B14
:10FA800004F8013B8C45F9D12EAB9B1A0DF1AA026B
:10FA90001344FFF7F8BA01232893474B0C93B8E5BA
:10FAA000159B0C9358E62CA829A928AA0323CDE975
:10FAB000031002920093CDF804A0DDE922230798F9
:10FAC00001F062F955460646462F06EB05043FF461
:10FAD00072AF76E7179B394E002BB6BF2D229DF8EB
:10FAE0009B208DF89B20364BFEF766BFC5077FF540
:10FAF000D7AAFFF7D1BABAF1000F17D1C10715D4B1
:10FB0000012308930C93662731E6CDF838A04FF017
:10FB1000010A5AE50C9AC3F101031A4422EAE2737E
:10FB20000C920893672722E64A4654E41A9B013355
:10FB300053440C9323EAE3730893662717E6472F91
:10FB40007FF460AF18F0010F3FF466AABCE70DF137
:10FB5000AA02FFF795BA00220023DDE92201C9F7C6
:10FB600093F900287FF42BAFC5F10105289527E70D
:10FB70000D999BF801700B6843EAE37A0B1D9346DD
:10FB80000D93FEF79EBB2EAA0A99079802F04EFE2F
:10FB900000287EF410ACDDE92F240DF1C409FFF735
:10FBA00076B80DF1AA03FFF76EBA00BF8C9C04086B
:10FBB000D09C0408CDCCCCCCA09C0408889C040824
:10FBC000849C0408079A0C2313604FF0FF330993B9
:10FBD000FEF700BC0A9A938943F040039381FEF735
:10FBE000F2BB00BF10B4044C13460A46014620681D
:10FBF0005DF8044B00F04ABFCC0000202DE9F84F1F
:10FC00004B6E9C0492462DD59368126843B30E4602
:10FC1000074602F1080959E9025B5FEA9B0815D023
:10FC2000043D002401E0A0450ED0324655F8041FE3
:10FC3000384602F047F9431C04F10104F3D10023D4
:10FC4000CAE90133BDE8F88FDAF808302BF0030B6E
:10FC5000A3EB0B03CAF8083009F10809002BDAD12D
:10FC60000020ECE7FDF76CFA0023CAE90133BDE898
:10FC7000F88F00BF2DE9F04FBDB01C4601919046B2
:10FC8000CDE9050318B1836B002B00F0CE83019BF7
:10FC9000B3F90C105B6EDB078AB202D4970540F112
:10FCA0003B85960408D40198436E41F4005223F436
:10FCB00000538281436692B2150740F1C780019BD1
:10FCC0001B69002B00F0C28002F01A030A2B00F01F
:10FCD00093830023CDE91133CDE90C330DF14C09A9
:10FCE0000A930B930293CDF84090CB4698F80030DE
:10FCF000002B00F04584252B444602D11EE0252B25
:10FD000003D014F8013F002BF9D1A4EB08058DB105
:10FD1000DDE9113201332A44072BCBF80080CBF800
:10FD20000450CDE9113200F3A6800BF1080B029BC1
:10FD30002B4402932378002B00F0228400230493A9
:10FD40004FF000021F4663788DF83B2004F1010854
:10FD50004FF0FF3A2B2508F10108A3F120025A2A9F
:10FD600000F26683DFE812F0DB0264036403D6026C
:10FD7000640364036403FC0264036403F002EB02A3
:10FD80006403E602200364031B03360136013601D7
:10FD9000360136013601360136013601640364034B
:10FDA000640364036403640364036403640345013C
:10FDB000A6026403640364036403640364036403CA
:10FDC00064036403640360006403640364038A02DD
:10FDD0006403760264036403380264036403640307
:10FDE00064036403640364036403640364034501FC
:10FDF000E900640364036403C902E9005B0064036F
:10FE0000BC0264036302620054025B0064038A0262
:10FE10005D00940064036403CB0064035D0047F05D
:10FE2000200798F8003096E747F01007BC0640F12D
:10FE3000D582069B073323F00703D3E9004503F17E
:10FE40000802069227F4806300222FE0019D0598A6
:10FE5000294600F031FEA0B1019A536ED80703D4B1
:10FE60009389990540F1AD844FF0FF3302930298D6
:10FE70003DB0BDE8F08F002A40F01D841192CB46C2
:10FE800055E7AA8902F01A030A2B7FF422AFB3E2E6
:10FE90003B469D06069A40F1E381073222F00702B5
:10FEA00002F10801D2E90045069101224FF000015C
:10FEB0008DF83B10BAF1FF3F3CA9009100F0C883D8
:10FEC00054EA050123F080075CD1BAF1000F40F03D
:10FED000DA84002A40F0EB8313F001033CAE039375
:10FEE00040F02384039A9DF83B305245B8BF5246F8
:10FEF0000092002B00F08D800132009289E0C04A10
:10FF00000A92BE0640F16D81069A073222F007027E
:10FF1000D2E9004502F108010691FE0709D554EA2D
:10FF2000050206D030228DF83D3047F002078DF8EB
:10FF30003C2027F480630222B8E73B469E0640F14E
:10FF4000BE81069A073222F00702D2E90001083288
:10FF5000069204460D46002871F1000205DA2D22B2
:10FF6000644265EB45058DF83B203CAABAF1FF3FA2
:10FF7000009200F0458454EA05014FF0010223F09D
:10FF80008007A2D0012A00F06783022A00F07B8359
:10FF90003CA900E03146E20842EA4572E80804F074
:10FFA000070305461446303354EA050201F8013CC4
:10FFB00001F1FF36EED1FD0740F1FA82302B00F05F
:10FFC000F782009A02393023521A06F8013C039254
:10FFD0000E4687E7A3F13002002118F8013B01EB40
:10FFE000810102EB4101A3F13002092AF5D9049104
:10FFF000B3E6069A4FF0000113688DF83B108DF8B8
:020000040804EE
:100000008C300121131D00910693039123AE4FF014
:10001000000A17F00203089302D0009B02330093FA
:10002000DDE9111217F0840301F1010C604607931A
:1000300033D1049B009C1C1B002C2EDD102C714D19
:1000400040F34A84102308E001F1020E0BF1080B83
:100050000146103C102C11DD481C1032072812926A
:10006000CBE900531190EFDD002A40F0A582103C4F
:10007000102C11464FF0010ECB46EDDC2244BEF1B0
:10008000070F1292CBE90054CDF844E000F3BC8294
:100090000BF1080B0EF1010071469DF83B400BF18E
:1000A000080C002C00F0ED8101320DF13B04012120
:1000B0000728CDE91102CBE9004140F3B682002ABE
:1000C00040F0D181089B002B40F0B58208460DF12D
:1000D000540C1146CB46079B802B00F0ED81039B0F
:1000E000AAEB0304002C2DDD102C474D40F3CF83E9
:1000F0004FF0100A06E0881C0BF1080B1946103C63
:10010000102C11DD4B1C1032072B1292CBE9005A38
:100110001193F0DD002A40F09981103C102C4FF033
:1001200001001146CB46EDDC0BF108032244072801
:100130001292CBE90054119000F39A82013003F13E
:10014000080C9B46039B11901A4407281292CBE996
:10015000006340F3F681002A40F0EB817C071192A6
:1001600031D5049B00995C1A002C2CDDCC46102C58
:100170001199244D40F3B3831026059F06E0881C97
:100180000CF1080C1946103C102C11DD4B1C1032E0
:10019000072B1292CCE900561193F0DD002A40F0B3
:1001A0001A82103C102C4FF001001146CC46EDDCB9
:1001B000224407281292CCE90054119040F3C981DF
:1001C000002A40F0F482029B049A00998A42ACBF54
:1001D0009B185B180293CBE10C4A0A92BE063FF5CE
:1001E00093AE0699FD0601F1040200F1B8827C0687
:1001F000069940F1B1820C88069200258DE600BF79
:100200008C9C0408E09C0408F09C0408A09C040852
:100210000699AE4B0C680A9347F630020431ADF8EC
:100220003C2047F002030691002502223EE6069A92
:10023000B90652F8043B069200F19E82FA0600F1DC
:1002400036837E0600F14D83BD0540F13083029A6E
:100250001A704BE547F010039D06069A3FF51DAE58
:10026000DC0602F1040100F171825806069A40F1A1
:100270006A82148806910025012217E6069B1E68F3
:100280004FF000028DF83B201C1D002E00F0A082D4
:10029000BAF1FF3F00F00F83524600213046C8F705
:1002A000B7FA002800F03983831B039306944FF0BC
:1002B000000A17E647F010039E063FF542AE069986
:1002C000DD0601F1040200F138825C06069940F176
:1002D0003182B1F900400692E517204629463AE6F8
:1002E00098F800306C2B03BF98F8013047F02007D6
:1002F00008F1010847F010072DE598F80030682B49
:1003000003BF98F8013047F4007708F1010847F07F
:10031000400720E547F0010798F800301BE59DF8FD
:100320003B2098F80030002A7FF415AD20228DF88C
:100330003B2010E598F8003047F004070BE58DF8F6
:100340003B5098F8003006E5069A98F8003011689E
:100350000491002902F10402C0F21F820692FAE41D
:10036000059E304601F018FE43680C931846C8F706
:10037000C7FC0D900446304601F00EFE82680B92D9
:10038000002C3FF44EAD98F80030002A3FF4E3AC67
:100390001278002A3FF4DFAC47F48067DBE447F0D3
:1003A000800798F80030D6E498F800302A2B08F13E
:1003B000010100F0C482A3F13002092A88464FF0FF
:1003C000000A3FF6CAAC18F8013B0AEB8A0A02EBB6
:1003D0004A0AA3F13002092AF5D9BEE4069AF806C2
:1003E00002F1040300F1C3817906069A40F1BC8151
:1003F00014880693002525E50199B1F90E30002BEC
:10040000FFF667AC4B6EDB0704D4970502D4886D0A
:10041000FDF7A2F8234642460199059800F09CFAA0
:10042000029002983DB0BDE8F08F01F0A9FC2EE4E7
:10043000002B00F0A58001228DF88C304FF00003D6
:1004400000928DF83B30039223AEE0E510AA0199AB
:100450000598FFF7D3FB002840F09880DDE91112E2
:10046000CB46481C4BE610AA01990598FFF7C6FB3E
:10047000002840F08B80DDE911120DF1540C481C6E
:10048000CB46089B002B3FF426AE02320FA9022375
:100490000728CDE91102CBE9001340F3D380002AED
:1004A00040F01481079B802B0DF1540C4FF001009C
:1004B0001146CB467FF413AE049B009C1C1B002C02
:1004C0007FF70DAE102C024D0CDC2CE28C9C040846
:1004D000F09C040801F1020C0BF1080B1946103CCA
:1004E000102C13DD4B1C10321020072B1292CBF86E
:1004F0000050CBF804001193ECDD002A77D1103CBA
:10050000102C4FF0010C1146CB46EBDC0BF108032D
:100510002244BCF1070F1292CBE90054CDF844C03D
:1005200000F3E3800CF1010061469B4603F1080CE7
:10053000D5E510AA01990598FFF760FB30BB129A28
:10054000CC46780705D5049B00995C1A002C3FF730
:100550000EAE029B049900988142ACBF5B181B1839
:1005600002932AB110AA01990598FFF747FB68B9D1
:100570000023119398F80030CB46002B7FF4BBABDF
:10058000129B002B40F0D28100231193019B5A6EE5
:100590009B89D10702D49A0540F103815B063FF5A0
:1005A00063AC02983DB0BDE8F08F039FDDF81C807E
:1005B000009B9B1B039395E410AA0199059809934E
:1005C000FFF71CFB0028E1D1DDE91112CB4601F158
:1005D000010E099B3DE510AA01993846FFF70EFB75
:1005E0000028D3D1DDE91112CC46481CCBE510AA76
:1005F00001990598FFF702FB0028C7D1DDE9111228
:10060000CB4601F1010C6AE7002A40F042819DF8D7
:100610003B10002900F0B78001210DF13B040A4690
:100620001491084613940DF1540C0146E346013031
:100630000CF1080C25E70FAB0222CDE91332084676
:100640000DF1540C0146E34601300CF1080C42E573
:10065000012A1F467FF499AC002D08BF0A2C80F0B8
:10066000D5803CAE3034012306F8014D039339E4C4
:10067000002A42D1039A14920123CDE91226119344
:100680000DF1540C5DE70A983CAE230904F00F010C
:1006900043EA05732A091C461546435C06F8013DEA
:1006A00054EA0503F1D1009B9B1B03931AE4CDF898
:1006B0000CA03CAE16E410AA01990598FFF79EFA2B
:1006C00000287FF463AFCB46FFF731BB10AA019936
:1006D0000598FFF793FA00287FF458AFDDE911126F
:1006E0000DF1540C481CCB46F5E4002A79D10DF1EC
:1006F000540C01201146CB46F1E410AA019905984B
:10070000FFF77CFA00287FF441AFDDE911020DF11B
:10071000540C0130CB4615E5019DA86DFCF71AFF7E
:10072000B5F90C108AB2FFF7BCBA302306F8013DC8
:10073000FFF7D8BB980500F1D8800C680692E51742
:100740002046294607E49F0500F1DC8014680691E5
:1007500001220025FFF7AABBB80500F1D9800C687B
:1007600006920025FFF7D9BBBE0500F1C6801468CC
:1007700006930025FFF766BB029A1046D117C3E91E
:100780000001FFF7B3BA089B002B40F09D80114693
:100790000DF1540C0120CB46A1E44942049106928C
:1007A000CAE5019CA06DFCF7D7FEA389F6E610AA66
:1007B00001990598FFF722FA00287FF4E7AE129A14
:1007C000C7E6906DFCF7C8FE4FF0FF330293E8E6F2
:1007D0005346062B28BF06230393069400935D4ED1
:1007E00015E410AA01990598FFF708FA00287FF48C
:1007F000CDAEDDE911120DF1540C481CCB466EE470
:10080000002D08BF0A2C1F46FFF42BAF07F48063AE
:1008100000220397CDF81C803CAE174698460BE0AB
:100820000023204629460A22C6F7E6FE04460D4666
:1008300054EA05033FF4B9AE0A22002320462946B4
:10084000C6F7DAFE303206F8012C0137013EB8F166
:10085000000FE5D00B9B1B78BB42E1D1FF2FDFD00F
:10086000002D08BF0A2CDBD30D9B0C99F61A1A46F3
:10087000304601F0A9FF0B9B5F78002FD0D00133E9
:100880000B930027CCE7012A7FF47FABE9E66346B0
:100890004CE410AA01990598FFF7B0F900287FF4FD
:1008A00075AEDDE91112CB46481CFFF7F6BB029A84
:1008B0001A60FFF71BBA30460694C8F721FA4FF0CA
:1008C000000A0390FFF70EBB0FAB0222CDE91332F3
:1008D00001200DF1540CB5E6E646FFF7CFBB481CEE
:1008E00066E4029A1A80FFF701BA91F90040069275
:1008F000E51720462946FFF72EBB147806930025FE
:10090000FFF7A0BA1478069100250122FFF7CEBAAE
:100910000C7806920025FFF700BBCDF80CA00694DA
:100920008246FFF7DFBA63468446F1E505980199F0
:1009300010AAFFF763F900283FF426AE26E60698D2
:1009400098F80130026842EAE27A021D884606926F
:10095000FFF701BAB49C04082DE9F0410C46ADF54F
:100960008D6D8989666EE589199621F0020106462A
:10097000E069ADF80C1017464FF48061626AADF87B
:100980000E5098461AAD0023079016A809920693B8
:100990000095049502910591FCF7D8FD43463A462F
:1009A00069463046FFF766F9051E07DB30466946A3
:1009B00001F08AF9002818BF4FF0FF35BDF80C3060
:1009C0005B0603D5A38943F04003A3811698FCF787
:1009D000BFFD28460DF58D6DBDE8F081F8B50D46DB
:1009E0001446064610B1836B002B43D0B4F90C209B
:1009F000A369A36091B208071BD52369CBB1EDB2FF
:100A000089042F4622D522686169D31A994229DDCB
:100A10000133A168501C0139A16020601570626922
:100A20009A422AD0A389DB0701D50A2D25D0384662
:100A3000F8BD2146304600F03FF820BBB4F90C2049
:100A4000236991B2EDB289042F46DCD4616E42F481
:100A5000005221F40051A281226861666169D31AB3
:100A60009942D5DC2146304601F02EF958B922686A
:100A70000123CEE701F084F9B8E72146304601F0C2
:100A800023F90028D3D04FF0FF37D0E770B50D46DB
:100A9000084C114606461A4628460023236002F0F9
:100AA000BBF8431C00D070BD2368002BFBD0336023
:100AB00070BD00BF386C012038B5314B1B6805464E
:100AC0000C4613B19A6B002A3AD0B4F90C2093B2B9
:100AD00018070CD52069A8B113F0010220D0636972
:100AE00000225B42A361A26000B3002038BDD9069A
:100AF0003ED5580728D4206942F00803A3819BB251
:100B00000028E9D103F42072B2F5007FE4D0284632
:100B1000214601F07DFAA389206913F00102DED19C
:100B2000990758BF6269A2600028DED1B4F90C3081
:100B30001A06DBD543F04003A3814FF0FF3038BDE8
:100B4000184601F01DF9C0E7216B51B104F14003D3
:100B5000994204D02846FCF7FFF9B4F90C20002391
:100B6000236300232069636022F024022060C3E72E
:100B700042F0400209232B604FF0FF30A28138BDC4
:100B8000CC0000202DE9F8432B4D064628689846F6
:100B90000F469146FCF7DEFC284B1C68D4F8483120
:100BA000002B3DD05A681F2A0DDC02F1010C16BB48
:100BB0000232C3F804C0286843F82270FCF7CCFC6A
:100BC0000020BDE8F8831E4B7BB34FF4C870FCF7E0
:100BD000C5FC034648B3D4F848210021C0E90021F0
:100BE0004FF0010CC4F848010A46C0F88811C0F85B
:100BF0008C11002EDCD003EB82010124C1F8889017
:100C0000D3F8880194402043022EC3F88801C1F82C
:100C10000881CDD1D3F88C110C43C3F88C41C7E7C0
:100C200004F5A673C4F84831BCE72868FCF794FCC7
:100C30004FF0FF30C5E700BF08090020789C04088A
:100C40005DD50308024B13B1024800F005B87047A8
:100C500000000000F11D0408002301461A46184652
:100C6000FFF790BF2DE9F04F03690F69BB4283B0D6
:100C7000C0F28680013F01F1140900F1140A59F80D
:100C800027205AF82730BC000132B3FBF2F80AEBF8
:100C90000403009409EB040B0193B8F1000F38D062
:100CA00000252E46CE46D4465EF8044BDCF80030D4
:100CB000A2B208FB0255220C2C0C08FB0242ADB27A
:100CC000751B96B2C6EB134615FA83F306EB234663
:100CD0009BB243EA0643F3454FEA12454CF8043B06
:100CE0004FEA2646E0D2009B5AF803308BB9019AAE
:100CF000131F9A450CD252F8043C4BB9A2F10803D9
:100D000002E01A68043B1AB99A4507F1FF37F8D395
:100D10000761044601F0F2FB00282DDB08F1010811
:100D20005546002359F8041B28688AB29A1A0B0CFE
:100D300012FA80F2C3EB104303EB224392B242EA71
:100D40000342CB4545F8042B4FEA2343EAD25AF835
:100D500027200AEB87037AB91A1F92450BD253F862
:100D6000042C42B9083B02E01A68043B1AB99A45C0
:100D700007F1FF37F8D32761404603B0BDE8F08F95
:100D8000002003B0BDE8F08F2DE9F04F016C97B063
:100D900014461D468346CDE9024549B1426C4A607E
:100DA000012393408B6001F0B9F90023CBF8403068
:100DB0002E1E239AB4BF012300231360784BBCBFBF
:100DC00026F000460396B34300F0A880DDE90289CF
:100DD0000022002340464946C8F756F8054678B138
:100DE000229A01231360249B002B00F0C4806D4BDA
:100DF000249A1360013B0493049817B0BDE8F08F68
:100E000014AA15ABCDE90032584642464B4601F0D4
:100E100007FC340D824640F0A380DDE914542C44D5
:100E200004F23243202B40F31384C3F140039E406D
:100E3000029B04F2124023FA00F03043C6F7B0F8E8
:100E400001238046013CA1F1F87912930022564B10
:100E500040464946C5F766FF4BA3D3E90023C6F7D2
:100E600019F94BA3D3E90023C5F75EFF06462046D8
:100E70000F46C6F7A5F848A3D3E90023C6F70AF939
:100E800002460B4630463946C5F74EFF06460F462A
:100E9000C8F742F800220590002330463946C7F7CC
:100EA000FDFF002840F06C82059E162E00F25D8248
:100EB0003E4B03EBC603D3E90001DDE90223C8F78B
:100EC0000BF8002800F0C083731E059300230A93DB
:100ED0002C1B059BB4F1010846BFC4F101094FF07A
:100EE00000084FF00009002BC0F242829844099399
:100EF00000230893209B092B60D8052B40F3A68381
:100F0000043B20930025209B023B032B00F28984A5
:100F1000DFE813F0C503A503CF03E604229A42F2EB
:100F20000F731360029B7BB9C6F3130666B9249B4B
:100F3000002B00F00E861E4B04930833249A04986D
:100F4000136017B0BDE8F08F249B2BB9194B0493A5
:100F5000049817B0BDE8F08F164B04930333EDE708
:100F6000C9F3130343F07F591295A4F2FF3449F4F7
:100F70004019149D6AE7104B0493049817B0BDE81C
:100F8000F08F00BFAFF3008061436F63A787D23F4C
:100F9000B3C8608B288AC63FFB799F501344D33F68
:100FA0000000F07FBD9C04080000F83F489D040845
:100FB000009D04080C9D0408BC9C04084FF0FF34FD
:100FC0000125CDE906450023209321930021CBF88C
:100FD00044100B94584601F07BF80E2C0490CBF88B
:100FE000400000F2F780002D00F0F4809DED027BC0
:100FF000059900298DED0C7B40F3D183C14B01F0A5
:101000000F0203EBC20393ED007B0C11E3068DEDA1
:10101000027B40F18684BC4BDDE90C01D3E9082357
:10102000C6F762F9CDE90E0104F00F0403267CB186
:10103000DDE90201B44DE70704D5D5E90023C6F781
:1010400029F80136641005F10805F4D1CDE9020153
:10105000DDE90223DDE90E01C6F746F9CDE902011B
:101060000A9B43B10022A94BDDE90201C7F716FF35
:10107000002840F0E9843046C5F7A2FFDDE90223ED
:10108000C6F708F8A24B0022C5F74EFE069B06469F
:10109000A1F15077002B00F00884059B1393069B69
:1010A0000E93DDE90201C7F737FF0E9A954B03EB6C
:1010B000C20313ED027B00F130058DED107BC5F707
:1010C0007FFF02460B46DDE90201CDE90267C5F765
:1010D00029FE049B064607985C1CEDB20F46DDE92D
:1010E0001023002800F0438400208A49C6F7FCF84A
:1010F000DDE90223C5F716FE049A3B461570324619
:10110000CDE90201C7F7E8FE002840F0ED84324641
:101110003B4600207D49C5F705FE02460B46DDE94A
:101120000201C7F7D9FE002840F0E3840E99012997
:101130004CD0049ACDF838901144CDF84080DDE9C8
:101140000289CDF808A08A460CE000206F49C5F757
:10115000E9FD42464B46C7F7A1FE002840F0C78490
:1011600054452DD04046494600226B4BC5F792FFAF
:101170000022694B8046894630463946C5F78AFFCA
:101180000F460646C7F7C8FE0546C5F719FF0246D3
:101190000B4630463946C5F7C5FD3035EDB24246FF
:1011A0004B4604F8015B06460F46C7F777FE32460A
:1011B0003B460028C9D0139BDDF808A0059317E231
:1011C000DDF83890DDF84080DDF808A0DDE90C346A
:1011D000CDE90234159B002BC0F2AD80059A0E2A92
:1011E00000F3A980474B03EBC203D3E90089219B9D
:1011F000002BC0F2B182DDE9026742464B46304621
:101200003946C6F771F8C7F787FE0546C5F7D8FE19
:1012100042464B46C5F73EFF02460B46304639462E
:10122000C5F780FD049A05F130031370069B012B6E
:1012300006460F4602F1010446D00022364BC5F7A0
:1012400029FF0022002306460F46C7F71DFE00288F
:1012500040F0CE81CDF808A0DDF818A0CDF818B088
:10126000DDF810B00AE0C5F715FF0022002306469E
:101270000F46C7F709FE002840F03C8342464B4624
:1012800030463946C6F730F8C7F746FE0546C5F77B
:1012900097FE42464B46C5F7FDFE02460B463046DA
:1012A0003946C5F73FFD05F1300C04F801CBA4EB3E
:1012B0000B0CE24506460F464FF00002164BD2D10A
:1012C000DDF808A0DDF818B032463B463046394616
:1012D000C5F72AFD42464B4606460F46C7F7FCFDBA
:1012E00058B942464B4630463946C7F7CDFD00282F
:1012F00000F07E81EB0740F17B8114F8015C049AD9
:1013000012E000BF489D0408209D04080000F03F43
:1013100000001C400000E03F000024409A4200F022
:101320001C8313F8015C1C46392D04F1FF33F5D002
:1013300001351D705CE1079A92B3209A012A40F3AF
:101340000082069B5F1E089BBB42C0F2D882DF1B57
:10135000069B002BC0F2F7824C4698449944012129
:10136000584600F075FF05461DE001230A93AFE5DE
:10137000059BA9EB03095B42089300230993B9E598
:10138000DDF814804046C5F71BFE32463B46C7F7E2
:101390007BFD00287FF488AD08F1FF33059383E5DA
:1013A000089F079D4C46002C0BDDB8F1000F08DDAF
:1013B00044452346A8BF4346A9EB0309E41AA8EB1A
:1013C0000308089B6BB1079A002A00F08C82DE1B91
:1013D000002F40F08C8151463246584600F0E8FF1D
:1013E00082460121584600F033FF099A0646002A3A
:1013F00040F01681209B012B40F35E810120404488
:1014000010F01F0000F00781C0F12003042B40F30F
:10141000A483C0F11C00814404448044B9F1000F4E
:1014200005DD51464A46584601F012F88246B8F1A9
:10143000000F05DD31464246584601F009F80646E0
:101440000A9B002B73D1069B002B40F30782079B5E
:10145000002B00F08580002C00F35E81099B002B9F
:1014600040F0C681A846029A049F02F00102099248
:10147000069A7B1E1A44079231465046FFF7F2FB4C
:10148000294681460890504601F038F831460290CE
:101490004246584601F04EF8C368044609F1300947
:1014A0000146002B40F0D581504601F027F8214637
:1014B0000690584600F032FE069B33B9209A22B9B6
:1014C000099B002B00F01983209B029A002AC0F28E
:1014D0001E8205D1209A1AB9099A002A00F01782B3
:1014E000002B07F1010400F32382079B87F800908B
:1014F000BB4200F02C82514600230A22584600F0DD
:1015000017FE4545824629464FF000034FF00A0278
:10151000584600F0988100F00BFE41460546002336
:101520000A22584600F004FE27468046A4E73146CA
:10153000504600F0E3FF002885DA059F514600235E
:101540000A225846013F059700F0F2FD079B8246AC
:10155000002B40F0E2820B9B002B40F3EA820693C3
:10156000DDF81080069F444602E000F0E1FD82466F
:1015700031465046FFF776FB00F1300904F8019B35
:10158000A4EB08039F424FF00A024FF000035146BC
:101590005846EADC0023029351460122584600F0E7
:1015A00057FF3146824600F0A9FF002814F8012CAD
:1015B00040F3B980049905E0994200F05C8113F88A
:1015C000012C1C46392A04F1FF33F5D001321A7080
:1015D0003146584600F0A2FD55B1029921B1A94209
:1015E00002D0584600F09AFD2946584600F096FD74
:1015F0005146584600F092FD0022059B2270229A27
:1016000001331360249B002B3FF4F6AB04981C605D
:1016100017B0BDE8F08F1C20814404448044FDE6EF
:101620000146584600F0C4FE209B012B064640F3BD
:10163000F38000230993336906EB8303186900F0F4
:10164000B7FDC0F12000DAE60A9041E401255AE432
:10165000C3F12006029B03FA06F0FFF7EFBB00235D
:101660000793059B219A13440B930133012B1E46CC
:101670000693B8BF01260021172ECBF84410069C14
:101680007FF7A8AC012204235B0003F11400B042F1
:10169000114602F10102F7D9CBF844109AE4002375
:1016A0000793219B002B40F3ED800B9306931E467E
:1016B000E1E701230793F4E7029B002B7FF49EAE42
:1016C000DDE90212C2F31303002B40F0998122F0EE
:1016D00000431B0D1B0523B109F1010908F10108A5
:1016E0000123099A0993002A3FF488AEA3E73A46FA
:1016F0002946584600F05CFE5246014605465846CB
:1017000000F0B0FD51460746584600F007FDBA46C6
:10171000002E3FF466AE5EE629462246584600F0AB
:1017200097FE05469AE607D119F0010F7FF442AF04
:1017300002E014F8022C1C46302A04F1FF33F8D0E2
:1017400046E7129A002A00F0538103F233434C46D5
:1017500098449944089F02E6069B002B3FF74BAD47
:1017600040F0BB800022B24B40464946C5F792FC90
:10177000DDE90223C7F7A6FB069E3546002875D192
:10178000059A01320592049A31231370541C314694
:10179000584600F0C3FC002D7FF426AF28E700F088
:1017A0003F81059B5C42A34B04F00F0203EBC20395
:1017B000D3E90023DDE90C01C5F76CFC2411CDE968
:1017C000020100F0BB819C4D00230226E20705D5F3
:1017D000D5E90023C5F75EFC01360123641005F14D
:1017E0000805F3D1002B3FF43BACCDE9020137E40F
:1017F0006968584600F06CFC2B6902339A00044675
:1018000005F10C010C30C7F753F821460122584668
:1018100000F01EFE804626E6029B002B3FF450AFF0
:1018200007E70024CBF844402146584600F050FC1E
:101830004FF0FF330B930693012304902194CBF8D0
:1018400040000793C6E400F073FC27460546804637
:1018500012E6584600F062FC012336E6209B022B7C
:101860007FF7F5AD069B002B00F0CC80219B049CFC
:10187000DB4305938BE7059A01320592049A3123E5
:101880001370A5E6012421940694FFF79FBB304610
:10189000C5F796FBDDE90223C5F7FCFB0022674B89
:1018A000C5F742FA0646A1F150770022604BDDE908
:1018B0000201C5F737FA32463B4604460D46C7F7E4
:1018C0000BFB002846D1324607F10043204629464B
:1018D000C7F7E4FA00283FF479AC00263546C5E79F
:1018E00001230793BDE65146089A584600F060FD73
:1018F000824676E5DDF808A0DDF818B078E6089BAA
:10190000099AFB1A1A44CDE90872002720E5002B3A
:1019100007F1010400F3BC80029587F8009045466A
:1019200056E69DED0C7B02268DED0E7BFFF77FBB0F
:10193000B9F1390F00F0BE8009F10109029587F86D
:101940000090454644E6069BA9EB030407E5029593
:10195000454621E60026354612E7049A30231370E7
:10196000059B14F8015C013305931346E0E4DDE9BF
:101970000201C5F78FFB049B1D700E9B012BCDE967
:10198000020123D00E9B049ACDF838901344C1462F
:10199000984600222A4B30463946C5F77BFB0F4656
:1019A0000646C7F7B9FA0546C5F70AFB30350246C1
:1019B0000B4630463946C5F7B5F904F8015B444596
:1019C00006460F46E5D1C846DDF838901D4B00228B
:1019D000DDE90201C5F7A8F932463B46C7F75EFAD2
:1019E00000286DD0139B059314F8015C049A9BE4C6
:1019F000149B089FC3F136034C4698449944AEE4C7
:101A000000236EE631460522584600F091FB014660
:101A10000646504600F072FD00283FF7B1AE25E7BC
:101A20009DED0C7B02268DED027BFFF719BB00BFFD
:101A300000001440489D0408209D040800001C403C
:101A4000000024400000E03F069B002B3FF41FAF46
:101A50000B9C002C7FF7BAAB0022424BDDE9020160
:101A6000C5F718FBCDE90201701CC5F7A9FADDE93D
:101A70000223C5F70FFB3C4B0022C5F755F9059B28
:101A80000E94013B0646A1F150771393FFF709BB73
:101A900051460122584600F0DBFC3146824600F0F8
:101AA0002DFD002832DDB9F1390F03D0089B03F179
:101AB000310931E7392202953A704546049981E5AA
:101AC000DDE9022300202949C5F72CF932463B46BF
:101AD000C7F702FA10B9FFF779BB144614F8013CB6
:101AE000302B04F1FF32F8D0139B059380E5DDF82D
:101AF00008A0139B0593049A16E4B9F1390F07F176
:101B00000104D7D0029B002BD0DC05E77FF404AFA3
:101B100019F0010F3FF400AFC5E7294600230A2260
:101B2000584600F005FB0B9B002B054609DD06938C
:101B300091E4209B022B09DC0B9B10E50226FFF7AA
:101B40008FBA209B022B01DC0B9BF0E70B9B0693CB
:101B500088E6074B0493FFF74FB93FF45FACC0F141
:101B60003C0059E50000244000001C400000E03F1C
:101B7000009D0408B1F90C309AB22DE9F0410C46F1
:101B80001107804644D4626843F40063002AA381AD
:101B900059DDA56A002D53D000229BB2D8F8006011
:101BA000E169C8F8002013F4805240F083800123DB
:101BB0004046A847421C4AD0A389A56AE1695B0751
:101BC00005D56268236B801A0BB1E36BC01A02461D
:101BD00000234046A847471C45D0B4F90C30226981
:101BE000226023F400630022A381DB04626000D53D
:101BF0002065216BC8F8006011B304F140039942DD
:101C000002D04046FBF7A8F900202063BDE8F08130
:101C10002669AEB12568266092070CBF6369002370
:101C2000AD1BA3600AE02B463246676AE169404675
:101C3000B8470028A5EB000506442BDD002DF2DC9B
:101C40000020BDE8F081E26B002AA2DCF8E7D8F8BA
:101C50000030002BB0D01D2B01D0162B2CD1C8F892
:101C600000600020EDE7D8F800101D291AD8154BA8
:101C7000B4F90C20CB40DB4313F0010314D12569E8
:101C800022F40062C4E90053D504A281B1D5002931
:101C9000AFD1ADE7A38943F04003A3814FF0FF30FC
:101CA000BDE8F081B4F90C2042F04002A2814FF06F
:101CB000FF30C6E7206D82E7A38943F04003A3818C
:101CC000BFE700BF0100402038B50D46044608B10B
:101CD000836BA3B1B5F90C00B8B16B6EDB0701D40F
:101CE00081051AD520462946FFF744FF6B6EDA07B7
:101CF000044602D4AB899B050AD5204638BD00F0C6
:101D00003FF8B5F90C000028E7D10446204638BD5D
:101D1000A86DFBF721FC204638BDA86DFBF71AFC27
:101D2000E0E700BF10B5002304468181C281C0E90D
:101D3000003383604366C0E9043383611946082297
:101D40005C30FBF755FF07480749084A084BE36238
:101D5000C4E90740C4E9091204F15800BDE8104085
:101D6000FBF7F4BB4127040865270408A1270408F2
:101D7000C1270408014900F0D7B800BF192A040898
:101D800010B504461248FBF7E5FBA26BD2B904F587
:101D90003B731048C4F8E8320321C4F8E022E06342
:101DA000C4F8E41260680421FFF7BCFF0122092196
:101DB000A068FFF7B7FF02221221E068FFF7B2FF29
:101DC0000123A3630248BDE81040FBF7C5BB00BF79
:101DD000206C0120751D04080148FBF7BBBB00BF48
:101DE000346C01200148FBF7B7BB00BF346C012005
:101DF00038B50A4C0A4D641BA4100AD004F1804384
:101E0000013B05EB8305013C55F804399847002C4C
:101E1000F9D1BDE8384000F00FBF00BF1CA2040894
:101E200018A204082DE9F04782B08146884614467E
:101E300000F0A4F8012803D108F1FF33FE2B33D9B9
:101E4000424604F15C0301A9484600F069FD421CCA
:101E500006462FD020B39DF804C000250DF1040ADA
:101E600009E023685A1C226083F800C00135B5429E
:101E700016D215F80AC0A368013B002BA360F0DA64
:101E8000A769BB4261462246484602DBBCF10A0F05
:101E9000E7D1FEF7A3FD431CE8D102B0BDE8F0870F
:101EA000404602B0BDE8F0875FFA88FC06468DF830
:101EB00004C0D2E7A38943F04003A38102B0BDE888
:101EC000F08700BF30B50546506EB2F90C30C00740
:101ED000144683B09AB201D490051CD5900406D460
:101EE000626E43F4005342F40052A38162662846B6
:101EF0002246FFF797FF636EDA07054602D4A389EF
:101F00009B0502D5284603B030BDA06DFBF724FB2E
:101F1000284603B030BDA06D0191FBF71BFBB4F95F
:101F20000C3001999AB2D9E72DE9F84310F53877CA
:101F30001FD0884606464FF00009D7E90154013DFD
:101F400011D4A389012B05F1FF352146304606D96E
:101F5000B4F90E30013302D0C04749EA00096B1CC6
:101F600004F16804EDD13F68002FE6D14846BDE892
:101F7000F883B9464846BDE8F88300BF044B054ADC
:101F80001B685B6B002B08BF134693F82801704752
:101F9000CC0000200C090020044A054B1268506B4D
:101FA000002808BF1846F030704700BFCC00002062
:101FB0000C09002070B50C46B1F90E10002996B03E
:101FC00015461E460FDAA289002312F08000336006
:101FD00004D14FF480632B6016B070BD40221846C8
:101FE0002A6016B070BD6A4600F07EFD0028EADB6C
:101FF000019B03F47043A3F50053B3FA83F35B0929
:102000004FF480624FF4006033602A6016B070BDF8
:102010008A8992070B4606D501F1430201211A6015
:10202000C3E90421704770B582B001AB6A460C4623
:102030000546FFF7BFFF009906462846FBF79EFAC4
:10204000B4F90C30D8B11649E963019A00992060BF
:1020500043F08003A381C4E904011AB93343A38187
:1020600002B070BD2846B4F90E1000F051FDA0B1C9
:10207000A38923F0030343F001031BB2EEE79A05A3
:10208000EED423F0030304F1430243F002030121E1
:10209000A3812260C4E90421E2E7B4F90C30DDE752
:1020A000751D040882B049B15AB16BB113780B6049
:1020B0001278101C18BF012002B0704701A9002A35
:1020C000F3D1104602B070476FF00100F4E700BF93
:1020D000C36C70B505460C464BB153F8240080B173
:1020E000026843F824200023C0E9033370BD212295
:1020F000042100F04BFC0346E8640028EDD10020E9
:1021000070BD012101FA04F6721D2846920000F00C
:102110003DFC0028F3D0C0E90146E4E731B1C36CCF
:102120004A6853F82200086043F82210704700BF45
:10213000F0B50C6983B00D46064601F1140C00277A
:10214000DCF8000081B202FB0133010C180C02FB29
:1021500001019BB2013703EB0143BC424CF8043B45
:102160004FEA1143ECDC3BB1AA68A24207DD05EB64
:102170008402013453612C61284603B0F0BD6968C4
:10218000019301313046FFF7A3FF2A69023205F1BE
:102190000C01074692000C30C6F78AFBF26C6968A6
:1021A000019B52F82100286042F821503D46DEE7AD
:1021B000020C12040346C2B90304102013F07F4F2F
:1021C00004BF1B02083013F0704F04BF1B01043022
:1021D00013F0404F04BF9B000230002B04DB5B0078
:1021E00001D501307047202070470020E6E700BF8E
:1021F000036813F00702014607D0DA071FD49807D7
:102200001FD55B080B600120704798B2A0B1104643
:1022100013F0FF0F04BF1B0A08301A0704BF1B0985
:1022200004309A0704BF9B080230DA0702D45B0827
:102230000BD001300B6070471B0C1020E8E700202A
:1022400070479B080B60022070472020704700BF3A
:1022500010B50C460121FFF73BFF0122C0E9042421
:1022600010BD00BF2DE9F04F0E691469A64283B07E
:102270000F46154604DA32462F4626460D461446CA
:10228000D7E9011306EB04084345B8BF0131FFF756
:102290001FFF00F1140909EB880EF145009005D2EB
:1022A0004B46002243F8042B9E45FBD805F1140A47
:1022B0000AEB840407F11403A24503EB860C61D2F8
:1022C000641B153C24F00304CDF804E0A24405F19E
:1022D00010029E4605E02D0C2BD1924509F1040910
:1022E0004ED052F8045F1FFA85FBBBF1000FF2D00D
:1022F00077464E46002000E0264657F8041B346817
:102300008BB2A5B2090C240C0BFB035303440BFB4B
:10231000014000EB134034469BB243EA0043BC4506
:102320004FEA104044F8043BE6D8706015682D0C65
:10233000D3D0D9F8003076461846CB46002100E0CD
:10234000A3463488000C05FB040001449BB25C46A4
:1023500043EA014344F8043B56F8043BDBF804002D
:102360001B0C87B205FB037303EB1143B4454FEA23
:102370001341E5D89245CBF8043009F10409B0D1F6
:10238000DDF804E0B8F1000F0BDD5EF8043CAEF1BF
:10239000040E1BB105E05EF8043D13B9B8F1010865
:1023A000F9D10098C0F8108003B0BDE8F08F00BFED
:1023B00012F003032DE9F041144607462ED10D46D5
:1023C000A4101CD0BE6C96B3E3074FF0000806D4EF
:1023D000641014D03068A8B10646E307F8D5324639
:1023E00029463846FFF73EFFB5B16A68FB6C6410BA
:1023F00053F82210296043F822500546EAD12846B6
:10240000BDE8F081324631463846FFF72BFF306099
:10241000C0F800800646E0E70546D9E7013B0B4AD5
:1024200052F823200023FFF783FE0546C8E7012169
:102430003846FFF74DFE40F271234361012200232D
:1024400002610646B8640360BEE700BF109E040840
:102450002DE9F04791460A690E464FEA6914D1E921
:10246000011304EB020808F101059D42074604DD53
:102470005B009D4201F10101FADC3846FFF728FEBE
:10248000002C00F1140337DD03EB8401002243F834
:10249000042B8B42FBD1346906F1140319F01F0998
:1024A00003EB840C20D0C9F1200E002200E051463D
:1024B0001C688A4604FA09F414434AF8044B53F89A
:1024C000042B634522FA0EF2F1D34A600AB108F1F7
:1024D0000205FB6C7268013D53F822100561316002
:1024E00043F82260BDE8F087043953F8042B41F823
:1024F000042F9C45F9D8ECE71946CCE730B40B69BA
:1025000005460069C01A0FD19B00143514311944D7
:102510002B4401E09D4207D253F8044D51F8042D9D
:102520009442F7D002D3012030BC70474FF0FF3007
:10253000FAE700BF2DE9F04113690D69ED1A002D8E
:102540000E46904601F1140402F1140714D19B00C9
:10255000E2183B4401E0A24259D952F804CD53F8A5
:10256000041D8C45F7D009D2224633463C464646E8
:1025700017469846012501E0F6DB00257168FFF754
:10258000A7FDD8F810303669C56007EB830EBC464E
:1025900000F1140504EB860700235CF8041B54F8D3
:1025A000048B8AB213FA88F3090C9A1AC1EB184308
:1025B00003EB224392B242EA0342E64545F8042B7C
:1025C0004FEA2343E9D8A74217D9AE46A4465CF8A0
:1025D000042B13FA82F3191401EB12419BB243EA64
:1025E000014267454EF8042B4FEA2143EFD8E443FC
:1025F000274427F0030704373D44043D22B955F82A
:10260000043D013E002BFAD00661BDE8F0810021B7
:10261000FFF75EFD01220023C0E90423BDE8F0813D
:102620002DE9F04383B001211F4616460A9DFFF7AE
:102630004FFDC7F30A548146C7F313030CB143F4AB
:102640008013002E019323D002A840F8086DFFF7F5
:10265000CFFD002835D1DDE90023C9F81420002B77
:102660000CBF01210221C9F81830C9F81010DCB9DB
:1026700009EB8103A0F2324028601869FFF798FD4A
:102680000B9BC0EB41101860484603B0BDE8F083D7
:1026900001A8FFF7ADFD019BC9F8143001212030DE
:1026A000C9F81010002CE3D0A4F2334808EB000363
:1026B0002B600B9BC0F135001860484603B0BDE8A5
:1026C000F083DDE90013C0F1200203FA02F20A43AD
:1026D000C3400193C9F81420C1E700BFDFF85CC014
:1026E000F8B521F000430027634504460D46164621
:1026F00017601EDC844653EA0C0C1AD0B3F5801F19
:102700000A4609DA00220C4BC4F7C4FC6FF0350707
:1027100004460A4621F0004322F0FF421B1522F432
:10272000E002A3F2FE3342F07F553B4445F400152E
:10273000336020462946F8BD00005043FFFFEF7F7D
:1027400010B50C46B1F90E1000F00AFA002803DBB0
:10275000236D0344236510BDA38923F48053A38113
:1027600010BD00BF2DE9F0411646B1F90C201F46FF
:10277000D3050C460546B1F90E1007D500220223F9
:1027800000F0D8F9B4F90C20B4F90E1022F48052FC
:10279000A2813B4632462846BDE8F041FEF776B9B5
:1027A00010B50C46B1F90E1000F0C4F9A389421C13
:1027B0000EBF23F4805343F480532065A38110BDE2
:1027C000B1F90E1000F016B940EA01039B0770B48E
:1027D0002AD1032A28D90C460346214654F8046B13
:1027E000A6F1013525EA060515F0803F06D1043A29
:1027F000032A43F8046B2146EFD89AB10C781C7079
:10280000013A01333CB16AB111F8014F03F8014BB1
:10281000013A002CF7D12AB11A44002103F8011B18
:102820009342FBD170BC70470346E6E72DE9F04FB9
:10283000936883B09046002B6CD017688D688246F1
:102840000C460868083742E0A38913F4906F2DD036
:10285000D4E9041505EB4505A0EB010B05EBD57597
:10286000701C6D105844A8422A4684BF05462A466B
:102870005B0536D511465046FAF780FE00283AD05F
:102880005A4621690190C6F713F8A289019B22F4E8
:10289000906242F08002A281A5EB0B0203EB0B00D9
:1028A000656123612060A2603546B3465A464946B9
:1028B000FBF73AF9D8F80830A2682068551B58444D
:1028C0009E1BA5602060C8F808601EB3083757E952
:1028D0000296AB46002EF9D0AE42B5D23546B3468D
:1028E000E4E75046FBF71AFA03460028D4D12169E1
:1028F0005046FAF731FB0C23CAF80030A3890022B6
:1029000043F040034FF0FF30A381C8E9012203B038
:10291000BDE8F08F0020C8F8040003B0BDE8F08FD8
:10292000F0B5114C246885B00646646B1F4651B162
:102930000E4D002C08BF2C46D4F8E040A047431CA5
:102940000CD005B0F0BD094A002C08BF14460A4659
:10295000D4F8E04001A9A047431CF2D100228A2309
:102960003A60336005B0F0BDCC0000200C090020B7
:1029700021B1FF2A04D80A70012070470846704729
:102980008A2303604FF0FF30704700BF10B502FB91
:1029900001F1FAF7F3FD0446D8B150F8042C22F007
:1029A0000302043A242A1DD8132A14D900231B2A0F
:1029B000C0E900331BD9242AC0E902330ABFC0E9A9
:1029C000043300F1100200F118020023C2E90033C1
:1029D0009360204610BD02460023C2E90033936095
:1029E000204610BD0021FBF703F9204610BD00F181
:1029F0000802F1E738B5074C002305460846236076
:102A000000F0C4F8431C00D038BD2368002BFBD075
:102A10002B6038BD386C012070B5002948D00546C0
:102A20000C4610B1836B002B48D0626EB4F90C30A9
:102A3000D00740D4990530D521462846FFF79AF8AB
:102A4000E36A064633B1E169284698470028B8BFD3
:102A50004FF0FF36A3891A063CD4216B41B104F133
:102A60004003994202D02846FAF776FA00232363FE
:102A7000616C21B12846FAF76FFA00236364FFF70F
:102A8000ABF9636E0022DB07A2811FD5A06DFAF7B8
:102A90005FFDFFF7A7F9304670BDA06DFAF75AFD4C
:102AA000B4F90C30002BC7D1666E16F0010616D0B3
:102AB0000026304670BD002BFAD0BDE7FFF760F965
:102AC000626EB4F90C30D007F5D4B3E7A06DFAF715
:102AD00043FDDBE721692846FAF73EFABDE7A06D22
:102AE000FAF73AFD304670BD38B50B46074C05463F
:102AF000114618460023236000F050F8431C00D014
:102B000038BD2368002BFBD02B6038BD386C01200A
:102B100038B5074C002305460846236000F04EF800
:102B2000431C00D038BD2368002BFBD02B6038BD80
:102B3000386C012070B50D46084C114606461A4601
:102B400028460023236000F049F8431C00D070BDE4
:102B50002368002BFBD0336070BD00BF386C0120B0
:102B600070B50D46084C114606461A462846002305
:102B7000236000F03BF8431C00D070BD2368002B9D
:102B8000FBD0336070BD00BF386C0120024B58226F
:102B90001A604FF0FF307047386C0120024B58220A
:102BA0001A604FF0FF307047386C0120024B5822FA
:102BB0001A604FF0FF307047386C0120024B5822EA
:102BC0001A600020704700BF386C0120024B582269
:102BD0001A604FF0FF307047386C0120024B5822CA
:102BE0001A604FF0FF307047386C0120024B5822BA
:102BF0001A604FF0FF307047386C0120044A0549D5
:102C00001368002B08BF0B46184410601846704725
:102C100094690120406C0120024B58221A604FF049
:102C2000FF307047386C0120FEE700BFF8B500BFE9
:102C3000F8BC08BC9E467047F8B500BFF8BC08BC9D
:042C40009E467047F5
:102C480000000000FFFFFFFFFFFFFFFF0000000084
:102C5800010000000000000000000000010000006A
:102C6800FFFFFFFFFFFFFFFF01000000FFFFFFFF67
:102C7800FFFFFFFF0100000001000000010000004D
:102C880074000000548F040803000000548F0408E7
:102C980003000000000000000000000061000000C8
:102CA800809204080E000000809204080E000000C4
:102CB8009092040809000000620000009C92040839
:102CC800110000009C92040811000000B092040852
:102CD8000C00000073000000C09204080B00000004
:102CE800CC92040846000000B09204080C000000D2
:102CF80069000000149304080C00000024930408E1
:102D080031000000589304080D0000006F00000017
:102D1800689304080C000000789304083100000050
:102D2800AC9304080D00000064000000BC93040884
:102D38000D000000CC930408320000000094040841
:102D48000E000000109604080B00000010960408FE
:102D58000B000000000000001C960408040000009E
:102D68002496040807000000070000002C960408B9
:102D7800040000003496040804000000000000006D
:102D88003C960408060000003C9604080600000073
:102D980008000000449604080B000000449604084C
:102DA8000B00000008000000509604080500000011
:102DB8005096040805000000080000005896040812
:102DC8000A000000589604080A00000008000000E5
:102DD800649604080D000000649604080D000000C5
:102DE80000000000749604080300000074960408AC
:102DF8000300000001000000789604080C000000A1
:102E08008896040808000000020000000000000086
:102E180000000000000000000000000000000000AA
:102E28009496040804000000949604080400000026
:102E3800030000009C9604080D0000009C960408FE
:102E48000D00000004000000AC9604080800000013
:102E5800AC9604080800000000000000B8960408BA
:102E680011000000B89604081100000000000000DE
:102E7800000000000000000000000000000000004A
:102E8800000000000000000000000000000000003A
:102E9800000000000000000000000000000000002A
:102EA800000000000000000000000000CC960408AC
:102EB80005000000CC960408050000000000000092
:102EC800D49604080E000000D49604080E000000F2
:102ED80000000000000000000000000000000000EA
:102EE8000000000000000000E49604080400000050
:102EF800E49604080400000009000000EC960408A9
:102F0800070000002C9604080400000000000000E0
:102F1800F4960408090000009496040804000000D0
:102F2800050000000097040812000000009704083C
:102F380012000000060000007C9104080300000055
:102F48007C910408030000000000000014970408A6
:102F580009000000149704080900000000000000A0
:102F680020970408090000002097040809000000C1
:102F7800000000002C9704080A0000002C970408A1
:102F88000A00000000000000389704080400000050
:102F9800389704080400000008000000409704085F
:102FA8000800000040970408080000000000000026
:102FB8004C970408080000004C970408080000001B
:102FC80000000000589704081100000058970408F2
:102FD8001100000000000000109404081494040874
:102FE8000200000002000000189404081C94040861
:102FF8000100000002000000209404084492040824
:10300800020000000200000024910408249404082F
:10301800010000000100000028940408249404081A
:1030280001000000020000002C94040830940408F9
:1030380008000000010000003C94040830940408D3
:1030480008000000010000004094040844940408AB
:103058000A00000002000000348F0408509404089D
:103068000200000002000000549404085894040868
:1030780001000000020000005C9404086094040849
:10308800010000000100000064940408689404082A
:1030980002000000020000006C9404087094040808
:1030A80009000000010000007C94040880940408D2
:1030B8000C00000002000000909404089494040896
:1030C8000100000001000000989404089C94040882
:1030D8000700000001000000A4940408A894040854
:1030E8000200000002000000388F0408D895040888
:1030F8000100000002000000AC940408B094040829
:103108000100000002000000B4940408B894040808
:103118000200000002000000BC940408C0940408E7
:103128000100000002000000C4940408C8940408C8
:103138000200000002000000CC9404087C910408FE
:103148000300000003000000D09404087C910408E8
:103158000300000003000000D49404087C910408D4
:103168000300000002000000D89404087C910408C1
:103178000300000002000000DC940408E094040846
:1031880002000000020000002C9104087C8F040853
:103198000200000001000000E494040854930408AD
:1031A8000100000002000000349104089C8F04080C
:1031B8000200000002000000E8940408EC940408EF
:1031C800030000000200000040960408F094040880
:1031D8000200000002000000708F0408F494040844
:1031E8000B00000001000000009504080495040885
:1031F8000200000002000000089504080C9504086D
:10320800010000000200000010950408149504084D
:103218000200000002000000189504081C9504082C
:10322800020000000200000020950408249504080C
:103238000100000002000000289504089494040886
:1032480001000000020000002C95040830950408D5
:1032580002000000010000003495040838950408B5
:103268000500000003000000409504084495040888
:1032780002000000020000001097040824950408CA
:103288000100000001000000489504084C9504085E
:10329800010000000100000050950408549504083E
:1032A8000300000003000000589504085C9504081A
:1032B80002000000020000006095040864950408FC
:1032C80002000000020000008C92040868950408BF
:1032D80001000000020000006C95040870950408C5
:1032E80002000000020000007495040878950408A4
:1032F80001000000020000007C9504088095040885
:103308000300000002000000849504088895040862
:1033180002000000010000008C950408789504085C
:1033280001000000010000003C8F0408909504088B
:103338000200000002000000408F04089495040871
:103348000100000003000000989504089C950408FB
:103358000200000002000000A0950408A4950408DB
:103368000300000002000000A8950408AC950408BA
:103378001000000002000000C0950408C49504086D
:103388000100000002000000C8950408CC9504085C
:103398000200000002000000308F0408D0950408E5
:1033A800090000000100000028910408D0950408D5
:1033B8000900000001000000DC950408E0950408FD
:1033C8000B000000020000004C940408EC9504086F
:1033D8000700000001000000F4950408EC950408BB
:1033E8000700000001000000F8950408FC95040897
:1033F8000500000000000000049604080896040870
:1034080006000000010000000000000000000000AD
:1034180000000000000000000000000000000000A4
:103428006D8F0008818F00082BA30208AD8F00085C
:10343800698F00086B8F0008059E0208AD9E020880
:10344800AD9D0208EB8F0008B18F00080000000056
:103458000000000021900008219000081B9000083F
:1034680023900008FCFFFFFF000000001D900008EB
:103478003190000800000000000000005B90000888
:103488005B900008559000085D900008FCFFFFFF66
:1034980000000000579000086B9000080000000032
:1034A8000000000091900008A59000082BA30208D6
:1034B800D3910008698F00088D900008059E0208C6
:1034C800AD9E0208AD9D0208E5900008E591000850
:1034D8000000000000000000B5920008C992000832
:1034E8002BA30208F5920008698F0008B192000822
:1034F800059E0208AD9E0208AD9D0208AD92000827
:10350800AF9200080000000000000000FF920008D1
:10351800FF920008F992000801930008FCFFFFFFE2
:1035280000000000FB9200080F9300080000000054
:10353800000000003D930008519300082BA30208E7
:103548007D930008698F000839930008059E0208DA
:10355800AD9E0208AD9D0208AD920008AF9200082A
:10356800000000000000000087930008879300080F
:103578008193000889930008FCFFFFFF000000000A
:1035880083930008979300080000000000000000E3
:103598003D7B0208B57B0208C97B0208E57B02086F
:1035A800DD930008F3930008C7930008CD93000843
:1035B800C9930008AD7E0208B9930008197B020878
:1035C800BB930008DD7B0208F1870208857B0208AF
:1035D800F5800208557B0208997C0208000000006B
:1035E8000000000099940008D7940008000000002B
:1035F800000000009F940008E5940008A1940008CA
:10360800BF94000800000000000000009B94000820
:10361800F39400082BA302089D940008698F000802
:1036280097940008059E0208AD9E0208AD9D020809
:10363800AD920008AF9200080000000000000000F2
:10364800C1990008F9990008C3990008E199000890
:103658000000000000000000BD990008079A00085B
:103668002BA30208BF990008698F000897940008E7
:10367800059E0208AD9E0208AD9D0208AD920008A5
:10368800AF9200080000000000000000A99E00089A
:10369800E19E0008AB9E0008C99E000800000000DB
:1036A80000000000A59E0008EF9E00082BA302085A
:1036B800A79E0008698F000897940008059E0208D5
:1036C800AD9E0208AD9D0208AD920008AF920008B9
:1036D800000000000000000055A500088DA50008A6
:1036E80057A5000875A500080000000000000000AC
:1036F80051A500089BA500082BA3020853A50008A4
:10370800698F000897940008059E0208AD9E02087C
:10371800AD9D0208AD920008AF92000800000000BD
:1037280000000000A9AB000889AC0008FBAB00084A
:103738001BAC000800000000000000003D7B0208F0
:10374800B57B0208C97B0208E57B0208517F0208A5
:10375800F393000897AB000879AC0008C9930008F8
:10376800AD7E0208B9930008197B0208BB930008D4
:10377800DD7B0208F1870208857B0208F5800208D4
:10378800557B0208997C0208000000000000000038
:10379800A7AB000833AC000899AB00088FAB000852
:1037A80091AB000897AC000893AB0008000000003C
:1037B80000000000A5AB00086BAC0008E9AE0008EB
:1037C8008FAB0008F9AB0008D7AC000893AB000832
:1037D8000000000000000000A3AB00085DAC00087A
:1037E800A5AD00088FAB0008D3AB0008C7AC000834
:1037F80093AB00080000000000000000A1AB000827
:103808004FAC0008E9AC00088FAB0008ADAB00086E
:10381800B7AC000893AB00080000000000000000EF
:103828009FAB000841AC000851AE00088FAB000800
:10383800ABAB0008A7AC000893AB000873697A65C6
:103848006F662853637265656E5479706529203CEC
:103858003D20686561702E73637265656E53746F81
:10386800726167652E656C656D656E745F73697AE4
:1038780065282920262620225669657720616C6CE8
:103888006F636174696F6E206572726F723A20435C
:103898006865636B207468617420616C6C2076695C
:1038A8006577732061726520616464656420746F54
:1038B8002046726F6E74656E64486561703A3A5658
:1038C800696577547970657322004D6964646C6525
:1038D80077617265732F53542F746F7563686766C9
:1038E800782F6672616D65776F726B2F696E636C86
:1038F8007564652F6D76702F4D56504170706C69E8
:10390800636174696F6E2E6870700073697A656F91
:10391800662850726573656E74657254797065298E
:10392800203C3D20686561702E70726573656E7409
:10393800657253746F726167652E656C656D656E2F
:10394800745F73697A6528292026262022507265BB
:1039580073656E74657220616C6C6F636174696FF6
:103968006E206572726F723A20436865636B2074CB
:1039780068617420616C6C2070726573656E746523
:1039880072732061726520616464656420746F20BD
:1039980046726F6E74656E64486561703A3A50722B
:1039A8006573656E74657254797065732200736906
:1039B8007A656F66285472616E7354797065292030
:1039C8003C3D20686561702E7472616E736974691C
:1039D8006F6E53746F726167652E656C656D656E89
:1039E800745F73697A65282920262620225472611B
:1039F8006E736974696F6E20616C6C6F6361746952
:103A08006F6E206572726F723A20436865636B202F
:103A18007468617420616C6C207472616E7369746F
:103A2800696F6E73206172652061646465642074D7
:103A38006F2046726F6E74656E64486561703A3ABD
:103A48005472616E736974696F6E5479706573220C
:103A58000050726573656E746572547970652A20BA
:103A6800746F7563686766783A3A6D616B6554720E
:103A7800616E736974696F6E28746F7563686766C1
:103A8800783A3A53637265656E2A2A2C20746F75EA
:103A980063686766783A3A50726573656E746572E2
:103AA8002A2A2C20746F7563686766783A3A4D56EF
:103AB8005048656170262C20746F75636867667856
:103AC8003A3A5472616E736974696F6E2A2A2C20AF
:103AD8004D6F64656C547970652A29205B77697429
:103AE800682053637265656E54797065203D205374
:103AF800637265656E31566965773B2050726573F0
:103B0800656E74657254797065203D2053637265E3
:103B1800656E3150726573656E7465723B205472C0
:103B2800616E7354797065203D20746F75636867A2
:103B380066783A3A4E6F5472616E736974696F6E43
:103B48003B204D6F64656C54797065203D204D6F46
:103B580064656C5D0050726573656E746572547946
:103B680070652A20746F7563686766783A3A6D6184
:103B78006B655472616E736974696F6E28746F75C2
:103B880063686766783A3A53637265656E2A2A2CC9
:103B980020746F7563686766783A3A507265736522
:103BA8006E7465722A2A2C20746F7563686766784C
:103BB8003A3A4D565048656170262C20746F7563EB
:103BC800686766783A3A5472616E736974696F6EA1
:103BD8002A2A2C204D6F64656C547970652A292037
:103BE8005B776974682053637265656E5479706594
:103BF800203D2053637265656E31566965773B20B9
:103C080050726573656E74657254797065203D20D5
:103C180053637265656E3150726573656E74657253
:103C28003B205472616E7354797065203D20746F27
:103C38007563686766783A3A576970655472616E59
:103C4800736974696F6E3C28746F7563686766780A
:103C58003A3A446972656374696F6E29323E3B2053
:103C68004D6F64656C54797065203D204D6F6465B7
:103C78006C5D0050726573656E7465725479706519
:103C88002A20746F7563686766783A3A6D616B6568
:103C98005472616E736974696F6E28746F756368A6
:103CA8006766783A3A53637265656E2A2A2C2074DF
:103CB8006F7563686766783A3A50726573656E74B3
:103CC80065722A2A2C20746F7563686766783A3A99
:103CD8004D565048656170262C20746F756368676F
:103CE80066783A3A5472616E736974696F6E2A2AFB
:103CF8002C204D6F64656C547970652A29205B7798
:103D08006974682053637265656E54797065203DE7
:103D18002053637265656E31566965773B20507232
:103D28006573656E74657254797065203D205363C0
:103D38007265656E3150726573656E7465723B208D
:103D48005472616E7354797065203D20746F756389
:103D5800686766783A3A436F7665725472616E7333
:103D68006974696F6E3C28746F7563686766783A22
:103D78003A446972656374696F6E29303E3B204D21
:103D88006F64656C54797065203D204D6F64656C77
:103D98005D0050726573656E746572547970652A3A
:103DA80020746F7563686766783A3A6D616B65541D
:103DB80072616E736974696F6E28746F7563686772
:103DC80066783A3A53637265656E2A2A2C20746FB6
:103DD8007563686766783A3A50726573656E74659C
:103DE800722A2A2C20746F7563686766783A3A4D90
:103DF800565048656170262C20746F756368676635
:103E0800783A3A5472616E736974696F6E2A2A2C13
:103E1800204D6F64656C547970652A29205B776939
:103E280074682053637265656E54797065203D200F
:103E380053637265656E32566965773B20507265CB
:103E480073656E74657254797065203D2053637292
:103E580065656E3250726573656E7465723B205489
:103E680072616E7354797065203D20746F75636854
:103E78006766783A3A576970655472616E73697407
:103E8800696F6E3C28746F7563686766783A3A4460
:103E98006972656374696F6E29333E3B204D6F64A8
:103EA800656C54797065203D204D6F64656C5D00CC
:103EB80050726573656E746572547970652A2074E2
:103EC8006F7563686766783A3A6D616B65547261BD
:103ED8006E736974696F6E28746F75636867667846
:103EE8003A3A53637265656E2A2A2C20746F75639B
:103EF800686766783A3A50726573656E7465722AB7
:103F08002A2C20746F7563686766783A3A4D565064
:103F180048656170262C20746F7563686766783A07
:103F28003A5472616E736974696F6E2A2A2C204D37
:103F38006F64656C547970652A29205B77697468A9
:103F48002053637265656E54797065203D20536314
:103F58007265656E32566965773B20507265736588
:103F68006E74657254797065203D2053637265657F
:103F78006E3250726573656E7465723B205472615F
:103F88006E7354797065203D20746F756368676639
:103F9800783A3A436F7665725472616E73697469E0
:103FA8006F6E3C28746F7563686766783A3A44693F
:103FB80072656374696F6E29303E3B204D6F64658E
:103FC8006C54797065203D204D6F64656C5D0050C0
:103FD800726573656E746572547970652A20746FA2
:103FE8007563686766783A3A6D616B655472616E9D
:103FF800736974696F6E28746F7563686766783A59
:104008003A53637265656E2A2A2C20746F7563684B
:104018006766783A3A50726573656E7465722A2AD3
:104028002C20746F7563686766783A3A4D56504825
:10403800656170262C20746F7563686766783A3AF4
:104048005472616E736974696F6E2A2A2C204D6FE1
:1040580064656C547970652A29205B7769746820D7
:1040680053637265656E54797065203D20536372A1
:1040780065656E33566965773B2050726573656E6A
:1040880074657254797065203D2053637265656E5E
:104098003350726573656E7465723B205472616E3D
:1040A8007354797065203D20746F7563686766780E
:1040B8003A3A436F7665725472616E736974696FC8
:1040C8006E3C28746F7563686766783A3A4469721B
:1040D800656374696F6E29313E3B204D6F64656C72
:1040E80054797065203D204D6F64656C5D00507299
:1040F8006573656E746572547970652A20746F757E
:1041080063686766783A3A6D616B655472616E737D
:104118006974696F6E28746F7563686766783A3A70
:1041280053637265656E2A2A2C20746F75636867FD
:1041380066783A3A50726573656E7465722A2A2CED
:1041480020746F7563686766783A3A4D56504865CB
:104158006170262C20746F7563686766783A3A54E4
:1041680072616E736974696F6E2A2A2C204D6F64B0
:10417800656C547970652A29205B776974682053C7
:10418800637265656E54797065203D20536372656E
:10419800656E34566965773B2050726573656E7439
:1041A800657254797065203D2053637265656E347D
:1041B80050726573656E7465723B205472616E73DC
:1041C80054797065203D20746F7563686766783A26
:1041D8003A436F7665725472616E736974696F6E73
:1041E8003C28746F7563686766783A3A4469726503
:1041F8006374696F6E29313E3B204D6F64656C5462
:10420800797065203D204D6F64656C5D000000008D
:10421800000000000000000055BB000857BB000864
:10422800AB9B0208E1BB0008FFBB000803BC000809
:104238007DBF000899BF00086D9002088D910208A3
:10424800859002082991020807BC00081F910208FE
:104258000BBC00080FBC000817BC000845BC0008D0
:104268002F91020825BC000829BC00081DBC0008C5
:1042780021BC00082DBC0008000000000000000060
:10428800F9BE0008E9BE0008EBBE0008189F0790B9
:10429800000000007801E500000000007801E5005A
:1042A800B4400490000000007801E5000000000020
:1042B8007801E500E4310290000000009A009A00BD
:1042C8002A00290046004840C8480A90000000001B
:1042D8001800180006000D000C00074064E1069065
:1042E800000000001800180006000D000C00074030
:1042F80064EA0690000000006F0063000000000000
:1043080000000040E0D10090000000009001120081
:10431800000000009001120000480090000000001A
:104328003E002200260009000E0010400090009078
:10433800000000003E002200260009000E00104088
:10434800009D0190000000003C003C0000000000BF
:104358000000004040D50190000000004D004D00D5
:104368002700030001004840C85A0A9000000000D6
:10437800900190013D00C8002001044030310190B7
:10438800000000003E002200000000000000004085
:1043980000000090000000003E0022000000000025
:1043A80000000040F0680090000000003200320079
:1043B8000E000E001C000440200A019000000000BE
:1043C800320032000E000E001C000440F020009065
:1043D80000000000320032000E000E001C000440F5
:1043E80010730190000000003E0022000A0009003E
:1043F8000E001040F0B00090000000003E002200C7
:104408000A0009000E001040205201900000000030
:104418003E002200260009000E00104074A40390FC
:104428000000000064006400240024001D001D40FA
:1044380018960790000000001800180007000600F2
:1044480006001040C8510A9000000000180018002B
:104458000700060006001040C83F0A900000000050
:10446800180018000400080010000740009401908C
:1044780000000000180018000400080010000740A1
:1044880075736564203E2030004D6964646C6577FF
:10449800617265732F53542F746F756368676678FC
:1044A8002F6672616D65776F726B2F696E636C75BD
:1044B80064652F746F7563686766782F54657874C0
:1044C80050726F76696465722E687070006F6666E8
:1044D800736574203C207573656400746F75636838
:1044E8006766783A3A556E69636F64653A3A556E0D
:1044F80069636F64654368617220746F7563686788
:1045080066783A3A5465787450726F766964657261
:104518003A3A63697263756C617242756666657270
:104528003C73697A653E3A3A7065656B43686172B7
:104538002875696E7431365F7429205B77697468F1
:1045480020756E7369676E656420696E742073697F
:104558007A65203D2031303B20746F75636867664B
:10456800783A3A556E69636F64653A3A556E69638D
:104578006F646543686172203D2073686F727420B0
:10458800756E7369676E656420696E743B20756922
:104598006E7431365F74203D2073686F72742075B5
:1045A8006E7369676E656420696E745D00746F75FB
:1045B80063686766783A3A556E69636F64653A3A34
:1045C800556E69636F64654368617220746F7563C3
:1045D800686766783A3A5465787450726F76696499
:1045E80065723A3A63697263756C617242756666A0
:1045F80065723C73697A653E3A3A7065656B4368E3
:1046080061722829205B7769746820756E73696701
:104618006E656420696E742073697A65203D203167
:10462800303B20746F7563686766783A3A556E69EF
:10463800636F64653A3A556E69636F646543686190
:1046480072203D2073686F727420756E7369676E8F
:10465800656420696E745D000000000000000000C1
:1046680000000000000000003BC100083FC1000836
:1046780049C100089DAB03080000000000000000CD
:104688005DC200088DC200087D4402086DC10008A3
:10469800C19202086D4502082D9400083B94000859
:1046A8004192020885940008819202085B920208F0
:1046B8003F94000843940008479400084B9400086E
:1046C8004F9400085194000853940008559400082A
:1046D800579400082193020859940008719400081F
:1046E8004BC1000851C1000857C100088DC100081E
:1046F80000000000000000005BC200089BC2000828
:10470800CD31020879C100087DC1000881C10008C7
:1047180087C10008753102088D4302088B310208F1
:104728008F310208B331020809320208B731020892
:1047380091C1000895C1000899C100080000000057
:104748000000000059C200087FC2000859C60008CE
:1047580061C200089DC3000841C5000877C200086F
:10476800CFC90008B1C9000891C400087DC300087A
:1047780051C300082DC3000879C2000868616E643F
:104788006C65203C206E6F5F73747265616D730099
:10479800546F7563684746582F7461726765742F44
:1047A80067656E6572617465642F446F75626C65C8
:1047B8004275666665726564566964656F436F6EB7
:1047C80074726F6C6C65722E6870700030202626CB
:1047D8002022556E61626C6520746F2066696E6474
:1047E800206672656520766964656F2073747265EA
:1047F800616D2068616E646C652122003020262678
:1048080020227265676973746572566964656F57AB
:1048180069646765743A20556E61626C6520746FCF
:1048280020616C6C6F636174652074776F205247E8
:10483800422062756666657273212200636F6D702F
:10484800617469626C654672616D656275666665FC
:1048580072284269746D61703A3A5247423536356A
:104868002920262620225468652063686F73656EA8
:10487800207061696E746572206F6E6C7920776F35
:10488800726B732077697468205247423536352039
:10489800646973706C61797322004D6964646C6536
:1048A80077617265732F53542F746F7563686766E9
:1048B800782F6672616D65776F726B2F696E636CA6
:1048C8007564652F746F7563686766782F77696498
:1048D800676574732F63616E7661732F41627374B9
:1048E800726163745061696E7465725247423536FD
:1048F800352E687070007769647468203E3D2044E6
:104908004953504C41595F57494454482026262062
:10491800686569676874203E3D20444953504C419E
:10492800595F484549474854202626202246726147
:104938006D656275666665722063616E6E6F742060
:10494800626520736D616C6C6572207468616E209D
:10495800646973706C617922006672616D65427575
:104968006666657220213D203020262620224120BF
:104978006672616D656275666665722061646472EF
:10498800657373206D757374206265207365742276
:10499800004D6964646C6577617265732F53542F99
:1049A800746F7563686766782F6672616D65776F77
:1049B800726B2F696E636C7564652F746F756368AD
:1049C8006766782F68616C2F48414C2E68707000BC
:1049D800766F696420446F75626C654275666665BA
:1049E800726564566964656F436F6E74726F6C6C40
:1049F80065723C6E6F5F73747265616D732C20779E
:104A0800696474682C206865696768742C207374FD
:104A1800726964652C206F75747075745F666F7247
:104A28006D61743E3A3A736574436F6D6D616E647F
:104A380028746F7563686766783A3A566964656F73
:104A4800436F6E74726F6C6C65723A3A48616E644B
:104A58006C652C20746F7563686766783A3A566996
:104A680064656F436F6E74726F6C6C65723A3A432B
:104A78006F6D6D616E642C2075696E7433325F746E
:104A880029205B77697468206C6F6E6720756E7378
:104A980069676E656420696E74206E6F5F737472E7
:104AA80065616D73203D20313B206C6F6E6720750A
:104AB8006E7369676E656420696E742077696474C3
:104AC80068203D203438303B206C6F6E6720756E4F
:104AD8007369676E656420696E74206865696768C4
:104AE80074203D203237323B206C6F6E6720756E24
:104AF8007369676E656420696E7420737472696483
:104B080065203D203936303B20746F7563686766D1
:104B1800783A3A4269746D61703A3A4269746D61E3
:104B280070466F726D6174206F75747075745F660E
:104B38006F726D6174203D2028746F7563686766B5
:104B4800783A3A4269746D61703A3A4269746D61B3
:104B580070466F726D617429303B20746F7563689D
:104B68006766783A3A566964656F436F6E74726F18
:104B78006C6C65723A3A48616E646C65203D206CD5
:104B88006F6E6720756E7369676E656420696E74F1
:104B98003B2075696E7433325F74203D206C6F6EF4
:104BA8006720756E7369676E656420696E745D0051
:104BB800626F6F6C20446F75626C654275666665DE
:104BC800726564566964656F436F6E74726F6C6C5E
:104BD80065723C6E6F5F73747265616D732C2077BC
:104BE800696474682C206865696768742C2073741C
:104BF800726964652C206F75747075745F666F7266
:104C08006D61743E3A3A7570646174654672616D9F
:104C18006528746F7563686766783A3A566964659B
:104C28006F436F6E74726F6C6C65723A3A48616E5E
:104C3800646C652C20746F7563686766783A3A56B9
:104C48006964656F5769646765742629205B7769AD
:104C58007468206C6F6E6720756E7369676E656423
:104C680020696E74206E6F5F73747265616D732056
:104C78003D20313B206C6F6E6720756E7369676EDF
:104C8800656420696E74207769647468203D2034F7
:104C980038303B206C6F6E6720756E7369676E6580
:104CA8006420696E7420686569676874203D2032E5
:104CB80037323B206C6F6E6720756E7369676E655F
:104CC8006420696E7420737472696465203D2039AC
:104CD80036303B20746F7563686766783A3A426984
:104CE800746D61703A3A4269746D6170466F726DA5
:104CF8006174206F75747075745F666F726D61741E
:104D0800203D2028746F7563686766783A3A42696F
:104D1800746D61703A3A4269746D6170466F726D74
:104D2800617429303B20746F7563686766783A3A16
:104D3800566964656F436F6E74726F6C6C65723A16
:104D48003A48616E646C65203D206C6F6E67207513
:104D58006E7369676E656420696E745D00626F6F5B
:104D68006C20446F75626C65427566666572656431
:104D7800566964656F436F6E74726F6C6C65723CD4
:104D88006E6F5F73747265616D732C2077696474DC
:104D9800682C206865696768742C2073747269646C
:104DA800652C206F75747075745F666F726D6174B1
:104DB8003E3A3A6765744973506C6179696E672841
:104DC800746F7563686766783A3A566964656F43C5
:104DD8006F6E74726F6C6C65723A3A48616E646C8F
:104DE8006529205B77697468206C6F6E6720756E23
:104DF8007369676E656420696E74206E6F5F737483
:104E08007265616D73203D20313B206C6F6E6720A9
:104E1800756E7369676E656420696E74207769645E
:104E28007468203D203438303B206C6F6E672075E5
:104E38006E7369676E656420696E7420686569675A
:104E48006874203D203237323B206C6F6E672075C6
:104E58006E7369676E656420696E74207374726915
:104E68006465203D203936303B20746F7563686770
:104E780066783A3A4269746D61703A3A4269746D7B
:104E88006170466F726D6174206F75747075745FB0
:104E9800666F726D6174203D2028746F7563686752
:104EA80066783A3A4269746D61703A3A4269746D4B
:104EB8006170466F726D617429303B20746F756341
:104EC800686766783A3A566964656F436F6E7472BC
:104ED8006F6C6C65723A3A48616E646C65203D206F
:104EE8006C6F6E6720756E7369676E656420696E96
:104EF800745D00766F696420446F75626C654275F5
:104F0800666665726564566964656F436F6E747230
:104F18006F6C6C65723C6E6F5F73747265616D73F4
:104F28002C2077696474682C206865696768742C1C
:104F3800207374726964652C206F75747075745F62
:104F4800666F726D61743E3A3A7365744672616D4C
:104F5800655261746528746F7563686766783A3A54
:104F6800566964656F436F6E74726F6C6C65723AE4
:104F78003A48616E646C652C2075696E7433325FD3
:104F8800742C2075696E7433325F7429205B7769DD
:104F98007468206C6F6E6720756E7369676E6564E0
:104FA80020696E74206E6F5F73747265616D732013
:104FB8003D20313B206C6F6E6720756E7369676E9C
:104FC800656420696E74207769647468203D2034B4
:104FD80038303B206C6F6E6720756E7369676E653D
:104FE8006420696E7420686569676874203D2032A2
:104FF80037323B206C6F6E6720756E7369676E651C
:105008006420696E7420737472696465203D203968
:1050180036303B20746F7563686766783A3A426940
:10502800746D61703A3A4269746D6170466F726D61
:105038006174206F75747075745F666F726D6174DA
:10504800203D2028746F7563686766783A3A42692C
:10505800746D61703A3A4269746D6170466F726D31
:10506800617429303B20746F7563686766783A3AD3
:10507800566964656F436F6E74726F6C6C65723AD3
:105088003A48616E646C65203D206C6F6E672075D0
:105098006E7369676E656420696E743B2075696E0E
:1050A8007433325F74203D206C6F6E6720756E73A9
:1050B80069676E656420696E745D00746F756368F6
:1050C8006766783A3A566964656F436F6E74726FB3
:1050D8006C6C65723A3A48616E646C6520446F7511
:1050E800626C654275666665726564566964656F6B
:1050F800436F6E74726F6C6C65723C6E6F5F737425
:105108007265616D732C2077696474682C206865FA
:10511800696768742C207374726964652C206F75D4
:10512800747075745F666F726D61743E3A3A676544
:10513800744672656548616E646C652829205B77E2
:10514800697468206C6F6E6720756E7369676E6529
:105158006420696E74206E6F5F73747265616D731D
:10516800203D20313B206C6F6E6720756E73696738
:105178006E656420696E74207769647468203D20C8
:105188003438303B206C6F6E6720756E7369676EBC
:10519800656420696E7420686569676874203D20BD
:1051A8003237323B206C6F6E6720756E7369676E9D
:1051B800656420696E7420737472696465203D208B
:1051C8003936303B20746F7563686766783A3A42BF
:1051D80069746D61703A3A4269746D6170466F72B4
:1051E8006D6174206F75747075745F666F726D6130
:1051F80074203D2028746F7563686766783A3A4270
:1052080069746D61703A3A4269746D6170466F7283
:105218006D617429303B20746F7563686766783AEE
:105228003A566964656F436F6E74726F6C6C657221
:105238003A3A48616E646C65203D206C6F6E672059
:10524800756E7369676E656420696E745D00766F4C
:10525800696420446F75626C65427566666572653F
:1052680064566964656F436F6E74726F6C6C6572B7
:105278003C6E6F5F73747265616D732C207769641F
:1052880074682C206865696768742C207374726967
:1052980064652C206F75747075745F666F726D61CC
:1052A800743E3A3A676574566964656F496E666F0D
:1052B800726D6174696F6E28746F7563686766785C
:1052C8003A3A566964656F436F6E74726F6C6C65B9
:1052D800723A3A48616E646C652C20746F75636825
:1052E8006766783A3A566964656F496E666F726D9B
:1052F8006174696F6E2A29205B77697468206C6F06
:105308006E6720756E7369676E656420696E7420B8
:105318006E6F5F73747265616D73203D20313B2041
:105328006C6F6E6720756E7369676E656420696E51
:1053380074207769647468203D203438303B206CD1
:105348006F6E6720756E7369676E656420696E7429
:1053580020686569676874203D203237323B206CCD
:105368006F6E6720756E7369676E656420696E7409
:1053780020737472696465203D203936303B20748F
:105388006F7563686766783A3A4269746D61703A16
:105398003A4269746D6170466F726D6174206F7501
:1053A800747075745F666F726D6174203D20287427
:1053B8006F7563686766783A3A4269746D61703AE6
:1053C8003A4269746D6170466F726D617429303B41
:1053D80020746F7563686766783A3A566964656FD2
:1053E800436F6E74726F6C6C65723A3A48616E64A2
:1053F8006C65203D206C6F6E6720756E7369676EF3
:10540800656420696E745D00746F7563686766789B
:105418003A3A566964656F436F6E74726F6C6C6567
:10542800723A3A48616E646C6520446F75626C65C7
:105438004275666665726564566964656F436F6E2A
:1054480074726F6C6C65723C6E6F5F7374726561B9
:105458006D732C2077696474682C206865696768A7
:10546800742C207374726964652C206F7574707560
:10547800745F666F726D61743E3A3A7265676973FC
:10548800746572566964656F5769646765742874D2
:105498006F7563686766783A3A566964656F5769E5
:1054A800646765742629205B77697468206C6F6E61
:1054B8006720756E7369676E656420696E74206E07
:1054C8006F5F73747265616D73203D20313B206C92
:1054D8006F6E6720756E7369676E656420696E7498
:1054E800207769647468203D203438303B206C6F25
:1054F8006E6720756E7369676E656420696E7420C7
:10550800686569676874203D203237323B206C6FCC
:105518006E6720756E7369676E656420696E7420A6
:10552800737472696465203D203936303B20746F8E
:105538007563686766783A3A4269746D61703A3A99
:105548004269746D6170466F726D6174206F757415
:105558007075745F666F726D6174203D2028746F7A
:105568007563686766783A3A4269746D61703A3A69
:105578004269746D6170466F726D617429303B20A9
:10558800746F7563686766783A3A566964656F43FD
:105598006F6E74726F6C6C65723A3A48616E646CC7
:1055A80065203D206C6F6E6720756E7369676E6548
:1055B8006420696E745D0075696E7433325F74209F
:1055C800446F75626C654275666665726564566996
:1055D80064656F436F6E74726F6C6C65723C6E6F4E
:1055E8005F73747265616D732C2077696474682CBD
:1055F800206865696768742C207374726964652C07
:10560800206F75747075745F666F726D61743E3A61
:105618003A67657443757272656E744672616D653A
:105628004E756D62657228746F7563686766783A3F
:105638003A566964656F436F6E74726F6C6C65720D
:105648003A3A48616E646C6529205B776974682012
:105658006C6F6E6720756E7369676E656420696E1E
:1056680074206E6F5F73747265616D73203D2031B5
:105678003B206C6F6E6720756E7369676E6564207A
:10568800696E74207769647468203D203438303B33
:10569800206C6F6E6720756E7369676E656420692C
:1056A8006E7420686569676874203D203237323B24
:1056B800206C6F6E6720756E7369676E656420690C
:1056C8006E7420737472696465203D203936303BEE
:1056D80020746F7563686766783A3A4269746D61D9
:1056E800703A3A4269746D6170466F726D617420E8
:1056F8006F75747075745F666F726D6174203D208C
:1057080028746F7563686766783A3A4269746D61A0
:10571800703A3A4269746D6170466F726D617429AE
:10572800303B2075696E7433325F74203D206C6F96
:105738006E6720756E7369676E656420696E743B69
:1057480020746F7563686766783A3A566964656F5E
:10575800436F6E74726F6C6C65723A3A48616E642E
:105768006C65203D206C6F6E6720756E7369676E7F
:10577800656420696E745D00746F75636867667828
:105788003A3A41627374726163745061696E746508
:10579800725247423536353A3A41627374726163E0
:1057A800745061696E7465725247423536352829DE
:1057B800007669727475616C20766F696420746F05
:1057C8007563686766783A3A48414C3A3A73657443
:1057D8004672616D6542756666657253697A6528B9
:1057E80075696E7431365F742C2075696E74313644
:1057F8005F7429007669727475616C20766F6964CC
:1058080020746F7563686766783A3A48414C3A3A4B
:105818007365744672616D65427566666572537428
:1058280061727441646472657373657328766F6915
:10583800642A2C20766F69642A2C20766F69642A82
:105848002900302026262022556E737570706F72DD
:1058580074656420666F726D61742200302026269C
:105868002022556E737570706F7274656420466F70
:10587800726D6174212200546F7563684746582F12
:105888007461726765742F67656E657261746564AB
:105898002F53544D3332444D412E63707000000035
:1058A8000000000000000000F9CA0008A52A02084C
:1058B80095CA0008A9CA00080D2B02089FCA00084B
:1058C8009BCA000881CD0008A1CD0008BB290208A9
:1058D800312B0208B52902088DCB0008F5CC000849
:1058E800472A0208492A0208472A0208F12A020818
:1058F8007669727475616C20766F69642053544DB3
:105908003332444D413A3A73657475704461746139
:10591800436F707928636F6E737420746F75636852
:105928006766783A3A426C69744F7026290075693F
:105938006E7433325F742053544D3332444D413AC0
:105948003A6765744368726F6D415254496E707559
:1059580074466F726D617428746F756368676678D2
:105968003A3A4269746D61703A3A4269746D61708D
:10597800466F726D6174290075696E7433325F7495
:105988002053544D3332444D413A3A676574436865
:10599800726F6D4152544F7574707574466F726DA5
:1059A800617428746F7563686766783A3A426974F7
:1059B8006D61703A3A4269746D6170466F726D61DB
:1059C800742900286672616D655F62756666657226
:1059D8005F73656D20213D204E554C4C29202626AD
:1059E80020224372656174696F6E206F662066724B
:1059F800616D656275666665722073656D61706854
:105A08006F7265206661696C65642200546F756306
:105A1800684746582F7461726765742F67656E65AD
:105A280072617465642F4F53577261707065727339
:105A38002E63707000287673796E635F7175657573
:105A48006520213D204E554C4C29202626202243F6
:105A580072656174696F6E206F66207673796E6304
:105A6800206D65737361676520717565756520665E
:105A780061696C6564220073746174696320766F70
:105A8800696420746F7563686766783A3A4F53574C
:105A9800726170706572733A3A696E697469616CA3
:105AA800697A652829000000000000000000000055
:105AB8007DD0000891D000089F110208B311020898
:105AC8007311020877110208991102080BD0000817
:105AD8000FD0000813D000081BD0000800000000F9
:105AE8000000000051D0000865D000089F1102088E
:105AF800B3110208731102087711020899110208FC
:105B0800E9CF0008EDCF0008F3CF0008FFCF000869
:105B1800000000000000000029D000083DD0000867
:105B28009F110208B31102087311020877110208C5
:105B380099110208CDCF0008D1CF0008D5CF0008B1
:105B4800DFCF00080000000000000000A5D000081A
:105B5800CDD0000823D000086C696E654275666672
:105B6800657220262620224C696E65427566666538
:105B780072206D7573742062652061737369676E36
:105B88006564207072696F7220746F206465636F3A
:105B980064696E67206469726563746C7920746FD8
:105BA800206672616D656275666665722200286698
:105BB80072616D654E756D626572203E20302920D8
:105BC80026262022536F6674776172654D4A5045C8
:105BD800474465636F646572206465636F64696ECA
:105BE8006720776974686F7574206672616D6520C7
:105BF80064617461212200546F7563684746582FA9
:105C08007461726765742F67656E65726174656427
:105C18002F536F6674776172654D4A5045474465E6
:105C2800636F6465722E63707000524946460021A6
:105C3800225249464620686561646572206E6F7419
:105C480020666F756E64220041564920002122416A
:105C5800564920686561646572206E6F7420666FAE
:105C6800756E6422004C4953540021224156492044
:105C78004C495354206E6F7420666F756E64220011
:105C88006176694C69737453697A65006864726CEB
:105C98000061766968006D6F766900696478310023
:105CA800212242756666657220746F20736D616C7F
:105CB8006C22000000000000000000005FC2000825
:105CC80061C9000899D90008A5D90008A3D300081C
:105CD800E1D900089DD5000839D60008C9D30008C5
:105CE80071D7000899D30008B5D30008B9D30008C4
:105CF8009DD300087669727475616C20626F6F6C51
:105D080020536F6674776172654D4A504547446504
:105D1800636F6465723A3A6465636F64654672617D
:105D28006D6528636F6E737420746F75636867663A
:105D3800783A3A52656374262C2075696E74385F18
:105D4800742A2C2075696E7433325F742900766961
:105D5800727475616C20626F6F6C20536F66747714
:105D68006172654D4A5045474465636F6465723A90
:105D78003A676F746F4E6578744672616D6528294D
:105D8800007669727475616C20626F6F6C20536F56
:105D98006674776172654D4A5045474465636F6420
:105DA80065723A3A6465636F64654E6578744672E5
:105DB800616D652875696E74385F742A2C20756961
:105DC8006E7431365F742C2075696E7431365F7469
:105DD8002C2075696E7433325F7429007669727489
:105DE80075616C20626F6F6C20536F667477617297
:105DF800654D4A5045474465636F6465723A3A6435
:105E080065636F64655468756D626E61696C287549
:105E1800696E7433325F742C2075696E74385F74E0
:105E28002A2C2075696E7431365F742C2075696E62
:105E38007431365F742900766F696420536F667415
:105E4800776172654D4A5045474465636F64657272
:105E58003A3A72656164566964656F48656164655C
:105E680072282900636F6E73742075696E74385FC9
:105E7800742A20536F6674776172654D4A5045479E
:105E88004465636F6465723A3A726561644461742B
:105E9800612875696E7433325F742C2075696E746D
:105EA80033325F7429000000000000000000000089
:105EB800CBCF000817D20008F1C00008E9C20008DB
:105EC800ADDA00089B1D020855DB0008E9DA000876
:105ED800E11C0208EF1C0208FDC00008192902088D
:105EE8005D1F0208E1DA000841DB000837C400083A
:105EF8002D250208F71C020861210208592402080E
:105F0800C3240208BD210208BD260208F52502089F
:105F180051280208212202086D1F020841270208A1
:105F2800C527020821C4000845DB000849DB000832
:105F38004DDB000851DB0008FFC00008A9C20008BB
:105F480005C10008952002080121020819C10008AE
:105F58001BC100081FC1000829C100082FC1000883
:105F6800B31C02087522020837C10008C11D0208C7
:105F780011C4000815C40008E5DA0008751F0208F6
:105F88007320020849C4000801C2000801C20008C1
:105F980039C100080000000000000000C5CF00085B
:105FA800EDD1000805DD000819DD0008000000003B
:105FB80000000000C9DD0008A9DA000875DB000848
:105FC800F9DD000805DE000811DE0008C1DD000863
:105FD800C5DD000800000000000000000102030405
:105FE80006070809000000000102030446600408CF
:105FF8000000000000000000000000000000000099
:106008000040000018000000000000000000000030
:1060180053600408000000000000000000000000B9
:10602800000000000002000018000000000000004E
:1060380000000000766964656F5461736B00546FEB
:106048007563684746585461736B0064656661758B
:106058006C745461736B00003C600408000000001D
:10606800000000000000000000000000A00F000079
:1060780008000000000000000000000049444C45F2
:1060880000546D725100546D722053766300040AF7
:1060980010161C22282E343A03090F151B21272D10
:1060A8003339060C12181E242A30363C050B1117FA
:1060B8001D23292F353B000081011D5A0E0286251C
:1060C8001003141112040B081405D8031706DA017B
:1060D8001907E5001C086F001E093600210A1A007E
:1060E800230B0D00090C06000A0D03000C0D01001E
:1060F8008F0F7F5A2410253F2611F22C27127C205F
:106108002813B9172A1482112B15EF0C2D16A10983
:106118002E172F0730185C0531190604331A0303AC
:10612800341B4002361CB101381D4401391EF500EC
:106138003B1FB7003C208A003E2168003F224E00EA
:1061480020233B0021092C00A525E15A40264C4874
:1061580041270D3A4328F12E44291F26452A331F8B
:10616800462BA819482C1815492D77114A2E740E5C
:106178004B2FFB0B4D30F8094E3161084F320607A3
:106188003033CD053234DE0432350F043336630341
:106198003437D40235385C023639F801373AA4016D
:1061A800383B6001393C25013A3DF6003B3ECB00C7
:1061B8003D3FAB003D208F00C141125B5042044D72
:1061C80051432C415244D8375345E82F54463C2973
:1061D800564779235748DF1E5749A91A484A4E1788
:1061E800484B24144A4C9C114A4D6B0F4B4E510D91
:1061F8004D4FB60B4D30400AD051325858521C4DB5
:1062080059538E435A54DD3B5B55EE345C56AE2EE3
:106218005D579A2956471625D85970555F5AA94C83
:10622800605BD944615C223E635D2438635EB432AE
:106238005D56172EDF60A8566561464F6662E547D2
:106248006763CF4168643D3C635D5E376966315280
:106258006A670F4C6B68394667635E41E96A27567F
:106268006C6BE7506D67854B6E6D97556F6B4F5034
:10627800EE6F105A706D2255F06FEB5971711D5AFF
:10628800FFD9000000000000000000000000F03FFF
:10629800EF6148B15031F63FCA6F4D91AEE7F43F18
:1062A800AA116CEF62D0F23F000000000000F03F3E
:1062B8003BBFA7C06924E93FBB20C77B7A51E13FB8
:1062C8005DAB72DE55A8D13F0040C5589F53424B85
:1062D80000404932A322A811C558217BFC7362688B
:1062E800C558BF450B307E189F53FC73416D5462EF
:1062F8009F53B341412D1217424B626854627E5836
:10630800424B213BBA28C3140040C5589F53424B07
:1063180000404932A322A8114932BF45B341213B6D
:1063280049328227371BE00DA3220B30412DBA28B2
:10633800A322371BBF128E09A8117E181217C31487
:10634800A811E00D8E09DF04000000000100000024
:1063580003000000070000000F0000001F000000FD
:106368003F0000007F000000FF000000FF01000068
:10637800FF030000FF070000FF0F0000FF1F0000E1
:10638800FF3F0000FF7F0000000000000100000048
:1063980005000000060000000E0000000F000000CD
:1063A8001B0000001C0000000200000004000000A8
:1063B800070000000D000000100000001A00000097
:1063C8001D0000002A000000030000000800000073
:1063D8000C00000011000000190000001E00000061
:1063E800290000002B000000090000000B0000003D
:1063F80012000000180000001F0000002800000024
:106408002C000000350000000A0000001300000006
:106418001700000020000000270000002D000000E9
:1064280034000000360000001400000016000000D0
:1064380021000000260000002E00000033000000AC
:10644800370000003C00000015000000220000009A
:10645800250000002F000000320000003800000076
:106468003B0000003D000000230000002400000065
:106478003000000031000000390000003A00000040
:106488003E0000003F000000000000000100000086
:1064980002000000030000000000000001000000EE
:1064A80005000000020000000400000006000000D3
:1064B80003000000070000000800000000000000C2
:1064C80001000000050000000600000002000000B6
:1064D80004000000070000000C000000030000009A
:1064E800080000000B0000000D000000090000007B
:1064F8000A0000000E0000000F000000000000006D
:106508000100000005000000060000000E00000069
:106518000200000004000000070000000D00000059
:106528000F00000003000000080000000C0000003D
:106538001000000015000000090000000B0000001A
:106548001100000014000000160000000A000000FE
:1065580012000000130000001700000018000000DF
:106568000000000001000000050000000600000017
:106578000E0000000F0000000200000004000000F0
:10658800070000000D0000001000000019000000C6
:1065980003000000080000000C00000011000000CB
:1065A800180000001A000000090000000B0000009D
:1065B80012000000170000001B000000200000006F
:1065C8000A00000013000000160000001C00000074
:1065D8001F0000002100000014000000150000004A
:1065E8001D0000001E000000220000002300000023
:1065F8000000000001000000050000000600000087
:106608000E0000000F0000001B0000000200000048
:1066180004000000070000000D000000100000004A
:106628001A0000001C000000030000000800000021
:106638000C00000011000000190000001D000000FF
:1066480026000000090000000B00000012000000F6
:10665800180000001E0000002500000027000000B0
:106668000A00000013000000170000001F000000CF
:1066780024000000280000002D0000001400000085
:106688001600000020000000230000002900000080
:106698002C0000002E000000150000002100000062
:1066A800220000002A0000002B0000002F0000003C
:1066B80030000000BC680408D2680408F2680408C6
:1066C80017690408316904085069040865690408F1
:1066D80082690408AC690408EC6904080B6A0408B8
:1066E800226A0408386A04084C6A0408896A04089B
:1066F800B96A0408D56A0408F86A04082F6B040804
:10670800666B04087D6B04089D6B0408C76B04085E
:10671800146C04082F6C04085A6C0408766C04087E
:106728009B6C0408C16C0408E66C0408F96C040846
:106738000E6D0408216D0408346D0408596D0408B1
:106748006E6D0408826D0408A36D0408B96D040811
:10675800E86D0408106E0408316E0408526E0408CF
:10676800816E0408926E0408AE6E0408EC6E04088C
:10677800136F04083A6F04084E6F04087C6F04080E
:10678800A46F0408C06F0408E56F040807700408C4
:10679800317004085C7004087A700408A870040852
:1067A800D0700408F77004082471040854710408B0
:1067B8007E710408AB710408D7710408FA710408E3
:1067C80018720408367204086C7204089672040879
:1067D800B5720408D8720408FF7204081473040818
:1067E800287304085D7304086D730408AB73040808
:1067F800ED73040817740408437404086A740408E1
:1068080086740408B1740408CC740408E07404089D
:10681800F7740408047504082C75040861750408E5
:106828009D750408CB750408EC75040813760408F4
:106838002C76040854760408777604088F760408C2
:10684800B3760408AF7A0408D876040811770408E8
:106858004B7704086A770408797704089677040860
:10686800B4770408D1770408EA77040803780408A1
:10687800457804087F780408B5780408E97804089E
:10688800FD780408147904083A7904086179040841
:10689800A3790408DF790408107A0408347A040814
:1068A800627A04087D7A0408B57A0408E07A040854
:1068B80000000000426F677573206D657373616730
:1068C8006520636F646520256400414C49474E5F2D
:1068D800545950452069732077726F6E672C207069
:1068E8006C6561736520666978004D41585F414C5D
:1068F8004C4F435F4348554E4B2069732077726F66
:106908006E672C20706C656173652066697800423B
:106918006F6775732062756666657220636F6E7443
:10692800726F6C206D6F646500496E76616C696486
:1069380020636F6D706F6E656E7420494420256406
:1069480020696E20534F5300496E76616C6964204C
:1069580063726F7020726571756573740044435477
:1069680020636F656666696369656E74206F757408
:10697800206F662072616E6765004443542073631C
:10698800616C656420626C6F636B2073697A652043
:106998002564782564206E6F7420737570706F722B
:1069A80074656400436F6D706F6E656E7420696EF8
:1069B8006465782025643A206D69736D6174636835
:1069C800696E672073616D706C696E67207261749F
:1069D800696F2025643A25642C2025643A25642CA7
:1069E80020256300426F67757320487566666D6180
:1069F8006E207461626C6520646566696E6974698D
:106A08006F6E00426F67757320696E7075742063CE
:106A18006F6C6F72737061636500426F6775732086
:106A28004A50454720636F6C6F72737061636500ED
:106A3800426F677573206D61726B6572206C656E4D
:106A48006774680057726F6E67204A504547206C1C
:106A58006962726172792076657273696F6E3A2025
:106A68006C6962726172792069732025642C2063D5
:106A7800616C6C6572206578706563747320256439
:106A88000053616D706C696E6720666163746F7224
:106A98007320746F6F206C6172676520666F722057
:106AA800696E7465726C6561766564207363616E86
:106AB80000496E76616C6964206D656D6F7279202E
:106AC800706F6F6C20636F646520256400556E736A
:106AD8007570706F72746564204A50454720646110
:106AE800746120707265636973696F6E2025640034
:106AF800496E76616C69642070726F677265737332
:106B080069766520706172616D6574657273205372
:106B1800733D25642053653D25642041683D256407
:106B280020416C3D256400496E76616C6964207073
:106B3800726F677265737369766520706172616DD3
:106B48006574657273206174207363616E2073636A
:106B58007269707420656E74727920256400426FC2
:106B68006775732073616D706C696E672066616309
:106B7800746F727300496E76616C69642073636127
:106B88006E2073637269707420617420656E74720C
:106B98007920256400496D70726F70657220636199
:106BA8006C6C20746F204A504547206C6962726192
:106BB800727920696E207374617465202564004AB7
:106BC80050454720706172616D65746572207374F9
:106BD80072756374206D69736D617463683A206CB3
:106BE800696272617279207468696E6B7320736967
:106BF8007A652069732025752C2063616C6C657239
:106C0800206578706563747320257500426F677519
:106C180073207669727475616C2061727261792073
:106C2800616363657373004275666665722070619F
:106C38007373656420746F204A504547206C6962FD
:106C48007261727920697320746F6F20736D616C43
:106C58006C0053757370656E73696F6E206E6F7418
:106C680020616C6C6F7765642068657265004343CA
:106C780049523630312073616D706C696E67206ED1
:106C88006F7420696D706C656D656E7465642079CC
:106C9800657400546F6F206D616E7920636F6C6F3F
:106CA8007220636F6D706F6E656E74733A20256421
:106CB8002C206D617820256400556E737570706F97
:106CC8007274656420636F6C6F7220636F6E766593
:106CD8007273696F6E207265717565737400426FA7
:106CE8006775732044414320696E64657820256484
:106CF80000426F677573204441432076616C756567
:106D0800203078257800426F6775732044485420F6
:106D1800696E64657820256400426F677573204446
:106D2800515420696E64657820256400456D70743F
:106D380079204A50454720696D6167652028444E8F
:106D48004C206E6F7420737570706F72746564294F
:106D580000526561642066726F6D20454D53206650
:106D680061696C656400577269746520746F2045A9
:106D78004D53206661696C6564004469646E2774CC
:106D880020657870656374206D6F72652074686122
:106D98006E206F6E65207363616E00496E70757446
:106DA8002066696C652072656164206572726F7215
:106DB800004F75747075742066696C652077726908
:106DC8007465206572726F72202D2D2D206F757479
:106DD800206F66206469736B2073706163653F0080
:106DE8004672616374696F6E616C2073616D706C5B
:106DF800696E67206E6F7420696D706C656D656E65
:106E08007465642079657400487566666D616E20E6
:106E1800636F64652073697A65207461626C6520AC
:106E28006F766572666C6F77004D697373696E670C
:106E380020487566666D616E20636F6465207461B5
:106E4800626C6520656E747279004D6178696D7544
:106E58006D20737570706F7274656420696D6167F9
:106E6800652064696D656E73696F6E20697320258E
:106E78007520706978656C7300456D707479206948
:106E88006E7075742066696C65005072656D61740A
:106E980075726520656E64206F6620696E70757402
:106EA8002066696C650043616E6E6F742074726150
:106EB8006E73636F64652064756520746F206D75EB
:106EC8006C7469706C6520757365206F66207175C8
:106ED800616E74697A6174696F6E207461626C6541
:106EE800202564005363616E207363726970742097
:106EF800646F6573206E6F74207472616E736D6950
:106F08007420616C6C206461746100496E76616CF8
:106F1800696420636F6C6F72207175616E74697A31
:106F28006174696F6E206D6F6465206368616E6758
:106F380065004E6F7420696D706C656D656E746563
:106F48006420796574005265717565737465642091
:106F58006665617475726520776173206F6D6974F9
:106F680074656420617420636F6D70696C6520744A
:106F7800696D650041726974686D65746963207430
:106F880061626C6520307825303278207761732013
:106F98006E6F7420646566696E6564004261636B38
:106FA800696E672073746F7265206E6F74207375D5
:106FB80070706F7274656400487566666D616E20E6
:106FC8007461626C6520307825303278207761737F
:106FD800206E6F7420646566696E6564004A50456A
:106FE80047206461746173747265616D20636F6EAC
:106FF8007461696E73206E6F20696D6167650051F9
:1070080075616E74697A6174696F6E207461626CFF
:10701800652030782530327820776173206E6F7460
:1070280020646566696E6564004E6F742061204A4D
:107038005045472066696C653A20737461727473B1
:1070480020776974682030782530327820307825A8
:1070580030327800496E73756666696369656E7467
:10706800206D656D6F7279202863617365202564D2
:10707800290043616E6E6F74207175616E74697A50
:1070880065206D6F7265207468616E2025642063C9
:107098006F6C6F7220636F6D706F6E656E747300C6
:1070A80043616E6E6F74207175616E74697A6520C4
:1070B800746F206665776572207468616E20256438
:1070C80020636F6C6F72730043616E6E6F74207112
:1070D80075616E74697A6520746F206D6F726520B2
:1070E8007468616E20256420636F6C6F7273004949
:1070F8006E76616C6964204A5045472066696C6504
:10710800207374727563747572653A2074776F2092
:10711800534F46206D61726B65727300496E7661DC
:107128006C6964204A5045472066696C6520737411
:10713800727563747572653A206D697373696E67E9
:1071480020534F53206D61726B657200556E7375D5
:1071580070706F72746564204A5045472070726F72
:10716800636573733A20534F4620747970652030F5
:10717800782530327800496E76616C6964204A500F
:1071880045472066696C65207374727563747572FF
:10719800653A2074776F20534F49206D61726B6593
:1071A800727300496E76616C6964204A50454720C5
:1071B80066696C65207374727563747572653A20BC
:1071C800534F53206265666F726520534F460046E1
:1071D80061696C656420746F2063726561746520F1
:1071E80074656D706F726172792066696C652025AF
:1071F800730052656164206661696C6564206F6E16
:107208002074656D706F726172792066696C6500B3
:107218005365656B206661696C6564206F6E2074C8
:10722800656D706F726172792066696C650057725E
:10723800697465206661696C6564206F6E20746589
:107248006D706F726172792066696C65202D2D2DC5
:10725800206F7574206F66206469736B207370618A
:1072680063653F004170706C69636174696F6E207B
:107278007472616E7366657272656420746F6F20D4
:10728800666577207363616E6C696E657300556E11
:10729800737570706F72746564206D61726B65725E
:1072A80020747970652030782530327800566972FC
:1072B8007475616C20617272617920636F6E74728B
:1072C8006F6C6C6572206D657373656420757000F2
:1072D800496D61676520746F6F2077696465206602
:1072E8006F72207468697320696D706C656D656E66
:1072F800746174696F6E00526561642066726F6DA7
:1073080020584D53206661696C6564005772697432
:107318006520746F20584D53206661696C65640060
:10732800436F707972696768742028432920323066
:1073380031322C2054686F6D617320472E204C61C8
:107348006E652C20477569646F20566F6C6C62659A
:1073580064696E67003864202031352D4A616E2DCE
:10736800323031320043617574696F6E3A2071753D
:10737800616E74697A6174696F6E207461626C659C
:10738800732061726520746F6F20636F617273651B
:1073980020666F7220626173656C696E65204A5061
:1073A80045470041646F6265204150503134206D7B
:1073B80061726B65723A2076657273696F6E20250B
:1073C800642C20666C61677320307825303478200F
:1073D8003078253034782C207472616E73666F7241
:1073E8006D20256400556E6B6E6F776E204150508E
:1073F80030206D61726B657220286E6F74204A466A
:107408004946292C206C656E6774682025750055DF
:107418006E6B6E6F776E204150503134206D617203
:107428006B657220286E6F742041646F6265292C29
:10743800206C656E67746820257500446566696E02
:10744800652041726974686D65746963205461626E
:107458006C65203078253032783A20307825303203
:107468007800446566696E6520487566666D616E6C
:10747800205461626C65203078253032780044658C
:1074880066696E65205175616E74697A6174696F99
:107498006E205461626C65202564202070726563DB
:1074A8006973696F6E20256400446566696E65209E
:1074B8005265737461727420496E74657276616C7A
:1074C80020257500467265656420454D5320686126
:1074D8006E646C65202575004F627461696E656421
:1074E80020454D532068616E646C65202575004504
:1074F8006E64204F6620496D61676500202020205A
:10750800202020202533642025336420253364205F
:1075180025336420253364202533642025336420F3
:10752800253364004A4649462041505030206D6159
:10753800726B65723A2076657273696F6E20256486
:107548002E253032642C2064656E73697479202589
:107558006478256420202564005761726E696E671F
:107568003A207468756D626E61696C20696D616737
:10757800652073697A6520646F6573206E6F742067
:107588006D617463682064617461206C656E6774F2
:1075980068202575004A46494620657874656E73EB
:1075A800696F6E206D61726B65723A2074797065CF
:1075B800203078253032782C206C656E677468200E
:1075C800257500202020207769746820256420789C
:1075D800202564207468756D626E61696C20696D20
:1075E800616765004D697363656C6C616E656F7585
:1075F80073206D61726B6572203078253032782C7B
:10760800206C656E67746820257500556E65787006
:107618006563746564206D61726B657220307825CE
:10762800303278002020202020202020253475208A
:10763800253475202534752025347520253475208A
:107648002534752025347520253475005175616EF3
:1076580074697A696E6720746F202564203D20253F
:10766800642A25642A256420636F6C6F7273005145
:1076780075616E74697A696E6720746F202564205D
:10768800636F6C6F72730053656C65637465642017
:10769800256420636F6C6F727320666F722071753A
:1076A800616E74697A6174696F6E004174206D61EE
:1076B800726B6572203078253032782C20726563C1
:1076C8006F7665727920616374696F6E2025640036
:1076D800536D6F6F7468696E67206E6F7420737571
:1076E80070706F727465642077697468206E6F6E4D
:1076F8007374616E646172642073616D706C696E1D
:107708006720726174696F73005374617274204FDB
:1077180066204672616D65203078253032783A20CF
:1077280077696474683D25752C2068656967687495
:107738003D25752C20636F6D706F6E656E74733D9B
:1077480025640020202020436F6D706F6E656E7475
:107758002025643A202564687825647620713D25C3
:1077680064005374617274206F6620496D616765A7
:10777800005374617274204F66205363616E3A201F
:10778800256420636F6D706F6E656E7473002020C2
:107798002020436F6D706F6E656E742025643A20EB
:1077A80064633D25642061633D2564002020537394
:1077B8003D25642C2053653D25642C2041683D25DA
:1077C800642C20416C3D256400436C6F7365642014
:1077D80074656D706F726172792066696C652025B9
:1077E80073004F70656E65642074656D706F7261AB
:1077F80072792066696C65202573004A46494620DF
:10780800657874656E73696F6E206D61726B6572F1
:107818003A204A5045472D636F6D707265737365E2
:1078280064207468756D626E61696C20696D61674A
:10783800652C206C656E677468202575004A46497A
:107848004620657874656E73696F6E206D61726B22
:1078580065723A2070616C65747465207468756D22
:10786800626E61696C20696D6167652C206C656E5C
:10787800677468202575004A46494620657874650E
:107888006E73696F6E206D61726B65723A20524734
:1078980042207468756D626E61696C20696D6167FC
:1078A800652C206C656E67746820257500556E72AE
:1078B80065636F676E697A656420636F6D706F6E5C
:1078C800656E74204944732025642025642025644E
:1078D8002C20617373756D696E672059436243721A
:1078E80000467265656420584D532068616E646C6B
:1078F80065202575004F627461696E656420584D76
:10790800532068616E646C6520257500556E6B6E3A
:107918006F776E2041646F626520636F6C6F7220B1
:107928007472616E73666F726D20636F6465202573
:107938006400436F7272757074204A504547206422
:107948006174613A206261642061726974686D656E
:1079580074696320636F646500496E636F6E736951
:107968007374656E742070726F6772657373696F74
:107978006E2073657175656E636520666F7220632E
:107988006F6D706F6E656E7420256420636F656619
:1079980066696369656E7420256400436F72727549
:1079A8007074204A50454720646174613A202575F7
:1079B8002065787472616E656F757320627974657D
:1079C80073206265666F7265206D61726B657220E7
:1079D80030782530327800436F7272757074204A9F
:1079E80050454720646174613A207072656D617416
:1079F80075726520656E64206F662064617461200D
:107A08007365676D656E7400436F7272757074206C
:107A18004A50454720646174613A20626164204895
:107A28007566666D616E20636F6465005761726E7E
:107A3800696E673A20756E6B6E6F776E204A46499D
:107A480046207265766973696F6E206E756D626522
:107A5800722025642E25303264005072656D617481
:107A680075726520656E64206F66204A5045472010
:107A780066696C6500436F7272757074204A504570
:107A88004720646174613A20666F756E64206D6189
:107A9800726B65722030782530327820696E737485
:107AA800656164206F6620525354256400496E76E0
:107AB800616C696420534F5320706172616D657405
:107AC80065727320666F722073657175656E74696F
:107AD800616C204A504547004170706C696361745D
:107AE800696F6E207472616E736665727265642068
:107AF800746F6F206D616E79207363616E6C696E4F
:107B080065730000000000008813000040060000B4
:107B1800803E00000100000002000000000000009C
:107B280000C030F00CCC3CFC03C333F30FCF3FFF55
:107B38008040B0708C4CBC7C8343B3738F4FBF7F45
:107B480020E010D02CEC1CDC23E313D32FEF1FDF35
:107B5800A0609050AC6C9C5CA3639353AF6F9F5F25
:107B680008C838F804C434F40BCB3BFB07C737F715
:107B78008848B8788444B4748B4BBB7B8747B77705
:107B880028E818D824E414D42BEB1BDB27E717D7F5
:107B9800A8689858A4649454AB6B9B5BA7679757E5
:107BA80002C232F20ECE3EFE01C131F10DCD3DFDD5
:107BB8008242B2728E4EBE7E8141B1718D4DBD7DC5
:107BC80022E212D22EEE1EDE21E111D12DED1DDDB5
:107BD800A2629252AE6E9E5EA1619151AD6D9D5DA5
:107BE8000ACA3AFA06C636F609C939F905C535F595
:107BF8008A4ABA7A8646B6768949B9798545B57585
:107C08002AEA1ADA26E616D629E919D925E515D574
:107C1800AA6A9A5AA6669656A9699959A565955564
:107C28000000000001000000080000001000000033
:107C38000900000002000000030000000A00000024
:107C480011000000180000002000000019000000CA
:107C5800120000000B0000000400000005000000F6
:107C68000C000000130000001A00000021000000B2
:107C78002800000030000000290000002200000059
:107C88001B000000140000000D00000006000000AA
:107C9800070000000E000000150000001C00000096
:107CA800230000002A000000310000003800000016
:107CB80039000000320000002B0000002400000002
:107CC8001D000000160000000F0000001700000053
:107CD8001E000000250000002C00000033000000FA
:107CE8003A0000003B000000340000002D000000B6
:107CF800260000001F000000270000002E000000E2
:107D0800350000003C0000003D0000003600000087
:107D18002F000000370000003E0000003F00000078
:107D28003F0000003F0000003F0000003F0000004F
:107D38003F0000003F0000003F0000003F0000003F
:107D48003F0000003F0000003F0000003F0000002F
:107D58003F0000003F0000003F0000003F0000001F
:107D680000000000010000000800000009000000F9
:107D78003F0000003F0000003F0000003F000000FF
:107D88003F0000003F0000003F0000003F000000EF
:107D98003F0000003F0000003F0000003F000000DF
:107DA8003F0000003F0000003F0000003F000000CF
:107DB80000000000010000000800000010000000A2
:107DC80009000000020000000A0000001100000085
:107DD800120000003F0000003F0000003F000000CC
:107DE8003F0000003F0000003F0000003F0000008F
:107DF8003F0000003F0000003F0000003F0000007F
:107E08003F0000003F0000003F0000003F0000006E
:107E18003F00000000000000010000000800000012
:107E2800100000000900000002000000030000002C
:107E38000A000000110000001800000019000000EE
:107E4800120000000B000000130000001A000000E0
:107E58001B0000003F0000003F0000003F00000042
:107E68003F0000003F0000003F0000003F0000000E
:107E78003F0000003F0000003F0000003F000000FE
:107E88003F0000003F0000003F0000003F000000EE
:107E98003F00000000000000010000000800000092
:107EA80010000000090000000200000003000000AC
:107EB8000A00000011000000180000002000000067
:107EC80019000000120000000B0000000400000070
:107ED8000C000000130000001A0000002100000040
:107EE800220000001B000000140000001C0000001D
:107EF80023000000240000003F0000003F000000B5
:107F08003F0000003F0000003F0000003F0000006D
:107F18003F0000003F0000003F0000003F0000005D
:107F28003F0000003F0000003F0000003F0000004D
:107F38003F0000003F0000000000000001000000BA
:107F48000800000010000000090000000200000006
:107F5800030000000A0000001100000018000000E3
:107F68002000000019000000120000000B000000B3
:107F780004000000050000000C00000013000000D1
:107F88001A0000002100000028000000290000005D
:107F9800220000001B000000140000000D0000007B
:107FA800150000001C000000230000002A0000004B
:107FB8002B000000240000001D0000002500000028
:107FC8002C0000002D0000003F0000003F000000D2
:107FD8003F0000003F0000003F0000003F0000009D
:107FE8003F0000003F0000003F0000003F0000008D
:107FF8003F0000003F0000003F0000003F0000007D
:108008003F0000003F0000000000000001000000E9
:108018000800000010000000090000000200000035
:10802800030000000A000000110000001800000012
:108038002000000019000000120000000B000000E2
:1080480004000000050000000C0000001300000000
:108058001A00000021000000280000003000000085
:1080680029000000220000001B000000140000008E
:108078000D000000060000000E00000015000000C2
:108088001C000000230000002A000000310000004E
:10809800320000002B000000240000001D0000003A
:1080A800160000001E000000250000002C00000043
:1080B80033000000340000002D00000026000000FE
:1080C8002E00000035000000360000003F000000D0
:1080D8003F0000003F0000003F0000003F0000009C
:1080E8003F0000003F0000003F0000003F0000008C
:1080F8003F0000003F0000003F0000003F0000007C
:108108003F0000003F0000003F00000000000000AA
:108118000000000000000000000000009F1102089D
:10812800B3110208731102087711020899110208A5
:108138009DAB03089DAB03089DAB03089DAB0308EB
:108148000000000000000000F3110208F511020809
:10815800E71B0208D3170208C19202081F920208FF
:10816800D1110208CD1102084192020885180208AF
:10817800819202085B9202083F9400084394000829
:10818800479400084B9400084F9400085194000845
:108198005394000855940008F51502082193020825
:1081A80059940008591C0208A1170208231802084C
:1081B800BB170208CD1702088D17020851180208CC
:1081C800E5180208FB170208491B0208DF17020816
:1081D800C716020813120208391402083F140208CD
:1081E800451402084B1402085114020883140208AB
:1081F800A1140208B714020843120208C5140208A1
:10820800ED140208CB140208BB1502080312020879
:10821800D71402080F140208D1130208E711020844
:10822800ED1102080000000000000000D71302084A
:10823800D9130208E71B0208D3170208C1920208E3
:108248001F920208D1110208CD11020841920208BA
:1082580085180208819202085B9202083F94000880
:1082680043940008479400084B9400084F94000872
:10827800519400085394000855940008F515020815
:108288002193020859940008591C0208A1170208F2
:1082980023180208BB170208CD1702088D17020819
:1082A80051180208E5180208FB170208491B0208C2
:1082B800DF170208C71602088916020839140208CF
:1082C8003F140208451402084B140208511402080E
:1082D80083140208A1140208B714020877150208CB
:1082E800C5140208ED140208CB140208BB150208D5
:1082F800D1140208D71402080F140208D113020877
:108308000000000000000000DD140208DF1402086D
:10831800E71B0208D3170208C19202081F9202083D
:10832800D1110208CD1102084192020885180208ED
:10833800819202085B9202083F9400084394000867
:10834800479400084B9400084F9400085194000883
:108358005394000855940008F51502082193020863
:1083680059940008591C0208A1170208231802088A
:10837800BB170208CD1702088D170208511802080A
:10838800E5180208FB170208491B0208DF17020854
:10839800C716020889160208391402083F14020891
:1083A800451402084B1402085114020883140208E9
:1083B800A1140208B714020877150208C5140208A8
:1083C800ED140208CB140208BB150208D1140208E8
:1083D800D71402080000000000000000131802086B
:1083E80015180208E71B0208D3170208C1920208F1
:1083F8001F9202082D940008CD110208419202082C
:1084080085180208819202085B9202083F940008CE
:1084180043940008479400084B9400084F940008C0
:108428005194000853940008559400085794000884
:108438002193020859940008591C0208A117020840
:1084480023180208BB170208CD1702088D17020867
:1084580051180208E5180208FB170208491B020810
:10846800DF17020810182000000000080808080894
:108478000000000000000000852902089129020878
:108488004D2A02084B2A0208FF2A0208912A0208EC
:10849800A92902080000000000000000E3300208DB
:1084A800E53002083BC100083FC10008E13002087E
:1084B800292C0208000000000000000039310208E1
:1084C800613102081D3102083FC100085D31020810
:1084D8003F310208F5300208F8FFFFFF00000000F6
:1084E8003B3102086F310208153102080000000014
:1084F80000000000713E020851410208393C0208A0
:108508000000000000000000000000000000000063
:10851800CD31020879C100087DC1000881C1000879
:1085280087C10008753102088D4302088B310208A3
:108538008F310208B331020809320208B731020844
:108548009DAB03089DAB03089DAB0308000000002A
:108558000000000000000000000000007D44020848
:108568006DC10008C19202086D4502082D940008EB
:108578003B94000841920208859400088192020801
:108588005B9202083F94000843940008479400084F
:108598004B9400084F940008519400085394000825
:1085A800559400085794000821930208599400082C
:1085B800719400084BC1000851C1000857C1000858
:1085C8009DAB03080000000000000000E34502081E
:1085D800FD4502082D53020801530208C192020802
:1085E8001F9202082B4602083B9400084192020899
:1085F80085940008819202085B9202083F94000863
:1086080043940008479400084B9400084F940008CE
:10861800E54502085394000855940008579400084B
:108628002193020859940008719400080B46020827
:10863800DD450208179F0008000000000000000048
:10864800594602085B460208614902086946020861
:10865800C19202081F9202083F4602083B94000894
:108668004192020885940008819202085B920208F0
:108678003F94000843940008479400084B9400086E
:108688004F9400085194000853940008559400082A
:10869800579400082193020859940008719400081F
:1086A800A75502084D46020853460208000000007C
:1086B80000000000494B02082D500208A95002088A
:1086C800B14A0208C19202081F9202083D500208EE
:1086D8003B940008419202088594000881920208A0
:1086E8005B9202083F94000843940008694A020814
:1086F8008D4A02084F9400085194000853940008CA
:1087080055940008579400082193020859940008CA
:1087180071940008BD4A0208C54A0208FD4A0208C9
:10872800214B02084D4B02089D4B0208114C0208D0
:10873800174B02081B4B0208E14C0208000000001E
:1087480000000000A5520208A75202086952020858
:108758004B520208C19202081F920208B552020841
:108768003B9400084192020885940008819202080F
:108778005B9202083F94000843940008479400085D
:108788004B9400084F940008519400085394000833
:10879800559400085794000821930208599400083A
:1087A8007194000800000000000000001F54020837
:1087B800215402087D54020801530208C19202089C
:1087C8001F9202082B4602083B94000841920208B7
:1087D80085940008819202085B9202083F94000881
:1087E80043940008479400084B9400084F940008ED
:1087F800B1A9030853940008559400085794000839
:108808002193020859940008719400080B46020845
:10881800DD4502081D5402082F540208000000001C
:1088280000000000A5550208D9550208095602089B
:10883800E7550208C19202081F9202083F46020843
:108848003B9400084192020885940008819202082E
:108858005B9202083F94000843940008479400087C
:108868004B9400084F940008519400085394000852
:108878005594000857940008219302085994000859
:1088880071940008A75502080000000000000000CD
:108898008D5602088F5602080000000000000000F4
:1088A8003D7B0208B57B0208C97B0208E57B02080C
:1088B800517F0208517B0208F97B0208FB7B020802
:1088C8008DAB0008AD7E0208B9930008197B020839
:1088D800BB930008DD7B0208F1870208857B02084C
:1088E800F5800208557B0208997C02080000000008
:1088F8000000000000000000000000009DAB03081D
:108908009DAB0308C19202081F9202082D9400082B
:108918003B940008419202089DAB0308819202082B
:108928005B9202083F9400084394000847940008AB
:108938004B9400084F940008519400085394000881
:108948005594000857940008219302085994000888
:10895800719400080000000000000000C9CF000862
:1089680009D200082197020800000000000000005A
:108978000000000000000000AB9B0208E1BB0008FB
:10898800FFBB000803BC00087DBF000899BF0008B2
:108998006D9002088D9102088590020829910208BD
:1089A80007BC00081F9102080BBC00080FBC000898
:1089B80017BC00089DAB03082F91020875BF00087B
:1089C80079BF00081DBC000821BC00089DAB030846
:1089D8000000000000000000719D0208739D02085D
:1089E8005F9D020800000000000000006F9D020863
:1089F800819D0208639D020800000000000000003D
:108A08006D9D02088F9D0208679D02080000000006
:108A1800000000006B9D02089D9D02082BA3020820
:108A280095940008698F000897940008059E02082D
:108A3800AD9E0208AD9D0208AD920008AF920008F5
:108A48000000000000000000C3DF02082DE3020858
:108A58002D950308ED970308D1990308000000003D
:108A680000000000C1DF02083BE302088DEA0208AB
:108A780035F70208ADF90208000000000000000008
:108A8800BFDF020849E30208E1EC020835FC0208EE
:108A9800250003080000000000000000BDDF0208F8
:108AA80059E30208E1F00208F1E4020800000000BE
:108AB80000000000CBDF0208E3E402083DD9020809
:108AC8000000000000000000C9DF0208D5E4020829
:108AD80085DC02080000000000000000C7DF020873
:108AE800C7E40208518803080000000000000000E5
:108AF800C5DF0208B9E402087D8F03080000000002
:108B080000000000DFDF020857E40208E7CE020891
:108B18000000000000000000DDDF020849E4020850
:108B280095D102080000000000000000FBDF0208E9
:108B380093E30208EFB902080000000000000000FB
:108B4800F3DF0208CBE3020853BE0208000000006E
:108B580000000000E3DF020873E4020809C9020804
:108B68000000000000000000D3DF0208ABE40208A8
:108B780027D302080000000000000000F9DF020807
:108B880085E30208AFBC02080000000000000000F6
:108B9800F1DF0208BDE302081DC102080000000061
:108BA80000000000E1DF020865E40208F7CB0208D4
:108BB8000000000000000000D7DF02081FE40208E0
:108BC800FF6903080000000000000000D1DF020870
:108BD8009DE402083DD602080000000000000000E5
:108BE800EBDF020803E402081DC3020800000000CE
:108BF80000000000D5DF020811E402086F6F0308C7
:108C08000000000000000000F7DF020877E3020818
:108C1800D12803080000000000000000EFDF020870
:108C2800AFE302083B340308000000000000000026
:108C3800DBDF02083BE40208A5550308000000003A
:108C480000000000E9DF0208F5E30208F9C50208A0
:108C58000000000000000000CFDF02088FE40208D7
:108C6800537503080000000000000000F5DF02084B
:108C780069E30208972E03080000000000000000C6
:108C8800EDDF0208A1E30208A93A0308000000008A
:108C980000000000D9DF02082DE402089D600308E7
:108CA8000000000000000000CDDF020881E4020897
:108CB8000D7F03080000000000000000E7DF020845
:108CC800E7E302084D41030800000000000000002F
:108CD800E5DF0208D9E30208494B03080000000059
:108CE80000000000C7CF0008FBD1000841160308A8
:108CF80051E10208690D0308FDDF02084D0403086D
:108D080041E00208750603080907030855B8020878
:108D180059B802085DB80208A1630208B5630208E1
:108D28006D660208C16302086DB80208A5640208EE
:108D3800551A0308000000000000000085A9030878
:108D48009DA90308D3A3030870757265207669721C
:108D58007475616C206D6574686F642063616C6CF8
:108D680065640A00A8970408788D0408F08D040843
:108D78004E395F5F676E755F63787832307265630E
:108D88007572736976655F696E69745F6572726F13
:108D980072450000000000006C8D04080DAF030848
:108DA80021AF030845AF03087374643A3A626164FB
:108DB8005F657863657074696F6E00007374643AF8
:108DC8003A657863657074696F6E00001C980408D2
:108DD800F88D04081C980408188E0408A89704083D
:108DE8003C8E0408F08D04081C980408508E040872
:108DF8004E31305F5F637878616269763131355F13
:108E08005F666F726365645F756E77696E6445004F
:108E18004E31305F5F637878616269763131395FEE
:108E28005F666F726569676E5F65786365707469A0
:108E38006F6E4500537431336261645F65786365B2
:108E48007074696F6E0000005374396578636570DB
:108E580074696F6E0000000000000000E48D0408D3
:108E680041AF030855AF03084DAF03087465726D31
:108E7800696E6174652063616C6C656420726563FA
:108E88007572736976656C790A0000007465726D95
:108E9800696E6174652063616C6C656420616674D9
:108EA8006572207468726F77696E6720616E2069D9
:108EB8006E7374616E6365206F6620270000000082
:108EC800270A00007465726D696E617465206361BC
:108ED8006C6C656420776974686F757420616E20A6
:108EE80061637469766520657863657074696F6E0F
:108EF8000A00000020207768617428293A202000A1
:108F08005F474C4F42414C5F0000000028616E6F84
:108F18006E796D6F7573206E616D657370616365D1
:108F2800290000002564000073500000636C0000F5
:108F380064740000707400007175000073747269C5
:108F48006E67206C69746572616C000073746400EC
:108F58006175746F000000006465636C74797065F6
:108F6800286175746F2900006C6900005B61626993
:108F78003A0000003A3A00007B64656661756C74DB
:108F880020617267230000007D3A3A004A417272FC
:108F9800617900005B5D00006175746F3A00000044
:108FA800767461626C6520666F7220005654542096
:108FB800666F722000000000636F6E7374727563D1
:108FC80074696F6E20767461626C6520666F7220BA
:108FD800000000002D696E2D000000007479706596
:108FE800696E666F20666F72200000007479706584
:108FF800696E666F206E616D6520666F7220000075
:1090080074797065696E666F20666E20666F72206F
:10901800000000006E6F6E2D7669727475616C20A9
:109028007468756E6B20746F20000000636F766142
:109038007269616E742072657475726E20746875D9
:109048006E6B20746F2000006A61766120436C614A
:10905800737320666F722000677561726420766191
:10906800726961626C6520666F722000544C5320EF
:10907800696E69742066756E6374696F6E20666FB9
:1090880072200000544C5320777261707065722012
:1090980066756E6374696F6E20666F7220000000DB
:1090A8007265666572656E63652074656D706F7252
:1090B800617279202300000068696464656E20612C
:1090C8006C69617320666F72200000006E6F6E2DF0
:1090D8007472616E73616374696F6E20636C6F6E16
:1090E8006520666F722000005F53617420000000E5
:1090F8005F416363756D00005F46726163740000D1
:109108002C2000006F70657261746F72000000009F
:109118006F70657261746F722000000061640000F6
:10912800735A0000677300003E2800006978000049
:10913800203A20006E65772000000000756C000062
:109148006C6C0000756C6C0066616C7365000000E7
:1091580074727565000000006A617661207265733B
:109168006F757263652000006465636C747970655F
:10917800202800002E2E2E0074686973000000005D
:109188007B7061726D230000676C6F62616C206395
:109198006F6E7374727563746F7273206B65796523
:1091A8006420746F20000000676C6F62616C20643B
:1091B800657374727563746F7273206B6579656417
:1091C80020746F20000000007B6C616D6264612870
:1091D80000000000292300007B756E6E616D6564D8
:1091E8002074797065230000205B636C6F6E6520C6
:1091F80000000000207265737472696374000000D7
:1092080020766F6C6174696C6500000020636F6E76
:1092180073740000207472616E73616374696F6E99
:109228005F73616665000000206E6F657863657026
:1092380074000000207468726F7700002626000012
:10924800636F6D706C65782000000000696D616760
:10925800696E6172792000003A3A2A00205F5F76D1
:109268006563746F72280000282E2E2E00000000FF
:109278002E2E2E29000000007374643A3A616C6C3B
:109288006F6361746F720000616C6C6F6361746FFF
:10929800720000007374643A3A62617369635F73C1
:1092A8007472696E6700000062617369635F73744A
:1092B80072696E67000000007374643A3A737472DE
:1092C800696E67007374643A3A62617369635F73C5
:1092D8007472696E673C636861722C207374643AB7
:1092E8003A636861725F7472616974733C63686140
:1092F800723E2C207374643A3A616C6C6F636174CB
:109308006F723C636861723E203E00007374643A79
:109318003A6973747265616D000000007374643A91
:109328003A62617369635F6973747265616D3C6306
:109338006861722C207374643A3A636861725F746E
:1093480072616974733C636861723E203E0000007C
:1093580062617369635F6973747265616D000000AF
:109368007374643A3A6F73747265616D000000003B
:109378007374643A3A62617369635F6F7374726598
:10938800616D3C636861722C207374643A3A636857
:1093980061725F7472616974733C636861723E20C4
:1093A8003E00000062617369635F6F737472656188
:1093B8006D0000007374643A3A696F737472656182
:1093C8006D0000007374643A3A62617369635F699F
:1093D8006F73747265616D3C636861722C2073747D
:1093E800643A3A636861725F7472616974733C636A
:1093F8006861723E203E000062617369635F696F55
:1094080073747265616D0000614E0000263D0000B6
:10941800615300003D00000061610000260000006B
:10942800616E000061740000616C69676E6F662090
:1094380000000000617A000063630000636F6E73D0
:10944800745F63617374000028290000636D000075
:109458002C000000636F00007E00000064560000CE
:109468002F3D00006461000064656C6574655B5D98
:10947800200000006463000064796E616D69635FB9
:109488006361737400000000646500002A00000036
:10949800646C000064656C6574652000647300008A
:1094A8002E2A0000647600002F000000654F00009F
:1094B8005E3D0000656F00005E0000006571000001
:1094C8003D3D0000664C000066520000666C0000DE
:1094D80066720000676500003E3D0000677400008A
:1094E8006C5300003C3C3D003C3D00006F706572D1
:1094F80061746F72222220006C7300003C3C0000F3
:109508006C7400003C0000006D4900002D3D000017
:109518006D4C00002A3D00006D6900002D00000020
:109528006D6C00006D6D00002D2D00006E61000057
:109538006E65775B5D0000006E650000213D0000F0
:109548006E740000210000006E7700006E657700E1
:109558006F5200007C3D00006F6F00007C7C0000B3
:109568007C000000704C00002B3D0000706C000077
:109578002B000000706D00002D3E2A007070000066
:109588002B2B0000707300002D3E00003F000000F0
:10959800724D0000253D0000725300003E3E3D0024
:1095A800726300007265696E746572707265745FCB
:1095B8006361737400000000726D000025000000F4
:1095C800727300003E3E000073697A656F662E2E46
:1095D8002E000000736300007374617469635F6335
:1095E8006173740073697A656F662000737A00008E
:1095F800747200007468726F77000000747700005E
:109608007468726F772000007369676E6564206301
:1096180068617200626F6F6C00000000626F6F6CAF
:1096280065616E00636861720000000062797465AC
:1096380000000000646F75626C6500006C6F6E67F7
:1096480020646F75626C6500666C6F617400000061
:109658005F5F666C6F61743132380000756E7369D4
:10966800676E65642063686172000000696E74004B
:10967800756E7369676E656420696E74000000001A
:10968800756E7369676E6564000000006C6F6E67C5
:1096980000000000756E7369676E6564206C6F6EFC
:1096A800670000005F5F696E7431323800000000A7
:1096B800756E7369676E6564205F5F696E743132B9
:1096C8003800000073686F7274000000756E73696B
:1096D800676E65642073686F72740000766F6964E2
:1096E8000000000077636861725F74006C6F6E67DA
:1096F800206C6F6E67000000756E7369676E656435
:10970800206C6F6E67206C6F6E670000646563691C
:109718006D616C3332000000646563696D616C369D
:1097280034000000646563696D616C313238000093
:1097380068616C66000000006368617231365F74AE
:10974800000000006368617233325F74000000003B
:109758006465636C74797065286E756C6C7074726E
:1097680029000000A897040878970408E4970408DB
:109778004E31305F5F637878616269763132305F8D
:109788005F73695F636C6173735F747970655F6938
:109798006E666F4500000000000000006C9704082A
:1097A80039B903084DB9030855BA030855BA03086F
:1097B80055BB030885BA030825BA0308A5B90308E9
:1097C80069B903081C980408D497040853743974B9
:1097D8007970655F696E666F00000000A8970408DD
:1097E800F0970408CC9704084E31305F5F637878AF
:1097F800616269763131375F5F636C6173735F747F
:109808007970655F696E666F4500000000000000B2
:10981800E4970408C9BA0308DDBA030855BA03086F
:1098280055BA030855BB030885BA03083DBB0308AE
:10983800F9BA0308BDBA03087371727466000000B0
:10984800000FC93F000F494000CB9640000FC940A8
:109858000053FB4000CB164100ED2F41000F49415A
:109868000031624100537B41003A8A4100CB964166
:10987800005CA34100EDAF41007EBC41000FC9412F
:1098880000A0D5410031E24100C2EE410053FB4146
:1098980000F20342003A0A420083104200CB16420B
:1098A80000141D42005C234200A5294200ED2F420E
:1098B80000363642007E3C4200C74242000F494211
:1098C800A2000000F9000000830000006E00000004
:1098D8004E000000440000001500000029000000B0
:1098E800FC0000002700000057000000D100000025
:1098F800F500000034000000DD000000C00000009A
:10990800DB000000620000009500000099000000E4
:109918003C000000430000009000000041000000EF
:10992800FE0000005100000063000000AB000000D2
:10993800DE000000BB000000C50000006100000060
:10994800B7000000240000006E0000003A0000008C
:10995800420000004D000000D2000000E0000000BE
:1099680006000000490000002E000000EA00000088
:1099780009000000D1000000920000001C00000057
:10998800FE0000001D000000EB0000001C000000AD
:10999800B100000029000000A70000003E00000000
:1099A800E80000008200000035000000F50000001B
:1099B8002E000000BB0000004400000084000000EE
:1099C800E90000009C000000700000002600000074
:1099D800B40000005F0000007E00000041000000AD
:1099E8003900000091000000D60000003900000096
:1099F800830000005300000039000000F40000005C
:109A08009C000000840000005F0000008B00000044
:109A1800BD000000F9000000280000003B00000025
:109A28001F000000F800000097000000FF00000081
:109A3800DE00000005000000980000000F00000094
:109A4800EF0000002F000000110000008B00000054
:109A58005A0000000A0000006D0000001F0000000E
:109A68006D000000360000007E000000CF000000FE
:109A780027000000CB00000009000000B70000002C
:109A88004F000000460000003F0000006600000094
:109A98009E0000005F000000EA0000002D000000AA
:109AA8007500000027000000BA000000C700000091
:109AB800EB000000E5000000F10000007B00000062
:109AC8003D0000000700000039000000F70000001A
:109AD8008A0000005200000092000000EA00000026
:109AE8006B000000FB0000005F000000B1000000F8
:109AF8001F0000008D0000005D000000080000004D
:109B0800560000000300000030000000460000007E
:109B1800FC0000007B0000006B000000AB000000B0
:109B2800F0000000CF000000BC0000002000000092
:109B38009A000000F4000000360000001D0000003C
:109B4800A9000000E300000091000000610000008F
:109B58005E000000E60000001B0000000800000096
:109B68006500000099000000850000005F0000000B
:109B780014000000A0000000680000004000000081
:109B88008D000000FF000000D800000080000000E9
:109B98004D000000730000002700000031000000A5
:109BA8000600000006000000150000005600000036
:109BB800CA00000073000000A8000000C9000000EF
:109BC80060000000E20000007B000000C000000010
:109BD8008C0000006B0000000000C93F0000F03955
:109BE8000000DA370000A2330000842E0000502B5A
:109BF8000000C2270000D0220000C41F0000C61BBE
:109C080000004417040000000700000009000000DD
:109C18003863ED3EDA0F493F5E987B3FDA0FC93F64
:109C28006937AC3168212233B40F14336821A23369
:109C38002C2066756E6374696F6E3A200000000010
:109C4800617373657274696F6E20222573222066B2
:109C580061696C65643A2066696C65202225732207
:109C68002C206C696E65202564257325730A000015
:109C7800D0000020494E4600696E66004E414E00F5
:109C88006E616E00303132333435363738396162BF
:109C9800636465660000000030313233343536378E
:109CA800383941424344454600000000286E756C2F
:109CB8006C290000300000002020202020202020D7
:109CC800202020202020202030303030303030300C
:109CD80030303030303030302020202020202020FC
:109CE80020202020202020203030303030303030EC
:109CF8003030303030303030496E66696E69747992
:109D0800000000004E614E0043000000504F5349D0
:109D180058000000000000000080E03779C341438C
:109D2800176E05B5B5B89346F5F93FE9034F384DB9
:109D3800321D30F94877825A3CBF737FDD4F157565
:109D4800000000000000F03F000000000000244078
:109D580000000000000059400000000000408F4053
:109D6800000000000088C34000000000006AF840BE
:109D78000000000080842E4100000000D0126341E2
:109D88000000000084D797410000000065CDCD4158
:109D9800000000205FA00242000000E87648374239
:109DA800000000A2941A6D42000040E59C30A242D7
:109DB8000000901EC4BCD64200003426F56B0C434C
:109DC8000080E03779C3414300A0D88557347643F3
:109DD80000C84E676DC1AB43003D9160E458E14354
:109DE800408CB5781DAF154450EFE2D6E41A4B44C9
:109DF80092D54D06CFF08044F64AE1C7022DB5440E
:109E0800B49DD9794378EA440500000019000000A0
:109E18007D0000000020202020202020202028284D
:109E28002828282020202020202020202020202012
:109E38002020202020881010101010101010101052
:109E48001010101010040404040404040404041082
:109E58001010101010104141414141410101010110
:109E680001010101010101010101010101010101DA
:109E780010101010101042424242424202020202E6
:109E880002020202020202020202020202020202AA
:109E9800101010102000000000000000000000005A
:109EA80000000000000000000000000000000000AA
:109EB800000000000000000000000000000000009A
:109EC800000000000000000000000000000000008A
:109ED800000000000000000000000000000000007A
:109EE800000000000000000000000000000000006A
:109EF800000000000000000000000000000000005A
:109F08000000000000000000000000000000000049
:089F1800000000000000000041
:109F2000882114905400FF003200FE000000000061
:109F3000000000007425149000000000442E1490CE
:109F40006C00FF006C00FF00C81E149040211490AC
:109F500008B10181B0B000840000000008B10181A7
:109F6000B0B00084000000008D11FF7F8408B101B3
:109F7000B0B0B000FF1019010C020608010C04106B
:109F8000051C0A000001007F00007D0000000000A9
:109F90000000000008B10181B0B0008400000000A2
:109FA00008B10181B0B000840000000008B1018157
:109FB000B0B00084000000003D11FF7FB0AF18007A
:109FC000FF1019011124A6070000EE0704D80901AB
:109FD000BA08A80100000100000000001911FF7F6D
:109FE000B0AF0400FF101D0112200436012A042E18
:109FF000017646BC0100C40104000001000000001D
:10A0000000000000F110FF7FB0AA0100FF1029013D
:10A0100018343000006804A8010372360000C4013F
:10A0200018EC0100E6010E00000200017D000000B6
:10A0300000000000BCEDFFFFBD10FF7FA908B100CC
:10A04000FFFF010008B10181B0B0008400000000F2
:0CA0500008B10181B0B0008400000000E5
:10A05C00CCD5FB7F010000002CD9FB7FB0A902807E
:10A06C00C8D9FB7FB0B0A88018DAFB7F01000000D4
:10A07C0024DAFB7FB0B0AA805CDAFB7FAE71B280D1
:10A08C001CDBFB7F0100000018DBFB7FAB3F388043
:10A09C0070DBFB7F010000007CDBFB7FB0B0AA8093
:10A0AC00B8DBFB7F010000005CDCFB7FAB0EB280F9
:10A0BC00C4DCFB7FB0AF088090DFFB7F01000000A9
:10A0CC0094DFFB7FAC3F03800CE2FB7F01000000C0
:10A0DC00E8E3FB7F00840480FCE3FB7F01000000CD
:10A0EC00F8E3FB7FB0AD0480B4E6FB7FB0A803803F
:10A0FC00D4E6FB7F44FFFF7FD8E6FB7F48FFFF7F62
:10A10C00E4E6FB7F01000000DC08FF7F38FEFF7FE8
:10A11C000C09FF7F01000000780AFF7F34FEFF7FEF
:10A12C00840AFF7F38FEFF7FA40AFF7F0100000036
:10A13C00B00AFF7F54FEFF7FB00AFF7F58FEFF7FFF
:10A14C00BC0AFF7F01000000E00AFF7FB0AB028079
:10A15C00880BFF7F01000000640CFF7FB0B0A8806B
:10A16C00A00CFF7F01000000F00CFF7FAB08B1805A
:10A17C00200DFF7FB0B0A880880DFF7F010000008C
:10A18C00DC0DFF7FAB08B180940EFF7F14FEFF7FC8
:10A19C00C40EFF7FAB08B180500FFF7F10FEFF7F16
:10A1AC002C14FF7F010000008014FF7F24FEFF7F32
:10A1BC005415FF7F44FEFF7F5C16FF7F70FEFF7F10
:10A1CC00D416FF7F010000005018FF7FB0B0AC80A8
:10A1DC007418FF7F01000000A018FF7FB0AA038055
:08A1EC00D018FF7F0100000004
:10A1F400450C0408250200084DBF0008F1C90008F9
:10A2040025D2000885DB0008BD770208B58F020857
:04A2140075AB03081B
:04A218000102000837
:10A21C00000000005A000000884204080024F400EA
:10A22C000100000010000000AAAAAAAAE93901083E
:10A23C008138010879380108E1390108C53801086D
:10A24C0009390108CD390108E53901087B380108C5
:10A25C00D7390108E8030000508A04086C8A040806
:10A26C00BC8A0408D08A0408E48A0408F88A040822
:10A27C00708B0408D48B0408348B0408848B04087A
:10A28C00488B0408988B0408E88B04084C8C040851
:10A29C000C8B0408208B0408608C0408B08C040818
:10A2AC00108C0408748C0408248C0408888C040812
:10A2BC005C8B0408AC8B0408C48C0408D88C040890
:10A2CC00C08B0408FC8B0408388C04089C8C040894
:10A2DC0011B70308D9AB030801000000D00000201F
:10A2EC0000000000BC030020240400208C0400208B
:10A2FC000000000000000000000000000000000052
:10A30C000000000000000000000000000000000041
:10A31C000000000000000000000000000000000031
:10A32C000000000000000000000000000000000021
:10A33C000000000000000000000000000000000011
:10A34C000000000000000000000000000000000001
:10A35C0000000000000000000000000000000000F1
:10A36C0000000000000000000000000000000000E1
:10A37C0000000000000000000000000000000000D1
:10A38C0000000000000000000100000000000000C0
:10A39C000E33CDAB34126DE6ECDE05000B00000085
:10A3AC0000000000000000000000000000000000A1
:10A3BC000000000000000000000000000000000091
:10A3CC000000000000000000000000000000000081
:10A3DC000000000000000000000000000000000071
:10A3EC000000000000000000000000000000000061
:10A3FC000000000000000000000000000000000051
:10A40C000000000000000000000000000000000040
:10A41C000000000000000000000000000000000030
:10A42C000000000000000000000000000000000020
:10A43C000000000000000000000000000000000010
:10A44C000000000000000000000000000000000000
:10A45C0000000000000000000000000000000000F0
:10A46C0000000000000000000000000000000000E0
:10A47C0000000000000000000000000000000000D0
:10A48C0000000000000000000000000000000000C0
:10A49C0000000000000000000000000000000000B0
:10A4AC0000000000000000000000000000000000A0
:10A4BC000000000000000000000000000000000090
:10A4CC000000000000000000000000000000000080
:10A4DC000000000000000000000000000000000070
:10A4EC000000000000000000000000000000000060
:10A4FC000000000000000000000000000000000050
:10A50C00000000000000000000000000000000003F
:10A51C00000000000000000000000000000000002F
:10A52C00000000000000000000000000000000001F
:10A53C00000000000000000000000000000000000F
:10A54C0000000000000000000000000000000000FF
:10A55C0000000000000000000000000000000000EF
:10A56C0000000000000000000000000000000000DF
:10A57C0000000000000000000000000000000000CF
:10A58C0000000000000000000000000000000000BF
:10A59C0000000000000000000000000000000000AF
:10A5AC00000000000000000000000000000000009F
:10A5BC00000000000000000000000000000000008F
:10A5CC00000000000000000000000000000000007F
:10A5DC00000000000000000000000000000000006F
:10A5EC00000000000000000000000000000000005F
:10A5FC00000000000000000000000000000000004F
:10A60C00000000000000000000000000000000003E
:10A61C00000000000000000000000000000000002E
:10A62C00000000000000000000000000000000001E
:10A63C00000000000000000000000000000000000E
:10A64C0000000000000000000000000000000000FE
:10A65C0000000000000000000000000000000000EE
:10A66C0000000000000000000000000000000000DE
:10A67C0000000000000000000000000000000000CE
:10A68C0000000000000000000000000000000000BE
:10A69C0000000000000000000000000000000000AE
:10A6AC00000000000000000000000000000000009E
:10A6BC00000000000000000000000000000000008E
:10A6CC00000000000000000000000000000000007E
:10A6DC00000000000000000000000000000000006E
:10A6EC00000000000000000000000000000000005E
:10A6FC00000000000000000000000000000000004E
:10A70C00000000000000000000000000000000003D
:10A71C00F8040020F80400200005002000050020AB
:10A72C000805002008050020100500201005002059
:10A73C001805002018050020200500202005002009
:10A74C0028050020280500203005002030050020B9
:10A75C003805002038050020400500204005002069
:10A76C004805002048050020500500205005002019
:10A77C0058050020580500206005002060050020C9
:10A78C006805002068050020700500207005002079
:10A79C007805002078050020800500208005002029
:10A7AC0088050020880500209005002090050020D9
:10A7BC009805002098050020A0050020A005002089
:10A7CC00A8050020A8050020B0050020B005002039
:10A7DC00B8050020B8050020C0050020C0050020E9
:10A7EC00C8050020C8050020D0050020D005002099
:10A7FC00D8050020D8050020E0050020E005002049
:10A80C00E8050020E8050020F0050020F0050020F8
:10A81C00F8050020F80500200006002000060020A6
:10A82C000806002008060020100600201006002054
:10A83C001806002018060020200600202006002004
:10A84C0028060020280600203006002030060020B4
:10A85C003806002038060020400600204006002064
:10A86C004806002048060020500600205006002014
:10A87C0058060020580600206006002060060020C4
:10A88C006806002068060020700600207006002074
:10A89C007806002078060020800600208006002024
:10A8AC0088060020880600209006002090060020D4
:10A8BC009806002098060020A0060020A006002084
:10A8CC00A8060020A8060020B0060020B006002034
:10A8DC00B8060020B8060020C0060020C0060020E4
:10A8EC00C8060020C8060020D0060020D006002094
:10A8FC00D8060020D8060020E0060020E006002044
:10A90C00E8060020E8060020F0060020F0060020F3
:10A91C00F8060020F80600200007002000070020A1
:10A92C00080700200807002010070020100700204F
:10A93C0018070020180700202007002020070020FF
:10A94C0028070020280700203007002030070020AF
:10A95C00380700203807002040070020400700205F
:10A96C00480700204807002050070020500700200F
:10A97C0058070020580700206007002060070020BF
:10A98C00680700206807002070070020700700206F
:10A99C00780700207807002080070020800700201F
:10A9AC0088070020880700209007002090070020CF
:10A9BC009807002098070020A0070020A00700207F
:10A9CC00A8070020A8070020B0070020B00700202F
:10A9DC00B8070020B8070020C0070020C0070020DF
:10A9EC00C8070020C8070020D0070020D00700208F
:10A9FC00D8070020D8070020E0070020E00700203F
:10AA0C00E8070020E8070020F0070020F0070020EE
:10AA1C00F8070020F807002000080020000800209C
:10AA2C00080800200808002010080020100800204A
:10AA3C0018080020180800202008002020080020FA
:10AA4C0028080020280800203008002030080020AA
:10AA5C00380800203808002040080020400800205A
:10AA6C00480800204808002050080020500800200A
:10AA7C0058080020580800206008002060080020BA
:10AA8C00680800206808002070080020700800206A
:10AA9C00780800207808002080080020800800201A
:10AAAC0088080020880800209008002090080020CA
:10AABC009808002098080020A0080020A00800207A
:10AACC00A8080020A8080020B0080020B00800202A
:10AADC00B8080020B8080020C0080020C0080020DA
:10AAEC00C8080020C8080020D0080020D00800208A
:10AAFC00D8080020D8080020E0080020E00800203A
:10AB0C00E8080020E8080020F0080020F0080020E9
:10AB1C00FFFFFFFF00000200146C01204300000047
:10AB2C000000000000000000000000000000000019
:10AB3C0000000000000000000000000043000000C6
:10AB4C0000000000000000000000000000000000F9
:10AB5C0000000000000000000000000043000000A6
:10AB6C0000000000000000000000000000000000D9
:10AB7C000000000000000000000000004300000086
:10AB8C0000000000000000000000000000000000B9
:10AB9C000000000000000000000000004300000066
:10ABAC000000000000000000000000000000000099
:10ABBC000000000000000000000000004300000046
:10ABCC000000000000000000000000000000000079
:10ABDC000000000000000000000000004300000026
:10ABEC000000000000000000000000000000000059
:10ABFC0000000000000000000000000071290408A3
:10AC0C00A5200408000000001C9E0408D895040828
:10AC1C00449C0408449C0408449C0408449C040878
:10AC2C00449C0408449C0408449C0408449C040868
:10AC3C00449C0408FFFFFFFFFFFFFFFFFFFFFFFF28
:10AC4C00FFFF000001004153434949000000000090
:10AC5C0000000000000000000000000000000000E8
:10AC6C00000000000000415343494900000000006F
:10AC7C0000000000000000000000000000000000C8
:08AC8C000000000000000000C0
:10AC940000000000000000000000000000000000B0
:10ACA40000000000000000000000000000000000A0
:10ACB4000000000000000000000000000000000090
:10ACC4000000000000000000000000000000000080
:10ACD4000000000000000000000000000000000070
:10ACE4000000000000000000000000000000000060
:10ACF4000000000000000000000000000000000050
:10AD0400000000000000000000000000000000003F
:10AD1400000000000000000000000000000000002F
:10AD2400000000000000000000000000000000001F
:10AD3400000000000000000000000000000000000F
:10AD440000000000000000000000000000000000FF
:10AD540000000000000000000000000000000000EF
:10AD640000000000000000000000000000000000DF
:10AD740000000000000000000000000000000000CF
:10AD840000000000000000000000000000000000BF
:10AD940000000000000000000000000000000000AF
:10ADA400000000000000000000000000000000009F
:10ADB400000000000000000000000000000000008F
:10ADC400000000000000000000000000000000007F
:10ADD400000000000000000000000000000000006F
:10ADE400000000000000000000000000000000005F
:10ADF400000000000000000000000000000000004F
:10AE0400000000000000000000000000000000003E
:10AE1400000000000000000000000000000000002E
:10AE2400000000000000000000000000000000001E
:10AE3400000000000000000000000000000000000E
:10AE440000000000000000000000000000000000FE
:10AE540000000000000000000000000000000000EE
:10AE640000000000000000000000000000000000DE
:10AE740000000000000000000000000000000000CE
:10AE840000000000000000000000000000000000BE
:0400000508021121BB
:00000001FF
