ISO-10303-21;
HEADER;
FILE_DESCRIPTION((''),'2;1');
FILE_NAME('M80-5002022_ASM','2012-03-22T',('wbourne'),(''),
'PRO/ENGINEER BY PARAMETRIC TECHNOLOGY CORPORATION, 2010280',
'PRO/ENGINEER BY PARAMETRIC TECHNOLOGY CORPORATION, 2010280','');
FILE_SCHEMA(('CONFIG_CONTROL_DESIGN','SHAPE_APPEARANCE_LAYERS_GROUPS'));
ENDSEC;
DATA;
#10=CARTESIAN_POINT('',(7.5E0,3.4E0,0.E0));
#11=DIRECTION('',(0.E0,-1.E0,0.E0));
#12=DIRECTION('',(1.E0,0.E0,0.E0));
#13=AXIS2_PLACEMENT_3D('',#10,#11,#12);
#15=DRAUGHTING_PRE_DEFINED_CURVE_FONT('continuous');
#16=CURVE_STYLE('',#15,POSITIVE_LENGTH_MEASURE(2.E-2),#8);
#17=PRESENTATION_STYLE_ASSIGNMENT((#16));
#18=STYLED_ITEM('',(#17),#14);
#19=CARTESIAN_POINT('',(7.5E0,3.4E0,0.E0));
#20=DIRECTION('',(0.E0,-1.E0,0.E0));
#21=DIRECTION('',(-1.E0,0.E0,0.E0));
#22=AXIS2_PLACEMENT_3D('',#19,#20,#21);
#24=CURVE_STYLE('',#15,POSITIVE_LENGTH_MEASURE(2.E-2),#8);
#25=PRESENTATION_STYLE_ASSIGNMENT((#24));
#26=STYLED_ITEM('',(#25),#23);
#27=CARTESIAN_POINT('',(-7.5E0,3.4E0,0.E0));
#28=DIRECTION('',(0.E0,1.E0,0.E0));
#29=DIRECTION('',(-1.E0,0.E0,0.E0));
#30=AXIS2_PLACEMENT_3D('',#27,#28,#29);
#32=CURVE_STYLE('',#15,POSITIVE_LENGTH_MEASURE(2.E-2),#8);
#33=PRESENTATION_STYLE_ASSIGNMENT((#32));
#34=STYLED_ITEM('',(#33),#31);
#35=CARTESIAN_POINT('',(-7.5E0,3.4E0,0.E0));
#36=DIRECTION('',(0.E0,1.E0,0.E0));
#37=DIRECTION('',(1.E0,0.E0,0.E0));
#38=AXIS2_PLACEMENT_3D('',#35,#36,#37);
#40=CURVE_STYLE('',#15,POSITIVE_LENGTH_MEASURE(2.E-2),#8);
#41=PRESENTATION_STYLE_ASSIGNMENT((#40));
#42=STYLED_ITEM('',(#41),#39);
#43=DIRECTION('',(0.E0,0.E0,-1.E0));
#44=VECTOR('',#43,1.5E-1);
#45=CARTESIAN_POINT('',(-3.85E0,3.4E0,2.775E0));
#46=LINE('',#45,#44);
#47=CURVE_STYLE('',#15,POSITIVE_LENGTH_MEASURE(2.E-2),#8);
#48=PRESENTATION_STYLE_ASSIGNMENT((#47));
#49=STYLED_ITEM('',(#48),#46);
#50=DIRECTION('',(-1.E0,0.E0,0.E0));
#51=VECTOR('',#50,3.E-1);
#52=CARTESIAN_POINT('',(-3.85E0,3.4E0,2.625E0));
#53=LINE('',#52,#51);
#54=CURVE_STYLE('',#15,POSITIVE_LENGTH_MEASURE(2.E-2),#8);
#55=PRESENTATION_STYLE_ASSIGNMENT((#54));
#56=STYLED_ITEM('',(#55),#53);
#57=DIRECTION('',(0.E0,0.E0,-1.E0));
#58=VECTOR('',#57,1.5E-1);
#59=CARTESIAN_POINT('',(-4.15E0,3.4E0,2.775E0));
#60=LINE('',#59,#58);
#61=CURVE_STYLE('',#15,POSITIVE_LENGTH_MEASURE(2.E-2),#8);
#62=PRESENTATION_STYLE_ASSIGNMENT((#61));
#63=STYLED_ITEM('',(#62),#60);
#64=DIRECTION('',(-1.E0,0.E0,0.E0));
#65=VECTOR('',#64,5.05E0);
#66=CARTESIAN_POINT('',(-4.15E0,3.4E0,2.775E0));
#67=LINE('',#66,#65);
#68=CURVE_STYLE('',#15,POSITIVE_LENGTH_MEASURE(2.E-2),#8);
#69=PRESENTATION_STYLE_ASSIGNMENT((#68));
#70=STYLED_ITEM('',(#69),#67);
#71=DIRECTION('',(0.E0,0.E0,-1.E0));
#72=VECTOR('',#71,9.419697220177E-1);
#73=CARTESIAN_POINT('',(-9.2E0,3.4E0,2.775E0));
#74=LINE('',#73,#72);
#75=CURVE_STYLE('',#15,POSITIVE_LENGTH_MEASURE(2.E-2),#8);
#76=PRESENTATION_STYLE_ASSIGNMENT((#75));
#77=STYLED_ITEM('',(#76),#74);
#78=CARTESIAN_POINT('',(-7.5E0,3.4E0,0.E0));
#79=DIRECTION('',(0.E0,-1.E0,0.E0));
#80=DIRECTION('',(-6.8E-1,0.E0,7.332121111929E-1));
#81=AXIS2_PLACEMENT_3D('',#78,#79,#80);
#83=CURVE_STYLE('',#15,POSITIVE_LENGTH_MEASURE(2.E-2),#8);
#84=PRESENTATION_STYLE_ASSIGNMENT((#83));
#85=STYLED_ITEM('',(#84),#82);
#86=DIRECTION('',(0.E0,0.E0,-1.E0));
#87=VECTOR('',#86,9.419697220177E-1);
#88=CARTESIAN_POINT('',(-9.2E0,3.4E0,-1.833030277982E0));
#89=LINE('',#88,#87);
#90=CURVE_STYLE('',#15,POSITIVE_LENGTH_MEASURE(2.E-2),#8);
#91=PRESENTATION_STYLE_ASSIGNMENT((#90));
#92=STYLED_ITEM('',(#91),#89);
#93=DIRECTION('',(1.E0,0.E0,0.E0));
#94=VECTOR('',#93,3.45E0);
#95=CARTESIAN_POINT('',(-9.2E0,3.4E0,-2.775E0));
#96=LINE('',#95,#94);
#97=CURVE_STYLE('',#15,POSITIVE_LENGTH_MEASURE(2.E-2),#8);
#98=PRESENTATION_STYLE_ASSIGNMENT((#97));
#99=STYLED_ITEM('',(#98),#96);
#100=DIRECTION('',(0.E0,0.E0,-1.E0));
#101=VECTOR('',#100,5.E-1);
#102=CARTESIAN_POINT('',(-5.75E0,3.4E0,-2.775E0));
#103=LINE('',#102,#101);
#104=CURVE_STYLE('',#15,POSITIVE_LENGTH_MEASURE(2.E-2),#8);
#105=PRESENTATION_STYLE_ASSIGNMENT((#104));
#106=STYLED_ITEM('',(#105),#103);
#107=DIRECTION('',(1.E0,0.E0,0.E0));
#108=VECTOR('',#107,1.E0);
#109=CARTESIAN_POINT('',(-5.75E0,3.4E0,-3.275E0));
#110=LINE('',#109,#108);
#111=CURVE_STYLE('',#15,POSITIVE_LENGTH_MEASURE(2.E-2),#8);
#112=PRESENTATION_STYLE_ASSIGNMENT((#111));
#113=STYLED_ITEM('',(#112),#110);
#114=DIRECTION('',(0.E0,0.E0,1.E0));
#115=VECTOR('',#114,5.E-1);
#116=CARTESIAN_POINT('',(-4.75E0,3.4E0,-3.275E0));
#117=LINE('',#116,#115);
#118=CURVE_STYLE('',#15,POSITIVE_LENGTH_MEASURE(2.E-2),#8);
#119=PRESENTATION_STYLE_ASSIGNMENT((#118));
#120=STYLED_ITEM('',(#119),#117);
#121=DIRECTION('',(1.E0,0.E0,0.E0));
#122=VECTOR('',#121,9.5E0);
#123=CARTESIAN_POINT('',(-4.75E0,3.4E0,-2.775E0));
#124=LINE('',#123,#122);
#125=CURVE_STYLE('',#15,POSITIVE_LENGTH_MEASURE(2.E-2),#8);
#126=PRESENTATION_STYLE_ASSIGNMENT((#125));
#127=STYLED_ITEM('',(#126),#124);
#128=DIRECTION('',(0.E0,0.E0,1.E0));
#129=VECTOR('',#128,5.E-1);
#130=CARTESIAN_POINT('',(4.75E0,3.4E0,-3.275E0));
#131=LINE('',#130,#129);
#132=CURVE_STYLE('',#15,POSITIVE_LENGTH_MEASURE(2.E-2),#8);
#133=PRESENTATION_STYLE_ASSIGNMENT((#132));
#134=STYLED_ITEM('',(#133),#131);
#135=DIRECTION('',(-1.E0,0.E0,0.E0));
#136=VECTOR('',#135,1.E0);
#137=CARTESIAN_POINT('',(5.75E0,3.4E0,-3.275E0));
#138=LINE('',#137,#136);
#139=CURVE_STYLE('',#15,POSITIVE_LENGTH_MEASURE(2.E-2),#8);
#140=PRESENTATION_STYLE_ASSIGNMENT((#139));
#141=STYLED_ITEM('',(#140),#138);
#142=DIRECTION('',(0.E0,0.E0,-1.E0));
#143=VECTOR('',#142,5.E-1);
#144=CARTESIAN_POINT('',(5.75E0,3.4E0,-2.775E0));
#145=LINE('',#144,#143);
#146=CURVE_STYLE('',#15,POSITIVE_LENGTH_MEASURE(2.E-2),#8);
#147=PRESENTATION_STYLE_ASSIGNMENT((#146));
#148=STYLED_ITEM('',(#147),#145);
#149=DIRECTION('',(1.E0,0.E0,0.E0));
#150=VECTOR('',#149,3.45E0);
#151=CARTESIAN_POINT('',(5.75E0,3.4E0,-2.775E0));
#152=LINE('',#151,#150);
#153=CURVE_STYLE('',#15,POSITIVE_LENGTH_MEASURE(2.E-2),#8);
#154=PRESENTATION_STYLE_ASSIGNMENT((#153));
#155=STYLED_ITEM('',(#154),#152);
#156=DIRECTION('',(0.E0,0.E0,1.E0));
#157=VECTOR('',#156,9.419697220177E-1);
#158=CARTESIAN_POINT('',(9.2E0,3.4E0,-2.775E0));
#159=LINE('',#158,#157);
#160=CURVE_STYLE('',#15,POSITIVE_LENGTH_MEASURE(2.E-2),#8);
#161=PRESENTATION_STYLE_ASSIGNMENT((#160));
#162=STYLED_ITEM('',(#161),#159);
#163=CARTESIAN_POINT('',(7.5E0,3.4E0,0.E0));
#164=DIRECTION('',(0.E0,-1.E0,0.E0));
#165=DIRECTION('',(6.8E-1,0.E0,-7.332121111929E-1));
#166=AXIS2_PLACEMENT_3D('',#163,#164,#165);
#168=CURVE_STYLE('',#15,POSITIVE_LENGTH_MEASURE(2.E-2),#8);
#169=PRESENTATION_STYLE_ASSIGNMENT((#168));
#170=STYLED_ITEM('',(#169),#167);
#171=DIRECTION('',(0.E0,0.E0,1.E0));
#172=VECTOR('',#171,9.419697220177E-1);
#173=CARTESIAN_POINT('',(9.2E0,3.4E0,1.833030277982E0));
#174=LINE('',#173,#172);
#175=CURVE_STYLE('',#15,POSITIVE_LENGTH_MEASURE(2.E-2),#8);
#176=PRESENTATION_STYLE_ASSIGNMENT((#175));
#177=STYLED_ITEM('',(#176),#174);
#178=DIRECTION('',(-1.E0,0.E0,0.E0));
#179=VECTOR('',#178,8.15E0);
#180=CARTESIAN_POINT('',(9.2E0,3.4E0,2.775E0));
#181=LINE('',#180,#179);
#182=CURVE_STYLE('',#15,POSITIVE_LENGTH_MEASURE(2.E-2),#8);
#183=PRESENTATION_STYLE_ASSIGNMENT((#182));
#184=STYLED_ITEM('',(#183),#181);
#185=DIRECTION('',(0.E0,0.E0,-1.E0));
#186=VECTOR('',#185,4.229274057836E-1);
#187=CARTESIAN_POINT('',(1.05E0,3.4E0,2.775E0));
#188=LINE('',#187,#186);
#189=CURVE_STYLE('',#15,POSITIVE_LENGTH_MEASURE(2.E-2),#8);
#190=PRESENTATION_STYLE_ASSIGNMENT((#189));
#191=STYLED_ITEM('',(#190),#188);
#192=DIRECTION('',(0.E0,0.E0,-1.E0));
#193=VECTOR('',#192,4.229274057836E-1);
#194=CARTESIAN_POINT('',(-1.05E0,3.4E0,2.775E0));
#195=LINE('',#194,#193);
#196=CURVE_STYLE('',#15,POSITIVE_LENGTH_MEASURE(2.E-2),#8);
#197=PRESENTATION_STYLE_ASSIGNMENT((#196));
#198=STYLED_ITEM('',(#197),#195);
#199=DIRECTION('',(-1.E0,0.E0,0.E0));
#200=VECTOR('',#199,2.8E0);
#201=CARTESIAN_POINT('',(-1.05E0,3.4E0,2.775E0));
#202=LINE('',#201,#200);
#203=CURVE_STYLE('',#15,POSITIVE_LENGTH_MEASURE(2.E-2),#8);
#204=PRESENTATION_STYLE_ASSIGNMENT((#203));
#205=STYLED_ITEM('',(#204),#202);
#206=DIRECTION('',(0.E0,-1.E0,0.E0));
#207=VECTOR('',#206,1.E0);
#208=CARTESIAN_POINT('',(9.125E0,3.4E0,0.E0));
#209=LINE('',#208,#207);
#210=CURVE_STYLE('',#15,POSITIVE_LENGTH_MEASURE(2.E-2),#8);
#211=PRESENTATION_STYLE_ASSIGNMENT((#210));
#212=STYLED_ITEM('',(#211),#209);
#213=DIRECTION('',(0.E0,-1.E0,0.E0));
#214=VECTOR('',#213,1.E0);
#215=CARTESIAN_POINT('',(5.875E0,3.4E0,0.E0));
#216=LINE('',#215,#214);
#217=CURVE_STYLE('',#15,POSITIVE_LENGTH_MEASURE(2.E-2),#8);
#218=PRESENTATION_STYLE_ASSIGNMENT((#217));
#219=STYLED_ITEM('',(#218),#216);
#220=CARTESIAN_POINT('',(7.5E0,2.4E0,0.E0));
#221=DIRECTION('',(0.E0,-1.E0,0.E0));
#222=DIRECTION('',(1.E0,0.E0,0.E0));
#223=AXIS2_PLACEMENT_3D('',#220,#221,#222);
#225=CURVE_STYLE('',#15,POSITIVE_LENGTH_MEASURE(2.E-2),#8);
#226=PRESENTATION_STYLE_ASSIGNMENT((#225));
#227=STYLED_ITEM('',(#226),#224);
#228=CARTESIAN_POINT('',(7.5E0,2.4E0,0.E0));
#229=DIRECTION('',(0.E0,-1.E0,0.E0));
#230=DIRECTION('',(-1.E0,0.E0,0.E0));
#231=AXIS2_PLACEMENT_3D('',#228,#229,#230);
#233=CURVE_STYLE('',#15,POSITIVE_LENGTH_MEASURE(2.E-2),#8);
#234=PRESENTATION_STYLE_ASSIGNMENT((#233));
#235=STYLED_ITEM('',(#234),#232);
#236=CARTESIAN_POINT('',(7.5E0,2.4E0,0.E0));
#237=DIRECTION('',(0.E0,-1.E0,0.E0));
#238=DIRECTION('',(1.E0,0.E0,0.E0));
#239=AXIS2_PLACEMENT_3D('',#236,#237,#238);
#241=CURVE_STYLE('',#15,POSITIVE_LENGTH_MEASURE(2.E-2),#8);
#242=PRESENTATION_STYLE_ASSIGNMENT((#241));
#243=STYLED_ITEM('',(#242),#240);
#244=CARTESIAN_POINT('',(7.5E0,2.4E0,0.E0));
#245=DIRECTION('',(0.E0,-1.E0,0.E0));
#246=DIRECTION('',(-1.E0,0.E0,0.E0));
#247=AXIS2_PLACEMENT_3D('',#244,#245,#246);
#249=CURVE_STYLE('',#15,POSITIVE_LENGTH_MEASURE(2.E-2),#8);
#250=PRESENTATION_STYLE_ASSIGNMENT((#249));
#251=STYLED_ITEM('',(#250),#248);
#252=DIRECTION('',(0.E0,-1.E0,0.E0));
#253=VECTOR('',#252,3.8E0);
#254=CARTESIAN_POINT('',(6.E0,2.4E0,0.E0));
#255=LINE('',#254,#253);
#256=CURVE_STYLE('',#15,POSITIVE_LENGTH_MEASURE(2.E-2),#8);
#257=PRESENTATION_STYLE_ASSIGNMENT((#256));
#258=STYLED_ITEM('',(#257),#255);
#259=DIRECTION('',(0.E0,-1.E0,0.E0));
#260=VECTOR('',#259,3.8E0);
#261=CARTESIAN_POINT('',(9.E0,2.4E0,0.E0));
#262=LINE('',#261,#260);
#263=CURVE_STYLE('',#15,POSITIVE_LENGTH_MEASURE(2.E-2),#8);
#264=PRESENTATION_STYLE_ASSIGNMENT((#263));
#265=STYLED_ITEM('',(#264),#262);
#266=CARTESIAN_POINT('',(7.5E0,-1.4E0,0.E0));
#267=DIRECTION('',(0.E0,-1.E0,0.E0));
#268=DIRECTION('',(1.E0,0.E0,0.E0));
#269=AXIS2_PLACEMENT_3D('',#266,#267,#268);
#271=CURVE_STYLE('',#15,POSITIVE_LENGTH_MEASURE(2.E-2),#8);
#272=PRESENTATION_STYLE_ASSIGNMENT((#271));
#273=STYLED_ITEM('',(#272),#270);
#274=CARTESIAN_POINT('',(7.5E0,-1.4E0,0.E0));
#275=DIRECTION('',(0.E0,-1.E0,0.E0));
#276=DIRECTION('',(-1.E0,0.E0,0.E0));
#277=AXIS2_PLACEMENT_3D('',#274,#275,#276);
#279=CURVE_STYLE('',#15,POSITIVE_LENGTH_MEASURE(2.E-2),#8);
#280=PRESENTATION_STYLE_ASSIGNMENT((#279));
#281=STYLED_ITEM('',(#280),#278);
#282=DIRECTION('',(1.E0,0.E0,0.E0));
#283=VECTOR('',#282,2.9E0);
#284=CARTESIAN_POINT('',(6.05E0,-1.4E0,-1.55E0));
#285=LINE('',#284,#283);
#286=CURVE_STYLE('',#15,POSITIVE_LENGTH_MEASURE(2.E-2),#8);
#287=PRESENTATION_STYLE_ASSIGNMENT((#286));
#288=STYLED_ITEM('',(#287),#285);
#289=DIRECTION('',(0.E0,0.E0,-1.E0));
#290=VECTOR('',#289,2.9E0);
#291=CARTESIAN_POINT('',(5.95E0,-1.4E0,1.45E0));
#292=LINE('',#291,#290);
#293=CURVE_STYLE('',#15,POSITIVE_LENGTH_MEASURE(2.E-2),#8);
#294=PRESENTATION_STYLE_ASSIGNMENT((#293));
#295=STYLED_ITEM('',(#294),#292);
#296=DIRECTION('',(-1.E0,0.E0,0.E0));
#297=VECTOR('',#296,2.9E0);
#298=CARTESIAN_POINT('',(8.95E0,-1.4E0,1.55E0));
#299=LINE('',#298,#297);
#300=CURVE_STYLE('',#15,POSITIVE_LENGTH_MEASURE(2.E-2),#8);
#301=PRESENTATION_STYLE_ASSIGNMENT((#300));
#302=STYLED_ITEM('',(#301),#299);
#303=DIRECTION('',(0.E0,0.E0,1.E0));
#304=VECTOR('',#303,2.9E0);
#305=CARTESIAN_POINT('',(9.05E0,-1.4E0,-1.45E0));
#306=LINE('',#305,#304);
#307=CURVE_STYLE('',#15,POSITIVE_LENGTH_MEASURE(2.E-2),#8);
#308=PRESENTATION_STYLE_ASSIGNMENT((#307));
#309=STYLED_ITEM('',(#308),#306);
#310=DIRECTION('',(0.E0,1.E0,0.E0));
#311=VECTOR('',#310,8.E-1);
#312=CARTESIAN_POINT('',(9.05E0,-2.2E0,-1.45E0));
#313=LINE('',#312,#311);
#314=CURVE_STYLE('',#15,POSITIVE_LENGTH_MEASURE(2.E-2),#8);
#315=PRESENTATION_STYLE_ASSIGNMENT((#314));
#316=STYLED_ITEM('',(#315),#313);
#317=CARTESIAN_POINT('',(8.95E0,-2.2E0,-1.45E0));
#318=DIRECTION('',(0.E0,1.E0,0.E0));
#319=DIRECTION('',(1.E0,0.E0,0.E0));
#320=AXIS2_PLACEMENT_3D('',#317,#318,#319);
#322=CURVE_STYLE('',#15,POSITIVE_LENGTH_MEASURE(2.E-2),#8);
#323=PRESENTATION_STYLE_ASSIGNMENT((#322));
#324=STYLED_ITEM('',(#323),#321);
#325=DIRECTION('',(0.E0,1.E0,0.E0));
#326=VECTOR('',#325,8.E-1);
#327=CARTESIAN_POINT('',(8.95E0,-2.2E0,-1.55E0));
#328=LINE('',#327,#326);
#329=CURVE_STYLE('',#15,POSITIVE_LENGTH_MEASURE(2.E-2),#8);
#330=PRESENTATION_STYLE_ASSIGNMENT((#329));
#331=STYLED_ITEM('',(#330),#328);
#332=CARTESIAN_POINT('',(8.95E0,-1.4E0,-1.45E0));
#333=DIRECTION('',(0.E0,-1.E0,0.E0));
#334=DIRECTION('',(1.776356839400E-14,0.E0,-1.E0));
#335=AXIS2_PLACEMENT_3D('',#332,#333,#334);
#337=CURVE_STYLE('',#15,POSITIVE_LENGTH_MEASURE(2.E-2),#8);
#338=PRESENTATION_STYLE_ASSIGNMENT((#337));
#339=STYLED_ITEM('',(#338),#336);
#340=DIRECTION('',(0.E0,1.E0,0.E0));
#341=VECTOR('',#340,8.E-1);
#342=CARTESIAN_POINT('',(8.95E0,-2.2E0,1.55E0));
#343=LINE('',#342,#341);
#344=CURVE_STYLE('',#15,POSITIVE_LENGTH_MEASURE(2.E-2),#8);
#345=PRESENTATION_STYLE_ASSIGNMENT((#344));
#346=STYLED_ITEM('',(#345),#343);
#347=CARTESIAN_POINT('',(8.95E0,-2.2E0,1.45E0));
#348=DIRECTION('',(0.E0,1.E0,0.E0));
#349=DIRECTION('',(0.E0,0.E0,1.E0));
#350=AXIS2_PLACEMENT_3D('',#347,#348,#349);
#352=CURVE_STYLE('',#15,POSITIVE_LENGTH_MEASURE(2.E-2),#8);
#353=PRESENTATION_STYLE_ASSIGNMENT((#352));
#354=STYLED_ITEM('',(#353),#351);
#355=DIRECTION('',(0.E0,1.E0,0.E0));
#356=VECTOR('',#355,8.E-1);
#357=CARTESIAN_POINT('',(9.05E0,-2.2E0,1.45E0));
#358=LINE('',#357,#356);
#359=CURVE_STYLE('',#15,POSITIVE_LENGTH_MEASURE(2.E-2),#8);
#360=PRESENTATION_STYLE_ASSIGNMENT((#359));
#361=STYLED_ITEM('',(#360),#358);
#362=CARTESIAN_POINT('',(8.95E0,-1.4E0,1.45E0));
#363=DIRECTION('',(0.E0,-1.E0,0.E0));
#364=DIRECTION('',(1.E0,0.E0,0.E0));
#365=AXIS2_PLACEMENT_3D('',#362,#363,#364);
#367=CURVE_STYLE('',#15,POSITIVE_LENGTH_MEASURE(2.E-2),#8);
#368=PRESENTATION_STYLE_ASSIGNMENT((#367));
#369=STYLED_ITEM('',(#368),#366);
#370=DIRECTION('',(0.E0,1.E0,0.E0));
#371=VECTOR('',#370,8.E-1);
#372=CARTESIAN_POINT('',(5.95E0,-2.2E0,1.45E0));
#373=LINE('',#372,#371);
#374=CURVE_STYLE('',#15,POSITIVE_LENGTH_MEASURE(2.E-2),#8);
#375=PRESENTATION_STYLE_ASSIGNMENT((#374));
#376=STYLED_ITEM('',(#375),#373);
#377=CARTESIAN_POINT('',(6.05E0,-2.2E0,1.45E0));
#378=DIRECTION('',(0.E0,1.E0,0.E0));
#379=DIRECTION('',(-1.E0,0.E0,0.E0));
#380=AXIS2_PLACEMENT_3D('',#377,#378,#379);
#382=CURVE_STYLE('',#15,POSITIVE_LENGTH_MEASURE(2.E-2),#8);
#383=PRESENTATION_STYLE_ASSIGNMENT((#382));
#384=STYLED_ITEM('',(#383),#381);
#385=DIRECTION('',(0.E0,1.E0,0.E0));
#386=VECTOR('',#385,8.E-1);
#387=CARTESIAN_POINT('',(6.05E0,-2.2E0,1.55E0));
#388=LINE('',#387,#386);
#389=CURVE_STYLE('',#15,POSITIVE_LENGTH_MEASURE(2.E-2),#8);
#390=PRESENTATION_STYLE_ASSIGNMENT((#389));
#391=STYLED_ITEM('',(#390),#388);
#392=CARTESIAN_POINT('',(6.05E0,-1.4E0,1.45E0));
#393=DIRECTION('',(0.E0,-1.E0,0.E0));
#394=DIRECTION('',(0.E0,0.E0,1.E0));
#395=AXIS2_PLACEMENT_3D('',#392,#393,#394);
#397=CURVE_STYLE('',#15,POSITIVE_LENGTH_MEASURE(2.E-2),#8);
#398=PRESENTATION_STYLE_ASSIGNMENT((#397));
#399=STYLED_ITEM('',(#398),#396);
#400=DIRECTION('',(0.E0,1.E0,0.E0));
#401=VECTOR('',#400,8.E-1);
#402=CARTESIAN_POINT('',(6.05E0,-2.2E0,-1.55E0));
#403=LINE('',#402,#401);
#404=CURVE_STYLE('',#15,POSITIVE_LENGTH_MEASURE(2.E-2),#8);
#405=PRESENTATION_STYLE_ASSIGNMENT((#404));
#406=STYLED_ITEM('',(#405),#403);
#407=CARTESIAN_POINT('',(6.05E0,-2.2E0,-1.45E0));
#408=DIRECTION('',(0.E0,1.E0,0.E0));
#409=DIRECTION('',(0.E0,0.E0,-1.E0));
#410=AXIS2_PLACEMENT_3D('',#407,#408,#409);
#412=CURVE_STYLE('',#15,POSITIVE_LENGTH_MEASURE(2.E-2),#8);
#413=PRESENTATION_STYLE_ASSIGNMENT((#412));
#414=STYLED_ITEM('',(#413),#411);
#415=DIRECTION('',(0.E0,1.E0,0.E0));
#416=VECTOR('',#415,8.E-1);
#417=CARTESIAN_POINT('',(5.95E0,-2.2E0,-1.45E0));
#418=LINE('',#417,#416);
#419=CURVE_STYLE('',#15,POSITIVE_LENGTH_MEASURE(2.E-2),#8);
#420=PRESENTATION_STYLE_ASSIGNMENT((#419));
#421=STYLED_ITEM('',(#420),#418);
#422=CARTESIAN_POINT('',(6.05E0,-1.4E0,-1.45E0));
#423=DIRECTION('',(0.E0,-1.E0,0.E0));
#424=DIRECTION('',(-1.E0,0.E0,0.E0));
#425=AXIS2_PLACEMENT_3D('',#422,#423,#424);
#427=CURVE_STYLE('',#15,POSITIVE_LENGTH_MEASURE(2.E-2),#8);
#428=PRESENTATION_STYLE_ASSIGNMENT((#427));
#429=STYLED_ITEM('',(#428),#426);
#430=DIRECTION('',(0.E0,0.E0,-1.E0));
#431=VECTOR('',#430,2.9E0);
#432=CARTESIAN_POINT('',(5.95E0,-2.2E0,1.45E0));
#433=LINE('',#432,#431);
#434=CURVE_STYLE('',#15,POSITIVE_LENGTH_MEASURE(2.E-2),#8);
#435=PRESENTATION_STYLE_ASSIGNMENT((#434));
#436=STYLED_ITEM('',(#435),#433);
#437=DIRECTION('',(1.E0,0.E0,0.E0));
#438=VECTOR('',#437,2.9E0);
#439=CARTESIAN_POINT('',(6.05E0,-2.2E0,-1.55E0));
#440=LINE('',#439,#438);
#441=CURVE_STYLE('',#15,POSITIVE_LENGTH_MEASURE(2.E-2),#8);
#442=PRESENTATION_STYLE_ASSIGNMENT((#441));
#443=STYLED_ITEM('',(#442),#440);
#444=DIRECTION('',(0.E0,0.E0,1.E0));
#445=VECTOR('',#444,2.9E0);
#446=CARTESIAN_POINT('',(9.05E0,-2.2E0,-1.45E0));
#447=LINE('',#446,#445);
#448=CURVE_STYLE('',#15,POSITIVE_LENGTH_MEASURE(2.E-2),#8);
#449=PRESENTATION_STYLE_ASSIGNMENT((#448));
#450=STYLED_ITEM('',(#449),#447);
#451=DIRECTION('',(-1.E0,0.E0,0.E0));
#452=VECTOR('',#451,2.9E0);
#453=CARTESIAN_POINT('',(8.95E0,-2.2E0,1.55E0));
#454=LINE('',#453,#452);
#455=CURVE_STYLE('',#15,POSITIVE_LENGTH_MEASURE(2.E-2),#8);
#456=PRESENTATION_STYLE_ASSIGNMENT((#455));
#457=STYLED_ITEM('',(#456),#454);
#458=DIRECTION('',(-1.E0,0.E0,0.E0));
#459=VECTOR('',#458,2.9E0);
#460=CARTESIAN_POINT('',(-6.05E0,-2.2E0,-1.55E0));
#461=LINE('',#460,#459);
#462=CURVE_STYLE('',#15,POSITIVE_LENGTH_MEASURE(2.E-2),#8);
#463=PRESENTATION_STYLE_ASSIGNMENT((#462));
#464=STYLED_ITEM('',(#463),#461);
#465=DIRECTION('',(0.E0,0.E0,-1.E0));
#466=VECTOR('',#465,2.9E0);
#467=CARTESIAN_POINT('',(-5.95E0,-2.2E0,1.45E0));
#468=LINE('',#467,#466);
#469=CURVE_STYLE('',#15,POSITIVE_LENGTH_MEASURE(2.E-2),#8);
#470=PRESENTATION_STYLE_ASSIGNMENT((#469));
#471=STYLED_ITEM('',(#470),#468);
#472=DIRECTION('',(1.E0,0.E0,0.E0));
#473=VECTOR('',#472,2.9E0);
#474=CARTESIAN_POINT('',(-8.95E0,-2.2E0,1.55E0));
#475=LINE('',#474,#473);
#476=CURVE_STYLE('',#15,POSITIVE_LENGTH_MEASURE(2.E-2),#8);
#477=PRESENTATION_STYLE_ASSIGNMENT((#476));
#478=STYLED_ITEM('',(#477),#475);
#479=DIRECTION('',(0.E0,0.E0,1.E0));
#480=VECTOR('',#479,2.9E0);
#481=CARTESIAN_POINT('',(-9.05E0,-2.2E0,-1.45E0));
#482=LINE('',#481,#480);
#483=CURVE_STYLE('',#15,POSITIVE_LENGTH_MEASURE(2.E-2),#8);
#484=PRESENTATION_STYLE_ASSIGNMENT((#483));
#485=STYLED_ITEM('',(#484),#482);
#486=DIRECTION('',(-1.E0,0.E0,0.E0));
#487=VECTOR('',#486,4.45E0);
#488=CARTESIAN_POINT('',(9.2E0,-2.2E0,2.775E0));
#489=LINE('',#488,#487);
#490=CURVE_STYLE('',#15,POSITIVE_LENGTH_MEASURE(2.E-2),#8);
#491=PRESENTATION_STYLE_ASSIGNMENT((#490));
#492=STYLED_ITEM('',(#491),#489);
#493=DIRECTION('',(0.E0,0.E0,1.E0));
#494=VECTOR('',#493,9.419697220177E-1);
#495=CARTESIAN_POINT('',(9.2E0,-2.2E0,1.833030277982E0));
#496=LINE('',#495,#494);
#497=CURVE_STYLE('',#15,POSITIVE_LENGTH_MEASURE(2.E-2),#8);
#498=PRESENTATION_STYLE_ASSIGNMENT((#497));
#499=STYLED_ITEM('',(#498),#496);
#500=CARTESIAN_POINT('',(7.5E0,-2.2E0,0.E0));
#501=DIRECTION('',(0.E0,-1.E0,0.E0));
#502=DIRECTION('',(6.8E-1,0.E0,-7.332121111929E-1));
#503=AXIS2_PLACEMENT_3D('',#500,#501,#502);
#505=CURVE_STYLE('',#15,POSITIVE_LENGTH_MEASURE(2.E-2),#8);
#506=PRESENTATION_STYLE_ASSIGNMENT((#505));
#507=STYLED_ITEM('',(#506),#504);
#508=DIRECTION('',(0.E0,0.E0,1.E0));
#509=VECTOR('',#508,9.419697220177E-1);
#510=CARTESIAN_POINT('',(9.2E0,-2.2E0,-2.775E0));
#511=LINE('',#510,#509);
#512=CURVE_STYLE('',#15,POSITIVE_LENGTH_MEASURE(2.E-2),#8);
#513=PRESENTATION_STYLE_ASSIGNMENT((#512));
#514=STYLED_ITEM('',(#513),#511);
#515=DIRECTION('',(1.E0,0.E0,0.E0));
#516=VECTOR('',#515,3.45E0);
#517=CARTESIAN_POINT('',(5.75E0,-2.2E0,-2.775E0));
#518=LINE('',#517,#516);
#519=CURVE_STYLE('',#15,POSITIVE_LENGTH_MEASURE(2.E-2),#8);
#520=PRESENTATION_STYLE_ASSIGNMENT((#519));
#521=STYLED_ITEM('',(#520),#518);
#522=DIRECTION('',(0.E0,0.E0,-1.E0));
#523=VECTOR('',#522,5.E-1);
#524=CARTESIAN_POINT('',(5.75E0,-2.2E0,-2.775E0));
#525=LINE('',#524,#523);
#526=CURVE_STYLE('',#15,POSITIVE_LENGTH_MEASURE(2.E-2),#8);
#527=PRESENTATION_STYLE_ASSIGNMENT((#526));
#528=STYLED_ITEM('',(#527),#525);
#529=DIRECTION('',(-1.E0,0.E0,0.E0));
#530=VECTOR('',#529,1.E0);
#531=CARTESIAN_POINT('',(5.75E0,-2.2E0,-3.275E0));
#532=LINE('',#531,#530);
#533=CURVE_STYLE('',#15,POSITIVE_LENGTH_MEASURE(2.E-2),#8);
#534=PRESENTATION_STYLE_ASSIGNMENT((#533));
#535=STYLED_ITEM('',(#534),#532);
#536=DIRECTION('',(1.E0,0.E0,0.E0));
#537=VECTOR('',#536,1.E0);
#538=CARTESIAN_POINT('',(-5.75E0,-2.2E0,-3.275E0));
#539=LINE('',#538,#537);
#540=CURVE_STYLE('',#15,POSITIVE_LENGTH_MEASURE(2.E-2),#8);
#541=PRESENTATION_STYLE_ASSIGNMENT((#540));
#542=STYLED_ITEM('',(#541),#539);
#543=DIRECTION('',(0.E0,0.E0,-1.E0));
#544=VECTOR('',#543,5.E-1);
#545=CARTESIAN_POINT('',(-5.75E0,-2.2E0,-2.775E0));
#546=LINE('',#545,#544);
#547=CURVE_STYLE('',#15,POSITIVE_LENGTH_MEASURE(2.E-2),#8);
#548=PRESENTATION_STYLE_ASSIGNMENT((#547));
#549=STYLED_ITEM('',(#548),#546);
#550=DIRECTION('',(1.E0,0.E0,0.E0));
#551=VECTOR('',#550,3.45E0);
#552=CARTESIAN_POINT('',(-9.2E0,-2.2E0,-2.775E0));
#553=LINE('',#552,#551);
#554=CURVE_STYLE('',#15,POSITIVE_LENGTH_MEASURE(2.E-2),#8);
#555=PRESENTATION_STYLE_ASSIGNMENT((#554));
#556=STYLED_ITEM('',(#555),#553);
#557=DIRECTION('',(0.E0,0.E0,-1.E0));
#558=VECTOR('',#557,9.419697220177E-1);
#559=CARTESIAN_POINT('',(-9.2E0,-2.2E0,-1.833030277982E0));
#560=LINE('',#559,#558);
#561=CURVE_STYLE('',#15,POSITIVE_LENGTH_MEASURE(2.E-2),#8);
#562=PRESENTATION_STYLE_ASSIGNMENT((#561));
#563=STYLED_ITEM('',(#562),#560);
#564=CARTESIAN_POINT('',(-7.5E0,-2.2E0,0.E0));
#565=DIRECTION('',(0.E0,-1.E0,0.E0));
#566=DIRECTION('',(-6.8E-1,0.E0,7.332121111929E-1));
#567=AXIS2_PLACEMENT_3D('',#564,#565,#566);
#569=CURVE_STYLE('',#15,POSITIVE_LENGTH_MEASURE(2.E-2),#8);
#570=PRESENTATION_STYLE_ASSIGNMENT((#569));
#571=STYLED_ITEM('',(#570),#568);
#572=DIRECTION('',(0.E0,0.E0,-1.E0));
#573=VECTOR('',#572,9.419697220177E-1);
#574=CARTESIAN_POINT('',(-9.2E0,-2.2E0,2.775E0));
#575=LINE('',#574,#573);
#576=CURVE_STYLE('',#15,POSITIVE_LENGTH_MEASURE(2.E-2),#8);
#577=PRESENTATION_STYLE_ASSIGNMENT((#576));
#578=STYLED_ITEM('',(#577),#575);
#579=DIRECTION('',(-1.E0,0.E0,0.E0));
#580=VECTOR('',#579,4.45E0);
#581=CARTESIAN_POINT('',(-4.75E0,-2.2E0,2.775E0));
#582=LINE('',#581,#580);
#583=CURVE_STYLE('',#15,POSITIVE_LENGTH_MEASURE(2.E-2),#8);
#584=PRESENTATION_STYLE_ASSIGNMENT((#583));
#585=STYLED_ITEM('',(#584),#582);
#586=DIRECTION('',(0.E0,-1.E0,0.E0));
#587=VECTOR('',#586,8.E-1);
#588=CARTESIAN_POINT('',(-9.05E0,-1.4E0,-1.45E0));
#589=LINE('',#588,#587);
#590=CURVE_STYLE('',#15,POSITIVE_LENGTH_MEASURE(2.E-2),#8);
#591=PRESENTATION_STYLE_ASSIGNMENT((#590));
#592=STYLED_ITEM('',(#591),#589);
#593=CARTESIAN_POINT('',(-8.95E0,-1.4E0,-1.45E0));
#594=DIRECTION('',(0.E0,-1.E0,0.E0));
#595=DIRECTION('',(-1.E0,0.E0,0.E0));
#596=AXIS2_PLACEMENT_3D('',#593,#594,#595);
#598=CURVE_STYLE('',#15,POSITIVE_LENGTH_MEASURE(2.E-2),#8);
#599=PRESENTATION_STYLE_ASSIGNMENT((#598));
#600=STYLED_ITEM('',(#599),#597);
#601=DIRECTION('',(0.E0,-1.E0,0.E0));
#602=VECTOR('',#601,8.E-1);
#603=CARTESIAN_POINT('',(-8.95E0,-1.4E0,-1.55E0));
#604=LINE('',#603,#602);
#605=CURVE_STYLE('',#15,POSITIVE_LENGTH_MEASURE(2.E-2),#8);
#606=PRESENTATION_STYLE_ASSIGNMENT((#605));
#607=STYLED_ITEM('',(#606),#604);
#608=CARTESIAN_POINT('',(-8.95E0,-2.2E0,-1.45E0));
#609=DIRECTION('',(0.E0,1.E0,0.E0));
#610=DIRECTION('',(0.E0,0.E0,-1.E0));
#611=AXIS2_PLACEMENT_3D('',#608,#609,#610);
#613=CURVE_STYLE('',#15,POSITIVE_LENGTH_MEASURE(2.E-2),#8);
#614=PRESENTATION_STYLE_ASSIGNMENT((#613));
#615=STYLED_ITEM('',(#614),#612);
#616=DIRECTION('',(0.E0,-1.E0,0.E0));
#617=VECTOR('',#616,8.E-1);
#618=CARTESIAN_POINT('',(-8.95E0,-1.4E0,1.55E0));
#619=LINE('',#618,#617);
#620=CURVE_STYLE('',#15,POSITIVE_LENGTH_MEASURE(2.E-2),#8);
#621=PRESENTATION_STYLE_ASSIGNMENT((#620));
#622=STYLED_ITEM('',(#621),#619);
#623=CARTESIAN_POINT('',(-8.95E0,-1.4E0,1.45E0));
#624=DIRECTION('',(0.E0,-1.E0,0.E0));
#625=DIRECTION('',(0.E0,0.E0,1.E0));
#626=AXIS2_PLACEMENT_3D('',#623,#624,#625);
#628=CURVE_STYLE('',#15,POSITIVE_LENGTH_MEASURE(2.E-2),#8);
#629=PRESENTATION_STYLE_ASSIGNMENT((#628));
#630=STYLED_ITEM('',(#629),#627);
#631=DIRECTION('',(0.E0,-1.E0,0.E0));
#632=VECTOR('',#631,8.E-1);
#633=CARTESIAN_POINT('',(-9.05E0,-1.4E0,1.45E0));
#634=LINE('',#633,#632);
#635=CURVE_STYLE('',#15,POSITIVE_LENGTH_MEASURE(2.E-2),#8);
#636=PRESENTATION_STYLE_ASSIGNMENT((#635));
#637=STYLED_ITEM('',(#636),#634);
#638=CARTESIAN_POINT('',(-8.95E0,-2.2E0,1.45E0));
#639=DIRECTION('',(0.E0,1.E0,0.E0));
#640=DIRECTION('',(-1.E0,0.E0,0.E0));
#641=AXIS2_PLACEMENT_3D('',#638,#639,#640);
#643=CURVE_STYLE('',#15,POSITIVE_LENGTH_MEASURE(2.E-2),#8);
#644=PRESENTATION_STYLE_ASSIGNMENT((#643));
#645=STYLED_ITEM('',(#644),#642);
#646=DIRECTION('',(0.E0,-1.E0,0.E0));
#647=VECTOR('',#646,8.E-1);
#648=CARTESIAN_POINT('',(-5.95E0,-1.4E0,1.45E0));
#649=LINE('',#648,#647);
#650=CURVE_STYLE('',#15,POSITIVE_LENGTH_MEASURE(2.E-2),#8);
#651=PRESENTATION_STYLE_ASSIGNMENT((#650));
#652=STYLED_ITEM('',(#651),#649);
#653=CARTESIAN_POINT('',(-6.05E0,-1.4E0,1.45E0));
#654=DIRECTION('',(0.E0,-1.E0,0.E0));
#655=DIRECTION('',(1.E0,0.E0,0.E0));
#656=AXIS2_PLACEMENT_3D('',#653,#654,#655);
#658=CURVE_STYLE('',#15,POSITIVE_LENGTH_MEASURE(2.E-2),#8);
#659=PRESENTATION_STYLE_ASSIGNMENT((#658));
#660=STYLED_ITEM('',(#659),#657);
#661=DIRECTION('',(0.E0,-1.E0,0.E0));
#662=VECTOR('',#661,8.E-1);
#663=CARTESIAN_POINT('',(-6.05E0,-1.4E0,1.55E0));
#664=LINE('',#663,#662);
#665=CURVE_STYLE('',#15,POSITIVE_LENGTH_MEASURE(2.E-2),#8);
#666=PRESENTATION_STYLE_ASSIGNMENT((#665));
#667=STYLED_ITEM('',(#666),#664);
#668=CARTESIAN_POINT('',(-6.05E0,-2.2E0,1.45E0));
#669=DIRECTION('',(0.E0,1.E0,0.E0));
#670=DIRECTION('',(0.E0,0.E0,1.E0));
#671=AXIS2_PLACEMENT_3D('',#668,#669,#670);
#673=CURVE_STYLE('',#15,POSITIVE_LENGTH_MEASURE(2.E-2),#8);
#674=PRESENTATION_STYLE_ASSIGNMENT((#673));
#675=STYLED_ITEM('',(#674),#672);
#676=DIRECTION('',(0.E0,-1.E0,0.E0));
#677=VECTOR('',#676,8.E-1);
#678=CARTESIAN_POINT('',(-6.05E0,-1.4E0,-1.55E0));
#679=LINE('',#678,#677);
#680=CURVE_STYLE('',#15,POSITIVE_LENGTH_MEASURE(2.E-2),#8);
#681=PRESENTATION_STYLE_ASSIGNMENT((#680));
#682=STYLED_ITEM('',(#681),#679);
#683=CARTESIAN_POINT('',(-6.05E0,-1.4E0,-1.45E0));
#684=DIRECTION('',(0.E0,-1.E0,0.E0));
#685=DIRECTION('',(0.E0,0.E0,-1.E0));
#686=AXIS2_PLACEMENT_3D('',#683,#684,#685);
#688=CURVE_STYLE('',#15,POSITIVE_LENGTH_MEASURE(2.E-2),#8);
#689=PRESENTATION_STYLE_ASSIGNMENT((#688));
#690=STYLED_ITEM('',(#689),#687);
#691=DIRECTION('',(0.E0,-1.E0,0.E0));
#692=VECTOR('',#691,8.E-1);
#693=CARTESIAN_POINT('',(-5.95E0,-1.4E0,-1.45E0));
#694=LINE('',#693,#692);
#695=CURVE_STYLE('',#15,POSITIVE_LENGTH_MEASURE(2.E-2),#8);
#696=PRESENTATION_STYLE_ASSIGNMENT((#695));
#697=STYLED_ITEM('',(#696),#694);
#698=CARTESIAN_POINT('',(-6.05E0,-2.2E0,-1.45E0));
#699=DIRECTION('',(0.E0,1.E0,0.E0));
#700=DIRECTION('',(1.E0,0.E0,0.E0));
#701=AXIS2_PLACEMENT_3D('',#698,#699,#700);
#703=CURVE_STYLE('',#15,POSITIVE_LENGTH_MEASURE(2.E-2),#8);
#704=PRESENTATION_STYLE_ASSIGNMENT((#703));
#705=STYLED_ITEM('',(#704),#702);
#706=CARTESIAN_POINT('',(-7.5E0,-1.4E0,0.E0));
#707=DIRECTION('',(0.E0,-1.E0,0.E0));
#708=DIRECTION('',(1.E0,0.E0,0.E0));
#709=AXIS2_PLACEMENT_3D('',#706,#707,#708);
#711=CURVE_STYLE('',#15,POSITIVE_LENGTH_MEASURE(2.E-2),#8);
#712=PRESENTATION_STYLE_ASSIGNMENT((#711));
#713=STYLED_ITEM('',(#712),#710);
#714=CARTESIAN_POINT('',(-7.5E0,-1.4E0,0.E0));
#715=DIRECTION('',(0.E0,-1.E0,0.E0));
#716=DIRECTION('',(-1.E0,0.E0,0.E0));
#717=AXIS2_PLACEMENT_3D('',#714,#715,#716);
#719=CURVE_STYLE('',#15,POSITIVE_LENGTH_MEASURE(2.E-2),#8);
#720=PRESENTATION_STYLE_ASSIGNMENT((#719));
#721=STYLED_ITEM('',(#720),#718);
#722=DIRECTION('',(0.E0,0.E0,1.E0));
#723=VECTOR('',#722,2.9E0);
#724=CARTESIAN_POINT('',(-9.05E0,-1.4E0,-1.45E0));
#725=LINE('',#724,#723);
#726=CURVE_STYLE('',#15,POSITIVE_LENGTH_MEASURE(2.E-2),#8);
#727=PRESENTATION_STYLE_ASSIGNMENT((#726));
#728=STYLED_ITEM('',(#727),#725);
#729=DIRECTION('',(1.E0,0.E0,0.E0));
#730=VECTOR('',#729,2.9E0);
#731=CARTESIAN_POINT('',(-8.95E0,-1.4E0,1.55E0));
#732=LINE('',#731,#730);
#733=CURVE_STYLE('',#15,POSITIVE_LENGTH_MEASURE(2.E-2),#8);
#734=PRESENTATION_STYLE_ASSIGNMENT((#733));
#735=STYLED_ITEM('',(#734),#732);
#736=DIRECTION('',(0.E0,0.E0,-1.E0));
#737=VECTOR('',#736,2.9E0);
#738=CARTESIAN_POINT('',(-5.95E0,-1.4E0,1.45E0));
#739=LINE('',#738,#737);
#740=CURVE_STYLE('',#15,POSITIVE_LENGTH_MEASURE(2.E-2),#8);
#741=PRESENTATION_STYLE_ASSIGNMENT((#740));
#742=STYLED_ITEM('',(#741),#739);
#743=DIRECTION('',(-1.E0,0.E0,0.E0));
#744=VECTOR('',#743,2.9E0);
#745=CARTESIAN_POINT('',(-6.05E0,-1.4E0,-1.55E0));
#746=LINE('',#745,#744);
#747=CURVE_STYLE('',#15,POSITIVE_LENGTH_MEASURE(2.E-2),#8);
#748=PRESENTATION_STYLE_ASSIGNMENT((#747));
#749=STYLED_ITEM('',(#748),#746);
#750=DIRECTION('',(0.E0,-1.E0,0.E0));
#751=VECTOR('',#750,3.8E0);
#752=CARTESIAN_POINT('',(-9.E0,2.4E0,0.E0));
#753=LINE('',#752,#751);
#754=CURVE_STYLE('',#15,POSITIVE_LENGTH_MEASURE(2.E-2),#8);
#755=PRESENTATION_STYLE_ASSIGNMENT((#754));
#756=STYLED_ITEM('',(#755),#753);
#757=CARTESIAN_POINT('',(-7.5E0,2.4E0,0.E0));
#758=DIRECTION('',(0.E0,1.E0,0.E0));
#759=DIRECTION('',(-1.E0,0.E0,0.E0));
#760=AXIS2_PLACEMENT_3D('',#757,#758,#759);
#762=CURVE_STYLE('',#15,POSITIVE_LENGTH_MEASURE(2.E-2),#8);
#763=PRESENTATION_STYLE_ASSIGNMENT((#762));
#764=STYLED_ITEM('',(#763),#761);
#765=CARTESIAN_POINT('',(-7.5E0,2.4E0,0.E0));
#766=DIRECTION('',(0.E0,1.E0,0.E0));
#767=DIRECTION('',(1.E0,0.E0,0.E0));
#768=AXIS2_PLACEMENT_3D('',#765,#766,#767);
#770=CURVE_STYLE('',#15,POSITIVE_LENGTH_MEASURE(2.E-2),#8);
#771=PRESENTATION_STYLE_ASSIGNMENT((#770));
#772=STYLED_ITEM('',(#771),#769);
#773=CARTESIAN_POINT('',(-7.5E0,2.4E0,0.E0));
#774=DIRECTION('',(0.E0,-1.E0,0.E0));
#775=DIRECTION('',(1.E0,0.E0,0.E0));
#776=AXIS2_PLACEMENT_3D('',#773,#774,#775);
#778=CURVE_STYLE('',#15,POSITIVE_LENGTH_MEASURE(2.E-2),#8);
#779=PRESENTATION_STYLE_ASSIGNMENT((#778));
#780=STYLED_ITEM('',(#779),#777);
#781=CARTESIAN_POINT('',(-7.5E0,2.4E0,0.E0));
#782=DIRECTION('',(0.E0,-1.E0,0.E0));
#783=DIRECTION('',(-1.E0,0.E0,0.E0));
#784=AXIS2_PLACEMENT_3D('',#781,#782,#783);
#786=CURVE_STYLE('',#15,POSITIVE_LENGTH_MEASURE(2.E-2),#8);
#787=PRESENTATION_STYLE_ASSIGNMENT((#786));
#788=STYLED_ITEM('',(#787),#785);
#789=DIRECTION('',(0.E0,-1.E0,0.E0));
#790=VECTOR('',#789,1.E0);
#791=CARTESIAN_POINT('',(-9.125E0,3.4E0,0.E0));
#792=LINE('',#791,#790);
#793=CURVE_STYLE('',#15,POSITIVE_LENGTH_MEASURE(2.E-2),#8);
#794=PRESENTATION_STYLE_ASSIGNMENT((#793));
#795=STYLED_ITEM('',(#794),#792);
#796=DIRECTION('',(0.E0,-1.E0,0.E0));
#797=VECTOR('',#796,1.E0);
#798=CARTESIAN_POINT('',(-5.875E0,3.4E0,0.E0));
#799=LINE('',#798,#797);
#800=CURVE_STYLE('',#15,POSITIVE_LENGTH_MEASURE(2.E-2),#8);
#801=PRESENTATION_STYLE_ASSIGNMENT((#800));
#802=STYLED_ITEM('',(#801),#799);
#803=DIRECTION('',(0.E0,-1.E0,0.E0));
#804=VECTOR('',#803,3.8E0);
#805=CARTESIAN_POINT('',(-6.E0,2.4E0,0.E0));
#806=LINE('',#805,#804);
#807=CURVE_STYLE('',#15,POSITIVE_LENGTH_MEASURE(2.E-2),#8);
#808=PRESENTATION_STYLE_ASSIGNMENT((#807));
#809=STYLED_ITEM('',(#808),#806);
#810=DIRECTION('',(0.E0,0.E0,-1.E0));
#811=VECTOR('',#810,6.05E0);
#812=CARTESIAN_POINT('',(4.75E0,-2.2E0,2.775E0));
#813=LINE('',#812,#811);
#814=CURVE_STYLE('',#15,POSITIVE_LENGTH_MEASURE(2.E-2),#8);
#815=PRESENTATION_STYLE_ASSIGNMENT((#814));
#816=STYLED_ITEM('',(#815),#813);
#817=DIRECTION('',(0.E0,-1.E0,0.E0));
#818=VECTOR('',#817,5.6E0);
#819=CARTESIAN_POINT('',(4.75E0,3.4E0,-3.275E0));
#820=LINE('',#819,#818);
#821=CURVE_STYLE('',#15,POSITIVE_LENGTH_MEASURE(2.E-2),#8);
#822=PRESENTATION_STYLE_ASSIGNMENT((#821));
#823=STYLED_ITEM('',(#822),#820);
#824=DIRECTION('',(0.E0,-1.E0,0.E0));
#825=VECTOR('',#824,5.6E0);
#826=CARTESIAN_POINT('',(-5.75E0,3.4E0,-2.775E0));
#827=LINE('',#826,#825);
#828=CURVE_STYLE('',#15,POSITIVE_LENGTH_MEASURE(2.E-2),#8);
#829=PRESENTATION_STYLE_ASSIGNMENT((#828));
#830=STYLED_ITEM('',(#829),#827);
#831=DIRECTION('',(0.E0,-1.E0,0.E0));
#832=VECTOR('',#831,5.6E0);
#833=CARTESIAN_POINT('',(-9.2E0,3.4E0,-2.775E0));
#834=LINE('',#833,#832);
#835=CURVE_STYLE('',#15,POSITIVE_LENGTH_MEASURE(2.E-2),#8);
#836=PRESENTATION_STYLE_ASSIGNMENT((#835));
#837=STYLED_ITEM('',(#836),#834);
#838=DIRECTION('',(0.E0,-1.E0,0.E0));
#839=VECTOR('',#838,5.6E0);
#840=CARTESIAN_POINT('',(5.75E0,3.4E0,-2.775E0));
#841=LINE('',#840,#839);
#842=CURVE_STYLE('',#15,POSITIVE_LENGTH_MEASURE(2.E-2),#8);
#843=PRESENTATION_STYLE_ASSIGNMENT((#842));
#844=STYLED_ITEM('',(#843),#841);
#845=DIRECTION('',(-1.E0,0.E0,0.E0));
#846=VECTOR('',#845,1.5E0);
#847=CARTESIAN_POINT('',(2.75E0,-1.7E0,-2.775E0));
#848=LINE('',#847,#846);
#849=CURVE_STYLE('',#15,POSITIVE_LENGTH_MEASURE(2.E-2),#8);
#850=PRESENTATION_STYLE_ASSIGNMENT((#849));
#851=STYLED_ITEM('',(#850),#848);
#852=DIRECTION('',(0.E0,1.E0,0.E0));
#853=VECTOR('',#852,5.E-1);
#854=CARTESIAN_POINT('',(2.75E0,-2.2E0,-2.775E0));
#855=LINE('',#854,#853);
#856=CURVE_STYLE('',#15,POSITIVE_LENGTH_MEASURE(2.E-2),#8);
#857=PRESENTATION_STYLE_ASSIGNMENT((#856));
#858=STYLED_ITEM('',(#857),#855);
#859=DIRECTION('',(-1.E0,0.E0,0.E0));
#860=VECTOR('',#859,5.E-1);
#861=CARTESIAN_POINT('',(3.25E0,-2.2E0,-2.775E0));
#862=LINE('',#861,#860);
#863=CURVE_STYLE('',#15,POSITIVE_LENGTH_MEASURE(2.E-2),#8);
#864=PRESENTATION_STYLE_ASSIGNMENT((#863));
#865=STYLED_ITEM('',(#864),#862);
#866=DIRECTION('',(0.E0,-1.E0,0.E0));
#867=VECTOR('',#866,5.E-1);
#868=CARTESIAN_POINT('',(3.25E0,-1.7E0,-2.775E0));
#869=LINE('',#868,#867);
#870=CURVE_STYLE('',#15,POSITIVE_LENGTH_MEASURE(2.E-2),#8);
#871=PRESENTATION_STYLE_ASSIGNMENT((#870));
#872=STYLED_ITEM('',(#871),#869);
#873=DIRECTION('',(-1.E0,0.E0,0.E0));
#874=VECTOR('',#873,1.5E0);
#875=CARTESIAN_POINT('',(4.75E0,-1.7E0,-2.775E0));
#876=LINE('',#875,#874);
#877=CURVE_STYLE('',#15,POSITIVE_LENGTH_MEASURE(2.E-2),#8);
#878=PRESENTATION_STYLE_ASSIGNMENT((#877));
#879=STYLED_ITEM('',(#878),#876);
#880=DIRECTION('',(0.E0,-1.E0,0.E0));
#881=VECTOR('',#880,5.1E0);
#882=CARTESIAN_POINT('',(4.75E0,3.4E0,-2.775E0));
#883=LINE('',#882,#881);
#884=CURVE_STYLE('',#15,POSITIVE_LENGTH_MEASURE(2.E-2),#8);
#885=PRESENTATION_STYLE_ASSIGNMENT((#884));
#886=STYLED_ITEM('',(#885),#883);
#887=DIRECTION('',(0.E0,-1.E0,0.E0));
#888=VECTOR('',#887,5.1E0);
#889=CARTESIAN_POINT('',(-4.75E0,3.4E0,-2.775E0));
#890=LINE('',#889,#888);
#891=CURVE_STYLE('',#15,POSITIVE_LENGTH_MEASURE(2.E-2),#8);
#892=PRESENTATION_STYLE_ASSIGNMENT((#891));
#893=STYLED_ITEM('',(#892),#890);
#894=DIRECTION('',(-1.E0,0.E0,0.E0));
#895=VECTOR('',#894,1.5E0);
#896=CARTESIAN_POINT('',(-3.25E0,-1.7E0,-2.775E0));
#897=LINE('',#896,#895);
#898=CURVE_STYLE('',#15,POSITIVE_LENGTH_MEASURE(2.E-2),#8);
#899=PRESENTATION_STYLE_ASSIGNMENT((#898));
#900=STYLED_ITEM('',(#899),#897);
#901=DIRECTION('',(0.E0,1.E0,0.E0));
#902=VECTOR('',#901,5.E-1);
#903=CARTESIAN_POINT('',(-3.25E0,-2.2E0,-2.775E0));
#904=LINE('',#903,#902);
#905=CURVE_STYLE('',#15,POSITIVE_LENGTH_MEASURE(2.E-2),#8);
#906=PRESENTATION_STYLE_ASSIGNMENT((#905));
#907=STYLED_ITEM('',(#906),#904);
#908=DIRECTION('',(-1.E0,0.E0,0.E0));
#909=VECTOR('',#908,5.E-1);
#910=CARTESIAN_POINT('',(-2.75E0,-2.2E0,-2.775E0));
#911=LINE('',#910,#909);
#912=CURVE_STYLE('',#15,POSITIVE_LENGTH_MEASURE(2.E-2),#8);
#913=PRESENTATION_STYLE_ASSIGNMENT((#912));
#914=STYLED_ITEM('',(#913),#911);
#915=DIRECTION('',(0.E0,-1.E0,0.E0));
#916=VECTOR('',#915,5.E-1);
#917=CARTESIAN_POINT('',(-2.75E0,-1.7E0,-2.775E0));
#918=LINE('',#917,#916);
#919=CURVE_STYLE('',#15,POSITIVE_LENGTH_MEASURE(2.E-2),#8);
#920=PRESENTATION_STYLE_ASSIGNMENT((#919));
#921=STYLED_ITEM('',(#920),#918);
#922=DIRECTION('',(-1.E0,0.E0,0.E0));
#923=VECTOR('',#922,1.5E0);
#924=CARTESIAN_POINT('',(-1.25E0,-1.7E0,-2.775E0));
#925=LINE('',#924,#923);
#926=CURVE_STYLE('',#15,POSITIVE_LENGTH_MEASURE(2.E-2),#8);
#927=PRESENTATION_STYLE_ASSIGNMENT((#926));
#928=STYLED_ITEM('',(#927),#925);
#929=DIRECTION('',(0.E0,1.E0,0.E0));
#930=VECTOR('',#929,5.E-1);
#931=CARTESIAN_POINT('',(-1.25E0,-2.2E0,-2.775E0));
#932=LINE('',#931,#930);
#933=CURVE_STYLE('',#15,POSITIVE_LENGTH_MEASURE(2.E-2),#8);
#934=PRESENTATION_STYLE_ASSIGNMENT((#933));
#935=STYLED_ITEM('',(#934),#932);
#936=DIRECTION('',(-1.E0,0.E0,0.E0));
#937=VECTOR('',#936,5.E-1);
#938=CARTESIAN_POINT('',(-7.5E-1,-2.2E0,-2.775E0));
#939=LINE('',#938,#937);
#940=CURVE_STYLE('',#15,POSITIVE_LENGTH_MEASURE(2.E-2),#8);
#941=PRESENTATION_STYLE_ASSIGNMENT((#940));
#942=STYLED_ITEM('',(#941),#939);
#943=DIRECTION('',(0.E0,-1.E0,0.E0));
#944=VECTOR('',#943,5.E-1);
#945=CARTESIAN_POINT('',(-7.5E-1,-1.7E0,-2.775E0));
#946=LINE('',#945,#944);
#947=CURVE_STYLE('',#15,POSITIVE_LENGTH_MEASURE(2.E-2),#8);
#948=PRESENTATION_STYLE_ASSIGNMENT((#947));
#949=STYLED_ITEM('',(#948),#946);
#950=DIRECTION('',(-1.E0,0.E0,0.E0));
#951=VECTOR('',#950,1.5E0);
#952=CARTESIAN_POINT('',(7.5E-1,-1.7E0,-2.775E0));
#953=LINE('',#952,#951);
#954=CURVE_STYLE('',#15,POSITIVE_LENGTH_MEASURE(2.E-2),#8);
#955=PRESENTATION_STYLE_ASSIGNMENT((#954));
#956=STYLED_ITEM('',(#955),#953);
#957=DIRECTION('',(0.E0,1.E0,0.E0));
#958=VECTOR('',#957,5.E-1);
#959=CARTESIAN_POINT('',(7.5E-1,-2.2E0,-2.775E0));
#960=LINE('',#959,#958);
#961=CURVE_STYLE('',#15,POSITIVE_LENGTH_MEASURE(2.E-2),#8);
#962=PRESENTATION_STYLE_ASSIGNMENT((#961));
#963=STYLED_ITEM('',(#962),#960);
#964=DIRECTION('',(-1.E0,0.E0,0.E0));
#965=VECTOR('',#964,5.E-1);
#966=CARTESIAN_POINT('',(1.25E0,-2.2E0,-2.775E0));
#967=LINE('',#966,#965);
#968=CURVE_STYLE('',#15,POSITIVE_LENGTH_MEASURE(2.E-2),#8);
#969=PRESENTATION_STYLE_ASSIGNMENT((#968));
#970=STYLED_ITEM('',(#969),#967);
#971=DIRECTION('',(0.E0,-1.E0,0.E0));
#972=VECTOR('',#971,5.E-1);
#973=CARTESIAN_POINT('',(1.25E0,-1.7E0,-2.775E0));
#974=LINE('',#973,#972);
#975=CURVE_STYLE('',#15,POSITIVE_LENGTH_MEASURE(2.E-2),#8);
#976=PRESENTATION_STYLE_ASSIGNMENT((#975));
#977=STYLED_ITEM('',(#976),#974);
#978=DIRECTION('',(0.E0,-1.E0,0.E0));
#979=VECTOR('',#978,5.6E0);
#980=CARTESIAN_POINT('',(-5.75E0,3.4E0,-3.275E0));
#981=LINE('',#980,#979);
#982=CURVE_STYLE('',#15,POSITIVE_LENGTH_MEASURE(2.E-2),#8);
#983=PRESENTATION_STYLE_ASSIGNMENT((#982));
#984=STYLED_ITEM('',(#983),#981);
#985=DIRECTION('',(0.E0,0.E0,1.E0));
#986=VECTOR('',#985,6.05E0);
#987=CARTESIAN_POINT('',(-4.75E0,-2.2E0,-3.275E0));
#988=LINE('',#987,#986);
#989=CURVE_STYLE('',#15,POSITIVE_LENGTH_MEASURE(2.E-2),#8);
#990=PRESENTATION_STYLE_ASSIGNMENT((#989));
#991=STYLED_ITEM('',(#990),#988);
#992=DIRECTION('',(0.E0,0.E0,-1.E0));
#993=VECTOR('',#992,5.55E0);
#994=CARTESIAN_POINT('',(-4.75E0,-1.7E0,2.775E0));
#995=LINE('',#994,#993);
#996=CURVE_STYLE('',#15,POSITIVE_LENGTH_MEASURE(2.E-2),#8);
#997=PRESENTATION_STYLE_ASSIGNMENT((#996));
#998=STYLED_ITEM('',(#997),#995);
#999=DIRECTION('',(0.E0,-1.E0,0.E0));
#1000=VECTOR('',#999,5.6E0);
#1001=CARTESIAN_POINT('',(-4.75E0,3.4E0,-3.275E0));
#1002=LINE('',#1001,#1000);
#1003=CURVE_STYLE('',#15,POSITIVE_LENGTH_MEASURE(2.E-2),#8);
#1004=PRESENTATION_STYLE_ASSIGNMENT((#1003));
#1005=STYLED_ITEM('',(#1004),#1002);
#1006=DIRECTION('',(0.E0,-1.E0,0.E0));
#1007=VECTOR('',#1006,5.1E0);
#1008=CARTESIAN_POINT('',(-3.85E0,3.4E0,2.775E0));
#1009=LINE('',#1008,#1007);
#1010=CURVE_STYLE('',#15,POSITIVE_LENGTH_MEASURE(2.E-2),#8);
#1011=PRESENTATION_STYLE_ASSIGNMENT((#1010));
#1012=STYLED_ITEM('',(#1011),#1009);
#1013=DIRECTION('',(0.E0,-1.E0,0.E0));
#1014=VECTOR('',#1013,3.4E0);
#1015=CARTESIAN_POINT('',(-1.05E0,3.4E0,2.775E0));
#1016=LINE('',#1015,#1014);
#1017=CURVE_STYLE('',#15,POSITIVE_LENGTH_MEASURE(2.E-2),#8);
#1018=PRESENTATION_STYLE_ASSIGNMENT((#1017));
#1019=STYLED_ITEM('',(#1018),#1016);
#1020=DIRECTION('',(-1.E0,0.E0,0.E0));
#1021=VECTOR('',#1020,2.1E0);
#1022=CARTESIAN_POINT('',(1.05E0,0.E0,2.775E0));
#1023=LINE('',#1022,#1021);
#1024=CURVE_STYLE('',#15,POSITIVE_LENGTH_MEASURE(2.E-2),#8);
#1025=PRESENTATION_STYLE_ASSIGNMENT((#1024));
#1026=STYLED_ITEM('',(#1025),#1023);
#1027=DIRECTION('',(0.E0,-1.E0,0.E0));
#1028=VECTOR('',#1027,3.4E0);
#1029=CARTESIAN_POINT('',(1.05E0,3.4E0,2.775E0));
#1030=LINE('',#1029,#1028);
#1031=CURVE_STYLE('',#15,POSITIVE_LENGTH_MEASURE(2.E-2),#8);
#1032=PRESENTATION_STYLE_ASSIGNMENT((#1031));
#1033=STYLED_ITEM('',(#1032),#1030);
#1034=DIRECTION('',(0.E0,-1.E0,0.E0));
#1035=VECTOR('',#1034,5.6E0);
#1036=CARTESIAN_POINT('',(9.2E0,3.4E0,2.775E0));
#1037=LINE('',#1036,#1035);
#1038=CURVE_STYLE('',#15,POSITIVE_LENGTH_MEASURE(2.E-2),#8);
#1039=PRESENTATION_STYLE_ASSIGNMENT((#1038));
#1040=STYLED_ITEM('',(#1039),#1037);
#1041=DIRECTION('',(0.E0,1.E0,0.E0));
#1042=VECTOR('',#1041,5.E-1);
#1043=CARTESIAN_POINT('',(4.75E0,-2.2E0,2.775E0));
#1044=LINE('',#1043,#1042);
#1045=CURVE_STYLE('',#15,POSITIVE_LENGTH_MEASURE(2.E-2),#8);
#1046=PRESENTATION_STYLE_ASSIGNMENT((#1045));
#1047=STYLED_ITEM('',(#1046),#1044);
#1048=DIRECTION('',(-1.E0,0.E0,0.E0));
#1049=VECTOR('',#1048,1.5E0);
#1050=CARTESIAN_POINT('',(4.75E0,-1.7E0,2.775E0));
#1051=LINE('',#1050,#1049);
#1052=CURVE_STYLE('',#15,POSITIVE_LENGTH_MEASURE(2.E-2),#8);
#1053=PRESENTATION_STYLE_ASSIGNMENT((#1052));
#1054=STYLED_ITEM('',(#1053),#1051);
#1055=DIRECTION('',(0.E0,-1.E0,0.E0));
#1056=VECTOR('',#1055,5.E-1);
#1057=CARTESIAN_POINT('',(3.25E0,-1.7E0,2.775E0));
#1058=LINE('',#1057,#1056);
#1059=CURVE_STYLE('',#15,POSITIVE_LENGTH_MEASURE(2.E-2),#8);
#1060=PRESENTATION_STYLE_ASSIGNMENT((#1059));
#1061=STYLED_ITEM('',(#1060),#1058);
#1062=DIRECTION('',(-1.E0,0.E0,0.E0));
#1063=VECTOR('',#1062,5.E-1);
#1064=CARTESIAN_POINT('',(3.25E0,-2.2E0,2.775E0));
#1065=LINE('',#1064,#1063);
#1066=CURVE_STYLE('',#15,POSITIVE_LENGTH_MEASURE(2.E-2),#8);
#1067=PRESENTATION_STYLE_ASSIGNMENT((#1066));
#1068=STYLED_ITEM('',(#1067),#1065);
#1069=DIRECTION('',(0.E0,1.E0,0.E0));
#1070=VECTOR('',#1069,5.E-1);
#1071=CARTESIAN_POINT('',(2.75E0,-2.2E0,2.775E0));
#1072=LINE('',#1071,#1070);
#1073=CURVE_STYLE('',#15,POSITIVE_LENGTH_MEASURE(2.E-2),#8);
#1074=PRESENTATION_STYLE_ASSIGNMENT((#1073));
#1075=STYLED_ITEM('',(#1074),#1072);
#1076=DIRECTION('',(-1.E0,0.E0,0.E0));
#1077=VECTOR('',#1076,1.5E0);
#1078=CARTESIAN_POINT('',(2.75E0,-1.7E0,2.775E0));
#1079=LINE('',#1078,#1077);
#1080=CURVE_STYLE('',#15,POSITIVE_LENGTH_MEASURE(2.E-2),#8);
#1081=PRESENTATION_STYLE_ASSIGNMENT((#1080));
#1082=STYLED_ITEM('',(#1081),#1079);
#1083=DIRECTION('',(0.E0,-1.E0,0.E0));
#1084=VECTOR('',#1083,5.E-1);
#1085=CARTESIAN_POINT('',(1.25E0,-1.7E0,2.775E0));
#1086=LINE('',#1085,#1084);
#1087=CURVE_STYLE('',#15,POSITIVE_LENGTH_MEASURE(2.E-2),#8);
#1088=PRESENTATION_STYLE_ASSIGNMENT((#1087));
#1089=STYLED_ITEM('',(#1088),#1086);
#1090=DIRECTION('',(-1.E0,0.E0,0.E0));
#1091=VECTOR('',#1090,5.E-1);
#1092=CARTESIAN_POINT('',(1.25E0,-2.2E0,2.775E0));
#1093=LINE('',#1092,#1091);
#1094=CURVE_STYLE('',#15,POSITIVE_LENGTH_MEASURE(2.E-2),#8);
#1095=PRESENTATION_STYLE_ASSIGNMENT((#1094));
#1096=STYLED_ITEM('',(#1095),#1093);
#1097=DIRECTION('',(0.E0,1.E0,0.E0));
#1098=VECTOR('',#1097,5.E-1);
#1099=CARTESIAN_POINT('',(7.5E-1,-2.2E0,2.775E0));
#1100=LINE('',#1099,#1098);
#1101=CURVE_STYLE('',#15,POSITIVE_LENGTH_MEASURE(2.E-2),#8);
#1102=PRESENTATION_STYLE_ASSIGNMENT((#1101));
#1103=STYLED_ITEM('',(#1102),#1100);
#1104=DIRECTION('',(-1.E0,0.E0,0.E0));
#1105=VECTOR('',#1104,1.5E0);
#1106=CARTESIAN_POINT('',(7.5E-1,-1.7E0,2.775E0));
#1107=LINE('',#1106,#1105);
#1108=CURVE_STYLE('',#15,POSITIVE_LENGTH_MEASURE(2.E-2),#8);
#1109=PRESENTATION_STYLE_ASSIGNMENT((#1108));
#1110=STYLED_ITEM('',(#1109),#1107);
#1111=DIRECTION('',(0.E0,-1.E0,0.E0));
#1112=VECTOR('',#1111,5.E-1);
#1113=CARTESIAN_POINT('',(-7.5E-1,-1.7E0,2.775E0));
#1114=LINE('',#1113,#1112);
#1115=CURVE_STYLE('',#15,POSITIVE_LENGTH_MEASURE(2.E-2),#8);
#1116=PRESENTATION_STYLE_ASSIGNMENT((#1115));
#1117=STYLED_ITEM('',(#1116),#1114);
#1118=DIRECTION('',(-1.E0,0.E0,0.E0));
#1119=VECTOR('',#1118,5.E-1);
#1120=CARTESIAN_POINT('',(-7.5E-1,-2.2E0,2.775E0));
#1121=LINE('',#1120,#1119);
#1122=CURVE_STYLE('',#15,POSITIVE_LENGTH_MEASURE(2.E-2),#8);
#1123=PRESENTATION_STYLE_ASSIGNMENT((#1122));
#1124=STYLED_ITEM('',(#1123),#1121);
#1125=DIRECTION('',(0.E0,1.E0,0.E0));
#1126=VECTOR('',#1125,5.E-1);
#1127=CARTESIAN_POINT('',(-1.25E0,-2.2E0,2.775E0));
#1128=LINE('',#1127,#1126);
#1129=CURVE_STYLE('',#15,POSITIVE_LENGTH_MEASURE(2.E-2),#8);
#1130=PRESENTATION_STYLE_ASSIGNMENT((#1129));
#1131=STYLED_ITEM('',(#1130),#1128);
#1132=DIRECTION('',(-1.E0,0.E0,0.E0));
#1133=VECTOR('',#1132,1.5E0);
#1134=CARTESIAN_POINT('',(-1.25E0,-1.7E0,2.775E0));
#1135=LINE('',#1134,#1133);
#1136=CURVE_STYLE('',#15,POSITIVE_LENGTH_MEASURE(2.E-2),#8);
#1137=PRESENTATION_STYLE_ASSIGNMENT((#1136));
#1138=STYLED_ITEM('',(#1137),#1135);
#1139=DIRECTION('',(0.E0,-1.E0,0.E0));
#1140=VECTOR('',#1139,5.E-1);
#1141=CARTESIAN_POINT('',(-2.75E0,-1.7E0,2.775E0));
#1142=LINE('',#1141,#1140);
#1143=CURVE_STYLE('',#15,POSITIVE_LENGTH_MEASURE(2.E-2),#8);
#1144=PRESENTATION_STYLE_ASSIGNMENT((#1143));
#1145=STYLED_ITEM('',(#1144),#1142);
#1146=DIRECTION('',(-1.E0,0.E0,0.E0));
#1147=VECTOR('',#1146,5.E-1);
#1148=CARTESIAN_POINT('',(-2.75E0,-2.2E0,2.775E0));
#1149=LINE('',#1148,#1147);
#1150=CURVE_STYLE('',#15,POSITIVE_LENGTH_MEASURE(2.E-2),#8);
#1151=PRESENTATION_STYLE_ASSIGNMENT((#1150));
#1152=STYLED_ITEM('',(#1151),#1149);
#1153=DIRECTION('',(0.E0,1.E0,0.E0));
#1154=VECTOR('',#1153,5.E-1);
#1155=CARTESIAN_POINT('',(-3.25E0,-2.2E0,2.775E0));
#1156=LINE('',#1155,#1154);
#1157=CURVE_STYLE('',#15,POSITIVE_LENGTH_MEASURE(2.E-2),#8);
#1158=PRESENTATION_STYLE_ASSIGNMENT((#1157));
#1159=STYLED_ITEM('',(#1158),#1156);
#1160=DIRECTION('',(-1.E0,0.E0,0.E0));
#1161=VECTOR('',#1160,6.E-1);
#1162=CARTESIAN_POINT('',(-3.25E0,-1.7E0,2.775E0));
#1163=LINE('',#1162,#1161);
#1164=CURVE_STYLE('',#15,POSITIVE_LENGTH_MEASURE(2.E-2),#8);
#1165=PRESENTATION_STYLE_ASSIGNMENT((#1164));
#1166=STYLED_ITEM('',(#1165),#1163);
#1167=DIRECTION('',(0.E0,-1.E0,0.E0));
#1168=VECTOR('',#1167,5.1E0);
#1169=CARTESIAN_POINT('',(-4.15E0,3.4E0,2.775E0));
#1170=LINE('',#1169,#1168);
#1171=CURVE_STYLE('',#15,POSITIVE_LENGTH_MEASURE(2.E-2),#8);
#1172=PRESENTATION_STYLE_ASSIGNMENT((#1171));
#1173=STYLED_ITEM('',(#1172),#1170);
#1174=DIRECTION('',(-1.E0,0.E0,0.E0));
#1175=VECTOR('',#1174,6.E-1);
#1176=CARTESIAN_POINT('',(-4.15E0,-1.7E0,2.775E0));
#1177=LINE('',#1176,#1175);
#1178=CURVE_STYLE('',#15,POSITIVE_LENGTH_MEASURE(2.E-2),#8);
#1179=PRESENTATION_STYLE_ASSIGNMENT((#1178));
#1180=STYLED_ITEM('',(#1179),#1177);
#1181=DIRECTION('',(0.E0,1.E0,0.E0));
#1182=VECTOR('',#1181,5.E-1);
#1183=CARTESIAN_POINT('',(-4.75E0,-2.2E0,2.775E0));
#1184=LINE('',#1183,#1182);
#1185=CURVE_STYLE('',#15,POSITIVE_LENGTH_MEASURE(2.E-2),#8);
#1186=PRESENTATION_STYLE_ASSIGNMENT((#1185));
#1187=STYLED_ITEM('',(#1186),#1184);
#1188=DIRECTION('',(0.E0,0.E0,1.E0));
#1189=VECTOR('',#1188,5.55E0);
#1190=CARTESIAN_POINT('',(-1.25E0,-1.7E0,-2.775E0));
#1191=LINE('',#1190,#1189);
#1192=CURVE_STYLE('',#15,POSITIVE_LENGTH_MEASURE(2.E-2),#8);
#1193=PRESENTATION_STYLE_ASSIGNMENT((#1192));
#1194=STYLED_ITEM('',(#1193),#1191);
#1195=DIRECTION('',(0.E0,0.E0,1.E0));
#1196=VECTOR('',#1195,5.55E0);
#1197=CARTESIAN_POINT('',(-2.75E0,-1.7E0,-2.775E0));
#1198=LINE('',#1197,#1196);
#1199=CURVE_STYLE('',#15,POSITIVE_LENGTH_MEASURE(2.E-2),#8);
#1200=PRESENTATION_STYLE_ASSIGNMENT((#1199));
#1201=STYLED_ITEM('',(#1200),#1198);
#1202=DIRECTION('',(0.E0,0.E0,1.E0));
#1203=VECTOR('',#1202,5.55E0);
#1204=CARTESIAN_POINT('',(7.5E-1,-1.7E0,-2.775E0));
#1205=LINE('',#1204,#1203);
#1206=CURVE_STYLE('',#15,POSITIVE_LENGTH_MEASURE(2.E-2),#8);
#1207=PRESENTATION_STYLE_ASSIGNMENT((#1206));
#1208=STYLED_ITEM('',(#1207),#1205);
#1209=DIRECTION('',(0.E0,0.E0,1.E0));
#1210=VECTOR('',#1209,5.55E0);
#1211=CARTESIAN_POINT('',(-7.5E-1,-1.7E0,-2.775E0));
#1212=LINE('',#1211,#1210);
#1213=CURVE_STYLE('',#15,POSITIVE_LENGTH_MEASURE(2.E-2),#8);
#1214=PRESENTATION_STYLE_ASSIGNMENT((#1213));
#1215=STYLED_ITEM('',(#1214),#1212);
#1216=DIRECTION('',(0.E0,0.E0,1.E0));
#1217=VECTOR('',#1216,5.55E0);
#1218=CARTESIAN_POINT('',(3.25E0,-1.7E0,-2.775E0));
#1219=LINE('',#1218,#1217);
#1220=CURVE_STYLE('',#15,POSITIVE_LENGTH_MEASURE(2.E-2),#8);
#1221=PRESENTATION_STYLE_ASSIGNMENT((#1220));
#1222=STYLED_ITEM('',(#1221),#1219);
#1223=DIRECTION('',(0.E0,0.E0,-1.E0));
#1224=VECTOR('',#1223,5.55E0);
#1225=CARTESIAN_POINT('',(4.75E0,-1.7E0,2.775E0));
#1226=LINE('',#1225,#1224);
#1227=CURVE_STYLE('',#15,POSITIVE_LENGTH_MEASURE(2.E-2),#8);
#1228=PRESENTATION_STYLE_ASSIGNMENT((#1227));
#1229=STYLED_ITEM('',(#1228),#1226);
#1230=DIRECTION('',(0.E0,0.E0,1.E0));
#1231=VECTOR('',#1230,5.55E0);
#1232=CARTESIAN_POINT('',(2.75E0,-1.7E0,-2.775E0));
#1233=LINE('',#1232,#1231);
#1234=CURVE_STYLE('',#15,POSITIVE_LENGTH_MEASURE(2.E-2),#8);
#1235=PRESENTATION_STYLE_ASSIGNMENT((#1234));
#1236=STYLED_ITEM('',(#1235),#1233);
#1237=DIRECTION('',(0.E0,0.E0,1.E0));
#1238=VECTOR('',#1237,5.55E0);
#1239=CARTESIAN_POINT('',(1.25E0,-1.7E0,-2.775E0));
#1240=LINE('',#1239,#1238);
#1241=CURVE_STYLE('',#15,POSITIVE_LENGTH_MEASURE(2.E-2),#8);
#1242=PRESENTATION_STYLE_ASSIGNMENT((#1241));
#1243=STYLED_ITEM('',(#1242),#1240);
#1244=DIRECTION('',(0.E0,0.E0,-1.E0));
#1245=VECTOR('',#1244,1.5E-1);
#1246=CARTESIAN_POINT('',(-3.85E0,-1.7E0,2.775E0));
#1247=LINE('',#1246,#1245);
#1248=CURVE_STYLE('',#15,POSITIVE_LENGTH_MEASURE(2.E-2),#8);
#1249=PRESENTATION_STYLE_ASSIGNMENT((#1248));
#1250=STYLED_ITEM('',(#1249),#1247);
#1251=DIRECTION('',(0.E0,0.E0,1.E0));
#1252=VECTOR('',#1251,5.55E0);
#1253=CARTESIAN_POINT('',(-3.25E0,-1.7E0,-2.775E0));
#1254=LINE('',#1253,#1252);
#1255=CURVE_STYLE('',#15,POSITIVE_LENGTH_MEASURE(2.E-2),#8);
#1256=PRESENTATION_STYLE_ASSIGNMENT((#1255));
#1257=STYLED_ITEM('',(#1256),#1254);
#1258=DIRECTION('',(0.E0,0.E0,-1.E0));
#1259=VECTOR('',#1258,1.5E-1);
#1260=CARTESIAN_POINT('',(-4.15E0,-1.7E0,2.775E0));
#1261=LINE('',#1260,#1259);
#1262=CURVE_STYLE('',#15,POSITIVE_LENGTH_MEASURE(2.E-2),#8);
#1263=PRESENTATION_STYLE_ASSIGNMENT((#1262));
#1264=STYLED_ITEM('',(#1263),#1261);
#1265=DIRECTION('',(-1.E0,0.E0,0.E0));
#1266=VECTOR('',#1265,3.E-1);
#1267=CARTESIAN_POINT('',(-3.85E0,-1.7E0,2.625E0));
#1268=LINE('',#1267,#1266);
#1269=CURVE_STYLE('',#15,POSITIVE_LENGTH_MEASURE(2.E-2),#8);
#1270=PRESENTATION_STYLE_ASSIGNMENT((#1269));
#1271=STYLED_ITEM('',(#1270),#1268);
#1272=CARTESIAN_POINT('',(4.E0,-1.7E0,1.E0));
#1273=DIRECTION('',(0.E0,-1.E0,0.E0));
#1274=DIRECTION('',(1.E0,0.E0,0.E0));
#1275=AXIS2_PLACEMENT_3D('',#1272,#1273,#1274);
#1277=CURVE_STYLE('',#15,POSITIVE_LENGTH_MEASURE(2.E-2),#8);
#1278=PRESENTATION_STYLE_ASSIGNMENT((#1277));
#1279=STYLED_ITEM('',(#1278),#1276);
#1280=CARTESIAN_POINT('',(4.E0,-1.52E0,1.E0));
#1281=DIRECTION('',(0.E0,-1.E0,0.E0));
#1282=DIRECTION('',(1.E0,0.E0,0.E0));
#1283=AXIS2_PLACEMENT_3D('',#1280,#1281,#1282);
#1285=CURVE_STYLE('',#15,POSITIVE_LENGTH_MEASURE(2.E-2),#8);
#1286=PRESENTATION_STYLE_ASSIGNMENT((#1285));
#1287=STYLED_ITEM('',(#1286),#1284);
#1288=CARTESIAN_POINT('',(4.E0,-1.7E0,1.E0));
#1289=DIRECTION('',(0.E0,-1.E0,0.E0));
#1290=DIRECTION('',(-1.E0,0.E0,0.E0));
#1291=AXIS2_PLACEMENT_3D('',#1288,#1289,#1290);
#1293=CURVE_STYLE('',#15,POSITIVE_LENGTH_MEASURE(2.E-2),#8);
#1294=PRESENTATION_STYLE_ASSIGNMENT((#1293));
#1295=STYLED_ITEM('',(#1294),#1292);
#1296=DIRECTION('',(7.071067811865E-1,7.071067811865E-1,0.E0));
#1297=VECTOR('',#1296,2.545584412272E-1);
#1298=CARTESIAN_POINT('',(3.565E0,-1.7E0,1.E0));
#1299=LINE('',#1298,#1297);
#1300=CURVE_STYLE('',#15,POSITIVE_LENGTH_MEASURE(2.E-2),#8);
#1301=PRESENTATION_STYLE_ASSIGNMENT((#1300));
#1302=STYLED_ITEM('',(#1301),#1299);
#1303=CARTESIAN_POINT('',(4.E0,-1.52E0,1.E0));
#1304=DIRECTION('',(0.E0,-1.E0,0.E0));
#1305=DIRECTION('',(-1.E0,0.E0,0.E0));
#1306=AXIS2_PLACEMENT_3D('',#1303,#1304,#1305);
#1308=CURVE_STYLE('',#15,POSITIVE_LENGTH_MEASURE(2.E-2),#8);
#1309=PRESENTATION_STYLE_ASSIGNMENT((#1308));
#1310=STYLED_ITEM('',(#1309),#1307);
#1311=DIRECTION('',(-7.071067811865E-1,7.071067811865E-1,0.E0));
#1312=VECTOR('',#1311,2.545584412272E-1);
#1313=CARTESIAN_POINT('',(4.435E0,-1.7E0,1.E0));
#1314=LINE('',#1313,#1312);
#1315=CURVE_STYLE('',#15,POSITIVE_LENGTH_MEASURE(2.E-2),#8);
#1316=PRESENTATION_STYLE_ASSIGNMENT((#1315));
#1317=STYLED_ITEM('',(#1316),#1314);
#1318=DIRECTION('',(0.E0,-1.E0,0.E0));
#1319=VECTOR('',#1318,1.52E0);
#1320=CARTESIAN_POINT('',(3.745E0,0.E0,1.E0));
#1321=LINE('',#1320,#1319);
#1322=CURVE_STYLE('',#15,POSITIVE_LENGTH_MEASURE(2.E-2),#8);
#1323=PRESENTATION_STYLE_ASSIGNMENT((#1322));
#1324=STYLED_ITEM('',(#1323),#1321);
#1325=CARTESIAN_POINT('',(4.E0,0.E0,1.E0));
#1326=DIRECTION('',(0.E0,-1.E0,0.E0));
#1327=DIRECTION('',(1.E0,0.E0,0.E0));
#1328=AXIS2_PLACEMENT_3D('',#1325,#1326,#1327);
#1330=CURVE_STYLE('',#15,POSITIVE_LENGTH_MEASURE(2.E-2),#8);
#1331=PRESENTATION_STYLE_ASSIGNMENT((#1330));
#1332=STYLED_ITEM('',(#1331),#1329);
#1333=CARTESIAN_POINT('',(4.E0,0.E0,1.E0));
#1334=DIRECTION('',(0.E0,-1.E0,0.E0));
#1335=DIRECTION('',(-1.E0,0.E0,0.E0));
#1336=AXIS2_PLACEMENT_3D('',#1333,#1334,#1335);
#1338=CURVE_STYLE('',#15,POSITIVE_LENGTH_MEASURE(2.E-2),#8);
#1339=PRESENTATION_STYLE_ASSIGNMENT((#1338));
#1340=STYLED_ITEM('',(#1339),#1337);
#1341=CARTESIAN_POINT('',(2.E0,0.E0,1.E0));
#1342=DIRECTION('',(0.E0,-1.E0,0.E0));
#1343=DIRECTION('',(1.E0,0.E0,0.E0));
#1344=AXIS2_PLACEMENT_3D('',#1341,#1342,#1343);
#1346=CURVE_STYLE('',#15,POSITIVE_LENGTH_MEASURE(2.E-2),#8);
#1347=PRESENTATION_STYLE_ASSIGNMENT((#1346));
#1348=STYLED_ITEM('',(#1347),#1345);
#1349=CARTESIAN_POINT('',(2.E0,0.E0,1.E0));
#1350=DIRECTION('',(0.E0,-1.E0,0.E0));
#1351=DIRECTION('',(-1.E0,0.E0,0.E0));
#1352=AXIS2_PLACEMENT_3D('',#1349,#1350,#1351);
#1354=CURVE_STYLE('',#15,POSITIVE_LENGTH_MEASURE(2.E-2),#8);
#1355=PRESENTATION_STYLE_ASSIGNMENT((#1354));
#1356=STYLED_ITEM('',(#1355),#1353);
#1357=CARTESIAN_POINT('',(0.E0,0.E0,1.E0));
#1358=DIRECTION('',(0.E0,-1.E0,0.E0));
#1359=DIRECTION('',(1.E0,0.E0,0.E0));
#1360=AXIS2_PLACEMENT_3D('',#1357,#1358,#1359);
#1362=CURVE_STYLE('',#15,POSITIVE_LENGTH_MEASURE(2.E-2),#8);
#1363=PRESENTATION_STYLE_ASSIGNMENT((#1362));
#1364=STYLED_ITEM('',(#1363),#1361);
#1365=CARTESIAN_POINT('',(0.E0,0.E0,1.E0));
#1366=DIRECTION('',(0.E0,-1.E0,0.E0));
#1367=DIRECTION('',(-1.E0,0.E0,0.E0));
#1368=AXIS2_PLACEMENT_3D('',#1365,#1366,#1367);
#1370=CURVE_STYLE('',#15,POSITIVE_LENGTH_MEASURE(2.E-2),#8);
#1371=PRESENTATION_STYLE_ASSIGNMENT((#1370));
#1372=STYLED_ITEM('',(#1371),#1369);
#1373=CARTESIAN_POINT('',(-2.E0,0.E0,1.E0));
#1374=DIRECTION('',(0.E0,-1.E0,0.E0));
#1375=DIRECTION('',(1.E0,0.E0,0.E0));
#1376=AXIS2_PLACEMENT_3D('',#1373,#1374,#1375);
#1378=CURVE_STYLE('',#15,POSITIVE_LENGTH_MEASURE(2.E-2),#8);
#1379=PRESENTATION_STYLE_ASSIGNMENT((#1378));
#1380=STYLED_ITEM('',(#1379),#1377);
#1381=CARTESIAN_POINT('',(-2.E0,0.E0,1.E0));
#1382=DIRECTION('',(0.E0,-1.E0,0.E0));
#1383=DIRECTION('',(-1.E0,0.E0,0.E0));
#1384=AXIS2_PLACEMENT_3D('',#1381,#1382,#1383);
#1386=CURVE_STYLE('',#15,POSITIVE_LENGTH_MEASURE(2.E-2),#8);
#1387=PRESENTATION_STYLE_ASSIGNMENT((#1386));
#1388=STYLED_ITEM('',(#1387),#1385);
#1389=CARTESIAN_POINT('',(-4.E0,0.E0,1.E0));
#1390=DIRECTION('',(0.E0,-1.E0,0.E0));
#1391=DIRECTION('',(1.E0,0.E0,0.E0));
#1392=AXIS2_PLACEMENT_3D('',#1389,#1390,#1391);
#1394=CURVE_STYLE('',#15,POSITIVE_LENGTH_MEASURE(2.E-2),#8);
#1395=PRESENTATION_STYLE_ASSIGNMENT((#1394));
#1396=STYLED_ITEM('',(#1395),#1393);
#1397=CARTESIAN_POINT('',(-4.E0,0.E0,1.E0));
#1398=DIRECTION('',(0.E0,-1.E0,0.E0));
#1399=DIRECTION('',(-1.E0,0.E0,0.E0));
#1400=AXIS2_PLACEMENT_3D('',#1397,#1398,#1399);
#1402=CURVE_STYLE('',#15,POSITIVE_LENGTH_MEASURE(2.E-2),#8);
#1403=PRESENTATION_STYLE_ASSIGNMENT((#1402));
#1404=STYLED_ITEM('',(#1403),#1401);
#1405=CARTESIAN_POINT('',(4.E0,0.E0,-1.E0));
#1406=DIRECTION('',(0.E0,-1.E0,0.E0));
#1407=DIRECTION('',(1.E0,0.E0,0.E0));
#1408=AXIS2_PLACEMENT_3D('',#1405,#1406,#1407);
#1410=CURVE_STYLE('',#15,POSITIVE_LENGTH_MEASURE(2.E-2),#8);
#1411=PRESENTATION_STYLE_ASSIGNMENT((#1410));
#1412=STYLED_ITEM('',(#1411),#1409);
#1413=CARTESIAN_POINT('',(4.E0,0.E0,-1.E0));
#1414=DIRECTION('',(0.E0,-1.E0,0.E0));
#1415=DIRECTION('',(-1.E0,0.E0,0.E0));
#1416=AXIS2_PLACEMENT_3D('',#1413,#1414,#1415);
#1418=CURVE_STYLE('',#15,POSITIVE_LENGTH_MEASURE(2.E-2),#8);
#1419=PRESENTATION_STYLE_ASSIGNMENT((#1418));
#1420=STYLED_ITEM('',(#1419),#1417);
#1421=CARTESIAN_POINT('',(2.E0,0.E0,-1.E0));
#1422=DIRECTION('',(0.E0,-1.E0,0.E0));
#1423=DIRECTION('',(1.E0,0.E0,0.E0));
#1424=AXIS2_PLACEMENT_3D('',#1421,#1422,#1423);
#1426=CURVE_STYLE('',#15,POSITIVE_LENGTH_MEASURE(2.E-2),#8);
#1427=PRESENTATION_STYLE_ASSIGNMENT((#1426));
#1428=STYLED_ITEM('',(#1427),#1425);
#1429=CARTESIAN_POINT('',(2.E0,0.E0,-1.E0));
#1430=DIRECTION('',(0.E0,-1.E0,0.E0));
#1431=DIRECTION('',(-1.E0,0.E0,0.E0));
#1432=AXIS2_PLACEMENT_3D('',#1429,#1430,#1431);
#1434=CURVE_STYLE('',#15,POSITIVE_LENGTH_MEASURE(2.E-2),#8);
#1435=PRESENTATION_STYLE_ASSIGNMENT((#1434));
#1436=STYLED_ITEM('',(#1435),#1433);
#1437=CARTESIAN_POINT('',(0.E0,0.E0,-1.E0));
#1438=DIRECTION('',(0.E0,-1.E0,0.E0));
#1439=DIRECTION('',(1.E0,0.E0,0.E0));
#1440=AXIS2_PLACEMENT_3D('',#1437,#1438,#1439);
#1442=CURVE_STYLE('',#15,POSITIVE_LENGTH_MEASURE(2.E-2),#8);
#1443=PRESENTATION_STYLE_ASSIGNMENT((#1442));
#1444=STYLED_ITEM('',(#1443),#1441);
#1445=CARTESIAN_POINT('',(0.E0,0.E0,-1.E0));
#1446=DIRECTION('',(0.E0,-1.E0,0.E0));
#1447=DIRECTION('',(-1.E0,0.E0,0.E0));
#1448=AXIS2_PLACEMENT_3D('',#1445,#1446,#1447);
#1450=CURVE_STYLE('',#15,POSITIVE_LENGTH_MEASURE(2.E-2),#8);
#1451=PRESENTATION_STYLE_ASSIGNMENT((#1450));
#1452=STYLED_ITEM('',(#1451),#1449);
#1453=CARTESIAN_POINT('',(-2.E0,0.E0,-1.E0));
#1454=DIRECTION('',(0.E0,-1.E0,0.E0));
#1455=DIRECTION('',(1.E0,0.E0,0.E0));
#1456=AXIS2_PLACEMENT_3D('',#1453,#1454,#1455);
#1458=CURVE_STYLE('',#15,POSITIVE_LENGTH_MEASURE(2.E-2),#8);
#1459=PRESENTATION_STYLE_ASSIGNMENT((#1458));
#1460=STYLED_ITEM('',(#1459),#1457);
#1461=CARTESIAN_POINT('',(-2.E0,0.E0,-1.E0));
#1462=DIRECTION('',(0.E0,-1.E0,0.E0));
#1463=DIRECTION('',(-1.E0,0.E0,0.E0));
#1464=AXIS2_PLACEMENT_3D('',#1461,#1462,#1463);
#1466=CURVE_STYLE('',#15,POSITIVE_LENGTH_MEASURE(2.E-2),#8);
#1467=PRESENTATION_STYLE_ASSIGNMENT((#1466));
#1468=STYLED_ITEM('',(#1467),#1465);
#1469=DIRECTION('',(0.E0,0.E0,-1.E0));
#1470=VECTOR('',#1469,6.25E-1);
#1471=CARTESIAN_POINT('',(-1.05E0,0.E0,2.775E0));
#1472=LINE('',#1471,#1470);
#1473=CURVE_STYLE('',#15,POSITIVE_LENGTH_MEASURE(2.E-2),#8);
#1474=PRESENTATION_STYLE_ASSIGNMENT((#1473));
#1475=STYLED_ITEM('',(#1474),#1472);
#1476=DIRECTION('',(-1.E0,0.E0,0.E0));
#1477=VECTOR('',#1476,4.25E0);
#1478=CARTESIAN_POINT('',(-1.05E0,0.E0,2.15E0));
#1479=LINE('',#1478,#1477);
#1480=CURVE_STYLE('',#15,POSITIVE_LENGTH_MEASURE(2.E-2),#8);
#1481=PRESENTATION_STYLE_ASSIGNMENT((#1480));
#1482=STYLED_ITEM('',(#1481),#1479);
#1483=DIRECTION('',(0.E0,0.E0,-1.E0));
#1484=VECTOR('',#1483,4.3E0);
#1485=CARTESIAN_POINT('',(-5.3E0,0.E0,2.15E0));
#1486=LINE('',#1485,#1484);
#1487=CURVE_STYLE('',#15,POSITIVE_LENGTH_MEASURE(2.E-2),#8);
#1488=PRESENTATION_STYLE_ASSIGNMENT((#1487));
#1489=STYLED_ITEM('',(#1488),#1486);
#1490=DIRECTION('',(1.E0,0.E0,0.E0));
#1491=VECTOR('',#1490,1.06E1);
#1492=CARTESIAN_POINT('',(-5.3E0,0.E0,-2.15E0));
#1493=LINE('',#1492,#1491);
#1494=CURVE_STYLE('',#15,POSITIVE_LENGTH_MEASURE(2.E-2),#8);
#1495=PRESENTATION_STYLE_ASSIGNMENT((#1494));
#1496=STYLED_ITEM('',(#1495),#1493);
#1497=DIRECTION('',(0.E0,0.E0,1.E0));
#1498=VECTOR('',#1497,4.3E0);
#1499=CARTESIAN_POINT('',(5.3E0,0.E0,-2.15E0));
#1500=LINE('',#1499,#1498);
#1501=CURVE_STYLE('',#15,POSITIVE_LENGTH_MEASURE(2.E-2),#8);
#1502=PRESENTATION_STYLE_ASSIGNMENT((#1501));
#1503=STYLED_ITEM('',(#1502),#1500);
#1504=DIRECTION('',(-1.E0,0.E0,0.E0));
#1505=VECTOR('',#1504,4.25E0);
#1506=CARTESIAN_POINT('',(5.3E0,0.E0,2.15E0));
#1507=LINE('',#1506,#1505);
#1508=CURVE_STYLE('',#15,POSITIVE_LENGTH_MEASURE(2.E-2),#8);
#1509=PRESENTATION_STYLE_ASSIGNMENT((#1508));
#1510=STYLED_ITEM('',(#1509),#1507);
#1511=DIRECTION('',(0.E0,0.E0,1.E0));
#1512=VECTOR('',#1511,6.25E-1);
#1513=CARTESIAN_POINT('',(1.05E0,0.E0,2.15E0));
#1514=LINE('',#1513,#1512);
#1515=CURVE_STYLE('',#15,POSITIVE_LENGTH_MEASURE(2.E-2),#8);
#1516=PRESENTATION_STYLE_ASSIGNMENT((#1515));
#1517=STYLED_ITEM('',(#1516),#1514);
#1518=CARTESIAN_POINT('',(-4.E0,0.E0,-1.E0));
#1519=DIRECTION('',(0.E0,-1.E0,0.E0));
#1520=DIRECTION('',(1.E0,0.E0,0.E0));
#1521=AXIS2_PLACEMENT_3D('',#1518,#1519,#1520);
#1523=CURVE_STYLE('',#15,POSITIVE_LENGTH_MEASURE(2.E-2),#8);
#1524=PRESENTATION_STYLE_ASSIGNMENT((#1523));
#1525=STYLED_ITEM('',(#1524),#1522);
#1526=CARTESIAN_POINT('',(-4.E0,0.E0,-1.E0));
#1527=DIRECTION('',(0.E0,-1.E0,0.E0));
#1528=DIRECTION('',(-1.E0,0.E0,0.E0));
#1529=AXIS2_PLACEMENT_3D('',#1526,#1527,#1528);
#1531=CURVE_STYLE('',#15,POSITIVE_LENGTH_MEASURE(2.E-2),#8);
#1532=PRESENTATION_STYLE_ASSIGNMENT((#1531));
#1533=STYLED_ITEM('',(#1532),#1530);
#1534=DIRECTION('',(0.E0,-1.E0,0.E0));
#1535=VECTOR('',#1534,1.52E0);
#1536=CARTESIAN_POINT('',(4.255E0,0.E0,1.E0));
#1537=LINE('',#1536,#1535);
#1538=CURVE_STYLE('',#15,POSITIVE_LENGTH_MEASURE(2.E-2),#8);
#1539=PRESENTATION_STYLE_ASSIGNMENT((#1538));
#1540=STYLED_ITEM('',(#1539),#1537);
#1541=DIRECTION('',(0.E0,-1.E0,0.E0));
#1542=VECTOR('',#1541,1.52E0);
#1543=CARTESIAN_POINT('',(2.255E0,0.E0,1.E0));
#1544=LINE('',#1543,#1542);
#1545=CURVE_STYLE('',#15,POSITIVE_LENGTH_MEASURE(2.E-2),#8);
#1546=PRESENTATION_STYLE_ASSIGNMENT((#1545));
#1547=STYLED_ITEM('',(#1546),#1544);
#1548=DIRECTION('',(0.E0,-1.E0,0.E0));
#1549=VECTOR('',#1548,1.52E0);
#1550=CARTESIAN_POINT('',(1.745E0,0.E0,1.E0));
#1551=LINE('',#1550,#1549);
#1552=CURVE_STYLE('',#15,POSITIVE_LENGTH_MEASURE(2.E-2),#8);
#1553=PRESENTATION_STYLE_ASSIGNMENT((#1552));
#1554=STYLED_ITEM('',(#1553),#1551);
#1555=CARTESIAN_POINT('',(2.E0,-1.7E0,1.E0));
#1556=DIRECTION('',(0.E0,-1.E0,0.E0));
#1557=DIRECTION('',(-1.E0,0.E0,0.E0));
#1558=AXIS2_PLACEMENT_3D('',#1555,#1556,#1557);
#1560=CURVE_STYLE('',#15,POSITIVE_LENGTH_MEASURE(2.E-2),#8);
#1561=PRESENTATION_STYLE_ASSIGNMENT((#1560));
#1562=STYLED_ITEM('',(#1561),#1559);
#1563=DIRECTION('',(7.071067811865E-1,7.071067811865E-1,0.E0));
#1564=VECTOR('',#1563,2.545584412272E-1);
#1565=CARTESIAN_POINT('',(1.565E0,-1.7E0,1.E0));
#1566=LINE('',#1565,#1564);
#1567=CURVE_STYLE('',#15,POSITIVE_LENGTH_MEASURE(2.E-2),#8);
#1568=PRESENTATION_STYLE_ASSIGNMENT((#1567));
#1569=STYLED_ITEM('',(#1568),#1566);
#1570=CARTESIAN_POINT('',(2.E0,-1.52E0,1.E0));
#1571=DIRECTION('',(0.E0,-1.E0,0.E0));
#1572=DIRECTION('',(-1.E0,0.E0,0.E0));
#1573=AXIS2_PLACEMENT_3D('',#1570,#1571,#1572);
#1575=CURVE_STYLE('',#15,POSITIVE_LENGTH_MEASURE(2.E-2),#8);
#1576=PRESENTATION_STYLE_ASSIGNMENT((#1575));
#1577=STYLED_ITEM('',(#1576),#1574);
#1578=DIRECTION('',(-7.071067811865E-1,7.071067811865E-1,0.E0));
#1579=VECTOR('',#1578,2.545584412272E-1);
#1580=CARTESIAN_POINT('',(2.435E0,-1.7E0,1.E0));
#1581=LINE('',#1580,#1579);
#1582=CURVE_STYLE('',#15,POSITIVE_LENGTH_MEASURE(2.E-2),#8);
#1583=PRESENTATION_STYLE_ASSIGNMENT((#1582));
#1584=STYLED_ITEM('',(#1583),#1581);
#1585=CARTESIAN_POINT('',(2.E0,-1.7E0,1.E0));
#1586=DIRECTION('',(0.E0,-1.E0,0.E0));
#1587=DIRECTION('',(1.E0,0.E0,0.E0));
#1588=AXIS2_PLACEMENT_3D('',#1585,#1586,#1587);
#1590=CURVE_STYLE('',#15,POSITIVE_LENGTH_MEASURE(2.E-2),#8);
#1591=PRESENTATION_STYLE_ASSIGNMENT((#1590));
#1592=STYLED_ITEM('',(#1591),#1589);
#1593=CARTESIAN_POINT('',(2.E0,-1.52E0,1.E0));
#1594=DIRECTION('',(0.E0,-1.E0,0.E0));
#1595=DIRECTION('',(1.E0,0.E0,0.E0));
#1596=AXIS2_PLACEMENT_3D('',#1593,#1594,#1595);
#1598=CURVE_STYLE('',#15,POSITIVE_LENGTH_MEASURE(2.E-2),#8);
#1599=PRESENTATION_STYLE_ASSIGNMENT((#1598));
#1600=STYLED_ITEM('',(#1599),#1597);
#1601=DIRECTION('',(0.E0,-1.E0,0.E0));
#1602=VECTOR('',#1601,1.52E0);
#1603=CARTESIAN_POINT('',(2.55E-1,0.E0,1.E0));
#1604=LINE('',#1603,#1602);
#1605=CURVE_STYLE('',#15,POSITIVE_LENGTH_MEASURE(2.E-2),#8);
#1606=PRESENTATION_STYLE_ASSIGNMENT((#1605));
#1607=STYLED_ITEM('',(#1606),#1604);
#1608=DIRECTION('',(0.E0,-1.E0,0.E0));
#1609=VECTOR('',#1608,1.52E0);
#1610=CARTESIAN_POINT('',(-2.55E-1,0.E0,1.E0));
#1611=LINE('',#1610,#1609);
#1612=CURVE_STYLE('',#15,POSITIVE_LENGTH_MEASURE(2.E-2),#8);
#1613=PRESENTATION_STYLE_ASSIGNMENT((#1612));
#1614=STYLED_ITEM('',(#1613),#1611);
#1615=CARTESIAN_POINT('',(0.E0,-1.7E0,1.E0));
#1616=DIRECTION('',(0.E0,-1.E0,0.E0));
#1617=DIRECTION('',(-1.E0,0.E0,0.E0));
#1618=AXIS2_PLACEMENT_3D('',#1615,#1616,#1617);
#1620=CURVE_STYLE('',#15,POSITIVE_LENGTH_MEASURE(2.E-2),#8);
#1621=PRESENTATION_STYLE_ASSIGNMENT((#1620));
#1622=STYLED_ITEM('',(#1621),#1619);
#1623=DIRECTION('',(7.071067811865E-1,7.071067811865E-1,0.E0));
#1624=VECTOR('',#1623,2.545584412272E-1);
#1625=CARTESIAN_POINT('',(-4.35E-1,-1.7E0,1.E0));
#1626=LINE('',#1625,#1624);
#1627=CURVE_STYLE('',#15,POSITIVE_LENGTH_MEASURE(2.E-2),#8);
#1628=PRESENTATION_STYLE_ASSIGNMENT((#1627));
#1629=STYLED_ITEM('',(#1628),#1626);
#1630=CARTESIAN_POINT('',(0.E0,-1.52E0,1.E0));
#1631=DIRECTION('',(0.E0,-1.E0,0.E0));
#1632=DIRECTION('',(-1.E0,0.E0,0.E0));
#1633=AXIS2_PLACEMENT_3D('',#1630,#1631,#1632);
#1635=CURVE_STYLE('',#15,POSITIVE_LENGTH_MEASURE(2.E-2),#8);
#1636=PRESENTATION_STYLE_ASSIGNMENT((#1635));
#1637=STYLED_ITEM('',(#1636),#1634);
#1638=DIRECTION('',(-7.071067811865E-1,7.071067811865E-1,0.E0));
#1639=VECTOR('',#1638,2.545584412272E-1);
#1640=CARTESIAN_POINT('',(4.35E-1,-1.7E0,1.E0));
#1641=LINE('',#1640,#1639);
#1642=CURVE_STYLE('',#15,POSITIVE_LENGTH_MEASURE(2.E-2),#8);
#1643=PRESENTATION_STYLE_ASSIGNMENT((#1642));
#1644=STYLED_ITEM('',(#1643),#1641);
#1645=CARTESIAN_POINT('',(0.E0,-1.7E0,1.E0));
#1646=DIRECTION('',(0.E0,-1.E0,0.E0));
#1647=DIRECTION('',(1.E0,0.E0,0.E0));
#1648=AXIS2_PLACEMENT_3D('',#1645,#1646,#1647);
#1650=CURVE_STYLE('',#15,POSITIVE_LENGTH_MEASURE(2.E-2),#8);
#1651=PRESENTATION_STYLE_ASSIGNMENT((#1650));
#1652=STYLED_ITEM('',(#1651),#1649);
#1653=CARTESIAN_POINT('',(0.E0,-1.52E0,1.E0));
#1654=DIRECTION('',(0.E0,-1.E0,0.E0));
#1655=DIRECTION('',(1.E0,0.E0,0.E0));
#1656=AXIS2_PLACEMENT_3D('',#1653,#1654,#1655);
#1658=CURVE_STYLE('',#15,POSITIVE_LENGTH_MEASURE(2.E-2),#8);
#1659=PRESENTATION_STYLE_ASSIGNMENT((#1658));
#1660=STYLED_ITEM('',(#1659),#1657);
#1661=DIRECTION('',(0.E0,-1.E0,0.E0));
#1662=VECTOR('',#1661,1.52E0);
#1663=CARTESIAN_POINT('',(-1.745E0,0.E0,1.E0));
#1664=LINE('',#1663,#1662);
#1665=CURVE_STYLE('',#15,POSITIVE_LENGTH_MEASURE(2.E-2),#8);
#1666=PRESENTATION_STYLE_ASSIGNMENT((#1665));
#1667=STYLED_ITEM('',(#1666),#1664);
#1668=DIRECTION('',(0.E0,-1.E0,0.E0));
#1669=VECTOR('',#1668,1.52E0);
#1670=CARTESIAN_POINT('',(-2.255E0,0.E0,1.E0));
#1671=LINE('',#1670,#1669);
#1672=CURVE_STYLE('',#15,POSITIVE_LENGTH_MEASURE(2.E-2),#8);
#1673=PRESENTATION_STYLE_ASSIGNMENT((#1672));
#1674=STYLED_ITEM('',(#1673),#1671);
#1675=CARTESIAN_POINT('',(-2.E0,-1.7E0,1.E0));
#1676=DIRECTION('',(0.E0,-1.E0,0.E0));
#1677=DIRECTION('',(-1.E0,0.E0,0.E0));
#1678=AXIS2_PLACEMENT_3D('',#1675,#1676,#1677);
#1680=CURVE_STYLE('',#15,POSITIVE_LENGTH_MEASURE(2.E-2),#8);
#1681=PRESENTATION_STYLE_ASSIGNMENT((#1680));
#1682=STYLED_ITEM('',(#1681),#1679);
#1683=DIRECTION('',(7.071067811865E-1,7.071067811865E-1,0.E0));
#1684=VECTOR('',#1683,2.545584412272E-1);
#1685=CARTESIAN_POINT('',(-2.435E0,-1.7E0,1.E0));
#1686=LINE('',#1685,#1684);
#1687=CURVE_STYLE('',#15,POSITIVE_LENGTH_MEASURE(2.E-2),#8);
#1688=PRESENTATION_STYLE_ASSIGNMENT((#1687));
#1689=STYLED_ITEM('',(#1688),#1686);
#1690=CARTESIAN_POINT('',(-2.E0,-1.52E0,1.E0));
#1691=DIRECTION('',(0.E0,-1.E0,0.E0));
#1692=DIRECTION('',(-1.E0,0.E0,0.E0));
#1693=AXIS2_PLACEMENT_3D('',#1690,#1691,#1692);
#1695=CURVE_STYLE('',#15,POSITIVE_LENGTH_MEASURE(2.E-2),#8);
#1696=PRESENTATION_STYLE_ASSIGNMENT((#1695));
#1697=STYLED_ITEM('',(#1696),#1694);
#1698=DIRECTION('',(-7.071067811865E-1,7.071067811865E-1,0.E0));
#1699=VECTOR('',#1698,2.545584412272E-1);
#1700=CARTESIAN_POINT('',(-1.565E0,-1.7E0,1.E0));
#1701=LINE('',#1700,#1699);
#1702=CURVE_STYLE('',#15,POSITIVE_LENGTH_MEASURE(2.E-2),#8);
#1703=PRESENTATION_STYLE_ASSIGNMENT((#1702));
#1704=STYLED_ITEM('',(#1703),#1701);
#1705=CARTESIAN_POINT('',(-2.E0,-1.7E0,1.E0));
#1706=DIRECTION('',(0.E0,-1.E0,0.E0));
#1707=DIRECTION('',(1.E0,0.E0,0.E0));
#1708=AXIS2_PLACEMENT_3D('',#1705,#1706,#1707);
#1710=CURVE_STYLE('',#15,POSITIVE_LENGTH_MEASURE(2.E-2),#8);
#1711=PRESENTATION_STYLE_ASSIGNMENT((#1710));
#1712=STYLED_ITEM('',(#1711),#1709);
#1713=CARTESIAN_POINT('',(-2.E0,-1.52E0,1.E0));
#1714=DIRECTION('',(0.E0,-1.E0,0.E0));
#1715=DIRECTION('',(1.E0,0.E0,0.E0));
#1716=AXIS2_PLACEMENT_3D('',#1713,#1714,#1715);
#1718=CURVE_STYLE('',#15,POSITIVE_LENGTH_MEASURE(2.E-2),#8);
#1719=PRESENTATION_STYLE_ASSIGNMENT((#1718));
#1720=STYLED_ITEM('',(#1719),#1717);
#1721=DIRECTION('',(0.E0,-1.E0,0.E0));
#1722=VECTOR('',#1721,1.52E0);
#1723=CARTESIAN_POINT('',(-3.745E0,0.E0,1.E0));
#1724=LINE('',#1723,#1722);
#1725=CURVE_STYLE('',#15,POSITIVE_LENGTH_MEASURE(2.E-2),#8);
#1726=PRESENTATION_STYLE_ASSIGNMENT((#1725));
#1727=STYLED_ITEM('',(#1726),#1724);
#1728=DIRECTION('',(0.E0,-1.E0,0.E0));
#1729=VECTOR('',#1728,1.52E0);
#1730=CARTESIAN_POINT('',(-4.255E0,0.E0,1.E0));
#1731=LINE('',#1730,#1729);
#1732=CURVE_STYLE('',#15,POSITIVE_LENGTH_MEASURE(2.E-2),#8);
#1733=PRESENTATION_STYLE_ASSIGNMENT((#1732));
#1734=STYLED_ITEM('',(#1733),#1731);
#1735=CARTESIAN_POINT('',(-4.E0,-1.7E0,1.E0));
#1736=DIRECTION('',(0.E0,-1.E0,0.E0));
#1737=DIRECTION('',(-1.E0,0.E0,0.E0));
#1738=AXIS2_PLACEMENT_3D('',#1735,#1736,#1737);
#1740=CURVE_STYLE('',#15,POSITIVE_LENGTH_MEASURE(2.E-2),#8);
#1741=PRESENTATION_STYLE_ASSIGNMENT((#1740));
#1742=STYLED_ITEM('',(#1741),#1739);
#1743=DIRECTION('',(7.071067811865E-1,7.071067811865E-1,0.E0));
#1744=VECTOR('',#1743,2.545584412272E-1);
#1745=CARTESIAN_POINT('',(-4.435E0,-1.7E0,1.E0));
#1746=LINE('',#1745,#1744);
#1747=CURVE_STYLE('',#15,POSITIVE_LENGTH_MEASURE(2.E-2),#8);
#1748=PRESENTATION_STYLE_ASSIGNMENT((#1747));
#1749=STYLED_ITEM('',(#1748),#1746);
#1750=CARTESIAN_POINT('',(-4.E0,-1.52E0,1.E0));
#1751=DIRECTION('',(0.E0,-1.E0,0.E0));
#1752=DIRECTION('',(-1.E0,0.E0,0.E0));
#1753=AXIS2_PLACEMENT_3D('',#1750,#1751,#1752);
#1755=CURVE_STYLE('',#15,POSITIVE_LENGTH_MEASURE(2.E-2),#8);
#1756=PRESENTATION_STYLE_ASSIGNMENT((#1755));
#1757=STYLED_ITEM('',(#1756),#1754);
#1758=DIRECTION('',(-7.071067811866E-1,7.071067811865E-1,0.E0));
#1759=VECTOR('',#1758,2.545584412272E-1);
#1760=CARTESIAN_POINT('',(-3.565E0,-1.7E0,1.E0));
#1761=LINE('',#1760,#1759);
#1762=CURVE_STYLE('',#15,POSITIVE_LENGTH_MEASURE(2.E-2),#8);
#1763=PRESENTATION_STYLE_ASSIGNMENT((#1762));
#1764=STYLED_ITEM('',(#1763),#1761);
#1765=CARTESIAN_POINT('',(-4.E0,-1.7E0,1.E0));
#1766=DIRECTION('',(0.E0,-1.E0,0.E0));
#1767=DIRECTION('',(1.E0,0.E0,0.E0));
#1768=AXIS2_PLACEMENT_3D('',#1765,#1766,#1767);
#1770=CURVE_STYLE('',#15,POSITIVE_LENGTH_MEASURE(2.E-2),#8);
#1771=PRESENTATION_STYLE_ASSIGNMENT((#1770));
#1772=STYLED_ITEM('',(#1771),#1769);
#1773=CARTESIAN_POINT('',(-4.E0,-1.52E0,1.E0));
#1774=DIRECTION('',(0.E0,-1.E0,0.E0));
#1775=DIRECTION('',(1.E0,0.E0,0.E0));
#1776=AXIS2_PLACEMENT_3D('',#1773,#1774,#1775);
#1778=CURVE_STYLE('',#15,POSITIVE_LENGTH_MEASURE(2.E-2),#8);
#1779=PRESENTATION_STYLE_ASSIGNMENT((#1778));
#1780=STYLED_ITEM('',(#1779),#1777);
#1781=DIRECTION('',(0.E0,-1.E0,0.E0));
#1782=VECTOR('',#1781,1.52E0);
#1783=CARTESIAN_POINT('',(4.255E0,0.E0,-1.E0));
#1784=LINE('',#1783,#1782);
#1785=CURVE_STYLE('',#15,POSITIVE_LENGTH_MEASURE(2.E-2),#8);
#1786=PRESENTATION_STYLE_ASSIGNMENT((#1785));
#1787=STYLED_ITEM('',(#1786),#1784);
#1788=DIRECTION('',(0.E0,-1.E0,0.E0));
#1789=VECTOR('',#1788,1.52E0);
#1790=CARTESIAN_POINT('',(3.745E0,0.E0,-1.E0));
#1791=LINE('',#1790,#1789);
#1792=CURVE_STYLE('',#15,POSITIVE_LENGTH_MEASURE(2.E-2),#8);
#1793=PRESENTATION_STYLE_ASSIGNMENT((#1792));
#1794=STYLED_ITEM('',(#1793),#1791);
#1795=CARTESIAN_POINT('',(4.E0,-1.7E0,-1.E0));
#1796=DIRECTION('',(0.E0,-1.E0,0.E0));
#1797=DIRECTION('',(-1.E0,0.E0,0.E0));
#1798=AXIS2_PLACEMENT_3D('',#1795,#1796,#1797);
#1800=CURVE_STYLE('',#15,POSITIVE_LENGTH_MEASURE(2.E-2),#8);
#1801=PRESENTATION_STYLE_ASSIGNMENT((#1800));
#1802=STYLED_ITEM('',(#1801),#1799);
#1803=DIRECTION('',(7.071067811865E-1,7.071067811865E-1,0.E0));
#1804=VECTOR('',#1803,2.545584412272E-1);
#1805=CARTESIAN_POINT('',(3.565E0,-1.7E0,-1.E0));
#1806=LINE('',#1805,#1804);
#1807=CURVE_STYLE('',#15,POSITIVE_LENGTH_MEASURE(2.E-2),#8);
#1808=PRESENTATION_STYLE_ASSIGNMENT((#1807));
#1809=STYLED_ITEM('',(#1808),#1806);
#1810=CARTESIAN_POINT('',(4.E0,-1.52E0,-1.E0));
#1811=DIRECTION('',(0.E0,-1.E0,0.E0));
#1812=DIRECTION('',(-1.E0,0.E0,0.E0));
#1813=AXIS2_PLACEMENT_3D('',#1810,#1811,#1812);
#1815=CURVE_STYLE('',#15,POSITIVE_LENGTH_MEASURE(2.E-2),#8);
#1816=PRESENTATION_STYLE_ASSIGNMENT((#1815));
#1817=STYLED_ITEM('',(#1816),#1814);
#1818=DIRECTION('',(-7.071067811865E-1,7.071067811865E-1,0.E0));
#1819=VECTOR('',#1818,2.545584412272E-1);
#1820=CARTESIAN_POINT('',(4.435E0,-1.7E0,-1.E0));
#1821=LINE('',#1820,#1819);
#1822=CURVE_STYLE('',#15,POSITIVE_LENGTH_MEASURE(2.E-2),#8);
#1823=PRESENTATION_STYLE_ASSIGNMENT((#1822));
#1824=STYLED_ITEM('',(#1823),#1821);
#1825=CARTESIAN_POINT('',(4.E0,-1.7E0,-1.E0));
#1826=DIRECTION('',(0.E0,-1.E0,0.E0));
#1827=DIRECTION('',(1.E0,0.E0,0.E0));
#1828=AXIS2_PLACEMENT_3D('',#1825,#1826,#1827);
#1830=CURVE_STYLE('',#15,POSITIVE_LENGTH_MEASURE(2.E-2),#8);
#1831=PRESENTATION_STYLE_ASSIGNMENT((#1830));
#1832=STYLED_ITEM('',(#1831),#1829);
#1833=CARTESIAN_POINT('',(4.E0,-1.52E0,-1.E0));
#1834=DIRECTION('',(0.E0,-1.E0,0.E0));
#1835=DIRECTION('',(1.E0,0.E0,0.E0));
#1836=AXIS2_PLACEMENT_3D('',#1833,#1834,#1835);
#1838=CURVE_STYLE('',#15,POSITIVE_LENGTH_MEASURE(2.E-2),#8);
#1839=PRESENTATION_STYLE_ASSIGNMENT((#1838));
#1840=STYLED_ITEM('',(#1839),#1837);
#1841=DIRECTION('',(0.E0,-1.E0,0.E0));
#1842=VECTOR('',#1841,1.52E0);
#1843=CARTESIAN_POINT('',(2.255E0,0.E0,-1.E0));
#1844=LINE('',#1843,#1842);
#1845=CURVE_STYLE('',#15,POSITIVE_LENGTH_MEASURE(2.E-2),#8);
#1846=PRESENTATION_STYLE_ASSIGNMENT((#1845));
#1847=STYLED_ITEM('',(#1846),#1844);
#1848=DIRECTION('',(0.E0,-1.E0,0.E0));
#1849=VECTOR('',#1848,1.52E0);
#1850=CARTESIAN_POINT('',(1.745E0,0.E0,-1.E0));
#1851=LINE('',#1850,#1849);
#1852=CURVE_STYLE('',#15,POSITIVE_LENGTH_MEASURE(2.E-2),#8);
#1853=PRESENTATION_STYLE_ASSIGNMENT((#1852));
#1854=STYLED_ITEM('',(#1853),#1851);
#1855=CARTESIAN_POINT('',(2.E0,-1.7E0,-1.E0));
#1856=DIRECTION('',(0.E0,-1.E0,0.E0));
#1857=DIRECTION('',(-1.E0,0.E0,0.E0));
#1858=AXIS2_PLACEMENT_3D('',#1855,#1856,#1857);
#1860=CURVE_STYLE('',#15,POSITIVE_LENGTH_MEASURE(2.E-2),#8);
#1861=PRESENTATION_STYLE_ASSIGNMENT((#1860));
#1862=STYLED_ITEM('',(#1861),#1859);
#1863=DIRECTION('',(7.071067811865E-1,7.071067811865E-1,0.E0));
#1864=VECTOR('',#1863,2.545584412272E-1);
#1865=CARTESIAN_POINT('',(1.565E0,-1.7E0,-1.E0));
#1866=LINE('',#1865,#1864);
#1867=CURVE_STYLE('',#15,POSITIVE_LENGTH_MEASURE(2.E-2),#8);
#1868=PRESENTATION_STYLE_ASSIGNMENT((#1867));
#1869=STYLED_ITEM('',(#1868),#1866);
#1870=CARTESIAN_POINT('',(2.E0,-1.52E0,-1.E0));
#1871=DIRECTION('',(0.E0,-1.E0,0.E0));
#1872=DIRECTION('',(-1.E0,0.E0,0.E0));
#1873=AXIS2_PLACEMENT_3D('',#1870,#1871,#1872);
#1875=CURVE_STYLE('',#15,POSITIVE_LENGTH_MEASURE(2.E-2),#8);
#1876=PRESENTATION_STYLE_ASSIGNMENT((#1875));
#1877=STYLED_ITEM('',(#1876),#1874);
#1878=DIRECTION('',(-7.071067811865E-1,7.071067811865E-1,0.E0));
#1879=VECTOR('',#1878,2.545584412272E-1);
#1880=CARTESIAN_POINT('',(2.435E0,-1.7E0,-1.E0));
#1881=LINE('',#1880,#1879);
#1882=CURVE_STYLE('',#15,POSITIVE_LENGTH_MEASURE(2.E-2),#8);
#1883=PRESENTATION_STYLE_ASSIGNMENT((#1882));
#1884=STYLED_ITEM('',(#1883),#1881);
#1885=CARTESIAN_POINT('',(2.E0,-1.7E0,-1.E0));
#1886=DIRECTION('',(0.E0,-1.E0,0.E0));
#1887=DIRECTION('',(1.E0,0.E0,0.E0));
#1888=AXIS2_PLACEMENT_3D('',#1885,#1886,#1887);
#1890=CURVE_STYLE('',#15,POSITIVE_LENGTH_MEASURE(2.E-2),#8);
#1891=PRESENTATION_STYLE_ASSIGNMENT((#1890));
#1892=STYLED_ITEM('',(#1891),#1889);
#1893=CARTESIAN_POINT('',(2.E0,-1.52E0,-1.E0));
#1894=DIRECTION('',(0.E0,-1.E0,0.E0));
#1895=DIRECTION('',(1.E0,0.E0,0.E0));
#1896=AXIS2_PLACEMENT_3D('',#1893,#1894,#1895);
#1898=CURVE_STYLE('',#15,POSITIVE_LENGTH_MEASURE(2.E-2),#8);
#1899=PRESENTATION_STYLE_ASSIGNMENT((#1898));
#1900=STYLED_ITEM('',(#1899),#1897);
#1901=DIRECTION('',(0.E0,-1.E0,0.E0));
#1902=VECTOR('',#1901,1.52E0);
#1903=CARTESIAN_POINT('',(2.55E-1,0.E0,-1.E0));
#1904=LINE('',#1903,#1902);
#1905=CURVE_STYLE('',#15,POSITIVE_LENGTH_MEASURE(2.E-2),#8);
#1906=PRESENTATION_STYLE_ASSIGNMENT((#1905));
#1907=STYLED_ITEM('',(#1906),#1904);
#1908=DIRECTION('',(0.E0,-1.E0,0.E0));
#1909=VECTOR('',#1908,1.52E0);
#1910=CARTESIAN_POINT('',(-2.55E-1,0.E0,-1.E0));
#1911=LINE('',#1910,#1909);
#1912=CURVE_STYLE('',#15,POSITIVE_LENGTH_MEASURE(2.E-2),#8);
#1913=PRESENTATION_STYLE_ASSIGNMENT((#1912));
#1914=STYLED_ITEM('',(#1913),#1911);
#1915=CARTESIAN_POINT('',(0.E0,-1.7E0,-1.E0));
#1916=DIRECTION('',(0.E0,-1.E0,0.E0));
#1917=DIRECTION('',(-1.E0,0.E0,0.E0));
#1918=AXIS2_PLACEMENT_3D('',#1915,#1916,#1917);
#1920=CURVE_STYLE('',#15,POSITIVE_LENGTH_MEASURE(2.E-2),#8);
#1921=PRESENTATION_STYLE_ASSIGNMENT((#1920));
#1922=STYLED_ITEM('',(#1921),#1919);
#1923=DIRECTION('',(7.071067811865E-1,7.071067811865E-1,0.E0));
#1924=VECTOR('',#1923,2.545584412272E-1);
#1925=CARTESIAN_POINT('',(-4.35E-1,-1.7E0,-1.E0));
#1926=LINE('',#1925,#1924);
#1927=CURVE_STYLE('',#15,POSITIVE_LENGTH_MEASURE(2.E-2),#8);
#1928=PRESENTATION_STYLE_ASSIGNMENT((#1927));
#1929=STYLED_ITEM('',(#1928),#1926);
#1930=CARTESIAN_POINT('',(0.E0,-1.52E0,-1.E0));
#1931=DIRECTION('',(0.E0,-1.E0,0.E0));
#1932=DIRECTION('',(-1.E0,0.E0,0.E0));
#1933=AXIS2_PLACEMENT_3D('',#1930,#1931,#1932);
#1935=CURVE_STYLE('',#15,POSITIVE_LENGTH_MEASURE(2.E-2),#8);
#1936=PRESENTATION_STYLE_ASSIGNMENT((#1935));
#1937=STYLED_ITEM('',(#1936),#1934);
#1938=DIRECTION('',(-7.071067811865E-1,7.071067811865E-1,0.E0));
#1939=VECTOR('',#1938,2.545584412272E-1);
#1940=CARTESIAN_POINT('',(4.35E-1,-1.7E0,-1.E0));
#1941=LINE('',#1940,#1939);
#1942=CURVE_STYLE('',#15,POSITIVE_LENGTH_MEASURE(2.E-2),#8);
#1943=PRESENTATION_STYLE_ASSIGNMENT((#1942));
#1944=STYLED_ITEM('',(#1943),#1941);
#1945=CARTESIAN_POINT('',(0.E0,-1.7E0,-1.E0));
#1946=DIRECTION('',(0.E0,-1.E0,0.E0));
#1947=DIRECTION('',(1.E0,0.E0,0.E0));
#1948=AXIS2_PLACEMENT_3D('',#1945,#1946,#1947);
#1950=CURVE_STYLE('',#15,POSITIVE_LENGTH_MEASURE(2.E-2),#8);
#1951=PRESENTATION_STYLE_ASSIGNMENT((#1950));
#1952=STYLED_ITEM('',(#1951),#1949);
#1953=CARTESIAN_POINT('',(0.E0,-1.52E0,-1.E0));
#1954=DIRECTION('',(0.E0,-1.E0,0.E0));
#1955=DIRECTION('',(1.E0,0.E0,0.E0));
#1956=AXIS2_PLACEMENT_3D('',#1953,#1954,#1955);
#1958=CURVE_STYLE('',#15,POSITIVE_LENGTH_MEASURE(2.E-2),#8);
#1959=PRESENTATION_STYLE_ASSIGNMENT((#1958));
#1960=STYLED_ITEM('',(#1959),#1957);
#1961=DIRECTION('',(0.E0,-1.E0,0.E0));
#1962=VECTOR('',#1961,1.52E0);
#1963=CARTESIAN_POINT('',(-1.745E0,0.E0,-1.E0));
#1964=LINE('',#1963,#1962);
#1965=CURVE_STYLE('',#15,POSITIVE_LENGTH_MEASURE(2.E-2),#8);
#1966=PRESENTATION_STYLE_ASSIGNMENT((#1965));
#1967=STYLED_ITEM('',(#1966),#1964);
#1968=DIRECTION('',(0.E0,-1.E0,0.E0));
#1969=VECTOR('',#1968,1.52E0);
#1970=CARTESIAN_POINT('',(-2.255E0,0.E0,-1.E0));
#1971=LINE('',#1970,#1969);
#1972=CURVE_STYLE('',#15,POSITIVE_LENGTH_MEASURE(2.E-2),#8);
#1973=PRESENTATION_STYLE_ASSIGNMENT((#1972));
#1974=STYLED_ITEM('',(#1973),#1971);
#1975=CARTESIAN_POINT('',(-2.E0,-1.7E0,-1.E0));
#1976=DIRECTION('',(0.E0,-1.E0,0.E0));
#1977=DIRECTION('',(-1.E0,0.E0,0.E0));
#1978=AXIS2_PLACEMENT_3D('',#1975,#1976,#1977);
#1980=CURVE_STYLE('',#15,POSITIVE_LENGTH_MEASURE(2.E-2),#8);
#1981=PRESENTATION_STYLE_ASSIGNMENT((#1980));
#1982=STYLED_ITEM('',(#1981),#1979);
#1983=DIRECTION('',(7.071067811865E-1,7.071067811865E-1,0.E0));
#1984=VECTOR('',#1983,2.545584412272E-1);
#1985=CARTESIAN_POINT('',(-2.435E0,-1.7E0,-1.E0));
#1986=LINE('',#1985,#1984);
#1987=CURVE_STYLE('',#15,POSITIVE_LENGTH_MEASURE(2.E-2),#8);
#1988=PRESENTATION_STYLE_ASSIGNMENT((#1987));
#1989=STYLED_ITEM('',(#1988),#1986);
#1990=CARTESIAN_POINT('',(-2.E0,-1.52E0,-1.E0));
#1991=DIRECTION('',(0.E0,-1.E0,0.E0));
#1992=DIRECTION('',(-1.E0,0.E0,0.E0));
#1993=AXIS2_PLACEMENT_3D('',#1990,#1991,#1992);
#1995=CURVE_STYLE('',#15,POSITIVE_LENGTH_MEASURE(2.E-2),#8);
#1996=PRESENTATION_STYLE_ASSIGNMENT((#1995));
#1997=STYLED_ITEM('',(#1996),#1994);
#1998=DIRECTION('',(-7.071067811865E-1,7.071067811865E-1,0.E0));
#1999=VECTOR('',#1998,2.545584412272E-1);
#2000=CARTESIAN_POINT('',(-1.565E0,-1.7E0,-1.E0));
#2001=LINE('',#2000,#1999);
#2002=CURVE_STYLE('',#15,POSITIVE_LENGTH_MEASURE(2.E-2),#8);
#2003=PRESENTATION_STYLE_ASSIGNMENT((#2002));
#2004=STYLED_ITEM('',(#2003),#2001);
#2005=CARTESIAN_POINT('',(-2.E0,-1.7E0,-1.E0));
#2006=DIRECTION('',(0.E0,-1.E0,0.E0));
#2007=DIRECTION('',(1.E0,0.E0,0.E0));
#2008=AXIS2_PLACEMENT_3D('',#2005,#2006,#2007);
#2010=CURVE_STYLE('',#15,POSITIVE_LENGTH_MEASURE(2.E-2),#8);
#2011=PRESENTATION_STYLE_ASSIGNMENT((#2010));
#2012=STYLED_ITEM('',(#2011),#2009);
#2013=CARTESIAN_POINT('',(-2.E0,-1.52E0,-1.E0));
#2014=DIRECTION('',(0.E0,-1.E0,0.E0));
#2015=DIRECTION('',(1.E0,0.E0,0.E0));
#2016=AXIS2_PLACEMENT_3D('',#2013,#2014,#2015);
#2018=CURVE_STYLE('',#15,POSITIVE_LENGTH_MEASURE(2.E-2),#8);
#2019=PRESENTATION_STYLE_ASSIGNMENT((#2018));
#2020=STYLED_ITEM('',(#2019),#2017);
#2021=DIRECTION('',(-1.E0,0.E0,0.E0));
#2022=VECTOR('',#2021,4.452072594216E0);
#2023=CARTESIAN_POINT('',(-1.05E0,3.4E0,2.352072594216E0));
#2024=LINE('',#2023,#2022);
#2025=CURVE_STYLE('',#15,POSITIVE_LENGTH_MEASURE(2.E-2),#8);
#2026=PRESENTATION_STYLE_ASSIGNMENT((#2025));
#2027=STYLED_ITEM('',(#2026),#2024);
#2028=DIRECTION('',(4.472135955E-1,-7.745966692415E-1,-4.472135955E-1));
#2029=VECTOR('',#2028,4.518480570575E-1);
#2030=CARTESIAN_POINT('',(-5.502072594216E0,3.4E0,2.352072594216E0));
#2031=LINE('',#2030,#2029);
#2032=CURVE_STYLE('',#15,POSITIVE_LENGTH_MEASURE(2.E-2),#8);
#2033=PRESENTATION_STYLE_ASSIGNMENT((#2032));
#2034=STYLED_ITEM('',(#2033),#2031);
#2035=DIRECTION('',(-1.E0,0.E0,0.E0));
#2036=VECTOR('',#2035,4.25E0);
#2037=CARTESIAN_POINT('',(-1.05E0,3.05E0,2.15E0));
#2038=LINE('',#2037,#2036);
#2039=CURVE_STYLE('',#15,POSITIVE_LENGTH_MEASURE(2.E-2),#8);
#2040=PRESENTATION_STYLE_ASSIGNMENT((#2039));
#2041=STYLED_ITEM('',(#2040),#2038);
#2042=DIRECTION('',(0.E0,-8.660254037844E-1,-5.E-1));
#2043=VECTOR('',#2042,4.041451884327E-1);
#2044=CARTESIAN_POINT('',(-1.05E0,3.4E0,2.352072594216E0));
#2045=LINE('',#2044,#2043);
#2046=CURVE_STYLE('',#15,POSITIVE_LENGTH_MEASURE(2.E-2),#8);
#2047=PRESENTATION_STYLE_ASSIGNMENT((#2046));
#2048=STYLED_ITEM('',(#2047),#2045);
#2049=DIRECTION('',(0.E0,0.E0,-1.E0));
#2050=VECTOR('',#2049,4.704145188433E0);
#2051=CARTESIAN_POINT('',(-5.502072594216E0,3.4E0,2.352072594216E0));
#2052=LINE('',#2051,#2050);
#2053=CURVE_STYLE('',#15,POSITIVE_LENGTH_MEASURE(2.E-2),#8);
#2054=PRESENTATION_STYLE_ASSIGNMENT((#2053));
#2055=STYLED_ITEM('',(#2054),#2052);
#2056=DIRECTION('',(4.472135955E-1,-7.745966692415E-1,4.472135955E-1));
#2057=VECTOR('',#2056,4.518480570575E-1);
#2058=CARTESIAN_POINT('',(-5.502072594216E0,3.4E0,-2.352072594216E0));
#2059=LINE('',#2058,#2057);
#2060=CURVE_STYLE('',#15,POSITIVE_LENGTH_MEASURE(2.E-2),#8);
#2061=PRESENTATION_STYLE_ASSIGNMENT((#2060));
#2062=STYLED_ITEM('',(#2061),#2059);
#2063=DIRECTION('',(0.E0,0.E0,-1.E0));
#2064=VECTOR('',#2063,4.3E0);
#2065=CARTESIAN_POINT('',(-5.3E0,3.05E0,2.15E0));
#2066=LINE('',#2065,#2064);
#2067=CURVE_STYLE('',#15,POSITIVE_LENGTH_MEASURE(2.E-2),#8);
#2068=PRESENTATION_STYLE_ASSIGNMENT((#2067));
#2069=STYLED_ITEM('',(#2068),#2066);
#2070=DIRECTION('',(1.E0,0.E0,0.E0));
#2071=VECTOR('',#2070,1.100414518843E1);
#2072=CARTESIAN_POINT('',(-5.502072594216E0,3.4E0,-2.352072594216E0));
#2073=LINE('',#2072,#2071);
#2074=CURVE_STYLE('',#15,POSITIVE_LENGTH_MEASURE(2.E-2),#8);
#2075=PRESENTATION_STYLE_ASSIGNMENT((#2074));
#2076=STYLED_ITEM('',(#2075),#2073);
#2077=DIRECTION('',(1.E0,0.E0,0.E0));
#2078=VECTOR('',#2077,1.06E1);
#2079=CARTESIAN_POINT('',(-5.3E0,3.05E0,-2.15E0));
#2080=LINE('',#2079,#2078);
#2081=CURVE_STYLE('',#15,POSITIVE_LENGTH_MEASURE(2.E-2),#8);
#2082=PRESENTATION_STYLE_ASSIGNMENT((#2081));
#2083=STYLED_ITEM('',(#2082),#2080);
#2084=DIRECTION('',(0.E0,0.E0,1.E0));
#2085=VECTOR('',#2084,4.704145188433E0);
#2086=CARTESIAN_POINT('',(5.502072594216E0,3.4E0,-2.352072594216E0));
#2087=LINE('',#2086,#2085);
#2088=CURVE_STYLE('',#15,POSITIVE_LENGTH_MEASURE(2.E-2),#8);
#2089=PRESENTATION_STYLE_ASSIGNMENT((#2088));
#2090=STYLED_ITEM('',(#2089),#2087);
#2091=DIRECTION('',(0.E0,0.E0,1.E0));
#2092=VECTOR('',#2091,4.3E0);
#2093=CARTESIAN_POINT('',(5.3E0,3.05E0,-2.15E0));
#2094=LINE('',#2093,#2092);
#2095=CURVE_STYLE('',#15,POSITIVE_LENGTH_MEASURE(2.E-2),#8);
#2096=PRESENTATION_STYLE_ASSIGNMENT((#2095));
#2097=STYLED_ITEM('',(#2096),#2094);
#2098=DIRECTION('',(-4.472135955E-1,-7.745966692415E-1,4.472135955E-1));
#2099=VECTOR('',#2098,4.518480570575E-1);
#2100=CARTESIAN_POINT('',(5.502072594216E0,3.4E0,-2.352072594216E0));
#2101=LINE('',#2100,#2099);
#2102=CURVE_STYLE('',#15,POSITIVE_LENGTH_MEASURE(2.E-2),#8);
#2103=PRESENTATION_STYLE_ASSIGNMENT((#2102));
#2104=STYLED_ITEM('',(#2103),#2101);
#2105=DIRECTION('',(-1.E0,0.E0,0.E0));
#2106=VECTOR('',#2105,4.452072594216E0);
#2107=CARTESIAN_POINT('',(5.502072594216E0,3.4E0,2.352072594216E0));
#2108=LINE('',#2107,#2106);
#2109=CURVE_STYLE('',#15,POSITIVE_LENGTH_MEASURE(2.E-2),#8);
#2110=PRESENTATION_STYLE_ASSIGNMENT((#2109));
#2111=STYLED_ITEM('',(#2110),#2108);
#2112=DIRECTION('',(0.E0,-8.660254037844E-1,-5.E-1));
#2113=VECTOR('',#2112,4.041451884327E-1);
#2114=CARTESIAN_POINT('',(1.05E0,3.4E0,2.352072594216E0));
#2115=LINE('',#2114,#2113);
#2116=CURVE_STYLE('',#15,POSITIVE_LENGTH_MEASURE(2.E-2),#8);
#2117=PRESENTATION_STYLE_ASSIGNMENT((#2116));
#2118=STYLED_ITEM('',(#2117),#2115);
#2119=DIRECTION('',(-1.E0,0.E0,0.E0));
#2120=VECTOR('',#2119,4.25E0);
#2121=CARTESIAN_POINT('',(5.3E0,3.05E0,2.15E0));
#2122=LINE('',#2121,#2120);
#2123=CURVE_STYLE('',#15,POSITIVE_LENGTH_MEASURE(2.E-2),#8);
#2124=PRESENTATION_STYLE_ASSIGNMENT((#2123));
#2125=STYLED_ITEM('',(#2124),#2122);
#2126=DIRECTION('',(-4.472135955E-1,-7.745966692415E-1,-4.472135955E-1));
#2127=VECTOR('',#2126,4.518480570575E-1);
#2128=CARTESIAN_POINT('',(5.502072594216E0,3.4E0,2.352072594216E0));
#2129=LINE('',#2128,#2127);
#2130=CURVE_STYLE('',#15,POSITIVE_LENGTH_MEASURE(2.E-2),#8);
#2131=PRESENTATION_STYLE_ASSIGNMENT((#2130));
#2132=STYLED_ITEM('',(#2131),#2129);
#2133=DIRECTION('',(0.E0,1.E0,0.E0));
#2134=VECTOR('',#2133,3.05E0);
#2135=CARTESIAN_POINT('',(1.05E0,0.E0,2.15E0));
#2136=LINE('',#2135,#2134);
#2137=CURVE_STYLE('',#15,POSITIVE_LENGTH_MEASURE(2.E-2),#8);
#2138=PRESENTATION_STYLE_ASSIGNMENT((#2137));
#2139=STYLED_ITEM('',(#2138),#2136);
#2140=DIRECTION('',(0.E0,1.E0,0.E0));
#2141=VECTOR('',#2140,3.05E0);
#2142=CARTESIAN_POINT('',(5.3E0,0.E0,2.15E0));
#2143=LINE('',#2142,#2141);
#2144=CURVE_STYLE('',#15,POSITIVE_LENGTH_MEASURE(2.E-2),#8);
#2145=PRESENTATION_STYLE_ASSIGNMENT((#2144));
#2146=STYLED_ITEM('',(#2145),#2143);
#2147=DIRECTION('',(0.E0,1.E0,0.E0));
#2148=VECTOR('',#2147,3.05E0);
#2149=CARTESIAN_POINT('',(5.3E0,0.E0,-2.15E0));
#2150=LINE('',#2149,#2148);
#2151=CURVE_STYLE('',#15,POSITIVE_LENGTH_MEASURE(2.E-2),#8);
#2152=PRESENTATION_STYLE_ASSIGNMENT((#2151));
#2153=STYLED_ITEM('',(#2152),#2150);
#2154=DIRECTION('',(0.E0,1.E0,0.E0));
#2155=VECTOR('',#2154,3.05E0);
#2156=CARTESIAN_POINT('',(-5.3E0,0.E0,-2.15E0));
#2157=LINE('',#2156,#2155);
#2158=CURVE_STYLE('',#15,POSITIVE_LENGTH_MEASURE(2.E-2),#8);
#2159=PRESENTATION_STYLE_ASSIGNMENT((#2158));
#2160=STYLED_ITEM('',(#2159),#2157);
#2161=DIRECTION('',(0.E0,1.E0,0.E0));
#2162=VECTOR('',#2161,3.05E0);
#2163=CARTESIAN_POINT('',(-5.3E0,0.E0,2.15E0));
#2164=LINE('',#2163,#2162);
#2165=CURVE_STYLE('',#15,POSITIVE_LENGTH_MEASURE(2.E-2),#8);
#2166=PRESENTATION_STYLE_ASSIGNMENT((#2165));
#2167=STYLED_ITEM('',(#2166),#2164);
#2168=DIRECTION('',(0.E0,1.E0,0.E0));
#2169=VECTOR('',#2168,3.05E0);
#2170=CARTESIAN_POINT('',(-1.05E0,0.E0,2.15E0));
#2171=LINE('',#2170,#2169);
#2172=CURVE_STYLE('',#15,POSITIVE_LENGTH_MEASURE(2.E-2),#8);
#2173=PRESENTATION_STYLE_ASSIGNMENT((#2172));
#2174=STYLED_ITEM('',(#2173),#2171);
#2175=DIRECTION('',(0.E0,-1.E0,0.E0));
#2176=VECTOR('',#2175,1.52E0);
#2177=CARTESIAN_POINT('',(-3.745E0,0.E0,-1.E0));
#2178=LINE('',#2177,#2176);
#2179=CURVE_STYLE('',#15,POSITIVE_LENGTH_MEASURE(2.E-2),#8);
#2180=PRESENTATION_STYLE_ASSIGNMENT((#2179));
#2181=STYLED_ITEM('',(#2180),#2178);
#2182=DIRECTION('',(0.E0,-1.E0,0.E0));
#2183=VECTOR('',#2182,1.52E0);
#2184=CARTESIAN_POINT('',(-4.255E0,0.E0,-1.E0));
#2185=LINE('',#2184,#2183);
#2186=CURVE_STYLE('',#15,POSITIVE_LENGTH_MEASURE(2.E-2),#8);
#2187=PRESENTATION_STYLE_ASSIGNMENT((#2186));
#2188=STYLED_ITEM('',(#2187),#2185);
#2189=CARTESIAN_POINT('',(-4.E0,-1.7E0,-1.E0));
#2190=DIRECTION('',(0.E0,-1.E0,0.E0));
#2191=DIRECTION('',(-1.E0,0.E0,0.E0));
#2192=AXIS2_PLACEMENT_3D('',#2189,#2190,#2191);
#2194=CURVE_STYLE('',#15,POSITIVE_LENGTH_MEASURE(2.E-2),#8);
#2195=PRESENTATION_STYLE_ASSIGNMENT((#2194));
#2196=STYLED_ITEM('',(#2195),#2193);
#2197=DIRECTION('',(7.071067811865E-1,7.071067811865E-1,0.E0));
#2198=VECTOR('',#2197,2.545584412272E-1);
#2199=CARTESIAN_POINT('',(-4.435E0,-1.7E0,-1.E0));
#2200=LINE('',#2199,#2198);
#2201=CURVE_STYLE('',#15,POSITIVE_LENGTH_MEASURE(2.E-2),#8);
#2202=PRESENTATION_STYLE_ASSIGNMENT((#2201));
#2203=STYLED_ITEM('',(#2202),#2200);
#2204=CARTESIAN_POINT('',(-4.E0,-1.52E0,-1.E0));
#2205=DIRECTION('',(0.E0,-1.E0,0.E0));
#2206=DIRECTION('',(-1.E0,0.E0,0.E0));
#2207=AXIS2_PLACEMENT_3D('',#2204,#2205,#2206);
#2209=CURVE_STYLE('',#15,POSITIVE_LENGTH_MEASURE(2.E-2),#8);
#2210=PRESENTATION_STYLE_ASSIGNMENT((#2209));
#2211=STYLED_ITEM('',(#2210),#2208);
#2212=DIRECTION('',(-7.071067811866E-1,7.071067811865E-1,0.E0));
#2213=VECTOR('',#2212,2.545584412272E-1);
#2214=CARTESIAN_POINT('',(-3.565E0,-1.7E0,-1.E0));
#2215=LINE('',#2214,#2213);
#2216=CURVE_STYLE('',#15,POSITIVE_LENGTH_MEASURE(2.E-2),#8);
#2217=PRESENTATION_STYLE_ASSIGNMENT((#2216));
#2218=STYLED_ITEM('',(#2217),#2215);
#2219=CARTESIAN_POINT('',(-4.E0,-1.7E0,-1.E0));
#2220=DIRECTION('',(0.E0,-1.E0,0.E0));
#2221=DIRECTION('',(1.E0,0.E0,0.E0));
#2222=AXIS2_PLACEMENT_3D('',#2219,#2220,#2221);
#2224=CURVE_STYLE('',#15,POSITIVE_LENGTH_MEASURE(2.E-2),#8);
#2225=PRESENTATION_STYLE_ASSIGNMENT((#2224));
#2226=STYLED_ITEM('',(#2225),#2223);
#2227=CARTESIAN_POINT('',(-4.E0,-1.52E0,-1.E0));
#2228=DIRECTION('',(0.E0,-1.E0,0.E0));
#2229=DIRECTION('',(1.E0,0.E0,0.E0));
#2230=AXIS2_PLACEMENT_3D('',#2227,#2228,#2229);
#2232=CURVE_STYLE('',#15,POSITIVE_LENGTH_MEASURE(2.E-2),#8);
#2233=PRESENTATION_STYLE_ASSIGNMENT((#2232));
#2234=STYLED_ITEM('',(#2233),#2231);
#2235=DIRECTION('',(0.E0,0.E0,-1.E0));
#2236=VECTOR('',#2235,5.55E0);
#2237=CARTESIAN_POINT('',(-1.25E0,-2.2E0,2.775E0));
#2238=LINE('',#2237,#2236);
#2239=CURVE_STYLE('',#15,POSITIVE_LENGTH_MEASURE(2.E-2),#8);
#2240=PRESENTATION_STYLE_ASSIGNMENT((#2239));
#2241=STYLED_ITEM('',(#2240),#2238);
#2242=DIRECTION('',(0.E0,0.E0,-1.E0));
#2243=VECTOR('',#2242,5.55E0);
#2244=CARTESIAN_POINT('',(-7.5E-1,-2.2E0,2.775E0));
#2245=LINE('',#2244,#2243);
#2246=CURVE_STYLE('',#15,POSITIVE_LENGTH_MEASURE(2.E-2),#8);
#2247=PRESENTATION_STYLE_ASSIGNMENT((#2246));
#2248=STYLED_ITEM('',(#2247),#2245);
#2249=DIRECTION('',(0.E0,0.E0,-1.E0));
#2250=VECTOR('',#2249,5.55E0);
#2251=CARTESIAN_POINT('',(-2.75E0,-2.2E0,2.775E0));
#2252=LINE('',#2251,#2250);
#2253=CURVE_STYLE('',#15,POSITIVE_LENGTH_MEASURE(2.E-2),#8);
#2254=PRESENTATION_STYLE_ASSIGNMENT((#2253));
#2255=STYLED_ITEM('',(#2254),#2252);
#2256=DIRECTION('',(0.E0,0.E0,-1.E0));
#2257=VECTOR('',#2256,5.55E0);
#2258=CARTESIAN_POINT('',(-3.25E0,-2.2E0,2.775E0));
#2259=LINE('',#2258,#2257);
#2260=CURVE_STYLE('',#15,POSITIVE_LENGTH_MEASURE(2.E-2),#8);
#2261=PRESENTATION_STYLE_ASSIGNMENT((#2260));
#2262=STYLED_ITEM('',(#2261),#2259);
#2263=DIRECTION('',(0.E0,0.E0,-1.E0));
#2264=VECTOR('',#2263,5.55E0);
#2265=CARTESIAN_POINT('',(7.5E-1,-2.2E0,2.775E0));
#2266=LINE('',#2265,#2264);
#2267=CURVE_STYLE('',#15,POSITIVE_LENGTH_MEASURE(2.E-2),#8);
#2268=PRESENTATION_STYLE_ASSIGNMENT((#2267));
#2269=STYLED_ITEM('',(#2268),#2266);
#2270=DIRECTION('',(0.E0,0.E0,-1.E0));
#2271=VECTOR('',#2270,5.55E0);
#2272=CARTESIAN_POINT('',(1.25E0,-2.2E0,2.775E0));
#2273=LINE('',#2272,#2271);
#2274=CURVE_STYLE('',#15,POSITIVE_LENGTH_MEASURE(2.E-2),#8);
#2275=PRESENTATION_STYLE_ASSIGNMENT((#2274));
#2276=STYLED_ITEM('',(#2275),#2273);
#2277=DIRECTION('',(0.E0,0.E0,-1.E0));
#2278=VECTOR('',#2277,5.55E0);
#2279=CARTESIAN_POINT('',(3.25E0,-2.2E0,2.775E0));
#2280=LINE('',#2279,#2278);
#2281=CURVE_STYLE('',#15,POSITIVE_LENGTH_MEASURE(2.E-2),#8);
#2282=PRESENTATION_STYLE_ASSIGNMENT((#2281));
#2283=STYLED_ITEM('',(#2282),#2280);
#2284=DIRECTION('',(0.E0,0.E0,-1.E0));
#2285=VECTOR('',#2284,5.55E0);
#2286=CARTESIAN_POINT('',(2.75E0,-2.2E0,2.775E0));
#2287=LINE('',#2286,#2285);
#2288=CURVE_STYLE('',#15,POSITIVE_LENGTH_MEASURE(2.E-2),#8);
#2289=PRESENTATION_STYLE_ASSIGNMENT((#2288));
#2290=STYLED_ITEM('',(#2289),#2287);
#2291=DIRECTION('',(0.E0,-1.E0,0.E0));
#2292=VECTOR('',#2291,5.1E0);
#2293=CARTESIAN_POINT('',(-4.15E0,3.4E0,2.625E0));
#2294=LINE('',#2293,#2292);
#2295=CURVE_STYLE('',#15,POSITIVE_LENGTH_MEASURE(2.E-2),#8);
#2296=PRESENTATION_STYLE_ASSIGNMENT((#2295));
#2297=STYLED_ITEM('',(#2296),#2294);
#2298=DIRECTION('',(0.E0,-1.E0,0.E0));
#2299=VECTOR('',#2298,5.1E0);
#2300=CARTESIAN_POINT('',(-3.85E0,3.4E0,2.625E0));
#2301=LINE('',#2300,#2299);
#2302=CURVE_STYLE('',#15,POSITIVE_LENGTH_MEASURE(2.E-2),#8);
#2303=PRESENTATION_STYLE_ASSIGNMENT((#2302));
#2304=STYLED_ITEM('',(#2303),#2301);
#2305=DIRECTION('',(0.E0,-1.E0,0.E0));
#2306=VECTOR('',#2305,5.6E0);
#2307=CARTESIAN_POINT('',(9.2E0,3.4E0,1.833030277982E0));
#2308=LINE('',#2307,#2306);
#2309=CURVE_STYLE('',#15,POSITIVE_LENGTH_MEASURE(2.E-2),#8);
#2310=PRESENTATION_STYLE_ASSIGNMENT((#2309));
#2311=STYLED_ITEM('',(#2310),#2308);
#2312=DIRECTION('',(0.E0,-1.E0,0.E0));
#2313=VECTOR('',#2312,5.6E0);
#2314=CARTESIAN_POINT('',(9.2E0,3.4E0,-1.833030277982E0));
#2315=LINE('',#2314,#2313);
#2316=CURVE_STYLE('',#15,POSITIVE_LENGTH_MEASURE(2.E-2),#8);
#2317=PRESENTATION_STYLE_ASSIGNMENT((#2316));
#2318=STYLED_ITEM('',(#2317),#2315);
#2319=DIRECTION('',(0.E0,-1.E0,0.E0));
#2320=VECTOR('',#2319,5.6E0);
#2321=CARTESIAN_POINT('',(9.2E0,3.4E0,-2.775E0));
#2322=LINE('',#2321,#2320);
#2323=CURVE_STYLE('',#15,POSITIVE_LENGTH_MEASURE(2.E-2),#8);
#2324=PRESENTATION_STYLE_ASSIGNMENT((#2323));
#2325=STYLED_ITEM('',(#2324),#2322);
#2326=DIRECTION('',(0.E0,-1.E0,0.E0));
#2327=VECTOR('',#2326,5.6E0);
#2328=CARTESIAN_POINT('',(-9.2E0,3.4E0,2.775E0));
#2329=LINE('',#2328,#2327);
#2330=CURVE_STYLE('',#15,POSITIVE_LENGTH_MEASURE(2.E-2),#8);
#2331=PRESENTATION_STYLE_ASSIGNMENT((#2330));
#2332=STYLED_ITEM('',(#2331),#2329);
#2333=DIRECTION('',(0.E0,-1.E0,0.E0));
#2334=VECTOR('',#2333,5.6E0);
#2335=CARTESIAN_POINT('',(-9.2E0,3.4E0,1.833030277982E0));
#2336=LINE('',#2335,#2334);
#2337=CURVE_STYLE('',#15,POSITIVE_LENGTH_MEASURE(2.E-2),#8);
#2338=PRESENTATION_STYLE_ASSIGNMENT((#2337));
#2339=STYLED_ITEM('',(#2338),#2336);
#2340=DIRECTION('',(0.E0,-1.E0,0.E0));
#2341=VECTOR('',#2340,5.6E0);
#2342=CARTESIAN_POINT('',(-9.2E0,3.4E0,-1.833030277982E0));
#2343=LINE('',#2342,#2341);
#2344=CURVE_STYLE('',#15,POSITIVE_LENGTH_MEASURE(2.E-2),#8);
#2345=PRESENTATION_STYLE_ASSIGNMENT((#2344));
#2346=STYLED_ITEM('',(#2345),#2343);
#2347=DIRECTION('',(0.E0,-1.E0,0.E0));
#2348=VECTOR('',#2347,5.6E0);
#2349=CARTESIAN_POINT('',(5.75E0,3.4E0,-3.275E0));
#2350=LINE('',#2349,#2348);
#2351=CURVE_STYLE('',#15,POSITIVE_LENGTH_MEASURE(2.E-2),#8);
#2352=PRESENTATION_STYLE_ASSIGNMENT((#2351));
#2353=STYLED_ITEM('',(#2352),#2350);
#2354=CARTESIAN_POINT('',(-1.05E0,0.E0,2.15E0));
#2355=CARTESIAN_POINT('',(-5.3E0,0.E0,2.15E0));
#2356=VERTEX_POINT('',#2354);
#2357=VERTEX_POINT('',#2355);
#2358=CARTESIAN_POINT('',(-5.3E0,0.E0,-2.15E0));
#2359=VERTEX_POINT('',#2358);
#2360=CARTESIAN_POINT('',(5.3E0,0.E0,-2.15E0));
#2361=VERTEX_POINT('',#2360);
#2362=CARTESIAN_POINT('',(5.3E0,0.E0,2.15E0));
#2363=VERTEX_POINT('',#2362);
#2364=CARTESIAN_POINT('',(1.05E0,0.E0,2.15E0));
#2365=VERTEX_POINT('',#2364);
#2366=CARTESIAN_POINT('',(1.05E0,0.E0,2.775E0));
#2367=CARTESIAN_POINT('',(-1.05E0,0.E0,2.775E0));
#2368=VERTEX_POINT('',#2366);
#2369=VERTEX_POINT('',#2367);
#2370=CARTESIAN_POINT('',(-1.05E0,3.4E0,2.775E0));
#2371=VERTEX_POINT('',#2370);
#2372=CARTESIAN_POINT('',(1.05E0,3.4E0,2.775E0));
#2373=VERTEX_POINT('',#2372);
#2374=CARTESIAN_POINT('',(9.2E0,3.4E0,2.775E0));
#2375=VERTEX_POINT('',#2374);
#2376=CARTESIAN_POINT('',(-5.502072594216E0,3.4E0,-2.352072594216E0));
#2377=CARTESIAN_POINT('',(5.502072594216E0,3.4E0,-2.352072594216E0));
#2378=VERTEX_POINT('',#2376);
#2379=VERTEX_POINT('',#2377);
#2380=CARTESIAN_POINT('',(-5.3E0,3.05E0,-2.15E0));
#2381=CARTESIAN_POINT('',(5.3E0,3.05E0,-2.15E0));
#2382=VERTEX_POINT('',#2380);
#2383=VERTEX_POINT('',#2381);
#2384=CARTESIAN_POINT('',(-5.502072594216E0,3.4E0,2.352072594216E0));
#2385=VERTEX_POINT('',#2384);
#2386=CARTESIAN_POINT('',(-5.3E0,3.05E0,2.15E0));
#2387=VERTEX_POINT('',#2386);
#2388=CARTESIAN_POINT('',(-1.05E0,3.4E0,2.352072594216E0));
#2389=VERTEX_POINT('',#2388);
#2390=CARTESIAN_POINT('',(-1.05E0,3.05E0,2.15E0));
#2391=VERTEX_POINT('',#2390);
#2392=CARTESIAN_POINT('',(5.502072594216E0,3.4E0,2.352072594216E0));
#2393=VERTEX_POINT('',#2392);
#2394=CARTESIAN_POINT('',(5.3E0,3.05E0,2.15E0));
#2395=VERTEX_POINT('',#2394);
#2396=CARTESIAN_POINT('',(1.05E0,3.4E0,2.352072594216E0));
#2397=VERTEX_POINT('',#2396);
#2398=CARTESIAN_POINT('',(1.05E0,3.05E0,2.15E0));
#2399=VERTEX_POINT('',#2398);
#2400=CARTESIAN_POINT('',(-3.745E0,0.E0,-1.E0));
#2401=CARTESIAN_POINT('',(-4.255E0,0.E0,-1.E0));
#2402=VERTEX_POINT('',#2400);
#2403=VERTEX_POINT('',#2401);
#2404=CARTESIAN_POINT('',(-1.745E0,0.E0,-1.E0));
#2405=CARTESIAN_POINT('',(-2.255E0,0.E0,-1.E0));
#2406=VERTEX_POINT('',#2404);
#2407=VERTEX_POINT('',#2405);
#2408=CARTESIAN_POINT('',(2.55E-1,0.E0,-1.E0));
#2409=CARTESIAN_POINT('',(-2.55E-1,0.E0,-1.E0));
#2410=VERTEX_POINT('',#2408);
#2411=VERTEX_POINT('',#2409);
#2412=CARTESIAN_POINT('',(2.255E0,0.E0,-1.E0));
#2413=CARTESIAN_POINT('',(1.745E0,0.E0,-1.E0));
#2414=VERTEX_POINT('',#2412);
#2415=VERTEX_POINT('',#2413);
#2416=CARTESIAN_POINT('',(4.255E0,0.E0,-1.E0));
#2417=CARTESIAN_POINT('',(3.745E0,0.E0,-1.E0));
#2418=VERTEX_POINT('',#2416);
#2419=VERTEX_POINT('',#2417);
#2420=CARTESIAN_POINT('',(-3.745E0,0.E0,1.E0));
#2421=CARTESIAN_POINT('',(-4.255E0,0.E0,1.E0));
#2422=VERTEX_POINT('',#2420);
#2423=VERTEX_POINT('',#2421);
#2424=CARTESIAN_POINT('',(-1.745E0,0.E0,1.E0));
#2425=CARTESIAN_POINT('',(-2.255E0,0.E0,1.E0));
#2426=VERTEX_POINT('',#2424);
#2427=VERTEX_POINT('',#2425);
#2428=CARTESIAN_POINT('',(2.55E-1,0.E0,1.E0));
#2429=CARTESIAN_POINT('',(-2.55E-1,0.E0,1.E0));
#2430=VERTEX_POINT('',#2428);
#2431=VERTEX_POINT('',#2429);
#2432=CARTESIAN_POINT('',(2.255E0,0.E0,1.E0));
#2433=CARTESIAN_POINT('',(1.745E0,0.E0,1.E0));
#2434=VERTEX_POINT('',#2432);
#2435=VERTEX_POINT('',#2433);
#2436=CARTESIAN_POINT('',(4.255E0,0.E0,1.E0));
#2437=CARTESIAN_POINT('',(3.745E0,0.E0,1.E0));
#2438=VERTEX_POINT('',#2436);
#2439=VERTEX_POINT('',#2437);
#2440=CARTESIAN_POINT('',(9.E0,-1.4E0,0.E0));
#2441=CARTESIAN_POINT('',(6.E0,-1.4E0,0.E0));
#2442=VERTEX_POINT('',#2440);
#2443=VERTEX_POINT('',#2441);
#2444=CARTESIAN_POINT('',(9.125E0,2.4E0,0.E0));
#2445=CARTESIAN_POINT('',(5.875E0,2.4E0,0.E0));
#2446=VERTEX_POINT('',#2444);
#2447=VERTEX_POINT('',#2445);
#2448=CARTESIAN_POINT('',(9.125E0,3.4E0,0.E0));
#2449=CARTESIAN_POINT('',(5.875E0,3.4E0,0.E0));
#2450=VERTEX_POINT('',#2448);
#2451=VERTEX_POINT('',#2449);
#2452=CARTESIAN_POINT('',(9.E0,2.4E0,0.E0));
#2453=CARTESIAN_POINT('',(6.E0,2.4E0,0.E0));
#2454=VERTEX_POINT('',#2452);
#2455=VERTEX_POINT('',#2453);
#2456=CARTESIAN_POINT('',(-5.75E0,3.4E0,-3.275E0));
#2457=CARTESIAN_POINT('',(-4.75E0,3.4E0,-3.275E0));
#2458=VERTEX_POINT('',#2456);
#2459=VERTEX_POINT('',#2457);
#2460=CARTESIAN_POINT('',(-5.75E0,-2.2E0,-3.275E0));
#2461=CARTESIAN_POINT('',(-4.75E0,-2.2E0,-3.275E0));
#2462=VERTEX_POINT('',#2460);
#2463=VERTEX_POINT('',#2461);
#2464=CARTESIAN_POINT('',(-5.75E0,3.4E0,-2.775E0));
#2465=CARTESIAN_POINT('',(-5.75E0,-2.2E0,-2.775E0));
#2466=VERTEX_POINT('',#2464);
#2467=VERTEX_POINT('',#2465);
#2468=CARTESIAN_POINT('',(-9.2E0,3.4E0,-2.775E0));
#2469=VERTEX_POINT('',#2468);
#2470=CARTESIAN_POINT('',(-9.2E0,-2.2E0,-2.775E0));
#2471=VERTEX_POINT('',#2470);
#2472=CARTESIAN_POINT('',(-4.75E0,3.4E0,-2.775E0));
#2473=VERTEX_POINT('',#2472);
#2474=CARTESIAN_POINT('',(5.75E0,3.4E0,-3.275E0));
#2475=CARTESIAN_POINT('',(4.75E0,3.4E0,-3.275E0));
#2476=VERTEX_POINT('',#2474);
#2477=VERTEX_POINT('',#2475);
#2478=CARTESIAN_POINT('',(5.75E0,-2.2E0,-3.275E0));
#2479=CARTESIAN_POINT('',(4.75E0,-2.2E0,-3.275E0));
#2480=VERTEX_POINT('',#2478);
#2481=VERTEX_POINT('',#2479);
#2482=CARTESIAN_POINT('',(5.75E0,3.4E0,-2.775E0));
#2483=CARTESIAN_POINT('',(5.75E0,-2.2E0,-2.775E0));
#2484=VERTEX_POINT('',#2482);
#2485=VERTEX_POINT('',#2483);
#2486=CARTESIAN_POINT('',(4.75E0,3.4E0,-2.775E0));
#2487=VERTEX_POINT('',#2486);
#2488=CARTESIAN_POINT('',(9.2E0,3.4E0,-2.775E0));
#2489=VERTEX_POINT('',#2488);
#2490=CARTESIAN_POINT('',(9.2E0,-2.2E0,-2.775E0));
#2491=VERTEX_POINT('',#2490);
#2492=CARTESIAN_POINT('',(4.75E0,-2.2E0,2.775E0));
#2493=CARTESIAN_POINT('',(4.75E0,-1.7E0,2.775E0));
#2494=VERTEX_POINT('',#2492);
#2495=VERTEX_POINT('',#2493);
#2496=CARTESIAN_POINT('',(-4.75E0,-2.2E0,2.775E0));
#2497=CARTESIAN_POINT('',(-4.75E0,-1.7E0,2.775E0));
#2498=VERTEX_POINT('',#2496);
#2499=VERTEX_POINT('',#2497);
#2500=CARTESIAN_POINT('',(9.2E0,-2.2E0,2.775E0));
#2501=VERTEX_POINT('',#2500);
#2502=CARTESIAN_POINT('',(-9.2E0,-2.2E0,2.775E0));
#2503=VERTEX_POINT('',#2502);
#2504=CARTESIAN_POINT('',(-4.75E0,-1.7E0,-2.775E0));
#2505=VERTEX_POINT('',#2504);
#2506=CARTESIAN_POINT('',(4.75E0,-1.7E0,-2.775E0));
#2507=VERTEX_POINT('',#2506);
#2508=CARTESIAN_POINT('',(-3.565E0,-1.7E0,-1.E0));
#2509=CARTESIAN_POINT('',(-4.435E0,-1.7E0,-1.E0));
#2510=VERTEX_POINT('',#2508);
#2511=VERTEX_POINT('',#2509);
#2512=CARTESIAN_POINT('',(-3.745E0,-1.52E0,-1.E0));
#2513=CARTESIAN_POINT('',(-4.255E0,-1.52E0,-1.E0));
#2514=VERTEX_POINT('',#2512);
#2515=VERTEX_POINT('',#2513);
#2516=CARTESIAN_POINT('',(-1.565E0,-1.7E0,-1.E0));
#2517=CARTESIAN_POINT('',(-2.435E0,-1.7E0,-1.E0));
#2518=VERTEX_POINT('',#2516);
#2519=VERTEX_POINT('',#2517);
#2520=CARTESIAN_POINT('',(-1.745E0,-1.52E0,-1.E0));
#2521=CARTESIAN_POINT('',(-2.255E0,-1.52E0,-1.E0));
#2522=VERTEX_POINT('',#2520);
#2523=VERTEX_POINT('',#2521);
#2524=CARTESIAN_POINT('',(4.35E-1,-1.7E0,-1.E0));
#2525=CARTESIAN_POINT('',(-4.35E-1,-1.7E0,-1.E0));
#2526=VERTEX_POINT('',#2524);
#2527=VERTEX_POINT('',#2525);
#2528=CARTESIAN_POINT('',(2.55E-1,-1.52E0,-1.E0));
#2529=CARTESIAN_POINT('',(-2.55E-1,-1.52E0,-1.E0));
#2530=VERTEX_POINT('',#2528);
#2531=VERTEX_POINT('',#2529);
#2532=CARTESIAN_POINT('',(2.435E0,-1.7E0,-1.E0));
#2533=CARTESIAN_POINT('',(1.565E0,-1.7E0,-1.E0));
#2534=VERTEX_POINT('',#2532);
#2535=VERTEX_POINT('',#2533);
#2536=CARTESIAN_POINT('',(2.255E0,-1.52E0,-1.E0));
#2537=CARTESIAN_POINT('',(1.745E0,-1.52E0,-1.E0));
#2538=VERTEX_POINT('',#2536);
#2539=VERTEX_POINT('',#2537);
#2540=CARTESIAN_POINT('',(4.435E0,-1.7E0,-1.E0));
#2541=CARTESIAN_POINT('',(3.565E0,-1.7E0,-1.E0));
#2542=VERTEX_POINT('',#2540);
#2543=VERTEX_POINT('',#2541);
#2544=CARTESIAN_POINT('',(4.255E0,-1.52E0,-1.E0));
#2545=CARTESIAN_POINT('',(3.745E0,-1.52E0,-1.E0));
#2546=VERTEX_POINT('',#2544);
#2547=VERTEX_POINT('',#2545);
#2548=CARTESIAN_POINT('',(-3.565E0,-1.7E0,1.E0));
#2549=CARTESIAN_POINT('',(-4.435E0,-1.7E0,1.E0));
#2550=VERTEX_POINT('',#2548);
#2551=VERTEX_POINT('',#2549);
#2552=CARTESIAN_POINT('',(-3.745E0,-1.52E0,1.E0));
#2553=CARTESIAN_POINT('',(-4.255E0,-1.52E0,1.E0));
#2554=VERTEX_POINT('',#2552);
#2555=VERTEX_POINT('',#2553);
#2556=CARTESIAN_POINT('',(-1.565E0,-1.7E0,1.E0));
#2557=CARTESIAN_POINT('',(-2.435E0,-1.7E0,1.E0));
#2558=VERTEX_POINT('',#2556);
#2559=VERTEX_POINT('',#2557);
#2560=CARTESIAN_POINT('',(-1.745E0,-1.52E0,1.E0));
#2561=CARTESIAN_POINT('',(-2.255E0,-1.52E0,1.E0));
#2562=VERTEX_POINT('',#2560);
#2563=VERTEX_POINT('',#2561);
#2564=CARTESIAN_POINT('',(4.35E-1,-1.7E0,1.E0));
#2565=CARTESIAN_POINT('',(-4.35E-1,-1.7E0,1.E0));
#2566=VERTEX_POINT('',#2564);
#2567=VERTEX_POINT('',#2565);
#2568=CARTESIAN_POINT('',(2.55E-1,-1.52E0,1.E0));
#2569=CARTESIAN_POINT('',(-2.55E-1,-1.52E0,1.E0));
#2570=VERTEX_POINT('',#2568);
#2571=VERTEX_POINT('',#2569);
#2572=CARTESIAN_POINT('',(2.435E0,-1.7E0,1.E0));
#2573=CARTESIAN_POINT('',(1.565E0,-1.7E0,1.E0));
#2574=VERTEX_POINT('',#2572);
#2575=VERTEX_POINT('',#2573);
#2576=CARTESIAN_POINT('',(2.255E0,-1.52E0,1.E0));
#2577=CARTESIAN_POINT('',(1.745E0,-1.52E0,1.E0));
#2578=VERTEX_POINT('',#2576);
#2579=VERTEX_POINT('',#2577);
#2580=CARTESIAN_POINT('',(4.435E0,-1.7E0,1.E0));
#2581=CARTESIAN_POINT('',(3.565E0,-1.7E0,1.E0));
#2582=VERTEX_POINT('',#2580);
#2583=VERTEX_POINT('',#2581);
#2584=CARTESIAN_POINT('',(4.255E0,-1.52E0,1.E0));
#2585=CARTESIAN_POINT('',(3.745E0,-1.52E0,1.E0));
#2586=VERTEX_POINT('',#2584);
#2587=VERTEX_POINT('',#2585);
#2588=CARTESIAN_POINT('',(-2.75E0,-2.2E0,2.775E0));
#2589=CARTESIAN_POINT('',(-3.25E0,-2.2E0,2.775E0));
#2590=VERTEX_POINT('',#2588);
#2591=VERTEX_POINT('',#2589);
#2592=CARTESIAN_POINT('',(-2.75E0,-2.2E0,-2.775E0));
#2593=CARTESIAN_POINT('',(-3.25E0,-2.2E0,-2.775E0));
#2594=VERTEX_POINT('',#2592);
#2595=VERTEX_POINT('',#2593);
#2596=CARTESIAN_POINT('',(-2.75E0,-1.7E0,-2.775E0));
#2597=CARTESIAN_POINT('',(-2.75E0,-1.7E0,2.775E0));
#2598=VERTEX_POINT('',#2596);
#2599=VERTEX_POINT('',#2597);
#2600=CARTESIAN_POINT('',(-3.25E0,-1.7E0,-2.775E0));
#2601=CARTESIAN_POINT('',(-3.25E0,-1.7E0,2.775E0));
#2602=VERTEX_POINT('',#2600);
#2603=VERTEX_POINT('',#2601);
#2604=CARTESIAN_POINT('',(-7.5E-1,-2.2E0,2.775E0));
#2605=CARTESIAN_POINT('',(-1.25E0,-2.2E0,2.775E0));
#2606=VERTEX_POINT('',#2604);
#2607=VERTEX_POINT('',#2605);
#2608=CARTESIAN_POINT('',(-7.5E-1,-2.2E0,-2.775E0));
#2609=CARTESIAN_POINT('',(-1.25E0,-2.2E0,-2.775E0));
#2610=VERTEX_POINT('',#2608);
#2611=VERTEX_POINT('',#2609);
#2612=CARTESIAN_POINT('',(-7.5E-1,-1.7E0,-2.775E0));
#2613=CARTESIAN_POINT('',(-7.5E-1,-1.7E0,2.775E0));
#2614=VERTEX_POINT('',#2612);
#2615=VERTEX_POINT('',#2613);
#2616=CARTESIAN_POINT('',(-1.25E0,-1.7E0,-2.775E0));
#2617=CARTESIAN_POINT('',(-1.25E0,-1.7E0,2.775E0));
#2618=VERTEX_POINT('',#2616);
#2619=VERTEX_POINT('',#2617);
#2620=CARTESIAN_POINT('',(1.25E0,-2.2E0,2.775E0));
#2621=CARTESIAN_POINT('',(7.5E-1,-2.2E0,2.775E0));
#2622=VERTEX_POINT('',#2620);
#2623=VERTEX_POINT('',#2621);
#2624=CARTESIAN_POINT('',(1.25E0,-2.2E0,-2.775E0));
#2625=CARTESIAN_POINT('',(7.5E-1,-2.2E0,-2.775E0));
#2626=VERTEX_POINT('',#2624);
#2627=VERTEX_POINT('',#2625);
#2628=CARTESIAN_POINT('',(1.25E0,-1.7E0,-2.775E0));
#2629=CARTESIAN_POINT('',(1.25E0,-1.7E0,2.775E0));
#2630=VERTEX_POINT('',#2628);
#2631=VERTEX_POINT('',#2629);
#2632=CARTESIAN_POINT('',(7.5E-1,-1.7E0,-2.775E0));
#2633=CARTESIAN_POINT('',(7.5E-1,-1.7E0,2.775E0));
#2634=VERTEX_POINT('',#2632);
#2635=VERTEX_POINT('',#2633);
#2636=CARTESIAN_POINT('',(3.25E0,-2.2E0,2.775E0));
#2637=CARTESIAN_POINT('',(2.75E0,-2.2E0,2.775E0));
#2638=VERTEX_POINT('',#2636);
#2639=VERTEX_POINT('',#2637);
#2640=CARTESIAN_POINT('',(3.25E0,-2.2E0,-2.775E0));
#2641=CARTESIAN_POINT('',(2.75E0,-2.2E0,-2.775E0));
#2642=VERTEX_POINT('',#2640);
#2643=VERTEX_POINT('',#2641);
#2644=CARTESIAN_POINT('',(3.25E0,-1.7E0,-2.775E0));
#2645=CARTESIAN_POINT('',(3.25E0,-1.7E0,2.775E0));
#2646=VERTEX_POINT('',#2644);
#2647=VERTEX_POINT('',#2645);
#2648=CARTESIAN_POINT('',(2.75E0,-1.7E0,-2.775E0));
#2649=CARTESIAN_POINT('',(2.75E0,-1.7E0,2.775E0));
#2650=VERTEX_POINT('',#2648);
#2651=VERTEX_POINT('',#2649);
#2652=CARTESIAN_POINT('',(9.2E0,3.4E0,-1.833030277982E0));
#2653=VERTEX_POINT('',#2652);
#2654=CARTESIAN_POINT('',(9.2E0,3.4E0,1.833030277982E0));
#2655=VERTEX_POINT('',#2654);
#2656=CARTESIAN_POINT('',(-9.2E0,3.4E0,2.775E0));
#2657=CARTESIAN_POINT('',(-9.2E0,3.4E0,1.833030277982E0));
#2658=VERTEX_POINT('',#2656);
#2659=VERTEX_POINT('',#2657);
#2660=CARTESIAN_POINT('',(-9.2E0,3.4E0,-1.833030277982E0));
#2661=VERTEX_POINT('',#2660);
#2662=CARTESIAN_POINT('',(9.2E0,-2.2E0,-1.833030277982E0));
#2663=VERTEX_POINT('',#2662);
#2664=CARTESIAN_POINT('',(9.2E0,-2.2E0,1.833030277982E0));
#2665=VERTEX_POINT('',#2664);
#2666=CARTESIAN_POINT('',(-9.2E0,-2.2E0,1.833030277982E0));
#2667=VERTEX_POINT('',#2666);
#2668=CARTESIAN_POINT('',(-9.2E0,-2.2E0,-1.833030277982E0));
#2669=VERTEX_POINT('',#2668);
#2670=CARTESIAN_POINT('',(9.05E0,-2.2E0,-1.45E0));
#2671=CARTESIAN_POINT('',(9.05E0,-1.4E0,-1.45E0));
#2672=VERTEX_POINT('',#2670);
#2673=VERTEX_POINT('',#2671);
#2674=CARTESIAN_POINT('',(8.95E0,-2.2E0,-1.55E0));
#2675=CARTESIAN_POINT('',(8.95E0,-1.4E0,-1.55E0));
#2676=VERTEX_POINT('',#2674);
#2677=VERTEX_POINT('',#2675);
#2678=CARTESIAN_POINT('',(9.05E0,-1.4E0,1.45E0));
#2679=VERTEX_POINT('',#2678);
#2680=CARTESIAN_POINT('',(6.05E0,-1.4E0,-1.55E0));
#2681=VERTEX_POINT('',#2680);
#2682=CARTESIAN_POINT('',(9.05E0,-2.2E0,1.45E0));
#2683=VERTEX_POINT('',#2682);
#2684=CARTESIAN_POINT('',(6.05E0,-2.2E0,-1.55E0));
#2685=VERTEX_POINT('',#2684);
#2686=CARTESIAN_POINT('',(5.95E0,-2.2E0,-1.45E0));
#2687=CARTESIAN_POINT('',(5.95E0,-1.4E0,-1.45E0));
#2688=VERTEX_POINT('',#2686);
#2689=VERTEX_POINT('',#2687);
#2690=CARTESIAN_POINT('',(5.95E0,-2.2E0,1.45E0));
#2691=CARTESIAN_POINT('',(5.95E0,-1.4E0,1.45E0));
#2692=VERTEX_POINT('',#2690);
#2693=VERTEX_POINT('',#2691);
#2694=CARTESIAN_POINT('',(6.05E0,-2.2E0,1.55E0));
#2695=CARTESIAN_POINT('',(6.05E0,-1.4E0,1.55E0));
#2696=VERTEX_POINT('',#2694);
#2697=VERTEX_POINT('',#2695);
#2698=CARTESIAN_POINT('',(8.95E0,-2.2E0,1.55E0));
#2699=CARTESIAN_POINT('',(8.95E0,-1.4E0,1.55E0));
#2700=VERTEX_POINT('',#2698);
#2701=VERTEX_POINT('',#2699);
#2702=CARTESIAN_POINT('',(-6.E0,-1.4E0,0.E0));
#2703=CARTESIAN_POINT('',(-9.E0,-1.4E0,0.E0));
#2704=VERTEX_POINT('',#2702);
#2705=VERTEX_POINT('',#2703);
#2706=CARTESIAN_POINT('',(-9.125E0,2.4E0,0.E0));
#2707=CARTESIAN_POINT('',(-5.875E0,2.4E0,0.E0));
#2708=VERTEX_POINT('',#2706);
#2709=VERTEX_POINT('',#2707);
#2710=CARTESIAN_POINT('',(-9.125E0,3.4E0,0.E0));
#2711=CARTESIAN_POINT('',(-5.875E0,3.4E0,0.E0));
#2712=VERTEX_POINT('',#2710);
#2713=VERTEX_POINT('',#2711);
#2714=CARTESIAN_POINT('',(-6.E0,2.4E0,0.E0));
#2715=CARTESIAN_POINT('',(-9.E0,2.4E0,0.E0));
#2716=VERTEX_POINT('',#2714);
#2717=VERTEX_POINT('',#2715);
#2718=CARTESIAN_POINT('',(-9.05E0,-1.4E0,-1.45E0));
#2719=CARTESIAN_POINT('',(-9.05E0,-2.2E0,-1.45E0));
#2720=VERTEX_POINT('',#2718);
#2721=VERTEX_POINT('',#2719);
#2722=CARTESIAN_POINT('',(-8.95E0,-1.4E0,-1.55E0));
#2723=VERTEX_POINT('',#2722);
#2724=CARTESIAN_POINT('',(-8.95E0,-2.2E0,-1.55E0));
#2725=VERTEX_POINT('',#2724);
#2726=CARTESIAN_POINT('',(-6.05E0,-1.4E0,-1.55E0));
#2727=CARTESIAN_POINT('',(-6.05E0,-2.2E0,-1.55E0));
#2728=VERTEX_POINT('',#2726);
#2729=VERTEX_POINT('',#2727);
#2730=CARTESIAN_POINT('',(-5.95E0,-1.4E0,-1.45E0));
#2731=VERTEX_POINT('',#2730);
#2732=CARTESIAN_POINT('',(-5.95E0,-2.2E0,-1.45E0));
#2733=VERTEX_POINT('',#2732);
#2734=CARTESIAN_POINT('',(-5.95E0,-1.4E0,1.45E0));
#2735=CARTESIAN_POINT('',(-5.95E0,-2.2E0,1.45E0));
#2736=VERTEX_POINT('',#2734);
#2737=VERTEX_POINT('',#2735);
#2738=CARTESIAN_POINT('',(-6.05E0,-1.4E0,1.55E0));
#2739=VERTEX_POINT('',#2738);
#2740=CARTESIAN_POINT('',(-6.05E0,-2.2E0,1.55E0));
#2741=VERTEX_POINT('',#2740);
#2742=CARTESIAN_POINT('',(-8.95E0,-1.4E0,1.55E0));
#2743=CARTESIAN_POINT('',(-8.95E0,-2.2E0,1.55E0));
#2744=VERTEX_POINT('',#2742);
#2745=VERTEX_POINT('',#2743);
#2746=CARTESIAN_POINT('',(-9.05E0,-1.4E0,1.45E0));
#2747=VERTEX_POINT('',#2746);
#2748=CARTESIAN_POINT('',(-9.05E0,-2.2E0,1.45E0));
#2749=VERTEX_POINT('',#2748);
#2750=CARTESIAN_POINT('',(-3.85E0,3.4E0,2.775E0));
#2751=CARTESIAN_POINT('',(-3.85E0,3.4E0,2.625E0));
#2752=VERTEX_POINT('',#2750);
#2753=VERTEX_POINT('',#2751);
#2754=CARTESIAN_POINT('',(-4.15E0,3.4E0,2.625E0));
#2755=VERTEX_POINT('',#2754);
#2756=CARTESIAN_POINT('',(-4.15E0,3.4E0,2.775E0));
#2757=VERTEX_POINT('',#2756);
#2758=CARTESIAN_POINT('',(-3.85E0,-1.7E0,2.775E0));
#2759=VERTEX_POINT('',#2758);
#2760=CARTESIAN_POINT('',(-4.15E0,-1.7E0,2.775E0));
#2761=VERTEX_POINT('',#2760);
#2762=CARTESIAN_POINT('',(-3.85E0,-1.7E0,2.625E0));
#2763=VERTEX_POINT('',#2762);
#2764=CARTESIAN_POINT('',(-4.15E0,-1.7E0,2.625E0));
#2765=VERTEX_POINT('',#2764);
#2766=CARTESIAN_POINT('',(0.E0,3.4E0,0.E0));
#2767=DIRECTION('',(0.E0,-1.E0,0.E0));
#2768=DIRECTION('',(-1.E0,0.E0,0.E0));
#2769=AXIS2_PLACEMENT_3D('',#2766,#2767,#2768);
#2770=PLANE('',#2769);
#2772=ORIENTED_EDGE('',*,*,#2771,.T.);
#2774=ORIENTED_EDGE('',*,*,#2773,.T.);
#2776=ORIENTED_EDGE('',*,*,#2775,.F.);
#2778=ORIENTED_EDGE('',*,*,#2777,.T.);
#2780=ORIENTED_EDGE('',*,*,#2779,.T.);
#2782=ORIENTED_EDGE('',*,*,#2781,.T.);
#2784=ORIENTED_EDGE('',*,*,#2783,.T.);
#2786=ORIENTED_EDGE('',*,*,#2785,.T.);
#2788=ORIENTED_EDGE('',*,*,#2787,.T.);
#2790=ORIENTED_EDGE('',*,*,#2789,.T.);
#2792=ORIENTED_EDGE('',*,*,#2791,.T.);
#2794=ORIENTED_EDGE('',*,*,#2793,.T.);
#2796=ORIENTED_EDGE('',*,*,#2795,.F.);
#2798=ORIENTED_EDGE('',*,*,#2797,.F.);
#2800=ORIENTED_EDGE('',*,*,#2799,.F.);
#2802=ORIENTED_EDGE('',*,*,#2801,.T.);
#2804=ORIENTED_EDGE('',*,*,#2803,.T.);
#2806=ORIENTED_EDGE('',*,*,#2805,.T.);
#2808=ORIENTED_EDGE('',*,*,#2807,.T.);
#2810=ORIENTED_EDGE('',*,*,#2809,.T.);
#2812=ORIENTED_EDGE('',*,*,#2811,.T.);
#2814=ORIENTED_EDGE('',*,*,#2813,.F.);
#2816=ORIENTED_EDGE('',*,*,#2815,.F.);
#2818=ORIENTED_EDGE('',*,*,#2817,.F.);
#2820=ORIENTED_EDGE('',*,*,#2819,.F.);
#2822=ORIENTED_EDGE('',*,*,#2821,.F.);
#2824=ORIENTED_EDGE('',*,*,#2823,.F.);
#2826=ORIENTED_EDGE('',*,*,#2825,.T.);
#2827=EDGE_LOOP('',(#2772,#2774,#2776,#2778,#2780,#2782,#2784,#2786,#2788,#2790,
#2792,#2794,#2796,#2798,#2800,#2802,#2804,#2806,#2808,#2810,#2812,#2814,#2816,
#2818,#2820,#2822,#2824,#2826));
#2828=FACE_OUTER_BOUND('',#2827,.F.);
#2830=ORIENTED_EDGE('',*,*,#2829,.T.);
#2832=ORIENTED_EDGE('',*,*,#2831,.T.);
#2833=EDGE_LOOP('',(#2830,#2832));
#2834=FACE_BOUND('',#2833,.F.);
#2836=ORIENTED_EDGE('',*,*,#2835,.F.);
#2838=ORIENTED_EDGE('',*,*,#2837,.F.);
#2839=EDGE_LOOP('',(#2836,#2838));
#2840=FACE_BOUND('',#2839,.F.);
#2842=CARTESIAN_POINT('',(7.5E0,3.4E0,0.E0));
#2843=DIRECTION('',(0.E0,-1.E0,0.E0));
#2844=DIRECTION('',(1.E0,0.E0,0.E0));
#2845=AXIS2_PLACEMENT_3D('',#2842,#2843,#2844);
#2846=CYLINDRICAL_SURFACE('',#2845,1.625E0);
#2847=ORIENTED_EDGE('',*,*,#2835,.T.);
#2849=ORIENTED_EDGE('',*,*,#2848,.T.);
#2851=ORIENTED_EDGE('',*,*,#2850,.F.);
#2853=ORIENTED_EDGE('',*,*,#2852,.F.);
#2854=EDGE_LOOP('',(#2847,#2849,#2851,#2853));
#2855=FACE_OUTER_BOUND('',#2854,.F.);
#2857=CARTESIAN_POINT('',(7.5E0,3.4E0,0.E0));
#2858=DIRECTION('',(0.E0,-1.E0,0.E0));
#2859=DIRECTION('',(1.E0,0.E0,0.E0));
#2860=AXIS2_PLACEMENT_3D('',#2857,#2858,#2859);
#2861=CYLINDRICAL_SURFACE('',#2860,1.625E0);
#2862=ORIENTED_EDGE('',*,*,#2837,.T.);
#2863=ORIENTED_EDGE('',*,*,#2852,.T.);
#2865=ORIENTED_EDGE('',*,*,#2864,.F.);
#2866=ORIENTED_EDGE('',*,*,#2848,.F.);
#2867=EDGE_LOOP('',(#2862,#2863,#2865,#2866));
#2868=FACE_OUTER_BOUND('',#2867,.F.);
#2870=CARTESIAN_POINT('',(7.5E0,2.4E0,0.E0));
#2871=DIRECTION('',(0.E0,-1.E0,0.E0));
#2872=DIRECTION('',(1.E0,0.E0,0.E0));
#2873=AXIS2_PLACEMENT_3D('',#2870,#2871,#2872);
#2874=PLANE('',#2873);
#2875=ORIENTED_EDGE('',*,*,#2850,.T.);
#2876=ORIENTED_EDGE('',*,*,#2864,.T.);
#2877=EDGE_LOOP('',(#2875,#2876));
#2878=FACE_OUTER_BOUND('',#2877,.F.);
#2880=ORIENTED_EDGE('',*,*,#2879,.F.);
#2882=ORIENTED_EDGE('',*,*,#2881,.F.);
#2883=EDGE_LOOP('',(#2880,#2882));
#2884=FACE_BOUND('',#2883,.F.);
#2886=CARTESIAN_POINT('',(7.5E0,3.4E0,0.E0));
#2887=DIRECTION('',(0.E0,-1.E0,0.E0));
#2888=DIRECTION('',(-1.E0,0.E0,0.E0));
#2889=AXIS2_PLACEMENT_3D('',#2886,#2887,#2888);
#2890=CYLINDRICAL_SURFACE('',#2889,1.5E0);
#2891=ORIENTED_EDGE('',*,*,#2879,.T.);
#2893=ORIENTED_EDGE('',*,*,#2892,.T.);
#2895=ORIENTED_EDGE('',*,*,#2894,.F.);
#2897=ORIENTED_EDGE('',*,*,#2896,.F.);
#2898=EDGE_LOOP('',(#2891,#2893,#2895,#2897));
#2899=FACE_OUTER_BOUND('',#2898,.F.);
#2901=CARTESIAN_POINT('',(7.5E0,3.4E0,0.E0));
#2902=DIRECTION('',(0.E0,-1.E0,0.E0));
#2903=DIRECTION('',(-1.E0,0.E0,0.E0));
#2904=AXIS2_PLACEMENT_3D('',#2901,#2902,#2903);
#2905=CYLINDRICAL_SURFACE('',#2904,1.5E0);
#2906=ORIENTED_EDGE('',*,*,#2881,.T.);
#2907=ORIENTED_EDGE('',*,*,#2896,.T.);
#2909=ORIENTED_EDGE('',*,*,#2908,.F.);
#2910=ORIENTED_EDGE('',*,*,#2892,.F.);
#2911=EDGE_LOOP('',(#2906,#2907,#2909,#2910));
#2912=FACE_OUTER_BOUND('',#2911,.F.);
#2914=CARTESIAN_POINT('',(0.E0,-1.4E0,0.E0));
#2915=DIRECTION('',(0.E0,-1.E0,0.E0));
#2916=DIRECTION('',(-1.E0,0.E0,0.E0));
#2917=AXIS2_PLACEMENT_3D('',#2914,#2915,#2916);
#2918=PLANE('',#2917);
#2920=ORIENTED_EDGE('',*,*,#2919,.F.);
#2922=ORIENTED_EDGE('',*,*,#2921,.F.);
#2924=ORIENTED_EDGE('',*,*,#2923,.F.);
#2926=ORIENTED_EDGE('',*,*,#2925,.F.);
#2928=ORIENTED_EDGE('',*,*,#2927,.F.);
#2930=ORIENTED_EDGE('',*,*,#2929,.F.);
#2932=ORIENTED_EDGE('',*,*,#2931,.F.);
#2934=ORIENTED_EDGE('',*,*,#2933,.F.);
#2935=EDGE_LOOP('',(#2920,#2922,#2924,#2926,#2928,#2930,#2932,#2934));
#2936=FACE_OUTER_BOUND('',#2935,.F.);
#2937=ORIENTED_EDGE('',*,*,#2894,.T.);
#2938=ORIENTED_EDGE('',*,*,#2908,.T.);
#2939=EDGE_LOOP('',(#2937,#2938));
#2940=FACE_BOUND('',#2939,.F.);
#2942=CARTESIAN_POINT('',(8.95E0,-2.235725083943E0,-1.45E0));
#2943=DIRECTION('',(0.E0,1.E0,0.E0));
#2944=DIRECTION('',(1.E0,0.E0,0.E0));
#2945=AXIS2_PLACEMENT_3D('',#2942,#2943,#2944);
#2946=CYLINDRICAL_SURFACE('',#2945,1.E-1);
#2948=ORIENTED_EDGE('',*,*,#2947,.F.);
#2950=ORIENTED_EDGE('',*,*,#2949,.T.);
#2952=ORIENTED_EDGE('',*,*,#2951,.T.);
#2953=ORIENTED_EDGE('',*,*,#2919,.T.);
#2954=EDGE_LOOP('',(#2948,#2950,#2952,#2953));
#2955=FACE_OUTER_BOUND('',#2954,.F.);
#2957=CARTESIAN_POINT('',(9.05E0,-2.2E0,-1.55E0));
#2958=DIRECTION('',(1.E0,0.E0,0.E0));
#2959=DIRECTION('',(0.E0,0.E0,1.E0));
#2960=AXIS2_PLACEMENT_3D('',#2957,#2958,#2959);
#2961=PLANE('',#2960);
#2962=ORIENTED_EDGE('',*,*,#2947,.T.);
#2963=ORIENTED_EDGE('',*,*,#2933,.T.);
#2965=ORIENTED_EDGE('',*,*,#2964,.F.);
#2967=ORIENTED_EDGE('',*,*,#2966,.F.);
#2968=EDGE_LOOP('',(#2962,#2963,#2965,#2967));
#2969=FACE_OUTER_BOUND('',#2968,.F.);
#2971=CARTESIAN_POINT('',(8.95E0,-2.235725083943E0,1.45E0));
#2972=DIRECTION('',(0.E0,1.E0,0.E0));
#2973=DIRECTION('',(0.E0,0.E0,1.E0));
#2974=AXIS2_PLACEMENT_3D('',#2971,#2972,#2973);
#2975=CYLINDRICAL_SURFACE('',#2974,1.E-1);
#2977=ORIENTED_EDGE('',*,*,#2976,.F.);
#2979=ORIENTED_EDGE('',*,*,#2978,.T.);
#2980=ORIENTED_EDGE('',*,*,#2964,.T.);
#2981=ORIENTED_EDGE('',*,*,#2931,.T.);
#2982=EDGE_LOOP('',(#2977,#2979,#2980,#2981));
#2983=FACE_OUTER_BOUND('',#2982,.F.);
#2985=CARTESIAN_POINT('',(9.05E0,-2.2E0,1.55E0));
#2986=DIRECTION('',(0.E0,0.E0,1.E0));
#2987=DIRECTION('',(-1.E0,0.E0,0.E0));
#2988=AXIS2_PLACEMENT_3D('',#2985,#2986,#2987);
#2989=PLANE('',#2988);
#2991=ORIENTED_EDGE('',*,*,#2990,.F.);
#2993=ORIENTED_EDGE('',*,*,#2992,.F.);
#2994=ORIENTED_EDGE('',*,*,#2976,.T.);
#2995=ORIENTED_EDGE('',*,*,#2929,.T.);
#2996=EDGE_LOOP('',(#2991,#2993,#2994,#2995));
#2997=FACE_OUTER_BOUND('',#2996,.F.);
#2999=CARTESIAN_POINT('',(6.05E0,-2.235725083943E0,1.45E0));
#3000=DIRECTION('',(0.E0,1.E0,0.E0));
#3001=DIRECTION('',(-1.E0,0.E0,0.E0));
#3002=AXIS2_PLACEMENT_3D('',#2999,#3000,#3001);
#3003=CYLINDRICAL_SURFACE('',#3002,1.E-1);
#3005=ORIENTED_EDGE('',*,*,#3004,.F.);
#3007=ORIENTED_EDGE('',*,*,#3006,.T.);
#3008=ORIENTED_EDGE('',*,*,#2990,.T.);
#3009=ORIENTED_EDGE('',*,*,#2927,.T.);
#3010=EDGE_LOOP('',(#3005,#3007,#3008,#3009));
#3011=FACE_OUTER_BOUND('',#3010,.F.);
#3013=CARTESIAN_POINT('',(5.95E0,-2.2E0,1.55E0));
#3014=DIRECTION('',(-1.E0,0.E0,0.E0));
#3015=DIRECTION('',(0.E0,0.E0,-1.E0));
#3016=AXIS2_PLACEMENT_3D('',#3013,#3014,#3015);
#3017=PLANE('',#3016);
#3019=ORIENTED_EDGE('',*,*,#3018,.F.);
#3021=ORIENTED_EDGE('',*,*,#3020,.F.);
#3022=ORIENTED_EDGE('',*,*,#3004,.T.);
#3023=ORIENTED_EDGE('',*,*,#2925,.T.);
#3024=EDGE_LOOP('',(#3019,#3021,#3022,#3023));
#3025=FACE_OUTER_BOUND('',#3024,.F.);
#3027=CARTESIAN_POINT('',(6.05E0,-2.235725083943E0,-1.45E0));
#3028=DIRECTION('',(0.E0,1.E0,0.E0));
#3029=DIRECTION('',(0.E0,0.E0,-1.E0));
#3030=AXIS2_PLACEMENT_3D('',#3027,#3028,#3029);
#3031=CYLINDRICAL_SURFACE('',#3030,1.E-1);
#3033=ORIENTED_EDGE('',*,*,#3032,.F.);
#3035=ORIENTED_EDGE('',*,*,#3034,.T.);
#3036=ORIENTED_EDGE('',*,*,#3018,.T.);
#3037=ORIENTED_EDGE('',*,*,#2923,.T.);
#3038=EDGE_LOOP('',(#3033,#3035,#3036,#3037));
#3039=FACE_OUTER_BOUND('',#3038,.F.);
#3041=CARTESIAN_POINT('',(5.95E0,-2.2E0,-1.55E0));
#3042=DIRECTION('',(0.E0,0.E0,-1.E0));
#3043=DIRECTION('',(1.E0,0.E0,0.E0));
#3044=AXIS2_PLACEMENT_3D('',#3041,#3042,#3043);
#3045=PLANE('',#3044);
#3046=ORIENTED_EDGE('',*,*,#2951,.F.);
#3048=ORIENTED_EDGE('',*,*,#3047,.F.);
#3049=ORIENTED_EDGE('',*,*,#3032,.T.);
#3050=ORIENTED_EDGE('',*,*,#2921,.T.);
#3051=EDGE_LOOP('',(#3046,#3048,#3049,#3050));
#3052=FACE_OUTER_BOUND('',#3051,.F.);
#3054=CARTESIAN_POINT('',(0.E0,-2.2E0,0.E0));
#3055=DIRECTION('',(0.E0,-1.E0,0.E0));
#3056=DIRECTION('',(-1.E0,0.E0,0.E0));
#3057=AXIS2_PLACEMENT_3D('',#3054,#3055,#3056);
#3058=PLANE('',#3057);
#3060=ORIENTED_EDGE('',*,*,#3059,.F.);
#3062=ORIENTED_EDGE('',*,*,#3061,.F.);
#3064=ORIENTED_EDGE('',*,*,#3063,.F.);
#3066=ORIENTED_EDGE('',*,*,#3065,.F.);
#3068=ORIENTED_EDGE('',*,*,#3067,.F.);
#3070=ORIENTED_EDGE('',*,*,#3069,.F.);
#3072=ORIENTED_EDGE('',*,*,#3071,.T.);
#3074=ORIENTED_EDGE('',*,*,#3073,.T.);
#3075=EDGE_LOOP('',(#3060,#3062,#3064,#3066,#3068,#3070,#3072,#3074));
#3076=FACE_OUTER_BOUND('',#3075,.F.);
#3077=ORIENTED_EDGE('',*,*,#3020,.T.);
#3078=ORIENTED_EDGE('',*,*,#3034,.F.);
#3079=ORIENTED_EDGE('',*,*,#3047,.T.);
#3080=ORIENTED_EDGE('',*,*,#2949,.F.);
#3081=ORIENTED_EDGE('',*,*,#2966,.T.);
#3082=ORIENTED_EDGE('',*,*,#2978,.F.);
#3083=ORIENTED_EDGE('',*,*,#2992,.T.);
#3084=ORIENTED_EDGE('',*,*,#3006,.F.);
#3085=EDGE_LOOP('',(#3077,#3078,#3079,#3080,#3081,#3082,#3083,#3084));
#3086=FACE_BOUND('',#3085,.F.);
#3088=CARTESIAN_POINT('',(0.E0,-2.2E0,0.E0));
#3089=DIRECTION('',(0.E0,-1.E0,0.E0));
#3090=DIRECTION('',(-1.E0,0.E0,0.E0));
#3091=AXIS2_PLACEMENT_3D('',#3088,#3089,#3090);
#3092=PLANE('',#3091);
#3094=ORIENTED_EDGE('',*,*,#3093,.F.);
#3096=ORIENTED_EDGE('',*,*,#3095,.F.);
#3098=ORIENTED_EDGE('',*,*,#3097,.F.);
#3100=ORIENTED_EDGE('',*,*,#3099,.F.);
#3102=ORIENTED_EDGE('',*,*,#3101,.F.);
#3104=ORIENTED_EDGE('',*,*,#3103,.F.);
#3106=ORIENTED_EDGE('',*,*,#3105,.F.);
#3108=ORIENTED_EDGE('',*,*,#3107,.F.);
#3109=EDGE_LOOP('',(#3094,#3096,#3098,#3100,#3102,#3104,#3106,#3108));
#3110=FACE_OUTER_BOUND('',#3109,.F.);
#3112=ORIENTED_EDGE('',*,*,#3111,.F.);
#3114=ORIENTED_EDGE('',*,*,#3113,.F.);
#3116=ORIENTED_EDGE('',*,*,#3115,.F.);
#3118=ORIENTED_EDGE('',*,*,#3117,.F.);
#3120=ORIENTED_EDGE('',*,*,#3119,.F.);
#3122=ORIENTED_EDGE('',*,*,#3121,.F.);
#3124=ORIENTED_EDGE('',*,*,#3123,.F.);
#3126=ORIENTED_EDGE('',*,*,#3125,.F.);
#3127=EDGE_LOOP('',(#3112,#3114,#3116,#3118,#3120,#3122,#3124,#3126));
#3128=FACE_BOUND('',#3127,.F.);
#3130=CARTESIAN_POINT('',(-5.95E0,-2.2E0,-1.55E0));
#3131=DIRECTION('',(0.E0,0.E0,1.E0));
#3132=DIRECTION('',(-1.E0,0.E0,0.E0));
#3133=AXIS2_PLACEMENT_3D('',#3130,#3131,#3132);
#3134=PLANE('',#3133);
#3136=ORIENTED_EDGE('',*,*,#3135,.F.);
#3138=ORIENTED_EDGE('',*,*,#3137,.F.);
#3140=ORIENTED_EDGE('',*,*,#3139,.T.);
#3141=ORIENTED_EDGE('',*,*,#3111,.T.);
#3142=EDGE_LOOP('',(#3136,#3138,#3140,#3141));
#3143=FACE_OUTER_BOUND('',#3142,.F.);
#3145=CARTESIAN_POINT('',(-8.95E0,-1.369474778735E0,-1.45E0));
#3146=DIRECTION('',(0.E0,-1.E0,0.E0));
#3147=DIRECTION('',(-1.E0,0.E0,0.E0));
#3148=AXIS2_PLACEMENT_3D('',#3145,#3146,#3147);
#3149=CYLINDRICAL_SURFACE('',#3148,1.E-1);
#3151=ORIENTED_EDGE('',*,*,#3150,.F.);
#3153=ORIENTED_EDGE('',*,*,#3152,.T.);
#3154=ORIENTED_EDGE('',*,*,#3135,.T.);
#3155=ORIENTED_EDGE('',*,*,#3125,.T.);
#3156=EDGE_LOOP('',(#3151,#3153,#3154,#3155));
#3157=FACE_OUTER_BOUND('',#3156,.F.);
#3159=CARTESIAN_POINT('',(-9.05E0,-2.2E0,-1.55E0));
#3160=DIRECTION('',(1.E0,0.E0,0.E0));
#3161=DIRECTION('',(0.E0,0.E0,1.E0));
#3162=AXIS2_PLACEMENT_3D('',#3159,#3160,#3161);
#3163=PLANE('',#3162);
#3164=ORIENTED_EDGE('',*,*,#3150,.T.);
#3165=ORIENTED_EDGE('',*,*,#3123,.T.);
#3167=ORIENTED_EDGE('',*,*,#3166,.F.);
#3169=ORIENTED_EDGE('',*,*,#3168,.F.);
#3170=EDGE_LOOP('',(#3164,#3165,#3167,#3169));
#3171=FACE_OUTER_BOUND('',#3170,.F.);
#3173=CARTESIAN_POINT('',(-8.95E0,-1.369474778735E0,1.45E0));
#3174=DIRECTION('',(0.E0,-1.E0,0.E0));
#3175=DIRECTION('',(0.E0,0.E0,1.E0));
#3176=AXIS2_PLACEMENT_3D('',#3173,#3174,#3175);
#3177=CYLINDRICAL_SURFACE('',#3176,1.E-1);
#3179=ORIENTED_EDGE('',*,*,#3178,.F.);
#3181=ORIENTED_EDGE('',*,*,#3180,.T.);
#3182=ORIENTED_EDGE('',*,*,#3166,.T.);
#3183=ORIENTED_EDGE('',*,*,#3121,.T.);
#3184=EDGE_LOOP('',(#3179,#3181,#3182,#3183));
#3185=FACE_OUTER_BOUND('',#3184,.F.);
#3187=CARTESIAN_POINT('',(-9.05E0,-2.2E0,1.55E0));
#3188=DIRECTION('',(0.E0,0.E0,-1.E0));
#3189=DIRECTION('',(1.E0,0.E0,0.E0));
#3190=AXIS2_PLACEMENT_3D('',#3187,#3188,#3189);
#3191=PLANE('',#3190);
#3193=ORIENTED_EDGE('',*,*,#3192,.F.);
#3195=ORIENTED_EDGE('',*,*,#3194,.F.);
#3196=ORIENTED_EDGE('',*,*,#3178,.T.);
#3197=ORIENTED_EDGE('',*,*,#3119,.T.);
#3198=EDGE_LOOP('',(#3193,#3195,#3196,#3197));
#3199=FACE_OUTER_BOUND('',#3198,.F.);
#3201=CARTESIAN_POINT('',(-6.05E0,-1.369474778735E0,1.45E0));
#3202=DIRECTION('',(0.E0,-1.E0,0.E0));
#3203=DIRECTION('',(1.E0,0.E0,0.E0));
#3204=AXIS2_PLACEMENT_3D('',#3201,#3202,#3203);
#3205=CYLINDRICAL_SURFACE('',#3204,1.E-1);
#3207=ORIENTED_EDGE('',*,*,#3206,.F.);
#3209=ORIENTED_EDGE('',*,*,#3208,.T.);
#3210=ORIENTED_EDGE('',*,*,#3192,.T.);
#3211=ORIENTED_EDGE('',*,*,#3117,.T.);
#3212=EDGE_LOOP('',(#3207,#3209,#3210,#3211));
#3213=FACE_OUTER_BOUND('',#3212,.F.);
#3215=CARTESIAN_POINT('',(-5.95E0,-2.2E0,1.55E0));
#3216=DIRECTION('',(-1.E0,0.E0,0.E0));
#3217=DIRECTION('',(0.E0,0.E0,-1.E0));
#3218=AXIS2_PLACEMENT_3D('',#3215,#3216,#3217);
#3219=PLANE('',#3218);
#3221=ORIENTED_EDGE('',*,*,#3220,.F.);
#3223=ORIENTED_EDGE('',*,*,#3222,.F.);
#3224=ORIENTED_EDGE('',*,*,#3206,.T.);
#3225=ORIENTED_EDGE('',*,*,#3115,.T.);
#3226=EDGE_LOOP('',(#3221,#3223,#3224,#3225));
#3227=FACE_OUTER_BOUND('',#3226,.F.);
#3229=CARTESIAN_POINT('',(-6.05E0,-1.369474778735E0,-1.45E0));
#3230=DIRECTION('',(0.E0,-1.E0,0.E0));
#3231=DIRECTION('',(0.E0,0.E0,-1.E0));
#3232=AXIS2_PLACEMENT_3D('',#3229,#3230,#3231);
#3233=CYLINDRICAL_SURFACE('',#3232,1.E-1);
#3234=ORIENTED_EDGE('',*,*,#3139,.F.);
#3236=ORIENTED_EDGE('',*,*,#3235,.T.);
#3237=ORIENTED_EDGE('',*,*,#3220,.T.);
#3238=ORIENTED_EDGE('',*,*,#3113,.T.);
#3239=EDGE_LOOP('',(#3234,#3236,#3237,#3238));
#3240=FACE_OUTER_BOUND('',#3239,.F.);
#3242=CARTESIAN_POINT('',(0.E0,-1.4E0,0.E0));
#3243=DIRECTION('',(0.E0,1.E0,0.E0));
#3244=DIRECTION('',(1.E0,0.E0,0.E0));
#3245=AXIS2_PLACEMENT_3D('',#3242,#3243,#3244);
#3246=PLANE('',#3245);
#3247=ORIENTED_EDGE('',*,*,#3152,.F.);
#3248=ORIENTED_EDGE('',*,*,#3168,.T.);
#3249=ORIENTED_EDGE('',*,*,#3180,.F.);
#3250=ORIENTED_EDGE('',*,*,#3194,.T.);
#3251=ORIENTED_EDGE('',*,*,#3208,.F.);
#3252=ORIENTED_EDGE('',*,*,#3222,.T.);
#3253=ORIENTED_EDGE('',*,*,#3235,.F.);
#3254=ORIENTED_EDGE('',*,*,#3137,.T.);
#3255=EDGE_LOOP('',(#3247,#3248,#3249,#3250,#3251,#3252,#3253,#3254));
#3256=FACE_OUTER_BOUND('',#3255,.F.);
#3258=ORIENTED_EDGE('',*,*,#3257,.T.);
#3260=ORIENTED_EDGE('',*,*,#3259,.T.);
#3261=EDGE_LOOP('',(#3258,#3260));
#3262=FACE_BOUND('',#3261,.F.);
#3264=CARTESIAN_POINT('',(-7.5E0,3.4E0,0.E0));
#3265=DIRECTION('',(0.E0,-1.E0,0.E0));
#3266=DIRECTION('',(-1.E0,0.E0,0.E0));
#3267=AXIS2_PLACEMENT_3D('',#3264,#3265,#3266);
#3268=CYLINDRICAL_SURFACE('',#3267,1.5E0);
#3270=ORIENTED_EDGE('',*,*,#3269,.T.);
#3272=ORIENTED_EDGE('',*,*,#3271,.T.);
#3273=ORIENTED_EDGE('',*,*,#3257,.F.);
#3275=ORIENTED_EDGE('',*,*,#3274,.F.);
#3276=EDGE_LOOP('',(#3270,#3272,#3273,#3275));
#3277=FACE_OUTER_BOUND('',#3276,.F.);
#3279=CARTESIAN_POINT('',(-7.5E0,2.4E0,0.E0));
#3280=DIRECTION('',(0.E0,1.E0,0.E0));
#3281=DIRECTION('',(-1.E0,0.E0,0.E0));
#3282=AXIS2_PLACEMENT_3D('',#3279,#3280,#3281);
#3283=PLANE('',#3282);
#3285=ORIENTED_EDGE('',*,*,#3284,.F.);
#3287=ORIENTED_EDGE('',*,*,#3286,.F.);
#3288=EDGE_LOOP('',(#3285,#3287));
#3289=FACE_OUTER_BOUND('',#3288,.F.);
#3290=ORIENTED_EDGE('',*,*,#3269,.F.);
#3292=ORIENTED_EDGE('',*,*,#3291,.F.);
#3293=EDGE_LOOP('',(#3290,#3292));
#3294=FACE_BOUND('',#3293,.F.);
#3296=CARTESIAN_POINT('',(-7.5E0,3.4E0,0.E0));
#3297=DIRECTION('',(0.E0,1.E0,0.E0));
#3298=DIRECTION('',(-1.E0,0.E0,0.E0));
#3299=AXIS2_PLACEMENT_3D('',#3296,#3297,#3298);
#3300=CYLINDRICAL_SURFACE('',#3299,1.625E0);
#3301=ORIENTED_EDGE('',*,*,#2829,.F.);
#3303=ORIENTED_EDGE('',*,*,#3302,.T.);
#3304=ORIENTED_EDGE('',*,*,#3284,.T.);
#3306=ORIENTED_EDGE('',*,*,#3305,.F.);
#3307=EDGE_LOOP('',(#3301,#3303,#3304,#3306));
#3308=FACE_OUTER_BOUND('',#3307,.F.);
#3310=CARTESIAN_POINT('',(-7.5E0,3.4E0,0.E0));
#3311=DIRECTION('',(0.E0,1.E0,0.E0));
#3312=DIRECTION('',(-1.E0,0.E0,0.E0));
#3313=AXIS2_PLACEMENT_3D('',#3310,#3311,#3312);
#3314=CYLINDRICAL_SURFACE('',#3313,1.625E0);
#3315=ORIENTED_EDGE('',*,*,#2831,.F.);
#3316=ORIENTED_EDGE('',*,*,#3305,.T.);
#3317=ORIENTED_EDGE('',*,*,#3286,.T.);
#3318=ORIENTED_EDGE('',*,*,#3302,.F.);
#3319=EDGE_LOOP('',(#3315,#3316,#3317,#3318));
#3320=FACE_OUTER_BOUND('',#3319,.F.);
#3322=CARTESIAN_POINT('',(-7.5E0,3.4E0,0.E0));
#3323=DIRECTION('',(0.E0,-1.E0,0.E0));
#3324=DIRECTION('',(-1.E0,0.E0,0.E0));
#3325=AXIS2_PLACEMENT_3D('',#3322,#3323,#3324);
#3326=CYLINDRICAL_SURFACE('',#3325,1.5E0);
#3327=ORIENTED_EDGE('',*,*,#3291,.T.);
#3328=ORIENTED_EDGE('',*,*,#3274,.T.);
#3329=ORIENTED_EDGE('',*,*,#3259,.F.);
#3330=ORIENTED_EDGE('',*,*,#3271,.F.);
#3331=EDGE_LOOP('',(#3327,#3328,#3329,#3330));
#3332=FACE_OUTER_BOUND('',#3331,.F.);
#3334=CARTESIAN_POINT('',(4.75E0,3.4E0,-3.275E0));
#3335=DIRECTION('',(1.E0,0.E0,0.E0));
#3336=DIRECTION('',(0.E0,0.E0,1.E0));
#3337=AXIS2_PLACEMENT_3D('',#3334,#3335,#3336);
#3338=PLANE('',#3337);
#3340=ORIENTED_EDGE('',*,*,#3339,.T.);
#3342=ORIENTED_EDGE('',*,*,#3341,.F.);
#3344=ORIENTED_EDGE('',*,*,#3343,.F.);
#3345=ORIENTED_EDGE('',*,*,#3059,.T.);
#3347=ORIENTED_EDGE('',*,*,#3346,.F.);
#3348=ORIENTED_EDGE('',*,*,#2795,.T.);
#3349=EDGE_LOOP('',(#3340,#3342,#3344,#3345,#3347,#3348));
#3350=FACE_OUTER_BOUND('',#3349,.F.);
#3352=CARTESIAN_POINT('',(-9.2E0,3.4E0,-2.775E0));
#3353=DIRECTION('',(0.E0,0.E0,-1.E0));
#3354=DIRECTION('',(1.E0,0.E0,0.E0));
#3355=AXIS2_PLACEMENT_3D('',#3352,#3353,#3354);
#3356=PLANE('',#3355);
#3358=ORIENTED_EDGE('',*,*,#3357,.F.);
#3359=ORIENTED_EDGE('',*,*,#2785,.F.);
#3361=ORIENTED_EDGE('',*,*,#3360,.T.);
#3362=ORIENTED_EDGE('',*,*,#3099,.T.);
#3363=EDGE_LOOP('',(#3358,#3359,#3361,#3362));
#3364=FACE_OUTER_BOUND('',#3363,.F.);
#3366=CARTESIAN_POINT('',(-9.2E0,3.4E0,-2.775E0));
#3367=DIRECTION('',(0.E0,0.E0,-1.E0));
#3368=DIRECTION('',(1.E0,0.E0,0.E0));
#3369=AXIS2_PLACEMENT_3D('',#3366,#3367,#3368);
#3370=PLANE('',#3369);
#3372=ORIENTED_EDGE('',*,*,#3371,.T.);
#3373=ORIENTED_EDGE('',*,*,#3069,.T.);
#3375=ORIENTED_EDGE('',*,*,#3374,.F.);
#3376=ORIENTED_EDGE('',*,*,#2801,.F.);
#3377=EDGE_LOOP('',(#3372,#3373,#3375,#3376));
#3378=FACE_OUTER_BOUND('',#3377,.F.);
#3380=CARTESIAN_POINT('',(-9.2E0,3.4E0,-2.775E0));
#3381=DIRECTION('',(0.E0,0.E0,-1.E0));
#3382=DIRECTION('',(1.E0,0.E0,0.E0));
#3383=AXIS2_PLACEMENT_3D('',#3380,#3381,#3382);
#3384=PLANE('',#3383);
#3386=ORIENTED_EDGE('',*,*,#3385,.F.);
#3388=ORIENTED_EDGE('',*,*,#3387,.F.);
#3390=ORIENTED_EDGE('',*,*,#3389,.F.);
#3392=ORIENTED_EDGE('',*,*,#3391,.F.);
#3394=ORIENTED_EDGE('',*,*,#3393,.F.);
#3395=ORIENTED_EDGE('',*,*,#3339,.F.);
#3396=ORIENTED_EDGE('',*,*,#2793,.F.);
#3398=ORIENTED_EDGE('',*,*,#3397,.T.);
#3400=ORIENTED_EDGE('',*,*,#3399,.F.);
#3402=ORIENTED_EDGE('',*,*,#3401,.F.);
#3404=ORIENTED_EDGE('',*,*,#3403,.F.);
#3406=ORIENTED_EDGE('',*,*,#3405,.F.);
#3408=ORIENTED_EDGE('',*,*,#3407,.F.);
#3410=ORIENTED_EDGE('',*,*,#3409,.F.);
#3412=ORIENTED_EDGE('',*,*,#3411,.F.);
#3414=ORIENTED_EDGE('',*,*,#3413,.F.);
#3416=ORIENTED_EDGE('',*,*,#3415,.F.);
#3418=ORIENTED_EDGE('',*,*,#3417,.F.);
#3420=ORIENTED_EDGE('',*,*,#3419,.F.);
#3422=ORIENTED_EDGE('',*,*,#3421,.F.);
#3423=EDGE_LOOP('',(#3386,#3388,#3390,#3392,#3394,#3395,#3396,#3398,#3400,#3402,
#3404,#3406,#3408,#3410,#3412,#3414,#3416,#3418,#3420,#3422));
#3424=FACE_OUTER_BOUND('',#3423,.F.);
#3426=CARTESIAN_POINT('',(-5.75E0,3.4E0,-2.775E0));
#3427=DIRECTION('',(-1.E0,0.E0,0.E0));
#3428=DIRECTION('',(0.E0,0.E0,-1.E0));
#3429=AXIS2_PLACEMENT_3D('',#3426,#3427,#3428);
#3430=PLANE('',#3429);
#3431=ORIENTED_EDGE('',*,*,#3357,.T.);
#3432=ORIENTED_EDGE('',*,*,#3097,.T.);
#3434=ORIENTED_EDGE('',*,*,#3433,.F.);
#3435=ORIENTED_EDGE('',*,*,#2787,.F.);
#3436=EDGE_LOOP('',(#3431,#3432,#3434,#3435));
#3437=FACE_OUTER_BOUND('',#3436,.F.);
#3439=CARTESIAN_POINT('',(-5.75E0,3.4E0,-3.275E0));
#3440=DIRECTION('',(0.E0,0.E0,-1.E0));
#3441=DIRECTION('',(1.E0,0.E0,0.E0));
#3442=AXIS2_PLACEMENT_3D('',#3439,#3440,#3441);
#3443=PLANE('',#3442);
#3444=ORIENTED_EDGE('',*,*,#2789,.F.);
#3445=ORIENTED_EDGE('',*,*,#3433,.T.);
#3446=ORIENTED_EDGE('',*,*,#3095,.T.);
#3448=ORIENTED_EDGE('',*,*,#3447,.F.);
#3449=EDGE_LOOP('',(#3444,#3445,#3446,#3448));
#3450=FACE_OUTER_BOUND('',#3449,.F.);
#3452=CARTESIAN_POINT('',(-4.75E0,3.4E0,-3.275E0));
#3453=DIRECTION('',(1.E0,0.E0,0.E0));
#3454=DIRECTION('',(0.E0,0.E0,1.E0));
#3455=AXIS2_PLACEMENT_3D('',#3452,#3453,#3454);
#3456=PLANE('',#3455);
#3457=ORIENTED_EDGE('',*,*,#3093,.T.);
#3459=ORIENTED_EDGE('',*,*,#3458,.T.);
#3461=ORIENTED_EDGE('',*,*,#3460,.T.);
#3462=ORIENTED_EDGE('',*,*,#3397,.F.);
#3463=ORIENTED_EDGE('',*,*,#2791,.F.);
#3464=ORIENTED_EDGE('',*,*,#3447,.T.);
#3465=EDGE_LOOP('',(#3457,#3459,#3461,#3462,#3463,#3464));
#3466=FACE_OUTER_BOUND('',#3465,.F.);
#3468=CARTESIAN_POINT('',(9.2E0,3.4E0,2.775E0));
#3469=DIRECTION('',(0.E0,0.E0,1.E0));
#3470=DIRECTION('',(-1.E0,0.E0,0.E0));
#3471=AXIS2_PLACEMENT_3D('',#3468,#3469,#3470);
#3472=PLANE('',#3471);
#3474=ORIENTED_EDGE('',*,*,#3473,.F.);
#3475=ORIENTED_EDGE('',*,*,#2825,.F.);
#3477=ORIENTED_EDGE('',*,*,#3476,.T.);
#3479=ORIENTED_EDGE('',*,*,#3478,.F.);
#3481=ORIENTED_EDGE('',*,*,#3480,.F.);
#3482=ORIENTED_EDGE('',*,*,#2809,.F.);
#3484=ORIENTED_EDGE('',*,*,#3483,.T.);
#3485=ORIENTED_EDGE('',*,*,#3061,.T.);
#3486=ORIENTED_EDGE('',*,*,#3343,.T.);
#3488=ORIENTED_EDGE('',*,*,#3487,.T.);
#3490=ORIENTED_EDGE('',*,*,#3489,.T.);
#3492=ORIENTED_EDGE('',*,*,#3491,.T.);
#3494=ORIENTED_EDGE('',*,*,#3493,.T.);
#3496=ORIENTED_EDGE('',*,*,#3495,.T.);
#3498=ORIENTED_EDGE('',*,*,#3497,.T.);
#3500=ORIENTED_EDGE('',*,*,#3499,.T.);
#3502=ORIENTED_EDGE('',*,*,#3501,.T.);
#3504=ORIENTED_EDGE('',*,*,#3503,.T.);
#3506=ORIENTED_EDGE('',*,*,#3505,.T.);
#3508=ORIENTED_EDGE('',*,*,#3507,.T.);
#3510=ORIENTED_EDGE('',*,*,#3509,.T.);
#3512=ORIENTED_EDGE('',*,*,#3511,.T.);
#3514=ORIENTED_EDGE('',*,*,#3513,.T.);
#3516=ORIENTED_EDGE('',*,*,#3515,.T.);
#3518=ORIENTED_EDGE('',*,*,#3517,.T.);
#3520=ORIENTED_EDGE('',*,*,#3519,.T.);
#3521=EDGE_LOOP('',(#3474,#3475,#3477,#3479,#3481,#3482,#3484,#3485,#3486,#3488,
#3490,#3492,#3494,#3496,#3498,#3500,#3502,#3504,#3506,#3508,#3510,#3512,#3514,
#3516,#3518,#3520));
#3522=FACE_OUTER_BOUND('',#3521,.F.);
#3524=CARTESIAN_POINT('',(9.2E0,3.4E0,2.775E0));
#3525=DIRECTION('',(0.E0,0.E0,1.E0));
#3526=DIRECTION('',(-1.E0,0.E0,0.E0));
#3527=AXIS2_PLACEMENT_3D('',#3524,#3525,#3526);
#3528=PLANE('',#3527);
#3530=ORIENTED_EDGE('',*,*,#3529,.T.);
#3532=ORIENTED_EDGE('',*,*,#3531,.T.);
#3533=ORIENTED_EDGE('',*,*,#3458,.F.);
#3534=ORIENTED_EDGE('',*,*,#3107,.T.);
#3536=ORIENTED_EDGE('',*,*,#3535,.F.);
#3537=ORIENTED_EDGE('',*,*,#2777,.F.);
#3538=EDGE_LOOP('',(#3530,#3532,#3533,#3534,#3536,#3537));
#3539=FACE_OUTER_BOUND('',#3538,.F.);
#3541=CARTESIAN_POINT('',(-3.85E0,3.4E0,2.925E0));
#3542=DIRECTION('',(1.E0,0.E0,0.E0));
#3543=DIRECTION('',(0.E0,0.E0,-1.E0));
#3544=AXIS2_PLACEMENT_3D('',#3541,#3542,#3543);
#3545=PLANE('',#3544);
#3546=ORIENTED_EDGE('',*,*,#2771,.F.);
#3547=ORIENTED_EDGE('',*,*,#3473,.T.);
#3549=ORIENTED_EDGE('',*,*,#3548,.T.);
#3551=ORIENTED_EDGE('',*,*,#3550,.F.);
#3552=EDGE_LOOP('',(#3546,#3547,#3549,#3551));
#3553=FACE_OUTER_BOUND('',#3552,.F.);
#3555=CARTESIAN_POINT('',(4.75E0,-1.7E0,3.38E0));
#3556=DIRECTION('',(0.E0,1.E0,0.E0));
#3557=DIRECTION('',(-1.E0,0.E0,0.E0));
#3558=AXIS2_PLACEMENT_3D('',#3555,#3556,#3557);
#3559=PLANE('',#3558);
#3561=ORIENTED_EDGE('',*,*,#3560,.F.);
#3562=ORIENTED_EDGE('',*,*,#3407,.T.);
#3564=ORIENTED_EDGE('',*,*,#3563,.T.);
#3565=ORIENTED_EDGE('',*,*,#3511,.F.);
#3566=EDGE_LOOP('',(#3561,#3562,#3564,#3565));
#3567=FACE_OUTER_BOUND('',#3566,.F.);
#3569=ORIENTED_EDGE('',*,*,#3568,.T.);
#3571=ORIENTED_EDGE('',*,*,#3570,.T.);
#3572=EDGE_LOOP('',(#3569,#3571));
#3573=FACE_BOUND('',#3572,.F.);
#3575=ORIENTED_EDGE('',*,*,#3574,.T.);
#3577=ORIENTED_EDGE('',*,*,#3576,.T.);
#3578=EDGE_LOOP('',(#3575,#3577));
#3579=FACE_BOUND('',#3578,.F.);
#3581=CARTESIAN_POINT('',(4.75E0,-1.7E0,3.38E0));
#3582=DIRECTION('',(0.E0,1.E0,0.E0));
#3583=DIRECTION('',(-1.E0,0.E0,0.E0));
#3584=AXIS2_PLACEMENT_3D('',#3581,#3582,#3583);
#3585=PLANE('',#3584);
#3587=ORIENTED_EDGE('',*,*,#3586,.F.);
#3588=ORIENTED_EDGE('',*,*,#3415,.T.);
#3590=ORIENTED_EDGE('',*,*,#3589,.T.);
#3591=ORIENTED_EDGE('',*,*,#3503,.F.);
#3592=EDGE_LOOP('',(#3587,#3588,#3590,#3591));
#3593=FACE_OUTER_BOUND('',#3592,.F.);
#3595=ORIENTED_EDGE('',*,*,#3594,.T.);
#3597=ORIENTED_EDGE('',*,*,#3596,.T.);
#3598=EDGE_LOOP('',(#3595,#3597));
#3599=FACE_BOUND('',#3598,.F.);
#3601=ORIENTED_EDGE('',*,*,#3600,.T.);
#3603=ORIENTED_EDGE('',*,*,#3602,.T.);
#3604=EDGE_LOOP('',(#3601,#3603));
#3605=FACE_BOUND('',#3604,.F.);
#3607=CARTESIAN_POINT('',(4.75E0,-1.7E0,3.38E0));
#3608=DIRECTION('',(0.E0,1.E0,0.E0));
#3609=DIRECTION('',(-1.E0,0.E0,0.E0));
#3610=AXIS2_PLACEMENT_3D('',#3607,#3608,#3609);
#3611=PLANE('',#3610);
#3613=ORIENTED_EDGE('',*,*,#3612,.T.);
#3614=ORIENTED_EDGE('',*,*,#3487,.F.);
#3615=ORIENTED_EDGE('',*,*,#3341,.T.);
#3616=ORIENTED_EDGE('',*,*,#3393,.T.);
#3617=EDGE_LOOP('',(#3613,#3614,#3615,#3616));
#3618=FACE_OUTER_BOUND('',#3617,.F.);
#3620=ORIENTED_EDGE('',*,*,#3619,.T.);
#3622=ORIENTED_EDGE('',*,*,#3621,.T.);
#3623=EDGE_LOOP('',(#3620,#3622));
#3624=FACE_BOUND('',#3623,.F.);
#3626=ORIENTED_EDGE('',*,*,#3625,.T.);
#3628=ORIENTED_EDGE('',*,*,#3627,.T.);
#3629=EDGE_LOOP('',(#3626,#3628));
#3630=FACE_BOUND('',#3629,.F.);
#3632=CARTESIAN_POINT('',(4.75E0,-1.7E0,3.38E0));
#3633=DIRECTION('',(0.E0,1.E0,0.E0));
#3634=DIRECTION('',(-1.E0,0.E0,0.E0));
#3635=AXIS2_PLACEMENT_3D('',#3632,#3633,#3634);
#3636=PLANE('',#3635);
#3638=ORIENTED_EDGE('',*,*,#3637,.F.);
#3639=ORIENTED_EDGE('',*,*,#3385,.T.);
#3641=ORIENTED_EDGE('',*,*,#3640,.T.);
#3642=ORIENTED_EDGE('',*,*,#3495,.F.);
#3643=EDGE_LOOP('',(#3638,#3639,#3641,#3642));
#3644=FACE_OUTER_BOUND('',#3643,.F.);
#3646=ORIENTED_EDGE('',*,*,#3645,.T.);
#3648=ORIENTED_EDGE('',*,*,#3647,.T.);
#3649=EDGE_LOOP('',(#3646,#3648));
#3650=FACE_BOUND('',#3649,.F.);
#3652=ORIENTED_EDGE('',*,*,#3651,.T.);
#3654=ORIENTED_EDGE('',*,*,#3653,.T.);
#3655=EDGE_LOOP('',(#3652,#3654));
#3656=FACE_BOUND('',#3655,.F.);
#3658=CARTESIAN_POINT('',(4.75E0,-1.7E0,3.38E0));
#3659=DIRECTION('',(0.E0,1.E0,0.E0));
#3660=DIRECTION('',(-1.E0,0.E0,0.E0));
#3661=AXIS2_PLACEMENT_3D('',#3658,#3659,#3660);
#3662=PLANE('',#3661);
#3663=ORIENTED_EDGE('',*,*,#3548,.F.);
#3664=ORIENTED_EDGE('',*,*,#3519,.F.);
#3666=ORIENTED_EDGE('',*,*,#3665,.F.);
#3667=ORIENTED_EDGE('',*,*,#3399,.T.);
#3668=ORIENTED_EDGE('',*,*,#3460,.F.);
#3669=ORIENTED_EDGE('',*,*,#3531,.F.);
#3671=ORIENTED_EDGE('',*,*,#3670,.T.);
#3673=ORIENTED_EDGE('',*,*,#3672,.F.);
#3674=EDGE_LOOP('',(#3663,#3664,#3666,#3667,#3668,#3669,#3671,#3673));
#3675=FACE_OUTER_BOUND('',#3674,.F.);
#3677=ORIENTED_EDGE('',*,*,#3676,.T.);
#3679=ORIENTED_EDGE('',*,*,#3678,.T.);
#3680=EDGE_LOOP('',(#3677,#3679));
#3681=FACE_BOUND('',#3680,.F.);
#3683=ORIENTED_EDGE('',*,*,#3682,.T.);
#3685=ORIENTED_EDGE('',*,*,#3684,.T.);
#3686=EDGE_LOOP('',(#3683,#3685));
#3687=FACE_BOUND('',#3686,.F.);
#3689=CARTESIAN_POINT('',(4.E0,-1.61E0,1.E0));
#3690=DIRECTION('',(0.E0,-1.E0,0.E0));
#3691=DIRECTION('',(1.E0,0.E0,0.E0));
#3692=AXIS2_PLACEMENT_3D('',#3689,#3690,#3691);
#3693=CONICAL_SURFACE('',#3692,3.45E-1,4.5E1);
#3694=ORIENTED_EDGE('',*,*,#3619,.F.);
#3696=ORIENTED_EDGE('',*,*,#3695,.T.);
#3698=ORIENTED_EDGE('',*,*,#3697,.T.);
#3700=ORIENTED_EDGE('',*,*,#3699,.F.);
#3701=EDGE_LOOP('',(#3694,#3696,#3698,#3700));
#3702=FACE_OUTER_BOUND('',#3701,.F.);
#3704=CARTESIAN_POINT('',(4.E0,-1.61E0,1.E0));
#3705=DIRECTION('',(0.E0,-1.E0,0.E0));
#3706=DIRECTION('',(1.E0,0.E0,0.E0));
#3707=AXIS2_PLACEMENT_3D('',#3704,#3705,#3706);
#3708=CONICAL_SURFACE('',#3707,3.45E-1,4.5E1);
#3709=ORIENTED_EDGE('',*,*,#3621,.F.);
#3710=ORIENTED_EDGE('',*,*,#3699,.T.);
#3712=ORIENTED_EDGE('',*,*,#3711,.T.);
#3713=ORIENTED_EDGE('',*,*,#3695,.F.);
#3714=EDGE_LOOP('',(#3709,#3710,#3712,#3713));
#3715=FACE_OUTER_BOUND('',#3714,.F.);
#3717=CARTESIAN_POINT('',(4.E0,0.E0,1.E0));
#3718=DIRECTION('',(0.E0,-1.E0,0.E0));
#3719=DIRECTION('',(1.E0,0.E0,0.E0));
#3720=AXIS2_PLACEMENT_3D('',#3717,#3718,#3719);
#3721=CYLINDRICAL_SURFACE('',#3720,2.55E-1);
#3723=ORIENTED_EDGE('',*,*,#3722,.T.);
#3725=ORIENTED_EDGE('',*,*,#3724,.T.);
#3726=ORIENTED_EDGE('',*,*,#3711,.F.);
#3728=ORIENTED_EDGE('',*,*,#3727,.F.);
#3729=EDGE_LOOP('',(#3723,#3725,#3726,#3728));
#3730=FACE_OUTER_BOUND('',#3729,.F.);
#3732=CARTESIAN_POINT('',(0.E0,0.E0,0.E0));
#3733=DIRECTION('',(0.E0,-1.E0,0.E0));
#3734=DIRECTION('',(-1.E0,0.E0,0.E0));
#3735=AXIS2_PLACEMENT_3D('',#3732,#3733,#3734);
#3736=PLANE('',#3735);
#3737=ORIENTED_EDGE('',*,*,#3478,.T.);
#3739=ORIENTED_EDGE('',*,*,#3738,.T.);
#3741=ORIENTED_EDGE('',*,*,#3740,.T.);
#3743=ORIENTED_EDGE('',*,*,#3742,.T.);
#3745=ORIENTED_EDGE('',*,*,#3744,.T.);
#3747=ORIENTED_EDGE('',*,*,#3746,.T.);
#3749=ORIENTED_EDGE('',*,*,#3748,.T.);
#3751=ORIENTED_EDGE('',*,*,#3750,.T.);
#3752=EDGE_LOOP('',(#3737,#3739,#3741,#3743,#3745,#3747,#3749,#3751));
#3753=FACE_OUTER_BOUND('',#3752,.F.);
#3755=ORIENTED_EDGE('',*,*,#3754,.F.);
#3757=ORIENTED_EDGE('',*,*,#3756,.F.);
#3758=EDGE_LOOP('',(#3755,#3757));
#3759=FACE_BOUND('',#3758,.F.);
#3761=ORIENTED_EDGE('',*,*,#3760,.F.);
#3763=ORIENTED_EDGE('',*,*,#3762,.F.);
#3764=EDGE_LOOP('',(#3761,#3763));
#3765=FACE_BOUND('',#3764,.F.);
#3767=ORIENTED_EDGE('',*,*,#3766,.F.);
#3769=ORIENTED_EDGE('',*,*,#3768,.F.);
#3770=EDGE_LOOP('',(#3767,#3769));
#3771=FACE_BOUND('',#3770,.F.);
#3773=ORIENTED_EDGE('',*,*,#3772,.F.);
#3775=ORIENTED_EDGE('',*,*,#3774,.F.);
#3776=EDGE_LOOP('',(#3773,#3775));
#3777=FACE_BOUND('',#3776,.F.);
#3779=ORIENTED_EDGE('',*,*,#3778,.F.);
#3781=ORIENTED_EDGE('',*,*,#3780,.F.);
#3782=EDGE_LOOP('',(#3779,#3781));
#3783=FACE_BOUND('',#3782,.F.);
#3785=ORIENTED_EDGE('',*,*,#3784,.F.);
#3787=ORIENTED_EDGE('',*,*,#3786,.F.);
#3788=EDGE_LOOP('',(#3785,#3787));
#3789=FACE_BOUND('',#3788,.F.);
#3791=ORIENTED_EDGE('',*,*,#3790,.F.);
#3793=ORIENTED_EDGE('',*,*,#3792,.F.);
#3794=EDGE_LOOP('',(#3791,#3793));
#3795=FACE_BOUND('',#3794,.F.);
#3797=ORIENTED_EDGE('',*,*,#3796,.F.);
#3799=ORIENTED_EDGE('',*,*,#3798,.F.);
#3800=EDGE_LOOP('',(#3797,#3799));
#3801=FACE_BOUND('',#3800,.F.);
#3803=ORIENTED_EDGE('',*,*,#3802,.F.);
#3804=ORIENTED_EDGE('',*,*,#3722,.F.);
#3805=EDGE_LOOP('',(#3803,#3804));
#3806=FACE_BOUND('',#3805,.F.);
#3808=ORIENTED_EDGE('',*,*,#3807,.F.);
#3810=ORIENTED_EDGE('',*,*,#3809,.F.);
#3811=EDGE_LOOP('',(#3808,#3810));
#3812=FACE_BOUND('',#3811,.F.);
#3814=CARTESIAN_POINT('',(4.E0,0.E0,1.E0));
#3815=DIRECTION('',(0.E0,-1.E0,0.E0));
#3816=DIRECTION('',(1.E0,0.E0,0.E0));
#3817=AXIS2_PLACEMENT_3D('',#3814,#3815,#3816);
#3818=CYLINDRICAL_SURFACE('',#3817,2.55E-1);
#3819=ORIENTED_EDGE('',*,*,#3802,.T.);
#3820=ORIENTED_EDGE('',*,*,#3727,.T.);
#3821=ORIENTED_EDGE('',*,*,#3697,.F.);
#3822=ORIENTED_EDGE('',*,*,#3724,.F.);
#3823=EDGE_LOOP('',(#3819,#3820,#3821,#3822));
#3824=FACE_OUTER_BOUND('',#3823,.F.);
#3826=CARTESIAN_POINT('',(2.E0,0.E0,1.E0));
#3827=DIRECTION('',(0.E0,-1.E0,0.E0));
#3828=DIRECTION('',(1.E0,0.E0,0.E0));
#3829=AXIS2_PLACEMENT_3D('',#3826,#3827,#3828);
#3830=CYLINDRICAL_SURFACE('',#3829,2.55E-1);
#3831=ORIENTED_EDGE('',*,*,#3754,.T.);
#3833=ORIENTED_EDGE('',*,*,#3832,.T.);
#3835=ORIENTED_EDGE('',*,*,#3834,.F.);
#3837=ORIENTED_EDGE('',*,*,#3836,.F.);
#3838=EDGE_LOOP('',(#3831,#3833,#3835,#3837));
#3839=FACE_OUTER_BOUND('',#3838,.F.);
#3841=CARTESIAN_POINT('',(2.E0,0.E0,1.E0));
#3842=DIRECTION('',(0.E0,-1.E0,0.E0));
#3843=DIRECTION('',(1.E0,0.E0,0.E0));
#3844=AXIS2_PLACEMENT_3D('',#3841,#3842,#3843);
#3845=CYLINDRICAL_SURFACE('',#3844,2.55E-1);
#3846=ORIENTED_EDGE('',*,*,#3756,.T.);
#3847=ORIENTED_EDGE('',*,*,#3836,.T.);
#3849=ORIENTED_EDGE('',*,*,#3848,.F.);
#3850=ORIENTED_EDGE('',*,*,#3832,.F.);
#3851=EDGE_LOOP('',(#3846,#3847,#3849,#3850));
#3852=FACE_OUTER_BOUND('',#3851,.F.);
#3854=CARTESIAN_POINT('',(2.E0,-1.61E0,1.E0));
#3855=DIRECTION('',(0.E0,-1.E0,0.E0));
#3856=DIRECTION('',(1.E0,0.E0,0.E0));
#3857=AXIS2_PLACEMENT_3D('',#3854,#3855,#3856);
#3858=CONICAL_SURFACE('',#3857,3.45E-1,4.5E1);
#3859=ORIENTED_EDGE('',*,*,#3647,.F.);
#3861=ORIENTED_EDGE('',*,*,#3860,.T.);
#3862=ORIENTED_EDGE('',*,*,#3848,.T.);
#3864=ORIENTED_EDGE('',*,*,#3863,.F.);
#3865=EDGE_LOOP('',(#3859,#3861,#3862,#3864));
#3866=FACE_OUTER_BOUND('',#3865,.F.);
#3868=CARTESIAN_POINT('',(2.E0,-1.61E0,1.E0));
#3869=DIRECTION('',(0.E0,-1.E0,0.E0));
#3870=DIRECTION('',(1.E0,0.E0,0.E0));
#3871=AXIS2_PLACEMENT_3D('',#3868,#3869,#3870);
#3872=CONICAL_SURFACE('',#3871,3.45E-1,4.5E1);
#3873=ORIENTED_EDGE('',*,*,#3645,.F.);
#3874=ORIENTED_EDGE('',*,*,#3863,.T.);
#3875=ORIENTED_EDGE('',*,*,#3834,.T.);
#3876=ORIENTED_EDGE('',*,*,#3860,.F.);
#3877=EDGE_LOOP('',(#3873,#3874,#3875,#3876));
#3878=FACE_OUTER_BOUND('',#3877,.F.);
#3880=CARTESIAN_POINT('',(0.E0,0.E0,1.E0));
#3881=DIRECTION('',(0.E0,-1.E0,0.E0));
#3882=DIRECTION('',(1.E0,0.E0,0.E0));
#3883=AXIS2_PLACEMENT_3D('',#3880,#3881,#3882);
#3884=CYLINDRICAL_SURFACE('',#3883,2.55E-1);
#3885=ORIENTED_EDGE('',*,*,#3760,.T.);
#3887=ORIENTED_EDGE('',*,*,#3886,.T.);
#3889=ORIENTED_EDGE('',*,*,#3888,.F.);
#3891=ORIENTED_EDGE('',*,*,#3890,.F.);
#3892=EDGE_LOOP('',(#3885,#3887,#3889,#3891));
#3893=FACE_OUTER_BOUND('',#3892,.F.);
#3895=CARTESIAN_POINT('',(0.E0,0.E0,1.E0));
#3896=DIRECTION('',(0.E0,-1.E0,0.E0));
#3897=DIRECTION('',(1.E0,0.E0,0.E0));
#3898=AXIS2_PLACEMENT_3D('',#3895,#3896,#3897);
#3899=CYLINDRICAL_SURFACE('',#3898,2.55E-1);
#3900=ORIENTED_EDGE('',*,*,#3762,.T.);
#3901=ORIENTED_EDGE('',*,*,#3890,.T.);
#3903=ORIENTED_EDGE('',*,*,#3902,.F.);
#3904=ORIENTED_EDGE('',*,*,#3886,.F.);
#3905=EDGE_LOOP('',(#3900,#3901,#3903,#3904));
#3906=FACE_OUTER_BOUND('',#3905,.F.);
#3908=CARTESIAN_POINT('',(0.E0,-1.61E0,1.E0));
#3909=DIRECTION('',(0.E0,-1.E0,0.E0));
#3910=DIRECTION('',(1.E0,0.E0,0.E0));
#3911=AXIS2_PLACEMENT_3D('',#3908,#3909,#3910);
#3912=CONICAL_SURFACE('',#3911,3.45E-1,4.5E1);
#3913=ORIENTED_EDGE('',*,*,#3596,.F.);
#3915=ORIENTED_EDGE('',*,*,#3914,.T.);
#3916=ORIENTED_EDGE('',*,*,#3902,.T.);
#3918=ORIENTED_EDGE('',*,*,#3917,.F.);
#3919=EDGE_LOOP('',(#3913,#3915,#3916,#3918));
#3920=FACE_OUTER_BOUND('',#3919,.F.);
#3922=CARTESIAN_POINT('',(0.E0,-1.61E0,1.E0));
#3923=DIRECTION('',(0.E0,-1.E0,0.E0));
#3924=DIRECTION('',(1.E0,0.E0,0.E0));
#3925=AXIS2_PLACEMENT_3D('',#3922,#3923,#3924);
#3926=CONICAL_SURFACE('',#3925,3.45E-1,4.5E1);
#3927=ORIENTED_EDGE('',*,*,#3594,.F.);
#3928=ORIENTED_EDGE('',*,*,#3917,.T.);
#3929=ORIENTED_EDGE('',*,*,#3888,.T.);
#3930=ORIENTED_EDGE('',*,*,#3914,.F.);
#3931=EDGE_LOOP('',(#3927,#3928,#3929,#3930));
#3932=FACE_OUTER_BOUND('',#3931,.F.);
#3934=CARTESIAN_POINT('',(-2.E0,0.E0,1.E0));
#3935=DIRECTION('',(0.E0,-1.E0,0.E0));
#3936=DIRECTION('',(1.E0,0.E0,0.E0));
#3937=AXIS2_PLACEMENT_3D('',#3934,#3935,#3936);
#3938=CYLINDRICAL_SURFACE('',#3937,2.55E-1);
#3939=ORIENTED_EDGE('',*,*,#3766,.T.);
#3941=ORIENTED_EDGE('',*,*,#3940,.T.);
#3943=ORIENTED_EDGE('',*,*,#3942,.F.);
#3945=ORIENTED_EDGE('',*,*,#3944,.F.);
#3946=EDGE_LOOP('',(#3939,#3941,#3943,#3945));
#3947=FACE_OUTER_BOUND('',#3946,.F.);
#3949=CARTESIAN_POINT('',(-2.E0,0.E0,1.E0));
#3950=DIRECTION('',(0.E0,-1.E0,0.E0));
#3951=DIRECTION('',(1.E0,0.E0,0.E0));
#3952=AXIS2_PLACEMENT_3D('',#3949,#3950,#3951);
#3953=CYLINDRICAL_SURFACE('',#3952,2.55E-1);
#3954=ORIENTED_EDGE('',*,*,#3768,.T.);
#3955=ORIENTED_EDGE('',*,*,#3944,.T.);
#3957=ORIENTED_EDGE('',*,*,#3956,.F.);
#3958=ORIENTED_EDGE('',*,*,#3940,.F.);
#3959=EDGE_LOOP('',(#3954,#3955,#3957,#3958));
#3960=FACE_OUTER_BOUND('',#3959,.F.);
#3962=CARTESIAN_POINT('',(-2.E0,-1.61E0,1.E0));
#3963=DIRECTION('',(0.E0,-1.E0,0.E0));
#3964=DIRECTION('',(1.E0,0.E0,0.E0));
#3965=AXIS2_PLACEMENT_3D('',#3962,#3963,#3964);
#3966=CONICAL_SURFACE('',#3965,3.45E-1,4.5E1);
#3967=ORIENTED_EDGE('',*,*,#3570,.F.);
#3969=ORIENTED_EDGE('',*,*,#3968,.T.);
#3970=ORIENTED_EDGE('',*,*,#3956,.T.);
#3972=ORIENTED_EDGE('',*,*,#3971,.F.);
#3973=EDGE_LOOP('',(#3967,#3969,#3970,#3972));
#3974=FACE_OUTER_BOUND('',#3973,.F.);
#3976=CARTESIAN_POINT('',(-2.E0,-1.61E0,1.E0));
#3977=DIRECTION('',(0.E0,-1.E0,0.E0));
#3978=DIRECTION('',(1.E0,0.E0,0.E0));
#3979=AXIS2_PLACEMENT_3D('',#3976,#3977,#3978);
#3980=CONICAL_SURFACE('',#3979,3.45E-1,4.5E1);
#3981=ORIENTED_EDGE('',*,*,#3568,.F.);
#3982=ORIENTED_EDGE('',*,*,#3971,.T.);
#3983=ORIENTED_EDGE('',*,*,#3942,.T.);
#3984=ORIENTED_EDGE('',*,*,#3968,.F.);
#3985=EDGE_LOOP('',(#3981,#3982,#3983,#3984));
#3986=FACE_OUTER_BOUND('',#3985,.F.);
#3988=CARTESIAN_POINT('',(-4.E0,0.E0,1.E0));
#3989=DIRECTION('',(0.E0,-1.E0,0.E0));
#3990=DIRECTION('',(1.E0,0.E0,0.E0));
#3991=AXIS2_PLACEMENT_3D('',#3988,#3989,#3990);
#3992=CYLINDRICAL_SURFACE('',#3991,2.55E-1);
#3993=ORIENTED_EDGE('',*,*,#3772,.T.);
#3995=ORIENTED_EDGE('',*,*,#3994,.T.);
#3997=ORIENTED_EDGE('',*,*,#3996,.F.);
#3999=ORIENTED_EDGE('',*,*,#3998,.F.);
#4000=EDGE_LOOP('',(#3993,#3995,#3997,#3999));
#4001=FACE_OUTER_BOUND('',#4000,.F.);
#4003=CARTESIAN_POINT('',(-4.E0,0.E0,1.E0));
#4004=DIRECTION('',(0.E0,-1.E0,0.E0));
#4005=DIRECTION('',(1.E0,0.E0,0.E0));
#4006=AXIS2_PLACEMENT_3D('',#4003,#4004,#4005);
#4007=CYLINDRICAL_SURFACE('',#4006,2.55E-1);
#4008=ORIENTED_EDGE('',*,*,#3774,.T.);
#4009=ORIENTED_EDGE('',*,*,#3998,.T.);
#4011=ORIENTED_EDGE('',*,*,#4010,.F.);
#4012=ORIENTED_EDGE('',*,*,#3994,.F.);
#4013=EDGE_LOOP('',(#4008,#4009,#4011,#4012));
#4014=FACE_OUTER_BOUND('',#4013,.F.);
#4016=CARTESIAN_POINT('',(-4.E0,-1.61E0,1.E0));
#4017=DIRECTION('',(0.E0,-1.E0,0.E0));
#4018=DIRECTION('',(1.E0,0.E0,0.E0));
#4019=AXIS2_PLACEMENT_3D('',#4016,#4017,#4018);
#4020=CONICAL_SURFACE('',#4019,3.45E-1,4.5E1);
#4021=ORIENTED_EDGE('',*,*,#3678,.F.);
#4023=ORIENTED_EDGE('',*,*,#4022,.T.);
#4024=ORIENTED_EDGE('',*,*,#4010,.T.);
#4026=ORIENTED_EDGE('',*,*,#4025,.F.);
#4027=EDGE_LOOP('',(#4021,#4023,#4024,#4026));
#4028=FACE_OUTER_BOUND('',#4027,.F.);
#4030=CARTESIAN_POINT('',(-4.E0,-1.61E0,1.E0));
#4031=DIRECTION('',(0.E0,-1.E0,0.E0));
#4032=DIRECTION('',(1.E0,0.E0,0.E0));
#4033=AXIS2_PLACEMENT_3D('',#4030,#4031,#4032);
#4034=CONICAL_SURFACE('',#4033,3.45E-1,4.5E1);
#4035=ORIENTED_EDGE('',*,*,#3676,.F.);
#4036=ORIENTED_EDGE('',*,*,#4025,.T.);
#4037=ORIENTED_EDGE('',*,*,#3996,.T.);
#4038=ORIENTED_EDGE('',*,*,#4022,.F.);
#4039=EDGE_LOOP('',(#4035,#4036,#4037,#4038));
#4040=FACE_OUTER_BOUND('',#4039,.F.);
#4042=CARTESIAN_POINT('',(4.E0,0.E0,-1.E0));
#4043=DIRECTION('',(0.E0,-1.E0,0.E0));
#4044=DIRECTION('',(1.E0,0.E0,0.E0));
#4045=AXIS2_PLACEMENT_3D('',#4042,#4043,#4044);
#4046=CYLINDRICAL_SURFACE('',#4045,2.55E-1);
#4047=ORIENTED_EDGE('',*,*,#3778,.T.);
#4049=ORIENTED_EDGE('',*,*,#4048,.T.);
#4051=ORIENTED_EDGE('',*,*,#4050,.F.);
#4053=ORIENTED_EDGE('',*,*,#4052,.F.);
#4054=EDGE_LOOP('',(#4047,#4049,#4051,#4053));
#4055=FACE_OUTER_BOUND('',#4054,.F.);
#4057=CARTESIAN_POINT('',(4.E0,0.E0,-1.E0));
#4058=DIRECTION('',(0.E0,-1.E0,0.E0));
#4059=DIRECTION('',(1.E0,0.E0,0.E0));
#4060=AXIS2_PLACEMENT_3D('',#4057,#4058,#4059);
#4061=CYLINDRICAL_SURFACE('',#4060,2.55E-1);
#4062=ORIENTED_EDGE('',*,*,#3780,.T.);
#4063=ORIENTED_EDGE('',*,*,#4052,.T.);
#4065=ORIENTED_EDGE('',*,*,#4064,.F.);
#4066=ORIENTED_EDGE('',*,*,#4048,.F.);
#4067=EDGE_LOOP('',(#4062,#4063,#4065,#4066));
#4068=FACE_OUTER_BOUND('',#4067,.F.);
#4070=CARTESIAN_POINT('',(4.E0,-1.61E0,-1.E0));
#4071=DIRECTION('',(0.E0,-1.E0,0.E0));
#4072=DIRECTION('',(1.E0,0.E0,0.E0));
#4073=AXIS2_PLACEMENT_3D('',#4070,#4071,#4072);
#4074=CONICAL_SURFACE('',#4073,3.45E-1,4.5E1);
#4075=ORIENTED_EDGE('',*,*,#3627,.F.);
#4077=ORIENTED_EDGE('',*,*,#4076,.T.);
#4078=ORIENTED_EDGE('',*,*,#4064,.T.);
#4080=ORIENTED_EDGE('',*,*,#4079,.F.);
#4081=EDGE_LOOP('',(#4075,#4077,#4078,#4080));
#4082=FACE_OUTER_BOUND('',#4081,.F.);
#4084=CARTESIAN_POINT('',(4.E0,-1.61E0,-1.E0));
#4085=DIRECTION('',(0.E0,-1.E0,0.E0));
#4086=DIRECTION('',(1.E0,0.E0,0.E0));
#4087=AXIS2_PLACEMENT_3D('',#4084,#4085,#4086);
#4088=CONICAL_SURFACE('',#4087,3.45E-1,4.5E1);
#4089=ORIENTED_EDGE('',*,*,#3625,.F.);
#4090=ORIENTED_EDGE('',*,*,#4079,.T.);
#4091=ORIENTED_EDGE('',*,*,#4050,.T.);
#4092=ORIENTED_EDGE('',*,*,#4076,.F.);
#4093=EDGE_LOOP('',(#4089,#4090,#4091,#4092));
#4094=FACE_OUTER_BOUND('',#4093,.F.);
#4096=CARTESIAN_POINT('',(2.E0,0.E0,-1.E0));
#4097=DIRECTION('',(0.E0,-1.E0,0.E0));
#4098=DIRECTION('',(1.E0,0.E0,0.E0));
#4099=AXIS2_PLACEMENT_3D('',#4096,#4097,#4098);
#4100=CYLINDRICAL_SURFACE('',#4099,2.55E-1);
#4101=ORIENTED_EDGE('',*,*,#3784,.T.);
#4103=ORIENTED_EDGE('',*,*,#4102,.T.);
#4105=ORIENTED_EDGE('',*,*,#4104,.F.);
#4107=ORIENTED_EDGE('',*,*,#4106,.F.);
#4108=EDGE_LOOP('',(#4101,#4103,#4105,#4107));
#4109=FACE_OUTER_BOUND('',#4108,.F.);
#4111=CARTESIAN_POINT('',(2.E0,0.E0,-1.E0));
#4112=DIRECTION('',(0.E0,-1.E0,0.E0));
#4113=DIRECTION('',(1.E0,0.E0,0.E0));
#4114=AXIS2_PLACEMENT_3D('',#4111,#4112,#4113);
#4115=CYLINDRICAL_SURFACE('',#4114,2.55E-1);
#4116=ORIENTED_EDGE('',*,*,#3786,.T.);
#4117=ORIENTED_EDGE('',*,*,#4106,.T.);
#4119=ORIENTED_EDGE('',*,*,#4118,.F.);
#4120=ORIENTED_EDGE('',*,*,#4102,.F.);
#4121=EDGE_LOOP('',(#4116,#4117,#4119,#4120));
#4122=FACE_OUTER_BOUND('',#4121,.F.);
#4124=CARTESIAN_POINT('',(2.E0,-1.61E0,-1.E0));
#4125=DIRECTION('',(0.E0,-1.E0,0.E0));
#4126=DIRECTION('',(1.E0,0.E0,0.E0));
#4127=AXIS2_PLACEMENT_3D('',#4124,#4125,#4126);
#4128=CONICAL_SURFACE('',#4127,3.45E-1,4.5E1);
#4129=ORIENTED_EDGE('',*,*,#3653,.F.);
#4131=ORIENTED_EDGE('',*,*,#4130,.T.);
#4132=ORIENTED_EDGE('',*,*,#4118,.T.);
#4134=ORIENTED_EDGE('',*,*,#4133,.F.);
#4135=EDGE_LOOP('',(#4129,#4131,#4132,#4134));
#4136=FACE_OUTER_BOUND('',#4135,.F.);
#4138=CARTESIAN_POINT('',(2.E0,-1.61E0,-1.E0));
#4139=DIRECTION('',(0.E0,-1.E0,0.E0));
#4140=DIRECTION('',(1.E0,0.E0,0.E0));
#4141=AXIS2_PLACEMENT_3D('',#4138,#4139,#4140);
#4142=CONICAL_SURFACE('',#4141,3.45E-1,4.5E1);
#4143=ORIENTED_EDGE('',*,*,#3651,.F.);
#4144=ORIENTED_EDGE('',*,*,#4133,.T.);
#4145=ORIENTED_EDGE('',*,*,#4104,.T.);
#4146=ORIENTED_EDGE('',*,*,#4130,.F.);
#4147=EDGE_LOOP('',(#4143,#4144,#4145,#4146));
#4148=FACE_OUTER_BOUND('',#4147,.F.);
#4150=CARTESIAN_POINT('',(0.E0,0.E0,-1.E0));
#4151=DIRECTION('',(0.E0,-1.E0,0.E0));
#4152=DIRECTION('',(1.E0,0.E0,0.E0));
#4153=AXIS2_PLACEMENT_3D('',#4150,#4151,#4152);
#4154=CYLINDRICAL_SURFACE('',#4153,2.55E-1);
#4155=ORIENTED_EDGE('',*,*,#3790,.T.);
#4157=ORIENTED_EDGE('',*,*,#4156,.T.);
#4159=ORIENTED_EDGE('',*,*,#4158,.F.);
#4161=ORIENTED_EDGE('',*,*,#4160,.F.);
#4162=EDGE_LOOP('',(#4155,#4157,#4159,#4161));
#4163=FACE_OUTER_BOUND('',#4162,.F.);
#4165=CARTESIAN_POINT('',(0.E0,0.E0,-1.E0));
#4166=DIRECTION('',(0.E0,-1.E0,0.E0));
#4167=DIRECTION('',(1.E0,0.E0,0.E0));
#4168=AXIS2_PLACEMENT_3D('',#4165,#4166,#4167);
#4169=CYLINDRICAL_SURFACE('',#4168,2.55E-1);
#4170=ORIENTED_EDGE('',*,*,#3792,.T.);
#4171=ORIENTED_EDGE('',*,*,#4160,.T.);
#4173=ORIENTED_EDGE('',*,*,#4172,.F.);
#4174=ORIENTED_EDGE('',*,*,#4156,.F.);
#4175=EDGE_LOOP('',(#4170,#4171,#4173,#4174));
#4176=FACE_OUTER_BOUND('',#4175,.F.);
#4178=CARTESIAN_POINT('',(0.E0,-1.61E0,-1.E0));
#4179=DIRECTION('',(0.E0,-1.E0,0.E0));
#4180=DIRECTION('',(1.E0,0.E0,0.E0));
#4181=AXIS2_PLACEMENT_3D('',#4178,#4179,#4180);
#4182=CONICAL_SURFACE('',#4181,3.45E-1,4.5E1);
#4183=ORIENTED_EDGE('',*,*,#3602,.F.);
#4185=ORIENTED_EDGE('',*,*,#4184,.T.);
#4186=ORIENTED_EDGE('',*,*,#4172,.T.);
#4188=ORIENTED_EDGE('',*,*,#4187,.F.);
#4189=EDGE_LOOP('',(#4183,#4185,#4186,#4188));
#4190=FACE_OUTER_BOUND('',#4189,.F.);
#4192=CARTESIAN_POINT('',(0.E0,-1.61E0,-1.E0));
#4193=DIRECTION('',(0.E0,-1.E0,0.E0));
#4194=DIRECTION('',(1.E0,0.E0,0.E0));
#4195=AXIS2_PLACEMENT_3D('',#4192,#4193,#4194);
#4196=CONICAL_SURFACE('',#4195,3.45E-1,4.5E1);
#4197=ORIENTED_EDGE('',*,*,#3600,.F.);
#4198=ORIENTED_EDGE('',*,*,#4187,.T.);
#4199=ORIENTED_EDGE('',*,*,#4158,.T.);
#4200=ORIENTED_EDGE('',*,*,#4184,.F.);
#4201=EDGE_LOOP('',(#4197,#4198,#4199,#4200));
#4202=FACE_OUTER_BOUND('',#4201,.F.);
#4204=CARTESIAN_POINT('',(-2.E0,0.E0,-1.E0));
#4205=DIRECTION('',(0.E0,-1.E0,0.E0));
#4206=DIRECTION('',(1.E0,0.E0,0.E0));
#4207=AXIS2_PLACEMENT_3D('',#4204,#4205,#4206);
#4208=CYLINDRICAL_SURFACE('',#4207,2.55E-1);
#4209=ORIENTED_EDGE('',*,*,#3796,.T.);
#4211=ORIENTED_EDGE('',*,*,#4210,.T.);
#4213=ORIENTED_EDGE('',*,*,#4212,.F.);
#4215=ORIENTED_EDGE('',*,*,#4214,.F.);
#4216=EDGE_LOOP('',(#4209,#4211,#4213,#4215));
#4217=FACE_OUTER_BOUND('',#4216,.F.);
#4219=CARTESIAN_POINT('',(-2.E0,0.E0,-1.E0));
#4220=DIRECTION('',(0.E0,-1.E0,0.E0));
#4221=DIRECTION('',(1.E0,0.E0,0.E0));
#4222=AXIS2_PLACEMENT_3D('',#4219,#4220,#4221);
#4223=CYLINDRICAL_SURFACE('',#4222,2.55E-1);
#4224=ORIENTED_EDGE('',*,*,#3798,.T.);
#4225=ORIENTED_EDGE('',*,*,#4214,.T.);
#4227=ORIENTED_EDGE('',*,*,#4226,.F.);
#4228=ORIENTED_EDGE('',*,*,#4210,.F.);
#4229=EDGE_LOOP('',(#4224,#4225,#4227,#4228));
#4230=FACE_OUTER_BOUND('',#4229,.F.);
#4232=CARTESIAN_POINT('',(-2.E0,-1.61E0,-1.E0));
#4233=DIRECTION('',(0.E0,-1.E0,0.E0));
#4234=DIRECTION('',(1.E0,0.E0,0.E0));
#4235=AXIS2_PLACEMENT_3D('',#4232,#4233,#4234);
#4236=CONICAL_SURFACE('',#4235,3.45E-1,4.5E1);
#4237=ORIENTED_EDGE('',*,*,#3576,.F.);
#4239=ORIENTED_EDGE('',*,*,#4238,.T.);
#4240=ORIENTED_EDGE('',*,*,#4226,.T.);
#4242=ORIENTED_EDGE('',*,*,#4241,.F.);
#4243=EDGE_LOOP('',(#4237,#4239,#4240,#4242));
#4244=FACE_OUTER_BOUND('',#4243,.F.);
#4246=CARTESIAN_POINT('',(-2.E0,-1.61E0,-1.E0));
#4247=DIRECTION('',(0.E0,-1.E0,0.E0));
#4248=DIRECTION('',(1.E0,0.E0,0.E0));
#4249=AXIS2_PLACEMENT_3D('',#4246,#4247,#4248);
#4250=CONICAL_SURFACE('',#4249,3.45E-1,4.5E1);
#4251=ORIENTED_EDGE('',*,*,#3574,.F.);
#4252=ORIENTED_EDGE('',*,*,#4241,.T.);
#4253=ORIENTED_EDGE('',*,*,#4212,.T.);
#4254=ORIENTED_EDGE('',*,*,#4238,.F.);
#4255=EDGE_LOOP('',(#4251,#4252,#4253,#4254));
#4256=FACE_OUTER_BOUND('',#4255,.F.);
#4258=CARTESIAN_POINT('',(-1.05E0,0.E0,2.775E0));
#4259=DIRECTION('',(-1.E0,0.E0,0.E0));
#4260=DIRECTION('',(0.E0,0.E0,-1.E0));
#4261=AXIS2_PLACEMENT_3D('',#4258,#4259,#4260);
#4262=PLANE('',#4261);
#4263=ORIENTED_EDGE('',*,*,#2823,.T.);
#4265=ORIENTED_EDGE('',*,*,#4264,.T.);
#4267=ORIENTED_EDGE('',*,*,#4266,.F.);
#4268=ORIENTED_EDGE('',*,*,#3738,.F.);
#4269=ORIENTED_EDGE('',*,*,#3476,.F.);
#4270=EDGE_LOOP('',(#4263,#4265,#4267,#4268,#4269));
#4271=FACE_OUTER_BOUND('',#4270,.F.);
#4273=CARTESIAN_POINT('',(-1.05E0,3.4E0,2.352072594216E0));
#4274=DIRECTION('',(0.E0,-5.E-1,8.660254037844E-1));
#4275=DIRECTION('',(-1.E0,0.E0,0.E0));
#4276=AXIS2_PLACEMENT_3D('',#4273,#4274,#4275);
#4277=PLANE('',#4276);
#4278=ORIENTED_EDGE('',*,*,#2821,.T.);
#4280=ORIENTED_EDGE('',*,*,#4279,.T.);
#4282=ORIENTED_EDGE('',*,*,#4281,.F.);
#4283=ORIENTED_EDGE('',*,*,#4264,.F.);
#4284=EDGE_LOOP('',(#4278,#4280,#4282,#4283));
#4285=FACE_OUTER_BOUND('',#4284,.F.);
#4287=CARTESIAN_POINT('',(-5.502072594216E0,3.4E0,2.15E0));
#4288=DIRECTION('',(-8.660254037844E-1,-5.E-1,0.E0));
#4289=DIRECTION('',(0.E0,0.E0,-1.E0));
#4290=AXIS2_PLACEMENT_3D('',#4287,#4288,#4289);
#4291=PLANE('',#4290);
#4292=ORIENTED_EDGE('',*,*,#2819,.T.);
#4294=ORIENTED_EDGE('',*,*,#4293,.T.);
#4296=ORIENTED_EDGE('',*,*,#4295,.F.);
#4297=ORIENTED_EDGE('',*,*,#4279,.F.);
#4298=EDGE_LOOP('',(#4292,#4294,#4296,#4297));
#4299=FACE_OUTER_BOUND('',#4298,.F.);
#4301=CARTESIAN_POINT('',(-5.3E0,3.4E0,-2.352072594216E0));
#4302=DIRECTION('',(0.E0,-5.E-1,-8.660254037844E-1));
#4303=DIRECTION('',(1.E0,0.E0,0.E0));
#4304=AXIS2_PLACEMENT_3D('',#4301,#4302,#4303);
#4305=PLANE('',#4304);
#4306=ORIENTED_EDGE('',*,*,#2817,.T.);
#4308=ORIENTED_EDGE('',*,*,#4307,.T.);
#4310=ORIENTED_EDGE('',*,*,#4309,.F.);
#4311=ORIENTED_EDGE('',*,*,#4293,.F.);
#4312=EDGE_LOOP('',(#4306,#4308,#4310,#4311));
#4313=FACE_OUTER_BOUND('',#4312,.F.);
#4315=CARTESIAN_POINT('',(5.502072594216E0,3.4E0,-2.15E0));
#4316=DIRECTION('',(8.660254037844E-1,-5.E-1,0.E0));
#4317=DIRECTION('',(0.E0,0.E0,1.E0));
#4318=AXIS2_PLACEMENT_3D('',#4315,#4316,#4317);
#4319=PLANE('',#4318);
#4320=ORIENTED_EDGE('',*,*,#2815,.T.);
#4322=ORIENTED_EDGE('',*,*,#4321,.T.);
#4324=ORIENTED_EDGE('',*,*,#4323,.F.);
#4325=ORIENTED_EDGE('',*,*,#4307,.F.);
#4326=EDGE_LOOP('',(#4320,#4322,#4324,#4325));
#4327=FACE_OUTER_BOUND('',#4326,.F.);
#4329=CARTESIAN_POINT('',(5.3E0,3.4E0,2.352072594216E0));
#4330=DIRECTION('',(0.E0,-5.E-1,8.660254037844E-1));
#4331=DIRECTION('',(-1.E0,0.E0,0.E0));
#4332=AXIS2_PLACEMENT_3D('',#4329,#4330,#4331);
#4333=PLANE('',#4332);
#4334=ORIENTED_EDGE('',*,*,#2813,.T.);
#4336=ORIENTED_EDGE('',*,*,#4335,.T.);
#4338=ORIENTED_EDGE('',*,*,#4337,.F.);
#4339=ORIENTED_EDGE('',*,*,#4321,.F.);
#4340=EDGE_LOOP('',(#4334,#4336,#4338,#4339));
#4341=FACE_OUTER_BOUND('',#4340,.F.);
#4343=CARTESIAN_POINT('',(1.05E0,0.E0,2.15E0));
#4344=DIRECTION('',(1.E0,0.E0,0.E0));
#4345=DIRECTION('',(0.E0,0.E0,1.E0));
#4346=AXIS2_PLACEMENT_3D('',#4343,#4344,#4345);
#4347=PLANE('',#4346);
#4348=ORIENTED_EDGE('',*,*,#2811,.F.);
#4349=ORIENTED_EDGE('',*,*,#3480,.T.);
#4350=ORIENTED_EDGE('',*,*,#3750,.F.);
#4352=ORIENTED_EDGE('',*,*,#4351,.T.);
#4353=ORIENTED_EDGE('',*,*,#4335,.F.);
#4354=EDGE_LOOP('',(#4348,#4349,#4350,#4352,#4353));
#4355=FACE_OUTER_BOUND('',#4354,.F.);
#4357=CARTESIAN_POINT('',(5.3E0,0.E0,2.15E0));
#4358=DIRECTION('',(0.E0,0.E0,1.E0));
#4359=DIRECTION('',(-1.E0,0.E0,0.E0));
#4360=AXIS2_PLACEMENT_3D('',#4357,#4358,#4359);
#4361=PLANE('',#4360);
#4362=ORIENTED_EDGE('',*,*,#4337,.T.);
#4363=ORIENTED_EDGE('',*,*,#4351,.F.);
#4364=ORIENTED_EDGE('',*,*,#3748,.F.);
#4366=ORIENTED_EDGE('',*,*,#4365,.T.);
#4367=EDGE_LOOP('',(#4362,#4363,#4364,#4366));
#4368=FACE_OUTER_BOUND('',#4367,.F.);
#4370=CARTESIAN_POINT('',(5.3E0,0.E0,-2.15E0));
#4371=DIRECTION('',(1.E0,0.E0,0.E0));
#4372=DIRECTION('',(0.E0,0.E0,1.E0));
#4373=AXIS2_PLACEMENT_3D('',#4370,#4371,#4372);
#4374=PLANE('',#4373);
#4375=ORIENTED_EDGE('',*,*,#4323,.T.);
#4376=ORIENTED_EDGE('',*,*,#4365,.F.);
#4377=ORIENTED_EDGE('',*,*,#3746,.F.);
#4379=ORIENTED_EDGE('',*,*,#4378,.T.);
#4380=EDGE_LOOP('',(#4375,#4376,#4377,#4379));
#4381=FACE_OUTER_BOUND('',#4380,.F.);
#4383=CARTESIAN_POINT('',(-5.3E0,0.E0,-2.15E0));
#4384=DIRECTION('',(0.E0,0.E0,-1.E0));
#4385=DIRECTION('',(1.E0,0.E0,0.E0));
#4386=AXIS2_PLACEMENT_3D('',#4383,#4384,#4385);
#4387=PLANE('',#4386);
#4388=ORIENTED_EDGE('',*,*,#4309,.T.);
#4389=ORIENTED_EDGE('',*,*,#4378,.F.);
#4390=ORIENTED_EDGE('',*,*,#3744,.F.);
#4392=ORIENTED_EDGE('',*,*,#4391,.T.);
#4393=EDGE_LOOP('',(#4388,#4389,#4390,#4392));
#4394=FACE_OUTER_BOUND('',#4393,.F.);
#4396=CARTESIAN_POINT('',(-5.3E0,0.E0,2.15E0));
#4397=DIRECTION('',(-1.E0,0.E0,0.E0));
#4398=DIRECTION('',(0.E0,0.E0,-1.E0));
#4399=AXIS2_PLACEMENT_3D('',#4396,#4397,#4398);
#4400=PLANE('',#4399);
#4401=ORIENTED_EDGE('',*,*,#4295,.T.);
#4402=ORIENTED_EDGE('',*,*,#4391,.F.);
#4403=ORIENTED_EDGE('',*,*,#3742,.F.);
#4405=ORIENTED_EDGE('',*,*,#4404,.T.);
#4406=EDGE_LOOP('',(#4401,#4402,#4403,#4405));
#4407=FACE_OUTER_BOUND('',#4406,.F.);
#4409=CARTESIAN_POINT('',(-1.05E0,0.E0,2.15E0));
#4410=DIRECTION('',(0.E0,0.E0,1.E0));
#4411=DIRECTION('',(-1.E0,0.E0,0.E0));
#4412=AXIS2_PLACEMENT_3D('',#4409,#4410,#4411);
#4413=PLANE('',#4412);
#4414=ORIENTED_EDGE('',*,*,#4281,.T.);
#4415=ORIENTED_EDGE('',*,*,#4404,.F.);
#4416=ORIENTED_EDGE('',*,*,#3740,.F.);
#4417=ORIENTED_EDGE('',*,*,#4266,.T.);
#4418=EDGE_LOOP('',(#4414,#4415,#4416,#4417));
#4419=FACE_OUTER_BOUND('',#4418,.F.);
#4421=CARTESIAN_POINT('',(-4.E0,0.E0,-1.E0));
#4422=DIRECTION('',(0.E0,-1.E0,0.E0));
#4423=DIRECTION('',(1.E0,0.E0,0.E0));
#4424=AXIS2_PLACEMENT_3D('',#4421,#4422,#4423);
#4425=CYLINDRICAL_SURFACE('',#4424,2.55E-1);
#4426=ORIENTED_EDGE('',*,*,#3807,.T.);
#4428=ORIENTED_EDGE('',*,*,#4427,.T.);
#4430=ORIENTED_EDGE('',*,*,#4429,.F.);
#4432=ORIENTED_EDGE('',*,*,#4431,.F.);
#4433=EDGE_LOOP('',(#4426,#4428,#4430,#4432));
#4434=FACE_OUTER_BOUND('',#4433,.F.);
#4436=CARTESIAN_POINT('',(-4.E0,0.E0,-1.E0));
#4437=DIRECTION('',(0.E0,-1.E0,0.E0));
#4438=DIRECTION('',(1.E0,0.E0,0.E0));
#4439=AXIS2_PLACEMENT_3D('',#4436,#4437,#4438);
#4440=CYLINDRICAL_SURFACE('',#4439,2.55E-1);
#4441=ORIENTED_EDGE('',*,*,#3809,.T.);
#4442=ORIENTED_EDGE('',*,*,#4431,.T.);
#4444=ORIENTED_EDGE('',*,*,#4443,.F.);
#4445=ORIENTED_EDGE('',*,*,#4427,.F.);
#4446=EDGE_LOOP('',(#4441,#4442,#4444,#4445));
#4447=FACE_OUTER_BOUND('',#4446,.F.);
#4449=CARTESIAN_POINT('',(-4.E0,-1.61E0,-1.E0));
#4450=DIRECTION('',(0.E0,-1.E0,0.E0));
#4451=DIRECTION('',(1.E0,0.E0,0.E0));
#4452=AXIS2_PLACEMENT_3D('',#4449,#4450,#4451);
#4453=CONICAL_SURFACE('',#4452,3.45E-1,4.5E1);
#4454=ORIENTED_EDGE('',*,*,#3684,.F.);
#4456=ORIENTED_EDGE('',*,*,#4455,.T.);
#4457=ORIENTED_EDGE('',*,*,#4443,.T.);
#4459=ORIENTED_EDGE('',*,*,#4458,.F.);
#4460=EDGE_LOOP('',(#4454,#4456,#4457,#4459));
#4461=FACE_OUTER_BOUND('',#4460,.F.);
#4463=CARTESIAN_POINT('',(-4.E0,-1.61E0,-1.E0));
#4464=DIRECTION('',(0.E0,-1.E0,0.E0));
#4465=DIRECTION('',(1.E0,0.E0,0.E0));
#4466=AXIS2_PLACEMENT_3D('',#4463,#4464,#4465);
#4467=CONICAL_SURFACE('',#4466,3.45E-1,4.5E1);
#4468=ORIENTED_EDGE('',*,*,#3682,.F.);
#4469=ORIENTED_EDGE('',*,*,#4458,.T.);
#4470=ORIENTED_EDGE('',*,*,#4429,.T.);
#4471=ORIENTED_EDGE('',*,*,#4455,.F.);
#4472=EDGE_LOOP('',(#4468,#4469,#4470,#4471));
#4473=FACE_OUTER_BOUND('',#4472,.F.);
#4475=CARTESIAN_POINT('',(-1.25E0,-2.2E0,2.775E0));
#4476=DIRECTION('',(-1.E0,0.E0,0.E0));
#4477=DIRECTION('',(0.E0,1.E0,0.E0));
#4478=AXIS2_PLACEMENT_3D('',#4475,#4476,#4477);
#4479=PLANE('',#4478);
#4480=ORIENTED_EDGE('',*,*,#3560,.T.);
#4481=ORIENTED_EDGE('',*,*,#3509,.F.);
#4483=ORIENTED_EDGE('',*,*,#4482,.T.);
#4484=ORIENTED_EDGE('',*,*,#3409,.T.);
#4485=EDGE_LOOP('',(#4480,#4481,#4483,#4484));
#4486=FACE_OUTER_BOUND('',#4485,.F.);
#4488=CARTESIAN_POINT('',(-7.5E-1,-2.2E0,2.775E0));
#4489=DIRECTION('',(0.E0,-1.E0,0.E0));
#4490=DIRECTION('',(-1.E0,0.E0,0.E0));
#4491=AXIS2_PLACEMENT_3D('',#4488,#4489,#4490);
#4492=PLANE('',#4491);
#4493=ORIENTED_EDGE('',*,*,#3507,.F.);
#4495=ORIENTED_EDGE('',*,*,#4494,.T.);
#4496=ORIENTED_EDGE('',*,*,#3411,.T.);
#4497=ORIENTED_EDGE('',*,*,#4482,.F.);
#4498=EDGE_LOOP('',(#4493,#4495,#4496,#4497));
#4499=FACE_OUTER_BOUND('',#4498,.F.);
#4501=CARTESIAN_POINT('',(-7.5E-1,-1.7E0,2.775E0));
#4502=DIRECTION('',(1.E0,0.E0,0.E0));
#4503=DIRECTION('',(0.E0,-1.E0,0.E0));
#4504=AXIS2_PLACEMENT_3D('',#4501,#4502,#4503);
#4505=PLANE('',#4504);
#4506=ORIENTED_EDGE('',*,*,#3589,.F.);
#4507=ORIENTED_EDGE('',*,*,#3413,.T.);
#4508=ORIENTED_EDGE('',*,*,#4494,.F.);
#4509=ORIENTED_EDGE('',*,*,#3505,.F.);
#4510=EDGE_LOOP('',(#4506,#4507,#4508,#4509));
#4511=FACE_OUTER_BOUND('',#4510,.F.);
#4513=CARTESIAN_POINT('',(-2.75E0,-1.7E0,2.775E0));
#4514=DIRECTION('',(1.E0,0.E0,0.E0));
#4515=DIRECTION('',(0.E0,-1.E0,0.E0));
#4516=AXIS2_PLACEMENT_3D('',#4513,#4514,#4515);
#4517=PLANE('',#4516);
#4518=ORIENTED_EDGE('',*,*,#3563,.F.);
#4519=ORIENTED_EDGE('',*,*,#3405,.T.);
#4521=ORIENTED_EDGE('',*,*,#4520,.F.);
#4522=ORIENTED_EDGE('',*,*,#3513,.F.);
#4523=EDGE_LOOP('',(#4518,#4519,#4521,#4522));
#4524=FACE_OUTER_BOUND('',#4523,.F.);
#4526=CARTESIAN_POINT('',(-2.75E0,-2.2E0,2.775E0));
#4527=DIRECTION('',(0.E0,-1.E0,0.E0));
#4528=DIRECTION('',(-1.E0,0.E0,0.E0));
#4529=AXIS2_PLACEMENT_3D('',#4526,#4527,#4528);
#4530=PLANE('',#4529);
#4531=ORIENTED_EDGE('',*,*,#3515,.F.);
#4532=ORIENTED_EDGE('',*,*,#4520,.T.);
#4533=ORIENTED_EDGE('',*,*,#3403,.T.);
#4535=ORIENTED_EDGE('',*,*,#4534,.F.);
#4536=EDGE_LOOP('',(#4531,#4532,#4533,#4535));
#4537=FACE_OUTER_BOUND('',#4536,.F.);
#4539=CARTESIAN_POINT('',(-3.25E0,-2.2E0,2.775E0));
#4540=DIRECTION('',(-1.E0,0.E0,0.E0));
#4541=DIRECTION('',(0.E0,1.E0,0.E0));
#4542=AXIS2_PLACEMENT_3D('',#4539,#4540,#4541);
#4543=PLANE('',#4542);
#4544=ORIENTED_EDGE('',*,*,#3665,.T.);
#4545=ORIENTED_EDGE('',*,*,#3517,.F.);
#4546=ORIENTED_EDGE('',*,*,#4534,.T.);
#4547=ORIENTED_EDGE('',*,*,#3401,.T.);
#4548=EDGE_LOOP('',(#4544,#4545,#4546,#4547));
#4549=FACE_OUTER_BOUND('',#4548,.F.);
#4551=CARTESIAN_POINT('',(7.5E-1,-2.2E0,2.775E0));
#4552=DIRECTION('',(-1.E0,0.E0,0.E0));
#4553=DIRECTION('',(0.E0,1.E0,0.E0));
#4554=AXIS2_PLACEMENT_3D('',#4551,#4552,#4553);
#4555=PLANE('',#4554);
#4556=ORIENTED_EDGE('',*,*,#3586,.T.);
#4557=ORIENTED_EDGE('',*,*,#3501,.F.);
#4559=ORIENTED_EDGE('',*,*,#4558,.T.);
#4560=ORIENTED_EDGE('',*,*,#3417,.T.);
#4561=EDGE_LOOP('',(#4556,#4557,#4559,#4560));
#4562=FACE_OUTER_BOUND('',#4561,.F.);
#4564=CARTESIAN_POINT('',(1.25E0,-2.2E0,2.775E0));
#4565=DIRECTION('',(0.E0,-1.E0,0.E0));
#4566=DIRECTION('',(-1.E0,0.E0,0.E0));
#4567=AXIS2_PLACEMENT_3D('',#4564,#4565,#4566);
#4568=PLANE('',#4567);
#4569=ORIENTED_EDGE('',*,*,#3499,.F.);
#4571=ORIENTED_EDGE('',*,*,#4570,.T.);
#4572=ORIENTED_EDGE('',*,*,#3419,.T.);
#4573=ORIENTED_EDGE('',*,*,#4558,.F.);
#4574=EDGE_LOOP('',(#4569,#4571,#4572,#4573));
#4575=FACE_OUTER_BOUND('',#4574,.F.);
#4577=CARTESIAN_POINT('',(1.25E0,-1.7E0,2.775E0));
#4578=DIRECTION('',(1.E0,0.E0,0.E0));
#4579=DIRECTION('',(0.E0,-1.E0,0.E0));
#4580=AXIS2_PLACEMENT_3D('',#4577,#4578,#4579);
#4581=PLANE('',#4580);
#4582=ORIENTED_EDGE('',*,*,#3640,.F.);
#4583=ORIENTED_EDGE('',*,*,#3421,.T.);
#4584=ORIENTED_EDGE('',*,*,#4570,.F.);
#4585=ORIENTED_EDGE('',*,*,#3497,.F.);
#4586=EDGE_LOOP('',(#4582,#4583,#4584,#4585));
#4587=FACE_OUTER_BOUND('',#4586,.F.);
#4589=CARTESIAN_POINT('',(3.25E0,-1.7E0,2.775E0));
#4590=DIRECTION('',(1.E0,0.E0,0.E0));
#4591=DIRECTION('',(0.E0,-1.E0,0.E0));
#4592=AXIS2_PLACEMENT_3D('',#4589,#4590,#4591);
#4593=PLANE('',#4592);
#4594=ORIENTED_EDGE('',*,*,#3612,.F.);
#4595=ORIENTED_EDGE('',*,*,#3391,.T.);
#4597=ORIENTED_EDGE('',*,*,#4596,.F.);
#4598=ORIENTED_EDGE('',*,*,#3489,.F.);
#4599=EDGE_LOOP('',(#4594,#4595,#4597,#4598));
#4600=FACE_OUTER_BOUND('',#4599,.F.);
#4602=CARTESIAN_POINT('',(3.25E0,-2.2E0,2.775E0));
#4603=DIRECTION('',(0.E0,-1.E0,0.E0));
#4604=DIRECTION('',(-1.E0,0.E0,0.E0));
#4605=AXIS2_PLACEMENT_3D('',#4602,#4603,#4604);
#4606=PLANE('',#4605);
#4607=ORIENTED_EDGE('',*,*,#3491,.F.);
#4608=ORIENTED_EDGE('',*,*,#4596,.T.);
#4609=ORIENTED_EDGE('',*,*,#3389,.T.);
#4611=ORIENTED_EDGE('',*,*,#4610,.F.);
#4612=EDGE_LOOP('',(#4607,#4608,#4609,#4611));
#4613=FACE_OUTER_BOUND('',#4612,.F.);
#4615=CARTESIAN_POINT('',(2.75E0,-2.2E0,2.775E0));
#4616=DIRECTION('',(-1.E0,0.E0,0.E0));
#4617=DIRECTION('',(0.E0,1.E0,0.E0));
#4618=AXIS2_PLACEMENT_3D('',#4615,#4616,#4617);
#4619=PLANE('',#4618);
#4620=ORIENTED_EDGE('',*,*,#3637,.T.);
#4621=ORIENTED_EDGE('',*,*,#3493,.F.);
#4622=ORIENTED_EDGE('',*,*,#4610,.T.);
#4623=ORIENTED_EDGE('',*,*,#3387,.T.);
#4624=EDGE_LOOP('',(#4620,#4621,#4622,#4623));
#4625=FACE_OUTER_BOUND('',#4624,.F.);
#4627=CARTESIAN_POINT('',(-4.15E0,3.4E0,2.625E0));
#4628=DIRECTION('',(-1.E0,0.E0,0.E0));
#4629=DIRECTION('',(0.E0,0.E0,1.E0));
#4630=AXIS2_PLACEMENT_3D('',#4627,#4628,#4629);
#4631=PLANE('',#4630);
#4632=ORIENTED_EDGE('',*,*,#2775,.T.);
#4634=ORIENTED_EDGE('',*,*,#4633,.T.);
#4635=ORIENTED_EDGE('',*,*,#3670,.F.);
#4636=ORIENTED_EDGE('',*,*,#3529,.F.);
#4637=EDGE_LOOP('',(#4632,#4634,#4635,#4636));
#4638=FACE_OUTER_BOUND('',#4637,.F.);
#4640=CARTESIAN_POINT('',(-3.85E0,3.4E0,2.625E0));
#4641=DIRECTION('',(0.E0,0.E0,-1.E0));
#4642=DIRECTION('',(-1.E0,0.E0,0.E0));
#4643=AXIS2_PLACEMENT_3D('',#4640,#4641,#4642);
#4644=PLANE('',#4643);
#4645=ORIENTED_EDGE('',*,*,#2773,.F.);
#4646=ORIENTED_EDGE('',*,*,#3550,.T.);
#4647=ORIENTED_EDGE('',*,*,#3672,.T.);
#4648=ORIENTED_EDGE('',*,*,#4633,.F.);
#4649=EDGE_LOOP('',(#4645,#4646,#4647,#4648));
#4650=FACE_OUTER_BOUND('',#4649,.F.);
#4652=CARTESIAN_POINT('',(9.2E0,3.4E0,1.833030277982E0));
#4653=DIRECTION('',(1.E0,0.E0,0.E0));
#4654=DIRECTION('',(0.E0,0.E0,1.E0));
#4655=AXIS2_PLACEMENT_3D('',#4652,#4653,#4654);
#4656=PLANE('',#4655);
#4657=ORIENTED_EDGE('',*,*,#2807,.F.);
#4659=ORIENTED_EDGE('',*,*,#4658,.T.);
#4660=ORIENTED_EDGE('',*,*,#3063,.T.);
#4661=ORIENTED_EDGE('',*,*,#3483,.F.);
#4662=EDGE_LOOP('',(#4657,#4659,#4660,#4661));
#4663=FACE_OUTER_BOUND('',#4662,.F.);
#4665=CARTESIAN_POINT('',(7.5E0,3.4E0,0.E0));
#4666=DIRECTION('',(0.E0,-1.E0,0.E0));
#4667=DIRECTION('',(-1.E0,0.E0,0.E0));
#4668=AXIS2_PLACEMENT_3D('',#4665,#4666,#4667);
#4669=CYLINDRICAL_SURFACE('',#4668,2.5E0);
#4670=ORIENTED_EDGE('',*,*,#2805,.F.);
#4672=ORIENTED_EDGE('',*,*,#4671,.T.);
#4673=ORIENTED_EDGE('',*,*,#3065,.T.);
#4674=ORIENTED_EDGE('',*,*,#4658,.F.);
#4675=EDGE_LOOP('',(#4670,#4672,#4673,#4674));
#4676=FACE_OUTER_BOUND('',#4675,.F.);
#4678=CARTESIAN_POINT('',(9.2E0,3.4E0,-2.775E0));
#4679=DIRECTION('',(1.E0,0.E0,0.E0));
#4680=DIRECTION('',(0.E0,0.E0,1.E0));
#4681=AXIS2_PLACEMENT_3D('',#4678,#4679,#4680);
#4682=PLANE('',#4681);
#4683=ORIENTED_EDGE('',*,*,#2803,.F.);
#4684=ORIENTED_EDGE('',*,*,#3374,.T.);
#4685=ORIENTED_EDGE('',*,*,#3067,.T.);
#4686=ORIENTED_EDGE('',*,*,#4671,.F.);
#4687=EDGE_LOOP('',(#4683,#4684,#4685,#4686));
#4688=FACE_OUTER_BOUND('',#4687,.F.);
#4690=CARTESIAN_POINT('',(-9.2E0,3.4E0,2.775E0));
#4691=DIRECTION('',(-1.E0,0.E0,0.E0));
#4692=DIRECTION('',(0.E0,0.E0,-1.E0));
#4693=AXIS2_PLACEMENT_3D('',#4690,#4691,#4692);
#4694=PLANE('',#4693);
#4695=ORIENTED_EDGE('',*,*,#2779,.F.);
#4696=ORIENTED_EDGE('',*,*,#3535,.T.);
#4697=ORIENTED_EDGE('',*,*,#3105,.T.);
#4699=ORIENTED_EDGE('',*,*,#4698,.F.);
#4700=EDGE_LOOP('',(#4695,#4696,#4697,#4699));
#4701=FACE_OUTER_BOUND('',#4700,.F.);
#4703=CARTESIAN_POINT('',(-7.5E0,3.4E0,0.E0));
#4704=DIRECTION('',(0.E0,-1.E0,0.E0));
#4705=DIRECTION('',(-1.E0,0.E0,0.E0));
#4706=AXIS2_PLACEMENT_3D('',#4703,#4704,#4705);
#4707=CYLINDRICAL_SURFACE('',#4706,2.5E0);
#4708=ORIENTED_EDGE('',*,*,#2781,.F.);
#4709=ORIENTED_EDGE('',*,*,#4698,.T.);
#4710=ORIENTED_EDGE('',*,*,#3103,.T.);
#4712=ORIENTED_EDGE('',*,*,#4711,.F.);
#4713=EDGE_LOOP('',(#4708,#4709,#4710,#4712));
#4714=FACE_OUTER_BOUND('',#4713,.F.);
#4716=CARTESIAN_POINT('',(-9.2E0,3.4E0,-1.833030277982E0));
#4717=DIRECTION('',(-1.E0,0.E0,0.E0));
#4718=DIRECTION('',(0.E0,0.E0,-1.E0));
#4719=AXIS2_PLACEMENT_3D('',#4716,#4717,#4718);
#4720=PLANE('',#4719);
#4721=ORIENTED_EDGE('',*,*,#2783,.F.);
#4722=ORIENTED_EDGE('',*,*,#4711,.T.);
#4723=ORIENTED_EDGE('',*,*,#3101,.T.);
#4724=ORIENTED_EDGE('',*,*,#3360,.F.);
#4725=EDGE_LOOP('',(#4721,#4722,#4723,#4724));
#4726=FACE_OUTER_BOUND('',#4725,.F.);
#4728=CARTESIAN_POINT('',(5.75E0,3.4E0,-2.775E0));
#4729=DIRECTION('',(-1.E0,0.E0,0.E0));
#4730=DIRECTION('',(0.E0,0.E0,-1.E0));
#4731=AXIS2_PLACEMENT_3D('',#4728,#4729,#4730);
#4732=PLANE('',#4731);
#4733=ORIENTED_EDGE('',*,*,#3371,.F.);
#4734=ORIENTED_EDGE('',*,*,#2799,.T.);
#4736=ORIENTED_EDGE('',*,*,#4735,.T.);
#4737=ORIENTED_EDGE('',*,*,#3071,.F.);
#4738=EDGE_LOOP('',(#4733,#4734,#4736,#4737));
#4739=FACE_OUTER_BOUND('',#4738,.F.);
#4741=CARTESIAN_POINT('',(5.75E0,3.4E0,-3.275E0));
#4742=DIRECTION('',(0.E0,0.E0,1.E0));
#4743=DIRECTION('',(-1.E0,0.E0,0.E0));
#4744=AXIS2_PLACEMENT_3D('',#4741,#4742,#4743);
#4745=PLANE('',#4744);
#4746=ORIENTED_EDGE('',*,*,#2797,.T.);
#4747=ORIENTED_EDGE('',*,*,#3346,.T.);
#4748=ORIENTED_EDGE('',*,*,#3073,.F.);
#4749=ORIENTED_EDGE('',*,*,#4735,.F.);
#4750=EDGE_LOOP('',(#4746,#4747,#4748,#4749));
#4751=FACE_OUTER_BOUND('',#4750,.F.);
#4753=CLOSED_SHELL('',(#2841,#2856,#2869,#2885,#2900,#2913,#2941,#2956,#2970,
#2984,#2998,#3012,#3026,#3040,#3053,#3087,#3129,#3144,#3158,#3172,#3186,#3200,
#3214,#3228,#3241,#3263,#3278,#3295,#3309,#3321,#3333,#3351,#3365,#3379,#3425,
#3438,#3451,#3467,#3523,#3540,#3554,#3580,#3606,#3631,#3657,#3688,#3703,#3716,
#3731,#3813,#3825,#3840,#3853,#3867,#3879,#3894,#3907,#3921,#3933,#3948,#3961,
#3975,#3987,#4002,#4015,#4029,#4041,#4056,#4069,#4083,#4095,#4110,#4123,#4137,
#4149,#4164,#4177,#4191,#4203,#4218,#4231,#4245,#4257,#4272,#4286,#4300,#4314,
#4328,#4342,#4356,#4369,#4382,#4395,#4408,#4420,#4435,#4448,#4462,#4474,#4487,
#4500,#4512,#4525,#4538,#4550,#4563,#4576,#4588,#4601,#4614,#4626,#4639,#4651,
#4664,#4677,#4689,#4702,#4715,#4727,#4740,#4752));
#4754=MANIFOLD_SOLID_BREP('',#4753);
#4755=FILL_AREA_STYLE_COLOUR('',#8);
#4756=FILL_AREA_STYLE('',(#4755));
#4757=SURFACE_STYLE_FILL_AREA(#4756);
#4758=SURFACE_SIDE_STYLE('',(#4757));
#4759=SURFACE_STYLE_USAGE(.BOTH.,#4758);
#4760=PRESENTATION_STYLE_ASSIGNMENT((#4759));
#9=STYLED_ITEM('',(#4760),#4754);
#4762=DIMENSIONAL_EXPONENTS(0.E0,0.E0,0.E0,0.E0,0.E0,0.E0,0.E0);
#4764=PLANE_ANGLE_MEASURE_WITH_UNIT(PLANE_ANGLE_MEASURE(1.745329251994E-2),
#4763);
#4765=(CONVERSION_BASED_UNIT('DEGREE',#4764)NAMED_UNIT(*)PLANE_ANGLE_UNIT());
#4767=UNCERTAINTY_MEASURE_WITH_UNIT(LENGTH_MEASURE(2.283044730512E-3),#4761,
'closure',
'Maximum model space distance between geometric entities at asserted connectivities');
#4769=CARTESIAN_POINT('',(0.E0,0.E0,0.E0));
#4770=DIRECTION('',(0.E0,0.E0,1.E0));
#4771=DIRECTION('',(1.E0,0.E0,0.E0));
#4774=APPLICATION_CONTEXT(
'CONFIGURATION CONTROLLED 3D DESIGNS OF MECHANICAL PARTS AND ASSEMBLIES');
#4775=APPLICATION_PROTOCOL_DEFINITION('international standard',
'config_control_design',1994,#4774);
#4776=DESIGN_CONTEXT('',#4774,'design');
#4777=MECHANICAL_CONTEXT('',#4774,'mechanical');
#4778=PRODUCT('M80-2702098','M80-2702098','NOT SPECIFIED',(#4777));
#4779=PRODUCT_DEFINITION_FORMATION_WITH_SPECIFIED_SOURCE('38','LAST_VERSION',
#4778,.MADE.);
#4788=CARTESIAN_POINT('',(0.E0,0.E0,0.E0));
#4789=DIRECTION('',(0.E0,0.E0,1.E0));
#4790=DIRECTION('',(1.E0,0.E0,0.E0));
#4791=AXIS2_PLACEMENT_3D('',#4788,#4789,#4790);
#4792=ITEM_DEFINED_TRANSFORMATION('','',#4772,#4791);
#4793=(REPRESENTATION_RELATIONSHIP('','',#4773,#4785)REPRESENTATION_RELATIONSHIP_WITH_TRANSFORMATION(#4792)SHAPE_REPRESENTATION_RELATIONSHIP());
#4794=CONTEXT_DEPENDENT_SHAPE_REPRESENTATION(#4793,#4787);
#4798=DIRECTION('',(0.E0,-1.E0,0.E0));
#4799=VECTOR('',#4798,9.E-1);
#4800=CARTESIAN_POINT('',(1.E-1,-3.35E0,2.258517212686E-1));
#4801=LINE('',#4800,#4799);
#4802=CURVE_STYLE('',#15,POSITIVE_LENGTH_MEASURE(2.E-2),#4796);
#4803=PRESENTATION_STYLE_ASSIGNMENT((#4802));
#4804=STYLED_ITEM('',(#4803),#4801);
#4805=CARTESIAN_POINT('',(0.E0,-3.35E0,0.E0));
#4806=DIRECTION('',(0.E0,-1.E0,0.E0));
#4807=DIRECTION('',(4.048582995951E-1,0.E0,9.143794383345E-1));
#4808=AXIS2_PLACEMENT_3D('',#4805,#4806,#4807);
#4810=CURVE_STYLE('',#15,POSITIVE_LENGTH_MEASURE(2.E-2),#4796);
#4811=PRESENTATION_STYLE_ASSIGNMENT((#4810));
#4812=STYLED_ITEM('',(#4811),#4809);
#4813=DIRECTION('',(0.E0,-1.E0,0.E0));
#4814=VECTOR('',#4813,9.E-1);
#4815=CARTESIAN_POINT('',(-1.E-1,-3.35E0,2.258517212686E-1));
#4816=LINE('',#4815,#4814);
#4817=CURVE_STYLE('',#15,POSITIVE_LENGTH_MEASURE(2.E-2),#4796);
#4818=PRESENTATION_STYLE_ASSIGNMENT((#4817));
#4819=STYLED_ITEM('',(#4818),#4816);
#4820=CARTESIAN_POINT('',(0.E0,-3.35E0,0.E0));
#4821=DIRECTION('',(0.E0,-1.E0,0.E0));
#4822=DIRECTION('',(-9.143794383345E-1,0.E0,4.048582995951E-1));
#4823=AXIS2_PLACEMENT_3D('',#4820,#4821,#4822);
#4825=CURVE_STYLE('',#15,POSITIVE_LENGTH_MEASURE(2.E-2),#4796);
#4826=PRESENTATION_STYLE_ASSIGNMENT((#4825));
#4827=STYLED_ITEM('',(#4826),#4824);
#4828=CARTESIAN_POINT('',(0.E0,-3.35E0,0.E0));
#4829=DIRECTION('',(0.E0,-1.E0,0.E0));
#4830=DIRECTION('',(1.E0,0.E0,0.E0));
#4831=AXIS2_PLACEMENT_3D('',#4828,#4829,#4830);
#4833=CURVE_STYLE('',#15,POSITIVE_LENGTH_MEASURE(2.E-2),#4796);
#4834=PRESENTATION_STYLE_ASSIGNMENT((#4833));
#4835=STYLED_ITEM('',(#4834),#4832);
#4836=CARTESIAN_POINT('',(0.E0,-4.25E0,0.E0));
#4837=DIRECTION('',(0.E0,1.E0,0.E0));
#4838=DIRECTION('',(1.E0,0.E0,0.E0));
#4839=AXIS2_PLACEMENT_3D('',#4836,#4837,#4838);
#4841=CURVE_STYLE('',#15,POSITIVE_LENGTH_MEASURE(2.E-2),#4796);
#4842=PRESENTATION_STYLE_ASSIGNMENT((#4841));
#4843=STYLED_ITEM('',(#4842),#4840);
#4844=CARTESIAN_POINT('',(0.E0,-4.25E0,0.E0));
#4845=DIRECTION('',(0.E0,-1.E0,0.E0));
#4846=DIRECTION('',(1.E0,0.E0,0.E0));
#4847=AXIS2_PLACEMENT_3D('',#4844,#4845,#4846);
#4849=CURVE_STYLE('',#15,POSITIVE_LENGTH_MEASURE(2.E-2),#4796);
#4850=PRESENTATION_STYLE_ASSIGNMENT((#4849));
#4851=STYLED_ITEM('',(#4850),#4848);
#4852=CARTESIAN_POINT('',(0.E0,-4.25E0,0.E0));
#4853=DIRECTION('',(0.E0,-1.E0,0.E0));
#4854=DIRECTION('',(4.048582995952E-1,0.E0,-9.143794383345E-1));
#4855=AXIS2_PLACEMENT_3D('',#4852,#4853,#4854);
#4857=CURVE_STYLE('',#15,POSITIVE_LENGTH_MEASURE(2.E-2),#4796);
#4858=PRESENTATION_STYLE_ASSIGNMENT((#4857));
#4859=STYLED_ITEM('',(#4858),#4856);
#4860=CARTESIAN_POINT('',(0.E0,-4.25E0,0.E0));
#4861=DIRECTION('',(0.E0,-1.E0,0.E0));
#4862=DIRECTION('',(-4.048582995952E-1,0.E0,-9.143794383345E-1));
#4863=AXIS2_PLACEMENT_3D('',#4860,#4861,#4862);
#4865=CURVE_STYLE('',#15,POSITIVE_LENGTH_MEASURE(2.E-2),#4796);
#4866=PRESENTATION_STYLE_ASSIGNMENT((#4865));
#4867=STYLED_ITEM('',(#4866),#4864);
#4868=CARTESIAN_POINT('',(0.E0,-4.25E0,0.E0));
#4869=DIRECTION('',(0.E0,-1.E0,0.E0));
#4870=DIRECTION('',(-9.143794383345E-1,0.E0,-4.048582995952E-1));
#4871=AXIS2_PLACEMENT_3D('',#4868,#4869,#4870);
#4873=CURVE_STYLE('',#15,POSITIVE_LENGTH_MEASURE(2.E-2),#4796);
#4874=PRESENTATION_STYLE_ASSIGNMENT((#4873));
#4875=STYLED_ITEM('',(#4874),#4872);
#4876=CARTESIAN_POINT('',(0.E0,-4.25E0,0.E0));
#4877=DIRECTION('',(0.E0,-1.E0,0.E0));
#4878=DIRECTION('',(-4.048582995952E-1,0.E0,9.143794383345E-1));
#4879=AXIS2_PLACEMENT_3D('',#4876,#4877,#4878);
#4881=CURVE_STYLE('',#15,POSITIVE_LENGTH_MEASURE(2.E-2),#4796);
#4882=PRESENTATION_STYLE_ASSIGNMENT((#4881));
#4883=STYLED_ITEM('',(#4882),#4880);
#4884=CARTESIAN_POINT('',(0.E0,-4.25E0,0.E0));
#4885=DIRECTION('',(0.E0,-1.E0,0.E0));
#4886=DIRECTION('',(4.048582995952E-1,0.E0,9.143794383345E-1));
#4887=AXIS2_PLACEMENT_3D('',#4884,#4885,#4886);
#4889=CURVE_STYLE('',#15,POSITIVE_LENGTH_MEASURE(2.E-2),#4796);
#4890=PRESENTATION_STYLE_ASSIGNMENT((#4889));
#4891=STYLED_ITEM('',(#4890),#4888);
#4892=CARTESIAN_POINT('',(0.E0,-4.25E0,0.E0));
#4893=DIRECTION('',(0.E0,-1.E0,0.E0));
#4894=DIRECTION('',(9.143794383345E-1,0.E0,4.048582995952E-1));
#4895=AXIS2_PLACEMENT_3D('',#4892,#4893,#4894);
#4897=CURVE_STYLE('',#15,POSITIVE_LENGTH_MEASURE(2.E-2),#4796);
#4898=PRESENTATION_STYLE_ASSIGNMENT((#4897));
#4899=STYLED_ITEM('',(#4898),#4896);
#4900=DIRECTION('',(0.E0,1.E0,0.E0));
#4901=VECTOR('',#4900,4.132526970051E0);
#4902=CARTESIAN_POINT('',(2.49E-1,-8.382526970051E0,0.E0));
#4903=LINE('',#4902,#4901);
#4904=CURVE_STYLE('',#15,POSITIVE_LENGTH_MEASURE(2.E-2),#4796);
#4905=PRESENTATION_STYLE_ASSIGNMENT((#4904));
#4906=STYLED_ITEM('',(#4905),#4903);
#4907=DIRECTION('',(0.E0,1.E0,0.E0));
#4908=VECTOR('',#4907,4.132526970051E0);
#4909=CARTESIAN_POINT('',(-2.49E-1,-8.382526970051E0,0.E0));
#4910=LINE('',#4909,#4908);
#4911=CURVE_STYLE('',#15,POSITIVE_LENGTH_MEASURE(2.E-2),#4796);
#4912=PRESENTATION_STYLE_ASSIGNMENT((#4911));
#4913=STYLED_ITEM('',(#4912),#4910);
#4914=CARTESIAN_POINT('',(0.E0,-8.382526970051E0,0.E0));
#4915=DIRECTION('',(0.E0,1.E0,0.E0));
#4916=DIRECTION('',(1.E0,0.E0,0.E0));
#4917=AXIS2_PLACEMENT_3D('',#4914,#4915,#4916);
#4919=CURVE_STYLE('',#15,POSITIVE_LENGTH_MEASURE(2.E-2),#4796);
#4920=PRESENTATION_STYLE_ASSIGNMENT((#4919));
#4921=STYLED_ITEM('',(#4920),#4918);
#4922=CARTESIAN_POINT('',(0.E0,-8.382526970051E0,0.E0));
#4923=DIRECTION('',(0.E0,-1.E0,0.E0));
#4924=DIRECTION('',(1.E0,0.E0,0.E0));
#4925=AXIS2_PLACEMENT_3D('',#4922,#4923,#4924);
#4927=CURVE_STYLE('',#15,POSITIVE_LENGTH_MEASURE(2.E-2),#4796);
#4928=PRESENTATION_STYLE_ASSIGNMENT((#4927));
#4929=STYLED_ITEM('',(#4928),#4926);
#4930=CARTESIAN_POINT('',(0.E0,-8.552E0,0.E0));
#4931=DIRECTION('',(0.E0,-1.E0,0.E0));
#4932=DIRECTION('',(1.E0,0.E0,0.E0));
#4933=AXIS2_PLACEMENT_3D('',#4930,#4931,#4932);
#4935=CURVE_STYLE('',#15,POSITIVE_LENGTH_MEASURE(2.E-2),#4796);
#4936=PRESENTATION_STYLE_ASSIGNMENT((#4935));
#4937=STYLED_ITEM('',(#4936),#4934);
#4938=DIRECTION('',(5.E-1,8.660254037844E-1,0.E0));
#4939=VECTOR('',#4938,1.956905989232E-1);
#4940=CARTESIAN_POINT('',(1.511547005384E-1,-8.552E0,0.E0));
#4941=LINE('',#4940,#4939);
#4942=CURVE_STYLE('',#15,POSITIVE_LENGTH_MEASURE(2.E-2),#4796);
#4943=PRESENTATION_STYLE_ASSIGNMENT((#4942));
#4944=STYLED_ITEM('',(#4943),#4941);
#4945=DIRECTION('',(-5.E-1,8.660254037844E-1,0.E0));
#4946=VECTOR('',#4945,1.956905989232E-1);
#4947=CARTESIAN_POINT('',(-1.511547005384E-1,-8.552E0,0.E0));
#4948=LINE('',#4947,#4946);
#4949=CURVE_STYLE('',#15,POSITIVE_LENGTH_MEASURE(2.E-2),#4796);
#4950=PRESENTATION_STYLE_ASSIGNMENT((#4949));
#4951=STYLED_ITEM('',(#4950),#4948);
#4952=CARTESIAN_POINT('',(0.E0,-8.552E0,0.E0));
#4953=DIRECTION('',(0.E0,1.E0,0.E0));
#4954=DIRECTION('',(1.E0,0.E0,0.E0));
#4955=AXIS2_PLACEMENT_3D('',#4952,#4953,#4954);
#4957=CURVE_STYLE('',#15,POSITIVE_LENGTH_MEASURE(2.E-2),#4796);
#4958=PRESENTATION_STYLE_ASSIGNMENT((#4957));
#4959=STYLED_ITEM('',(#4958),#4956);
#4960=CARTESIAN_POINT('',(0.E0,-4.25E0,0.E0));
#4961=DIRECTION('',(0.E0,-1.E0,0.E0));
#4962=DIRECTION('',(9.143794383345E-1,0.E0,-4.048582995952E-1));
#4963=AXIS2_PLACEMENT_3D('',#4960,#4961,#4962);
#4965=CURVE_STYLE('',#15,POSITIVE_LENGTH_MEASURE(2.E-2),#4796);
#4966=PRESENTATION_STYLE_ASSIGNMENT((#4965));
#4967=STYLED_ITEM('',(#4966),#4964);
#4968=CARTESIAN_POINT('',(2.258517212686E-1,-4.25E0,1.E-1));
#4969=CARTESIAN_POINT('',(2.456876403480E-1,-4.195567729652E0,1.E-1));
#4970=CARTESIAN_POINT('',(2.783357953314E-1,-4.082739426730E0,1.E-1));
#4971=CARTESIAN_POINT('',(3.051505315952E-1,-3.894319264588E0,1.E-1));
#4972=CARTESIAN_POINT('',(3.051503290136E-1,-3.705677523256E0,1.E-1));
#4973=CARTESIAN_POINT('',(2.783350557584E-1,-3.517257374305E0,1.E-1));
#4974=CARTESIAN_POINT('',(2.456871906773E-1,-3.404431036395E0,1.E-1));
#4975=CARTESIAN_POINT('',(2.258517212686E-1,-3.35E0,1.E-1));
#4977=CURVE_STYLE('',#15,POSITIVE_LENGTH_MEASURE(2.E-2),#4796);
#4978=PRESENTATION_STYLE_ASSIGNMENT((#4977));
#4979=STYLED_ITEM('',(#4978),#4976);
#4980=CARTESIAN_POINT('',(2.258517212686E-1,-3.35E0,-1.E-1));
#4981=CARTESIAN_POINT('',(2.456871906773E-1,-3.404431036395E0,-1.E-1));
#4982=CARTESIAN_POINT('',(2.783350557584E-1,-3.517257374305E0,-1.E-1));
#4983=CARTESIAN_POINT('',(3.051503290136E-1,-3.705677523256E0,-1.E-1));
#4984=CARTESIAN_POINT('',(3.051505315952E-1,-3.894319264588E0,-1.E-1));
#4985=CARTESIAN_POINT('',(2.783357953314E-1,-4.082739426730E0,-1.E-1));
#4986=CARTESIAN_POINT('',(2.456876403480E-1,-4.195567729652E0,-1.E-1));
#4987=CARTESIAN_POINT('',(2.258517212686E-1,-4.25E0,-1.E-1));
#4989=CURVE_STYLE('',#15,POSITIVE_LENGTH_MEASURE(2.E-2),#4796);
#4990=PRESENTATION_STYLE_ASSIGNMENT((#4989));
#4991=STYLED_ITEM('',(#4990),#4988);
#4992=CARTESIAN_POINT('',(-1.E-1,-4.25E0,2.258517212686E-1));
#4993=CARTESIAN_POINT('',(-1.E-1,-4.195567729652E0,2.456876403480E-1));
#4994=CARTESIAN_POINT('',(-1.E-1,-4.082739426730E0,2.783357953314E-1));
#4995=CARTESIAN_POINT('',(-1.E-1,-3.894319264588E0,3.051505315952E-1));
#4996=CARTESIAN_POINT('',(-1.E-1,-3.705677523256E0,3.051503290136E-1));
#4997=CARTESIAN_POINT('',(-1.E-1,-3.517257374305E0,2.783350557584E-1));
#4998=CARTESIAN_POINT('',(-1.E-1,-3.404431036395E0,2.456871906773E-1));
#4999=CARTESIAN_POINT('',(-1.E-1,-3.35E0,2.258517212686E-1));
#5001=CURVE_STYLE('',#15,POSITIVE_LENGTH_MEASURE(2.E-2),#4796);
#5002=PRESENTATION_STYLE_ASSIGNMENT((#5001));
#5003=STYLED_ITEM('',(#5002),#5000);
#5004=CARTESIAN_POINT('',(1.E-1,-3.35E0,2.258517212686E-1));
#5005=CARTESIAN_POINT('',(1.E-1,-3.404431036395E0,2.456871906773E-1));
#5006=CARTESIAN_POINT('',(1.E-1,-3.517257374305E0,2.783350557584E-1));
#5007=CARTESIAN_POINT('',(1.E-1,-3.705677523256E0,3.051503290136E-1));
#5008=CARTESIAN_POINT('',(1.E-1,-3.894319264588E0,3.051505315952E-1));
#5009=CARTESIAN_POINT('',(1.E-1,-4.082739426730E0,2.783357953314E-1));
#5010=CARTESIAN_POINT('',(1.E-1,-4.195567729652E0,2.456876403480E-1));
#5011=CARTESIAN_POINT('',(1.E-1,-4.25E0,2.258517212686E-1));
#5013=CURVE_STYLE('',#15,POSITIVE_LENGTH_MEASURE(2.E-2),#4796);
#5014=PRESENTATION_STYLE_ASSIGNMENT((#5013));
#5015=STYLED_ITEM('',(#5014),#5012);
#5016=CARTESIAN_POINT('',(0.E0,-4.25E0,0.E0));
#5017=DIRECTION('',(0.E0,-1.E0,0.E0));
#5018=DIRECTION('',(-9.143794383345E-1,0.E0,4.048582995952E-1));
#5019=AXIS2_PLACEMENT_3D('',#5016,#5017,#5018);
#5021=CURVE_STYLE('',#15,POSITIVE_LENGTH_MEASURE(2.E-2),#4796);
#5022=PRESENTATION_STYLE_ASSIGNMENT((#5021));
#5023=STYLED_ITEM('',(#5022),#5020);
#5024=CARTESIAN_POINT('',(-2.258517212686E-1,-4.25E0,-1.E-1));
#5025=CARTESIAN_POINT('',(-2.456876403480E-1,-4.195567729652E0,-1.E-1));
#5026=CARTESIAN_POINT('',(-2.783357953314E-1,-4.082739426730E0,-1.E-1));
#5027=CARTESIAN_POINT('',(-3.051505315952E-1,-3.894319264588E0,-1.E-1));
#5028=CARTESIAN_POINT('',(-3.051503290136E-1,-3.705677523256E0,-1.E-1));
#5029=CARTESIAN_POINT('',(-2.783350557584E-1,-3.517257374305E0,-1.E-1));
#5030=CARTESIAN_POINT('',(-2.456871906773E-1,-3.404431036395E0,-1.E-1));
#5031=CARTESIAN_POINT('',(-2.258517212686E-1,-3.35E0,-1.E-1));
#5033=CURVE_STYLE('',#15,POSITIVE_LENGTH_MEASURE(2.E-2),#4796);
#5034=PRESENTATION_STYLE_ASSIGNMENT((#5033));
#5035=STYLED_ITEM('',(#5034),#5032);
#5036=CARTESIAN_POINT('',(-2.258517212686E-1,-3.35E0,1.E-1));
#5037=CARTESIAN_POINT('',(-2.456871906773E-1,-3.404431036395E0,1.E-1));
#5038=CARTESIAN_POINT('',(-2.783350557584E-1,-3.517257374305E0,1.E-1));
#5039=CARTESIAN_POINT('',(-3.051503290136E-1,-3.705677523256E0,1.E-1));
#5040=CARTESIAN_POINT('',(-3.051505315952E-1,-3.894319264588E0,1.E-1));
#5041=CARTESIAN_POINT('',(-2.783357953314E-1,-4.082739426730E0,1.E-1));
#5042=CARTESIAN_POINT('',(-2.456876403480E-1,-4.195567729652E0,1.E-1));
#5043=CARTESIAN_POINT('',(-2.258517212686E-1,-4.25E0,1.E-1));
#5045=CURVE_STYLE('',#15,POSITIVE_LENGTH_MEASURE(2.E-2),#4796);
#5046=PRESENTATION_STYLE_ASSIGNMENT((#5045));
#5047=STYLED_ITEM('',(#5046),#5044);
#5048=CARTESIAN_POINT('',(1.E-1,-4.25E0,-2.258517212686E-1));
#5049=CARTESIAN_POINT('',(1.E-1,-4.195567729652E0,-2.456876403480E-1));
#5050=CARTESIAN_POINT('',(1.E-1,-4.082739426730E0,-2.783357953314E-1));
#5051=CARTESIAN_POINT('',(1.E-1,-3.894319264588E0,-3.051505315952E-1));
#5052=CARTESIAN_POINT('',(1.E-1,-3.705677523256E0,-3.051503290136E-1));
#5053=CARTESIAN_POINT('',(1.E-1,-3.517257374305E0,-2.783350557584E-1));
#5054=CARTESIAN_POINT('',(1.E-1,-3.404431036395E0,-2.456871906773E-1));
#5055=CARTESIAN_POINT('',(1.E-1,-3.35E0,-2.258517212686E-1));
#5057=CURVE_STYLE('',#15,POSITIVE_LENGTH_MEASURE(2.E-2),#4796);
#5058=PRESENTATION_STYLE_ASSIGNMENT((#5057));
#5059=STYLED_ITEM('',(#5058),#5056);
#5060=CARTESIAN_POINT('',(-1.E-1,-3.35E0,-2.258517212686E-1));
#5061=CARTESIAN_POINT('',(-1.E-1,-3.404431036395E0,-2.456871906773E-1));
#5062=CARTESIAN_POINT('',(-1.E-1,-3.517257374305E0,-2.783350557584E-1));
#5063=CARTESIAN_POINT('',(-1.E-1,-3.705677523256E0,-3.051503290136E-1));
#5064=CARTESIAN_POINT('',(-1.E-1,-3.894319264588E0,-3.051505315952E-1));
#5065=CARTESIAN_POINT('',(-1.E-1,-4.082739426730E0,-2.783357953314E-1));
#5066=CARTESIAN_POINT('',(-1.E-1,-4.195567729652E0,-2.456876403480E-1));
#5067=CARTESIAN_POINT('',(-1.E-1,-4.25E0,-2.258517212686E-1));
#5069=CURVE_STYLE('',#15,POSITIVE_LENGTH_MEASURE(2.E-2),#4796);
#5070=PRESENTATION_STYLE_ASSIGNMENT((#5069));
#5071=STYLED_ITEM('',(#5070),#5068);
#5072=DIRECTION('',(0.E0,-1.E0,0.E0));
#5073=VECTOR('',#5072,9.E-1);
#5074=CARTESIAN_POINT('',(2.258517212686E-1,-3.35E0,1.E-1));
#5075=LINE('',#5074,#5073);
#5076=CURVE_STYLE('',#15,POSITIVE_LENGTH_MEASURE(2.E-2),#4796);
#5077=PRESENTATION_STYLE_ASSIGNMENT((#5076));
#5078=STYLED_ITEM('',(#5077),#5075);
#5079=DIRECTION('',(0.E0,-1.E0,0.E0));
#5080=VECTOR('',#5079,9.E-1);
#5081=CARTESIAN_POINT('',(-1.E-1,-3.35E0,-2.258517212686E-1));
#5082=LINE('',#5081,#5080);
#5083=CURVE_STYLE('',#15,POSITIVE_LENGTH_MEASURE(2.E-2),#4796);
#5084=PRESENTATION_STYLE_ASSIGNMENT((#5083));
#5085=STYLED_ITEM('',(#5084),#5082);
#5086=CARTESIAN_POINT('',(0.E0,-3.35E0,0.E0));
#5087=DIRECTION('',(0.E0,1.E0,0.E0));
#5088=DIRECTION('',(4.048582995951E-1,0.E0,-9.143794383345E-1));
#5089=AXIS2_PLACEMENT_3D('',#5086,#5087,#5088);
#5091=CURVE_STYLE('',#15,POSITIVE_LENGTH_MEASURE(2.E-2),#4796);
#5092=PRESENTATION_STYLE_ASSIGNMENT((#5091));
#5093=STYLED_ITEM('',(#5092),#5090);
#5094=DIRECTION('',(0.E0,-1.E0,0.E0));
#5095=VECTOR('',#5094,9.E-1);
#5096=CARTESIAN_POINT('',(1.E-1,-3.35E0,-2.258517212686E-1));
#5097=LINE('',#5096,#5095);
#5098=CURVE_STYLE('',#15,POSITIVE_LENGTH_MEASURE(2.E-2),#4796);
#5099=PRESENTATION_STYLE_ASSIGNMENT((#5098));
#5100=STYLED_ITEM('',(#5099),#5097);
#5101=CARTESIAN_POINT('',(0.E0,-3.35E0,0.E0));
#5102=DIRECTION('',(0.E0,1.E0,0.E0));
#5103=DIRECTION('',(1.E0,0.E0,0.E0));
#5104=AXIS2_PLACEMENT_3D('',#5101,#5102,#5103);
#5106=CURVE_STYLE('',#15,POSITIVE_LENGTH_MEASURE(2.E-2),#4796);
#5107=PRESENTATION_STYLE_ASSIGNMENT((#5106));
#5108=STYLED_ITEM('',(#5107),#5105);
#5109=DIRECTION('',(0.E0,1.E0,0.E0));
#5110=VECTOR('',#5109,3.181991071666E0);
#5111=CARTESIAN_POINT('',(2.47E-1,-3.35E0,0.E0));
#5112=LINE('',#5111,#5110);
#5113=CURVE_STYLE('',#15,POSITIVE_LENGTH_MEASURE(2.E-2),#4796);
#5114=PRESENTATION_STYLE_ASSIGNMENT((#5113));
#5115=STYLED_ITEM('',(#5114),#5112);
#5116=DIRECTION('',(0.E0,1.E0,0.E0));
#5117=VECTOR('',#5116,3.181991071666E0);
#5118=CARTESIAN_POINT('',(-2.47E-1,-3.35E0,0.E0));
#5119=LINE('',#5118,#5117);
#5120=CURVE_STYLE('',#15,POSITIVE_LENGTH_MEASURE(2.E-2),#4796);
#5121=PRESENTATION_STYLE_ASSIGNMENT((#5120));
#5122=STYLED_ITEM('',(#5121),#5119);
#5123=CARTESIAN_POINT('',(0.E0,-3.35E0,0.E0));
#5124=DIRECTION('',(0.E0,1.E0,0.E0));
#5125=DIRECTION('',(-9.143794383345E-1,0.E0,-4.048582995951E-1));
#5126=AXIS2_PLACEMENT_3D('',#5123,#5124,#5125);
#5128=CURVE_STYLE('',#15,POSITIVE_LENGTH_MEASURE(2.E-2),#4796);
#5129=PRESENTATION_STYLE_ASSIGNMENT((#5128));
#5130=STYLED_ITEM('',(#5129),#5127);
#5131=DIRECTION('',(0.E0,-1.E0,0.E0));
#5132=VECTOR('',#5131,9.E-1);
#5133=CARTESIAN_POINT('',(2.258517212686E-1,-3.35E0,-1.E-1));
#5134=LINE('',#5133,#5132);
#5135=CURVE_STYLE('',#15,POSITIVE_LENGTH_MEASURE(2.E-2),#4796);
#5136=PRESENTATION_STYLE_ASSIGNMENT((#5135));
#5137=STYLED_ITEM('',(#5136),#5134);
#5138=DIRECTION('',(-5.E-1,8.660254037844E-1,0.E0));
#5139=VECTOR('',#5138,1.94E-1);
#5140=CARTESIAN_POINT('',(2.47E-1,-1.680089283342E-1,0.E0));
#5141=LINE('',#5140,#5139);
#5142=CURVE_STYLE('',#15,POSITIVE_LENGTH_MEASURE(2.E-2),#4796);
#5143=PRESENTATION_STYLE_ASSIGNMENT((#5142));
#5144=STYLED_ITEM('',(#5143),#5141);
#5145=DIRECTION('',(5.E-1,8.660254037844E-1,0.E0));
#5146=VECTOR('',#5145,1.94E-1);
#5147=CARTESIAN_POINT('',(-2.47E-1,-1.680089283342E-1,0.E0));
#5148=LINE('',#5147,#5146);
#5149=CURVE_STYLE('',#15,POSITIVE_LENGTH_MEASURE(2.E-2),#4796);
#5150=PRESENTATION_STYLE_ASSIGNMENT((#5149));
#5151=STYLED_ITEM('',(#5150),#5148);
#5152=CARTESIAN_POINT('',(0.E0,-1.680089283342E-1,0.E0));
#5153=DIRECTION('',(0.E0,1.E0,0.E0));
#5154=DIRECTION('',(1.E0,0.E0,0.E0));
#5155=AXIS2_PLACEMENT_3D('',#5152,#5153,#5154);
#5157=CURVE_STYLE('',#15,POSITIVE_LENGTH_MEASURE(2.E-2),#4796);
#5158=PRESENTATION_STYLE_ASSIGNMENT((#5157));
#5159=STYLED_ITEM('',(#5158),#5156);
#5160=CARTESIAN_POINT('',(0.E0,-1.680089283342E-1,0.E0));
#5161=DIRECTION('',(0.E0,-1.E0,0.E0));
#5162=DIRECTION('',(1.E0,0.E0,0.E0));
#5163=AXIS2_PLACEMENT_3D('',#5160,#5161,#5162);
#5165=CURVE_STYLE('',#15,POSITIVE_LENGTH_MEASURE(2.E-2),#4796);
#5166=PRESENTATION_STYLE_ASSIGNMENT((#5165));
#5167=STYLED_ITEM('',(#5166),#5164);
#5168=CARTESIAN_POINT('',(0.E0,0.E0,0.E0));
#5169=DIRECTION('',(0.E0,1.E0,0.E0));
#5170=DIRECTION('',(1.E0,0.E0,0.E0));
#5171=AXIS2_PLACEMENT_3D('',#5168,#5169,#5170);
#5173=CURVE_STYLE('',#15,POSITIVE_LENGTH_MEASURE(2.E-2),#4796);
#5174=PRESENTATION_STYLE_ASSIGNMENT((#5173));
#5175=STYLED_ITEM('',(#5174),#5172);
#5176=CARTESIAN_POINT('',(0.E0,0.E0,0.E0));
#5177=DIRECTION('',(0.E0,-1.E0,0.E0));
#5178=DIRECTION('',(1.E0,0.E0,0.E0));
#5179=AXIS2_PLACEMENT_3D('',#5176,#5177,#5178);
#5181=CURVE_STYLE('',#15,POSITIVE_LENGTH_MEASURE(2.E-2),#4796);
#5182=PRESENTATION_STYLE_ASSIGNMENT((#5181));
#5183=STYLED_ITEM('',(#5182),#5180);
#5184=DIRECTION('',(0.E0,-1.E0,0.E0));
#5185=VECTOR('',#5184,9.E-1);
#5186=CARTESIAN_POINT('',(-2.258517212686E-1,-3.35E0,-1.E-1));
#5187=LINE('',#5186,#5185);
#5188=CURVE_STYLE('',#15,POSITIVE_LENGTH_MEASURE(2.E-2),#4796);
#5189=PRESENTATION_STYLE_ASSIGNMENT((#5188));
#5190=STYLED_ITEM('',(#5189),#5187);
#5191=DIRECTION('',(0.E0,-1.E0,0.E0));
#5192=VECTOR('',#5191,9.E-1);
#5193=CARTESIAN_POINT('',(-2.258517212686E-1,-3.35E0,1.E-1));
#5194=LINE('',#5193,#5192);
#5195=CURVE_STYLE('',#15,POSITIVE_LENGTH_MEASURE(2.E-2),#4796);
#5196=PRESENTATION_STYLE_ASSIGNMENT((#5195));
#5197=STYLED_ITEM('',(#5196),#5194);
#5198=CARTESIAN_POINT('',(2.47E-1,-3.35E0,0.E0));
#5199=CARTESIAN_POINT('',(2.47E-1,-1.680089283342E-1,0.E0));
#5200=VERTEX_POINT('',#5198);
#5201=VERTEX_POINT('',#5199);
#5202=CARTESIAN_POINT('',(1.5E-1,0.E0,0.E0));
#5203=VERTEX_POINT('',#5202);
#5204=CARTESIAN_POINT('',(-2.47E-1,-3.35E0,0.E0));
#5205=CARTESIAN_POINT('',(-2.47E-1,-1.680089283342E-1,0.E0));
#5206=VERTEX_POINT('',#5204);
#5207=VERTEX_POINT('',#5205);
#5208=CARTESIAN_POINT('',(-1.5E-1,0.E0,0.E0));
#5209=VERTEX_POINT('',#5208);
#5210=CARTESIAN_POINT('',(-2.258517212686E-1,-3.35E0,1.E-1));
#5211=VERTEX_POINT('',#5210);
#5212=CARTESIAN_POINT('',(2.258517212686E-1,-3.35E0,1.E-1));
#5213=VERTEX_POINT('',#5212);
#5214=CARTESIAN_POINT('',(1.E-1,-3.35E0,2.258517212686E-1));
#5215=CARTESIAN_POINT('',(-1.E-1,-3.35E0,2.258517212686E-1));
#5216=VERTEX_POINT('',#5214);
#5217=VERTEX_POINT('',#5215);
#5218=CARTESIAN_POINT('',(-2.258517212686E-1,-3.35E0,-1.E-1));
#5219=VERTEX_POINT('',#5218);
#5220=CARTESIAN_POINT('',(2.258517212686E-1,-3.35E0,-1.E-1));
#5221=VERTEX_POINT('',#5220);
#5222=CARTESIAN_POINT('',(1.E-1,-3.35E0,-2.258517212686E-1));
#5223=CARTESIAN_POINT('',(-1.E-1,-3.35E0,-2.258517212686E-1));
#5224=VERTEX_POINT('',#5222);
#5225=VERTEX_POINT('',#5223);
#5226=CARTESIAN_POINT('',(1.511547005384E-1,-8.552E0,0.E0));
#5227=CARTESIAN_POINT('',(2.49E-1,-8.382526970051E0,0.E0));
#5228=VERTEX_POINT('',#5226);
#5229=VERTEX_POINT('',#5227);
#5230=CARTESIAN_POINT('',(2.49E-1,-4.25E0,0.E0));
#5231=VERTEX_POINT('',#5230);
#5232=CARTESIAN_POINT('',(-1.511547005384E-1,-8.552E0,0.E0));
#5233=CARTESIAN_POINT('',(-2.49E-1,-8.382526970051E0,0.E0));
#5234=VERTEX_POINT('',#5232);
#5235=VERTEX_POINT('',#5233);
#5236=CARTESIAN_POINT('',(-2.49E-1,-4.25E0,0.E0));
#5237=VERTEX_POINT('',#5236);
#5238=CARTESIAN_POINT('',(2.258517212686E-1,-4.25E0,-1.E-1));
#5239=CARTESIAN_POINT('',(2.258517212686E-1,-4.25E0,1.E-1));
#5240=VERTEX_POINT('',#5238);
#5241=VERTEX_POINT('',#5239);
#5242=CARTESIAN_POINT('',(1.E-1,-4.25E0,2.258517212686E-1));
#5243=VERTEX_POINT('',#5242);
#5244=CARTESIAN_POINT('',(-1.E-1,-4.25E0,2.258517212686E-1));
#5245=VERTEX_POINT('',#5244);
#5246=CARTESIAN_POINT('',(-2.258517212686E-1,-4.25E0,1.E-1));
#5247=VERTEX_POINT('',#5246);
#5248=CARTESIAN_POINT('',(-2.258517212686E-1,-4.25E0,-1.E-1));
#5249=VERTEX_POINT('',#5248);
#5250=CARTESIAN_POINT('',(-1.E-1,-4.25E0,-2.258517212686E-1));
#5251=CARTESIAN_POINT('',(1.E-1,-4.25E0,-2.258517212686E-1));
#5252=VERTEX_POINT('',#5250);
#5253=VERTEX_POINT('',#5251);
#5254=CARTESIAN_POINT('',(0.E0,4.275E-1,0.E0));
#5255=DIRECTION('',(0.E0,-1.E0,0.E0));
#5256=DIRECTION('',(-1.E0,0.E0,0.E0));
#5257=AXIS2_PLACEMENT_3D('',#5254,#5255,#5256);
#5258=CYLINDRICAL_SURFACE('',#5257,2.47E-1);
#5260=ORIENTED_EDGE('',*,*,#5259,.T.);
#5262=ORIENTED_EDGE('',*,*,#5261,.F.);
#5264=ORIENTED_EDGE('',*,*,#5263,.T.);
#5266=ORIENTED_EDGE('',*,*,#5265,.T.);
#5268=ORIENTED_EDGE('',*,*,#5267,.T.);
#5270=ORIENTED_EDGE('',*,*,#5269,.F.);
#5272=ORIENTED_EDGE('',*,*,#5271,.T.);
#5274=ORIENTED_EDGE('',*,*,#5273,.T.);
#5276=ORIENTED_EDGE('',*,*,#5275,.F.);
#5278=ORIENTED_EDGE('',*,*,#5277,.F.);
#5280=ORIENTED_EDGE('',*,*,#5279,.T.);
#5282=ORIENTED_EDGE('',*,*,#5281,.T.);
#5283=EDGE_LOOP('',(#5260,#5262,#5264,#5266,#5268,#5270,#5272,#5274,#5276,#5278,
#5280,#5282));
#5284=FACE_OUTER_BOUND('',#5283,.F.);
#5286=CARTESIAN_POINT('',(0.E0,-4.25E0,0.E0));
#5287=DIRECTION('',(0.E0,-1.E0,0.E0));
#5288=DIRECTION('',(-1.E0,0.E0,0.E0));
#5289=AXIS2_PLACEMENT_3D('',#5286,#5287,#5288);
#5290=PLANE('',#5289);
#5292=ORIENTED_EDGE('',*,*,#5291,.F.);
#5294=ORIENTED_EDGE('',*,*,#5293,.T.);
#5295=EDGE_LOOP('',(#5292,#5294));
#5296=FACE_OUTER_BOUND('',#5295,.F.);
#5298=ORIENTED_EDGE('',*,*,#5297,.F.);
#5300=ORIENTED_EDGE('',*,*,#5299,.F.);
#5302=ORIENTED_EDGE('',*,*,#5301,.F.);
#5304=ORIENTED_EDGE('',*,*,#5303,.F.);
#5306=ORIENTED_EDGE('',*,*,#5305,.F.);
#5307=ORIENTED_EDGE('',*,*,#5267,.F.);
#5309=ORIENTED_EDGE('',*,*,#5308,.F.);
#5310=ORIENTED_EDGE('',*,*,#5259,.F.);
#5311=EDGE_LOOP('',(#5298,#5300,#5302,#5304,#5306,#5307,#5309,#5310));
#5312=FACE_BOUND('',#5311,.F.);
#5314=CARTESIAN_POINT('',(0.E0,-4.0349E0,0.E0));
#5315=DIRECTION('',(0.E0,-1.E0,0.E0));
#5316=DIRECTION('',(-1.E0,0.E0,0.E0));
#5317=AXIS2_PLACEMENT_3D('',#5314,#5315,#5316);
#5318=CYLINDRICAL_SURFACE('',#5317,2.49E-1);
#5320=ORIENTED_EDGE('',*,*,#5319,.T.);
#5321=ORIENTED_EDGE('',*,*,#5291,.T.);
#5323=ORIENTED_EDGE('',*,*,#5322,.F.);
#5325=ORIENTED_EDGE('',*,*,#5324,.F.);
#5326=EDGE_LOOP('',(#5320,#5321,#5323,#5325));
#5327=FACE_OUTER_BOUND('',#5326,.F.);
#5329=FILL_AREA_STYLE_COLOUR('',#4795);
#5330=FILL_AREA_STYLE('',(#5329));
#5331=SURFACE_STYLE_FILL_AREA(#5330);
#5332=SURFACE_SIDE_STYLE('',(#5331));
#5333=SURFACE_STYLE_USAGE(.POSITIVE.,#5332);
#5334=FILL_AREA_STYLE_COLOUR('',#4796);
#5335=FILL_AREA_STYLE('',(#5334));
#5336=SURFACE_STYLE_FILL_AREA(#5335);
#5337=SURFACE_SIDE_STYLE('',(#5336));
#5338=SURFACE_STYLE_USAGE(.NEGATIVE.,#5337);
#5339=PRESENTATION_STYLE_ASSIGNMENT((#5333,#5338));
#5340=OVER_RIDING_STYLED_ITEM('',(#5339),#5328,#4797);
#5341=CARTESIAN_POINT('',(0.E0,-4.0349E0,0.E0));
#5342=DIRECTION('',(0.E0,-1.E0,0.E0));
#5343=DIRECTION('',(-1.E0,0.E0,0.E0));
#5344=AXIS2_PLACEMENT_3D('',#5341,#5342,#5343);
#5345=CYLINDRICAL_SURFACE('',#5344,2.49E-1);
#5346=ORIENTED_EDGE('',*,*,#5319,.F.);
#5348=ORIENTED_EDGE('',*,*,#5347,.T.);
#5349=ORIENTED_EDGE('',*,*,#5322,.T.);
#5350=ORIENTED_EDGE('',*,*,#5293,.F.);
#5351=EDGE_LOOP('',(#5346,#5348,#5349,#5350));
#5352=FACE_OUTER_BOUND('',#5351,.F.);
#5354=FILL_AREA_STYLE_COLOUR('',#4795);
#5355=FILL_AREA_STYLE('',(#5354));
#5356=SURFACE_STYLE_FILL_AREA(#5355);
#5357=SURFACE_SIDE_STYLE('',(#5356));
#5358=SURFACE_STYLE_USAGE(.POSITIVE.,#5357);
#5359=FILL_AREA_STYLE_COLOUR('',#4796);
#5360=FILL_AREA_STYLE('',(#5359));
#5361=SURFACE_STYLE_FILL_AREA(#5360);
#5362=SURFACE_SIDE_STYLE('',(#5361));
#5363=SURFACE_STYLE_USAGE(.NEGATIVE.,#5362);
#5364=PRESENTATION_STYLE_ASSIGNMENT((#5358,#5363));
#5365=OVER_RIDING_STYLED_ITEM('',(#5364),#5353,#4797);
#5366=CARTESIAN_POINT('',(0.E0,-8.467263485025E0,0.E0));
#5367=DIRECTION('',(0.E0,1.E0,0.E0));
#5368=DIRECTION('',(1.E0,0.E0,0.E0));
#5369=AXIS2_PLACEMENT_3D('',#5366,#5367,#5368);
#5370=CONICAL_SURFACE('',#5369,2.000773502692E-1,3.E1);
#5372=ORIENTED_EDGE('',*,*,#5371,.F.);
#5374=ORIENTED_EDGE('',*,*,#5373,.T.);
#5376=ORIENTED_EDGE('',*,*,#5375,.T.);
#5377=ORIENTED_EDGE('',*,*,#5347,.F.);
#5378=EDGE_LOOP('',(#5372,#5374,#5376,#5377));
#5379=FACE_OUTER_BOUND('',#5378,.F.);
#5381=FILL_AREA_STYLE_COLOUR('',#4795);
#5382=FILL_AREA_STYLE('',(#5381));
#5383=SURFACE_STYLE_FILL_AREA(#5382);
#5384=SURFACE_SIDE_STYLE('',(#5383));
#5385=SURFACE_STYLE_USAGE(.POSITIVE.,#5384);
#5386=FILL_AREA_STYLE_COLOUR('',#4796);
#5387=FILL_AREA_STYLE('',(#5386));
#5388=SURFACE_STYLE_FILL_AREA(#5387);
#5389=SURFACE_SIDE_STYLE('',(#5388));
#5390=SURFACE_STYLE_USAGE(.NEGATIVE.,#5389);
#5391=PRESENTATION_STYLE_ASSIGNMENT((#5385,#5390));
#5392=OVER_RIDING_STYLED_ITEM('',(#5391),#5380,#4797);
#5393=CARTESIAN_POINT('',(0.E0,-8.467263485025E0,0.E0));
#5394=DIRECTION('',(0.E0,1.E0,0.E0));
#5395=DIRECTION('',(1.E0,0.E0,0.E0));
#5396=AXIS2_PLACEMENT_3D('',#5393,#5394,#5395);
#5397=CONICAL_SURFACE('',#5396,2.000773502692E-1,3.E1);
#5398=ORIENTED_EDGE('',*,*,#5371,.T.);
#5399=ORIENTED_EDGE('',*,*,#5324,.T.);
#5400=ORIENTED_EDGE('',*,*,#5375,.F.);
#5402=ORIENTED_EDGE('',*,*,#5401,.F.);
#5403=EDGE_LOOP('',(#5398,#5399,#5400,#5402));
#5404=FACE_OUTER_BOUND('',#5403,.F.);
#5406=FILL_AREA_STYLE_COLOUR('',#4795);
#5407=FILL_AREA_STYLE('',(#5406));
#5408=SURFACE_STYLE_FILL_AREA(#5407);
#5409=SURFACE_SIDE_STYLE('',(#5408));
#5410=SURFACE_STYLE_USAGE(.POSITIVE.,#5409);
#5411=FILL_AREA_STYLE_COLOUR('',#4796);
#5412=FILL_AREA_STYLE('',(#5411));
#5413=SURFACE_STYLE_FILL_AREA(#5412);
#5414=SURFACE_SIDE_STYLE('',(#5413));
#5415=SURFACE_STYLE_USAGE(.NEGATIVE.,#5414);
#5416=PRESENTATION_STYLE_ASSIGNMENT((#5410,#5415));
#5417=OVER_RIDING_STYLED_ITEM('',(#5416),#5405,#4797);
#5418=CARTESIAN_POINT('',(0.E0,-8.552E0,0.E0));
#5419=DIRECTION('',(0.E0,-1.E0,0.E0));
#5420=DIRECTION('',(-1.E0,0.E0,0.E0));
#5421=AXIS2_PLACEMENT_3D('',#5418,#5419,#5420);
#5422=PLANE('',#5421);
#5423=ORIENTED_EDGE('',*,*,#5401,.T.);
#5424=ORIENTED_EDGE('',*,*,#5373,.F.);
#5425=EDGE_LOOP('',(#5423,#5424));
#5426=FACE_OUTER_BOUND('',#5425,.F.);
#5428=FILL_AREA_STYLE_COLOUR('',#4795);
#5429=FILL_AREA_STYLE('',(#5428));
#5430=SURFACE_STYLE_FILL_AREA(#5429);
#5431=SURFACE_SIDE_STYLE('',(#5430));
#5432=SURFACE_STYLE_USAGE(.POSITIVE.,#5431);
#5433=FILL_AREA_STYLE_COLOUR('',#4796);
#5434=FILL_AREA_STYLE('',(#5433));
#5435=SURFACE_STYLE_FILL_AREA(#5434);
#5436=SURFACE_SIDE_STYLE('',(#5435));
#5437=SURFACE_STYLE_USAGE(.NEGATIVE.,#5436);
#5438=PRESENTATION_STYLE_ASSIGNMENT((#5432,#5437));
#5439=OVER_RIDING_STYLED_ITEM('',(#5438),#5427,#4797);
#5440=CARTESIAN_POINT('',(-2.082961391357E-1,-3.332662769406E0,
1.214140108173E-1));
#5441=CARTESIAN_POINT('',(-3.000563576668E-1,-3.638243690667E0,
1.749002454233E-1));
#5442=CARTESIAN_POINT('',(-3.000563576668E-1,-3.961756309333E0,
1.749002454233E-1));
#5443=CARTESIAN_POINT('',(-2.082961391357E-1,-4.267337230594E0,
1.214140108173E-1));
#5444=CARTESIAN_POINT('',(-3.998848347642E-1,-3.332662769406E0,
-2.072728131565E-1));
#5445=CARTESIAN_POINT('',(-5.760451802102E-1,-3.638243690667E0,
-2.985822282503E-1));
#5446=CARTESIAN_POINT('',(-5.760451802102E-1,-3.961756309333E0,
-2.985822282503E-1));
#5447=CARTESIAN_POINT('',(-3.998848347642E-1,-4.267337230594E0,
-2.072728131565E-1));
#5448=CARTESIAN_POINT('',(-9.853528145826E-2,-3.332662769406E0,
-4.395005101887E-1));
#5449=CARTESIAN_POINT('',(-1.419428021024E-1,-3.638243690667E0,
-6.331126579066E-1));
#5450=CARTESIAN_POINT('',(-1.419428021024E-1,-3.961756309333E0,
-6.331126579066E-1));
#5451=CARTESIAN_POINT('',(-9.853528145826E-2,-4.267337230594E0,
-4.395005101887E-1));
#5452=CARTESIAN_POINT('',(1.704826143652E-1,-3.332662769406E0,
-1.704826143652E-1));
#5453=CARTESIAN_POINT('',(2.455849279021E-1,-3.638243690667E0,
-2.455849279021E-1));
#5454=CARTESIAN_POINT('',(2.455849279021E-1,-3.961756309333E0,
-2.455849279021E-1));
#5455=CARTESIAN_POINT('',(1.704826143652E-1,-4.267337230594E0,
-1.704826143652E-1));
#5456=CARTESIAN_POINT('',(4.395005101887E-1,-3.332662769406E0,
9.853528145826E-2));
#5457=CARTESIAN_POINT('',(6.331126579066E-1,-3.638243690667E0,
1.419428021024E-1));
#5458=CARTESIAN_POINT('',(6.331126579066E-1,-3.961756309333E0,
1.419428021024E-1));
#5459=CARTESIAN_POINT('',(4.395005101887E-1,-4.267337230594E0,
9.853528145826E-2));
#5460=CARTESIAN_POINT('',(2.072728131565E-1,-3.332662769406E0,
3.998848347642E-1));
#5461=CARTESIAN_POINT('',(2.985822282503E-1,-3.638243690667E0,
5.760451802102E-1));
#5462=CARTESIAN_POINT('',(2.985822282503E-1,-3.961756309333E0,
5.760451802102E-1));
#5463=CARTESIAN_POINT('',(2.072728131565E-1,-4.267337230594E0,
3.998848347642E-1));
#5464=CARTESIAN_POINT('',(-1.214140108173E-1,-3.332662769406E0,
2.082961391357E-1));
#5465=CARTESIAN_POINT('',(-1.749002454233E-1,-3.638243690667E0,
3.000563576668E-1));
#5466=CARTESIAN_POINT('',(-1.749002454233E-1,-3.961756309333E0,
3.000563576668E-1));
#5467=CARTESIAN_POINT('',(-1.214140108173E-1,-4.267337230594E0,
2.082961391357E-1));
#5468=(BOUNDED_SURFACE()B_SPLINE_SURFACE(3,3,((#5440,#5441,#5442,#5443),(#5444,
#5445,#5446,#5447),(#5448,#5449,#5450,#5451),(#5452,#5453,#5454,#5455),(#5456,
#5457,#5458,#5459),(#5460,#5461,#5462,#5463),(#5464,#5465,#5466,#5467)),
.UNSPECIFIED.,.F.,.F.,.F.)B_SPLINE_SURFACE_WITH_KNOTS((4,3,4),(4,4),(0.E0,1.E0,
2.E0),(0.E0,1.E0),.UNSPECIFIED.)GEOMETRIC_REPRESENTATION_ITEM()RATIONAL_B_SPLINE_SURFACE(((1.822827987749E0,1.755470697778E0,1.755470697778E0,1.822827987749E0),(
7.637293695109E-1,7.355079789315E-1,7.355079789315E-1,7.637293695109E-1),(
7.637293695109E-1,7.355079789315E-1,7.355079789315E-1,7.637293695109E-1),(
1.822827987749E0,1.755470697778E0,1.755470697778E0,1.822827987749E0),(
7.637293695109E-1,7.355079789315E-1,7.355079789315E-1,7.637293695109E-1),(
7.637293695109E-1,7.355079789315E-1,7.355079789315E-1,7.637293695109E-1),(
1.822827987749E0,1.755470697778E0,1.755470697778E0,1.822827987749E0)))REPRESENTATION_ITEM('')SURFACE());
#5469=ORIENTED_EDGE('',*,*,#5297,.T.);
#5471=ORIENTED_EDGE('',*,*,#5470,.T.);
#5472=ORIENTED_EDGE('',*,*,#5279,.F.);
#5474=ORIENTED_EDGE('',*,*,#5473,.T.);
#5476=ORIENTED_EDGE('',*,*,#5475,.T.);
#5477=EDGE_LOOP('',(#5469,#5471,#5472,#5474,#5476));
#5478=FACE_OUTER_BOUND('',#5477,.F.);
#5480=CARTESIAN_POINT('',(-2.082961391357E-1,-3.332662769406E0,
1.214140108173E-1));
#5481=CARTESIAN_POINT('',(-3.000563576668E-1,-3.638243690667E0,
1.749002454233E-1));
#5482=CARTESIAN_POINT('',(-3.000563576668E-1,-3.961756309333E0,
1.749002454233E-1));
#5483=CARTESIAN_POINT('',(-2.082961391357E-1,-4.267337230594E0,
1.214140108173E-1));
#5484=CARTESIAN_POINT('',(-3.998848347642E-1,-3.332662769406E0,
-2.072728131565E-1));
#5485=CARTESIAN_POINT('',(-5.760451802102E-1,-3.638243690667E0,
-2.985822282503E-1));
#5486=CARTESIAN_POINT('',(-5.760451802102E-1,-3.961756309333E0,
-2.985822282503E-1));
#5487=CARTESIAN_POINT('',(-3.998848347642E-1,-4.267337230594E0,
-2.072728131565E-1));
#5488=CARTESIAN_POINT('',(-9.853528145826E-2,-3.332662769406E0,
-4.395005101887E-1));
#5489=CARTESIAN_POINT('',(-1.419428021024E-1,-3.638243690667E0,
-6.331126579066E-1));
#5490=CARTESIAN_POINT('',(-1.419428021024E-1,-3.961756309333E0,
-6.331126579066E-1));
#5491=CARTESIAN_POINT('',(-9.853528145826E-2,-4.267337230594E0,
-4.395005101887E-1));
#5492=CARTESIAN_POINT('',(1.704826143652E-1,-3.332662769406E0,
-1.704826143652E-1));
#5493=CARTESIAN_POINT('',(2.455849279021E-1,-3.638243690667E0,
-2.455849279021E-1));
#5494=CARTESIAN_POINT('',(2.455849279021E-1,-3.961756309333E0,
-2.455849279021E-1));
#5495=CARTESIAN_POINT('',(1.704826143652E-1,-4.267337230594E0,
-1.704826143652E-1));
#5496=CARTESIAN_POINT('',(4.395005101887E-1,-3.332662769406E0,
9.853528145826E-2));
#5497=CARTESIAN_POINT('',(6.331126579066E-1,-3.638243690667E0,
1.419428021024E-1));
#5498=CARTESIAN_POINT('',(6.331126579066E-1,-3.961756309333E0,
1.419428021024E-1));
#5499=CARTESIAN_POINT('',(4.395005101887E-1,-4.267337230594E0,
9.853528145826E-2));
#5500=CARTESIAN_POINT('',(2.072728131565E-1,-3.332662769406E0,
3.998848347642E-1));
#5501=CARTESIAN_POINT('',(2.985822282503E-1,-3.638243690667E0,
5.760451802102E-1));
#5502=CARTESIAN_POINT('',(2.985822282503E-1,-3.961756309333E0,
5.760451802102E-1));
#5503=CARTESIAN_POINT('',(2.072728131565E-1,-4.267337230594E0,
3.998848347642E-1));
#5504=CARTESIAN_POINT('',(-1.214140108173E-1,-3.332662769406E0,
2.082961391357E-1));
#5505=CARTESIAN_POINT('',(-1.749002454233E-1,-3.638243690667E0,
3.000563576668E-1));
#5506=CARTESIAN_POINT('',(-1.749002454233E-1,-3.961756309333E0,
3.000563576668E-1));
#5507=CARTESIAN_POINT('',(-1.214140108173E-1,-4.267337230594E0,
2.082961391357E-1));
#5508=(BOUNDED_SURFACE()B_SPLINE_SURFACE(3,3,((#5480,#5481,#5482,#5483),(#5484,
#5485,#5486,#5487),(#5488,#5489,#5490,#5491),(#5492,#5493,#5494,#5495),(#5496,
#5497,#5498,#5499),(#5500,#5501,#5502,#5503),(#5504,#5505,#5506,#5507)),
.UNSPECIFIED.,.F.,.F.,.F.)B_SPLINE_SURFACE_WITH_KNOTS((4,3,4),(4,4),(0.E0,1.E0,
2.E0),(0.E0,1.E0),.UNSPECIFIED.)GEOMETRIC_REPRESENTATION_ITEM()RATIONAL_B_SPLINE_SURFACE(((1.822827987749E0,1.755470697778E0,1.755470697778E0,1.822827987749E0),(
7.637293695109E-1,7.355079789315E-1,7.355079789315E-1,7.637293695109E-1),(
7.637293695109E-1,7.355079789315E-1,7.355079789315E-1,7.637293695109E-1),(
1.822827987749E0,1.755470697778E0,1.755470697778E0,1.822827987749E0),(
7.637293695109E-1,7.355079789315E-1,7.355079789315E-1,7.637293695109E-1),(
7.637293695109E-1,7.355079789315E-1,7.355079789315E-1,7.637293695109E-1),(
1.822827987749E0,1.755470697778E0,1.755470697778E0,1.822827987749E0)))REPRESENTATION_ITEM('')SURFACE());
#5509=ORIENTED_EDGE('',*,*,#5308,.T.);
#5511=ORIENTED_EDGE('',*,*,#5510,.T.);
#5512=ORIENTED_EDGE('',*,*,#5263,.F.);
#5514=ORIENTED_EDGE('',*,*,#5513,.T.);
#5515=EDGE_LOOP('',(#5509,#5511,#5512,#5514));
#5516=FACE_OUTER_BOUND('',#5515,.F.);
#5518=CARTESIAN_POINT('',(-2.082961391357E-1,-3.332662769406E0,
1.214140108173E-1));
#5519=CARTESIAN_POINT('',(-3.000563576668E-1,-3.638243690667E0,
1.749002454233E-1));
#5520=CARTESIAN_POINT('',(-3.000563576668E-1,-3.961756309333E0,
1.749002454233E-1));
#5521=CARTESIAN_POINT('',(-2.082961391357E-1,-4.267337230594E0,
1.214140108173E-1));
#5522=CARTESIAN_POINT('',(-3.998848347642E-1,-3.332662769406E0,
-2.072728131565E-1));
#5523=CARTESIAN_POINT('',(-5.760451802102E-1,-3.638243690667E0,
-2.985822282503E-1));
#5524=CARTESIAN_POINT('',(-5.760451802102E-1,-3.961756309333E0,
-2.985822282503E-1));
#5525=CARTESIAN_POINT('',(-3.998848347642E-1,-4.267337230594E0,
-2.072728131565E-1));
#5526=CARTESIAN_POINT('',(-9.853528145826E-2,-3.332662769406E0,
-4.395005101887E-1));
#5527=CARTESIAN_POINT('',(-1.419428021024E-1,-3.638243690667E0,
-6.331126579066E-1));
#5528=CARTESIAN_POINT('',(-1.419428021024E-1,-3.961756309333E0,
-6.331126579066E-1));
#5529=CARTESIAN_POINT('',(-9.853528145826E-2,-4.267337230594E0,
-4.395005101887E-1));
#5530=CARTESIAN_POINT('',(1.704826143652E-1,-3.332662769406E0,
-1.704826143652E-1));
#5531=CARTESIAN_POINT('',(2.455849279021E-1,-3.638243690667E0,
-2.455849279021E-1));
#5532=CARTESIAN_POINT('',(2.455849279021E-1,-3.961756309333E0,
-2.455849279021E-1));
#5533=CARTESIAN_POINT('',(1.704826143652E-1,-4.267337230594E0,
-1.704826143652E-1));
#5534=CARTESIAN_POINT('',(4.395005101887E-1,-3.332662769406E0,
9.853528145826E-2));
#5535=CARTESIAN_POINT('',(6.331126579066E-1,-3.638243690667E0,
1.419428021024E-1));
#5536=CARTESIAN_POINT('',(6.331126579066E-1,-3.961756309333E0,
1.419428021024E-1));
#5537=CARTESIAN_POINT('',(4.395005101887E-1,-4.267337230594E0,
9.853528145826E-2));
#5538=CARTESIAN_POINT('',(2.072728131565E-1,-3.332662769406E0,
3.998848347642E-1));
#5539=CARTESIAN_POINT('',(2.985822282503E-1,-3.638243690667E0,
5.760451802102E-1));
#5540=CARTESIAN_POINT('',(2.985822282503E-1,-3.961756309333E0,
5.760451802102E-1));
#5541=CARTESIAN_POINT('',(2.072728131565E-1,-4.267337230594E0,
3.998848347642E-1));
#5542=CARTESIAN_POINT('',(-1.214140108173E-1,-3.332662769406E0,
2.082961391357E-1));
#5543=CARTESIAN_POINT('',(-1.749002454233E-1,-3.638243690667E0,
3.000563576668E-1));
#5544=CARTESIAN_POINT('',(-1.749002454233E-1,-3.961756309333E0,
3.000563576668E-1));
#5545=CARTESIAN_POINT('',(-1.214140108173E-1,-4.267337230594E0,
2.082961391357E-1));
#5546=(BOUNDED_SURFACE()B_SPLINE_SURFACE(3,3,((#5518,#5519,#5520,#5521),(#5522,
#5523,#5524,#5525),(#5526,#5527,#5528,#5529),(#5530,#5531,#5532,#5533),(#5534,
#5535,#5536,#5537),(#5538,#5539,#5540,#5541),(#5542,#5543,#5544,#5545)),
.UNSPECIFIED.,.F.,.F.,.F.)B_SPLINE_SURFACE_WITH_KNOTS((4,3,4),(4,4),(0.E0,1.E0,
2.E0),(0.E0,1.E0),.UNSPECIFIED.)GEOMETRIC_REPRESENTATION_ITEM()RATIONAL_B_SPLINE_SURFACE(((1.822827987749E0,1.755470697778E0,1.755470697778E0,1.822827987749E0),(
7.637293695109E-1,7.355079789315E-1,7.355079789315E-1,7.637293695109E-1),(
7.637293695109E-1,7.355079789315E-1,7.355079789315E-1,7.637293695109E-1),(
1.822827987749E0,1.755470697778E0,1.755470697778E0,1.822827987749E0),(
7.637293695109E-1,7.355079789315E-1,7.355079789315E-1,7.637293695109E-1),(
7.637293695109E-1,7.355079789315E-1,7.355079789315E-1,7.637293695109E-1),(
1.822827987749E0,1.755470697778E0,1.755470697778E0,1.822827987749E0)))REPRESENTATION_ITEM('')SURFACE());
#5547=ORIENTED_EDGE('',*,*,#5305,.T.);
#5549=ORIENTED_EDGE('',*,*,#5548,.T.);
#5551=ORIENTED_EDGE('',*,*,#5550,.T.);
#5552=ORIENTED_EDGE('',*,*,#5271,.F.);
#5554=ORIENTED_EDGE('',*,*,#5553,.T.);
#5555=EDGE_LOOP('',(#5547,#5549,#5551,#5552,#5554));
#5556=FACE_OUTER_BOUND('',#5555,.F.);
#5558=CARTESIAN_POINT('',(-2.082961391357E-1,-3.332662769406E0,
1.214140108173E-1));
#5559=CARTESIAN_POINT('',(-3.000563576668E-1,-3.638243690667E0,
1.749002454233E-1));
#5560=CARTESIAN_POINT('',(-3.000563576668E-1,-3.961756309333E0,
1.749002454233E-1));
#5561=CARTESIAN_POINT('',(-2.082961391357E-1,-4.267337230594E0,
1.214140108173E-1));
#5562=CARTESIAN_POINT('',(-3.998848347642E-1,-3.332662769406E0,
-2.072728131565E-1));
#5563=CARTESIAN_POINT('',(-5.760451802102E-1,-3.638243690667E0,
-2.985822282503E-1));
#5564=CARTESIAN_POINT('',(-5.760451802102E-1,-3.961756309333E0,
-2.985822282503E-1));
#5565=CARTESIAN_POINT('',(-3.998848347642E-1,-4.267337230594E0,
-2.072728131565E-1));
#5566=CARTESIAN_POINT('',(-9.853528145826E-2,-3.332662769406E0,
-4.395005101887E-1));
#5567=CARTESIAN_POINT('',(-1.419428021024E-1,-3.638243690667E0,
-6.331126579066E-1));
#5568=CARTESIAN_POINT('',(-1.419428021024E-1,-3.961756309333E0,
-6.331126579066E-1));
#5569=CARTESIAN_POINT('',(-9.853528145826E-2,-4.267337230594E0,
-4.395005101887E-1));
#5570=CARTESIAN_POINT('',(1.704826143652E-1,-3.332662769406E0,
-1.704826143652E-1));
#5571=CARTESIAN_POINT('',(2.455849279021E-1,-3.638243690667E0,
-2.455849279021E-1));
#5572=CARTESIAN_POINT('',(2.455849279021E-1,-3.961756309333E0,
-2.455849279021E-1));
#5573=CARTESIAN_POINT('',(1.704826143652E-1,-4.267337230594E0,
-1.704826143652E-1));
#5574=CARTESIAN_POINT('',(4.395005101887E-1,-3.332662769406E0,
9.853528145826E-2));
#5575=CARTESIAN_POINT('',(6.331126579066E-1,-3.638243690667E0,
1.419428021024E-1));
#5576=CARTESIAN_POINT('',(6.331126579066E-1,-3.961756309333E0,
1.419428021024E-1));
#5577=CARTESIAN_POINT('',(4.395005101887E-1,-4.267337230594E0,
9.853528145826E-2));
#5578=CARTESIAN_POINT('',(2.072728131565E-1,-3.332662769406E0,
3.998848347642E-1));
#5579=CARTESIAN_POINT('',(2.985822282503E-1,-3.638243690667E0,
5.760451802102E-1));
#5580=CARTESIAN_POINT('',(2.985822282503E-1,-3.961756309333E0,
5.760451802102E-1));
#5581=CARTESIAN_POINT('',(2.072728131565E-1,-4.267337230594E0,
3.998848347642E-1));
#5582=CARTESIAN_POINT('',(-1.214140108173E-1,-3.332662769406E0,
2.082961391357E-1));
#5583=CARTESIAN_POINT('',(-1.749002454233E-1,-3.638243690667E0,
3.000563576668E-1));
#5584=CARTESIAN_POINT('',(-1.749002454233E-1,-3.961756309333E0,
3.000563576668E-1));
#5585=CARTESIAN_POINT('',(-1.214140108173E-1,-4.267337230594E0,
2.082961391357E-1));
#5586=(BOUNDED_SURFACE()B_SPLINE_SURFACE(3,3,((#5558,#5559,#5560,#5561),(#5562,
#5563,#5564,#5565),(#5566,#5567,#5568,#5569),(#5570,#5571,#5572,#5573),(#5574,
#5575,#5576,#5577),(#5578,#5579,#5580,#5581),(#5582,#5583,#5584,#5585)),
.UNSPECIFIED.,.F.,.F.,.F.)B_SPLINE_SURFACE_WITH_KNOTS((4,3,4),(4,4),(0.E0,1.E0,
2.E0),(0.E0,1.E0),.UNSPECIFIED.)GEOMETRIC_REPRESENTATION_ITEM()RATIONAL_B_SPLINE_SURFACE(((1.822827987749E0,1.755470697778E0,1.755470697778E0,1.822827987749E0),(
7.637293695109E-1,7.355079789315E-1,7.355079789315E-1,7.637293695109E-1),(
7.637293695109E-1,7.355079789315E-1,7.355079789315E-1,7.637293695109E-1),(
1.822827987749E0,1.755470697778E0,1.755470697778E0,1.822827987749E0),(
7.637293695109E-1,7.355079789315E-1,7.355079789315E-1,7.637293695109E-1),(
7.637293695109E-1,7.355079789315E-1,7.355079789315E-1,7.637293695109E-1),(
1.822827987749E0,1.755470697778E0,1.755470697778E0,1.822827987749E0)))REPRESENTATION_ITEM('')SURFACE());
#5587=ORIENTED_EDGE('',*,*,#5301,.T.);
#5589=ORIENTED_EDGE('',*,*,#5588,.T.);
#5591=ORIENTED_EDGE('',*,*,#5590,.T.);
#5593=ORIENTED_EDGE('',*,*,#5592,.T.);
#5594=EDGE_LOOP('',(#5587,#5589,#5591,#5593));
#5595=FACE_OUTER_BOUND('',#5594,.F.);
#5597=CARTESIAN_POINT('',(2.258517212686E-1,0.E0,1.E-1));
#5598=DIRECTION('',(0.E0,0.E0,1.E0));
#5599=DIRECTION('',(1.E0,0.E0,0.E0));
#5600=AXIS2_PLACEMENT_3D('',#5597,#5598,#5599);
#5601=PLANE('',#5600);
#5602=ORIENTED_EDGE('',*,*,#5470,.F.);
#5603=ORIENTED_EDGE('',*,*,#5281,.F.);
#5604=EDGE_LOOP('',(#5602,#5603));
#5605=FACE_OUTER_BOUND('',#5604,.F.);
#5607=CARTESIAN_POINT('',(0.E0,4.275E-1,0.E0));
#5608=DIRECTION('',(0.E0,-1.E0,0.E0));
#5609=DIRECTION('',(-1.E0,0.E0,0.E0));
#5610=AXIS2_PLACEMENT_3D('',#5607,#5608,#5609);
#5611=CYLINDRICAL_SURFACE('',#5610,2.47E-1);
#5612=ORIENTED_EDGE('',*,*,#5303,.T.);
#5614=ORIENTED_EDGE('',*,*,#5613,.F.);
#5615=ORIENTED_EDGE('',*,*,#5590,.F.);
#5617=ORIENTED_EDGE('',*,*,#5616,.T.);
#5618=ORIENTED_EDGE('',*,*,#5299,.T.);
#5620=ORIENTED_EDGE('',*,*,#5619,.F.);
#5621=ORIENTED_EDGE('',*,*,#5473,.F.);
#5622=ORIENTED_EDGE('',*,*,#5277,.T.);
#5624=ORIENTED_EDGE('',*,*,#5623,.T.);
#5625=ORIENTED_EDGE('',*,*,#5273,.F.);
#5626=ORIENTED_EDGE('',*,*,#5550,.F.);
#5628=ORIENTED_EDGE('',*,*,#5627,.T.);
#5629=EDGE_LOOP('',(#5612,#5614,#5615,#5617,#5618,#5620,#5621,#5622,#5624,#5625,
#5626,#5628));
#5630=FACE_OUTER_BOUND('',#5629,.F.);
#5632=CARTESIAN_POINT('',(-1.E-1,0.E0,-3.039736830714E-1));
#5633=DIRECTION('',(-1.E0,0.E0,0.E0));
#5634=DIRECTION('',(0.E0,0.E0,1.E0));
#5635=AXIS2_PLACEMENT_3D('',#5632,#5633,#5634);
#5636=PLANE('',#5635);
#5637=ORIENTED_EDGE('',*,*,#5592,.F.);
#5638=ORIENTED_EDGE('',*,*,#5613,.T.);
#5639=EDGE_LOOP('',(#5637,#5638));
#5640=FACE_OUTER_BOUND('',#5639,.F.);
#5642=CARTESIAN_POINT('',(1.E-1,0.E0,-3.039736830714E-1));
#5643=DIRECTION('',(-1.E0,0.E0,0.E0));
#5644=DIRECTION('',(0.E0,0.E0,1.E0));
#5645=AXIS2_PLACEMENT_3D('',#5642,#5643,#5644);
#5646=PLANE('',#5645);
#5647=ORIENTED_EDGE('',*,*,#5588,.F.);
#5648=ORIENTED_EDGE('',*,*,#5616,.F.);
#5649=EDGE_LOOP('',(#5647,#5648));
#5650=FACE_OUTER_BOUND('',#5649,.F.);
#5652=CARTESIAN_POINT('',(2.258517212686E-1,0.E0,-1.E-1));
#5653=DIRECTION('',(0.E0,0.E0,1.E0));
#5654=DIRECTION('',(1.E0,0.E0,0.E0));
#5655=AXIS2_PLACEMENT_3D('',#5652,#5653,#5654);
#5656=PLANE('',#5655);
#5657=ORIENTED_EDGE('',*,*,#5475,.F.);
#5658=ORIENTED_EDGE('',*,*,#5619,.T.);
#5659=EDGE_LOOP('',(#5657,#5658));
#5660=FACE_OUTER_BOUND('',#5659,.F.);
#5662=CARTESIAN_POINT('',(0.E0,-8.400446416709E-2,0.E0));
#5663=DIRECTION('',(0.E0,-1.E0,0.E0));
#5664=DIRECTION('',(-1.E0,0.E0,0.E0));
#5665=AXIS2_PLACEMENT_3D('',#5662,#5663,#5664);
#5666=CONICAL_SURFACE('',#5665,1.985E-1,3.E1);
#5668=ORIENTED_EDGE('',*,*,#5667,.T.);
#5670=ORIENTED_EDGE('',*,*,#5669,.T.);
#5672=ORIENTED_EDGE('',*,*,#5671,.F.);
#5673=ORIENTED_EDGE('',*,*,#5623,.F.);
#5674=EDGE_LOOP('',(#5668,#5670,#5672,#5673));
#5675=FACE_OUTER_BOUND('',#5674,.F.);
#5677=CARTESIAN_POINT('',(0.E0,-8.400446416709E-2,0.E0));
#5678=DIRECTION('',(0.E0,-1.E0,0.E0));
#5679=DIRECTION('',(-1.E0,0.E0,0.E0));
#5680=AXIS2_PLACEMENT_3D('',#5677,#5678,#5679);
#5681=CONICAL_SURFACE('',#5680,1.985E-1,3.E1);
#5682=ORIENTED_EDGE('',*,*,#5667,.F.);
#5683=ORIENTED_EDGE('',*,*,#5275,.T.);
#5684=ORIENTED_EDGE('',*,*,#5671,.T.);
#5686=ORIENTED_EDGE('',*,*,#5685,.F.);
#5687=EDGE_LOOP('',(#5682,#5683,#5684,#5686));
#5688=FACE_OUTER_BOUND('',#5687,.F.);
#5690=CARTESIAN_POINT('',(0.E0,0.E0,0.E0));
#5691=DIRECTION('',(0.E0,-1.E0,0.E0));
#5692=DIRECTION('',(-1.E0,0.E0,0.E0));
#5693=AXIS2_PLACEMENT_3D('',#5690,#5691,#5692);
#5694=PLANE('',#5693);
#5695=ORIENTED_EDGE('',*,*,#5669,.F.);
#5696=ORIENTED_EDGE('',*,*,#5685,.T.);
#5697=EDGE_LOOP('',(#5695,#5696));
#5698=FACE_OUTER_BOUND('',#5697,.F.);
#5700=CARTESIAN_POINT('',(-2.258517212686E-1,0.E0,-1.E-1));
#5701=DIRECTION('',(0.E0,0.E0,-1.E0));
#5702=DIRECTION('',(-1.E0,0.E0,0.E0));
#5703=AXIS2_PLACEMENT_3D('',#5700,#5701,#5702);
#5704=PLANE('',#5703);
#5705=ORIENTED_EDGE('',*,*,#5548,.F.);
#5706=ORIENTED_EDGE('',*,*,#5627,.F.);
#5707=EDGE_LOOP('',(#5705,#5706));
#5708=FACE_OUTER_BOUND('',#5707,.F.);
#5710=CARTESIAN_POINT('',(-1.E-1,0.E0,3.039736830714E-1));
#5711=DIRECTION('',(1.E0,0.E0,0.E0));
#5712=DIRECTION('',(0.E0,0.E0,-1.E0));
#5713=AXIS2_PLACEMENT_3D('',#5710,#5711,#5712);
#5714=PLANE('',#5713);
#5715=ORIENTED_EDGE('',*,*,#5510,.F.);
#5716=ORIENTED_EDGE('',*,*,#5265,.F.);
#5717=EDGE_LOOP('',(#5715,#5716));
#5718=FACE_OUTER_BOUND('',#5717,.F.);
#5720=CARTESIAN_POINT('',(1.E-1,0.E0,3.039736830714E-1));
#5721=DIRECTION('',(1.E0,0.E0,0.E0));
#5722=DIRECTION('',(0.E0,0.E0,-1.E0));
#5723=AXIS2_PLACEMENT_3D('',#5720,#5721,#5722);
#5724=PLANE('',#5723);
#5725=ORIENTED_EDGE('',*,*,#5513,.F.);
#5726=ORIENTED_EDGE('',*,*,#5261,.T.);
#5727=EDGE_LOOP('',(#5725,#5726));
#5728=FACE_OUTER_BOUND('',#5727,.F.);
#5730=CARTESIAN_POINT('',(-2.258517212686E-1,0.E0,1.E-1));
#5731=DIRECTION('',(0.E0,0.E0,-1.E0));
#5732=DIRECTION('',(-1.E0,0.E0,0.E0));
#5733=AXIS2_PLACEMENT_3D('',#5730,#5731,#5732);
#5734=PLANE('',#5733);
#5735=ORIENTED_EDGE('',*,*,#5553,.F.);
#5736=ORIENTED_EDGE('',*,*,#5269,.T.);
#5737=EDGE_LOOP('',(#5735,#5736));
#5738=FACE_OUTER_BOUND('',#5737,.F.);
#5740=CLOSED_SHELL('',(#5285,#5313,#5328,#5353,#5380,#5405,#5427,#5479,#5517,
#5557,#5596,#5606,#5631,#5641,#5651,#5661,#5676,#5689,#5699,#5709,#5719,#5729,
#5739));
#5741=MANIFOLD_SOLID_BREP('',#5740);
#5742=FILL_AREA_STYLE_COLOUR('',#4796);
#5743=FILL_AREA_STYLE('',(#5742));
#5744=SURFACE_STYLE_FILL_AREA(#5743);
#5745=SURFACE_SIDE_STYLE('',(#5744));
#5746=SURFACE_STYLE_USAGE(.BOTH.,#5745);
#5747=PRESENTATION_STYLE_ASSIGNMENT((#5746));
#4797=STYLED_ITEM('',(#5747),#5741);
#5749=DIMENSIONAL_EXPONENTS(0.E0,0.E0,0.E0,0.E0,0.E0,0.E0,0.E0);
#5751=PLANE_ANGLE_MEASURE_WITH_UNIT(PLANE_ANGLE_MEASURE(1.745329251994E-2),
#5750);
#5752=(CONVERSION_BASED_UNIT('DEGREE',#5751)NAMED_UNIT(*)PLANE_ANGLE_UNIT());
#5754=UNCERTAINTY_MEASURE_WITH_UNIT(LENGTH_MEASURE(9.410065920475E-4),#5748,
'closure',
'Maximum model space distance between geometric entities at asserted connectivities');
#5756=CARTESIAN_POINT('',(0.E0,0.E0,0.E0));
#5757=DIRECTION('',(0.E0,0.E0,1.E0));
#5758=DIRECTION('',(1.E0,0.E0,0.E0));
#5761=MECHANICAL_CONTEXT('',#4774,'mechanical');
#5762=PRODUCT('M80-0200049','M80-0200049','NOT SPECIFIED',(#5761));
#5763=PRODUCT_DEFINITION_FORMATION_WITH_SPECIFIED_SOURCE('49','LAST_VERSION',
#5762,.MADE.);
#5769=CARTESIAN_POINT('',(-4.E0,3.1E0,-1.E0));
#5770=DIRECTION('',(0.E0,0.E0,1.E0));
#5771=DIRECTION('',(1.E0,0.E0,0.E0));
#5772=AXIS2_PLACEMENT_3D('',#5769,#5770,#5771);
#5773=ITEM_DEFINED_TRANSFORMATION('','',#5759,#5772);
#5774=(REPRESENTATION_RELATIONSHIP('','',#5760,#4785)REPRESENTATION_RELATIONSHIP_WITH_TRANSFORMATION(#5773)SHAPE_REPRESENTATION_RELATIONSHIP());
#5775=CONTEXT_DEPENDENT_SHAPE_REPRESENTATION(#5774,#5768);
#5778=CARTESIAN_POINT('',(-2.E0,3.1E0,-1.E0));
#5779=DIRECTION('',(0.E0,0.E0,1.E0));
#5780=DIRECTION('',(1.E0,0.E0,0.E0));
#5781=AXIS2_PLACEMENT_3D('',#5778,#5779,#5780);
#5782=ITEM_DEFINED_TRANSFORMATION('','',#5759,#5781);
#5783=(REPRESENTATION_RELATIONSHIP('','',#5760,#4785)REPRESENTATION_RELATIONSHIP_WITH_TRANSFORMATION(#5782)SHAPE_REPRESENTATION_RELATIONSHIP());
#5784=CONTEXT_DEPENDENT_SHAPE_REPRESENTATION(#5783,#5777);
#5787=CARTESIAN_POINT('',(0.E0,3.1E0,-1.E0));
#5788=DIRECTION('',(0.E0,0.E0,1.E0));
#5789=DIRECTION('',(1.E0,0.E0,0.E0));
#5790=AXIS2_PLACEMENT_3D('',#5787,#5788,#5789);
#5791=ITEM_DEFINED_TRANSFORMATION('','',#5759,#5790);
#5792=(REPRESENTATION_RELATIONSHIP('','',#5760,#4785)REPRESENTATION_RELATIONSHIP_WITH_TRANSFORMATION(#5791)SHAPE_REPRESENTATION_RELATIONSHIP());
#5793=CONTEXT_DEPENDENT_SHAPE_REPRESENTATION(#5792,#5786);
#5796=CARTESIAN_POINT('',(2.E0,3.1E0,-1.E0));
#5797=DIRECTION('',(0.E0,0.E0,1.E0));
#5798=DIRECTION('',(1.E0,0.E0,0.E0));
#5799=AXIS2_PLACEMENT_3D('',#5796,#5797,#5798);
#5800=ITEM_DEFINED_TRANSFORMATION('','',#5759,#5799);
#5801=(REPRESENTATION_RELATIONSHIP('','',#5760,#4785)REPRESENTATION_RELATIONSHIP_WITH_TRANSFORMATION(#5800)SHAPE_REPRESENTATION_RELATIONSHIP());
#5802=CONTEXT_DEPENDENT_SHAPE_REPRESENTATION(#5801,#5795);
#5805=CARTESIAN_POINT('',(4.E0,3.1E0,-1.E0));
#5806=DIRECTION('',(0.E0,0.E0,1.E0));
#5807=DIRECTION('',(1.E0,0.E0,0.E0));
#5808=AXIS2_PLACEMENT_3D('',#5805,#5806,#5807);
#5809=ITEM_DEFINED_TRANSFORMATION('','',#5759,#5808);
#5810=(REPRESENTATION_RELATIONSHIP('','',#5760,#4785)REPRESENTATION_RELATIONSHIP_WITH_TRANSFORMATION(#5809)SHAPE_REPRESENTATION_RELATIONSHIP());
#5811=CONTEXT_DEPENDENT_SHAPE_REPRESENTATION(#5810,#5804);
#5814=CARTESIAN_POINT('',(-4.E0,3.1E0,1.E0));
#5815=DIRECTION('',(0.E0,0.E0,1.E0));
#5816=DIRECTION('',(1.E0,0.E0,0.E0));
#5817=AXIS2_PLACEMENT_3D('',#5814,#5815,#5816);
#5818=ITEM_DEFINED_TRANSFORMATION('','',#5759,#5817);
#5819=(REPRESENTATION_RELATIONSHIP('','',#5760,#4785)REPRESENTATION_RELATIONSHIP_WITH_TRANSFORMATION(#5818)SHAPE_REPRESENTATION_RELATIONSHIP());
#5820=CONTEXT_DEPENDENT_SHAPE_REPRESENTATION(#5819,#5813);
#5823=CARTESIAN_POINT('',(-2.E0,3.1E0,1.E0));
#5824=DIRECTION('',(0.E0,0.E0,1.E0));
#5825=DIRECTION('',(1.E0,0.E0,0.E0));
#5826=AXIS2_PLACEMENT_3D('',#5823,#5824,#5825);
#5827=ITEM_DEFINED_TRANSFORMATION('','',#5759,#5826);
#5828=(REPRESENTATION_RELATIONSHIP('','',#5760,#4785)REPRESENTATION_RELATIONSHIP_WITH_TRANSFORMATION(#5827)SHAPE_REPRESENTATION_RELATIONSHIP());
#5829=CONTEXT_DEPENDENT_SHAPE_REPRESENTATION(#5828,#5822);
#5832=CARTESIAN_POINT('',(0.E0,3.1E0,1.E0));
#5833=DIRECTION('',(0.E0,0.E0,1.E0));
#5834=DIRECTION('',(1.E0,0.E0,0.E0));
#5835=AXIS2_PLACEMENT_3D('',#5832,#5833,#5834);
#5836=ITEM_DEFINED_TRANSFORMATION('','',#5759,#5835);
#5837=(REPRESENTATION_RELATIONSHIP('','',#5760,#4785)REPRESENTATION_RELATIONSHIP_WITH_TRANSFORMATION(#5836)SHAPE_REPRESENTATION_RELATIONSHIP());
#5838=CONTEXT_DEPENDENT_SHAPE_REPRESENTATION(#5837,#5831);
#5841=CARTESIAN_POINT('',(2.E0,3.1E0,1.E0));
#5842=DIRECTION('',(0.E0,0.E0,1.E0));
#5843=DIRECTION('',(1.E0,0.E0,0.E0));
#5844=AXIS2_PLACEMENT_3D('',#5841,#5842,#5843);
#5845=ITEM_DEFINED_TRANSFORMATION('','',#5759,#5844);
#5846=(REPRESENTATION_RELATIONSHIP('','',#5760,#4785)REPRESENTATION_RELATIONSHIP_WITH_TRANSFORMATION(#5845)SHAPE_REPRESENTATION_RELATIONSHIP());
#5847=CONTEXT_DEPENDENT_SHAPE_REPRESENTATION(#5846,#5840);
#5850=CARTESIAN_POINT('',(4.E0,3.1E0,1.E0));
#5851=DIRECTION('',(0.E0,0.E0,1.E0));
#5852=DIRECTION('',(1.E0,0.E0,0.E0));
#5853=AXIS2_PLACEMENT_3D('',#5850,#5851,#5852);
#5854=ITEM_DEFINED_TRANSFORMATION('','',#5759,#5853);
#5855=(REPRESENTATION_RELATIONSHIP('','',#5760,#4785)REPRESENTATION_RELATIONSHIP_WITH_TRANSFORMATION(#5854)SHAPE_REPRESENTATION_RELATIONSHIP());
#5856=CONTEXT_DEPENDENT_SHAPE_REPRESENTATION(#5855,#5849);
#5859=DIRECTION('',(0.E0,0.E0,-1.E0));
#5860=VECTOR('',#5859,3.E0);
#5861=CARTESIAN_POINT('',(1.5E0,0.E0,1.5E0));
#5862=LINE('',#5861,#5860);
#5863=CURVE_STYLE('',#15,POSITIVE_LENGTH_MEASURE(2.E-2),#5857);
#5864=PRESENTATION_STYLE_ASSIGNMENT((#5863));
#5865=STYLED_ITEM('',(#5864),#5862);
#5866=DIRECTION('',(-1.E0,0.E0,0.E0));
#5867=VECTOR('',#5866,3.E0);
#5868=CARTESIAN_POINT('',(1.5E0,0.E0,-1.5E0));
#5869=LINE('',#5868,#5867);
#5870=CURVE_STYLE('',#15,POSITIVE_LENGTH_MEASURE(2.E-2),#5857);
#5871=PRESENTATION_STYLE_ASSIGNMENT((#5870));
#5872=STYLED_ITEM('',(#5871),#5869);
#5873=DIRECTION('',(0.E0,0.E0,1.E0));
#5874=VECTOR('',#5873,3.E0);
#5875=CARTESIAN_POINT('',(-1.5E0,0.E0,-1.5E0));
#5876=LINE('',#5875,#5874);
#5877=CURVE_STYLE('',#15,POSITIVE_LENGTH_MEASURE(2.E-2),#5857);
#5878=PRESENTATION_STYLE_ASSIGNMENT((#5877));
#5879=STYLED_ITEM('',(#5878),#5876);
#5880=DIRECTION('',(1.E0,0.E0,0.E0));
#5881=VECTOR('',#5880,3.E0);
#5882=CARTESIAN_POINT('',(-1.5E0,0.E0,1.5E0));
#5883=LINE('',#5882,#5881);
#5884=CURVE_STYLE('',#15,POSITIVE_LENGTH_MEASURE(2.E-2),#5857);
#5885=PRESENTATION_STYLE_ASSIGNMENT((#5884));
#5886=STYLED_ITEM('',(#5885),#5883);
#5887=DIRECTION('',(0.E0,0.E0,-1.E0));
#5888=VECTOR('',#5887,3.E0);
#5889=CARTESIAN_POINT('',(1.5E0,6.5E-1,1.5E0));
#5890=LINE('',#5889,#5888);
#5891=CURVE_STYLE('',#15,POSITIVE_LENGTH_MEASURE(2.E-2),#5857);
#5892=PRESENTATION_STYLE_ASSIGNMENT((#5891));
#5893=STYLED_ITEM('',(#5892),#5890);
#5894=DIRECTION('',(0.E0,1.E0,0.E0));
#5895=VECTOR('',#5894,6.5E-1);
#5896=CARTESIAN_POINT('',(1.5E0,0.E0,1.5E0));
#5897=LINE('',#5896,#5895);
#5898=CURVE_STYLE('',#15,POSITIVE_LENGTH_MEASURE(2.E-2),#5857);
#5899=PRESENTATION_STYLE_ASSIGNMENT((#5898));
#5900=STYLED_ITEM('',(#5899),#5897);
#5901=CARTESIAN_POINT('',(0.E0,6.5E-1,0.E0));
#5902=DIRECTION('',(0.E0,1.E0,0.E0));
#5903=DIRECTION('',(-1.E0,0.E0,0.E0));
#5904=AXIS2_PLACEMENT_3D('',#5901,#5902,#5903);
#5906=CURVE_STYLE('',#15,POSITIVE_LENGTH_MEASURE(2.E-2),#5857);
#5907=PRESENTATION_STYLE_ASSIGNMENT((#5906));
#5908=STYLED_ITEM('',(#5907),#5905);
#5909=CARTESIAN_POINT('',(0.E0,6.5E-1,0.E0));
#5910=DIRECTION('',(0.E0,1.E0,0.E0));
#5911=DIRECTION('',(1.E0,0.E0,0.E0));
#5912=AXIS2_PLACEMENT_3D('',#5909,#5910,#5911);
#5914=CURVE_STYLE('',#15,POSITIVE_LENGTH_MEASURE(2.E-2),#5857);
#5915=PRESENTATION_STYLE_ASSIGNMENT((#5914));
#5916=STYLED_ITEM('',(#5915),#5913);
#5917=CARTESIAN_POINT('',(0.E0,1.5E0,0.E0));
#5918=DIRECTION('',(0.E0,1.E0,0.E0));
#5919=DIRECTION('',(-1.E0,0.E0,0.E0));
#5920=AXIS2_PLACEMENT_3D('',#5917,#5918,#5919);
#5922=CURVE_STYLE('',#15,POSITIVE_LENGTH_MEASURE(2.E-2),#5857);
#5923=PRESENTATION_STYLE_ASSIGNMENT((#5922));
#5924=STYLED_ITEM('',(#5923),#5921);
#5925=DIRECTION('',(0.E0,1.E0,0.E0));
#5926=VECTOR('',#5925,8.5E-1);
#5927=CARTESIAN_POINT('',(-1.49E0,6.5E-1,0.E0));
#5928=LINE('',#5927,#5926);
#5929=CURVE_STYLE('',#15,POSITIVE_LENGTH_MEASURE(2.E-2),#5857);
#5930=PRESENTATION_STYLE_ASSIGNMENT((#5929));
#5931=STYLED_ITEM('',(#5930),#5928);
#5932=DIRECTION('',(0.E0,1.E0,0.E0));
#5933=VECTOR('',#5932,2.45E0);
#5934=CARTESIAN_POINT('',(-1.49E0,1.75E0,0.E0));
#5935=LINE('',#5934,#5933);
#5936=CURVE_STYLE('',#15,POSITIVE_LENGTH_MEASURE(2.E-2),#5857);
#5937=PRESENTATION_STYLE_ASSIGNMENT((#5936));
#5938=STYLED_ITEM('',(#5937),#5935);
#5939=DIRECTION('',(-1.E0,0.E0,0.E0));
#5940=VECTOR('',#5939,7.810249675908E-1);
#5941=CARTESIAN_POINT('',(3.905124837954E-1,1.5E0,-1.5E0));
#5942=LINE('',#5941,#5940);
#5943=CURVE_STYLE('',#15,POSITIVE_LENGTH_MEASURE(2.E-2),#5857);
#5944=PRESENTATION_STYLE_ASSIGNMENT((#5943));
#5945=STYLED_ITEM('',(#5944),#5942);
#5946=DIRECTION('',(0.E0,0.E0,1.E0));
#5947=VECTOR('',#5946,7.810249675908E-1);
#5948=CARTESIAN_POINT('',(-1.5E0,1.5E0,-3.905124837954E-1));
#5949=LINE('',#5948,#5947);
#5950=CURVE_STYLE('',#15,POSITIVE_LENGTH_MEASURE(2.E-2),#5857);
#5951=PRESENTATION_STYLE_ASSIGNMENT((#5950));
#5952=STYLED_ITEM('',(#5951),#5949);
#5953=DIRECTION('',(1.E0,0.E0,0.E0));
#5954=VECTOR('',#5953,7.810249675908E-1);
#5955=CARTESIAN_POINT('',(-3.905124837954E-1,1.5E0,1.5E0));
#5956=LINE('',#5955,#5954);
#5957=CURVE_STYLE('',#15,POSITIVE_LENGTH_MEASURE(2.E-2),#5857);
#5958=PRESENTATION_STYLE_ASSIGNMENT((#5957));
#5959=STYLED_ITEM('',(#5958),#5956);
#5960=DIRECTION('',(0.E0,0.E0,-1.E0));
#5961=VECTOR('',#5960,7.810249675908E-1);
#5962=CARTESIAN_POINT('',(1.5E0,1.5E0,3.905124837954E-1));
#5963=LINE('',#5962,#5961);
#5964=CURVE_STYLE('',#15,POSITIVE_LENGTH_MEASURE(2.E-2),#5857);
#5965=PRESENTATION_STYLE_ASSIGNMENT((#5964));
#5966=STYLED_ITEM('',(#5965),#5963);
#5967=CARTESIAN_POINT('',(0.E0,1.5E0,0.E0));
#5968=DIRECTION('',(0.E0,1.E0,0.E0));
#5969=DIRECTION('',(1.E0,0.E0,0.E0));
#5970=AXIS2_PLACEMENT_3D('',#5967,#5968,#5969);
#5972=CURVE_STYLE('',#15,POSITIVE_LENGTH_MEASURE(2.E-2),#5857);
#5973=PRESENTATION_STYLE_ASSIGNMENT((#5972));
#5974=STYLED_ITEM('',(#5973),#5971);
#5975=DIRECTION('',(0.E0,1.E0,0.E0));
#5976=VECTOR('',#5975,8.5E-1);
#5977=CARTESIAN_POINT('',(1.49E0,6.5E-1,0.E0));
#5978=LINE('',#5977,#5976);
#5979=CURVE_STYLE('',#15,POSITIVE_LENGTH_MEASURE(2.E-2),#5857);
#5980=PRESENTATION_STYLE_ASSIGNMENT((#5979));
#5981=STYLED_ITEM('',(#5980),#5978);
#5982=DIRECTION('',(0.E0,1.E0,0.E0));
#5983=VECTOR('',#5982,2.45E0);
#5984=CARTESIAN_POINT('',(1.49E0,1.75E0,0.E0));
#5985=LINE('',#5984,#5983);
#5986=CURVE_STYLE('',#15,POSITIVE_LENGTH_MEASURE(2.E-2),#5857);
#5987=PRESENTATION_STYLE_ASSIGNMENT((#5986));
#5988=STYLED_ITEM('',(#5987),#5985);
#5989=CARTESIAN_POINT('',(0.E0,1.5E0,0.E0));
#5990=DIRECTION('',(0.E0,-1.E0,0.E0));
#5991=DIRECTION('',(2.519435379325E-1,0.E0,-9.677419354839E-1));
#5992=AXIS2_PLACEMENT_3D('',#5989,#5990,#5991);
#5994=CURVE_STYLE('',#15,POSITIVE_LENGTH_MEASURE(2.E-2),#5857);
#5995=PRESENTATION_STYLE_ASSIGNMENT((#5994));
#5996=STYLED_ITEM('',(#5995),#5993);
#5997=CARTESIAN_POINT('',(0.E0,1.5E0,0.E0));
#5998=DIRECTION('',(0.E0,-1.E0,0.E0));
#5999=DIRECTION('',(9.677419354839E-1,0.E0,2.519435379325E-1));
#6000=AXIS2_PLACEMENT_3D('',#5997,#5998,#5999);
#6002=CURVE_STYLE('',#15,POSITIVE_LENGTH_MEASURE(2.E-2),#5857);
#6003=PRESENTATION_STYLE_ASSIGNMENT((#6002));
#6004=STYLED_ITEM('',(#6003),#6001);
#6005=CARTESIAN_POINT('',(0.E0,1.75E0,0.E0));
#6006=DIRECTION('',(0.E0,-1.E0,0.E0));
#6007=DIRECTION('',(1.E0,0.E0,0.E0));
#6008=AXIS2_PLACEMENT_3D('',#6005,#6006,#6007);
#6010=CURVE_STYLE('',#15,POSITIVE_LENGTH_MEASURE(2.E-2),#5857);
#6011=PRESENTATION_STYLE_ASSIGNMENT((#6010));
#6012=STYLED_ITEM('',(#6011),#6009);
#6013=CARTESIAN_POINT('',(0.E0,1.75E0,0.E0));
#6014=DIRECTION('',(0.E0,-1.E0,0.E0));
#6015=DIRECTION('',(0.E0,0.E0,-1.E0));
#6016=AXIS2_PLACEMENT_3D('',#6013,#6014,#6015);
#6018=CURVE_STYLE('',#15,POSITIVE_LENGTH_MEASURE(2.E-2),#5857);
#6019=PRESENTATION_STYLE_ASSIGNMENT((#6018));
#6020=STYLED_ITEM('',(#6019),#6017);
#6021=CARTESIAN_POINT('',(0.E0,1.708333333333E0,-1.5E0));
#6022=CARTESIAN_POINT('',(2.349485665169E-2,1.708333333333E0,-1.5E0));
#6023=CARTESIAN_POINT('',(7.163108385847E-2,1.703688692150E0,-1.5E0));
#6024=CARTESIAN_POINT('',(1.465513158150E-1,1.681314010519E0,-1.5E0));
#6025=CARTESIAN_POINT('',(2.263911908374E-1,1.640504188402E0,-1.5E0));
#6026=CARTESIAN_POINT('',(3.079848248007E-1,1.580874897491E0,-1.5E0));
#6027=CARTESIAN_POINT('',(3.628840130020E-1,1.529003394497E0,-1.5E0));
#6028=CARTESIAN_POINT('',(3.905124837954E-1,1.5E0,-1.5E0));
#6030=CURVE_STYLE('',#15,POSITIVE_LENGTH_MEASURE(2.E-2),#5857);
#6031=PRESENTATION_STYLE_ASSIGNMENT((#6030));
#6032=STYLED_ITEM('',(#6031),#6029);
#6033=CARTESIAN_POINT('',(-3.905124837954E-1,1.5E0,-1.5E0));
#6034=CARTESIAN_POINT('',(-3.628710823502E-1,1.529016968640E0,-1.5E0));
#6035=CARTESIAN_POINT('',(-3.079483957070E-1,1.580907627963E0,-1.5E0));
#6036=CARTESIAN_POINT('',(-2.263309659903E-1,1.640542904480E0,-1.5E0));
#6037=CARTESIAN_POINT('',(-1.464784193605E-1,1.681344440764E0,-1.5E0));
#6038=CARTESIAN_POINT('',(-7.155804093785E-2,1.703701300565E0,-1.5E0));
#6039=CARTESIAN_POINT('',(-2.346525070211E-2,1.708333333333E0,-1.5E0));
#6040=CARTESIAN_POINT('',(0.E0,1.708333333333E0,-1.5E0));
#6042=CURVE_STYLE('',#15,POSITIVE_LENGTH_MEASURE(2.E-2),#5857);
#6043=PRESENTATION_STYLE_ASSIGNMENT((#6042));
#6044=STYLED_ITEM('',(#6043),#6041);
#6045=DIRECTION('',(-3.442854490966E-14,9.723873019805E-1,2.333729524753E-1));
#6046=VECTOR('',#6045,4.284986710722E-2);
#6047=CARTESIAN_POINT('',(0.E0,1.708333333333E0,-1.5E0));
#6048=LINE('',#6047,#6046);
#6049=CURVE_STYLE('',#15,POSITIVE_LENGTH_MEASURE(2.E-2),#5857);
#6050=PRESENTATION_STYLE_ASSIGNMENT((#6049));
#6051=STYLED_ITEM('',(#6050),#6048);
#6052=CARTESIAN_POINT('',(0.E0,1.75E0,0.E0));
#6053=DIRECTION('',(0.E0,-1.E0,0.E0));
#6054=DIRECTION('',(-1.E0,0.E0,0.E0));
#6055=AXIS2_PLACEMENT_3D('',#6052,#6053,#6054);
#6057=CURVE_STYLE('',#15,POSITIVE_LENGTH_MEASURE(2.E-2),#5857);
#6058=PRESENTATION_STYLE_ASSIGNMENT((#6057));
#6059=STYLED_ITEM('',(#6058),#6056);
#6060=CARTESIAN_POINT('',(0.E0,1.75E0,0.E0));
#6061=DIRECTION('',(0.E0,-1.E0,0.E0));
#6062=DIRECTION('',(0.E0,0.E0,1.E0));
#6063=AXIS2_PLACEMENT_3D('',#6060,#6061,#6062);
#6065=CURVE_STYLE('',#15,POSITIVE_LENGTH_MEASURE(2.E-2),#5857);
#6066=PRESENTATION_STYLE_ASSIGNMENT((#6065));
#6067=STYLED_ITEM('',(#6066),#6064);
#6068=DIRECTION('',(0.E0,9.723873019805E-1,-2.333729524753E-1));
#6069=VECTOR('',#6068,4.284986710722E-2);
#6070=CARTESIAN_POINT('',(0.E0,1.708333333333E0,1.5E0));
#6071=LINE('',#6070,#6069);
#6072=CURVE_STYLE('',#15,POSITIVE_LENGTH_MEASURE(2.E-2),#5857);
#6073=PRESENTATION_STYLE_ASSIGNMENT((#6072));
#6074=STYLED_ITEM('',(#6073),#6071);
#6075=CARTESIAN_POINT('',(0.E0,1.5E0,0.E0));
#6076=DIRECTION('',(0.E0,1.E0,0.E0));
#6077=DIRECTION('',(-9.677419354839E-1,0.E0,2.519435379325E-1));
#6078=AXIS2_PLACEMENT_3D('',#6075,#6076,#6077);
#6080=CURVE_STYLE('',#15,POSITIVE_LENGTH_MEASURE(2.E-2),#5857);
#6081=PRESENTATION_STYLE_ASSIGNMENT((#6080));
#6082=STYLED_ITEM('',(#6081),#6079);
#6083=CARTESIAN_POINT('',(0.E0,1.5E0,0.E0));
#6084=DIRECTION('',(0.E0,1.E0,0.E0));
#6085=DIRECTION('',(-2.519435379325E-1,0.E0,-9.677419354839E-1));
#6086=AXIS2_PLACEMENT_3D('',#6083,#6084,#6085);
#6088=CURVE_STYLE('',#15,POSITIVE_LENGTH_MEASURE(2.E-2),#5857);
#6089=PRESENTATION_STYLE_ASSIGNMENT((#6088));
#6090=STYLED_ITEM('',(#6089),#6087);
#6091=CARTESIAN_POINT('',(0.E0,1.708333333333E0,1.5E0));
#6092=CARTESIAN_POINT('',(-2.349485665170E-2,1.708333333333E0,1.5E0));
#6093=CARTESIAN_POINT('',(-7.163108385846E-2,1.703688692150E0,1.5E0));
#6094=CARTESIAN_POINT('',(-1.465513158150E-1,1.681314010519E0,1.5E0));
#6095=CARTESIAN_POINT('',(-2.263911908374E-1,1.640504188402E0,1.5E0));
#6096=CARTESIAN_POINT('',(-3.079848248007E-1,1.580874897491E0,1.5E0));
#6097=CARTESIAN_POINT('',(-3.628840130020E-1,1.529003394497E0,1.5E0));
#6098=CARTESIAN_POINT('',(-3.905124837954E-1,1.5E0,1.5E0));
#6100=CURVE_STYLE('',#15,POSITIVE_LENGTH_MEASURE(2.E-2),#5857);
#6101=PRESENTATION_STYLE_ASSIGNMENT((#6100));
#6102=STYLED_ITEM('',(#6101),#6099);
#6103=CARTESIAN_POINT('',(3.905124837954E-1,1.5E0,1.5E0));
#6104=CARTESIAN_POINT('',(3.628710823502E-1,1.529016968640E0,1.5E0));
#6105=CARTESIAN_POINT('',(3.079483957070E-1,1.580907627963E0,1.5E0));
#6106=CARTESIAN_POINT('',(2.263309659903E-1,1.640542904480E0,1.5E0));
#6107=CARTESIAN_POINT('',(1.464784193605E-1,1.681344440764E0,1.5E0));
#6108=CARTESIAN_POINT('',(7.155804093785E-2,1.703701300565E0,1.5E0));
#6109=CARTESIAN_POINT('',(2.346525070211E-2,1.708333333333E0,1.5E0));
#6110=CARTESIAN_POINT('',(0.E0,1.708333333333E0,1.5E0));
#6112=CURVE_STYLE('',#15,POSITIVE_LENGTH_MEASURE(2.E-2),#5857);
#6113=PRESENTATION_STYLE_ASSIGNMENT((#6112));
#6114=STYLED_ITEM('',(#6113),#6111);
#6115=CARTESIAN_POINT('',(-1.5E0,1.5E0,3.905124837954E-1));
#6116=CARTESIAN_POINT('',(-1.5E0,1.528980969406E0,3.629053750178E-1));
#6117=CARTESIAN_POINT('',(-1.5E0,1.580813577006E0,3.080565603141E-1));
#6118=CARTESIAN_POINT('',(-1.5E0,1.640409118980E0,2.265175544286E-1));
#6119=CARTESIAN_POINT('',(-1.5E0,1.681204630882E0,1.468587975319E-1));
#6120=CARTESIAN_POINT('',(-1.5E0,1.703667799784E0,7.163231837503E-2));
#6121=CARTESIAN_POINT('',(-1.5E0,1.710656173206E0,7.539842948437E-5));
#6122=CARTESIAN_POINT('',(-1.5E0,1.703707430012E0,-7.135574683523E-2));
#6123=CARTESIAN_POINT('',(-1.5E0,1.681391240456E0,-1.463906353269E-1));
#6124=CARTESIAN_POINT('',(-1.5E0,1.640644637146E0,-2.261595089262E-1));
#6125=CARTESIAN_POINT('',(-1.5E0,1.580989133747E0,-3.078618561247E-1));
#6126=CARTESIAN_POINT('',(-1.5E0,1.529051934263E0,-3.628377742932E-1));
#6127=CARTESIAN_POINT('',(-1.5E0,1.5E0,-3.905124837954E-1));
#6129=CURVE_STYLE('',#15,POSITIVE_LENGTH_MEASURE(2.E-2),#5857);
#6130=PRESENTATION_STYLE_ASSIGNMENT((#6129));
#6131=STYLED_ITEM('',(#6130),#6128);
#6132=CARTESIAN_POINT('',(1.5E0,1.5E0,-3.905124837954E-1));
#6133=CARTESIAN_POINT('',(1.5E0,1.528980969406E0,-3.629053750178E-1));
#6134=CARTESIAN_POINT('',(1.5E0,1.580813577006E0,-3.080565603141E-1));
#6135=CARTESIAN_POINT('',(1.5E0,1.640409118980E0,-2.265175544286E-1));
#6136=CARTESIAN_POINT('',(1.5E0,1.681204630882E0,-1.468587975319E-1));
#6137=CARTESIAN_POINT('',(1.5E0,1.703667799784E0,-7.163231837503E-2));
#6138=CARTESIAN_POINT('',(1.5E0,1.710656173206E0,-7.539842948437E-5));
#6139=CARTESIAN_POINT('',(1.5E0,1.703707430012E0,7.135574683523E-2));
#6140=CARTESIAN_POINT('',(1.5E0,1.681391240456E0,1.463906353269E-1));
#6141=CARTESIAN_POINT('',(1.5E0,1.640644637146E0,2.261595089262E-1));
#6142=CARTESIAN_POINT('',(1.5E0,1.580989133747E0,3.078618561247E-1));
#6143=CARTESIAN_POINT('',(1.5E0,1.529051934263E0,3.628377742932E-1));
#6144=CARTESIAN_POINT('',(1.5E0,1.5E0,3.905124837954E-1));
#6146=CURVE_STYLE('',#15,POSITIVE_LENGTH_MEASURE(2.E-2),#5857);
#6147=PRESENTATION_STYLE_ASSIGNMENT((#6146));
#6148=STYLED_ITEM('',(#6147),#6145);
#6149=CARTESIAN_POINT('',(0.E0,4.5E0,0.E0));
#6150=DIRECTION('',(0.E0,-1.E0,0.E0));
#6151=DIRECTION('',(-1.E0,0.E0,0.E0));
#6152=AXIS2_PLACEMENT_3D('',#6149,#6150,#6151);
#6154=CURVE_STYLE('',#15,POSITIVE_LENGTH_MEASURE(2.E-2),#5857);
#6155=PRESENTATION_STYLE_ASSIGNMENT((#6154));
#6156=STYLED_ITEM('',(#6155),#6153);
#6157=DIRECTION('',(-5.E-1,-8.660254037844E-1,-1.006735251657E-14));
#6158=VECTOR('',#6157,3.464101615138E-1);
#6159=CARTESIAN_POINT('',(-1.316794919243E0,4.5E0,0.E0));
#6160=LINE('',#6159,#6158);
#6161=CURVE_STYLE('',#15,POSITIVE_LENGTH_MEASURE(2.E-2),#5857);
#6162=PRESENTATION_STYLE_ASSIGNMENT((#6161));
#6163=STYLED_ITEM('',(#6162),#6160);
#6164=CARTESIAN_POINT('',(0.E0,4.2E0,0.E0));
#6165=DIRECTION('',(0.E0,-1.E0,0.E0));
#6166=DIRECTION('',(-1.E0,0.E0,0.E0));
#6167=AXIS2_PLACEMENT_3D('',#6164,#6165,#6166);
#6169=CURVE_STYLE('',#15,POSITIVE_LENGTH_MEASURE(2.E-2),#5857);
#6170=PRESENTATION_STYLE_ASSIGNMENT((#6169));
#6171=STYLED_ITEM('',(#6170),#6168);
#6172=DIRECTION('',(5.E-1,-8.660254037844E-1,0.E0));
#6173=VECTOR('',#6172,3.464101615138E-1);
#6174=CARTESIAN_POINT('',(1.316794919243E0,4.5E0,0.E0));
#6175=LINE('',#6174,#6173);
#6176=CURVE_STYLE('',#15,POSITIVE_LENGTH_MEASURE(2.E-2),#5857);
#6177=PRESENTATION_STYLE_ASSIGNMENT((#6176));
#6178=STYLED_ITEM('',(#6177),#6175);
#6179=CARTESIAN_POINT('',(0.E0,4.5E0,0.E0));
#6180=DIRECTION('',(0.E0,-1.E0,0.E0));
#6181=DIRECTION('',(1.E0,0.E0,0.E0));
#6182=AXIS2_PLACEMENT_3D('',#6179,#6180,#6181);
#6184=CURVE_STYLE('',#15,POSITIVE_LENGTH_MEASURE(2.E-2),#5857);
#6185=PRESENTATION_STYLE_ASSIGNMENT((#6184));
#6186=STYLED_ITEM('',(#6185),#6183);
#6187=CARTESIAN_POINT('',(0.E0,4.2E0,0.E0));
#6188=DIRECTION('',(0.E0,-1.E0,0.E0));
#6189=DIRECTION('',(1.E0,0.E0,0.E0));
#6190=AXIS2_PLACEMENT_3D('',#6187,#6188,#6189);
#6192=CURVE_STYLE('',#15,POSITIVE_LENGTH_MEASURE(2.E-2),#5857);
#6193=PRESENTATION_STYLE_ASSIGNMENT((#6192));
#6194=STYLED_ITEM('',(#6193),#6191);
#6195=CARTESIAN_POINT('',(-9.438546479834E-1,4.3885E0,3.303610199164E-1));
#6196=CARTESIAN_POINT('',(-9.534506478734E-1,4.380819520085E0,
2.796961169634E-1));
#6197=CARTESIAN_POINT('',(-9.645372816211E-1,4.365416732344E0,
1.777324275338E-1));
#6198=CARTESIAN_POINT('',(-9.571268761195E-1,4.342192552520E0,
2.680142967524E-2));
#6199=CARTESIAN_POINT('',(-9.265512693583E-1,4.318831917931E0,
-1.184424987083E-1));
#6200=CARTESIAN_POINT('',(-8.742976505655E-1,4.295344450146E0,
-2.543670255448E-1));
#6201=CARTESIAN_POINT('',(-8.024039318461E-1,4.271723979931E0,
-3.777470723691E-1));
#6202=CARTESIAN_POINT('',(-7.133994351827E-1,4.247966814442E0,
-4.857303242232E-1));
#6203=CARTESIAN_POINT('',(-6.102398841170E-1,4.224068791951E0,
-5.759375137209E-1));
#6204=CARTESIAN_POINT('',(-5.342233965806E-1,4.208039010514E0,
-6.229970608793E-1));
#6205=CARTESIAN_POINT('',(-4.949999563872E-1,4.2E0,-6.430453274667E-1));
#6207=CURVE_STYLE('',#15,POSITIVE_LENGTH_MEASURE(2.E-2),#5857);
#6208=PRESENTATION_STYLE_ASSIGNMENT((#6207));
#6209=STYLED_ITEM('',(#6208),#6206);
#6210=CARTESIAN_POINT('',(0.E0,4.2E0,0.E0));
#6211=DIRECTION('',(0.E0,1.E0,0.E0));
#6212=DIRECTION('',(-6.099814619682E-1,0.E0,-7.924156838776E-1));
#6213=AXIS2_PLACEMENT_3D('',#6210,#6211,#6212);
#6215=CURVE_STYLE('',#15,POSITIVE_LENGTH_MEASURE(2.E-2),#5857);
#6216=PRESENTATION_STYLE_ASSIGNMENT((#6215));
#6217=STYLED_ITEM('',(#6216),#6214);
#6218=CARTESIAN_POINT('',(8.913151361056E-1,4.279815136106E0,0.E0));
#6219=CARTESIAN_POINT('',(8.891386713E-1,4.277638671300E0,4.806522191341E-2));
#6220=CARTESIAN_POINT('',(8.769626412562E-1,4.273280600188E0,
1.435937177893E-1));
#6221=CARTESIAN_POINT('',(8.362160530973E-1,4.266751792717E0,
2.809031182467E-1));
#6222=CARTESIAN_POINT('',(7.735674910024E-1,4.260160113343E0,
4.100285417063E-1));
#6223=CARTESIAN_POINT('',(6.919347245464E-1,4.253611296962E0,
5.256464734933E-1));
#6224=CARTESIAN_POINT('',(5.918591451587E-1,4.246961370677E0,
6.272780849048E-1));
#6225=CARTESIAN_POINT('',(4.754941388194E-1,4.240214332114E0,
7.114578376698E-1));
#6226=CARTESIAN_POINT('',(3.477276762463E-1,4.233470657753E0,
7.743103561731E-1));
#6227=CARTESIAN_POINT('',(2.155949591584E-1,4.226884003667E0,
8.140687205780E-1));
#6228=CARTESIAN_POINT('',(7.773131126348E-2,4.220195707732E0,
8.319662674980E-1));
#6229=CARTESIAN_POINT('',(-6.204682532688E-2,4.213412040885E0,
8.264816171651E-1));
#6230=CARTESIAN_POINT('',(-1.971817538745E-1,4.206658480335E0,
7.979370844304E-1));
#6231=CARTESIAN_POINT('',(-2.810995161315E-1,4.202212151221E0,
7.649110243640E-1));
#6232=CARTESIAN_POINT('',(-3.210734183457E-1,4.2E0,7.452812288202E-1));
#6234=CURVE_STYLE('',#15,POSITIVE_LENGTH_MEASURE(2.E-2),#5857);
#6235=PRESENTATION_STYLE_ASSIGNMENT((#6234));
#6236=STYLED_ITEM('',(#6235),#6233);
#6237=DIRECTION('',(-7.071067811865E-1,-7.071067811865E-1,1.174118081715E-14));
#6238=VECTOR('',#6237,3.113884207487E-1);
#6239=CARTESIAN_POINT('',(1.1115E0,4.5E0,0.E0));
#6240=LINE('',#6239,#6238);
#6241=CURVE_STYLE('',#15,POSITIVE_LENGTH_MEASURE(2.E-2),#5857);
#6242=PRESENTATION_STYLE_ASSIGNMENT((#6241));
#6243=STYLED_ITEM('',(#6242),#6240);
#6244=CARTESIAN_POINT('',(0.E0,4.5E0,0.E0));
#6245=DIRECTION('',(0.E0,-1.E0,0.E0));
#6246=DIRECTION('',(1.E0,0.E0,0.E0));
#6247=AXIS2_PLACEMENT_3D('',#6244,#6245,#6246);
#6249=CURVE_STYLE('',#15,POSITIVE_LENGTH_MEASURE(2.E-2),#5857);
#6250=PRESENTATION_STYLE_ASSIGNMENT((#6249));
#6251=STYLED_ITEM('',(#6250),#6248);
#6252=DIRECTION('',(7.071067811865E-1,-7.071067811865E-1,0.E0));
#6253=VECTOR('',#6252,1.576848122046E-1);
#6254=CARTESIAN_POINT('',(-1.1115E0,4.5E0,0.E0));
#6255=LINE('',#6254,#6253);
#6256=CURVE_STYLE('',#15,POSITIVE_LENGTH_MEASURE(2.E-2),#5857);
#6257=PRESENTATION_STYLE_ASSIGNMENT((#6256));
#6258=STYLED_ITEM('',(#6257),#6255);
#6259=CARTESIAN_POINT('',(0.E0,4.3885E0,0.E0));
#6260=DIRECTION('',(0.E0,-1.E0,0.E0));
#6261=DIRECTION('',(-9.438546479834E-1,0.E0,3.303610199164E-1));
#6262=AXIS2_PLACEMENT_3D('',#6259,#6260,#6261);
#6264=CURVE_STYLE('',#15,POSITIVE_LENGTH_MEASURE(2.E-2),#5857);
#6265=PRESENTATION_STYLE_ASSIGNMENT((#6264));
#6266=STYLED_ITEM('',(#6265),#6263);
#6267=CARTESIAN_POINT('',(-8.115E-1,3.858235374937E0,0.E0));
#6268=CARTESIAN_POINT('',(-8.115E-1,3.861920193178E0,4.697042303789E-2));
#6269=CARTESIAN_POINT('',(-8.033617711074E-1,3.869324716107E0,
1.413686810574E-1));
#6270=CARTESIAN_POINT('',(-7.658984625723E-1,3.880613732722E0,
2.808948621089E-1));
#6271=CARTESIAN_POINT('',(-7.045312846014E-1,3.891852262927E0,
4.109601222587E-1));
#6272=CARTESIAN_POINT('',(-6.233275307392E-1,3.902847978324E0,
5.258477334382E-1));
#6273=CARTESIAN_POINT('',(-5.238330606473E-1,3.913833466351E0,
6.251234466254E-1));
#6274=CARTESIAN_POINT('',(-4.073776738900E-1,3.924942026394E0,
7.066265858158E-1));
#6275=CARTESIAN_POINT('',(-2.787078005332E-1,3.936032435167E0,
7.664605630267E-1));
#6276=CARTESIAN_POINT('',(-1.426034796241E-1,3.947047531752E0,
8.030705642121E-1));
#6277=CARTESIAN_POINT('',(7.857259736643E-4,3.958296534358E0,
8.157839599945E-1));
#6278=CARTESIAN_POINT('',(1.438991512688E-1,3.969526785657E0,
8.027915727091E-1));
#6279=CARTESIAN_POINT('',(2.791155937246E-1,3.980472380383E0,
7.663037900798E-1));
#6280=CARTESIAN_POINT('',(4.086717420729E-1,3.991641319615E0,
7.059946825274E-1));
#6281=CARTESIAN_POINT('',(5.267845154341E-1,4.002926224797E0,
6.228749320525E-1));
#6282=CARTESIAN_POINT('',(6.276603699132E-1,4.014141703068E0,
5.208057744168E-1));
#6283=CARTESIAN_POINT('',(7.076595039E-1,4.025114909079E0,4.054121510893E-1));
#6284=CARTESIAN_POINT('',(7.672588723577E-1,4.036208541848E0,
2.766005731554E-1));
#6285=CARTESIAN_POINT('',(8.033264630100E-1,4.047202411849E0,
1.406275248487E-1));
#6286=CARTESIAN_POINT('',(8.115E-1,4.054558439794E0,4.686993709416E-2));
#6287=CARTESIAN_POINT('',(8.115E-1,4.058235374937E0,0.E0));
#6289=CURVE_STYLE('',#15,POSITIVE_LENGTH_MEASURE(2.E-2),#5857);
#6290=PRESENTATION_STYLE_ASSIGNMENT((#6289));
#6291=STYLED_ITEM('',(#6290),#6288);
#6292=CARTESIAN_POINT('',(8.115E-1,3.925896426422E0,0.E0));
#6293=CARTESIAN_POINT('',(8.115E-1,3.922245497409E0,4.653843663317E-2));
#6294=CARTESIAN_POINT('',(8.034854614694E-1,3.914906718464E0,
1.400920637972E-1));
#6295=CARTESIAN_POINT('',(7.668637789918E-1,3.903752703908E0,
2.780488745071E-1));
#6296=CARTESIAN_POINT('',(7.062963278867E-1,3.892558093342E0,
4.078519842812E-1));
#6297=CARTESIAN_POINT('',(6.258204278677E-1,3.881580557744E0,
5.229777148663E-1));
#6298=CARTESIAN_POINT('',(5.251209276154E-1,3.870421419364E0,
6.242065264764E-1));
#6299=CARTESIAN_POINT('',(4.080911175930E-1,3.859256710367E0,
7.061493968156E-1));
#6300=CARTESIAN_POINT('',(2.809831425025E-1,3.848289889586E0,
7.655798480093E-1));
#6301=CARTESIAN_POINT('',(1.446125556075E-1,3.837242779423E0,
8.027511695338E-1));
#6302=CARTESIAN_POINT('',(9.434202612221E-4,3.825970188180E0,
8.157961752920E-1));
#6303=CARTESIAN_POINT('',(-1.428094501563E-1,3.814692524024E0,
8.030609355668E-1));
#6304=CARTESIAN_POINT('',(-2.791507194425E-1,3.803656758691E0,
7.662904864092E-1));
#6305=CARTESIAN_POINT('',(-4.069971776011E-1,3.792632708352E0,
7.067350814324E-1));
#6306=CARTESIAN_POINT('',(-5.226008124803E-1,3.781621993411E0,
6.261913467373E-1));
#6307=CARTESIAN_POINT('',(-6.234366074730E-1,3.770501313648E0,
5.258163767632E-1));
#6308=CARTESIAN_POINT('',(-7.044387305653E-1,3.759524786307E0,
4.110706088489E-1));
#6309=CARTESIAN_POINT('',(-7.658932976942E-1,3.748278117704E0,
2.809414271726E-1));
#6310=CARTESIAN_POINT('',(-8.033545819540E-1,3.736988401117E0,
1.414003282064E-1));
#6311=CARTESIAN_POINT('',(-8.115E-1,3.729582003460E0,4.698009544476E-2));
#6312=CARTESIAN_POINT('',(-8.115E-1,3.725896426422E0,0.E0));
#6314=CURVE_STYLE('',#15,POSITIVE_LENGTH_MEASURE(2.E-2),#5857);
#6315=PRESENTATION_STYLE_ASSIGNMENT((#6314));
#6316=STYLED_ITEM('',(#6315),#6313);
#6317=DIRECTION('',(0.E0,-1.E0,0.E0));
#6318=VECTOR('',#6317,1.323389485156E-1);
#6319=CARTESIAN_POINT('',(8.115E-1,4.058235374937E0,0.E0));
#6320=LINE('',#6319,#6318);
#6321=CURVE_STYLE('',#15,POSITIVE_LENGTH_MEASURE(2.E-2),#5857);
#6322=PRESENTATION_STYLE_ASSIGNMENT((#6321));
#6323=STYLED_ITEM('',(#6322),#6320);
#6324=CARTESIAN_POINT('',(-8.115E-1,3.458235374937E0,0.E0));
#6325=CARTESIAN_POINT('',(-8.115E-1,3.461920951976E0,4.698009544476E-2));
#6326=CARTESIAN_POINT('',(-8.033545819540E-1,3.469327349633E0,
1.414003282064E-1));
#6327=CARTESIAN_POINT('',(-7.658932976942E-1,3.480617066219E0,
2.809414271726E-1));
#6328=CARTESIAN_POINT('',(-7.044387305653E-1,3.491863734823E0,
4.110706088489E-1));
#6329=CARTESIAN_POINT('',(-6.234366074730E-1,3.502840262163E0,
5.258163767632E-1));
#6330=CARTESIAN_POINT('',(-5.226008124803E-1,3.513960941926E0,
6.261913467373E-1));
#6331=CARTESIAN_POINT('',(-4.069971776011E-1,3.524971656867E0,
7.067350814324E-1));
#6332=CARTESIAN_POINT('',(-2.791507194425E-1,3.535995707207E0,
7.662904864092E-1));
#6333=CARTESIAN_POINT('',(-1.428094501563E-1,3.547031472539E0,
8.030609355668E-1));
#6334=CARTESIAN_POINT('',(9.434202612228E-4,3.558309136695E0,
8.157961752920E-1));
#6335=CARTESIAN_POINT('',(1.446125556075E-1,3.569581727938E0,
8.027511695338E-1));
#6336=CARTESIAN_POINT('',(2.809831425025E-1,3.580628838101E0,
7.655798480093E-1));
#6337=CARTESIAN_POINT('',(4.080911175930E-1,3.591595658883E0,
7.061493968156E-1));
#6338=CARTESIAN_POINT('',(5.251209276154E-1,3.602760367879E0,
6.242065264764E-1));
#6339=CARTESIAN_POINT('',(6.258204278677E-1,3.613919506260E0,
5.229777148663E-1));
#6340=CARTESIAN_POINT('',(7.062963278867E-1,3.624897041858E0,
4.078519842812E-1));
#6341=CARTESIAN_POINT('',(7.668637789918E-1,3.636091652423E0,
2.780488745071E-1));
#6342=CARTESIAN_POINT('',(8.034854614694E-1,3.647245666979E0,
1.400920637972E-1));
#6343=CARTESIAN_POINT('',(8.115E-1,3.654584445925E0,4.653843663317E-2));
#6344=CARTESIAN_POINT('',(8.115E-1,3.658235374937E0,0.E0));
#6346=CURVE_STYLE('',#15,POSITIVE_LENGTH_MEASURE(2.E-2),#5857);
#6347=PRESENTATION_STYLE_ASSIGNMENT((#6346));
#6348=STYLED_ITEM('',(#6347),#6345);
#6349=CARTESIAN_POINT('',(8.115E-1,3.525896426422E0,0.E0));
#6350=CARTESIAN_POINT('',(8.115E-1,3.522211070490E0,4.697727699672E-2));
#6351=CARTESIAN_POINT('',(8.033572213885E-1,3.514805502237E0,
1.413876190799E-1));
#6352=CARTESIAN_POINT('',(7.658971401707E-1,3.503516630658E0,
2.809160243447E-1));
#6353=CARTESIAN_POINT('',(7.044894219239E-1,3.492275089974E0,
4.109975595691E-1));
#6354=CARTESIAN_POINT('',(6.234286237942E-1,3.481292505818E0,
5.257930166428E-1));
#6355=CARTESIAN_POINT('',(5.231613900703E-1,3.470230439692E0,
6.256713333008E-1));
#6356=CARTESIAN_POINT('',(4.077923946681E-1,3.459230595760E0,
7.063065968691E-1));
#6357=CARTESIAN_POINT('',(2.794345210740E-1,3.448159202820E0,
7.662039546131E-1));
#6358=CARTESIAN_POINT('',(1.432666733354E-1,3.437136810971E0,
8.029651510110E-1));
#6359=CARTESIAN_POINT('',(-4.738207145606E-4,3.425859372645E0,
8.158076048848E-1));
#6360=CARTESIAN_POINT('',(-1.441994459868E-1,3.414582396701E0,
8.028036081416E-1));
#6361=CARTESIAN_POINT('',(-2.802480589133E-1,3.403564673975E0,
7.658707243974E-1));
#6362=CARTESIAN_POINT('',(-4.084886536628E-1,3.392503943193E0,
7.060165392583E-1));
#6363=CARTESIAN_POINT('',(-5.263067940802E-1,3.381253513961E0,
6.232655274665E-1));
#6364=CARTESIAN_POINT('',(-6.270653924719E-1,3.370061032253E0,
5.214931231536E-1));
#6365=CARTESIAN_POINT('',(-7.072166849471E-1,3.359090127096E0,
4.062403778088E-1));
#6366=CARTESIAN_POINT('',(-7.672707718714E-1,3.347930826333E0,
2.767082224022E-1));
#6367=CARTESIAN_POINT('',(-8.033912574083E-1,3.336902246314E0,
1.402842472151E-1));
#6368=CARTESIAN_POINT('',(-8.115E-1,3.329559158352E0,4.668888857590E-2));
#6369=CARTESIAN_POINT('',(-8.115E-1,3.325896426422E0,0.E0));
#6371=CURVE_STYLE('',#15,POSITIVE_LENGTH_MEASURE(2.E-2),#5857);
#6372=PRESENTATION_STYLE_ASSIGNMENT((#6371));
#6373=STYLED_ITEM('',(#6372),#6370);
#6374=DIRECTION('',(0.E0,-1.E0,0.E0));
#6375=VECTOR('',#6374,1.323389485154E-1);
#6376=CARTESIAN_POINT('',(8.115E-1,3.658235374937E0,0.E0));
#6377=LINE('',#6376,#6375);
#6378=CURVE_STYLE('',#15,POSITIVE_LENGTH_MEASURE(2.E-2),#5857);
#6379=PRESENTATION_STYLE_ASSIGNMENT((#6378));
#6380=STYLED_ITEM('',(#6379),#6377);
#6381=CARTESIAN_POINT('',(-8.115E-1,3.058235374937E0,0.E0));
#6382=CARTESIAN_POINT('',(-8.115E-1,3.061898106868E0,4.668888857590E-2));
#6383=CARTESIAN_POINT('',(-8.033912574083E-1,3.069241194829E0,
1.402842472151E-1));
#6384=CARTESIAN_POINT('',(-7.672707718714E-1,3.080269774849E0,
2.767082224022E-1));
#6385=CARTESIAN_POINT('',(-7.072166849471E-1,3.091429075612E0,
4.062403778088E-1));
#6386=CARTESIAN_POINT('',(-6.270653924719E-1,3.102399980769E0,
5.214931231536E-1));
#6387=CARTESIAN_POINT('',(-5.263067940802E-1,3.113592462477E0,
6.232655274665E-1));
#6388=CARTESIAN_POINT('',(-4.084886536628E-1,3.124842891709E0,
7.060165392583E-1));
#6389=CARTESIAN_POINT('',(-2.802480589133E-1,3.135903622490E0,
7.658707243974E-1));
#6390=CARTESIAN_POINT('',(-1.441994459868E-1,3.146921345216E0,
8.028036081416E-1));
#6391=CARTESIAN_POINT('',(-4.738207145643E-4,3.158198321161E0,
8.158076048848E-1));
#6392=CARTESIAN_POINT('',(1.432666733354E-1,3.169475759486E0,
8.029651510110E-1));
#6393=CARTESIAN_POINT('',(2.794345210740E-1,3.180498151335E0,
7.662039546131E-1));
#6394=CARTESIAN_POINT('',(4.077923946681E-1,3.191569544276E0,
7.063065968691E-1));
#6395=CARTESIAN_POINT('',(5.231613900703E-1,3.202569388208E0,
6.256713333008E-1));
#6396=CARTESIAN_POINT('',(6.234286237942E-1,3.213631454334E0,
5.257930166428E-1));
#6397=CARTESIAN_POINT('',(7.044894219239E-1,3.224614038490E0,
4.109975595691E-1));
#6398=CARTESIAN_POINT('',(7.658971401707E-1,3.235855579173E0,
2.809160243447E-1));
#6399=CARTESIAN_POINT('',(8.033572213885E-1,3.247144450752E0,
1.413876190799E-1));
#6400=CARTESIAN_POINT('',(8.115E-1,3.254550019005E0,4.697727699672E-2));
#6401=CARTESIAN_POINT('',(8.115E-1,3.258235374937E0,0.E0));
#6403=CURVE_STYLE('',#15,POSITIVE_LENGTH_MEASURE(2.E-2),#5857);
#6404=PRESENTATION_STYLE_ASSIGNMENT((#6403));
#6405=STYLED_ITEM('',(#6404),#6402);
#6406=CARTESIAN_POINT('',(8.115E-1,3.125896426422E0,0.E0));
#6407=CARTESIAN_POINT('',(8.115E-1,3.122210245095E0,4.698779831419E-2));
#6408=CARTESIAN_POINT('',(8.033542039993E-1,3.114803030376E0,
1.414197850549E-1));
#6409=CARTESIAN_POINT('',(7.658745796792E-1,3.103511571731E0,
2.809753098790E-1));
#6410=CARTESIAN_POINT('',(7.044506798865E-1,3.092267717637E0,
4.110882422484E-1));
#6411=CARTESIAN_POINT('',(6.233284386127E-1,3.081283773162E0,
5.258477086486E-1));
#6412=CARTESIAN_POINT('',(5.234959950294E-1,3.070259984180E0,
6.254861804221E-1));
#6413=CARTESIAN_POINT('',(4.059152757738E-1,3.059055813810E0,
7.075268021095E-1));
#6414=CARTESIAN_POINT('',(2.768206156342E-1,3.047942832194E0,
7.671418672509E-1));
#6415=CARTESIAN_POINT('',(1.407249753629E-1,3.036935677972E0,
8.033926714598E-1));
#6416=CARTESIAN_POINT('',(-2.133448147593E-3,3.025729987943E0,
8.157037030274E-1));
#6417=CARTESIAN_POINT('',(-1.436112207480E-1,3.014627028767E0,
8.027791237990E-1));
#6418=CARTESIAN_POINT('',(-2.786599606480E-1,3.003697337683E0,
7.664801746158E-1));
#6419=CARTESIAN_POINT('',(-4.083386366913E-1,2.992520842752E0,
7.061925012522E-1));
#6420=CARTESIAN_POINT('',(-5.265094461438E-1,2.981233235550E0,
6.231017192951E-1));
#6421=CARTESIAN_POINT('',(-6.274506284944E-1,2.970017863915E0,
5.210892899093E-1));
#6422=CARTESIAN_POINT('',(-7.075354974569E-1,2.959030117531E0,
4.055408342679E-1));
#6423=CARTESIAN_POINT('',(-7.668238605545E-1,2.948022649215E0,
2.777939262676E-1));
#6424=CARTESIAN_POINT('',(-8.033554809689E-1,2.936942134227E0,
1.408027208311E-1));
#6425=CARTESIAN_POINT('',(-8.115E-1,2.929578443434E0,4.693471574308E-2));
#6426=CARTESIAN_POINT('',(-8.115E-1,2.925896426422E0,0.E0));
#6428=CURVE_STYLE('',#15,POSITIVE_LENGTH_MEASURE(2.E-2),#5857);
#6429=PRESENTATION_STYLE_ASSIGNMENT((#6428));
#6430=STYLED_ITEM('',(#6429),#6427);
#6431=DIRECTION('',(0.E0,-1.E0,0.E0));
#6432=VECTOR('',#6431,1.323389485155E-1);
#6433=CARTESIAN_POINT('',(8.115E-1,3.258235374937E0,0.E0));
#6434=LINE('',#6433,#6432);
#6435=CURVE_STYLE('',#15,POSITIVE_LENGTH_MEASURE(2.E-2),#5857);
#6436=PRESENTATION_STYLE_ASSIGNMENT((#6435));
#6437=STYLED_ITEM('',(#6436),#6434);
#6438=CARTESIAN_POINT('',(-8.115E-1,2.658235374937E0,0.E0));
#6439=CARTESIAN_POINT('',(-8.115E-1,2.661917391949E0,4.693471574308E-2));
#6440=CARTESIAN_POINT('',(-8.033554809689E-1,2.669281082743E0,
1.408027208311E-1));
#6441=CARTESIAN_POINT('',(-7.668238605545E-1,2.680361597731E0,
2.777939262676E-1));
#6442=CARTESIAN_POINT('',(-7.075354974569E-1,2.691369066047E0,
4.055408342679E-1));
#6443=CARTESIAN_POINT('',(-6.274506284944E-1,2.702356812430E0,
5.210892899092E-1));
#6444=CARTESIAN_POINT('',(-5.265094461438E-1,2.713572184066E0,
6.231017192951E-1));
#6445=CARTESIAN_POINT('',(-4.083386366913E-1,2.724859791268E0,
7.061925012522E-1));
#6446=CARTESIAN_POINT('',(-2.786599606480E-1,2.736036286199E0,
7.664801746158E-1));
#6447=CARTESIAN_POINT('',(-1.436112207480E-1,2.746965977283E0,
8.027791237990E-1));
#6448=CARTESIAN_POINT('',(-2.133448147591E-3,2.758068936459E0,
8.157037030274E-1));
#6449=CARTESIAN_POINT('',(1.407249753629E-1,2.769274626488E0,
8.033926714598E-1));
#6450=CARTESIAN_POINT('',(2.768206156343E-1,2.780281780709E0,
7.671418672509E-1));
#6451=CARTESIAN_POINT('',(4.059152757738E-1,2.791394762326E0,
7.075268021095E-1));
#6452=CARTESIAN_POINT('',(5.234959950294E-1,2.802598932696E0,
6.254861804221E-1));
#6453=CARTESIAN_POINT('',(6.233284386127E-1,2.813622721678E0,
5.258477086486E-1));
#6454=CARTESIAN_POINT('',(7.044506798865E-1,2.824606666153E0,
4.110882422484E-1));
#6455=CARTESIAN_POINT('',(7.658745796792E-1,2.835850520246E0,
2.809753098790E-1));
#6456=CARTESIAN_POINT('',(8.033542039993E-1,2.847141978892E0,
1.414197850549E-1));
#6457=CARTESIAN_POINT('',(8.115E-1,2.854549193610E0,4.698779831419E-2));
#6458=CARTESIAN_POINT('',(8.115E-1,2.858235374937E0,0.E0));
#6460=CURVE_STYLE('',#15,POSITIVE_LENGTH_MEASURE(2.E-2),#5857);
#6461=PRESENTATION_STYLE_ASSIGNMENT((#6460));
#6462=STYLED_ITEM('',(#6461),#6459);
#6463=CARTESIAN_POINT('',(8.115E-1,2.725896426422E0,0.E0));
#6464=CARTESIAN_POINT('',(8.115E-1,2.722215342301E0,4.692282416055E-2));
#6465=CARTESIAN_POINT('',(8.033785134971E-1,2.714827968977E0,
1.410997527348E-1));
#6466=CARTESIAN_POINT('',(7.661766581938E-1,2.703591584585E0,
2.799967395022E-1));
#6467=CARTESIAN_POINT('',(7.054797256645E-1,2.692439003248E0,
4.091424238926E-1));
#6468=CARTESIAN_POINT('',(6.253093425696E-1,2.681518058463E0,
5.235934203108E-1));
#6469=CARTESIAN_POINT('',(5.239295218390E-1,2.670295403953E0,
6.252914653666E-1));
#6470=CARTESIAN_POINT('',(4.055391663841E-1,2.659021411572E0,
7.077656436373E-1));
#6471=CARTESIAN_POINT('',(2.760636774120E-1,2.647879701945E0,
7.674299309460E-1));
#6472=CARTESIAN_POINT('',(1.402804678099E-1,2.636901659974E0,
8.033896210275E-1));
#6473=CARTESIAN_POINT('',(-5.229086872313E-4,2.625855572736E0,
8.155891801559E-1));
#6474=CARTESIAN_POINT('',(-1.409714860885E-1,2.614836309148E0,
8.032528632002E-1));
#6475=CARTESIAN_POINT('',(-2.767388655588E-1,2.603857198090E0,
7.671924730366E-1));
#6476=CARTESIAN_POINT('',(-4.061846171448E-1,2.592713442879E0,
7.073959773077E-1));
#6477=CARTESIAN_POINT('',(-5.245014798384E-1,2.581439039626E0,
6.248095512580E-1));
#6478=CARTESIAN_POINT('',(-6.257754327410E-1,2.570218418580E0,
5.230406066204E-1));
#6479=CARTESIAN_POINT('',(-7.058268313914E-1,2.559297774892E0,
4.085137637164E-1));
#6480=CARTESIAN_POINT('',(-7.662466913084E-1,2.548180477455E0,
2.797380692407E-1));
#6481=CARTESIAN_POINT('',(-8.033849169469E-1,2.536959136211E0,
1.410269795146E-1));
#6482=CARTESIAN_POINT('',(-8.115E-1,2.529576889048E0,4.691490197351E-2));
#6483=CARTESIAN_POINT('',(-8.115E-1,2.525896426422E0,0.E0));
#6485=CURVE_STYLE('',#15,POSITIVE_LENGTH_MEASURE(2.E-2),#5857);
#6486=PRESENTATION_STYLE_ASSIGNMENT((#6485));
#6487=STYLED_ITEM('',(#6486),#6484);
#6488=DIRECTION('',(0.E0,-1.E0,0.E0));
#6489=VECTOR('',#6488,1.323389485156E-1);
#6490=CARTESIAN_POINT('',(8.115E-1,2.858235374937E0,0.E0));
#6491=LINE('',#6490,#6489);
#6492=CURVE_STYLE('',#15,POSITIVE_LENGTH_MEASURE(2.E-2),#5857);
#6493=PRESENTATION_STYLE_ASSIGNMENT((#6492));
#6494=STYLED_ITEM('',(#6493),#6491);
#6495=CARTESIAN_POINT('',(-8.115E-1,2.258235374937E0,0.E0));
#6496=CARTESIAN_POINT('',(-8.115E-1,2.261915837564E0,4.691490197350E-2));
#6497=CARTESIAN_POINT('',(-8.033849169469E-1,2.269298084727E0,
1.410269795146E-1));
#6498=CARTESIAN_POINT('',(-7.662466913084E-1,2.280519425970E0,
2.797380692407E-1));
#6499=CARTESIAN_POINT('',(-7.058268313914E-1,2.291636723407E0,
4.085137637164E-1));
#6500=CARTESIAN_POINT('',(-6.257754327410E-1,2.302557367095E0,
5.230406066204E-1));
#6501=CARTESIAN_POINT('',(-5.245014798384E-1,2.313777988142E0,
6.248095512580E-1));
#6502=CARTESIAN_POINT('',(-4.061846171448E-1,2.325052391394E0,
7.073959773077E-1));
#6503=CARTESIAN_POINT('',(-2.767388655588E-1,2.336196146605E0,
7.671924730366E-1));
#6504=CARTESIAN_POINT('',(-1.409714860885E-1,2.347175257664E0,
8.032528632002E-1));
#6505=CARTESIAN_POINT('',(-5.229086872288E-4,2.358194521251E0,
8.155891801559E-1));
#6506=CARTESIAN_POINT('',(1.402804678099E-1,2.369240608490E0,
8.033896210275E-1));
#6507=CARTESIAN_POINT('',(2.760636774120E-1,2.380218650461E0,
7.674299309460E-1));
#6508=CARTESIAN_POINT('',(4.055391663841E-1,2.391360360087E0,
7.077656436373E-1));
#6509=CARTESIAN_POINT('',(5.239295218390E-1,2.402634352468E0,
6.252914653666E-1));
#6510=CARTESIAN_POINT('',(6.253093425696E-1,2.413857006978E0,
5.235934203108E-1));
#6511=CARTESIAN_POINT('',(7.054797256645E-1,2.424777951763E0,
4.091424238926E-1));
#6512=CARTESIAN_POINT('',(7.661766581938E-1,2.435930533100E0,
2.799967395022E-1));
#6513=CARTESIAN_POINT('',(8.033785134971E-1,2.447166917492E0,
1.410997527348E-1));
#6514=CARTESIAN_POINT('',(8.115E-1,2.454554290817E0,4.692282416056E-2));
#6515=CARTESIAN_POINT('',(8.115E-1,2.458235374937E0,0.E0));
#6517=CURVE_STYLE('',#15,POSITIVE_LENGTH_MEASURE(2.E-2),#5857);
#6518=PRESENTATION_STYLE_ASSIGNMENT((#6517));
#6519=STYLED_ITEM('',(#6518),#6516);
#6520=CARTESIAN_POINT('',(8.115E-1,2.325896426422E0,0.E0));
#6521=CARTESIAN_POINT('',(8.115E-1,2.322214361253E0,4.693532959315E-2));
#6522=CARTESIAN_POINT('',(8.033538255966E-1,2.314850710288E0,
1.408024483513E-1));
#6523=CARTESIAN_POINT('',(7.668357428902E-1,2.303773070387E0,
2.777592386903E-1));
#6524=CARTESIAN_POINT('',(7.075451437999E-1,2.292764071739E0,
4.055264979658E-1));
#6525=CARTESIAN_POINT('',(6.274565114430E-1,2.281775667164E0,
5.210829953565E-1));
#6526=CARTESIAN_POINT('',(5.265069328782E-1,2.270559330593E0,
6.231043543469E-1));
#6527=CARTESIAN_POINT('',(4.083368965011E-1,2.259271871732E0,
7.061932477152E-1));
#6528=CARTESIAN_POINT('',(2.786662351245E-1,2.248096065303E0,
7.664764050458E-1));
#6529=CARTESIAN_POINT('',(1.436337566096E-1,2.237167593665E0,
8.027767367619E-1));
#6530=CARTESIAN_POINT('',(2.095300592990E-3,2.226059879895E0,
8.157066235668E-1));
#6531=CARTESIAN_POINT('',(-1.407748275978E-1,2.214853231635E0,
8.033837949802E-1));
#6532=CARTESIAN_POINT('',(-2.768698919208E-1,2.203845935999E0,
7.671243548470E-1));
#6533=CARTESIAN_POINT('',(-4.059603963138E-1,2.192732958572E0,
7.075002311184E-1));
#6534=CARTESIAN_POINT('',(-5.235136848201E-1,2.181530891598E0,
6.254679243808E-1));
#6535=CARTESIAN_POINT('',(-6.233175295831E-1,2.170510334029E0,
5.258595317415E-1));
#6536=CARTESIAN_POINT('',(-7.044529101923E-1,2.159524979884E0,
4.110873122219E-1));
#6537=CARTESIAN_POINT('',(-7.658796043002E-1,2.148280174820E0,
2.809619947347E-1));
#6538=CARTESIAN_POINT('',(-8.033556805769E-1,2.136988978774E0,
1.414090607564E-1));
#6539=CARTESIAN_POINT('',(-8.115E-1,2.129582247326E0,4.698320400017E-2));
#6540=CARTESIAN_POINT('',(-8.115E-1,2.125896426422E0,0.E0));
#6542=CURVE_STYLE('',#15,POSITIVE_LENGTH_MEASURE(2.E-2),#5857);
#6543=PRESENTATION_STYLE_ASSIGNMENT((#6542));
#6544=STYLED_ITEM('',(#6543),#6541);
#6545=DIRECTION('',(0.E0,-1.E0,0.E0));
#6546=VECTOR('',#6545,1.323389485154E-1);
#6547=CARTESIAN_POINT('',(8.115E-1,2.458235374937E0,0.E0));
#6548=LINE('',#6547,#6546);
#6549=CURVE_STYLE('',#15,POSITIVE_LENGTH_MEASURE(2.E-2),#5857);
#6550=PRESENTATION_STYLE_ASSIGNMENT((#6549));
#6551=STYLED_ITEM('',(#6550),#6548);
#6552=CARTESIAN_POINT('',(-8.115E-1,1.858235374937E0,0.E0));
#6553=CARTESIAN_POINT('',(-8.115E-1,1.861921195841E0,4.698320400017E-2));
#6554=CARTESIAN_POINT('',(-8.033556805769E-1,1.869327927290E0,
1.414090607564E-1));
#6555=CARTESIAN_POINT('',(-7.658796043002E-1,1.880619123335E0,
2.809619947347E-1));
#6556=CARTESIAN_POINT('',(-7.044529101923E-1,1.891863928400E0,
4.110873122219E-1));
#6557=CARTESIAN_POINT('',(-6.233175295831E-1,1.902849282545E0,
5.258595317415E-1));
#6558=CARTESIAN_POINT('',(-5.235136848201E-1,1.913869840113E0,
6.254679243808E-1));
#6559=CARTESIAN_POINT('',(-4.059603963138E-1,1.925071907087E0,
7.075002311184E-1));
#6560=CARTESIAN_POINT('',(-2.768698919209E-1,1.936184884515E0,
7.671243548470E-1));
#6561=CARTESIAN_POINT('',(-1.407748275978E-1,1.947192180150E0,
8.033837949802E-1));
#6562=CARTESIAN_POINT('',(2.095300592986E-3,1.958398828411E0,
8.157066235668E-1));
#6563=CARTESIAN_POINT('',(1.436337566096E-1,1.969506542180E0,
8.027767367619E-1));
#6564=CARTESIAN_POINT('',(2.786662351245E-1,1.980435013819E0,
7.664764050458E-1));
#6565=CARTESIAN_POINT('',(4.083368965011E-1,1.991610820247E0,
7.061932477152E-1));
#6566=CARTESIAN_POINT('',(5.265069328782E-1,2.002898279109E0,
6.231043543469E-1));
#6567=CARTESIAN_POINT('',(6.274565114430E-1,2.014114615680E0,
5.210829953565E-1));
#6568=CARTESIAN_POINT('',(7.075451437999E-1,2.025103020254E0,
4.055264979659E-1));
#6569=CARTESIAN_POINT('',(7.668357428902E-1,2.036112018902E0,
2.777592386903E-1));
#6570=CARTESIAN_POINT('',(8.033538255966E-1,2.047189658804E0,
1.408024483513E-1));
#6571=CARTESIAN_POINT('',(8.115E-1,2.054553309769E0,4.693532959315E-2));
#6572=CARTESIAN_POINT('',(8.115E-1,2.058235374937E0,0.E0));
#6574=CURVE_STYLE('',#15,POSITIVE_LENGTH_MEASURE(2.E-2),#5857);
#6575=PRESENTATION_STYLE_ASSIGNMENT((#6574));
#6576=STYLED_ITEM('',(#6575),#6573);
#6577=CARTESIAN_POINT('',(8.115E-1,1.925896426422E0,0.E0));
#6578=CARTESIAN_POINT('',(8.115E-1,1.922234078166E0,4.668399786878E-2));
#6579=CARTESIAN_POINT('',(8.033941630543E-1,1.914891209569E0,
1.402769428494E-1));
#6580=CARTESIAN_POINT('',(7.672602859849E-1,1.903859196220E0,
2.767429336907E-1));
#6581=CARTESIAN_POINT('',(7.071934377505E-1,1.892699055017E0,
4.062813524479E-1));
#6582=CARTESIAN_POINT('',(6.270305020205E-1,1.881727523895E0,
5.215356466478E-1));
#6583=CARTESIAN_POINT('',(5.262651429637E-1,1.870535129639E0,
6.233000053346E-1));
#6584=CARTESIAN_POINT('',(4.084646101712E-1,1.859286889048E0,
7.060264845038E-1));
#6585=CARTESIAN_POINT('',(2.802794840972E-1,1.848230824303E0,
7.658580961968E-1));
#6586=CARTESIAN_POINT('',(1.442076935879E-1,1.837211076539E0,
8.028039438010E-1));
#6587=CARTESIAN_POINT('',(4.741411486775E-4,1.825933512350E0,
8.158073077614E-1));
#6588=CARTESIAN_POINT('',(-1.432602248270E-1,1.814656546326E0,
8.029659945387E-1));
#6589=CARTESIAN_POINT('',(-2.794251453573E-1,1.803634427887E0,
7.662071852533E-1));
#6590=CARTESIAN_POINT('',(-4.077753480212E-1,1.792563734973E0,
7.063150846652E-1));
#6591=CARTESIAN_POINT('',(-5.231347099061E-1,1.781565165615E0,
6.256943099686E-1));
#6592=CARTESIAN_POINT('',(-6.234244020206E-1,1.770500949064E0,
5.257996716809E-1));
#6593=CARTESIAN_POINT('',(-7.044872642505E-1,1.759518164788E0,
4.110021555134E-1));
#6594=CARTESIAN_POINT('',(-7.659019126531E-1,1.748275271831E0,
2.809048569406E-1));
#6595=CARTESIAN_POINT('',(-8.033583613478E-1,1.736986631384E0,
1.413783998457E-1));
#6596=CARTESIAN_POINT('',(-8.115E-1,1.729581457293E0,4.697313344391E-2));
#6597=CARTESIAN_POINT('',(-8.115E-1,1.725896426422E0,0.E0));
#6599=CURVE_STYLE('',#15,POSITIVE_LENGTH_MEASURE(2.E-2),#5857);
#6600=PRESENTATION_STYLE_ASSIGNMENT((#6599));
#6601=STYLED_ITEM('',(#6600),#6598);
#6602=DIRECTION('',(0.E0,-1.E0,0.E0));
#6603=VECTOR('',#6602,1.323389485155E-1);
#6604=CARTESIAN_POINT('',(8.115E-1,2.058235374937E0,0.E0));
#6605=LINE('',#6604,#6603);
#6606=CURVE_STYLE('',#15,POSITIVE_LENGTH_MEASURE(2.E-2),#5857);
#6607=PRESENTATION_STYLE_ASSIGNMENT((#6606));
#6608=STYLED_ITEM('',(#6607),#6605);
#6609=CARTESIAN_POINT('',(-8.115E-1,1.458235374937E0,0.E0));
#6610=CARTESIAN_POINT('',(-8.115E-1,1.461920405808E0,4.697313344391E-2));
#6611=CARTESIAN_POINT('',(-8.033583613478E-1,1.469325579899E0,
1.413783998457E-1));
#6612=CARTESIAN_POINT('',(-7.659019126531E-1,1.480614220347E0,
2.809048569406E-1));
#6613=CARTESIAN_POINT('',(-7.044872642505E-1,1.491857113304E0,
4.110021555134E-1));
#6614=CARTESIAN_POINT('',(-6.234244020206E-1,1.502839897580E0,
5.257996716809E-1));
#6615=CARTESIAN_POINT('',(-5.231347099061E-1,1.513904114130E0,
6.256943099686E-1));
#6616=CARTESIAN_POINT('',(-4.077753480212E-1,1.524902683489E0,
7.063150846652E-1));
#6617=CARTESIAN_POINT('',(-2.794251453573E-1,1.535973376402E0,
7.662071852533E-1));
#6618=CARTESIAN_POINT('',(-1.432602248270E-1,1.546995494841E0,
8.029659945387E-1));
#6619=CARTESIAN_POINT('',(4.741411486834E-4,1.558272460866E0,
8.158073077614E-1));
#6620=CARTESIAN_POINT('',(1.442076935879E-1,1.569550025055E0,
8.028039438010E-1));
#6621=CARTESIAN_POINT('',(2.802794840972E-1,1.580569772818E0,
7.658580961968E-1));
#6622=CARTESIAN_POINT('',(4.084646101712E-1,1.591625837563E0,
7.060264845038E-1));
#6623=CARTESIAN_POINT('',(5.262651429637E-1,1.602874078154E0,
6.233000053346E-1));
#6624=CARTESIAN_POINT('',(6.270305020205E-1,1.614066472410E0,
5.215356466478E-1));
#6625=CARTESIAN_POINT('',(7.071934377505E-1,1.625038003532E0,
4.062813524479E-1));
#6626=CARTESIAN_POINT('',(7.672602859849E-1,1.636198144736E0,
2.767429336907E-1));
#6627=CARTESIAN_POINT('',(8.033941630543E-1,1.647230158085E0,
1.402769428494E-1));
#6628=CARTESIAN_POINT('',(8.115E-1,1.654573026681E0,4.668399786878E-2));
#6629=CARTESIAN_POINT('',(8.115E-1,1.658235374937E0,0.E0));
#6631=CURVE_STYLE('',#15,POSITIVE_LENGTH_MEASURE(2.E-2),#5857);
#6632=PRESENTATION_STYLE_ASSIGNMENT((#6631));
#6633=STYLED_ITEM('',(#6632),#6630);
#6634=CARTESIAN_POINT('',(8.115E-1,1.525896426422E0,0.E0));
#6635=CARTESIAN_POINT('',(8.115E-1,1.522220777925E0,4.685353619657E-2));
#6636=CARTESIAN_POINT('',(8.033980373250E-1,1.514831607339E0,
1.410545376175E-1));
#6637=CARTESIAN_POINT('',(7.660868502581E-1,1.503560981429E0,
2.803808912721E-1));
#6638=CARTESIAN_POINT('',(7.047929915318E-1,1.492323233241E0,
4.104590478637E-1));
#6639=CARTESIAN_POINT('',(6.238785045715E-1,1.481344718390E0,
5.252967606102E-1));
#6640=CARTESIAN_POINT('',(5.230268007643E-1,1.470213010032E0,
6.258602977325E-1));
#6641=CARTESIAN_POINT('',(4.071837658096E-1,1.459176811557E0,
7.066299607520E-1));
#6642=CARTESIAN_POINT('',(2.795488197188E-1,1.448169457966E0,
7.661372954239E-1));
#6643=CARTESIAN_POINT('',(1.431468137748E-1,1.437126919687E0,
8.030073928451E-1));
#6644=CARTESIAN_POINT('',(-6.190915919119E-4,1.425848013921E0,
8.157959852919E-1));
#6645=CARTESIAN_POINT('',(-1.443107850164E-1,1.414573999533E0,
8.028073051267E-1));
#6646=CARTESIAN_POINT('',(-2.807334798207E-1,1.403523863499E0,
7.656749104438E-1));
#6647=CARTESIAN_POINT('',(-4.078306985670E-1,1.392559031302E0,
7.062851956516E-1));
#6648=CARTESIAN_POINT('',(-5.246321137241E-1,1.381420302861E0,
6.245977742978E-1));
#6649=CARTESIAN_POINT('',(-6.253674548238E-1,1.370267426944E0,
5.235202485087E-1));
#6650=CARTESIAN_POINT('',(-7.059593268516E-1,1.359287716098E0,
4.084412729467E-1));
#6651=CARTESIAN_POINT('',(-7.667032206091E-1,1.348081000984E0,
2.785473469458E-1));
#6652=CARTESIAN_POINT('',(-8.034832365113E-1,1.336895404180E0,
1.402124150875E-1));
#6653=CARTESIAN_POINT('',(-8.115E-1,1.329549607127E0,4.656713899832E-2));
#6654=CARTESIAN_POINT('',(-8.115E-1,1.325896426422E0,0.E0));
#6656=CURVE_STYLE('',#15,POSITIVE_LENGTH_MEASURE(2.E-2),#5857);
#6657=PRESENTATION_STYLE_ASSIGNMENT((#6656));
#6658=STYLED_ITEM('',(#6657),#6655);
#6659=DIRECTION('',(0.E0,-1.E0,0.E0));
#6660=VECTOR('',#6659,1.323389485156E-1);
#6661=CARTESIAN_POINT('',(8.115E-1,1.658235374937E0,0.E0));
#6662=LINE('',#6661,#6660);
#6663=CURVE_STYLE('',#15,POSITIVE_LENGTH_MEASURE(2.E-2),#5857);
#6664=PRESENTATION_STYLE_ASSIGNMENT((#6663));
#6665=STYLED_ITEM('',(#6664),#6662);
#6666=CARTESIAN_POINT('',(-8.115E-1,1.058235374937E0,0.E0));
#6667=CARTESIAN_POINT('',(-8.115E-1,1.061888555643E0,4.656713899832E-2));
#6668=CARTESIAN_POINT('',(-8.034832365113E-1,1.069234352695E0,
1.402124150875E-1));
#6669=CARTESIAN_POINT('',(-7.667032206091E-1,1.080419949499E0,
2.785473469458E-1));
#6670=CARTESIAN_POINT('',(-7.059593268516E-1,1.091626664614E0,
4.084412729467E-1));
#6671=CARTESIAN_POINT('',(-6.253674548238E-1,1.102606375460E0,
5.235202485087E-1));
#6672=CARTESIAN_POINT('',(-5.246321137241E-1,1.113759251377E0,
6.245977742978E-1));
#6673=CARTESIAN_POINT('',(-4.078306985670E-1,1.124897979817E0,
7.062851956516E-1));
#6674=CARTESIAN_POINT('',(-2.807334798207E-1,1.135862812014E0,
7.656749104438E-1));
#6675=CARTESIAN_POINT('',(-1.443107850164E-1,1.146912948048E0,
8.028073051267E-1));
#6676=CARTESIAN_POINT('',(-6.190915919140E-4,1.158186962437E0,
8.157959852919E-1));
#6677=CARTESIAN_POINT('',(1.431468137748E-1,1.169465868203E0,
8.030073928451E-1));
#6678=CARTESIAN_POINT('',(2.795488197188E-1,1.180508406482E0,
7.661372954239E-1));
#6679=CARTESIAN_POINT('',(4.071837658096E-1,1.191515760073E0,
7.066299607520E-1));
#6680=CARTESIAN_POINT('',(5.230268007643E-1,1.202551958547E0,
6.258602977325E-1));
#6681=CARTESIAN_POINT('',(6.238785045716E-1,1.213683666906E0,
5.252967606102E-1));
#6682=CARTESIAN_POINT('',(7.047929915318E-1,1.224662181756E0,
4.104590478637E-1));
#6683=CARTESIAN_POINT('',(7.660868502581E-1,1.235899929945E0,
2.803808912721E-1));
#6684=CARTESIAN_POINT('',(8.033980373250E-1,1.247170555855E0,
1.410545376175E-1));
#6685=CARTESIAN_POINT('',(8.115E-1,1.254559726441E0,4.685353619657E-2));
#6686=CARTESIAN_POINT('',(8.115E-1,1.258235374937E0,0.E0));
#6688=CURVE_STYLE('',#15,POSITIVE_LENGTH_MEASURE(2.E-2),#5857);
#6689=PRESENTATION_STYLE_ASSIGNMENT((#6688));
#6690=STYLED_ITEM('',(#6689),#6687);
#6691=CARTESIAN_POINT('',(8.115E-1,1.125896426422E0,0.E0));
#6692=CARTESIAN_POINT('',(8.115E-1,1.122211138346E0,4.697641202514E-2));
#6693=CARTESIAN_POINT('',(8.033599165559E-1,1.114805922677E0,
1.413835237871E-1));
#6694=CARTESIAN_POINT('',(7.658903874014E-1,1.103516267172E0,
2.809164681672E-1));
#6695=CARTESIAN_POINT('',(7.045242534067E-1,1.092278519997E0,
4.109711980008E-1));
#6696=CARTESIAN_POINT('',(6.233220242242E-1,1.081283197557E0,
5.258534279046E-1));
#6697=CARTESIAN_POINT('',(5.238288730940E-1,1.070297810570E0,
6.251290024873E-1));
#6698=CARTESIAN_POINT('',(4.073343989989E-1,1.059185792796E0,
7.066535439780E-1));
#6699=CARTESIAN_POINT('',(2.786554910191E-1,1.048095028366E0,
7.664795462008E-1));
#6700=CARTESIAN_POINT('',(1.425419401888E-1,1.037079385915E0,
8.030819292694E-1));
#6701=CARTESIAN_POINT('',(-8.414031816688E-4,1.025830925686E0,
8.157821648644E-1));
#6702=CARTESIAN_POINT('',(-1.439079006120E-1,1.014604279053E0,
8.027871122600E-1));
#6703=CARTESIAN_POINT('',(-2.790982050011E-1,1.003660868765E0,
7.663103464001E-1));
#6704=CARTESIAN_POINT('',(-4.086765260411E-1,9.924901055528E-1,
7.059933593391E-1));
#6705=CARTESIAN_POINT('',(-5.267906560383E-1,9.812049184203E-1,
6.228690992779E-1));
#6706=CARTESIAN_POINT('',(-6.276604874700E-1,9.699900802812E-1,
5.208055195347E-1));
#6707=CARTESIAN_POINT('',(-7.076585497260E-1,9.590169280442E-1,
4.054121948960E-1));
#6708=CARTESIAN_POINT('',(-7.672511791035E-1,9.479249333296E-1,
2.766205527091E-1));
#6709=CARTESIAN_POINT('',(-8.033254041390E-1,9.369302369563E-1,
1.406384321007E-1));
#6710=CARTESIAN_POINT('',(-8.115E-1,9.295737275994E-1,4.687460294303E-2));
#6711=CARTESIAN_POINT('',(-8.115E-1,9.258964264219E-1,0.E0));
#6713=CURVE_STYLE('',#15,POSITIVE_LENGTH_MEASURE(2.E-2),#5857);
#6714=PRESENTATION_STYLE_ASSIGNMENT((#6713));
#6715=STYLED_ITEM('',(#6714),#6712);
#6716=DIRECTION('',(0.E0,-1.E0,0.E0));
#6717=VECTOR('',#6716,1.323389485154E-1);
#6718=CARTESIAN_POINT('',(8.115E-1,1.258235374937E0,0.E0));
#6719=LINE('',#6718,#6717);
#6720=CURVE_STYLE('',#15,POSITIVE_LENGTH_MEASURE(2.E-2),#5857);
#6721=PRESENTATION_STYLE_ASSIGNMENT((#6720));
#6722=STYLED_ITEM('',(#6721),#6719);
#6723=CARTESIAN_POINT('',(-8.115E-1,6.582353749374E-1,0.E0));
#6724=CARTESIAN_POINT('',(-8.115E-1,6.619126761149E-1,4.687460294302E-2));
#6725=CARTESIAN_POINT('',(-8.033254041390E-1,6.692691854718E-1,
1.406384321007E-1));
#6726=CARTESIAN_POINT('',(-7.672511791035E-1,6.802638818451E-1,
2.766205527091E-1));
#6727=CARTESIAN_POINT('',(-7.076585497260E-1,6.913558765597E-1,
4.054121948960E-1));
#6728=CARTESIAN_POINT('',(-6.276604874700E-1,7.023290287967E-1,
5.208055195347E-1));
#6729=CARTESIAN_POINT('',(-5.267906560383E-1,7.135438669358E-1,
6.228690992779E-1));
#6730=CARTESIAN_POINT('',(-4.086765260411E-1,7.248290540684E-1,
7.059933593391E-1));
#6731=CARTESIAN_POINT('',(-2.790982050011E-1,7.359998172801E-1,
7.663103464001E-1));
#6732=CARTESIAN_POINT('',(-1.439079006120E-1,7.469432275689E-1,
8.027871122600E-1));
#6733=CARTESIAN_POINT('',(-8.414031816664E-4,7.581698742013E-1,
8.157821648644E-1));
#6734=CARTESIAN_POINT('',(1.425419401888E-1,7.694183344305E-1,
8.030819292694E-1));
#6735=CARTESIAN_POINT('',(2.786554910191E-1,7.804339768815E-1,
7.664795462008E-1));
#6736=CARTESIAN_POINT('',(4.073343989989E-1,7.915247413110E-1,
7.066535439780E-1));
#6737=CARTESIAN_POINT('',(5.238288730940E-1,8.026367590850E-1,
6.251290024873E-1));
#6738=CARTESIAN_POINT('',(6.233220242242E-1,8.136221460724E-1,
5.258534279046E-1));
#6739=CARTESIAN_POINT('',(7.045242534067E-1,8.246174685124E-1,
4.109711980008E-1));
#6740=CARTESIAN_POINT('',(7.658903874014E-1,8.358552156879E-1,
2.809164681672E-1));
#6741=CARTESIAN_POINT('',(8.033599165559E-1,8.471448711925E-1,
1.413835237871E-1));
#6742=CARTESIAN_POINT('',(8.115E-1,8.545500868620E-1,4.697641202514E-2));
#6743=CARTESIAN_POINT('',(8.115E-1,8.582353749371E-1,0.E0));
#6745=CURVE_STYLE('',#15,POSITIVE_LENGTH_MEASURE(2.E-2),#5857);
#6746=PRESENTATION_STYLE_ASSIGNMENT((#6745));
#6747=STYLED_ITEM('',(#6746),#6744);
#6748=CARTESIAN_POINT('',(8.115E-1,7.258964264224E-1,0.E0));
#6749=CARTESIAN_POINT('',(8.115E-1,7.222138875248E-1,4.694136822446E-2));
#6750=CARTESIAN_POINT('',(8.033656447354E-1,7.148135014093E-1,
1.412841780252E-1));
#6751=CARTESIAN_POINT('',(7.659804027452E-1,7.035353173027E-1,
2.806928586483E-1));
#6752=CARTESIAN_POINT('',(7.045963316919E-1,6.922945681793E-1,
4.107701882299E-1));
#6753=CARTESIAN_POINT('',(6.238959667733E-1,6.813484301935E-1,
5.252454768780E-1));
#6754=CARTESIAN_POINT('',(5.227371484794E-1,6.701761300636E-1,
6.262484500576E-1));
#6755=CARTESIAN_POINT('',(4.043730983369E-1,6.589166928423E-1,
7.084292286044E-1));
#6756=CARTESIAN_POINT('',(2.749191233383E-1,6.477850076216E-1,
7.678257757243E-1));
#6757=CARTESIAN_POINT('',(1.390323135401E-1,6.368022582027E-1,
8.036553733196E-1));
#6758=CARTESIAN_POINT('',(-2.923940845927E-3,6.256680458936E-1,
8.156118091475E-1));
#6759=CARTESIAN_POINT('',(-1.429480944617E-1,6.146793928134E-1,
8.028723622674E-1));
#6760=CARTESIAN_POINT('',(-2.784979923428E-1,6.037111058743E-1,
7.665597998307E-1));
#6761=CARTESIAN_POINT('',(-4.079055642102E-1,5.925590137894E-1,
7.064157342289E-1));
#6762=CARTESIAN_POINT('',(-5.260475229201E-1,5.812803034832E-1,
6.234916257506E-1));
#6763=CARTESIAN_POINT('',(-6.270036892625E-1,5.700714402935E-1,
5.216086683541E-1));
#6764=CARTESIAN_POINT('',(-7.070085386909E-1,5.591092612546E-1,
4.064097112409E-1));
#6765=CARTESIAN_POINT('',(-7.664824412992E-1,5.481089586288E-1,
2.788455353077E-1));
#6766=CARTESIAN_POINT('',(-8.033973594671E-1,5.369436004437E-1,
1.408304426712E-1));
#6767=CARTESIAN_POINT('',(-8.115E-1,5.295764406708E-1,4.690918648607E-2));
#6768=CARTESIAN_POINT('',(-8.115E-1,5.258964264227E-1,0.E0));
#6770=CURVE_STYLE('',#15,POSITIVE_LENGTH_MEASURE(2.E-2),#5857);
#6771=PRESENTATION_STYLE_ASSIGNMENT((#6770));
#6772=STYLED_ITEM('',(#6771),#6769);
#6773=DIRECTION('',(0.E0,-1.E0,0.E0));
#6774=VECTOR('',#6773,1.323389485148E-1);
#6775=CARTESIAN_POINT('',(8.115E-1,8.582353749371E-1,0.E0));
#6776=LINE('',#6775,#6774);
#6777=CURVE_STYLE('',#15,POSITIVE_LENGTH_MEASURE(2.E-2),#5857);
#6778=PRESENTATION_STYLE_ASSIGNMENT((#6777));
#6779=STYLED_ITEM('',(#6778),#6776);
#6780=CARTESIAN_POINT('',(-6.430453274748E-1,3.E-1,4.949999563766E-1));
#6781=CARTESIAN_POINT('',(-6.157774533043E-1,3.035069231065E-1,
5.304231495500E-1));
#6782=CARTESIAN_POINT('',(-5.552161163312E-1,3.105438745424E-1,
5.970154558511E-1));
#6783=CARTESIAN_POINT('',(-4.475988848867E-1,3.212384984647E-1,
6.814774684315E-1));
#6784=CARTESIAN_POINT('',(-3.281312918961E-1,3.318626758564E-1,
7.462588207443E-1));
#6785=CARTESIAN_POINT('',(-2.017021294126E-1,3.423166408390E-1,
7.897636125609E-1));
#6786=CARTESIAN_POINT('',(-7.060186953495E-2,3.527145976574E-1,
8.120832843166E-1));
#6787=CARTESIAN_POINT('',(6.361952469007E-2,3.632087312277E-1,
8.127123672393E-1));
#6788=CARTESIAN_POINT('',(1.960992811597E-1,3.737020535960E-1,
7.912180078285E-1));
#6789=CARTESIAN_POINT('',(3.228615429608E-1,3.841595880717E-1,
7.485350729394E-1));
#6790=CARTESIAN_POINT('',(4.424666523372E-1,3.947555407438E-1,
6.847887084262E-1));
#6791=CARTESIAN_POINT('',(5.504574330959E-1,4.054208180971E-1,
6.014091336220E-1));
#6792=CARTESIAN_POINT('',(6.420239217725E-1,4.159740246720E-1,
5.022422678819E-1));
#6793=CARTESIAN_POINT('',(7.151835878673E-1,4.263688190357E-1,
3.912253418442E-1));
#6794=CARTESIAN_POINT('',(7.705992091664E-1,4.370437881079E-1,
2.664323389805E-1));
#6795=CARTESIAN_POINT('',(8.041917038002E-1,4.477306938902E-1,
1.339111918977E-1));
#6796=CARTESIAN_POINT('',(8.115E-1,4.547455650140E-1,4.448464964767E-2));
#6797=CARTESIAN_POINT('',(8.115E-1,4.582353749379E-1,0.E0));
#6799=CURVE_STYLE('',#15,POSITIVE_LENGTH_MEASURE(2.E-2),#5857);
#6800=PRESENTATION_STYLE_ASSIGNMENT((#6799));
#6801=STYLED_ITEM('',(#6800),#6798);
#6802=CARTESIAN_POINT('',(8.115E-1,3.258964264229E-1,0.E0));
#6803=CARTESIAN_POINT('',(8.115E-1,3.230386398120E-1,3.642824077157E-2));
#6804=CARTESIAN_POINT('',(8.066088283031E-1,3.173093879425E-1,
1.094643142276E-1));
#6805=CARTESIAN_POINT('',(7.842370904106E-1,3.086245852919E-1,
2.181458379419E-1));
#6806=CARTESIAN_POINT('',(7.597753728235E-1,3.028738781016E-1,
2.874293580292E-1));
#6807=CARTESIAN_POINT('',(7.452812288136E-1,3.E-1,3.210734183612E-1));
#6809=CURVE_STYLE('',#15,POSITIVE_LENGTH_MEASURE(2.E-2),#5857);
#6810=PRESENTATION_STYLE_ASSIGNMENT((#6809));
#6811=STYLED_ITEM('',(#6810),#6808);
#6812=DIRECTION('',(0.E0,-1.E0,0.E0));
#6813=VECTOR('',#6812,1.323389485150E-1);
#6814=CARTESIAN_POINT('',(8.115E-1,4.582353749379E-1,0.E0));
#6815=LINE('',#6814,#6813);
#6816=CURVE_STYLE('',#15,POSITIVE_LENGTH_MEASURE(2.E-2),#5857);
#6817=PRESENTATION_STYLE_ASSIGNMENT((#6816));
#6818=STYLED_ITEM('',(#6817),#6815);
#6819=CARTESIAN_POINT('',(3.618242052395E-1,3.328814186279E0,
-7.263714576598E-1));
#6820=CARTESIAN_POINT('',(3.214155631333E-1,3.332355754476E0,
-7.465000360348E-1));
#6821=CARTESIAN_POINT('',(2.367501076748E-1,3.339480250728E0,
-7.802217333653E-1));
#6822=CARTESIAN_POINT('',(1.017505727290E-1,3.350271257619E0,
-8.090883206900E-1));
#6823=CARTESIAN_POINT('',(-3.829833042868E-2,3.361225978194E0,
-8.146346016977E-1));
#6824=CARTESIAN_POINT('',(-1.766348761466E-1,3.372136263286E0,
-7.960284408995E-1));
#6825=CARTESIAN_POINT('',(-3.069770061935E-1,3.382811468743E0,
-7.552863989663E-1));
#6826=CARTESIAN_POINT('',(-4.287299670284E-1,3.393485118388E0,
-6.935101232760E-1));
#6827=CARTESIAN_POINT('',(-5.391461055209E-1,3.404226182420E0,
-6.117140224189E-1));
#6828=CARTESIAN_POINT('',(-6.344979946375E-1,3.415010365285E0,
-5.120260460278E-1));
#6829=CARTESIAN_POINT('',(-7.110240606293E-1,3.425673415569E0,
-3.991013029473E-1));
#6830=CARTESIAN_POINT('',(-7.688172414257E-1,3.436584378212E0,
-2.720427982529E-1));
#6831=CARTESIAN_POINT('',(-8.038849973586E-1,3.447508672682E0,
-1.367431169049E-1));
#6832=CARTESIAN_POINT('',(-8.115E-1,3.454672535939E0,-4.541555215002E-2));
#6833=CARTESIAN_POINT('',(-8.115E-1,3.458235374937E0,0.E0));
#6835=CURVE_STYLE('',#15,POSITIVE_LENGTH_MEASURE(2.E-2),#5857);
#6836=PRESENTATION_STYLE_ASSIGNMENT((#6835));
#6837=STYLED_ITEM('',(#6836),#6834);
#6838=CARTESIAN_POINT('',(8.115E-1,3.258235374937E0,0.E0));
#6839=CARTESIAN_POINT('',(8.115E-1,3.261551926032E0,-4.227611723806E-2));
#6840=CARTESIAN_POINT('',(8.048828175328E-1,3.268218376234E0,
-1.272574547944E-1));
#6841=CARTESIAN_POINT('',(7.746844774524E-1,3.278335182511E0,
-2.530547400842E-1));
#6842=CARTESIAN_POINT('',(7.244480964765E-1,3.288517858953E0,
-3.731834812096E-1));
#6843=CARTESIAN_POINT('',(6.569083591203E-1,3.298541909958E0,
-4.821217002817E-1));
#6844=CARTESIAN_POINT('',(5.729490142514E-1,3.308598747895E0,
-5.795267264564E-1));
#6845=CARTESIAN_POINT('',(4.734608707084E-1,3.318769204659E0,
-6.632877789539E-1));
#6846=CARTESIAN_POINT('',(3.999757722734E-1,3.325470436788E0,
-7.073671861192E-1));
#6847=CARTESIAN_POINT('',(3.618242052395E-1,3.328814186279E0,
-7.263714576598E-1));
#6849=CURVE_STYLE('',#15,POSITIVE_LENGTH_MEASURE(2.E-2),#5857);
#6850=PRESENTATION_STYLE_ASSIGNMENT((#6849));
#6851=STYLED_ITEM('',(#6850),#6848);
#6852=CARTESIAN_POINT('',(-8.115E-1,3.325896426422E0,0.E0));
#6853=CARTESIAN_POINT('',(-8.115E-1,3.322211315619E0,-4.697415233217E-2));
#6854=CARTESIAN_POINT('',(-8.033606557236E-1,3.314806451983E0,
-1.413767447990E-1));
#6855=CARTESIAN_POINT('',(-7.658948996914E-1,3.303517353316E0,
-2.809033564454E-1));
#6856=CARTESIAN_POINT('',(-7.045337073939E-1,3.292280082801E0,
-4.109533892759E-1));
#6857=CARTESIAN_POINT('',(-6.233407316045E-1,3.281285373731E0,
-5.258329849400E-1));
#6858=CARTESIAN_POINT('',(-5.238372576819E-1,3.270298817817E0,
-6.251187292059E-1));
#6859=CARTESIAN_POINT('',(-4.074204371350E-1,3.259193737388E0,
-7.065992790792E-1));
#6860=CARTESIAN_POINT('',(-2.787682036390E-1,3.248104373753E0,
-7.664386265821E-1));
#6861=CARTESIAN_POINT('',(-1.426606094344E-1,3.237088786638E0,
-8.030613453517E-1));
#6862=CARTESIAN_POINT('',(7.521859767549E-4,3.225837881496E0,
-8.157857047195E-1));
#6863=CARTESIAN_POINT('',(1.438962447745E-1,3.214605275347E0,
-8.027939858260E-1));
#6864=CARTESIAN_POINT('',(2.791379262979E-1,3.203657587477E0,
-7.662964681268E-1));
#6865=CARTESIAN_POINT('',(4.086933189100E-1,3.192488536992E0,
-7.059821468144E-1));
#6866=CARTESIAN_POINT('',(5.268037340105E-1,3.181203597101E0,
-6.228583287227E-1));
#6867=CARTESIAN_POINT('',(6.276660722399E-1,3.169989261328E0,
-5.207966690668E-1));
#6868=CARTESIAN_POINT('',(7.076585430668E-1,3.159017178121E0,
-4.054157459056E-1));
#6869=CARTESIAN_POINT('',(7.672689171849E-1,3.147921073470E0,
-2.765745057623E-1));
#6870=CARTESIAN_POINT('',(8.033266980338E-1,3.136928727615E0,
-1.406188434913E-1));
#6871=CARTESIAN_POINT('',(8.115E-1,3.129573065216E0,-4.686615953213E-2));
#6872=CARTESIAN_POINT('',(8.115E-1,3.125896426422E0,0.E0));
#6874=CURVE_STYLE('',#15,POSITIVE_LENGTH_MEASURE(2.E-2),#5857);
#6875=PRESENTATION_STYLE_ASSIGNMENT((#6874));
#6876=STYLED_ITEM('',(#6875),#6873);
#6877=DIRECTION('',(0.E0,-1.E0,0.E0));
#6878=VECTOR('',#6877,1.323389485154E-1);
#6879=CARTESIAN_POINT('',(-8.115E-1,3.458235374937E0,0.E0));
#6880=LINE('',#6879,#6878);
#6881=CURVE_STYLE('',#15,POSITIVE_LENGTH_MEASURE(2.E-2),#5857);
#6882=PRESENTATION_STYLE_ASSIGNMENT((#6881));
#6883=STYLED_ITEM('',(#6882),#6880);
#6884=CARTESIAN_POINT('',(8.115E-1,3.925896426422E0,0.E0));
#6885=CARTESIAN_POINT('',(8.115E-1,3.929551514873E0,-4.659145704867E-2));
#6886=CARTESIAN_POINT('',(8.034552790303E-1,3.936861809111E0,
-1.397751211774E-1));
#6887=CARTESIAN_POINT('',(7.676069020895E-1,3.947827901030E0,
-2.754225468790E-1));
#6888=CARTESIAN_POINT('',(7.090392907558E-1,3.958793747856E0,
-4.029146075893E-1));
#6889=CARTESIAN_POINT('',(6.294936194922E-1,3.969758725777E0,
-5.184730911091E-1));
#6890=CARTESIAN_POINT('',(5.313175421439E-1,3.980723950611E0,
-6.186908486396E-1));
#6891=CARTESIAN_POINT('',(4.174197180505E-1,3.991688986495E0,
-7.005979453145E-1));
#6892=CARTESIAN_POINT('',(2.911666990654E-1,4.002654242003E0,
-7.617733341717E-1));
#6893=CARTESIAN_POINT('',(1.562989173180E-1,4.013619337813E0,
-8.004047032539E-1));
#6894=CARTESIAN_POINT('',(1.679580499762E-2,4.024585207108E0,
-8.153500328783E-1));
#6895=CARTESIAN_POINT('',(-1.232037161506E-1,4.035551018339E0,
-8.061624245978E-1));
#6896=CARTESIAN_POINT('',(-2.595477390435E-1,4.046516095805E0,
-7.731180197030E-1));
#6897=CARTESIAN_POINT('',(-3.882124618150E-1,4.057481287957E0,
-7.171946452724E-1));
#6898=CARTESIAN_POINT('',(-5.053933978439E-1,4.068446955312E0,
-6.400429076316E-1));
#6899=CARTESIAN_POINT('',(-6.076147360769E-1,4.079412462731E0,
-5.439493977523E-1));
#6900=CARTESIAN_POINT('',(-6.918502375201E-1,4.090377410306E0,
-4.317640021324E-1));
#6901=CARTESIAN_POINT('',(-7.556141030993E-1,4.101342857311E0,
-3.067957001080E-1));
#6902=CARTESIAN_POINT('',(-7.970151208100E-1,4.112307618325E0,
-1.727564706114E-1));
#6903=CARTESIAN_POINT('',(-8.148293577817E-1,4.123273879262E0,
-3.358581211882E-2));
#6904=CARTESIAN_POINT('',(-8.085335554161E-1,4.134234260267E0,
1.065037133226E-1));
#6905=CARTESIAN_POINT('',(-7.783372580910E-1,4.145194192067E0,
2.434385739130E-1));
#6906=CARTESIAN_POINT('',(-7.251220205311E-1,4.156155254953E0,
3.731893310881E-1));
#6907=CARTESIAN_POINT('',(-6.504595097537E-1,4.167116833272E0,
4.919095049479E-1));
#6908=CARTESIAN_POINT('',(-5.565589172159E-1,4.178078531578E0,
5.960828209048E-1));
#6909=CARTESIAN_POINT('',(-4.462009184994E-1,4.189039932001E0,
6.826245541743E-1));
#6910=CARTESIAN_POINT('',(-3.638415534976E-1,4.196346742758E0,
7.268563566801E-1));
#6911=CARTESIAN_POINT('',(-3.210734183457E-1,4.2E0,7.452812288202E-1));
#6913=CURVE_STYLE('',#15,POSITIVE_LENGTH_MEASURE(2.E-2),#5857);
#6914=PRESENTATION_STYLE_ASSIGNMENT((#6913));
#6915=STYLED_ITEM('',(#6914),#6912);
#6916=CARTESIAN_POINT('',(8.115E-1,4.058235374937E0,0.E0));
#6917=CARTESIAN_POINT('',(8.115E-1,4.061591144803E0,-4.277603939078E-2));
#6918=CARTESIAN_POINT('',(8.047455427384E-1,4.068336997962E0,
-1.287741262078E-1));
#6919=CARTESIAN_POINT('',(7.736534591798E-1,4.078614289522E0,
-2.564766873745E-1));
#6920=CARTESIAN_POINT('',(7.223303633770E-1,4.088883378295E0,
-3.773585888567E-1));
#6921=CARTESIAN_POINT('',(6.538214497568E-1,4.098947356462E0,
-4.862945795132E-1));
#6922=CARTESIAN_POINT('',(5.696473113407E-1,4.108957098083E0,
-5.827088910803E-1));
#6923=CARTESIAN_POINT('',(4.699561965920E-1,4.119107691963E0,
-6.658370587366E-1));
#6924=CARTESIAN_POINT('',(3.577998758046E-1,4.129297900279E0,
-7.321818143498E-1));
#6925=CARTESIAN_POINT('',(2.380649431273E-1,4.139361290671E0,
-7.793236614911E-1));
#6926=CARTESIAN_POINT('',(1.120800668674E-1,4.149452181942E0,
-8.072047216548E-1));
#6927=CARTESIAN_POINT('',(-1.799654224413E-2,4.159641207954E0,
-8.147629649615E-1));
#6928=CARTESIAN_POINT('',(-1.465012750052E-1,4.169743533282E0,
-8.015805634842E-1));
#6929=CARTESIAN_POINT('',(-2.700300688421E-1,4.179738177529E0,
-7.688239209477E-1));
#6930=CARTESIAN_POINT('',(-3.881477351742E-1,4.189839494689E0,
-7.165626773710E-1));
#6931=CARTESIAN_POINT('',(-4.607139904456E-1,4.196605663256E0,
-6.694377930066E-1));
#6932=CARTESIAN_POINT('',(-4.949999563872E-1,4.2E0,-6.430453274667E-1));
#6934=CURVE_STYLE('',#15,POSITIVE_LENGTH_MEASURE(2.E-2),#5857);
#6935=PRESENTATION_STYLE_ASSIGNMENT((#6934));
#6936=STYLED_ITEM('',(#6935),#6933);
#6937=CARTESIAN_POINT('',(8.115E-1,3.658235374937E0,0.E0));
#6938=CARTESIAN_POINT('',(8.115E-1,3.661920251659E0,-4.697116850201E-2));
#6939=CARTESIAN_POINT('',(8.033591644014E-1,3.669325105758E0,
-1.413724160376E-1));
#6940=CARTESIAN_POINT('',(7.659052721859E-1,3.680613325754E0,
-2.808937835552E-1));
#6941=CARTESIAN_POINT('',(7.044975583534E-1,3.691855573943E0,
-4.109855089592E-1));
#6942=CARTESIAN_POINT('',(6.234332313685E-1,3.702838631863E0,
-5.257857138285E-1));
#6943=CARTESIAN_POINT('',(5.231919255862E-1,3.713898207068E0,
-6.256449158723E-1));
#6944=CARTESIAN_POINT('',(4.078130851661E-1,3.724899408108E0,
-7.062962418716E-1));
#6945=CARTESIAN_POINT('',(2.794475033190E-1,3.735971504975E0,
-7.661989111861E-1));
#6946=CARTESIAN_POINT('',(1.432949999522E-1,3.746992732317E0,
-8.029588495671E-1));
#6947=CARTESIAN_POINT('',(-4.316534682410E-4,3.758269132086E0,
-8.158079109176E-1));
#6948=CARTESIAN_POINT('',(-1.441679991224E-1,3.769546927981E0,
-8.028088127814E-1));
#6949=CARTESIAN_POINT('',(-2.802071385251E-1,3.780563684385E0,
-7.658869659633E-1));
#6950=CARTESIAN_POINT('',(-4.084965756260E-1,3.791628467662E0,
-7.060148904732E-1));
#6951=CARTESIAN_POINT('',(-5.263276880243E-1,3.802880349644E0,
-6.232491261153E-1));
#6952=CARTESIAN_POINT('',(-6.270972388769E-1,3.814074573904E0,
-5.214562508746E-1));
#6953=CARTESIAN_POINT('',(-7.072397889220E-1,3.825045405920E0,
-4.061984198782E-1));
#6954=CARTESIAN_POINT('',(-7.672761532016E-1,3.836202680740E0,
-2.766869633378E-1));
#6955=CARTESIAN_POINT('',(-8.033882038581E-1,3.847228606024E0,
-1.402960748026E-1));
#6956=CARTESIAN_POINT('',(-8.115E-1,3.854572107375E0,-4.669571627480E-2));
#6957=CARTESIAN_POINT('',(-8.115E-1,3.858235374937E0,0.E0));
#6959=CURVE_STYLE('',#15,POSITIVE_LENGTH_MEASURE(2.E-2),#5857);
#6960=PRESENTATION_STYLE_ASSIGNMENT((#6959));
#6961=STYLED_ITEM('',(#6960),#6958);
#6962=CARTESIAN_POINT('',(3.618242052395E-1,3.596475237763E0,
-7.263714576598E-1));
#6963=CARTESIAN_POINT('',(3.999757722734E-1,3.593131488272E0,
-7.073671861192E-1));
#6964=CARTESIAN_POINT('',(4.734608707084E-1,3.586430256143E0,
-6.632877789539E-1));
#6965=CARTESIAN_POINT('',(5.729490142514E-1,3.576259799379E0,
-5.795267264564E-1));
#6966=CARTESIAN_POINT('',(6.569083591203E-1,3.566202961443E0,
-4.821217002817E-1));
#6967=CARTESIAN_POINT('',(7.244480964765E-1,3.556178910437E0,
-3.731834812096E-1));
#6968=CARTESIAN_POINT('',(7.746844774524E-1,3.545996233995E0,
-2.530547400842E-1));
#6969=CARTESIAN_POINT('',(8.048828175328E-1,3.535879427718E0,
-1.272574547944E-1));
#6970=CARTESIAN_POINT('',(8.115E-1,3.529212977516E0,-4.227611723806E-2));
#6971=CARTESIAN_POINT('',(8.115E-1,3.525896426422E0,0.E0));
#6973=CURVE_STYLE('',#15,POSITIVE_LENGTH_MEASURE(2.E-2),#5857);
#6974=PRESENTATION_STYLE_ASSIGNMENT((#6973));
#6975=STYLED_ITEM('',(#6974),#6972);
#6976=CARTESIAN_POINT('',(-8.115E-1,3.725896426422E0,0.E0));
#6977=CARTESIAN_POINT('',(-8.115E-1,3.722333587423E0,-4.541555215002E-2));
#6978=CARTESIAN_POINT('',(-8.038849973586E-1,3.715169724166E0,
-1.367431169049E-1));
#6979=CARTESIAN_POINT('',(-7.688172414257E-1,3.704245429696E0,
-2.720427982529E-1));
#6980=CARTESIAN_POINT('',(-7.110240606293E-1,3.693334467053E0,
-3.991013029473E-1));
#6981=CARTESIAN_POINT('',(-6.344979946375E-1,3.682671416769E0,
-5.120260460278E-1));
#6982=CARTESIAN_POINT('',(-5.391461055209E-1,3.671887233904E0,
-6.117140224189E-1));
#6983=CARTESIAN_POINT('',(-4.287299670284E-1,3.661146169873E0,
-6.935101232760E-1));
#6984=CARTESIAN_POINT('',(-3.069770061935E-1,3.650472520228E0,
-7.552863989663E-1));
#6985=CARTESIAN_POINT('',(-1.766348761466E-1,3.639797314771E0,
-7.960284408995E-1));
#6986=CARTESIAN_POINT('',(-3.829833042868E-2,3.628887029679E0,
-8.146346016977E-1));
#6987=CARTESIAN_POINT('',(1.017505727290E-1,3.617932309103E0,
-8.090883206900E-1));
#6988=CARTESIAN_POINT('',(2.367501076748E-1,3.607141302212E0,
-7.802217333653E-1));
#6989=CARTESIAN_POINT('',(3.214155631333E-1,3.600016805961E0,
-7.465000360348E-1));
#6990=CARTESIAN_POINT('',(3.618242052395E-1,3.596475237763E0,
-7.263714576598E-1));
#6992=CURVE_STYLE('',#15,POSITIVE_LENGTH_MEASURE(2.E-2),#5857);
#6993=PRESENTATION_STYLE_ASSIGNMENT((#6992));
#6994=STYLED_ITEM('',(#6993),#6991);
#6995=DIRECTION('',(0.E0,-1.E0,0.E0));
#6996=VECTOR('',#6995,1.323389485155E-1);
#6997=CARTESIAN_POINT('',(-8.115E-1,3.858235374937E0,0.E0));
#6998=LINE('',#6997,#6996);
#6999=CURVE_STYLE('',#15,POSITIVE_LENGTH_MEASURE(2.E-2),#5857);
#7000=PRESENTATION_STYLE_ASSIGNMENT((#6999));
#7001=STYLED_ITEM('',(#7000),#6998);
#7002=CARTESIAN_POINT('',(6.477357372185E-1,2.099392997621E0,
-4.888462587870E-1));
#7003=CARTESIAN_POINT('',(6.207702871632E-1,2.102904682198E0,
-5.245762768796E-1));
#7004=CARTESIAN_POINT('',(5.606793261312E-1,2.109960716603E0,
-5.919199076599E-1));
#7005=CARTESIAN_POINT('',(4.533114484125E-1,2.120706529022E0,
-6.777689381579E-1));
#7006=CARTESIAN_POINT('',(3.332933760324E-1,2.131422807075E0,
-7.439944577994E-1));
#7007=CARTESIAN_POINT('',(2.069359287920E-1,2.141895668076E0,
-7.884862490556E-1));
#7008=CARTESIAN_POINT('',(7.365711317762E-2,2.152475969203E0,
-8.119109917646E-1));
#7009=CARTESIAN_POINT('',(-6.107710972129E-2,2.163009274270E0,
-8.129039107403E-1));
#7010=CARTESIAN_POINT('',(-1.935982453896E-1,2.173501194503E0,
-7.918295056574E-1));
#7011=CARTESIAN_POINT('',(-3.206855723628E-1,2.183973042060E0,
-7.495206686571E-1));
#7012=CARTESIAN_POINT('',(-4.416499523053E-1,2.194675936969E0,
-6.854060755722E-1));
#7013=CARTESIAN_POINT('',(-5.505501618639E-1,2.205426230856E0,
-6.014073678424E-1));
#7014=CARTESIAN_POINT('',(-6.428838698972E-1,2.216076013492E0,
-5.012530725822E-1));
#7015=CARTESIAN_POINT('',(-7.159920116469E-1,2.226508373336E0,
-3.896312307116E-1));
#7016=CARTESIAN_POINT('',(-7.705043233322E-1,2.237039150032E0,
-2.664602979751E-1));
#7017=CARTESIAN_POINT('',(-8.041301786891E-1,2.247697924528E0,
-1.343304497254E-1));
#7018=CARTESIAN_POINT('',(-8.115E-1,2.254726713146E0,-4.472495462212E-2));
#7019=CARTESIAN_POINT('',(-8.115E-1,2.258235374937E0,0.E0));
#7021=CURVE_STYLE('',#15,POSITIVE_LENGTH_MEASURE(2.E-2),#5857);
#7022=PRESENTATION_STYLE_ASSIGNMENT((#7021));
#7023=STYLED_ITEM('',(#7022),#7020);
#7024=CARTESIAN_POINT('',(8.115E-1,2.058235374937E0,0.E0));
#7025=CARTESIAN_POINT('',(8.115E-1,2.061628814850E0,-4.325621994430E-2));
#7026=CARTESIAN_POINT('',(8.045956594129E-1,2.068449858107E0,
-1.302138197589E-1));
#7027=CARTESIAN_POINT('',(7.727948854018E-1,2.078843931161E0,
-2.592893295482E-1));
#7028=CARTESIAN_POINT('',(7.203959872586E-1,2.089220458752E0,
-3.812167867409E-1));
#7029=CARTESIAN_POINT('',(6.736643802119E-1,2.096016335428E0,
-4.544900406867E-1));
#7030=CARTESIAN_POINT('',(6.477357372185E-1,2.099392997621E0,
-4.888462587870E-1));
#7032=CURVE_STYLE('',#15,POSITIVE_LENGTH_MEASURE(2.E-2),#5857);
#7033=PRESENTATION_STYLE_ASSIGNMENT((#7032));
#7034=STYLED_ITEM('',(#7033),#7031);
#7035=CARTESIAN_POINT('',(-8.115E-1,2.125896426422E0,0.E0));
#7036=CARTESIAN_POINT('',(-8.115E-1,2.122220176116E0,-4.686120746461E-2));
#7037=CARTESIAN_POINT('',(-8.033279527155E-1,2.114865019497E0,
-1.406073666530E-1));
#7038=CARTESIAN_POINT('',(-7.672760464355E-1,2.103873311662E0,
-2.765562452714E-1));
#7039=CARTESIAN_POINT('',(-7.076590263810E-1,2.092775645561E0,
-4.054163992022E-1));
#7040=CARTESIAN_POINT('',(-6.276655399323E-1,2.081803522814E0,
-5.207974157570E-1));
#7041=CARTESIAN_POINT('',(-5.267973300122E-1,2.070588571479E0,
-6.228643779633E-1));
#7042=CARTESIAN_POINT('',(-4.086883402478E-1,2.059303923945E0,
-7.059835193288E-1));
#7043=CARTESIAN_POINT('',(-2.791558224272E-1,2.048136753641E0,
-7.662898081334E-1));
#7044=CARTESIAN_POINT('',(-1.438854835919E-1,2.037186679905E0,
-8.027988739262E-1));
#7045=CARTESIAN_POINT('',(-6.954514086918E-4,2.025950548226E0,
-8.157874256610E-1));
#7046=CARTESIAN_POINT('',(1.427228794095E-1,2.014699123743E0,
-8.030498257330E-1));
#7047=CARTESIAN_POINT('',(2.788207186436E-1,2.003684124025E0,
-7.664195431997E-1));
#7048=CARTESIAN_POINT('',(4.074636035993E-1,1.992595139084E0,
-7.065722996947E-1));
#7049=CARTESIAN_POINT('',(5.238407225084E-1,1.981493589429E0,
-6.251138731277E-1));
#7050=CARTESIAN_POINT('',(6.233473149403E-1,1.970506728989E0,
-5.258261184897E-1));
#7051=CARTESIAN_POINT('',(7.045410007014E-1,1.959511703177E0,
-4.109417390324E-1));
#7052=CARTESIAN_POINT('',(7.659031667499E-1,1.948273654961E0,
-2.808812377651E-1));
#7053=CARTESIAN_POINT('',(8.033625308252E-1,1.936985219314E0,
-1.413616563115E-1));
#7054=CARTESIAN_POINT('',(8.115E-1,1.929581060783E0,-4.696807913076E-2));
#7055=CARTESIAN_POINT('',(8.115E-1,1.925896426422E0,0.E0));
#7057=CURVE_STYLE('',#15,POSITIVE_LENGTH_MEASURE(2.E-2),#5857);
#7058=PRESENTATION_STYLE_ASSIGNMENT((#7057));
#7059=STYLED_ITEM('',(#7058),#7056);
#7060=DIRECTION('',(0.E0,-1.E0,1.076618962837E-14));
#7061=VECTOR('',#7060,1.323389485154E-1);
#7062=CARTESIAN_POINT('',(-8.115E-1,2.258235374937E0,0.E0));
#7063=LINE('',#7062,#7061);
#7064=CURVE_STYLE('',#15,POSITIVE_LENGTH_MEASURE(2.E-2),#5857);
#7065=PRESENTATION_STYLE_ASSIGNMENT((#7064));
#7066=STYLED_ITEM('',(#7065),#7063);
#7067=CARTESIAN_POINT('',(8.115E-1,2.858235374937E0,0.E0));
#7068=CARTESIAN_POINT('',(8.115E-1,2.861912013731E0,-4.686615953213E-2));
#7069=CARTESIAN_POINT('',(8.033266980338E-1,2.869267676131E0,
-1.406188434913E-1));
#7070=CARTESIAN_POINT('',(7.672689171849E-1,2.880260021986E0,
-2.765745057623E-1));
#7071=CARTESIAN_POINT('',(7.076585430668E-1,2.891356126637E0,
-4.054157459056E-1));
#7072=CARTESIAN_POINT('',(6.276660722399E-1,2.902328209844E0,
-5.207966690668E-1));
#7073=CARTESIAN_POINT('',(5.268037340105E-1,2.913542545617E0,
-6.228583287227E-1));
#7074=CARTESIAN_POINT('',(4.086933189100E-1,2.924827485508E0,
-7.059821468144E-1));
#7075=CARTESIAN_POINT('',(2.791379262979E-1,2.935996535992E0,
-7.662964681268E-1));
#7076=CARTESIAN_POINT('',(1.438962447745E-1,2.946944223863E0,
-8.027939858260E-1));
#7077=CARTESIAN_POINT('',(7.521859767469E-4,2.958176830012E0,
-8.157857047195E-1));
#7078=CARTESIAN_POINT('',(-1.426606094344E-1,2.969427735154E0,
-8.030613453517E-1));
#7079=CARTESIAN_POINT('',(-2.787682036390E-1,2.980443322269E0,
-7.664386265821E-1));
#7080=CARTESIAN_POINT('',(-4.074204371350E-1,2.991532685904E0,
-7.065992790792E-1));
#7081=CARTESIAN_POINT('',(-5.238372576819E-1,3.002637766332E0,
-6.251187292059E-1));
#7082=CARTESIAN_POINT('',(-6.233407316045E-1,3.013624322246E0,
-5.258329849400E-1));
#7083=CARTESIAN_POINT('',(-7.045337073939E-1,3.024619031317E0,
-4.109533892759E-1));
#7084=CARTESIAN_POINT('',(-7.658948996914E-1,3.035856301832E0,
-2.809033564454E-1));
#7085=CARTESIAN_POINT('',(-8.033606557236E-1,3.047145400498E0,
-1.413767447990E-1));
#7086=CARTESIAN_POINT('',(-8.115E-1,3.054550264134E0,-4.697415233217E-2));
#7087=CARTESIAN_POINT('',(-8.115E-1,3.058235374937E0,0.E0));
#7089=CURVE_STYLE('',#15,POSITIVE_LENGTH_MEASURE(2.E-2),#5857);
#7090=PRESENTATION_STYLE_ASSIGNMENT((#7089));
#7091=STYLED_ITEM('',(#7090),#7088);
#7092=CARTESIAN_POINT('',(-8.115E-1,2.925896426422E0,0.E0));
#7093=CARTESIAN_POINT('',(-8.115E-1,2.922213571450E0,-4.694539722190E-2));
#7094=CARTESIAN_POINT('',(-8.033642113428E-1,2.914812540561E0,
-1.412964441907E-1));
#7095=CARTESIAN_POINT('',(-7.659727542351E-1,2.903533433448E0,
-2.807157000604E-1));
#7096=CARTESIAN_POINT('',(-7.045779110125E-1,2.892291559382E0,
-4.108042615696E-1));
#7097=CARTESIAN_POINT('',(-6.238698197074E-1,2.881345586546E0,
-5.252710176613E-1));
#7098=CARTESIAN_POINT('',(-5.227822929252E-1,2.870181035560E0,
-6.262045895369E-1));
#7099=CARTESIAN_POINT('',(-4.044553431773E-1,2.858924095778E0,
-7.083816558342E-1));
#7100=CARTESIAN_POINT('',(-2.750151737292E-1,2.847792970958E0,
-7.677913030817E-1));
#7101=CARTESIAN_POINT('',(-1.391152634941E-1,2.836808788674E0,
-8.036438484076E-1));
#7102=CARTESIAN_POINT('',(2.906433884623E-3,2.825669415684E0,
-8.156154934141E-1));
#7103=CARTESIAN_POINT('',(1.429647084389E-1,2.814678080938E0,
-8.028695854307E-1));
#7104=CARTESIAN_POINT('',(2.785049235592E-1,2.803710530894E0,
-7.665572765744E-1));
#7105=CARTESIAN_POINT('',(4.079279754213E-1,2.792557053172E0,
-7.064043159484E-1));
#7106=CARTESIAN_POINT('',(5.260764420638E-1,2.781277350125E0,
-6.234672987434E-1));
#7107=CARTESIAN_POINT('',(6.270325647130E-1,2.770068079295E0,
-5.215765727070E-1));
#7108=CARTESIAN_POINT('',(7.070478392225E-1,2.759103138909E0,
-4.063418553207E-1));
#7109=CARTESIAN_POINT('',(7.664933503739E-1,2.748105792602E0,
-2.788062560341E-1));
#7110=CARTESIAN_POINT('',(8.033958251729E-1,2.736943684160E0,
-1.408313396899E-1));
#7111=CARTESIAN_POINT('',(8.115E-1,2.729576681025E0,-4.691225030482E-2));
#7112=CARTESIAN_POINT('',(8.115E-1,2.725896426422E0,0.E0));
#7114=CURVE_STYLE('',#15,POSITIVE_LENGTH_MEASURE(2.E-2),#5857);
#7115=PRESENTATION_STYLE_ASSIGNMENT((#7114));
#7116=STYLED_ITEM('',(#7115),#7113);
#7117=DIRECTION('',(0.E0,-1.E0,0.E0));
#7118=VECTOR('',#7117,1.323389485156E-1);
#7119=CARTESIAN_POINT('',(-8.115E-1,3.058235374937E0,0.E0));
#7120=LINE('',#7119,#7118);
#7121=CURVE_STYLE('',#15,POSITIVE_LENGTH_MEASURE(2.E-2),#5857);
#7122=PRESENTATION_STYLE_ASSIGNMENT((#7121));
#7123=STYLED_ITEM('',(#7122),#7120);
#7124=CARTESIAN_POINT('',(8.115E-1,2.458235374937E0,0.E0));
#7125=CARTESIAN_POINT('',(8.115E-1,2.461915629541E0,-4.691225030482E-2));
#7126=CARTESIAN_POINT('',(8.033958251729E-1,2.469282632676E0,
-1.408313396899E-1));
#7127=CARTESIAN_POINT('',(7.664933503739E-1,2.480444741118E0,
-2.788062560340E-1));
#7128=CARTESIAN_POINT('',(7.070478392225E-1,2.491442087424E0,
-4.063418553207E-1));
#7129=CARTESIAN_POINT('',(6.270325647130E-1,2.502407027811E0,
-5.215765727070E-1));
#7130=CARTESIAN_POINT('',(5.260764420638E-1,2.513616298641E0,
-6.234672987434E-1));
#7131=CARTESIAN_POINT('',(4.079279754213E-1,2.524896001688E0,
-7.064043159484E-1));
#7132=CARTESIAN_POINT('',(2.785049235592E-1,2.536049479409E0,
-7.665572765744E-1));
#7133=CARTESIAN_POINT('',(1.429647084389E-1,2.547017029453E0,
-8.028695854307E-1));
#7134=CARTESIAN_POINT('',(2.906433884623E-3,2.558008364200E0,
-8.156154934141E-1));
#7135=CARTESIAN_POINT('',(-1.391152634941E-1,2.569147737190E0,
-8.036438484076E-1));
#7136=CARTESIAN_POINT('',(-2.750151737292E-1,2.580131919473E0,
-7.677913030817E-1));
#7137=CARTESIAN_POINT('',(-4.044553431773E-1,2.591263044293E0,
-7.083816558342E-1));
#7138=CARTESIAN_POINT('',(-5.227822929252E-1,2.602519984076E0,
-6.262045895369E-1));
#7139=CARTESIAN_POINT('',(-6.238698197074E-1,2.613684535061E0,
-5.252710176613E-1));
#7140=CARTESIAN_POINT('',(-7.045779110125E-1,2.624630507898E0,
-4.108042615696E-1));
#7141=CARTESIAN_POINT('',(-7.659727542351E-1,2.635872381964E0,
-2.807157000604E-1));
#7142=CARTESIAN_POINT('',(-8.033642113428E-1,2.647151489077E0,
-1.412964441907E-1));
#7143=CARTESIAN_POINT('',(-8.115E-1,2.654552519966E0,-4.694539722190E-2));
#7144=CARTESIAN_POINT('',(-8.115E-1,2.658235374937E0,0.E0));
#7146=CURVE_STYLE('',#15,POSITIVE_LENGTH_MEASURE(2.E-2),#5857);
#7147=PRESENTATION_STYLE_ASSIGNMENT((#7146));
#7148=STYLED_ITEM('',(#7147),#7145);
#7149=CARTESIAN_POINT('',(6.477357372185E-1,2.367054049105E0,
-4.888462587870E-1));
#7150=CARTESIAN_POINT('',(6.736643802119E-1,2.363677386913E0,
-4.544900406867E-1));
#7151=CARTESIAN_POINT('',(7.203959872586E-1,2.356881510237E0,
-3.812167867409E-1));
#7152=CARTESIAN_POINT('',(7.727948854018E-1,2.346504982645E0,
-2.592893295482E-1));
#7153=CARTESIAN_POINT('',(8.045956594129E-1,2.336110909591E0,
-1.302138197589E-1));
#7154=CARTESIAN_POINT('',(8.115E-1,2.329289866335E0,-4.325621994430E-2));
#7155=CARTESIAN_POINT('',(8.115E-1,2.325896426422E0,0.E0));
#7157=CURVE_STYLE('',#15,POSITIVE_LENGTH_MEASURE(2.E-2),#5857);
#7158=PRESENTATION_STYLE_ASSIGNMENT((#7157));
#7159=STYLED_ITEM('',(#7158),#7156);
#7160=CARTESIAN_POINT('',(-8.115E-1,2.525896426422E0,0.E0));
#7161=CARTESIAN_POINT('',(-8.115E-1,2.522387764631E0,-4.472495462212E-2));
#7162=CARTESIAN_POINT('',(-8.041301786891E-1,2.515358976012E0,
-1.343304497254E-1));
#7163=CARTESIAN_POINT('',(-7.705043233322E-1,2.504700201516E0,
-2.664602979751E-1));
#7164=CARTESIAN_POINT('',(-7.159920116469E-1,2.494169424820E0,
-3.896312307116E-1));
#7165=CARTESIAN_POINT('',(-6.428838698972E-1,2.483737064977E0,
-5.012530725822E-1));
#7166=CARTESIAN_POINT('',(-5.505501618639E-1,2.473087282340E0,
-6.014073678424E-1));
#7167=CARTESIAN_POINT('',(-4.416499523053E-1,2.462336988454E0,
-6.854060755722E-1));
#7168=CARTESIAN_POINT('',(-3.206855723628E-1,2.451634093544E0,
-7.495206686571E-1));
#7169=CARTESIAN_POINT('',(-1.935982453896E-1,2.441162245987E0,
-7.918295056574E-1));
#7170=CARTESIAN_POINT('',(-6.107710972128E-2,2.430670325754E0,
-8.129039107403E-1));
#7171=CARTESIAN_POINT('',(7.365711317761E-2,2.420137020687E0,
-8.119109917646E-1));
#7172=CARTESIAN_POINT('',(2.069359287920E-1,2.409556719561E0,
-7.884862490556E-1));
#7173=CARTESIAN_POINT('',(3.332933760324E-1,2.399083858559E0,
-7.439944577994E-1));
#7174=CARTESIAN_POINT('',(4.533114484125E-1,2.388367580506E0,
-6.777689381579E-1));
#7175=CARTESIAN_POINT('',(5.606793261312E-1,2.377621768088E0,
-5.919199076599E-1));
#7176=CARTESIAN_POINT('',(6.207702871632E-1,2.370565733683E0,
-5.245762768796E-1));
#7177=CARTESIAN_POINT('',(6.477357372185E-1,2.367054049105E0,
-4.888462587870E-1));
#7179=CURVE_STYLE('',#15,POSITIVE_LENGTH_MEASURE(2.E-2),#5857);
#7180=PRESENTATION_STYLE_ASSIGNMENT((#7179));
#7181=STYLED_ITEM('',(#7180),#7178);
#7182=DIRECTION('',(0.E0,-1.E0,0.E0));
#7183=VECTOR('',#7182,1.323389485156E-1);
#7184=CARTESIAN_POINT('',(-8.115E-1,2.658235374937E0,0.E0));
#7185=LINE('',#7184,#7183);
#7186=CURVE_STYLE('',#15,POSITIVE_LENGTH_MEASURE(2.E-2),#5857);
#7187=PRESENTATION_STYLE_ASSIGNMENT((#7186));
#7188=STYLED_ITEM('',(#7187),#7185);
#7189=CARTESIAN_POINT('',(8.115E-1,1.658235374937E0,0.E0));
#7190=CARTESIAN_POINT('',(8.115E-1,1.661920009299E0,-4.696807913076E-2));
#7191=CARTESIAN_POINT('',(8.033625308252E-1,1.669324167830E0,
-1.413616563115E-1));
#7192=CARTESIAN_POINT('',(7.659031667499E-1,1.680612603477E0,
-2.808812377652E-1));
#7193=CARTESIAN_POINT('',(7.045410007014E-1,1.691850651692E0,
-4.109417390324E-1));
#7194=CARTESIAN_POINT('',(6.233473149403E-1,1.702845677504E0,
-5.258261184897E-1));
#7195=CARTESIAN_POINT('',(5.238407225084E-1,1.713832537944E0,
-6.251138731277E-1));
#7196=CARTESIAN_POINT('',(4.074636035993E-1,1.724934087600E0,
-7.065722996947E-1));
#7197=CARTESIAN_POINT('',(2.788207186436E-1,1.736023072541E0,
-7.664195431997E-1));
#7198=CARTESIAN_POINT('',(1.427228794095E-1,1.747038072258E0,
-8.030498257330E-1));
#7199=CARTESIAN_POINT('',(-6.954514086941E-4,1.758289496742E0,
-8.157874256610E-1));
#7200=CARTESIAN_POINT('',(-1.438854835919E-1,1.769525628420E0,
-8.027988739262E-1));
#7201=CARTESIAN_POINT('',(-2.791558224272E-1,1.780475702157E0,
-7.662898081334E-1));
#7202=CARTESIAN_POINT('',(-4.086883402478E-1,1.791642872461E0,
-7.059835193288E-1));
#7203=CARTESIAN_POINT('',(-5.267973300122E-1,1.802927519994E0,
-6.228643779633E-1));
#7204=CARTESIAN_POINT('',(-6.276655399323E-1,1.814142471329E0,
-5.207974157570E-1));
#7205=CARTESIAN_POINT('',(-7.076590263810E-1,1.825114594077E0,
-4.054163992022E-1));
#7206=CARTESIAN_POINT('',(-7.672760464355E-1,1.836212260178E0,
-2.765562452714E-1));
#7207=CARTESIAN_POINT('',(-8.033279527155E-1,1.847203968012E0,
-1.406073666530E-1));
#7208=CARTESIAN_POINT('',(-8.115E-1,1.854559124632E0,-4.686120746461E-2));
#7209=CARTESIAN_POINT('',(-8.115E-1,1.858235374937E0,0.E0));
#7211=CURVE_STYLE('',#15,POSITIVE_LENGTH_MEASURE(2.E-2),#5857);
#7212=PRESENTATION_STYLE_ASSIGNMENT((#7211));
#7213=STYLED_ITEM('',(#7212),#7210);
#7214=CARTESIAN_POINT('',(-8.115E-1,1.725896426422E0,0.E0));
#7215=CARTESIAN_POINT('',(-8.115E-1,1.722245187071E0,-4.654239251368E-2));
#7216=CARTESIAN_POINT('',(-8.034859933186E-1,1.714905165844E0,
-1.401123993972E-1));
#7217=CARTESIAN_POINT('',(-7.668301024317E-1,1.703744106498E0,
-2.781538012928E-1));
#7218=CARTESIAN_POINT('',(-7.062269937771E-1,1.692547219424E0,
-4.079729356770E-1));
#7219=CARTESIAN_POINT('',(-6.257281045413E-1,1.681569322921E0,
-5.230882383878E-1));
#7220=CARTESIAN_POINT('',(-5.250236859230E-1,1.670411717866E0,
-6.242839997888E-1));
#7221=CARTESIAN_POINT('',(-4.080463329213E-1,1.659252823015E0,
-7.061714681505E-1));
#7222=CARTESIAN_POINT('',(-2.809535772885E-1,1.648287411610E0,
-7.655910965412E-1));
#7223=CARTESIAN_POINT('',(-1.445705119847E-1,1.637239441537E0,
-8.027593216383E-1));
#7224=CARTESIAN_POINT('',(-8.981970384964E-4,1.625966652670E0,
-8.157959311536E-1));
#7225=CARTESIAN_POINT('',(1.428544306438E-1,1.614688985912E0,
-8.030540595080E-1));
#7226=CARTESIAN_POINT('',(2.792061504294E-1,1.603652092589E0,
-7.662685146713E-1));
#7227=CARTESIAN_POINT('',(4.070087997984E-1,1.592631672600E0,
-7.067284555292E-1));
#7228=CARTESIAN_POINT('',(5.226594386198E-1,1.581616268612E0,
-6.261473681882E-1));
#7229=CARTESIAN_POINT('',(6.235050132355E-1,1.570493100719E0,
-5.257362448079E-1));
#7230=CARTESIAN_POINT('',(7.044925956910E-1,1.559516397605E0,
-4.109776035607E-1));
#7231=CARTESIAN_POINT('',(7.659238201551E-1,1.548270885481E0,
-2.808538685768E-1));
#7232=CARTESIAN_POINT('',(8.033618170775E-1,1.536983968107E0,
-1.413438945944E-1));
#7233=CARTESIAN_POINT('',(8.115E-1,1.529580362112E0,-4.695917316542E-2));
#7234=CARTESIAN_POINT('',(8.115E-1,1.525896426422E0,0.E0));
#7236=CURVE_STYLE('',#15,POSITIVE_LENGTH_MEASURE(2.E-2),#5857);
#7237=PRESENTATION_STYLE_ASSIGNMENT((#7236));
#7238=STYLED_ITEM('',(#7237),#7235);
#7239=DIRECTION('',(0.E0,-1.E0,0.E0));
#7240=VECTOR('',#7239,1.323389485156E-1);
#7241=CARTESIAN_POINT('',(-8.115E-1,1.858235374937E0,0.E0));
#7242=LINE('',#7241,#7240);
#7243=CURVE_STYLE('',#15,POSITIVE_LENGTH_MEASURE(2.E-2),#5857);
#7244=PRESENTATION_STYLE_ASSIGNMENT((#7243));
#7245=STYLED_ITEM('',(#7244),#7242);
#7246=CARTESIAN_POINT('',(8.115E-1,1.258235374937E0,0.E0));
#7247=CARTESIAN_POINT('',(8.115E-1,1.261919310628E0,-4.695917316542E-2));
#7248=CARTESIAN_POINT('',(8.033618170775E-1,1.269322916622E0,
-1.413438945944E-1));
#7249=CARTESIAN_POINT('',(7.659238201551E-1,1.280609833997E0,
-2.808538685768E-1));
#7250=CARTESIAN_POINT('',(7.044925956910E-1,1.291855346121E0,
-4.109776035607E-1));
#7251=CARTESIAN_POINT('',(6.235050132355E-1,1.302832049235E0,
-5.257362448079E-1));
#7252=CARTESIAN_POINT('',(5.226594386198E-1,1.313955217128E0,
-6.261473681882E-1));
#7253=CARTESIAN_POINT('',(4.070087997984E-1,1.324970621115E0,
-7.067284555292E-1));
#7254=CARTESIAN_POINT('',(2.792061504293E-1,1.335991041105E0,
-7.662685146713E-1));
#7255=CARTESIAN_POINT('',(1.428544306438E-1,1.347027934427E0,
-8.030540595080E-1));
#7256=CARTESIAN_POINT('',(-8.981970384958E-4,1.358305601186E0,
-8.157959311536E-1));
#7257=CARTESIAN_POINT('',(-1.445705119847E-1,1.369578390053E0,
-8.027593216383E-1));
#7258=CARTESIAN_POINT('',(-2.809535772885E-1,1.380626360125E0,
-7.655910965412E-1));
#7259=CARTESIAN_POINT('',(-4.080463329213E-1,1.391591771531E0,
-7.061714681505E-1));
#7260=CARTESIAN_POINT('',(-5.250236859230E-1,1.402750666381E0,
-6.242839997888E-1));
#7261=CARTESIAN_POINT('',(-6.257281045413E-1,1.413908271437E0,
-5.230882383878E-1));
#7262=CARTESIAN_POINT('',(-7.062269937771E-1,1.424886167939E0,
-4.079729356770E-1));
#7263=CARTESIAN_POINT('',(-7.668301024317E-1,1.436083055013E0,
-2.781538012928E-1));
#7264=CARTESIAN_POINT('',(-8.034859933186E-1,1.447244114360E0,
-1.401123993972E-1));
#7265=CARTESIAN_POINT('',(-8.115E-1,1.454584135587E0,-4.654239251368E-2));
#7266=CARTESIAN_POINT('',(-8.115E-1,1.458235374937E0,0.E0));
#7268=CURVE_STYLE('',#15,POSITIVE_LENGTH_MEASURE(2.E-2),#5857);
#7269=PRESENTATION_STYLE_ASSIGNMENT((#7268));
#7270=STYLED_ITEM('',(#7269),#7267);
#7271=CARTESIAN_POINT('',(7.977488116964E-1,1.137632860447E0,
-1.487584734964E-1));
#7272=CARTESIAN_POINT('',(8.007963298664E-1,1.136328658893E0,
-1.324155120393E-1));
#7273=CARTESIAN_POINT('',(8.058862389997E-1,1.133720365918E0,
-9.954360627478E-2));
#7274=CARTESIAN_POINT('',(8.104778274746E-1,1.129808897919E0,
-4.987230435830E-2));
#7275=CARTESIAN_POINT('',(8.115E-1,1.127200618105E0,-1.662454729008E-2));
#7276=CARTESIAN_POINT('',(8.115E-1,1.125896426422E0,0.E0));
#7278=CURVE_STYLE('',#15,POSITIVE_LENGTH_MEASURE(2.E-2),#5857);
#7279=PRESENTATION_STYLE_ASSIGNMENT((#7278));
#7280=STYLED_ITEM('',(#7279),#7277);
#7281=CARTESIAN_POINT('',(-8.115E-1,1.325896426422E0,0.E0));
#7282=CARTESIAN_POINT('',(-8.115E-1,1.322225059099E0,-4.679896401545E-2));
#7283=CARTESIAN_POINT('',(-8.034180301316E-1,1.314847391917E0,
-1.408531800964E-1));
#7284=CARTESIAN_POINT('',(-7.662431508737E-1,1.303601755181E0,
-2.798814314846E-1));
#7285=CARTESIAN_POINT('',(-7.052664925054E-1,1.292399997523E0,
-4.095975885851E-1));
#7286=CARTESIAN_POINT('',(-6.247950014591E-1,1.281460385845E0,
-5.241327389096E-1));
#7287=CARTESIAN_POINT('',(-5.250428418602E-1,1.270423848237E0,
-6.240583928972E-1));
#7288=CARTESIAN_POINT('',(-4.104825260316E-1,1.259475195060E0,
-7.047002965938E-1));
#7289=CARTESIAN_POINT('',(-2.829444960797E-1,1.248452014427E0,
-7.648791872218E-1));
#7290=CARTESIAN_POINT('',(-1.475168306687E-1,1.237474448610E0,
-8.021615566257E-1));
#7291=CARTESIAN_POINT('',(-4.437721702433E-3,1.226242591619E0,
-8.157588025183E-1));
#7292=CARTESIAN_POINT('',(1.388333072786E-1,1.215007526670E0,
-8.037314749123E-1));
#7293=CARTESIAN_POINT('',(2.748454255462E-1,1.204012074240E0,
-7.677851489034E-1));
#7294=CARTESIAN_POINT('',(4.025544720753E-1,1.193035008009E0,
-7.093439484297E-1));
#7295=CARTESIAN_POINT('',(5.204378960979E-1,1.181848162010E0,
-6.281267783992E-1));
#7296=CARTESIAN_POINT('',(6.217946080191E-1,1.170698000405E0,
-5.277222019704E-1));
#7297=CARTESIAN_POINT('',(7.028300397668E-1,1.159767001410E0,
-4.137211218241E-1));
#7298=CARTESIAN_POINT('',(7.641077174306E-1,1.148644258015E0,
-2.852839921586E-1));
#7299=CARTESIAN_POINT('',(7.891744716286E-1,1.141302294728E0,
-1.947401876090E-1));
#7300=CARTESIAN_POINT('',(7.977488116964E-1,1.137632860447E0,
-1.487584734964E-1));
#7302=CURVE_STYLE('',#15,POSITIVE_LENGTH_MEASURE(2.E-2),#5857);
#7303=PRESENTATION_STYLE_ASSIGNMENT((#7302));
#7304=STYLED_ITEM('',(#7303),#7301);
#7305=DIRECTION('',(0.E0,-1.E0,0.E0));
#7306=VECTOR('',#7305,1.323389485156E-1);
#7307=CARTESIAN_POINT('',(-8.115E-1,1.458235374937E0,0.E0));
#7308=LINE('',#7307,#7306);
#7309=CURVE_STYLE('',#15,POSITIVE_LENGTH_MEASURE(2.E-2),#5857);
#7310=PRESENTATION_STYLE_ASSIGNMENT((#7309));
#7311=STYLED_ITEM('',(#7310),#7308);
#7312=CARTESIAN_POINT('',(7.977488116964E-1,8.699718089627E-1,
-1.487584734964E-1));
#7313=CARTESIAN_POINT('',(7.891744716286E-1,8.736412432436E-1,
-1.947401876090E-1));
#7314=CARTESIAN_POINT('',(7.641077174306E-1,8.809832065307E-1,
-2.852839921586E-1));
#7315=CARTESIAN_POINT('',(7.028300397668E-1,8.921059499255E-1,
-4.137211218241E-1));
#7316=CARTESIAN_POINT('',(6.217946080191E-1,9.030369489210E-1,
-5.277222019704E-1));
#7317=CARTESIAN_POINT('',(5.204378960979E-1,9.141871105256E-1,
-6.281267783992E-1));
#7318=CARTESIAN_POINT('',(4.025544720753E-1,9.253739565250E-1,
-7.093439484297E-1));
#7319=CARTESIAN_POINT('',(2.748454255462E-1,9.363510227555E-1,
-7.677851489034E-1));
#7320=CARTESIAN_POINT('',(1.388333072786E-1,9.473464751851E-1,
-8.037314749123E-1));
#7321=CARTESIAN_POINT('',(-4.437721702433E-3,9.585815401344E-1,
-8.157588025183E-1));
#7322=CARTESIAN_POINT('',(-1.475168306687E-1,9.698133971256E-1,
-8.021615566257E-1));
#7323=CARTESIAN_POINT('',(-2.829444960797E-1,9.807909629426E-1,
-7.648791872218E-1));
#7324=CARTESIAN_POINT('',(-4.104825260316E-1,9.918141435750E-1,
-7.047002965938E-1));
#7325=CARTESIAN_POINT('',(-5.250428418602E-1,1.002762796753E0,
-6.240583928972E-1));
#7326=CARTESIAN_POINT('',(-6.247950014591E-1,1.013799334360E0,
-5.241327389096E-1));
#7327=CARTESIAN_POINT('',(-7.052664925054E-1,1.024738946039E0,
-4.095975885851E-1));
#7328=CARTESIAN_POINT('',(-7.662431508737E-1,1.035940703697E0,
-2.798814314846E-1));
#7329=CARTESIAN_POINT('',(-8.034180301316E-1,1.047186340432E0,
-1.408531800964E-1));
#7330=CARTESIAN_POINT('',(-8.115E-1,1.054564007615E0,-4.679896401545E-2));
#7331=CARTESIAN_POINT('',(-8.115E-1,1.058235374937E0,0.E0));
#7333=CURVE_STYLE('',#15,POSITIVE_LENGTH_MEASURE(2.E-2),#5857);
#7334=PRESENTATION_STYLE_ASSIGNMENT((#7333));
#7335=STYLED_ITEM('',(#7334),#7332);
#7336=CARTESIAN_POINT('',(8.115E-1,8.582353749371E-1,0.E0));
#7337=CARTESIAN_POINT('',(8.115E-1,8.595395666206E-1,-1.662454729008E-2));
#7338=CARTESIAN_POINT('',(8.104778274746E-1,8.621478464343E-1,
-4.987230435830E-2));
#7339=CARTESIAN_POINT('',(8.058862389997E-1,8.660593144333E-1,
-9.954360627478E-2));
#7340=CARTESIAN_POINT('',(8.007963298664E-1,8.686676074083E-1,
-1.324155120393E-1));
#7341=CARTESIAN_POINT('',(7.977488116964E-1,8.699718089627E-1,
-1.487584734964E-1));
#7343=CURVE_STYLE('',#15,POSITIVE_LENGTH_MEASURE(2.E-2),#5857);
#7344=PRESENTATION_STYLE_ASSIGNMENT((#7343));
#7345=STYLED_ITEM('',(#7344),#7342);
#7346=CARTESIAN_POINT('',(-8.115E-1,9.258964264219E-1,0.E0));
#7347=CARTESIAN_POINT('',(-8.115E-1,9.222103156436E-1,-4.698689903236E-2));
#7348=CARTESIAN_POINT('',(-8.033542626564E-1,9.148032143394E-1,
-1.414173363006E-1));
#7349=CARTESIAN_POINT('',(-7.658771976079E-1,9.035120961066E-1,
-2.809692361629E-1));
#7350=CARTESIAN_POINT('',(-7.044513695685E-1,8.922679926993E-1,
-4.110843902355E-1));
#7351=CARTESIAN_POINT('',(-6.233478178198E-1,8.812860063308E-1,
-5.258267009046E-1));
#7352=CARTESIAN_POINT('',(-5.234647701732E-1,8.702564917411E-1,
-6.255183832962E-1));
#7353=CARTESIAN_POINT('',(-4.058325724811E-1,8.590483031654E-1,
-7.075763703902E-1));
#7354=CARTESIAN_POINT('',(-2.767151502327E-1,8.479340800546E-1,
-7.671797179527E-1));
#7355=CARTESIAN_POINT('',(-1.406275347070E-1,8.369279854972E-1,
-8.034090753401E-1));
#7356=CARTESIAN_POINT('',(2.198018565539E-3,8.257249298099E-1,
-8.156979594475E-1));
#7357=CARTESIAN_POINT('',(1.435646817979E-1,8.146306983494E-1,
-8.027849592427E-1));
#7358=CARTESIAN_POINT('',(2.786477795454E-1,8.036983771425E-1,
-7.664864416034E-1));
#7359=CARTESIAN_POINT('',(4.083155602805E-1,7.925228958434E-1,
-7.062047061758E-1));
#7360=CARTESIAN_POINT('',(5.264891647649E-1,7.812352921129E-1,
-6.231188239441E-1));
#7361=CARTESIAN_POINT('',(6.274320609838E-1,7.700201914959E-1,
-5.211123598599E-1));
#7362=CARTESIAN_POINT('',(7.075188131511E-1,7.590323992208E-1,
-4.055652225435E-1));
#7363=CARTESIAN_POINT('',(7.667985303452E-1,7.480286492126E-1,
-2.778663368124E-1));
#7364=CARTESIAN_POINT('',(8.033583905058E-1,7.369423735514E-1,
-1.408065581741E-1));
#7365=CARTESIAN_POINT('',(8.115E-1,7.295784710850E-1,-4.693506820603E-2));
#7366=CARTESIAN_POINT('',(8.115E-1,7.258964264224E-1,0.E0));
#7368=CURVE_STYLE('',#15,POSITIVE_LENGTH_MEASURE(2.E-2),#5857);
#7369=PRESENTATION_STYLE_ASSIGNMENT((#7368));
#7370=STYLED_ITEM('',(#7369),#7367);
#7371=DIRECTION('',(0.E0,-1.E0,0.E0));
#7372=VECTOR('',#7371,1.323389485151E-1);
#7373=CARTESIAN_POINT('',(-8.115E-1,1.058235374937E0,0.E0));
#7374=LINE('',#7373,#7372);
#7375=CURVE_STYLE('',#15,POSITIVE_LENGTH_MEASURE(2.E-2),#5857);
#7376=PRESENTATION_STYLE_ASSIGNMENT((#7375));
#7377=STYLED_ITEM('',(#7376),#7374);
#7378=CARTESIAN_POINT('',(8.115E-1,4.582353749379E-1,0.E0));
#7379=CARTESIAN_POINT('',(8.115E-1,4.619174196005E-1,-4.693506820603E-2));
#7380=CARTESIAN_POINT('',(8.033583905058E-1,4.692813220669E-1,
-1.408065581741E-1));
#7381=CARTESIAN_POINT('',(7.667985303452E-1,4.803675977281E-1,
-2.778663368124E-1));
#7382=CARTESIAN_POINT('',(7.075188131511E-1,4.913713477363E-1,
-4.055652225435E-1));
#7383=CARTESIAN_POINT('',(6.274320609838E-1,5.023591400114E-1,
-5.211123598599E-1));
#7384=CARTESIAN_POINT('',(5.264891647649E-1,5.135742406284E-1,
-6.231188239441E-1));
#7385=CARTESIAN_POINT('',(4.083155602804E-1,5.248618443589E-1,
-7.062047061758E-1));
#7386=CARTESIAN_POINT('',(2.786477795454E-1,5.360373256580E-1,
-7.664864416034E-1));
#7387=CARTESIAN_POINT('',(1.435646817979E-1,5.469696468649E-1,
-8.027849592427E-1));
#7388=CARTESIAN_POINT('',(2.198018565544E-3,5.580638783254E-1,
-8.156979594475E-1));
#7389=CARTESIAN_POINT('',(-1.406275347070E-1,5.692669340127E-1,
-8.034090753401E-1));
#7390=CARTESIAN_POINT('',(-2.767151502327E-1,5.802730285701E-1,
-7.671797179527E-1));
#7391=CARTESIAN_POINT('',(-4.058325724811E-1,5.913872516809E-1,
-7.075763703902E-1));
#7392=CARTESIAN_POINT('',(-5.234647701732E-1,6.025954402566E-1,
-6.255183832962E-1));
#7393=CARTESIAN_POINT('',(-6.233478178198E-1,6.136249548463E-1,
-5.258267009046E-1));
#7394=CARTESIAN_POINT('',(-7.044513695685E-1,6.246069412148E-1,
-4.110843902355E-1));
#7395=CARTESIAN_POINT('',(-7.658771976079E-1,6.358510446221E-1,
-2.809692361629E-1));
#7396=CARTESIAN_POINT('',(-8.033542626564E-1,6.471421628549E-1,
-1.414173363006E-1));
#7397=CARTESIAN_POINT('',(-8.115E-1,6.545492641591E-1,-4.698689903237E-2));
#7398=CARTESIAN_POINT('',(-8.115E-1,6.582353749374E-1,0.E0));
#7400=CURVE_STYLE('',#15,POSITIVE_LENGTH_MEASURE(2.E-2),#5857);
#7401=PRESENTATION_STYLE_ASSIGNMENT((#7400));
#7402=STYLED_ITEM('',(#7401),#7399);
#7403=CARTESIAN_POINT('',(-8.115E-1,5.258964264227E-1,0.E0));
#7404=CARTESIAN_POINT('',(-8.115E-1,5.222153855867E-1,-4.692227241616E-2));
#7405=CARTESIAN_POINT('',(-8.033794654794E-1,5.148289975491E-1,
-1.410867243217E-1));
#7406=CARTESIAN_POINT('',(-7.661909330225E-1,5.035958863133E-1,
-2.799431535118E-1));
#7407=CARTESIAN_POINT('',(-7.055541878895E-1,4.924510761467E-1,
-4.090068916761E-1));
#7408=CARTESIAN_POINT('',(-6.254139944320E-1,4.815307149820E-1,
-5.234693502680E-1));
#7409=CARTESIAN_POINT('',(-5.240533232604E-1,4.703080228497E-1,
-6.251876016568E-1));
#7410=CARTESIAN_POINT('',(-4.056789157663E-1,4.590339742084E-1,
-7.076855086729E-1));
#7411=CARTESIAN_POINT('',(-2.762111922102E-1,4.478919249801E-1,
-7.673780785148E-1));
#7412=CARTESIAN_POINT('',(-1.404312949198E-1,4.369136387101E-1,
-8.033598568061E-1));
#7413=CARTESIAN_POINT('',(2.940456728865E-4,4.258734527364E-1,
-8.155891005995E-1));
#7414=CARTESIAN_POINT('',(1.408161113502E-1,4.148486488787E-1,
-8.032834905680E-1));
#7415=CARTESIAN_POINT('',(2.765898694543E-1,4.038695538715E-1,
-7.672452160374E-1));
#7416=CARTESIAN_POINT('',(4.060450024291E-1,3.927259940454E-1,
-7.074761046883E-1));
#7417=CARTESIAN_POINT('',(5.243786933251E-1,3.814515957355E-1,
-6.249132971563E-1));
#7418=CARTESIAN_POINT('',(6.256755536848E-1,3.702304647682E-1,
-5.231585311238E-1));
#7419=CARTESIAN_POINT('',(7.057479050734E-1,3.593105030035E-1,
-4.086563547859E-1));
#7420=CARTESIAN_POINT('',(7.662320246791E-1,3.481849500476E-1,
-2.797938936501E-1));
#7421=CARTESIAN_POINT('',(8.033835967797E-1,3.369603157739E-1,
-1.410418736431E-1));
#7422=CARTESIAN_POINT('',(8.115E-1,3.295769759223E-1,-4.691600934217E-2));
#7423=CARTESIAN_POINT('',(8.115E-1,3.258964264229E-1,0.E0));
#7425=CURVE_STYLE('',#15,POSITIVE_LENGTH_MEASURE(2.E-2),#5857);
#7426=PRESENTATION_STYLE_ASSIGNMENT((#7425));
#7427=STYLED_ITEM('',(#7426),#7424);
#7428=DIRECTION('',(0.E0,-1.E0,1.048654833938E-14));
#7429=VECTOR('',#7428,1.323389485147E-1);
#7430=CARTESIAN_POINT('',(-8.115E-1,6.582353749374E-1,0.E0));
#7431=LINE('',#7430,#7429);
#7432=CURVE_STYLE('',#15,POSITIVE_LENGTH_MEASURE(2.E-2),#5857);
#7433=PRESENTATION_STYLE_ASSIGNMENT((#7432));
#7434=STYLED_ITEM('',(#7433),#7431);
#7435=DIRECTION('',(3.861354940746E-1,5.E-1,-7.751769992820E-1));
#7436=VECTOR('',#7435,2.176610514845E-1);
#7437=CARTESIAN_POINT('',(3.618242052395E-1,3.328814186279E0,
-7.263714576598E-1));
#7438=LINE('',#7437,#7436);
#7439=CURVE_STYLE('',#15,POSITIVE_LENGTH_MEASURE(2.E-2),#5857);
#7440=PRESENTATION_STYLE_ASSIGNMENT((#7439));
#7441=STYLED_ITEM('',(#7440),#7438);
#7442=DIRECTION('',(0.E0,1.E0,0.E0));
#7443=VECTOR('',#7442,5.E-2);
#7444=CARTESIAN_POINT('',(4.458708628952E-1,3.437644712021E0,
-8.950972984101E-1));
#7445=LINE('',#7444,#7443);
#7446=CURVE_STYLE('',#15,POSITIVE_LENGTH_MEASURE(2.E-2),#5857);
#7447=PRESENTATION_STYLE_ASSIGNMENT((#7446));
#7448=STYLED_ITEM('',(#7447),#7445);
#7449=CARTESIAN_POINT('',(4.458708628952E-1,3.437644712021E0,
-8.950972984101E-1));
#7450=CARTESIAN_POINT('',(4.955428544719E-1,3.434111892514E0,
-8.703544086870E-1));
#7451=CARTESIAN_POINT('',(5.907573770995E-1,3.427046253498E0,
-8.125804763543E-1));
#7452=CARTESIAN_POINT('',(7.172443035738E-1,3.416447794975E0,
-7.034500510063E-1));
#7453=CARTESIAN_POINT('',(8.238980463292E-1,3.405849336453E0,
-5.748681131373E-1));
#7454=CARTESIAN_POINT('',(9.077696481295E-1,3.395250877930E0,
-4.303900724155E-1));
#7455=CARTESIAN_POINT('',(9.665398627687E-1,3.384652419407E0,
-2.740110193044E-1));
#7456=CARTESIAN_POINT('',(9.985836081627E-1,3.374053960884E0,
-1.100550936212E-1));
#7457=CARTESIAN_POINT('',(1.003014816359E0,3.363455502361E0,5.694404231181E-2));
#7458=CARTESIAN_POINT('',(9.797109579414E-1,3.352857043838E0,
2.223685786632E-1));
#7459=CARTESIAN_POINT('',(9.293164239823E-1,3.342258585315E0,
3.816442453079E-1));
#7460=CARTESIAN_POINT('',(8.532247091928E-1,3.331660126792E0,
5.303667990082E-1));
#7461=CARTESIAN_POINT('',(7.535398789772E-1,3.321061668269E0,
6.644238080144E-1));
#7462=CARTESIAN_POINT('',(6.330183885627E-1,3.310463209746E0,
7.801083678614E-1));
#7463=CARTESIAN_POINT('',(4.949928622889E-1,3.299864751223E0,
8.742216035702E-1));
#7464=CARTESIAN_POINT('',(3.432799408808E-1,3.289266292700E0,
9.441611239903E-1));
#7465=CARTESIAN_POINT('',(1.820747448352E-1,3.278667834178E0,
9.879929823430E-1));
#7466=CARTESIAN_POINT('',(1.583487219852E-2,3.268069375655E0,1.004505153142E0));
#7467=CARTESIAN_POINT('',(-1.508428616059E-1,3.257470917132E0,
9.932410467597E-1));
#7468=CARTESIAN_POINT('',(-3.133495335480E-1,3.246872458609E0,
9.545121349103E-1));
#7469=CARTESIAN_POINT('',(-4.671915575577E-1,3.236274000086E0,
8.893893379238E-1));
#7470=CARTESIAN_POINT('',(-6.081149398277E-1,3.225675541563E0,
7.996734119778E-1));
#7471=CARTESIAN_POINT('',(-7.322229089824E-1,3.215077083040E0,
6.878451551237E-1));
#7472=CARTESIAN_POINT('',(-8.360836684396E-1,3.204478624517E0,
5.569968089984E-1));
#7473=CARTESIAN_POINT('',(-9.168252914262E-1,3.193880165994E0,
4.107465530798E-1));
#7474=CARTESIAN_POINT('',(-9.722151346422E-1,3.183281707471E0,
2.531384558664E-1));
#7475=CARTESIAN_POINT('',(-1.000721574648E0,3.172683248948E0,
8.853064949932E-2));
#7476=CARTESIAN_POINT('',(-1.001556359857E0,3.162084790425E0,
-7.852518000807E-2));
#7477=CARTESIAN_POINT('',(-9.746964070395E-1,3.151486331903E0,
-2.434096546361E-1));
#7478=CARTESIAN_POINT('',(-9.208844396061E-1,3.140887873380E0,
-4.015634380234E-1));
#7479=CARTESIAN_POINT('',(-8.416084500461E-1,3.130289414857E0,
-5.486133088769E-1));
#7480=CARTESIAN_POINT('',(-7.390605544008E-1,3.119690956334E0,
-6.804930879844E-1));
#7481=CARTESIAN_POINT('',(-6.160763765242E-1,3.109092497811E0,
-7.935560749907E-1));
#7482=CARTESIAN_POINT('',(-4.760566382572E-1,3.098494039288E0,
-8.846758858684E-1));
#7483=CARTESIAN_POINT('',(-3.228731236805E-1,3.087895580765E0,
-9.513329027583E-1));
#7484=CARTESIAN_POINT('',(-1.607616176948E-1,3.077297122242E0,
-9.916839456913E-1));
#7485=CARTESIAN_POINT('',(5.795220641067E-3,3.066698663719E0,
-1.004613239652E0));
#7486=CARTESIAN_POINT('',(1.721918112625E-1,3.056100205196E0,
-9.897632676554E-1));
#7487=CARTESIAN_POINT('',(3.338270052273E-1,3.045501746673E0,
-9.475446567032E-1));
#7488=CARTESIAN_POINT('',(4.862313143144E-1,3.034903288151E0,
-8.791248232452E-1));
#7489=CARTESIAN_POINT('',(6.251904999812E-1,3.024304829628E0,
-7.863956921290E-1));
#7490=CARTESIAN_POINT('',(7.468621042315E-1,3.013706371105E0,
-6.719213816576E-1));
#7491=CARTESIAN_POINT('',(8.478817001193E-1,3.003107912582E0,
-5.388673013541E-1));
#7492=CARTESIAN_POINT('',(9.254559238800E-1,2.992509454059E0,
-3.909126230007E-1));
#7493=CARTESIAN_POINT('',(9.774397161931E-1,2.981910995536E0,
-2.321485452769E-1));
#7494=CARTESIAN_POINT('',(1.002395636723E0,2.971312537013E0,
-6.696516515276E-2));
#7495=CARTESIAN_POINT('',(9.996336117922E-1,2.960714078490E0,
1.000699157645E-1));
#7496=CARTESIAN_POINT('',(9.692300160902E-1,2.950115619967E0,
2.643378931889E-1));
#7497=CARTESIAN_POINT('',(9.120255607863E-1,2.939517161444E0,
4.212964779561E-1));
#7498=CARTESIAN_POINT('',(8.296020464332E-1,2.928918702921E0,
5.666054980493E-1));
#7499=CARTESIAN_POINT('',(7.242386234899E-1,2.918320244398E0,
6.962469117427E-1));
#7500=CARTESIAN_POINT('',(5.988487699324E-1,2.907721785876E0,
8.066359132943E-1));
#7501=CARTESIAN_POINT('',(4.568997286287E-1,2.897123327353E0,
8.947200589262E-1));
#7502=CARTESIAN_POINT('',(3.023166321720E-1,2.886524868830E0,
9.580636720897E-1));
#7503=CARTESIAN_POINT('',(1.393739662843E-1,2.875926410307E0,
9.949151940683E-1));
#7504=CARTESIAN_POINT('',(-2.742262698964E-2,2.865327951784E0,
1.004255617557E0));
#7505=CARTESIAN_POINT('',(-1.934609379532E-1,2.854729493261E0,
9.858266639486E-1));
#7506=CARTESIAN_POINT('',(-3.541497247064E-1,2.844131034738E0,
9.401379251770E-1));
#7507=CARTESIAN_POINT('',(-5.050456687985E-1,2.833532576215E0,
8.684527726328E-1));
#7508=CARTESIAN_POINT('',(-6.419762405463E-1,2.822934117692E0,
7.727534227940E-1));
#7509=CARTESIAN_POINT('',(-7.611550765811E-1,2.812335659169E0,
6.556861255666E-1));
#7510=CARTESIAN_POINT('',(-8.592866792409E-1,2.801737200646E0,
5.204879909709E-1));
#7511=CARTESIAN_POINT('',(-9.336575426893E-1,2.791138742123E0,
3.708974775395E-1));
#7512=CARTESIAN_POINT('',(-9.822111859707E-1,2.780540283601E0,
2.110510175760E-1));
#7513=CARTESIAN_POINT('',(-1.003605018209E0,2.769941825078E0,
4.536863776176E-2));
#7514=CARTESIAN_POINT('',(-9.972474635287E-1,2.759343366555E0,
-1.215682621053E-1));
#7515=CARTESIAN_POINT('',(-9.633143191388E-1,2.748744908032E0,
-2.851435926126E-1));
#7516=CARTESIAN_POINT('',(-9.027438942363E-1,2.738146449509E0,
-4.408342174616E-1));
#7517=CARTESIAN_POINT('',(-8.172110641623E-1,2.727547990986E0,
-5.843350258854E-1));
#7518=CARTESIAN_POINT('',(-7.090809572478E-1,2.716949532463E0,
-7.116779762886E-1));
#7519=CARTESIAN_POINT('',(-5.813435549895E-1,2.706351073940E0,
-8.193418193513E-1));
#7520=CARTESIAN_POINT('',(-4.375310139724E-1,2.695752615417E0,
-9.043494665659E-1));
#7521=CARTESIAN_POINT('',(-2.816199957288E-1,2.685154156894E0,
-9.643503118014E-1));
#7522=CARTESIAN_POINT('',(-1.179217052780E-1,2.674555698371E0,
-9.976852295640E-1));
#7523=CARTESIAN_POINT('',(4.903732102978E-2,2.663957239848E0,
-1.003432452640E0));
#7524=CARTESIAN_POINT('',(2.146403819482E-1,2.653358781325E0,
-9.814330605308E-1));
#7525=CARTESIAN_POINT('',(3.743082709817E-1,2.642760322803E0,
-9.322953738706E-1));
#7526=CARTESIAN_POINT('',(5.236258992393E-1,2.632161864280E0,
-8.573781333295E-1));
#7527=CARTESIAN_POINT('',(6.584643801567E-1,2.621563405757E0,
-7.587529281200E-1));
#7528=CARTESIAN_POINT('',(7.750952002377E-1,2.610964947234E0,
-6.391469130288E-1));
#7529=CARTESIAN_POINT('',(8.702933187980E-1,2.600366488711E0,
-5.018673979462E-1));
#7530=CARTESIAN_POINT('',(9.414263458296E-1,2.589768030188E0,
-3.507103951178E-1));
#7531=CARTESIAN_POINT('',(9.865273320646E-1,2.579169571665E0,
-1.898556529453E-1));
#7532=CARTESIAN_POINT('',(1.004349158470E0,2.568571113142E0,
-2.375107882918E-2));
#7533=CARTESIAN_POINT('',(9.943990212137E-1,2.557972654619E0,
1.430102530416E-1));
#7534=CARTESIAN_POINT('',(9.569520585250E-1,2.547374196096E0,
3.058171080083E-1));
#7535=CARTESIAN_POINT('',(8.930437426585E-1,2.536775737573E0,
4.601675994291E-1));
#7536=CARTESIAN_POINT('',(8.044412473216E-1,2.526177279051E0,
6.017936735074E-1));
#7537=CARTESIAN_POINT('',(6.935945823144E-1,2.515578820528E0,
7.267791282432E-1));
#7538=CARTESIAN_POINT('',(5.635688465884E-1,2.504980362005E0,
8.316679030844E-1));
#7539=CARTESIAN_POINT('',(4.179594730441E-1,2.494381903482E0,
9.135596448828E-1));
#7540=CARTESIAN_POINT('',(2.607928086912E-1,2.483783444959E0,
9.701899075958E-1));
#7541=CARTESIAN_POINT('',(9.641477930127E-2,2.473184986436E0,
9.999927680729E-1));
#7542=CARTESIAN_POINT('',(-7.062928283709E-2,2.462586527913E0,
1.002144126497E0));
#7543=CARTESIAN_POINT('',(-2.357203250920E-1,2.451988069390E0,
9.765844941449E-1));
#7544=CARTESIAN_POINT('',(-3.942932991553E-1,2.441389610867E0,
9.240206383556E-1));
#7545=CARTESIAN_POINT('',(-5.419633923986E-1,2.430791152344E0,
8.459060392062E-1));
#7546=CARTESIAN_POINT('',(-6.746472754050E-1,2.420192693821E0,
7.444006983167E-1));
#7547=CARTESIAN_POINT('',(-7.886760129776E-1,2.409594235298E0,
6.223114111275E-1));
#7548=CARTESIAN_POINT('',(-8.808965164424E-1,2.398995776776E0,
4.830141542290E-1));
#7549=CARTESIAN_POINT('',(-9.487587319165E-1,2.388397318253E0,
3.303607338621E-1));
#7550=CARTESIAN_POINT('',(-9.903861536389E-1,2.377798859730E0,
1.685722769206E-1));
#7551=CARTESIAN_POINT('',(-1.004627712548E0,2.367200401207E0,
2.122509607492E-3));
#7552=CARTESIAN_POINT('',(-9.910896052996E-1,2.356601942684E0,
-1.643859487089E-1));
#7553=CARTESIAN_POINT('',(-9.501461836022E-1,2.346003484161E0,
-3.263488557539E-1));
#7554=CARTESIAN_POINT('',(-8.829296027525E-1,2.335405025638E0,
-4.792876614823E-1));
#7555=CARTESIAN_POINT('',(-7.912985156152E-1,2.324806567115E0,
-6.189733476093E-1));
#7556=CARTESIAN_POINT('',(-6.777866777092E-1,2.314208108592E0,
-7.415433671656E-1));
#7557=CARTESIAN_POINT('',(-5.455328845496E-1,2.303609650069E0,
-8.436084504881E-1));
#7558=CARTESIAN_POINT('',(-3.981941786302E-1,2.293011191546E0,
-9.223463243230E-1));
#7559=CARTESIAN_POINT('',(-2.398447258945E-1,2.282412733023E0,
-9.755797523786E-1));
#7560=CARTESIAN_POINT('',(-7.486315841211E-2,2.271814274501E0,
-1.001836740011E0));
#7561=CARTESIAN_POINT('',(9.218850336757E-2,2.261215815978E0,
-1.000391235901E0));
#7562=CARTESIAN_POINT('',(2.566909940766E-1,2.250617357455E0,
-9.712832141343E-1));
#7563=CARTESIAN_POINT('',(4.140955495363E-1,2.240018898932E0,
-9.153175482319E-1));
#7564=CARTESIAN_POINT('',(5.600496297651E-1,2.229420440409E0,
-8.340418319664E-1));
#7565=CARTESIAN_POINT('',(6.905174908137E-1,2.218821981886E0,
-7.297032986291E-1));
#7566=CARTESIAN_POINT('',(7.647664777590E-1,2.211756342871E0,
-6.466929347342E-1));
#7567=CARTESIAN_POINT('',(7.981956096346E-1,2.208223523363E0,
-6.023983472421E-1));
#7569=CURVE_STYLE('',#15,POSITIVE_LENGTH_MEASURE(2.E-2),#5857);
#7570=PRESENTATION_STYLE_ASSIGNMENT((#7569));
#7571=STYLED_ITEM('',(#7570),#7568);
#7572=CARTESIAN_POINT('',(-9.438546479834E-1,4.3885E0,3.303610199164E-1));
#7573=CARTESIAN_POINT('',(-9.621297301040E-1,4.384978313748E0,
2.781483793144E-1));
#7574=CARTESIAN_POINT('',(-9.899947437232E-1,4.377934941245E0,
1.706840443249E-1));
#7575=CARTESIAN_POINT('',(-1.004589309524E0,4.367369882489E0,
4.796857719594E-3));
#7576=CARTESIAN_POINT('',(-9.915796182937E-1,4.356804823734E0,
-1.612219734416E-1));
#7577=CARTESIAN_POINT('',(-9.513232243138E-1,4.346239764979E0,
-3.228107759656E-1));
#7578=CARTESIAN_POINT('',(-8.849262770727E-1,4.335674706223E0,
-4.755293418182E-1));
#7579=CARTESIAN_POINT('',(-7.942132433633E-1,4.325109647468E0,
-6.151812707912E-1));
#7580=CARTESIAN_POINT('',(-6.816767430682E-1,4.314544588713E0,
-7.379291900305E-1));
#7581=CARTESIAN_POINT('',(-5.504090651148E-1,4.303979529957E0,
-8.404002217239E-1));
#7582=CARTESIAN_POINT('',(-4.040171950186E-1,4.293414471202E0,
-9.197786569261E-1));
#7583=CARTESIAN_POINT('',(-2.465237023982E-1,4.282849412447E0,
-9.738833275966E-1));
#7584=CARTESIAN_POINT('',(-8.225620826731E-2,4.272284353691E0,
-1.001227540479E0));
#7585=CARTESIAN_POINT('',(8.427152969973E-2,4.261719294936E0,
-1.001059928723E0));
#7586=CARTESIAN_POINT('',(2.484836466382E-1,4.251154236181E0,
-9.733850979785E-1));
#7587=CARTESIAN_POINT('',(4.058679065353E-1,4.240589177426E0,
-9.189634998507E-1));
#7588=CARTESIAN_POINT('',(5.520996898773E-1,4.230024118670E0,
-8.392905361379E-1));
#7589=CARTESIAN_POINT('',(6.831608259511E-1,4.219459059915E0,
-7.365554680396E-1));
#7590=CARTESIAN_POINT('',(7.954500045183E-1,4.208894001160E0,
-6.135812594311E-1));
#7591=CARTESIAN_POINT('',(8.858817329560E-1,4.198328942404E0,
-4.737470071969E-1));
#7592=CARTESIAN_POINT('',(9.519711197147E-1,4.187763883649E0,
-3.208950900875E-1));
#7593=CARTESIAN_POINT('',(9.919021544016E-1,4.177198824894E0,
-1.592255874750E-1));
#7594=CARTESIAN_POINT('',(1.004577608285E0,4.166633766138E0,6.819130824013E-3));
#7595=CARTESIAN_POINT('',(9.896491840502E-1,4.156068707383E0,
1.726764724041E-1));
#7596=CARTESIAN_POINT('',(9.475270863436E-1,4.145503648628E0,
3.337889936150E-1));
#7597=CARTESIAN_POINT('',(8.793687501325E-1,4.134938589872E0,
4.857296294274E-1));
#7598=CARTESIAN_POINT('',(7.870470365976E-1,4.124373531117E0,
6.243233407427E-1));
#7599=CARTESIAN_POINT('',(6.730987704772E-1,4.113808472362E0,
7.457618365103E-1));
#7600=CARTESIAN_POINT('',(5.406550329579E-1,4.103243413606E0,
8.467082183081E-1));
#7601=CARTESIAN_POINT('',(3.933551255311E-1,4.092678354851E0,
9.243886719512E-1));
#7602=CARTESIAN_POINT('',(2.352465689238E-1,4.082113296096E0,
9.766686866194E-1));
#7603=CARTESIAN_POINT('',(7.067388494308E-2,4.071548237340E0,1.002111707147E0));
#7604=CARTESIAN_POINT('',(-9.584078270321E-2,4.060983178585E0,
1.000018607819E0));
#7605=CARTESIAN_POINT('',(-2.597219282973E-1,4.050418119830E0,
9.704469030167E-1));
#7606=CARTESIAN_POINT('',(-4.164664102885E-1,4.039853061074E0,
9.142091668293E-1));
#7607=CARTESIAN_POINT('',(-5.617671890402E-1,4.029288002319E0,
8.328507050673E-1));
#7608=CARTESIAN_POINT('',(-6.916316760716E-1,4.018722943564E0,
7.286070932043E-1));
#7609=CARTESIAN_POINT('',(-8.024914427789E-1,4.008157884808E0,
6.043427470235E-1));
#7610=CARTESIAN_POINT('',(-8.913002740533E-1,3.997592826053E0,
4.634722139307E-1));
#7611=CARTESIAN_POINT('',(-9.556178724660E-1,3.987027767298E0,
3.098663476998E-1));
#7612=CARTESIAN_POINT('',(-9.936769129914E-1,3.976462708542E0,
1.477459447875E-1));
#7613=CARTESIAN_POINT('',(-1.004431605730E0,3.965897649787E0,
-1.843423510849E-2));
#7614=CARTESIAN_POINT('',(-9.875864322218E-1,3.955332591032E0,
-1.841078773562E-1));
#7615=CARTESIAN_POINT('',(-9.436042657310E-1,3.944767532277E0,
-3.447225860131E-1));
#7616=CARTESIAN_POINT('',(-8.736936523699E-1,3.934202473521E0,
-4.958649749899E-1));
#7617=CARTESIAN_POINT('',(-7.797756025558E-1,3.923637414766E0,
-6.333819394899E-1));
#7618=CARTESIAN_POINT('',(-6.644308053055E-1,3.913072356011E0,
-7.534947754128E-1));
#7619=CARTESIAN_POINT('',(-5.308287158195E-1,3.902507297255E0,
-8.529030109424E-1));
#7620=CARTESIAN_POINT('',(-3.826404648936E-1,3.891942238500E0,
-9.288750972220E-1));
#7621=CARTESIAN_POINT('',(-2.239379832412E-1,3.881377179745E0,
-9.793234661107E-1));
#7622=CARTESIAN_POINT('',(-5.908211259771E-2,3.870812120989E0,
-1.002861892578E0));
#7623=CARTESIAN_POINT('',(1.073972218993E-1,3.860247062234E0,
-9.988435855236E-1));
#7624=CARTESIAN_POINT('',(2.709254854197E-1,3.849682003479E0,
-9.673789603683E-1));
#7625=CARTESIAN_POINT('',(4.270092329395E-1,3.839116944723E0,
-9.093326050449E-1));
#7626=CARTESIAN_POINT('',(5.713595805463E-1,3.828551885968E0,
-8.262995227707E-1));
#7627=CARTESIAN_POINT('',(7.000100557957E-1,3.817986827213E0,
-7.205613043997E-1));
#7628=CARTESIAN_POINT('',(8.094255888139E-1,3.807421768457E0,
-5.950234346532E-1));
#7629=CARTESIAN_POINT('',(8.965996492815E-1,3.796856709702E0,
-4.531354549377E-1));
#7630=CARTESIAN_POINT('',(9.591368601559E-1,3.786291650947E0,
-2.987961765209E-1));
#7631=CARTESIAN_POINT('',(9.953188180678E-1,3.775726592191E0,
-1.362465486289E-1));
#7632=CARTESIAN_POINT('',(1.004151311771E0,3.765161533436E0,3.004687475618E-2));
#7633=CARTESIAN_POINT('',(9.853916411705E-1,3.754596474681E0,
1.955146672874E-1));
#7634=CARTESIAN_POINT('',(9.395552862629E-1,3.744031415925E0,
3.556100893797E-1));
#7635=CARTESIAN_POINT('',(8.679017427242E-1,3.733466357170E0,
5.059340239494E-1));
#7636=CARTESIAN_POINT('',(7.723999133710E-1,3.722901298415E0,
6.423558557666E-1));
#7637=CARTESIAN_POINT('',(6.556740064636E-1,3.712336239659E0,
7.611269728903E-1));
#7638=CARTESIAN_POINT('',(5.209314274637E-1,3.701771180904E0,
8.589837713798E-1));
#7639=CARTESIAN_POINT('',(3.718746456454E-1,3.691206122149E0,
9.332373329113E-1));
#7640=CARTESIAN_POINT('',(2.125994572956E-1,3.680641063394E0,
9.818473111288E-1));
#7641=CARTESIAN_POINT('',(4.748244103836E-2,3.670076004638E0,1.003477996473E0));
#7642=CARTESIAN_POINT('',(-1.189393022050E-1,3.659510945883E0,
9.975350189363E-1));
#7643=CARTESIAN_POINT('',(-2.820928201022E-1,3.648945887128E0,
9.641816802139E-1));
#7644=CARTESIAN_POINT('',(-4.374949649247E-1,3.638380828372E0,
9.043344664883E-1));
#7645=CARTESIAN_POINT('',(-5.808755819035E-1,3.627815769617E0,
8.196378651341E-1));
#7646=CARTESIAN_POINT('',(-7.082948449433E-1,3.617250710862E0,
7.124191773387E-1));
#7647=CARTESIAN_POINT('',(-8.162515155357E-1,3.606685652106E0,
5.856245683020E-1));
#7648=CARTESIAN_POINT('',(-9.017791501202E-1,3.596120593351E0,
4.427381122309E-1));
#7649=CARTESIAN_POINT('',(-9.625276122997E-1,3.585555534596E0,
2.876860566206E-1));
#7650=CARTESIAN_POINT('',(-9.968276501100E-1,3.574990475840E0,
1.247289364559E-1));
#7651=CARTESIAN_POINT('',(-1.003736763882E0,3.564425417085E0,
-4.165549717014E-2));
#7652=CARTESIAN_POINT('',(-9.830651043373E-1,3.553860358330E0,
-2.068953171222E-1));
#7653=CARTESIAN_POINT('',(-9.353806892841E-1,3.543295299574E0,
-3.664500480682E-1));
#7654=CARTESIAN_POINT('',(-8.619937955645E-1,3.532730240819E0,
-5.159354300838E-1));
#7655=CARTESIAN_POINT('',(-7.649209551743E-1,3.522165182064E0,
-6.512438897751E-1));
#7656=CARTESIAN_POINT('',(-6.468295446899E-1,3.511600123308E0,
-7.686574085088E-1));
#7657=CARTESIAN_POINT('',(-5.109644912812E-1,3.501035064553E0,
-8.649496866961E-1));
#7658=CARTESIAN_POINT('',(-3.610591066636E-1,3.490470005798E0,
-9.374747955434E-1));
#7659=CARTESIAN_POINT('',(-2.012325089043E-1,3.479904947042E0,
-9.842398851694E-1));
#7660=CARTESIAN_POINT('',(-3.587641415269E-2,3.469339888287E0,
-1.003959932987E0));
#7661=CARTESIAN_POINT('',(1.304654544239E-1,3.458774829532E0,
-9.960930959787E-1));
#7662=CARTESIAN_POINT('',(2.932225364411E-1,3.448209770777E0,
-9.608554416299E-1));
#7663=CARTESIAN_POINT('',(3.963554066271E-1,3.441166398273E0,
-9.197622138915E-1));
#7664=CARTESIAN_POINT('',(4.458708628952E-1,3.437644712021E0,
-8.950972984101E-1));
#7666=CURVE_STYLE('',#15,POSITIVE_LENGTH_MEASURE(2.E-2),#5857);
#7667=PRESENTATION_STYLE_ASSIGNMENT((#7666));
#7668=STYLED_ITEM('',(#7667),#7665);
#7669=CARTESIAN_POINT('',(0.E0,4.3885E0,0.E0));
#7670=DIRECTION('',(0.E0,-1.E0,0.E0));
#7671=DIRECTION('',(-1.E0,0.E0,0.E0));
#7672=AXIS2_PLACEMENT_3D('',#7669,#7670,#7671);
#7674=CURVE_STYLE('',#15,POSITIVE_LENGTH_MEASURE(2.E-2),#5857);
#7675=PRESENTATION_STYLE_ASSIGNMENT((#7674));
#7676=STYLED_ITEM('',(#7675),#7673);
#7677=CARTESIAN_POINT('',(0.E0,4.5E0,0.E0));
#7678=DIRECTION('',(0.E0,-1.E0,0.E0));
#7679=DIRECTION('',(-1.E0,0.E0,0.E0));
#7680=AXIS2_PLACEMENT_3D('',#7677,#7678,#7679);
#7682=CURVE_STYLE('',#15,POSITIVE_LENGTH_MEASURE(2.E-2),#5857);
#7683=PRESENTATION_STYLE_ASSIGNMENT((#7682));
#7684=STYLED_ITEM('',(#7683),#7681);
#7685=CARTESIAN_POINT('',(-9.010065394661E-1,4.3885E0,-4.338055046208E-1));
#7686=CARTESIAN_POINT('',(-8.752750019142E-1,4.386291168336E0,
-4.821577078951E-1));
#7687=CARTESIAN_POINT('',(-8.157305469167E-1,4.381852851948E0,
-5.747190937684E-1));
#7688=CARTESIAN_POINT('',(-7.053297741045E-1,4.375179784440E0,
-6.965386562903E-1));
#7689=CARTESIAN_POINT('',(-5.740626299948E-1,4.368352025239E0,
-7.998994981763E-1));
#7690=CARTESIAN_POINT('',(-4.282941628972E-1,4.361531348900E0,
-8.787983432787E-1));
#7691=CARTESIAN_POINT('',(-2.748460468961E-1,4.354813864147E0,
-9.309879418450E-1));
#7692=CARTESIAN_POINT('',(-1.173800633736E-1,4.348154284770E0,
-9.569174784271E-1));
#7693=CARTESIAN_POINT('',(4.427700989381E-2,4.341361867976E0,
-9.564146490640E-1));
#7694=CARTESIAN_POINT('',(2.030353034883E-1,4.334540055119E0,
-9.285241656385E-1));
#7695=CARTESIAN_POINT('',(3.514074410677E-1,4.327829116561E0,
-8.758496724701E-1));
#7696=CARTESIAN_POINT('',(4.904104149089E-1,4.320999054378E0,
-7.984452184013E-1));
#7697=CARTESIAN_POINT('',(6.138830474109E-1,4.314134116091E0,
-6.986646890491E-1));
#7698=CARTESIAN_POINT('',(7.164343508102E-1,4.307372030528E0,
-5.821665678539E-1));
#7699=CARTESIAN_POINT('',(7.978412688496E-1,4.300597945698E0,
-4.510189406182E-1));
#7700=CARTESIAN_POINT('',(8.568789796529E-1,4.293653203394E0,
-3.054463020226E-1));
#7701=CARTESIAN_POINT('',(8.896483647436E-1,4.286679432971E0,
-1.523770699993E-1));
#7702=CARTESIAN_POINT('',(8.935969044274E-1,4.282096904427E0,
-5.039075314151E-2));
#7703=CARTESIAN_POINT('',(8.913151361056E-1,4.279815136106E0,0.E0));
#7705=CURVE_STYLE('',#15,POSITIVE_LENGTH_MEASURE(2.E-2),#5857);
#7706=PRESENTATION_STYLE_ASSIGNMENT((#7705));
#7707=STYLED_ITEM('',(#7706),#7704);
#7708=CARTESIAN_POINT('',(-9.010065394661E-1,4.3885E0,-4.338055046208E-1));
#7709=CARTESIAN_POINT('',(-8.769335632192E-1,4.384967234165E0,
-4.838046604448E-1));
#7710=CARTESIAN_POINT('',(-8.204449829373E-1,4.377901702494E0,
-5.797853532216E-1));
#7711=CARTESIAN_POINT('',(-7.130258143787E-1,4.367303404989E0,
-7.077254199066E-1));
#7712=CARTESIAN_POINT('',(-5.858909427028E-1,4.356705107483E0,
-8.160961084277E-1));
#7713=CARTESIAN_POINT('',(-4.425556598707E-1,4.346106809977E0,
-9.019010772249E-1));
#7714=CARTESIAN_POINT('',(-2.869833362691E-1,4.335508512472E0,
-9.627676907797E-1));
#7715=CARTESIAN_POINT('',(-1.234756740572E-1,4.324910214966E0,
-9.970129491253E-1));
#7716=CARTESIAN_POINT('',(4.344619680349E-2,4.314311917461E0,
-1.003689937410E0));
#7717=CARTESIAN_POINT('',(2.091667429004E-1,4.303713619955E0,
-9.826140321794E-1));
#7718=CARTESIAN_POINT('',(3.691036478541E-1,4.293115322449E0,
-9.343680001397E-1));
#7719=CARTESIAN_POINT('',(5.188345181285E-1,4.282517024944E0,
-8.602858858251E-1));
#7720=CARTESIAN_POINT('',(6.542191658168E-1,4.271918727438E0,
-7.624161236672E-1));
#7721=CARTESIAN_POINT('',(7.715140884705E-1,4.261320429932E0,
-6.434648971325E-1));
#7722=CARTESIAN_POINT('',(8.674759801608E-1,4.250722132427E0,
-5.067213103809E-1));
#7723=CARTESIAN_POINT('',(9.394514116929E-1,4.240123834921E0,
-3.559664417025E-1));
#7724=CARTESIAN_POINT('',(9.854502002140E-1,4.229525537415E0,
-1.953687934350E-1));
#7725=CARTESIAN_POINT('',(1.004200439489E0,4.218927239910E0,
-2.936902927371E-2));
#7726=CARTESIAN_POINT('',(9.951836692054E-1,4.208328942404E0,
1.374428139153E-1));
#7727=CARTESIAN_POINT('',(9.586492108505E-1,4.197730644899E0,
3.004542445795E-1));
#7728=CARTESIAN_POINT('',(8.956072737553E-1,4.187132347393E0,
4.551578558552E-1));
#7729=CARTESIAN_POINT('',(8.078010219347E-1,4.176534049887E0,
5.972759592611E-1));
#7730=CARTESIAN_POINT('',(6.976583740968E-1,4.165935752382E0,
7.228788664795E-1));
#7731=CARTESIAN_POINT('',(5.682248695929E-1,4.155337454876E0,
8.284935486328E-1));
#7732=CARTESIAN_POINT('',(4.230794566247E-1,4.144739157370E0,
9.111996685317E-1));
#7733=CARTESIAN_POINT('',(2.662355312339E-1,4.134140859865E0,
9.687103305213E-1));
#7734=CARTESIAN_POINT('',(1.020299634361E-1,4.123542562359E0,
9.994353151211E-1));
#7735=CARTESIAN_POINT('',(-6.499682098203E-2,4.112944264854E0,
1.002525049967E0));
#7736=CARTESIAN_POINT('',(-2.302263871571E-1,4.102345967348E0,
9.778941012229E-1));
#7737=CARTESIAN_POINT('',(-3.890899948628E-1,4.091747669842E0,
9.262235358960E-1));
#7738=CARTESIAN_POINT('',(-5.371949281231E-1,4.081149372337E0,
8.489420897499E-1));
#7739=CARTESIAN_POINT('',(-6.704459576035E-1,4.070551074831E0,
7.481866615245E-1));
#7740=CARTESIAN_POINT('',(-7.851585772396E-1,4.059952777325E0,
6.267432258407E-1));
#7741=CARTESIAN_POINT('',(-8.781608840122E-1,4.049354479820E0,
4.879697985952E-1));
#7742=CARTESIAN_POINT('',(-9.468812838056E-1,4.038756182314E0,
3.357035849209E-1));
#7743=CARTESIAN_POINT('',(-9.894195982064E-1,4.028157884808E0,
1.741548771501E-1));
#7744=CARTESIAN_POINT('',(-1.004599606078E0,4.017559587303E0,
7.790636594971E-3));
#7745=CARTESIAN_POINT('',(-9.920015670898E-1,4.006961289797E0,
-1.587890217914E-1));
#7746=CARTESIAN_POINT('',(-9.519738279025E-1,3.996362992292E0,
-3.209780265668E-1));
#7747=CARTESIAN_POINT('',(-8.856231900795E-1,3.985764694786E0,
-4.742917116538E-1));
#7748=CARTESIAN_POINT('',(-7.947843060688E-1,3.975166397280E0,
-6.144908212307E-1));
#7749=CARTESIAN_POINT('',(-6.819689494780E-1,3.964568099775E0,
-7.376987288168E-1));
#7750=CARTESIAN_POINT('',(-5.502965623641E-1,3.953969802269E0,
-8.405086293431E-1));
#7751=CARTESIAN_POINT('',(-4.034079999668E-1,3.943371504763E0,
-9.200777402550E-1));
#7752=CARTESIAN_POINT('',(-2.453648579154E-1,3.932773207258E0,
-9.742059069058E-1));
#7753=CARTESIAN_POINT('',(-8.053716560174E-2,3.922174909752E0,
-1.001396438733E0));
#7754=CARTESIAN_POINT('',(8.651744890701E-2,3.911576612246E0,
-1.000897494045E0));
#7755=CARTESIAN_POINT('',(2.511797812216E-1,3.900978314741E0,
-9.727228690925E-1));
#7756=CARTESIAN_POINT('',(4.088967756218E-1,3.890380017235E0,
-9.176516165932E-1));
#7757=CARTESIAN_POINT('',(5.553074209800E-1,3.879781719730E0,
-8.372065042477E-1));
#7758=CARTESIAN_POINT('',(6.863633364856E-1,3.869183422224E0,
-7.336119088990E-1));
#7759=CARTESIAN_POINT('',(7.984407128717E-1,3.858585124718E0,
-6.097323105913E-1));
#7760=CARTESIAN_POINT('',(8.884405138712E-1,3.847986827213E0,
-4.689930872222E-1));
#7761=CARTESIAN_POINT('',(9.538741672467E-1,3.837388529707E0,
-3.152857998855E-1));
#7762=CARTESIAN_POINT('',(9.929323759621E-1,3.826790232201E0,
-1.528605878450E-1));
#7763=CARTESIAN_POINT('',(1.004535146809E0,3.816191934696E0,1.379135148715E-2));
#7764=CARTESIAN_POINT('',(9.883616531507E-1,3.805593637190E0,
1.800619480380E-1));
#7765=CARTESIAN_POINT('',(9.448591060578E-1,3.794995339685E0,
3.413536761920E-1));
#7766=CARTESIAN_POINT('',(8.752303885336E-1,3.784397042179E0,
4.932066803454E-1));
#7767=CARTESIAN_POINT('',(7.814007947616E-1,3.773798744673E0,
6.314220937661E-1));
#7768=CARTESIAN_POINT('',(6.659647940575E-1,3.763200447168E0,
7.521781408855E-1));
#7769=CARTESIAN_POINT('',(5.321142915518E-1,3.752602149662E0,
8.521358126944E-1));
#7770=CARTESIAN_POINT('',(3.835503692560E-1,3.742003852156E0,
9.285311932260E-1));
#7771=CARTESIAN_POINT('',(2.243809479478E-1,3.731405554651E0,
9.792518842198E-1));
#7772=CARTESIAN_POINT('',(5.900719961348E-2,3.720807257145E0,1.002895414759E0));
#7773=CARTESIAN_POINT('',(-1.079981487593E-1,3.710208959639E0,
9.988080208001E-1));
#7774=CARTESIAN_POINT('',(-2.720172550324E-1,3.699610662134E0,
9.671027223179E-1));
#7775=CARTESIAN_POINT('',(-4.285148492413E-1,3.689012364628E0,
9.086561982014E-1));
#7776=CARTESIAN_POINT('',(-5.731636377269E-1,3.678414067123E0,
8.250845453271E-1));
#7777=CARTESIAN_POINT('',(-7.019639565431E-1,3.667815769617E0,
7.186985920846E-1));
#7778=CARTESIAN_POINT('',(-8.113543656198E-1,3.657217472111E0,
5.924400019747E-1));
#7779=CARTESIAN_POINT('',(-8.983101256568E-1,3.646619174606E0,
4.497999340735E-1));
#7780=CARTESIAN_POINT('',(-9.604268347787E-1,3.636020877100E0,
2.947225094678E-1));
#7781=CARTESIAN_POINT('',(-9.959869123232E-1,3.625422579594E0,
1.314957529004E-1));
#7782=CARTESIAN_POINT('',(-1.004007091430E0,3.614824282089E0,
-3.536697481790E-2));
#7783=CARTESIAN_POINT('',(-9.842656072196E-1,3.604225984583E0,
-2.012517751331E-1));
#7784=CARTESIAN_POINT('',(-9.373083287833E-1,3.593627687078E0,
-3.615717900295E-1));
#7785=CARTESIAN_POINT('',(-8.644336654253E-1,3.583029389572E0,
-5.118940326117E-1));
#7786=CARTESIAN_POINT('',(-7.676566645551E-1,3.572431092066E0,
-6.480619630371E-1));
#7787=CARTESIAN_POINT('',(-6.496532937664E-1,3.561832794561E0,
-7.663104203736E-1));
#7788=CARTESIAN_POINT('',(-5.136864484668E-1,3.551234497055E0,
-8.633697327732E-1));
#7789=CARTESIAN_POINT('',(-3.635157283418E-1,3.540636199549E0,
-9.365561258961E-1));
#7790=CARTESIAN_POINT('',(-2.032934873697E-1,3.530037902044E0,
-9.838459346748E-1));
#7791=CARTESIAN_POINT('',(-3.744999453156E-2,3.519439604538E0,
-1.003931547886E0));
#7792=CARTESIAN_POINT('',(1.294289806832E-1,3.508841307032E0,
-9.962576077058E-1));
#7793=CARTESIAN_POINT('',(2.927292907270E-1,3.498243009527E0,
-9.610362054511E-1));
#7794=CARTESIAN_POINT('',(3.961996259612E-1,3.491177477856E0,
-9.198398122264E-1));
#7795=CARTESIAN_POINT('',(4.458708628952E-1,3.487644712021E0,
-8.950972984101E-1));
#7797=CURVE_STYLE('',#15,POSITIVE_LENGTH_MEASURE(2.E-2),#5857);
#7798=PRESENTATION_STYLE_ASSIGNMENT((#7797));
#7799=STYLED_ITEM('',(#7798),#7796);
#7800=CARTESIAN_POINT('',(4.458708628952E-1,3.487644712021E0,
-8.950972984101E-1));
#7801=CARTESIAN_POINT('',(4.955428544719E-1,3.484111892514E0,
-8.703544086870E-1));
#7802=CARTESIAN_POINT('',(5.907573770995E-1,3.477046253498E0,
-8.125804763543E-1));
#7803=CARTESIAN_POINT('',(7.172443035738E-1,3.466447794975E0,
-7.034500510063E-1));
#7804=CARTESIAN_POINT('',(8.238980463292E-1,3.455849336453E0,
-5.748681131373E-1));
#7805=CARTESIAN_POINT('',(9.077696481295E-1,3.445250877930E0,
-4.303900724155E-1));
#7806=CARTESIAN_POINT('',(9.665398627687E-1,3.434652419407E0,
-2.740110193044E-1));
#7807=CARTESIAN_POINT('',(9.985836081627E-1,3.424053960884E0,
-1.100550936212E-1));
#7808=CARTESIAN_POINT('',(1.003014816359E0,3.413455502361E0,5.694404231181E-2));
#7809=CARTESIAN_POINT('',(9.797109579414E-1,3.402857043838E0,
2.223685786632E-1));
#7810=CARTESIAN_POINT('',(9.293164239823E-1,3.392258585315E0,
3.816442453079E-1));
#7811=CARTESIAN_POINT('',(8.532247091928E-1,3.381660126792E0,
5.303667990082E-1));
#7812=CARTESIAN_POINT('',(7.535398789772E-1,3.371061668269E0,
6.644238080144E-1));
#7813=CARTESIAN_POINT('',(6.330183885627E-1,3.360463209746E0,
7.801083678614E-1));
#7814=CARTESIAN_POINT('',(4.949928622889E-1,3.349864751223E0,
8.742216035702E-1));
#7815=CARTESIAN_POINT('',(3.432799408808E-1,3.339266292700E0,
9.441611239903E-1));
#7816=CARTESIAN_POINT('',(1.820747448352E-1,3.328667834178E0,
9.879929823430E-1));
#7817=CARTESIAN_POINT('',(1.583487219852E-2,3.318069375655E0,1.004505153142E0));
#7818=CARTESIAN_POINT('',(-1.508428616059E-1,3.307470917132E0,
9.932410467597E-1));
#7819=CARTESIAN_POINT('',(-3.133495335480E-1,3.296872458609E0,
9.545121349103E-1));
#7820=CARTESIAN_POINT('',(-4.671915575577E-1,3.286274000086E0,
8.893893379238E-1));
#7821=CARTESIAN_POINT('',(-6.081149398277E-1,3.275675541563E0,
7.996734119778E-1));
#7822=CARTESIAN_POINT('',(-7.322229089824E-1,3.265077083040E0,
6.878451551237E-1));
#7823=CARTESIAN_POINT('',(-8.360836684396E-1,3.254478624517E0,
5.569968089984E-1));
#7824=CARTESIAN_POINT('',(-9.168252914262E-1,3.243880165994E0,
4.107465530798E-1));
#7825=CARTESIAN_POINT('',(-9.722151346422E-1,3.233281707471E0,
2.531384558664E-1));
#7826=CARTESIAN_POINT('',(-1.000721574648E0,3.222683248948E0,
8.853064949932E-2));
#7827=CARTESIAN_POINT('',(-1.001556359857E0,3.212084790425E0,
-7.852518000807E-2));
#7828=CARTESIAN_POINT('',(-9.746964070395E-1,3.201486331903E0,
-2.434096546361E-1));
#7829=CARTESIAN_POINT('',(-9.208844396061E-1,3.190887873380E0,
-4.015634380234E-1));
#7830=CARTESIAN_POINT('',(-8.416084500461E-1,3.180289414857E0,
-5.486133088769E-1));
#7831=CARTESIAN_POINT('',(-7.390605544008E-1,3.169690956334E0,
-6.804930879844E-1));
#7832=CARTESIAN_POINT('',(-6.160763765242E-1,3.159092497811E0,
-7.935560749907E-1));
#7833=CARTESIAN_POINT('',(-4.760566382572E-1,3.148494039288E0,
-8.846758858684E-1));
#7834=CARTESIAN_POINT('',(-3.228731236805E-1,3.137895580765E0,
-9.513329027583E-1));
#7835=CARTESIAN_POINT('',(-1.607616176948E-1,3.127297122242E0,
-9.916839456913E-1));
#7836=CARTESIAN_POINT('',(5.795220641067E-3,3.116698663719E0,
-1.004613239652E0));
#7837=CARTESIAN_POINT('',(1.721918112625E-1,3.106100205196E0,
-9.897632676554E-1));
#7838=CARTESIAN_POINT('',(3.338270052273E-1,3.095501746673E0,
-9.475446567032E-1));
#7839=CARTESIAN_POINT('',(4.862313143144E-1,3.084903288151E0,
-8.791248232452E-1));
#7840=CARTESIAN_POINT('',(6.251904999812E-1,3.074304829628E0,
-7.863956921290E-1));
#7841=CARTESIAN_POINT('',(7.468621042315E-1,3.063706371105E0,
-6.719213816576E-1));
#7842=CARTESIAN_POINT('',(8.478817001193E-1,3.053107912582E0,
-5.388673013541E-1));
#7843=CARTESIAN_POINT('',(9.254559238800E-1,3.042509454059E0,
-3.909126230007E-1));
#7844=CARTESIAN_POINT('',(9.774397161931E-1,3.031910995536E0,
-2.321485452769E-1));
#7845=CARTESIAN_POINT('',(1.002395636723E0,3.021312537013E0,
-6.696516515276E-2));
#7846=CARTESIAN_POINT('',(9.996336117922E-1,3.010714078490E0,
1.000699157645E-1));
#7847=CARTESIAN_POINT('',(9.692300160902E-1,3.000115619967E0,
2.643378931889E-1));
#7848=CARTESIAN_POINT('',(9.120255607863E-1,2.989517161444E0,
4.212964779561E-1));
#7849=CARTESIAN_POINT('',(8.296020464332E-1,2.978918702921E0,
5.666054980493E-1));
#7850=CARTESIAN_POINT('',(7.242386234899E-1,2.968320244398E0,
6.962469117427E-1));
#7851=CARTESIAN_POINT('',(5.988487699324E-1,2.957721785876E0,
8.066359132943E-1));
#7852=CARTESIAN_POINT('',(4.568997286287E-1,2.947123327353E0,
8.947200589262E-1));
#7853=CARTESIAN_POINT('',(3.023166321720E-1,2.936524868830E0,
9.580636720897E-1));
#7854=CARTESIAN_POINT('',(1.393739662843E-1,2.925926410307E0,
9.949151940683E-1));
#7855=CARTESIAN_POINT('',(-2.742262698964E-2,2.915327951784E0,
1.004255617557E0));
#7856=CARTESIAN_POINT('',(-1.934609379532E-1,2.904729493261E0,
9.858266639486E-1));
#7857=CARTESIAN_POINT('',(-3.541497247064E-1,2.894131034738E0,
9.401379251770E-1));
#7858=CARTESIAN_POINT('',(-5.050456687985E-1,2.883532576215E0,
8.684527726328E-1));
#7859=CARTESIAN_POINT('',(-6.419762405463E-1,2.872934117692E0,
7.727534227940E-1));
#7860=CARTESIAN_POINT('',(-7.611550765811E-1,2.862335659169E0,
6.556861255666E-1));
#7861=CARTESIAN_POINT('',(-8.592866792409E-1,2.851737200646E0,
5.204879909709E-1));
#7862=CARTESIAN_POINT('',(-9.336575426893E-1,2.841138742123E0,
3.708974775395E-1));
#7863=CARTESIAN_POINT('',(-9.822111859707E-1,2.830540283601E0,
2.110510175760E-1));
#7864=CARTESIAN_POINT('',(-1.003605018209E0,2.819941825078E0,
4.536863776176E-2));
#7865=CARTESIAN_POINT('',(-9.972474635287E-1,2.809343366555E0,
-1.215682621053E-1));
#7866=CARTESIAN_POINT('',(-9.633143191388E-1,2.798744908032E0,
-2.851435926126E-1));
#7867=CARTESIAN_POINT('',(-9.027438942363E-1,2.788146449509E0,
-4.408342174616E-1));
#7868=CARTESIAN_POINT('',(-8.172110641623E-1,2.777547990986E0,
-5.843350258854E-1));
#7869=CARTESIAN_POINT('',(-7.090809572478E-1,2.766949532463E0,
-7.116779762886E-1));
#7870=CARTESIAN_POINT('',(-5.813435549895E-1,2.756351073940E0,
-8.193418193513E-1));
#7871=CARTESIAN_POINT('',(-4.375310139724E-1,2.745752615417E0,
-9.043494665659E-1));
#7872=CARTESIAN_POINT('',(-2.816199957288E-1,2.735154156894E0,
-9.643503118014E-1));
#7873=CARTESIAN_POINT('',(-1.179217052780E-1,2.724555698371E0,
-9.976852295640E-1));
#7874=CARTESIAN_POINT('',(4.903732102978E-2,2.713957239848E0,
-1.003432452640E0));
#7875=CARTESIAN_POINT('',(2.146403819482E-1,2.703358781325E0,
-9.814330605308E-1));
#7876=CARTESIAN_POINT('',(3.743082709817E-1,2.692760322803E0,
-9.322953738706E-1));
#7877=CARTESIAN_POINT('',(5.236258992393E-1,2.682161864280E0,
-8.573781333295E-1));
#7878=CARTESIAN_POINT('',(6.584643801567E-1,2.671563405757E0,
-7.587529281200E-1));
#7879=CARTESIAN_POINT('',(7.750952002377E-1,2.660964947234E0,
-6.391469130288E-1));
#7880=CARTESIAN_POINT('',(8.702933187980E-1,2.650366488711E0,
-5.018673979462E-1));
#7881=CARTESIAN_POINT('',(9.414263458296E-1,2.639768030188E0,
-3.507103951178E-1));
#7882=CARTESIAN_POINT('',(9.865273320646E-1,2.629169571665E0,
-1.898556529453E-1));
#7883=CARTESIAN_POINT('',(1.004349158470E0,2.618571113142E0,
-2.375107882918E-2));
#7884=CARTESIAN_POINT('',(9.943990212137E-1,2.607972654619E0,
1.430102530416E-1));
#7885=CARTESIAN_POINT('',(9.569520585250E-1,2.597374196096E0,
3.058171080083E-1));
#7886=CARTESIAN_POINT('',(8.930437426585E-1,2.586775737573E0,
4.601675994291E-1));
#7887=CARTESIAN_POINT('',(8.044412473216E-1,2.576177279051E0,
6.017936735074E-1));
#7888=CARTESIAN_POINT('',(6.935945823144E-1,2.565578820528E0,
7.267791282432E-1));
#7889=CARTESIAN_POINT('',(5.635688465884E-1,2.554980362005E0,
8.316679030844E-1));
#7890=CARTESIAN_POINT('',(4.179594730441E-1,2.544381903482E0,
9.135596448828E-1));
#7891=CARTESIAN_POINT('',(2.607928086912E-1,2.533783444959E0,
9.701899075958E-1));
#7892=CARTESIAN_POINT('',(9.641477930127E-2,2.523184986436E0,
9.999927680729E-1));
#7893=CARTESIAN_POINT('',(-7.062928283709E-2,2.512586527913E0,
1.002144126497E0));
#7894=CARTESIAN_POINT('',(-2.357203250920E-1,2.501988069390E0,
9.765844941449E-1));
#7895=CARTESIAN_POINT('',(-3.942932991553E-1,2.491389610867E0,
9.240206383556E-1));
#7896=CARTESIAN_POINT('',(-5.419633923986E-1,2.480791152344E0,
8.459060392062E-1));
#7897=CARTESIAN_POINT('',(-6.746472754050E-1,2.470192693821E0,
7.444006983167E-1));
#7898=CARTESIAN_POINT('',(-7.886760129776E-1,2.459594235298E0,
6.223114111275E-1));
#7899=CARTESIAN_POINT('',(-8.808965164424E-1,2.448995776776E0,
4.830141542290E-1));
#7900=CARTESIAN_POINT('',(-9.487587319165E-1,2.438397318253E0,
3.303607338621E-1));
#7901=CARTESIAN_POINT('',(-9.903861536389E-1,2.427798859730E0,
1.685722769206E-1));
#7902=CARTESIAN_POINT('',(-1.004627712548E0,2.417200401207E0,
2.122509607492E-3));
#7903=CARTESIAN_POINT('',(-9.910896052996E-1,2.406601942684E0,
-1.643859487089E-1));
#7904=CARTESIAN_POINT('',(-9.501461836022E-1,2.396003484161E0,
-3.263488557539E-1));
#7905=CARTESIAN_POINT('',(-8.829296027525E-1,2.385405025638E0,
-4.792876614823E-1));
#7906=CARTESIAN_POINT('',(-7.912985156152E-1,2.374806567115E0,
-6.189733476093E-1));
#7907=CARTESIAN_POINT('',(-6.777866777092E-1,2.364208108592E0,
-7.415433671656E-1));
#7908=CARTESIAN_POINT('',(-5.455328845496E-1,2.353609650069E0,
-8.436084504881E-1));
#7909=CARTESIAN_POINT('',(-3.981941786302E-1,2.343011191546E0,
-9.223463243230E-1));
#7910=CARTESIAN_POINT('',(-2.398447258945E-1,2.332412733023E0,
-9.755797523786E-1));
#7911=CARTESIAN_POINT('',(-7.486315841211E-2,2.321814274501E0,
-1.001836740011E0));
#7912=CARTESIAN_POINT('',(9.218850336757E-2,2.311215815978E0,
-1.000391235901E0));
#7913=CARTESIAN_POINT('',(2.566909940766E-1,2.300617357455E0,
-9.712832141343E-1));
#7914=CARTESIAN_POINT('',(4.140955495363E-1,2.290018898932E0,
-9.153175482319E-1));
#7915=CARTESIAN_POINT('',(5.600496297651E-1,2.279420440409E0,
-8.340418319664E-1));
#7916=CARTESIAN_POINT('',(6.905174908137E-1,2.268821981886E0,
-7.297032986291E-1));
#7917=CARTESIAN_POINT('',(7.647664777590E-1,2.261756342871E0,
-6.466929347342E-1));
#7918=CARTESIAN_POINT('',(7.981956096346E-1,2.258223523363E0,
-6.023983472421E-1));
#7920=CURVE_STYLE('',#15,POSITIVE_LENGTH_MEASURE(2.E-2),#5857);
#7921=PRESENTATION_STYLE_ASSIGNMENT((#7920));
#7922=STYLED_ITEM('',(#7921),#7919);
#7923=DIRECTION('',(-3.861354940746E-1,5.E-1,7.751769992820E-1));
#7924=VECTOR('',#7923,2.176610514845E-1);
#7925=CARTESIAN_POINT('',(4.458708628952E-1,3.487644712021E0,
-8.950972984101E-1));
#7926=LINE('',#7925,#7924);
#7927=CURVE_STYLE('',#15,POSITIVE_LENGTH_MEASURE(2.E-2),#5857);
#7928=PRESENTATION_STYLE_ASSIGNMENT((#7927));
#7929=STYLED_ITEM('',(#7928),#7926);
#7930=CARTESIAN_POINT('',(7.981956096346E-1,2.258223523363E0,
-6.023983472421E-1));
#7931=CARTESIAN_POINT('',(8.316247415102E-1,2.254690703855E0,
-5.581037597501E-1));
#7932=CARTESIAN_POINT('',(8.910912904216E-1,2.247625064840E0,
-4.639370876365E-1));
#7933=CARTESIAN_POINT('',(9.556513196748E-1,2.237026606317E0,
-3.098579036810E-1));
#7934=CARTESIAN_POINT('',(9.937858570901E-1,2.226428147794E0,
-1.472107621568E-1));
#7935=CARTESIAN_POINT('',(1.004440552589E0,2.215829689271E0,1.950704524002E-2));
#7936=CARTESIAN_POINT('',(9.873207495900E-1,2.205231230749E0,
1.856854395214E-1));
#7937=CARTESIAN_POINT('',(9.428998494619E-1,2.194632772226E0,
3.467293180679E-1));
#7938=CARTESIAN_POINT('',(8.724061631059E-1,2.184034313703E0,
4.981855401006E-1));
#7939=CARTESIAN_POINT('',(7.777889616267E-1,2.173435855180E0,
6.358660842181E-1));
#7940=CARTESIAN_POINT('',(6.616645715003E-1,2.162837396657E0,
7.559638487926E-1));
#7941=CARTESIAN_POINT('',(5.272440298104E-1,2.152238938134E0,
8.551579262900E-1));
#7942=CARTESIAN_POINT('',(3.782442933092E-1,2.141640479611E0,
9.307054316186E-1));
#7943=CARTESIAN_POINT('',(2.187854583162E-1,2.131042021088E0,
9.805173476769E-1));
#7944=CARTESIAN_POINT('',(5.327683302143E-2,2.120443562565E0,1.003216290203E0));
#7945=CARTESIAN_POINT('',(-1.137049873850E-1,2.109845104042E0,
9.981745948027E-1));
#7946=CARTESIAN_POINT('',(-2.775426713611E-1,2.099246645519E0,
9.655316729344E-1));
#7947=CARTESIAN_POINT('',(-4.337058280886E-1,2.088648186997E0,
9.061901569471E-1));
#7948=CARTESIAN_POINT('',(-5.778762804897E-1,2.078049728474E0,
8.217909407588E-1));
#7949=CARTESIAN_POINT('',(-7.060674701734E-1,2.067451269951E0,
7.146678063469E-1));
#7950=CARTESIAN_POINT('',(-8.147346925599E-1,2.056852811428E0,
5.877828907046E-1));
#7951=CARTESIAN_POINT('',(-9.008731139955E-1,2.046254352905E0,
4.446447777111E-1));
#7952=CARTESIAN_POINT('',(-9.621008605175E-1,2.035655894382E0,
2.892114798159E-1));
#7953=CARTESIAN_POINT('',(-9.967248807231E-1,2.025057435859E0,
1.257809922576E-1));
#7954=CARTESIAN_POINT('',(-1.003787761523E0,2.014458977336E0,
-4.112755381951E-2));
#7955=CARTESIAN_POINT('',(-9.830942022407E-1,2.003860518813E0,
-2.068988530332E-1));
#7956=CARTESIAN_POINT('',(-9.352164150126E-1,1.993262060290E0,
-3.669490468128E-1));
#7957=CARTESIAN_POINT('',(-8.614783021444E-1,1.982663601767E0,
-5.168524748903E-1));
#7958=CARTESIAN_POINT('',(-7.639188479613E-1,1.972065143244E0,
-6.524640523395E-1));
#7959=CARTESIAN_POINT('',(-6.452357374205E-1,1.961466684722E0,
-7.700338882291E-1));
#7960=CARTESIAN_POINT('',(-5.087107605305E-1,1.950868226199E0,
-8.663109764896E-1));
#7961=CARTESIAN_POINT('',(-3.581190652716E-1,1.940269767676E0,
-9.386330917642E-1));
#7962=CARTESIAN_POINT('',(-1.976247683291E-1,1.929671309153E0,
-9.850004044713E-1));
#7963=CARTESIAN_POINT('',(-3.166581017933E-2,1.919072850630E0,
-1.004130779496E0));
#7964=CARTESIAN_POINT('',(1.351687615180E-1,1.908474392107E0,
-9.954952294087E-1));
#7965=CARTESIAN_POINT('',(2.982656868983E-1,1.897875933584E0,
-9.593325418669E-1));
#7966=CARTESIAN_POINT('',(4.531150583792E-1,1.887277475061E0,
-8.966426767313E-1));
#7967=CARTESIAN_POINT('',(5.954350272811E-1,1.876679016538E0,
-8.091591154727E-1));
#7968=CARTESIAN_POINT('',(7.212902042314E-1,1.866080558015E0,
-6.993009274594E-1));
#7969=CARTESIAN_POINT('',(8.272004793782E-1,1.855482099492E0,
-5.701058785719E-1));
#7970=CARTESIAN_POINT('',(9.102372533515E-1,1.844883640969E0,
-4.251464318054E-1));
#7971=CARTESIAN_POINT('',(9.681044180200E-1,1.834285182447E0,
-2.684309625881E-1));
#7972=CARTESIAN_POINT('',(9.992018477889E-1,1.823686723924E0,
-1.042929203782E-1));
#7973=CARTESIAN_POINT('',(1.002669645797E0,1.813088265401E0,6.272899858971E-2));
#7974=CARTESIAN_POINT('',(9.784119215256E-1,1.802489806878E0,
2.280163539801E-1));
#7975=CARTESIAN_POINT('',(9.270994423396E-1,1.791891348355E0,
3.869986690926E-1));
#7976=CARTESIAN_POINT('',(8.501510856233E-1,1.781292889832E0,
5.352798123219E-1));
#7977=CARTESIAN_POINT('',(7.496946044081E-1,1.770694431309E0,
6.687595576791E-1));
#7978=CARTESIAN_POINT('',(6.285077913796E-1,1.760095972786E0,
7.837469630186E-1));
#7979=CARTESIAN_POINT('',(4.899416681813E-1,1.749497514263E0,
8.770624308711E-1));
#7980=CARTESIAN_POINT('',(3.378278239631E-1,1.738899055740E0,
9.461256297248E-1));
#7981=CARTESIAN_POINT('',(1.763724654197E-1,1.728300597217E0,
9.890268445839E-1));
#7982=CARTESIAN_POINT('',(1.004010801660E-2,1.717702138694E0,1.004579783838E0));
#7983=CARTESIAN_POINT('',(-1.565698754617E-1,1.707103680172E0,
9.923543822464E-1));
#7984=CARTESIAN_POINT('',(-3.188504353972E-1,1.696505221649E0,
9.526886929700E-1));
#7985=CARTESIAN_POINT('',(-4.723142381014E-1,1.685906763126E0,
8.866795398296E-1));
#7986=CARTESIAN_POINT('',(-6.127177482298E-1,1.675308304603E0,
7.961521882592E-1));
#7987=CARTESIAN_POINT('',(-7.361785697567E-1,1.664709846080E0,
6.836098736098E-1));
#7988=CARTESIAN_POINT('',(-8.392828008329E-1,1.654111387557E0,
5.521645824316E-1));
#7989=CARTESIAN_POINT('',(-9.191794339829E-1,1.643512929034E0,
4.054510007493E-1));
#7990=CARTESIAN_POINT('',(-9.736591913138E-1,1.632914470511E0,
2.475260088072E-1));
#7991=CARTESIAN_POINT('',(-1.001215614809E0,1.622316011988E0,
8.275650142529E-2));
#7992=CARTESIAN_POINT('',(-1.001086722458E0,1.611717553465E0,
-8.430136407496E-2));
#7993=CARTESIAN_POINT('',(-9.732760783520E-1,1.601119094942E0,
-2.490281533752E-1));
#7994=CARTESIAN_POINT('',(-9.185526941365E-1,1.590520636419E0,
-4.068688903817E-1));
#7995=CARTESIAN_POINT('',(-8.384297645252E-1,1.579922177897E0,
-5.534590100666E-1));
#7996=CARTESIAN_POINT('',(-7.351228248936E-1,1.569323719374E0,
-6.847450461203E-1));
#7997=CARTESIAN_POINT('',(-6.114884879537E-1,1.558725260851E0,
-7.970967161932E-1));
#7998=CARTESIAN_POINT('',(-4.709454535510E-1,1.548126802328E0,
-8.874073053820E-1));
#7999=CARTESIAN_POINT('',(-3.173799757951E-1,1.537528343805E0,
-9.531795721846E-1));
#8000=CARTESIAN_POINT('',(-1.550384015188E-1,1.526929885282E0,
-9.925948014776E-1));
#8001=CARTESIAN_POINT('',(1.159024843933E-2,1.516331426759E0,
-1.004563095085E0));
#8002=CARTESIAN_POINT('',(1.778984083012E-1,1.505732968236E0,
-9.887535093185E-1));
#8003=CARTESIAN_POINT('',(3.392873743853E-1,1.495134509713E0,
-9.456032061327E-1));
#8004=CARTESIAN_POINT('',(4.912944670910E-1,1.484536051190E0,
-8.763053648538E-1));
#8005=CARTESIAN_POINT('',(6.297164315844E-1,1.473937592667E0,
-7.827761887400E-1));
#8006=CARTESIAN_POINT('',(7.507256649493E-1,1.463339134144E0,
-6.676019187003E-1));
#8007=CARTESIAN_POINT('',(8.509760559218E-1,1.452740675622E0,
-5.339673193310E-1));
#8008=CARTESIAN_POINT('',(9.276955105627E-1,1.442142217099E0,
-3.855676147546E-1));
#8009=CARTESIAN_POINT('',(9.787626053724E-1,1.431543758576E0,
-2.265063093833E-1));
#8010=CARTESIAN_POINT('',(1.002765248262E0,1.420945300053E0,
-6.118171903727E-2));
#8011=CARTESIAN_POINT('',(9.990397253017E-1,1.410346841530E0,
1.058346499731E-1));
#8012=CARTESIAN_POINT('',(9.676890535430E-1,1.399748383007E0,
2.699245107782E-1));
#8013=CARTESIAN_POINT('',(9.095801324196E-1,1.389149924484E0,
4.265504994410E-1));
#8014=CARTESIAN_POINT('',(8.263197725035E-1,1.378551465961E0,
5.713816407933E-1));
#8015=CARTESIAN_POINT('',(7.202102644579E-1,1.367953007438E0,
7.004131072698E-1));
#8016=CARTESIAN_POINT('',(5.941857167817E-1,1.357354548915E0,
8.100769592072E-1));
#8017=CARTESIAN_POINT('',(4.517309227155E-1,1.346756090392E0,
8.973408044486E-1));
#8018=CARTESIAN_POINT('',(2.967849997774E-1,1.336157631869E0,
9.597916491473E-1));
#8019=CARTESIAN_POINT('',(1.336324664589E-1,1.325559173347E0,
9.957026211545E-1));
#8020=CARTESIAN_POINT('',(-3.321523200351E-2,1.314960714824E0,
1.004080720973E0));
#8021=CARTESIAN_POINT('',(-1.991444727677E-1,1.304362256301E0,
9.846942798818E-1));
#8022=CARTESIAN_POINT('',(-3.595670299103E-1,1.293763797778E0,
9.380793659746E-1));
#8023=CARTESIAN_POINT('',(-5.100469466826E-1,1.283165339255E0,
8.655249609604E-1));
#8024=CARTESIAN_POINT('',(-6.464231972647E-1,1.272566880732E0,
7.690373176276E-1));
#8025=CARTESIAN_POINT('',(-7.649247462118E-1,1.261968422209E0,
6.512844835390E-1));
#8026=CARTESIAN_POINT('',(-8.622748240024E-1,1.251369963686E0,
5.155225249758E-1));
#8027=CARTESIAN_POINT('',(-9.357815352931E-1,1.240771505163E0,
3.655054911631E-1));
#8028=CARTESIAN_POINT('',(-9.834122944061E-1,1.230173046640E0,
2.053816084189E-1));
#8029=CARTESIAN_POINT('',(-1.003850029783E0,1.219574588117E0,
3.957857463661E-2));
#8030=CARTESIAN_POINT('',(-9.965296032553E-1,1.208976129594E0,
-1.273188740983E-1));
#8031=CARTESIAN_POINT('',(-9.616534370757E-1,1.198377671072E0,
-2.906957392640E-1));
#8032=CARTESIAN_POINT('',(-9.001859165995E-1,1.187779212549E0,
-4.460343724666E-1));
#8033=CARTESIAN_POINT('',(-8.138267233873E-1,1.177180754026E0,
-5.890393961073E-1));
#8034=CARTESIAN_POINT('',(-7.049638361172E-1,1.166582295503E0,
-7.157564778839E-1));
#8035=CARTESIAN_POINT('',(-5.766074989099E-1,1.155983836980E0,
-8.226816748091E-1));
#8036=CARTESIAN_POINT('',(-4.323069829554E-1,1.145385378457E0,
-9.068583231980E-1));
#8037=CARTESIAN_POINT('',(-2.760524431235E-1,1.134786919934E0,
-9.659587954529E-1));
#8038=CARTESIAN_POINT('',(-1.121645833894E-1,1.124188461411E0,
-9.983488629197E-1));
#8039=CARTESIAN_POINT('',(5.482481797964E-2,1.113590002888E0,
-1.003132885126E0));
#8040=CARTESIAN_POINT('',(2.202982198301E-1,1.102991544365E0,
-9.801785756331E-1));
#8041=CARTESIAN_POINT('',(3.796800009037E-1,1.092393085842E0,
-9.301206604720E-1));
#8042=CARTESIAN_POINT('',(5.285629838929E-1,1.081794627320E0,
-8.543433250628E-1));
#8043=CARTESIAN_POINT('',(6.628303001259E-1,1.071196168797E0,
-7.549419459363E-1));
#8044=CARTESIAN_POINT('',(7.787692327269E-1,1.060597710274E0,
-6.346651246169E-1));
#8045=CARTESIAN_POINT('',(8.731738618879E-1,1.049999251751E0,
-4.968387788666E-1));
#8046=CARTESIAN_POINT('',(9.434337799495E-1,1.039400793228E0,
-3.452738217705E-1));
#8047=CARTESIAN_POINT('',(9.728819449949E-1,1.032335154213E0,
-2.378660094297E-1));
#8048=CARTESIAN_POINT('',(9.830546046782E-1,1.028802334705E0,
-1.833129679562E-1));
#8050=CURVE_STYLE('',#15,POSITIVE_LENGTH_MEASURE(2.E-2),#5857);
#8051=PRESENTATION_STYLE_ASSIGNMENT((#8050));
#8052=STYLED_ITEM('',(#8051),#8049);
#8053=DIRECTION('',(-6.912576751328E-1,5.E-1,5.216922719094E-1));
#8054=VECTOR('',#8053,2.176610514845E-1);
#8055=CARTESIAN_POINT('',(7.981956096346E-1,2.258223523363E0,
-6.023983472421E-1));
#8056=LINE('',#8055,#8054);
#8057=CURVE_STYLE('',#15,POSITIVE_LENGTH_MEASURE(2.E-2),#5857);
#8058=PRESENTATION_STYLE_ASSIGNMENT((#8057));
#8059=STYLED_ITEM('',(#8058),#8056);
#8060=CARTESIAN_POINT('',(9.830546046782E-1,1.028802334705E0,
-1.833129679562E-1));
#8061=CARTESIAN_POINT('',(9.931747105880E-1,1.025287766373E0,
-1.290417572211E-1));
#8062=CARTESIAN_POINT('',(1.004405805618E0,1.018258629708E0,
-1.882019614054E-2));
#8063=CARTESIAN_POINT('',(9.937646059380E-1,1.007714924712E0,
1.470278359039E-1));
#8064=CARTESIAN_POINT('',(9.559266366720E-1,9.971712197152E-1,
3.088519315886E-1));
#8065=CARTESIAN_POINT('',(8.919274640417E-1,9.866275147186E-1,
4.622236030061E-1));
#8066=CARTESIAN_POINT('',(8.035185673020E-1,9.760838097219E-1,
6.029454112226E-1));
#8067=CARTESIAN_POINT('',(6.931194695920E-1,9.655401047253E-1,
7.271661837954E-1));
#8068=CARTESIAN_POINT('',(5.637515046973E-1,9.549963997287E-1,
8.314863189563E-1));
#8069=CARTESIAN_POINT('',(4.189551356599E-1,9.444526947321E-1,
9.130508485612E-1));
#8070=CARTESIAN_POINT('',(2.626930603288E-1,9.339089897355E-1,
9.696275644713E-1));
#8071=CARTESIAN_POINT('',(9.924176301581E-2,9.233652847389E-1,
9.996681100287E-1));
#8072=CARTESIAN_POINT('',(-6.692552178402E-2,9.128215797423E-1,
1.002350354051E0));
#8073=CARTESIAN_POINT('',(-2.312612300967E-1,9.022778747457E-1,
9.776008905415E-1));
#8074=CARTESIAN_POINT('',(-3.892679234077E-1,8.917341697491E-1,
9.260970475815E-1));
#8075=CARTESIAN_POINT('',(-5.366213717888E-1,8.811904647525E-1,
8.492483506447E-1));
#8076=CARTESIAN_POINT('',(-6.692888967623E-1,8.706467597559E-1,
7.491579475677E-1));
#8077=CARTESIAN_POINT('',(-7.836397351628E-1,8.601030547593E-1,
6.285650508955E-1));
#8078=CARTESIAN_POINT('',(-8.765444036290E-1,8.495593497627E-1,
4.907699727979E-1));
#8079=CARTESIAN_POINT('',(-9.454603443778E-1,8.390156447661E-1,
3.395438041583E-1));
#8080=CARTESIAN_POINT('',(-9.885015083614E-1,8.284719397695E-1,
1.790252096788E-1));
#8081=CARTESIAN_POINT('',(-1.004489971496E0,8.179282347728E-1,
1.360716345256E-2));
#8082=CARTESIAN_POINT('',(-9.929881713637E-1,8.073845297762E-1,
-1.521832752477E-1));
#8083=CARTESIAN_POINT('',(-9.543108821509E-1,7.968408247796E-1,
-3.138088557413E-1));
#8084=CARTESIAN_POINT('',(-8.895166001026E-1,7.862971197830E-1,
-4.668463086232E-1));
#8085=CARTESIAN_POINT('',(-8.003785752485E-1,7.757534147864E-1,
-6.071073990790E-1));
#8086=CARTESIAN_POINT('',(-6.893362821875E-1,7.652097097898E-1,
-7.307535479170E-1));
#8087=CARTESIAN_POINT('',(-5.594286580484E-1,7.546660047932E-1,
-8.344008834412E-1));
#8088=CARTESIAN_POINT('',(-4.142109347293E-1,7.441222997966E-1,
-9.152128491689E-1));
#8089=CARTESIAN_POINT('',(-2.576573414993E-1,7.335785948E-1,
-9.709778329626E-1));
#8090=CARTESIAN_POINT('',(-9.405234073764E-2,7.230348898034E-1,
-1.000169693070E0));
#8091=CARTESIAN_POINT('',(7.212662659526E-2,7.124911848068E-1,
-1.001989524631E0));
#8092=CARTESIAN_POINT('',(2.363316768061E-1,7.019474798102E-1,
-9.763875236151E-1));
#8093=CARTESIAN_POINT('',(3.940689471505E-1,6.914037748135E-1,
-9.240643498290E-1));
#8094=CARTESIAN_POINT('',(5.410215811024E-1,6.808600698169E-1,
-8.464519516870E-1));
#8095=CARTESIAN_POINT('',(6.731678694264E-1,6.703163648203E-1,
-7.456743775303E-1));
#8096=CARTESIAN_POINT('',(7.868913138411E-1,6.597726598237E-1,
-6.244896459788E-1));
#8097=CARTESIAN_POINT('',(8.790796011175E-1,6.492289548271E-1,
-4.862142661753E-1));
#8098=CARTESIAN_POINT('',(9.472097789522E-1,6.386852498305E-1,
-3.346324736046E-1));
#8099=CARTESIAN_POINT('',(9.894173025729E-1,6.281415448339E-1,
-1.738926654656E-1));
#8100=CARTESIAN_POINT('',(1.004547062452E0,6.175978398373E-1,
-8.393869890705E-3));
#8101=CARTESIAN_POINT('',(9.921849966346E-1,6.070541348407E-1,
1.573346439488E-1));
#8102=CARTESIAN_POINT('',(9.526694225281E-1,5.965104298441E-1,
3.187573200937E-1));
#8103=CARTESIAN_POINT('',(8.870817780427E-1,5.859667248474E-1,
4.714564421004E-1));
#8104=CARTESIAN_POINT('',(7.972170254629E-1,5.754230198508E-1,
6.112530343854E-1));
#8105=CARTESIAN_POINT('',(6.855345280247E-1,5.648793148542E-1,
7.343212298574E-1));
#8106=CARTESIAN_POINT('',(5.550907435764E-1,5.543356098576E-1,
8.372929738921E-1));
#8107=CARTESIAN_POINT('',(4.094555773215E-1,5.437919048610E-1,
9.173501991789E-1));
#8108=CARTESIAN_POINT('',(2.526146828501E-1,5.332481998644E-1,
9.723019488522E-1));
#8109=CARTESIAN_POINT('',(8.886038522515E-2,5.227044948678E-1,
1.000644337250E0));
#8110=CARTESIAN_POINT('',(-7.732578872823E-2,5.121607898712E-1,
1.001601707332E0));
#8111=CARTESIAN_POINT('',(-2.413957580904E-1,5.016170848746E-1,
9.751478583831E-1));
#8112=CARTESIAN_POINT('',(-3.988593569265E-1,4.910733798780E-1,
9.220067630584E-1));
#8113=CARTESIAN_POINT('',(-5.454072183839E-1,4.805296748813E-1,
8.436327541460E-1));
#8114=CARTESIAN_POINT('',(-6.770287107918E-1,4.699859698847E-1,
7.421707232820E-1));
#8115=CARTESIAN_POINT('',(-7.901216981601E-1,4.594422648881E-1,
6.203974208762E-1));
#8116=CARTESIAN_POINT('',(-8.815911212205E-1,4.488985598915E-1,
4.816454637162E-1));
#8117=CARTESIAN_POINT('',(-9.489337011029E-1,4.383548548949E-1,
3.297121299625E-1));
#8118=CARTESIAN_POINT('',(-9.903064475310E-1,4.278111498983E-1,
1.687554375769E-1));
#8119=CARTESIAN_POINT('',(-1.004577096646E0,4.172674449017E-1,
3.180350246282E-3));
#8120=CARTESIAN_POINT('',(-9.913550981064E-1,4.067237399051E-1,
-1.624817749523E-1));
#8121=CARTESIAN_POINT('',(-9.510023034303E-1,3.961800349085E-1,
-3.236971989431E-1));
#8122=CARTESIAN_POINT('',(-8.846230630646E-1,3.856363299119E-1,
-4.760538772319E-1));
#8123=CARTESIAN_POINT('',(-7.940340032027E-1,3.750926249152E-1,
-6.153822060241E-1));
#8124=CARTESIAN_POINT('',(-6.817143094766E-1,3.645489199186E-1,
-7.378691333754E-1));
#8125=CARTESIAN_POINT('',(-5.507378781302E-1,3.540052149220E-1,
-8.401625124498E-1));
#8126=CARTESIAN_POINT('',(-4.046891915195E-1,3.434615099254E-1,
-9.194628410113E-1));
#8127=CARTESIAN_POINT('',(-2.475652202052E-1,3.329178049288E-1,
-9.735998764780E-1));
#8128=CARTESIAN_POINT('',(-8.366603632315E-2,3.223740999322E-1,
-1.001092029785E0));
#8129=CARTESIAN_POINT('',(8.252286814378E-2,3.118303949356E-1,
-1.001186912603E0));
#8130=CARTESIAN_POINT('',(2.464533375489E-1,3.012866899390E-1,
-9.738819282358E-1));
#8131=CARTESIAN_POINT('',(4.036390237064E-1,2.907429849424E-1,
-9.199243426905E-1));
#8132=CARTESIAN_POINT('',(5.497781655066E-1,2.801992799458E-1,
-8.407908339566E-1));
#8133=CARTESIAN_POINT('',(6.808713168669E-1,2.696555749491E-1,
-7.386470791936E-1));
#8134=CARTESIAN_POINT('',(7.933308011098E-1,2.591118699525E-1,
-6.162884858114E-1));
#8135=CARTESIAN_POINT('',(8.840788962905E-1,2.485681649559E-1,
-4.770636884809E-1));
#8136=CARTESIAN_POINT('',(9.506320643964E-1,2.380244599593E-1,
-3.247829057613E-1));
#8137=CARTESIAN_POINT('',(9.911689192866E-1,2.274807549627E-1,
-1.636136643838E-1));
#8138=CARTESIAN_POINT('',(1.004580073269E0,2.169370499661E-1,
2.033255054940E-3));
#8139=CARTESIAN_POINT('',(9.904984981296E-1,2.063933449695E-1,
1.676245296204E-1));
#8140=CARTESIAN_POINT('',(9.493095697719E-1,1.958496399729E-1,
3.286283592351E-1));
#8141=CARTESIAN_POINT('',(8.821405213542E-1,1.853059349763E-1,
4.806384901826E-1));
#8142=CARTESIAN_POINT('',(7.908295943505E-1,1.747622299797E-1,
6.194948027890E-1));
#8143=CARTESIAN_POINT('',(6.778757288887E-1,1.642185249830E-1,
7.413971628602E-1));
#8144=CARTESIAN_POINT('',(5.463701810131E-1,1.536748199864E-1,
8.430094220040E-1));
#8145=CARTESIAN_POINT('',(3.999118980207E-1,1.431311149898E-1,
9.215507170886E-1));
#8146=CARTESIAN_POINT('',(2.425091182527E-1,1.325874099932E-1,
9.748715833944E-1));
#8147=CARTESIAN_POINT('',(7.846932690236E-2,1.220437049966E-1,
1.001512749234E0));
#8148=CARTESIAN_POINT('',(-3.232177462242E-2,1.150145683322E-1,
1.001001040830E0));
#8149=CARTESIAN_POINT('',(-8.731762407512E-2,1.115E-1,9.961805220571E-1));
#8151=CURVE_STYLE('',#15,POSITIVE_LENGTH_MEASURE(2.E-2),#5857);
#8152=PRESENTATION_STYLE_ASSIGNMENT((#8151));
#8153=STYLED_ITEM('',(#8152),#8150);
#8154=DIRECTION('',(-8.513502609586E-1,5.E-1,1.587536870932E-1));
#8155=VECTOR('',#8154,2.176610514845E-1);
#8156=CARTESIAN_POINT('',(9.830546046782E-1,1.028802334705E0,
-1.833129679562E-1));
#8157=LINE('',#8156,#8155);
#8158=CURVE_STYLE('',#15,POSITIVE_LENGTH_MEASURE(2.E-2),#5857);
#8159=PRESENTATION_STYLE_ASSIGNMENT((#8158));
#8160=STYLED_ITEM('',(#8159),#8157);
#8161=CARTESIAN_POINT('',(0.E0,1.115E-1,0.E0));
#8162=DIRECTION('',(0.E0,1.E0,0.E0));
#8163=DIRECTION('',(-8.731762407512E-2,0.E0,9.961805220571E-1));
#8164=AXIS2_PLACEMENT_3D('',#8161,#8162,#8163);
#8166=CURVE_STYLE('',#15,POSITIVE_LENGTH_MEASURE(2.E-2),#5857);
#8167=PRESENTATION_STYLE_ASSIGNMENT((#8166));
#8168=STYLED_ITEM('',(#8167),#8165);
#8169=CARTESIAN_POINT('',(7.452812288136E-1,3.E-1,3.210734183612E-1));
#8170=CARTESIAN_POINT('',(7.356180305948E-1,2.920349248170E-1,
3.636352063271E-1));
#8171=CARTESIAN_POINT('',(7.089858573112E-1,2.761089877918E-1,
4.483553020902E-1));
#8172=CARTESIAN_POINT('',(6.478265658176E-1,2.524013304282E-1,
5.697052669747E-1));
#8173=CARTESIAN_POINT('',(5.644937000388E-1,2.283690967837E-1,
6.840690988768E-1));
#8174=CARTESIAN_POINT('',(4.608396055347E-1,2.043523310714E-1,
7.858017587736E-1));
#8175=CARTESIAN_POINT('',(3.406830336478E-1,1.806772974424E-1,
8.702596831517E-1));
#8176=CARTESIAN_POINT('',(2.084291233164E-1,1.575290696228E-1,
9.347555083378E-1));
#8177=CARTESIAN_POINT('',(6.476430871897E-2,1.344403853541E-1,
9.787385639163E-1));
#8178=CARTESIAN_POINT('',(-3.615655985718E-2,1.191349237387E-1,
9.930007156908E-1));
#8179=CARTESIAN_POINT('',(-8.731762407512E-2,1.115E-1,9.961805220571E-1));
#8181=CURVE_STYLE('',#15,POSITIVE_LENGTH_MEASURE(2.E-2),#5857);
#8182=PRESENTATION_STYLE_ASSIGNMENT((#8181));
#8183=STYLED_ITEM('',(#8182),#8180);
#8184=CARTESIAN_POINT('',(0.E0,3.E-1,0.E0));
#8185=DIRECTION('',(0.E0,-1.E0,0.E0));
#8186=DIRECTION('',(9.183995425922E-1,0.E0,3.956542432054E-1));
#8187=AXIS2_PLACEMENT_3D('',#8184,#8185,#8186);
#8189=CURVE_STYLE('',#15,POSITIVE_LENGTH_MEASURE(2.E-2),#5857);
#8190=PRESENTATION_STYLE_ASSIGNMENT((#8189));
#8191=STYLED_ITEM('',(#8190),#8188);
#8192=CARTESIAN_POINT('',(-8.379777113096E-1,2.735222886904E-1,0.E0));
#8193=CARTESIAN_POINT('',(-8.357836231448E-1,2.757163768552E-1,
4.555484396204E-2));
#8194=CARTESIAN_POINT('',(-8.239875960608E-1,2.801144077123E-1,
1.361681935889E-1));
#8195=CARTESIAN_POINT('',(-7.839231578123E-1,2.867962847185E-1,
2.679261611932E-1));
#8196=CARTESIAN_POINT('',(-7.239364603395E-1,2.933971910321E-1,
3.888237200579E-1));
#8197=CARTESIAN_POINT('',(-6.717493897396E-1,2.978016358568E-1,
4.613150228692E-1));
#8198=CARTESIAN_POINT('',(-6.430453274748E-1,3.E-1,4.949999563766E-1));
#8200=CURVE_STYLE('',#15,POSITIVE_LENGTH_MEASURE(2.E-2),#5857);
#8201=PRESENTATION_STYLE_ASSIGNMENT((#8200));
#8202=STYLED_ITEM('',(#8201),#8199);
#8203=DIRECTION('',(7.071067811865E-1,7.071067811865E-1,0.E0));
#8204=VECTOR('',#8203,3.868189302773E-1);
#8205=CARTESIAN_POINT('',(-1.1115E0,0.E0,0.E0));
#8206=LINE('',#8205,#8204);
#8207=CURVE_STYLE('',#15,POSITIVE_LENGTH_MEASURE(2.E-2),#5857);
#8208=PRESENTATION_STYLE_ASSIGNMENT((#8207));
#8209=STYLED_ITEM('',(#8208),#8206);
#8210=CARTESIAN_POINT('',(0.E0,0.E0,0.E0));
#8211=DIRECTION('',(0.E0,-1.E0,0.E0));
#8212=DIRECTION('',(1.E0,0.E0,0.E0));
#8213=AXIS2_PLACEMENT_3D('',#8210,#8211,#8212);
#8215=CURVE_STYLE('',#15,POSITIVE_LENGTH_MEASURE(2.E-2),#5857);
#8216=PRESENTATION_STYLE_ASSIGNMENT((#8215));
#8217=STYLED_ITEM('',(#8216),#8214);
#8218=DIRECTION('',(-7.071067811865E-1,7.071067811865E-1,0.E0));
#8219=VECTOR('',#8218,2.075038358438E-1);
#8220=CARTESIAN_POINT('',(1.1115E0,0.E0,0.E0));
#8221=LINE('',#8220,#8219);
#8222=CURVE_STYLE('',#15,POSITIVE_LENGTH_MEASURE(2.E-2),#5857);
#8223=PRESENTATION_STYLE_ASSIGNMENT((#8222));
#8224=STYLED_ITEM('',(#8223),#8221);
#8225=CARTESIAN_POINT('',(6.426631183312E-1,1.115E-1,7.661488865337E-1));
#8226=CARTESIAN_POINT('',(6.787803865492E-1,1.134692976624E-1,
7.332825150965E-1));
#8227=CARTESIAN_POINT('',(7.457111470750E-1,1.173940468638E-1,
6.626695876267E-1));
#8228=CARTESIAN_POINT('',(8.284647593809E-1,1.232291551225E-1,
5.450736166528E-1));
#8229=CARTESIAN_POINT('',(8.928719845427E-1,1.290436793558E-1,
4.180195603943E-1));
#8230=CARTESIAN_POINT('',(9.384946618882E-1,1.349147652265E-1,
2.824977477518E-1));
#8231=CARTESIAN_POINT('',(9.638661001734E-1,1.408501523035E-1,
1.410655733082E-1));
#8232=CARTESIAN_POINT('',(9.667299683119E-1,1.447700316881E-1,
4.678846205001E-2));
#8233=CARTESIAN_POINT('',(9.647726305526E-1,1.467273694474E-1,0.E0));
#8235=CURVE_STYLE('',#15,POSITIVE_LENGTH_MEASURE(2.E-2),#5857);
#8236=PRESENTATION_STYLE_ASSIGNMENT((#8235));
#8237=STYLED_ITEM('',(#8236),#8234);
#8238=CARTESIAN_POINT('',(9.830546046782E-1,9.788023347050E-1,
-1.833129679562E-1));
#8239=CARTESIAN_POINT('',(9.932065314022E-1,9.752767154582E-1,
-1.288711113674E-1));
#8240=CARTESIAN_POINT('',(1.004444392098E0,9.682254769647E-1,
-1.829766568260E-2));
#8241=CARTESIAN_POINT('',(9.936395451107E-1,9.576486192244E-1,
1.480670497356E-1));
#8242=CARTESIAN_POINT('',(9.554704671585E-1,9.470717614841E-1,
3.103539213820E-1));
#8243=CARTESIAN_POINT('',(8.909883508901E-1,9.364949037438E-1,
4.640938901089E-1));
#8244=CARTESIAN_POINT('',(8.019689817570E-1,9.259180460035E-1,
6.050529969525E-1));
#8245=CARTESIAN_POINT('',(6.908638992890E-1,9.153411882632E-1,
7.293493337009E-1));
#8246=CARTESIAN_POINT('',(5.607328657703E-1,9.047643305229E-1,
8.335598543757E-1));
#8247=CARTESIAN_POINT('',(4.151596070253E-1,8.941874727826E-1,
9.148146688658E-1));
#8248=CARTESIAN_POINT('',(2.581531176406E-1,8.836106150423E-1,
9.708760711352E-1));
#8249=CARTESIAN_POINT('',(9.403725614948E-2,8.730337573020E-1,
1.000200166024E0));
#8250=CARTESIAN_POINT('',(-7.266833136350E-2,8.624568995617E-1,
1.001979386651E0));
#8251=CARTESIAN_POINT('',(-2.373726794065E-1,8.518800418214E-1,
9.761647344213E-1));
#8252=CARTESIAN_POINT('',(-3.955399353471E-1,8.413031840811E-1,
9.234671283819E-1));
#8253=CARTESIAN_POINT('',(-5.428142738969E-1,8.307263263408E-1,
8.453378269723E-1));
#8254=CARTESIAN_POINT('',(-6.751398537609E-1,8.201494686004E-1,
7.439284612919E-1));
#8255=CARTESIAN_POINT('',(-7.888725129182E-1,8.095726108601E-1,
6.220317805534E-1));
#8256=CARTESIAN_POINT('',(-8.808801265185E-1,7.989957531198E-1,
4.830047415515E-1));
#8257=CARTESIAN_POINT('',(-9.486288636011E-1,7.884188953795E-1,
3.306760602148E-1));
#8258=CARTESIAN_POINT('',(-9.902529671834E-1,7.778420376392E-1,
1.692407712132E-1));
#8259=CARTESIAN_POINT('',(-1.004606136017E0,7.672651798989E-1,
3.144699379769E-3));
#8260=CARTESIAN_POINT('',(-9.912930929911E-1,7.566883221586E-1,
-1.630379754677E-1));
#8261=CARTESIAN_POINT('',(-9.506804708155E-1,7.461114644183E-1,
-3.247306885196E-1));
#8262=CARTESIAN_POINT('',(-8.838867151861E-1,7.355346066780E-1,
-4.774805256488E-1));
#8263=CARTESIAN_POINT('',(-7.927512835060E-1,7.249577489377E-1,
-6.170808538238E-1));
#8264=CARTESIAN_POINT('',(-6.797839874022E-1,7.143808911974E-1,
-7.396871690978E-1));
#8265=CARTESIAN_POINT('',(-5.480958741150E-1,7.038040334571E-1,
-8.419229717940E-1));
#8266=CARTESIAN_POINT('',(-4.013135502427E-1,6.932271757168E-1,
-9.209727531518E-1));
#8267=CARTESIAN_POINT('',(-2.434793073100E-1,6.826503179765E-1,
-9.746595326411E-1));
#8268=CARTESIAN_POINT('',(-7.893979963942E-2,6.720734602362E-1,
-1.001504810617E0));
#8269=CARTESIAN_POINT('',(8.777365973483E-2,6.614966024959E-1,
-1.000769285257E0));
#8270=CARTESIAN_POINT('',(2.520698885360E-1,6.509197447556E-1,
-9.724732124587E-1));
#8271=CARTESIAN_POINT('',(4.094242734748E-1,6.403428870153E-1,
-9.173958480100E-1));
#8272=CARTESIAN_POINT('',(5.555033752116E-1,6.297660292750E-1,
-8.370539873777E-1));
#8273=CARTESIAN_POINT('',(6.862842685104E-1,6.191891715347E-1,
-7.336601941305E-1));
#8274=CARTESIAN_POINT('',(7.981653310325E-1,6.086123137944E-1,
-6.100618673497E-1));
#8275=CARTESIAN_POINT('',(8.880654297172E-1,5.980354560541E-1,
-4.696628260760E-1));
#8276=CARTESIAN_POINT('',(9.535087732197E-1,5.874585983138E-1,
-3.163295703051E-1));
#8277=CARTESIAN_POINT('',(9.926930936253E-1,5.768817405735E-1,
-1.542848000456E-1));
#8278=CARTESIAN_POINT('',(1.004539279757E0,5.663048828331E-1,
1.200887514447E-2));
#8279=CARTESIAN_POINT('',(9.887210952082E-1,5.557280250928E-1,
1.779718335770E-1));
#8280=CARTESIAN_POINT('',(9.456741626871E-1,5.451511673525E-1,
3.390335612922E-1));
#8281=CARTESIAN_POINT('',(8.765839672431E-1,5.345743096122E-1,
4.907585210964E-1));
#8282=CARTESIAN_POINT('',(7.833532087662E-1,5.239974518719E-1,
6.289683044257E-1));
#8283=CARTESIAN_POINT('',(6.685494028462E-1,5.134205941316E-1,
7.498567020507E-1));
#8284=CARTESIAN_POINT('',(5.353341730317E-1,5.028437363913E-1,
8.500945246506E-1));
#8285=CARTESIAN_POINT('',(3.873761817355E-1,4.922668786510E-1,
9.269212865613E-1));
#8286=CARTESIAN_POINT('',(2.287500976130E-1,4.816900209107E-1,
9.782212277897E-1));
#8287=CARTESIAN_POINT('',(6.382438178772E-2,4.711131631704E-1,
1.002581580693E0));
#8288=CARTESIAN_POINT('',(-1.028590167801E-1,4.605363054301E-1,9.993314767E-1));
#8289=CARTESIAN_POINT('',(-2.667097436691E-1,4.499594476898E-1,
9.685604215992E-1));
#8290=CARTESIAN_POINT('',(-4.232154544283E-1,4.393825899495E-1,
9.111158306107E-1));
#8291=CARTESIAN_POINT('',(-5.680660816633E-1,4.288057322092E-1,
8.285796911101E-1));
#8292=CARTESIAN_POINT('',(-6.972725315421E-1,4.182288744689E-1,
7.232249957055E-1));
#8293=CARTESIAN_POINT('',(-8.072765408929E-1,4.076520167286E-1,
5.979531454724E-1));
#8294=CARTESIAN_POINT('',(-8.950486695014E-1,3.970751589883E-1,
4.562140472193E-1));
#8295=CARTESIAN_POINT('',(-9.581717289607E-1,3.864983012479E-1,
3.019111052559E-1));
#8296=CARTESIAN_POINT('',(-9.949073504977E-1,3.759214435076E-1,
1.392937241298E-1));
#8297=CARTESIAN_POINT('',(-1.004243858540E0,3.653445857673E-1,
-2.715971726343E-2));
#8298=CARTESIAN_POINT('',(-9.859241316133E-1,3.547677280270E-1,
-1.928651973762E-1));
#8299=CARTESIAN_POINT('',(-9.404526833069E-1,3.441908702867E-1,
-3.532592930373E-1));
#8300=CARTESIAN_POINT('',(-8.690817682875E-1,3.336140125464E-1,
-5.039248532139E-1));
#8301=CARTESIAN_POINT('',(-7.737768960066E-1,3.230371548061E-1,
-6.407126445316E-1));
#8302=CARTESIAN_POINT('',(-6.571627018246E-1,3.124602970658E-1,
-7.598556185138E-1));
#8303=CARTESIAN_POINT('',(-5.224506662275E-1,3.018834393255E-1,
-8.580726536925E-1));
#8304=CARTESIAN_POINT('',(-3.733506727039E-1,2.913065815852E-1,
-9.326589155998E-1));
#8305=CARTESIAN_POINT('',(-2.139688399220E-1,2.807297238449E-1,
-9.815603461830E-1));
#8306=CARTESIAN_POINT('',(-4.869444184082E-2,2.701528661046E-1,
-1.003430231252E0));
#8307=CARTESIAN_POINT('',(1.179209700924E-1,2.595760083643E-1,
-9.976662881289E-1));
#8308=CARTESIAN_POINT('',(2.812889137650E-1,2.489991506240E-1,
-9.644272521291E-1));
#8309=CARTESIAN_POINT('',(4.369103402676E-1,2.384222928837E-1,
-9.046285050913E-1));
#8310=CARTESIAN_POINT('',(5.804995348298E-1,2.278454351434E-1,
-8.199168663458E-1));
#8311=CARTESIAN_POINT('',(7.081021426714E-1,2.172685774031E-1,
-7.126252403628E-1));
#8312=CARTESIAN_POINT('',(8.162040694023E-1,2.066917196627E-1,
-5.857083700458E-1));
#8313=CARTESIAN_POINT('',(9.018282569664E-1,1.961148619224E-1,
-4.426614650208E-1));
#8314=CARTESIAN_POINT('',(9.626166698199E-1,1.855380041821E-1,
-2.874239457087E-1));
#8315=CARTESIAN_POINT('',(9.968952341014E-1,1.749611464418E-1,
-1.242709545173E-1));
#8316=CARTESIAN_POINT('',(1.003719939152E0,1.643842887015E-1,
4.230438003201E-2));
#8317=CARTESIAN_POINT('',(9.829028402150E-1,1.538074309612E-1,
2.077146767937E-1));
#8318=CARTESIAN_POINT('',(9.350172147264E-1,1.432305732209E-1,
3.674046519773E-1));
#8319=CARTESIAN_POINT('',(8.613818477199E-1,1.326537154806E-1,
5.169765074389E-1));
#8320=CARTESIAN_POINT('',(7.640244405222E-1,1.220768577403E-1,
6.523112720720E-1));
#8321=CARTESIAN_POINT('',(6.850926716925E-1,1.150256192468E-1,
7.305580117679E-1));
#8322=CARTESIAN_POINT('',(6.426631183312E-1,1.115E-1,7.661488865337E-1));
#8324=CURVE_STYLE('',#15,POSITIVE_LENGTH_MEASURE(2.E-2),#5857);
#8325=PRESENTATION_STYLE_ASSIGNMENT((#8324));
#8326=STYLED_ITEM('',(#8325),#8323);
#8327=DIRECTION('',(0.E0,1.E0,0.E0));
#8328=VECTOR('',#8327,5.E-2);
#8329=CARTESIAN_POINT('',(9.830546046782E-1,9.788023347050E-1,
-1.833129679562E-1));
#8330=LINE('',#8329,#8328);
#8331=CURVE_STYLE('',#15,POSITIVE_LENGTH_MEASURE(2.E-2),#5857);
#8332=PRESENTATION_STYLE_ASSIGNMENT((#8331));
#8333=STYLED_ITEM('',(#8332),#8330);
#8334=DIRECTION('',(8.513502609586E-1,5.E-1,-1.587536870932E-1));
#8335=VECTOR('',#8334,2.176610514845E-1);
#8336=CARTESIAN_POINT('',(7.977488116964E-1,8.699718089627E-1,
-1.487584734964E-1));
#8337=LINE('',#8336,#8335);
#8338=CURVE_STYLE('',#15,POSITIVE_LENGTH_MEASURE(2.E-2),#5857);
#8339=PRESENTATION_STYLE_ASSIGNMENT((#8338));
#8340=STYLED_ITEM('',(#8339),#8337);
#8341=DIRECTION('',(6.912576751328E-1,5.E-1,-5.216922719094E-1));
#8342=VECTOR('',#8341,2.176610514845E-1);
#8343=CARTESIAN_POINT('',(6.477357372185E-1,2.099392997621E0,
-4.888462587870E-1));
#8344=LINE('',#8343,#8342);
#8345=CURVE_STYLE('',#15,POSITIVE_LENGTH_MEASURE(2.E-2),#5857);
#8346=PRESENTATION_STYLE_ASSIGNMENT((#8345));
#8347=STYLED_ITEM('',(#8346),#8344);
#8348=DIRECTION('',(0.E0,1.E0,0.E0));
#8349=VECTOR('',#8348,5.E-2);
#8350=CARTESIAN_POINT('',(7.981956096346E-1,2.208223523363E0,
-6.023983472421E-1));
#8351=LINE('',#8350,#8349);
#8352=CURVE_STYLE('',#15,POSITIVE_LENGTH_MEASURE(2.E-2),#5857);
#8353=PRESENTATION_STYLE_ASSIGNMENT((#8352));
#8354=STYLED_ITEM('',(#8353),#8351);
#8355=CARTESIAN_POINT('',(7.981956096346E-1,2.208223523363E0,
-6.023983472421E-1));
#8356=CARTESIAN_POINT('',(8.316247415102E-1,2.204690703855E0,
-5.581037597501E-1));
#8357=CARTESIAN_POINT('',(8.910912904216E-1,2.197625064840E0,
-4.639370876365E-1));
#8358=CARTESIAN_POINT('',(9.556513196748E-1,2.187026606317E0,
-3.098579036810E-1));
#8359=CARTESIAN_POINT('',(9.937858570901E-1,2.176428147794E0,
-1.472107621568E-1));
#8360=CARTESIAN_POINT('',(1.004440552589E0,2.165829689271E0,1.950704524002E-2));
#8361=CARTESIAN_POINT('',(9.873207495900E-1,2.155231230749E0,
1.856854395214E-1));
#8362=CARTESIAN_POINT('',(9.428998494619E-1,2.144632772226E0,
3.467293180679E-1));
#8363=CARTESIAN_POINT('',(8.724061631059E-1,2.134034313703E0,
4.981855401006E-1));
#8364=CARTESIAN_POINT('',(7.777889616267E-1,2.123435855180E0,
6.358660842181E-1));
#8365=CARTESIAN_POINT('',(6.616645715003E-1,2.112837396657E0,
7.559638487926E-1));
#8366=CARTESIAN_POINT('',(5.272440298104E-1,2.102238938134E0,
8.551579262900E-1));
#8367=CARTESIAN_POINT('',(3.782442933092E-1,2.091640479611E0,
9.307054316186E-1));
#8368=CARTESIAN_POINT('',(2.187854583162E-1,2.081042021088E0,
9.805173476769E-1));
#8369=CARTESIAN_POINT('',(5.327683302143E-2,2.070443562565E0,1.003216290203E0));
#8370=CARTESIAN_POINT('',(-1.137049873850E-1,2.059845104042E0,
9.981745948027E-1));
#8371=CARTESIAN_POINT('',(-2.775426713611E-1,2.049246645519E0,
9.655316729344E-1));
#8372=CARTESIAN_POINT('',(-4.337058280886E-1,2.038648186997E0,
9.061901569471E-1));
#8373=CARTESIAN_POINT('',(-5.778762804897E-1,2.028049728474E0,
8.217909407588E-1));
#8374=CARTESIAN_POINT('',(-7.060674701734E-1,2.017451269951E0,
7.146678063469E-1));
#8375=CARTESIAN_POINT('',(-8.147346925599E-1,2.006852811428E0,
5.877828907046E-1));
#8376=CARTESIAN_POINT('',(-9.008731139955E-1,1.996254352905E0,
4.446447777111E-1));
#8377=CARTESIAN_POINT('',(-9.621008605175E-1,1.985655894382E0,
2.892114798159E-1));
#8378=CARTESIAN_POINT('',(-9.967248807231E-1,1.975057435859E0,
1.257809922576E-1));
#8379=CARTESIAN_POINT('',(-1.003787761523E0,1.964458977336E0,
-4.112755381951E-2));
#8380=CARTESIAN_POINT('',(-9.830942022407E-1,1.953860518813E0,
-2.068988530332E-1));
#8381=CARTESIAN_POINT('',(-9.352164150126E-1,1.943262060290E0,
-3.669490468128E-1));
#8382=CARTESIAN_POINT('',(-8.614783021444E-1,1.932663601767E0,
-5.168524748903E-1));
#8383=CARTESIAN_POINT('',(-7.639188479613E-1,1.922065143244E0,
-6.524640523395E-1));
#8384=CARTESIAN_POINT('',(-6.452357374205E-1,1.911466684722E0,
-7.700338882291E-1));
#8385=CARTESIAN_POINT('',(-5.087107605305E-1,1.900868226199E0,
-8.663109764896E-1));
#8386=CARTESIAN_POINT('',(-3.581190652716E-1,1.890269767676E0,
-9.386330917642E-1));
#8387=CARTESIAN_POINT('',(-1.976247683291E-1,1.879671309153E0,
-9.850004044713E-1));
#8388=CARTESIAN_POINT('',(-3.166581017933E-2,1.869072850630E0,
-1.004130779496E0));
#8389=CARTESIAN_POINT('',(1.351687615180E-1,1.858474392107E0,
-9.954952294087E-1));
#8390=CARTESIAN_POINT('',(2.982656868983E-1,1.847875933584E0,
-9.593325418669E-1));
#8391=CARTESIAN_POINT('',(4.531150583792E-1,1.837277475061E0,
-8.966426767313E-1));
#8392=CARTESIAN_POINT('',(5.954350272811E-1,1.826679016538E0,
-8.091591154727E-1));
#8393=CARTESIAN_POINT('',(7.212902042314E-1,1.816080558015E0,
-6.993009274594E-1));
#8394=CARTESIAN_POINT('',(8.272004793782E-1,1.805482099492E0,
-5.701058785719E-1));
#8395=CARTESIAN_POINT('',(9.102372533515E-1,1.794883640969E0,
-4.251464318054E-1));
#8396=CARTESIAN_POINT('',(9.681044180200E-1,1.784285182447E0,
-2.684309625881E-1));
#8397=CARTESIAN_POINT('',(9.992018477889E-1,1.773686723924E0,
-1.042929203782E-1));
#8398=CARTESIAN_POINT('',(1.002669645797E0,1.763088265401E0,6.272899858971E-2));
#8399=CARTESIAN_POINT('',(9.784119215256E-1,1.752489806878E0,
2.280163539801E-1));
#8400=CARTESIAN_POINT('',(9.270994423396E-1,1.741891348355E0,
3.869986690926E-1));
#8401=CARTESIAN_POINT('',(8.501510856233E-1,1.731292889832E0,
5.352798123219E-1));
#8402=CARTESIAN_POINT('',(7.496946044081E-1,1.720694431309E0,
6.687595576791E-1));
#8403=CARTESIAN_POINT('',(6.285077913796E-1,1.710095972786E0,
7.837469630186E-1));
#8404=CARTESIAN_POINT('',(4.899416681813E-1,1.699497514263E0,
8.770624308711E-1));
#8405=CARTESIAN_POINT('',(3.378278239631E-1,1.688899055740E0,
9.461256297248E-1));
#8406=CARTESIAN_POINT('',(1.763724654197E-1,1.678300597217E0,
9.890268445839E-1));
#8407=CARTESIAN_POINT('',(1.004010801660E-2,1.667702138694E0,1.004579783838E0));
#8408=CARTESIAN_POINT('',(-1.565698754617E-1,1.657103680172E0,
9.923543822464E-1));
#8409=CARTESIAN_POINT('',(-3.188504353972E-1,1.646505221649E0,
9.526886929700E-1));
#8410=CARTESIAN_POINT('',(-4.723142381014E-1,1.635906763126E0,
8.866795398296E-1));
#8411=CARTESIAN_POINT('',(-6.127177482298E-1,1.625308304603E0,
7.961521882592E-1));
#8412=CARTESIAN_POINT('',(-7.361785697567E-1,1.614709846080E0,
6.836098736098E-1));
#8413=CARTESIAN_POINT('',(-8.392828008329E-1,1.604111387557E0,
5.521645824316E-1));
#8414=CARTESIAN_POINT('',(-9.191794339829E-1,1.593512929034E0,
4.054510007493E-1));
#8415=CARTESIAN_POINT('',(-9.736591913138E-1,1.582914470511E0,
2.475260088072E-1));
#8416=CARTESIAN_POINT('',(-1.001215614809E0,1.572316011988E0,
8.275650142529E-2));
#8417=CARTESIAN_POINT('',(-1.001086722458E0,1.561717553465E0,
-8.430136407496E-2));
#8418=CARTESIAN_POINT('',(-9.732760783520E-1,1.551119094942E0,
-2.490281533752E-1));
#8419=CARTESIAN_POINT('',(-9.185526941365E-1,1.540520636419E0,
-4.068688903817E-1));
#8420=CARTESIAN_POINT('',(-8.384297645252E-1,1.529922177897E0,
-5.534590100666E-1));
#8421=CARTESIAN_POINT('',(-7.351228248936E-1,1.519323719374E0,
-6.847450461203E-1));
#8422=CARTESIAN_POINT('',(-6.114884879537E-1,1.508725260851E0,
-7.970967161932E-1));
#8423=CARTESIAN_POINT('',(-4.709454535510E-1,1.498126802328E0,
-8.874073053820E-1));
#8424=CARTESIAN_POINT('',(-3.173799757951E-1,1.487528343805E0,
-9.531795721846E-1));
#8425=CARTESIAN_POINT('',(-1.550384015188E-1,1.476929885282E0,
-9.925948014776E-1));
#8426=CARTESIAN_POINT('',(1.159024843933E-2,1.466331426759E0,
-1.004563095085E0));
#8427=CARTESIAN_POINT('',(1.778984083012E-1,1.455732968236E0,
-9.887535093185E-1));
#8428=CARTESIAN_POINT('',(3.392873743853E-1,1.445134509713E0,
-9.456032061327E-1));
#8429=CARTESIAN_POINT('',(4.912944670910E-1,1.434536051190E0,
-8.763053648538E-1));
#8430=CARTESIAN_POINT('',(6.297164315844E-1,1.423937592667E0,
-7.827761887400E-1));
#8431=CARTESIAN_POINT('',(7.507256649493E-1,1.413339134144E0,
-6.676019187003E-1));
#8432=CARTESIAN_POINT('',(8.509760559218E-1,1.402740675622E0,
-5.339673193310E-1));
#8433=CARTESIAN_POINT('',(9.276955105627E-1,1.392142217099E0,
-3.855676147546E-1));
#8434=CARTESIAN_POINT('',(9.787626053724E-1,1.381543758576E0,
-2.265063093833E-1));
#8435=CARTESIAN_POINT('',(1.002765248262E0,1.370945300053E0,
-6.118171903727E-2));
#8436=CARTESIAN_POINT('',(9.990397253017E-1,1.360346841530E0,
1.058346499731E-1));
#8437=CARTESIAN_POINT('',(9.676890535430E-1,1.349748383007E0,
2.699245107782E-1));
#8438=CARTESIAN_POINT('',(9.095801324196E-1,1.339149924484E0,
4.265504994410E-1));
#8439=CARTESIAN_POINT('',(8.263197725035E-1,1.328551465961E0,
5.713816407933E-1));
#8440=CARTESIAN_POINT('',(7.202102644579E-1,1.317953007438E0,
7.004131072698E-1));
#8441=CARTESIAN_POINT('',(5.941857167817E-1,1.307354548915E0,
8.100769592072E-1));
#8442=CARTESIAN_POINT('',(4.517309227155E-1,1.296756090392E0,
8.973408044486E-1));
#8443=CARTESIAN_POINT('',(2.967849997774E-1,1.286157631869E0,
9.597916491473E-1));
#8444=CARTESIAN_POINT('',(1.336324664589E-1,1.275559173347E0,
9.957026211545E-1));
#8445=CARTESIAN_POINT('',(-3.321523200351E-2,1.264960714824E0,
1.004080720973E0));
#8446=CARTESIAN_POINT('',(-1.991444727677E-1,1.254362256301E0,
9.846942798818E-1));
#8447=CARTESIAN_POINT('',(-3.595670299103E-1,1.243763797778E0,
9.380793659746E-1));
#8448=CARTESIAN_POINT('',(-5.100469466826E-1,1.233165339255E0,
8.655249609604E-1));
#8449=CARTESIAN_POINT('',(-6.464231972647E-1,1.222566880732E0,
7.690373176276E-1));
#8450=CARTESIAN_POINT('',(-7.649247462118E-1,1.211968422209E0,
6.512844835390E-1));
#8451=CARTESIAN_POINT('',(-8.622748240024E-1,1.201369963686E0,
5.155225249758E-1));
#8452=CARTESIAN_POINT('',(-9.357815352931E-1,1.190771505163E0,
3.655054911631E-1));
#8453=CARTESIAN_POINT('',(-9.834122944061E-1,1.180173046640E0,
2.053816084189E-1));
#8454=CARTESIAN_POINT('',(-1.003850029783E0,1.169574588117E0,
3.957857463661E-2));
#8455=CARTESIAN_POINT('',(-9.965296032553E-1,1.158976129594E0,
-1.273188740983E-1));
#8456=CARTESIAN_POINT('',(-9.616534370757E-1,1.148377671072E0,
-2.906957392640E-1));
#8457=CARTESIAN_POINT('',(-9.001859165995E-1,1.137779212549E0,
-4.460343724666E-1));
#8458=CARTESIAN_POINT('',(-8.138267233873E-1,1.127180754026E0,
-5.890393961073E-1));
#8459=CARTESIAN_POINT('',(-7.049638361172E-1,1.116582295503E0,
-7.157564778839E-1));
#8460=CARTESIAN_POINT('',(-5.766074989099E-1,1.105983836980E0,
-8.226816748091E-1));
#8461=CARTESIAN_POINT('',(-4.323069829554E-1,1.095385378457E0,
-9.068583231980E-1));
#8462=CARTESIAN_POINT('',(-2.760524431235E-1,1.084786919934E0,
-9.659587954529E-1));
#8463=CARTESIAN_POINT('',(-1.121645833894E-1,1.074188461411E0,
-9.983488629197E-1));
#8464=CARTESIAN_POINT('',(5.482481797964E-2,1.063590002888E0,
-1.003132885126E0));
#8465=CARTESIAN_POINT('',(2.202982198301E-1,1.052991544365E0,
-9.801785756331E-1));
#8466=CARTESIAN_POINT('',(3.796800009037E-1,1.042393085842E0,
-9.301206604720E-1));
#8467=CARTESIAN_POINT('',(5.285629838929E-1,1.031794627320E0,
-8.543433250628E-1));
#8468=CARTESIAN_POINT('',(6.628303001259E-1,1.021196168797E0,
-7.549419459363E-1));
#8469=CARTESIAN_POINT('',(7.787692327269E-1,1.010597710274E0,
-6.346651246169E-1));
#8470=CARTESIAN_POINT('',(8.731738618879E-1,9.999992517508E-1,
-4.968387788666E-1));
#8471=CARTESIAN_POINT('',(9.434337799495E-1,9.894007932279E-1,
-3.452738217705E-1));
#8472=CARTESIAN_POINT('',(9.728819449949E-1,9.823351542126E-1,
-2.378660094297E-1));
#8473=CARTESIAN_POINT('',(9.830546046782E-1,9.788023347050E-1,
-1.833129679562E-1));
#8475=CURVE_STYLE('',#15,POSITIVE_LENGTH_MEASURE(2.E-2),#5857);
#8476=PRESENTATION_STYLE_ASSIGNMENT((#8475));
#8477=STYLED_ITEM('',(#8476),#8474);
#8478=CARTESIAN_POINT('',(9.647726305526E-1,1.467273694474E-1,0.E0));
#8479=CARTESIAN_POINT('',(9.626013304805E-1,1.488986695195E-1,
-5.190304562571E-2));
#8480=CARTESIAN_POINT('',(9.498743332585E-1,1.532606436479E-1,
-1.554802120867E-1));
#8481=CARTESIAN_POINT('',(9.053435431599E-1,1.599006062593E-1,
-3.068507572939E-1));
#8482=CARTESIAN_POINT('',(8.370772404608E-1,1.665209318893E-1,
-4.473428327984E-1));
#8483=CARTESIAN_POINT('',(7.495282016573E-1,1.730071172534E-1,
-5.715822074536E-1));
#8484=CARTESIAN_POINT('',(6.414468071256E-1,1.796420630943E-1,
-6.818410726289E-1));
#8485=CARTESIAN_POINT('',(5.159077339168E-1,1.863585783921E-1,
-7.731228364866E-1));
#8486=CARTESIAN_POINT('',(3.780032545634E-1,1.930706877651E-1,
-8.415726796790E-1));
#8487=CARTESIAN_POINT('',(2.349248655125E-1,1.996396916880E-1,
-8.852808011236E-1));
#8488=CARTESIAN_POINT('',(8.633821989410E-2,2.062710300689E-1,
-9.051769354181E-1));
#8489=CARTESIAN_POINT('',(-6.148682857048E-2,2.128594817795E-1,
-9.005947980902E-1));
#8490=CARTESIAN_POINT('',(-2.071200760852E-1,2.195236513273E-1,
-8.717249877062E-1));
#8491=CARTESIAN_POINT('',(-3.438479542234E-1,2.261285619222E-1,
-8.202609733298E-1));
#8492=CARTESIAN_POINT('',(-4.725217188871E-1,2.329035525084E-1,
-7.456801466293E-1));
#8493=CARTESIAN_POINT('',(-5.865578278148E-1,2.397196213465E-1,
-6.505484902735E-1));
#8494=CARTESIAN_POINT('',(-6.815067925049E-1,2.464936599195E-1,
-5.391116009482E-1));
#8495=CARTESIAN_POINT('',(-7.546745714518E-1,2.531229946802E-1,
-4.171943862385E-1));
#8496=CARTESIAN_POINT('',(-8.076793660399E-1,2.599206257214E-1,
-2.825813562780E-1));
#8497=CARTESIAN_POINT('',(-8.369469495494E-1,2.667646073016E-1,
-1.410655627045E-1));
#8498=CARTESIAN_POINT('',(-8.402260634444E-1,2.712739365556E-1,
-4.668150182715E-2));
#8499=CARTESIAN_POINT('',(-8.379777113096E-1,2.735222886904E-1,0.E0));
#8501=CURVE_STYLE('',#15,POSITIVE_LENGTH_MEASURE(2.E-2),#5857);
#8502=PRESENTATION_STYLE_ASSIGNMENT((#8501));
#8503=STYLED_ITEM('',(#8502),#8500);
#8504=CARTESIAN_POINT('',(0.E0,0.E0,0.E0));
#8505=DIRECTION('',(0.E0,-1.E0,0.E0));
#8506=DIRECTION('',(-1.E0,0.E0,0.E0));
#8507=AXIS2_PLACEMENT_3D('',#8504,#8505,#8506);
#8509=CURVE_STYLE('',#15,POSITIVE_LENGTH_MEASURE(2.E-2),#5857);
#8510=PRESENTATION_STYLE_ASSIGNMENT((#8509));
#8511=STYLED_ITEM('',(#8510),#8508);
#8512=DIRECTION('',(-1.E0,0.E0,0.E0));
#8513=VECTOR('',#8512,3.E0);
#8514=CARTESIAN_POINT('',(1.5E0,6.5E-1,-1.5E0));
#8515=LINE('',#8514,#8513);
#8516=CURVE_STYLE('',#15,POSITIVE_LENGTH_MEASURE(2.E-2),#5857);
#8517=PRESENTATION_STYLE_ASSIGNMENT((#8516));
#8518=STYLED_ITEM('',(#8517),#8515);
#8519=DIRECTION('',(0.E0,1.E0,0.E0));
#8520=VECTOR('',#8519,6.5E-1);
#8521=CARTESIAN_POINT('',(1.5E0,0.E0,-1.5E0));
#8522=LINE('',#8521,#8520);
#8523=CURVE_STYLE('',#15,POSITIVE_LENGTH_MEASURE(2.E-2),#5857);
#8524=PRESENTATION_STYLE_ASSIGNMENT((#8523));
#8525=STYLED_ITEM('',(#8524),#8522);
#8526=DIRECTION('',(0.E0,0.E0,1.E0));
#8527=VECTOR('',#8526,3.E0);
#8528=CARTESIAN_POINT('',(-1.5E0,6.5E-1,-1.5E0));
#8529=LINE('',#8528,#8527);
#8530=CURVE_STYLE('',#15,POSITIVE_LENGTH_MEASURE(2.E-2),#5857);
#8531=PRESENTATION_STYLE_ASSIGNMENT((#8530));
#8532=STYLED_ITEM('',(#8531),#8529);
#8533=DIRECTION('',(0.E0,1.E0,0.E0));
#8534=VECTOR('',#8533,6.5E-1);
#8535=CARTESIAN_POINT('',(-1.5E0,0.E0,-1.5E0));
#8536=LINE('',#8535,#8534);
#8537=CURVE_STYLE('',#15,POSITIVE_LENGTH_MEASURE(2.E-2),#5857);
#8538=PRESENTATION_STYLE_ASSIGNMENT((#8537));
#8539=STYLED_ITEM('',(#8538),#8536);
#8540=DIRECTION('',(1.E0,0.E0,0.E0));
#8541=VECTOR('',#8540,3.E0);
#8542=CARTESIAN_POINT('',(-1.5E0,6.5E-1,1.5E0));
#8543=LINE('',#8542,#8541);
#8544=CURVE_STYLE('',#15,POSITIVE_LENGTH_MEASURE(2.E-2),#5857);
#8545=PRESENTATION_STYLE_ASSIGNMENT((#8544));
#8546=STYLED_ITEM('',(#8545),#8543);
#8547=DIRECTION('',(0.E0,1.E0,0.E0));
#8548=VECTOR('',#8547,6.5E-1);
#8549=CARTESIAN_POINT('',(-1.5E0,0.E0,1.5E0));
#8550=LINE('',#8549,#8548);
#8551=CURVE_STYLE('',#15,POSITIVE_LENGTH_MEASURE(2.E-2),#5857);
#8552=PRESENTATION_STYLE_ASSIGNMENT((#8551));
#8553=STYLED_ITEM('',(#8552),#8550);
#8554=CARTESIAN_POINT('',(1.5E0,0.E0,-1.5E0));
#8555=CARTESIAN_POINT('',(-1.5E0,0.E0,-1.5E0));
#8556=VERTEX_POINT('',#8554);
#8557=VERTEX_POINT('',#8555);
#8558=CARTESIAN_POINT('',(-1.5E0,0.E0,1.5E0));
#8559=CARTESIAN_POINT('',(1.5E0,0.E0,1.5E0));
#8560=VERTEX_POINT('',#8558);
#8561=VERTEX_POINT('',#8559);
#8562=CARTESIAN_POINT('',(-1.49E0,6.5E-1,0.E0));
#8563=CARTESIAN_POINT('',(1.49E0,6.5E-1,0.E0));
#8564=VERTEX_POINT('',#8562);
#8565=VERTEX_POINT('',#8563);
#8566=CARTESIAN_POINT('',(1.5E0,6.5E-1,-1.5E0));
#8567=CARTESIAN_POINT('',(-1.5E0,6.5E-1,-1.5E0));
#8568=VERTEX_POINT('',#8566);
#8569=VERTEX_POINT('',#8567);
#8570=CARTESIAN_POINT('',(-1.5E0,6.5E-1,1.5E0));
#8571=CARTESIAN_POINT('',(1.5E0,6.5E-1,1.5E0));
#8572=VERTEX_POINT('',#8570);
#8573=VERTEX_POINT('',#8571);
#8574=CARTESIAN_POINT('',(-1.1115E0,4.5E0,0.E0));
#8575=CARTESIAN_POINT('',(1.1115E0,4.5E0,0.E0));
#8576=VERTEX_POINT('',#8574);
#8577=VERTEX_POINT('',#8575);
#8578=CARTESIAN_POINT('',(-1.1115E0,0.E0,0.E0));
#8579=CARTESIAN_POINT('',(1.1115E0,0.E0,0.E0));
#8580=VERTEX_POINT('',#8578);
#8581=VERTEX_POINT('',#8579);
#8582=CARTESIAN_POINT('',(1.316794919243E0,4.5E0,0.E0));
#8583=CARTESIAN_POINT('',(-1.316794919243E0,4.5E0,0.E0));
#8584=VERTEX_POINT('',#8582);
#8585=VERTEX_POINT('',#8583);
#8586=CARTESIAN_POINT('',(1.49E0,4.2E0,0.E0));
#8587=CARTESIAN_POINT('',(-1.49E0,4.2E0,0.E0));
#8588=VERTEX_POINT('',#8586);
#8589=VERTEX_POINT('',#8587);
#8590=CARTESIAN_POINT('',(4.458708628952E-1,3.437644712021E0,
-8.950972984101E-1));
#8591=CARTESIAN_POINT('',(4.458708628952E-1,3.487644712021E0,
-8.950972984101E-1));
#8592=VERTEX_POINT('',#8590);
#8593=VERTEX_POINT('',#8591);
#8594=CARTESIAN_POINT('',(7.981956096346E-1,2.208223523363E0,
-6.023983472421E-1));
#8595=CARTESIAN_POINT('',(7.981956096346E-1,2.258223523363E0,
-6.023983472421E-1));
#8596=VERTEX_POINT('',#8594);
#8597=VERTEX_POINT('',#8595);
#8598=CARTESIAN_POINT('',(9.830546046782E-1,9.788023347050E-1,
-1.833129679562E-1));
#8599=CARTESIAN_POINT('',(9.830546046782E-1,1.028802334705E0,
-1.833129679562E-1));
#8600=VERTEX_POINT('',#8598);
#8601=VERTEX_POINT('',#8599);
#8602=VERTEX_POINT('',#6267);
#8603=VERTEX_POINT('',#6287);
#8604=VERTEX_POINT('',#6324);
#8605=VERTEX_POINT('',#6344);
#8606=VERTEX_POINT('',#6292);
#8607=VERTEX_POINT('',#6312);
#8608=VERTEX_POINT('',#6381);
#8609=VERTEX_POINT('',#6401);
#8610=VERTEX_POINT('',#6438);
#8611=VERTEX_POINT('',#6458);
#8612=VERTEX_POINT('',#6495);
#8613=VERTEX_POINT('',#6515);
#8614=VERTEX_POINT('',#6349);
#8615=VERTEX_POINT('',#6369);
#8616=VERTEX_POINT('',#6406);
#8617=VERTEX_POINT('',#6426);
#8618=VERTEX_POINT('',#6463);
#8619=VERTEX_POINT('',#6483);
#8620=VERTEX_POINT('',#6552);
#8621=VERTEX_POINT('',#6572);
#8622=VERTEX_POINT('',#6609);
#8623=VERTEX_POINT('',#6629);
#8624=VERTEX_POINT('',#6666);
#8625=VERTEX_POINT('',#6686);
#8626=VERTEX_POINT('',#6520);
#8627=VERTEX_POINT('',#6540);
#8628=VERTEX_POINT('',#6577);
#8629=VERTEX_POINT('',#6597);
#8630=VERTEX_POINT('',#6634);
#8631=VERTEX_POINT('',#6654);
#8632=VERTEX_POINT('',#6723);
#8633=VERTEX_POINT('',#6743);
#8634=VERTEX_POINT('',#6780);
#8635=VERTEX_POINT('',#6797);
#8636=VERTEX_POINT('',#6691);
#8637=VERTEX_POINT('',#6711);
#8638=VERTEX_POINT('',#6748);
#8639=VERTEX_POINT('',#6768);
#8640=VERTEX_POINT('',#6819);
#8641=VERTEX_POINT('',#6932);
#8642=VERTEX_POINT('',#6990);
#8643=VERTEX_POINT('',#7002);
#8644=VERTEX_POINT('',#7177);
#8645=VERTEX_POINT('',#7312);
#8646=VERTEX_POINT('',#7300);
#8647=VERTEX_POINT('',#7423);
#8648=CARTESIAN_POINT('',(-1.E0,4.3885E0,0.E0));
#8649=CARTESIAN_POINT('',(-9.010065394661E-1,4.3885E0,-4.338055046208E-1));
#8650=VERTEX_POINT('',#8648);
#8651=VERTEX_POINT('',#8649);
#8652=VERTEX_POINT('',#7703);
#8653=VERTEX_POINT('',#6232);
#8654=VERTEX_POINT('',#8478);
#8655=VERTEX_POINT('',#8499);
#8656=CARTESIAN_POINT('',(-8.731762407512E-2,1.115E-1,9.961805220571E-1));
#8657=CARTESIAN_POINT('',(6.426631183312E-1,1.115E-1,7.661488865337E-1));
#8658=VERTEX_POINT('',#8656);
#8659=VERTEX_POINT('',#8657);
#8660=VERTEX_POINT('',#8169);
#8661=VERTEX_POINT('',#7572);
#8662=CARTESIAN_POINT('',(-1.49E0,1.5E0,0.E0));
#8663=CARTESIAN_POINT('',(1.49E0,1.5E0,0.E0));
#8664=VERTEX_POINT('',#8662);
#8665=VERTEX_POINT('',#8663);
#8666=CARTESIAN_POINT('',(1.49E0,1.75E0,0.E0));
#8667=CARTESIAN_POINT('',(0.E0,1.75E0,1.49E0));
#8668=VERTEX_POINT('',#8666);
#8669=VERTEX_POINT('',#8667);
#8670=CARTESIAN_POINT('',(-1.49E0,1.75E0,0.E0));
#8671=VERTEX_POINT('',#8670);
#8672=CARTESIAN_POINT('',(0.E0,1.75E0,-1.49E0));
#8673=VERTEX_POINT('',#8672);
#8674=CARTESIAN_POINT('',(3.905124837954E-1,1.5E0,-1.5E0));
#8675=CARTESIAN_POINT('',(-3.905124837954E-1,1.5E0,-1.5E0));
#8676=VERTEX_POINT('',#8674);
#8677=VERTEX_POINT('',#8675);
#8678=CARTESIAN_POINT('',(-3.905124837954E-1,1.5E0,1.5E0));
#8679=CARTESIAN_POINT('',(3.905124837954E-1,1.5E0,1.5E0));
#8680=VERTEX_POINT('',#8678);
#8681=VERTEX_POINT('',#8679);
#8682=VERTEX_POINT('',#6021);
#8683=VERTEX_POINT('',#6110);
#8684=CARTESIAN_POINT('',(1.5E0,1.5E0,-3.905124837954E-1));
#8685=VERTEX_POINT('',#8684);
#8686=CARTESIAN_POINT('',(1.5E0,1.5E0,3.905124837954E-1));
#8687=VERTEX_POINT('',#8686);
#8688=CARTESIAN_POINT('',(-1.5E0,1.5E0,-3.905124837954E-1));
#8689=VERTEX_POINT('',#8688);
#8690=CARTESIAN_POINT('',(-1.5E0,1.5E0,3.905124837954E-1));
#8691=VERTEX_POINT('',#8690);
#8692=CARTESIAN_POINT('',(0.E0,0.E0,0.E0));
#8693=DIRECTION('',(0.E0,1.E0,0.E0));
#8694=DIRECTION('',(1.E0,0.E0,0.E0));
#8695=AXIS2_PLACEMENT_3D('',#8692,#8693,#8694);
#8696=PLANE('',#8695);
#8698=ORIENTED_EDGE('',*,*,#8697,.T.);
#8700=ORIENTED_EDGE('',*,*,#8699,.T.);
#8702=ORIENTED_EDGE('',*,*,#8701,.T.);
#8704=ORIENTED_EDGE('',*,*,#8703,.T.);
#8705=EDGE_LOOP('',(#8698,#8700,#8702,#8704));
#8706=FACE_OUTER_BOUND('',#8705,.F.);
#8708=ORIENTED_EDGE('',*,*,#8707,.T.);
#8710=ORIENTED_EDGE('',*,*,#8709,.T.);
#8711=EDGE_LOOP('',(#8708,#8710));
#8712=FACE_BOUND('',#8711,.F.);
#8714=CARTESIAN_POINT('',(1.5E0,0.E0,1.5E0));
#8715=DIRECTION('',(1.E0,0.E0,0.E0));
#8716=DIRECTION('',(0.E0,0.E0,-1.E0));
#8717=AXIS2_PLACEMENT_3D('',#8714,#8715,#8716);
#8718=PLANE('',#8717);
#8720=ORIENTED_EDGE('',*,*,#8719,.T.);
#8722=ORIENTED_EDGE('',*,*,#8721,.F.);
#8723=ORIENTED_EDGE('',*,*,#8697,.F.);
#8725=ORIENTED_EDGE('',*,*,#8724,.T.);
#8726=EDGE_LOOP('',(#8720,#8722,#8723,#8725));
#8727=FACE_OUTER_BOUND('',#8726,.F.);
#8729=CARTESIAN_POINT('',(0.E0,6.5E-1,0.E0));
#8730=DIRECTION('',(0.E0,-1.E0,0.E0));
#8731=DIRECTION('',(-1.E0,0.E0,0.E0));
#8732=AXIS2_PLACEMENT_3D('',#8729,#8730,#8731);
#8733=PLANE('',#8732);
#8735=ORIENTED_EDGE('',*,*,#8734,.F.);
#8736=ORIENTED_EDGE('',*,*,#8719,.F.);
#8738=ORIENTED_EDGE('',*,*,#8737,.F.);
#8740=ORIENTED_EDGE('',*,*,#8739,.F.);
#8741=EDGE_LOOP('',(#8735,#8736,#8738,#8740));
#8742=FACE_OUTER_BOUND('',#8741,.F.);
#8744=ORIENTED_EDGE('',*,*,#8743,.T.);
#8746=ORIENTED_EDGE('',*,*,#8745,.T.);
#8747=EDGE_LOOP('',(#8744,#8746));
#8748=FACE_BOUND('',#8747,.F.);
#8750=CARTESIAN_POINT('',(0.E0,6.5E-1,0.E0));
#8751=DIRECTION('',(0.E0,-1.E0,0.E0));
#8752=DIRECTION('',(-1.E0,0.E0,0.E0));
#8753=AXIS2_PLACEMENT_3D('',#8750,#8751,#8752);
#8754=CYLINDRICAL_SURFACE('',#8753,1.49E0);
#8756=ORIENTED_EDGE('',*,*,#8755,.T.);
#8758=ORIENTED_EDGE('',*,*,#8757,.F.);
#8759=ORIENTED_EDGE('',*,*,#8743,.F.);
#8761=ORIENTED_EDGE('',*,*,#8760,.T.);
#8762=EDGE_LOOP('',(#8756,#8758,#8759,#8761));
#8763=FACE_OUTER_BOUND('',#8762,.F.);
#8765=CARTESIAN_POINT('',(0.E0,6.5E-1,0.E0));
#8766=DIRECTION('',(0.E0,-1.E0,0.E0));
#8767=DIRECTION('',(-1.E0,0.E0,0.E0));
#8768=AXIS2_PLACEMENT_3D('',#8765,#8766,#8767);
#8769=CYLINDRICAL_SURFACE('',#8768,1.49E0);
#8771=ORIENTED_EDGE('',*,*,#8770,.T.);
#8773=ORIENTED_EDGE('',*,*,#8772,.T.);
#8775=ORIENTED_EDGE('',*,*,#8774,.T.);
#8777=ORIENTED_EDGE('',*,*,#8776,.F.);
#8779=ORIENTED_EDGE('',*,*,#8778,.F.);
#8780=EDGE_LOOP('',(#8771,#8773,#8775,#8777,#8779));
#8781=FACE_OUTER_BOUND('',#8780,.F.);
#8783=CARTESIAN_POINT('',(0.E0,1.5E0,0.E0));
#8784=DIRECTION('',(0.E0,-1.E0,0.E0));
#8785=DIRECTION('',(0.E0,0.E0,1.E0));
#8786=AXIS2_PLACEMENT_3D('',#8783,#8784,#8785);
#8787=PLANE('',#8786);
#8789=ORIENTED_EDGE('',*,*,#8788,.T.);
#8791=ORIENTED_EDGE('',*,*,#8790,.T.);
#8793=ORIENTED_EDGE('',*,*,#8792,.T.);
#8795=ORIENTED_EDGE('',*,*,#8794,.T.);
#8797=ORIENTED_EDGE('',*,*,#8796,.T.);
#8799=ORIENTED_EDGE('',*,*,#8798,.F.);
#8801=ORIENTED_EDGE('',*,*,#8800,.T.);
#8803=ORIENTED_EDGE('',*,*,#8802,.F.);
#8804=EDGE_LOOP('',(#8789,#8791,#8793,#8795,#8797,#8799,#8801,#8803));
#8805=FACE_OUTER_BOUND('',#8804,.F.);
#8806=ORIENTED_EDGE('',*,*,#8755,.F.);
#8808=ORIENTED_EDGE('',*,*,#8807,.F.);
#8809=EDGE_LOOP('',(#8806,#8808));
#8810=FACE_BOUND('',#8809,.F.);
#8812=CARTESIAN_POINT('',(0.E0,6.5E-1,0.E0));
#8813=DIRECTION('',(0.E0,-1.E0,0.E0));
#8814=DIRECTION('',(-1.E0,0.E0,0.E0));
#8815=AXIS2_PLACEMENT_3D('',#8812,#8813,#8814);
#8816=CYLINDRICAL_SURFACE('',#8815,1.49E0);
#8817=ORIENTED_EDGE('',*,*,#8807,.T.);
#8818=ORIENTED_EDGE('',*,*,#8760,.F.);
#8819=ORIENTED_EDGE('',*,*,#8745,.F.);
#8820=ORIENTED_EDGE('',*,*,#8757,.T.);
#8821=EDGE_LOOP('',(#8817,#8818,#8819,#8820));
#8822=FACE_OUTER_BOUND('',#8821,.F.);
#8824=CARTESIAN_POINT('',(0.E0,6.5E-1,0.E0));
#8825=DIRECTION('',(0.E0,-1.E0,0.E0));
#8826=DIRECTION('',(-1.E0,0.E0,0.E0));
#8827=AXIS2_PLACEMENT_3D('',#8824,#8825,#8826);
#8828=CYLINDRICAL_SURFACE('',#8827,1.49E0);
#8830=ORIENTED_EDGE('',*,*,#8829,.T.);
#8831=ORIENTED_EDGE('',*,*,#8778,.T.);
#8833=ORIENTED_EDGE('',*,*,#8832,.F.);
#8834=ORIENTED_EDGE('',*,*,#8774,.F.);
#8836=ORIENTED_EDGE('',*,*,#8835,.T.);
#8837=EDGE_LOOP('',(#8830,#8831,#8833,#8834,#8836));
#8838=FACE_OUTER_BOUND('',#8837,.F.);
#8840=CARTESIAN_POINT('',(0.E0,1.625E0,0.E0));
#8841=DIRECTION('',(0.E0,-1.E0,0.E0));
#8842=DIRECTION('',(0.E0,0.E0,1.E0));
#8843=AXIS2_PLACEMENT_3D('',#8840,#8841,#8842);
#8844=CONICAL_SURFACE('',#8843,1.52E0,1.349573328080E1);
#8846=ORIENTED_EDGE('',*,*,#8845,.T.);
#8847=ORIENTED_EDGE('',*,*,#8802,.T.);
#8849=ORIENTED_EDGE('',*,*,#8848,.T.);
#8850=ORIENTED_EDGE('',*,*,#8798,.T.);
#8852=ORIENTED_EDGE('',*,*,#8851,.T.);
#8854=ORIENTED_EDGE('',*,*,#8853,.T.);
#8855=ORIENTED_EDGE('',*,*,#8770,.F.);
#8856=ORIENTED_EDGE('',*,*,#8829,.F.);
#8858=ORIENTED_EDGE('',*,*,#8857,.F.);
#8859=EDGE_LOOP('',(#8846,#8847,#8849,#8850,#8852,#8854,#8855,#8856,#8858));
#8860=FACE_OUTER_BOUND('',#8859,.F.);
#8862=CARTESIAN_POINT('',(1.5E0,0.E0,-1.5E0));
#8863=DIRECTION('',(0.E0,0.E0,1.E0));
#8864=DIRECTION('',(-1.E0,0.E0,0.E0));
#8865=AXIS2_PLACEMENT_3D('',#8862,#8863,#8864);
#8866=PLANE('',#8865);
#8867=ORIENTED_EDGE('',*,*,#8788,.F.);
#8868=ORIENTED_EDGE('',*,*,#8845,.F.);
#8870=ORIENTED_EDGE('',*,*,#8869,.F.);
#8871=EDGE_LOOP('',(#8867,#8868,#8870));
#8872=FACE_OUTER_BOUND('',#8871,.F.);
#8874=CARTESIAN_POINT('',(0.E0,1.625E0,0.E0));
#8875=DIRECTION('',(0.E0,-1.E0,0.E0));
#8876=DIRECTION('',(0.E0,0.E0,1.E0));
#8877=AXIS2_PLACEMENT_3D('',#8874,#8875,#8876);
#8878=CONICAL_SURFACE('',#8877,1.52E0,1.349573328080E1);
#8879=ORIENTED_EDGE('',*,*,#8869,.T.);
#8880=ORIENTED_EDGE('',*,*,#8857,.T.);
#8881=ORIENTED_EDGE('',*,*,#8835,.F.);
#8882=ORIENTED_EDGE('',*,*,#8772,.F.);
#8883=ORIENTED_EDGE('',*,*,#8853,.F.);
#8885=ORIENTED_EDGE('',*,*,#8884,.T.);
#8886=ORIENTED_EDGE('',*,*,#8794,.F.);
#8888=ORIENTED_EDGE('',*,*,#8887,.T.);
#8889=ORIENTED_EDGE('',*,*,#8790,.F.);
#8890=EDGE_LOOP('',(#8879,#8880,#8881,#8882,#8883,#8885,#8886,#8888,#8889));
#8891=FACE_OUTER_BOUND('',#8890,.F.);
#8893=CARTESIAN_POINT('',(-1.5E0,0.E0,1.5E0));
#8894=DIRECTION('',(0.E0,0.E0,-1.E0));
#8895=DIRECTION('',(1.E0,0.E0,0.E0));
#8896=AXIS2_PLACEMENT_3D('',#8893,#8894,#8895);
#8897=PLANE('',#8896);
#8898=ORIENTED_EDGE('',*,*,#8796,.F.);
#8899=ORIENTED_EDGE('',*,*,#8884,.F.);
#8900=ORIENTED_EDGE('',*,*,#8851,.F.);
#8901=EDGE_LOOP('',(#8898,#8899,#8900));
#8902=FACE_OUTER_BOUND('',#8901,.F.);
#8904=CARTESIAN_POINT('',(-1.5E0,0.E0,-1.5E0));
#8905=DIRECTION('',(1.E0,0.E0,0.E0));
#8906=DIRECTION('',(0.E0,0.E0,1.E0));
#8907=AXIS2_PLACEMENT_3D('',#8904,#8905,#8906);
#8908=PLANE('',#8907);
#8909=ORIENTED_EDGE('',*,*,#8792,.F.);
#8910=ORIENTED_EDGE('',*,*,#8887,.F.);
#8911=EDGE_LOOP('',(#8909,#8910));
#8912=FACE_OUTER_BOUND('',#8911,.F.);
#8914=CARTESIAN_POINT('',(1.5E0,0.E0,1.5E0));
#8915=DIRECTION('',(-1.E0,0.E0,0.E0));
#8916=DIRECTION('',(0.E0,0.E0,-1.E0));
#8917=AXIS2_PLACEMENT_3D('',#8914,#8915,#8916);
#8918=PLANE('',#8917);
#8919=ORIENTED_EDGE('',*,*,#8800,.F.);
#8920=ORIENTED_EDGE('',*,*,#8848,.F.);
#8921=EDGE_LOOP('',(#8919,#8920));
#8922=FACE_OUTER_BOUND('',#8921,.F.);
#8924=CARTESIAN_POINT('',(0.E0,4.35E0,0.E0));
#8925=DIRECTION('',(0.E0,-1.E0,0.E0));
#8926=DIRECTION('',(-1.E0,0.E0,0.E0));
#8927=AXIS2_PLACEMENT_3D('',#8924,#8925,#8926);
#8928=CONICAL_SURFACE('',#8927,1.403397459622E0,3.E1);
#8930=ORIENTED_EDGE('',*,*,#8929,.F.);
#8932=ORIENTED_EDGE('',*,*,#8931,.T.);
#8933=ORIENTED_EDGE('',*,*,#8832,.T.);
#8935=ORIENTED_EDGE('',*,*,#8934,.F.);
#8936=EDGE_LOOP('',(#8930,#8932,#8933,#8935));
#8937=FACE_OUTER_BOUND('',#8936,.F.);
#8939=CARTESIAN_POINT('',(0.E0,4.5E0,0.E0));
#8940=DIRECTION('',(0.E0,1.E0,0.E0));
#8941=DIRECTION('',(1.E0,0.E0,0.E0));
#8942=AXIS2_PLACEMENT_3D('',#8939,#8940,#8941);
#8943=PLANE('',#8942);
#8945=ORIENTED_EDGE('',*,*,#8944,.T.);
#8946=ORIENTED_EDGE('',*,*,#8929,.T.);
#8947=EDGE_LOOP('',(#8945,#8946));
#8948=FACE_OUTER_BOUND('',#8947,.F.);
#8950=ORIENTED_EDGE('',*,*,#8949,.F.);
#8952=ORIENTED_EDGE('',*,*,#8951,.F.);
#8953=EDGE_LOOP('',(#8950,#8952));
#8954=FACE_BOUND('',#8953,.F.);
#8956=CARTESIAN_POINT('',(0.E0,4.35E0,0.E0));
#8957=DIRECTION('',(0.E0,-1.E0,0.E0));
#8958=DIRECTION('',(-1.E0,0.E0,0.E0));
#8959=AXIS2_PLACEMENT_3D('',#8956,#8957,#8958);
#8960=CONICAL_SURFACE('',#8959,1.403397459622E0,3.E1);
#8961=ORIENTED_EDGE('',*,*,#8944,.F.);
#8962=ORIENTED_EDGE('',*,*,#8934,.T.);
#8963=ORIENTED_EDGE('',*,*,#8776,.T.);
#8964=ORIENTED_EDGE('',*,*,#8931,.F.);
#8965=EDGE_LOOP('',(#8961,#8962,#8963,#8964));
#8966=FACE_OUTER_BOUND('',#8965,.F.);
#8968=CARTESIAN_POINT('',(0.E0,4.35E0,0.E0));
#8969=DIRECTION('',(0.E0,1.E0,0.E0));
#8970=DIRECTION('',(-1.E0,0.E0,0.E0));
#8971=AXIS2_PLACEMENT_3D('',#8968,#8969,#8970);
#8972=CONICAL_SURFACE('',#8971,9.615E-1,4.5E1);
#8974=ORIENTED_EDGE('',*,*,#8973,.T.);
#8976=ORIENTED_EDGE('',*,*,#8975,.T.);
#8978=ORIENTED_EDGE('',*,*,#8977,.F.);
#8980=ORIENTED_EDGE('',*,*,#8979,.F.);
#8981=ORIENTED_EDGE('',*,*,#8949,.T.);
#8983=ORIENTED_EDGE('',*,*,#8982,.T.);
#8985=ORIENTED_EDGE('',*,*,#8984,.F.);
#8986=EDGE_LOOP('',(#8974,#8976,#8978,#8980,#8981,#8983,#8985));
#8987=FACE_OUTER_BOUND('',#8986,.F.);
#8989=CARTESIAN_POINT('',(-6.478328609811E-1,4.294893694266E0,
4.777297782483E-1));
#8990=CARTESIAN_POINT('',(-7.251327236393E-1,4.284592761980E0,3.729061029E-1));
#8991=CARTESIAN_POINT('',(-8.277571913920E-1,4.263990897407E0,
1.251086017204E-1));
#8992=CARTESIAN_POINT('',(-7.905129773820E-1,4.233088100547E0,
-2.755820073102E-1));
#8993=CARTESIAN_POINT('',(-5.706095740030E-1,4.202185303688E0,
-6.125777777647E-1));
#8994=CARTESIAN_POINT('',(-2.188761808591E-1,4.171282506829E0,
-8.080488245533E-1));
#8995=CARTESIAN_POINT('',(1.834280376671E-1,4.140379709969E0,
-8.168250463295E-1));
#8996=CARTESIAN_POINT('',(5.433523607551E-1,4.109476913110E0,
-6.368809401181E-1));
#8997=CARTESIAN_POINT('',(7.777396285231E-1,4.078574116251E0,
-3.097905469696E-1));
#8998=CARTESIAN_POINT('',(8.324364531219E-1,4.047671319392E0,
8.887440079702E-2));
#8999=CARTESIAN_POINT('',(6.948056086715E-1,4.016768522532E0,
4.670056495547E-1));
#9000=CARTESIAN_POINT('',(3.966455747162E-1,3.985865725673E0,
7.372390369384E-1));
#9001=CARTESIAN_POINT('',(6.843805549706E-3,3.954962928814E0,
8.371393385389E-1));
#9002=CARTESIAN_POINT('',(-3.845391693806E-1,3.924060131954E0,
7.436254009641E-1));
#9003=CARTESIAN_POINT('',(-6.870774951376E-1,3.893157335095E0,
4.783028595247E-1));
#9004=CARTESIAN_POINT('',(-8.308721509529E-1,3.862254538236E0,
1.024723305371E-1));
#9005=CARTESIAN_POINT('',(-7.827005505056E-1,3.831351741376E0,
-2.970335974130E-1));
#9006=CARTESIAN_POINT('',(-5.536923504920E-1,3.800448944517E0,
-6.279123272886E-1));
#9007=CARTESIAN_POINT('',(-1.967580339004E-1,3.769546147658E0,
-8.137170182868E-1));
#9008=CARTESIAN_POINT('',(2.056356269632E-1,3.738643350798E0,
-8.115190069728E-1));
#9009=CARTESIAN_POINT('',(5.605188478463E-1,3.707740553939E0,
-6.218261259895E-1));
#9010=CARTESIAN_POINT('',(7.858987454202E-1,3.676837757080E0,
-2.884653734745E-1));
#9011=CARTESIAN_POINT('',(8.297031265313E-1,3.645934960220E0,
1.115429586656E-1));
#9012=CARTESIAN_POINT('',(6.818113448190E-1,3.615032163361E0,
4.857801968010E-1));
#9013=CARTESIAN_POINT('',(3.763925949484E-1,3.584129366502E0,
7.477818699497E-1));
#9014=CARTESIAN_POINT('',(-1.598860639225E-2,3.553226569643E0,
8.370146187904E-1));
#9015=CARTESIAN_POINT('',(-4.046757622536E-1,3.522323772783E0,
7.328619516740E-1));
#9016=CARTESIAN_POINT('',(-6.998659025344E-1,3.491420975924E0,
4.593874598784E-1));
#9017=CARTESIAN_POINT('',(-8.333576046348E-1,3.460518179065E0,
7.977533522876E-2));
#9018=CARTESIAN_POINT('',(-7.743092195893E-1,3.429615382205E0,
-3.182686253287E-1));
#9019=CARTESIAN_POINT('',(-5.363614424973E-1,3.398712585346E0,
-6.427777397804E-1));
#9020=CARTESIAN_POINT('',(-1.744974663476E-1,3.367809788487E0,
-8.187837592434E-1));
#9021=CARTESIAN_POINT('',(2.277041980734E-1,3.336906991627E0,
-8.055960081241E-1));
#9022=CARTESIAN_POINT('',(4.607124273376E-1,3.316305127055E0,
-6.727707542465E-1));
#9023=CARTESIAN_POINT('',(5.550395101980E-1,3.306004194768E0,
-5.829616616136E-1));
#9024=CARTESIAN_POINT('',(-7.019279361563E-1,4.333699126681E0,
5.176209752287E-1));
#9025=CARTESIAN_POINT('',(-7.856824603999E-1,4.323398194395E0,
4.040443561203E-1));
#9026=CARTESIAN_POINT('',(-8.968762345775E-1,4.302796329822E0,
1.355553691241E-1));
#9027=CARTESIAN_POINT('',(-8.565220694087E-1,4.271893532962E0,
-2.985935436188E-1));
#9028=CARTESIAN_POINT('',(-6.182563817839E-1,4.240990736103E0,
-6.637289973688E-1));
#9029=CARTESIAN_POINT('',(-2.371526903892E-1,4.210087939244E0,
-8.755221877341E-1));
#9030=CARTESIAN_POINT('',(1.987445708108E-1,4.179185142384E0,
-8.850312379994E-1));
#9031=CARTESIAN_POINT('',(5.887231478392E-1,4.148282345525E0,
-6.900615124669E-1));
#9032=CARTESIAN_POINT('',(8.426821255862E-1,4.117379548666E0,
-3.356585507962E-1));
#9033=CARTESIAN_POINT('',(9.019462221107E-1,4.086476751806E0,
9.629555474247E-2));
#9034=CARTESIAN_POINT('',(7.528229830546E-1,4.055573954947E0,
5.060013647174E-1));
#9035=CARTESIAN_POINT('',(4.297661116240E-1,4.024671158088E0,
7.987996701315E-1));
#9036=CARTESIAN_POINT('',(7.415274207741E-3,3.993768361229E0,
9.070418059466E-1));
#9037=CARTESIAN_POINT('',(-4.166488021706E-1,3.962865564369E0,
8.057193057197E-1));
#9038=CARTESIAN_POINT('',(-7.444495597383E-1,3.931962767510E0,
5.182419097039E-1));
#9039=CARTESIAN_POINT('',(-9.002512982204E-1,3.901059970651E0,
1.110289332624E-1));
#9040=CARTESIAN_POINT('',(-8.480572924515E-1,3.870157173791E0,
-3.218363756439E-1));
#9041=CARTESIAN_POINT('',(-5.999265431793E-1,3.839254376932E0,
-6.803440061891E-1));
#9042=CARTESIAN_POINT('',(-2.131876429496E-1,3.808351580073E0,
-8.816636846675E-1));
#9043=CARTESIAN_POINT('',(2.228065291654E-1,3.777448783213E0,
-8.792821359098E-1));
#9044=CARTESIAN_POINT('',(6.073230639298E-1,3.746545986354E0,
-6.737495973928E-1));
#9045=CARTESIAN_POINT('',(8.515225417328E-1,3.715643189495E0,
-3.125526913669E-1));
#9046=CARTESIAN_POINT('',(8.989846583987E-1,3.684740392635E0,
1.208569732791E-1));
#9047=CARTESIAN_POINT('',(7.387436774848E-1,3.653837595776E0,
5.263436165460E-1));
#9048=CARTESIAN_POINT('',(4.078219758049E-1,3.622934798917E0,
8.102228464823E-1));
#9049=CARTESIAN_POINT('',(-1.732368047822E-2,3.592032002057E0,
9.069066719005E-1));
#9050=CARTESIAN_POINT('',(-4.384668326039E-1,3.561129205198E0,
7.940570912796E-1));
#9051=CARTESIAN_POINT('',(-7.583058195106E-1,3.530226408339E0,
4.977470440758E-1));
#9052=CARTESIAN_POINT('',(-9.029442912414E-1,3.499323611480E0,
8.643670271449E-2));
#9053=CARTESIAN_POINT('',(-8.389652720456E-1,3.468420814620E0,
-3.448445621945E-1));
#9054=CARTESIAN_POINT('',(-5.811484767781E-1,3.437518017761E0,
-6.964507042881E-1));
#9055=CARTESIAN_POINT('',(-1.890682825697E-1,3.406615220902E0,
-8.871535065597E-1));
#9056=CARTESIAN_POINT('',(2.467178610942E-1,3.375712424042E0,
-8.728645572284E-1));
#9057=CARTESIAN_POINT('',(4.991826484271E-1,3.355110559470E0,
-7.289481832079E-1));
#9058=CARTESIAN_POINT('',(6.013861928654E-1,3.344809627183E0,
-6.316398883733E-1));
#9059=CARTESIAN_POINT('',(-7.560230113315E-1,4.372504559096E0,
5.575121722091E-1));
#9060=CARTESIAN_POINT('',(-8.462321971604E-1,4.362203626809E0,
4.351826093406E-1));
#9061=CARTESIAN_POINT('',(-9.659952777630E-1,4.341601762237E0,
1.460021365278E-1));
#9062=CARTESIAN_POINT('',(-9.225311614354E-1,4.310698965377E0,
-3.216050799273E-1));
#9063=CARTESIAN_POINT('',(-6.659031895649E-1,4.279796168518E0,
-7.148802169730E-1));
#9064=CARTESIAN_POINT('',(-2.554291999193E-1,4.248893371659E0,
-9.429955509149E-1));
#9065=CARTESIAN_POINT('',(2.140611039546E-1,4.217990574799E0,
-9.532374296693E-1));
#9066=CARTESIAN_POINT('',(6.340939349233E-1,4.187087777940E0,
-7.432420848157E-1));
#9067=CARTESIAN_POINT('',(9.076246226493E-1,4.156184981081E0,
-3.615265546228E-1));
#9068=CARTESIAN_POINT('',(9.714559910996E-1,4.125282184221E0,
1.037167086879E-1));
#9069=CARTESIAN_POINT('',(8.108403574377E-1,4.094379387362E0,
5.449970798802E-1));
#9070=CARTESIAN_POINT('',(4.628866485317E-1,4.063476590503E0,
8.603603033245E-1));
#9071=CARTESIAN_POINT('',(7.986742865773E-3,4.032573793643E0,
9.769442733543E-1));
#9072=CARTESIAN_POINT('',(-4.487584349607E-1,4.001670996784E0,
8.678132104753E-1));
#9073=CARTESIAN_POINT('',(-8.018216243389E-1,3.970768199925E0,
5.581809598832E-1));
#9074=CARTESIAN_POINT('',(-9.696304454879E-1,3.939865403066E0,
1.195855359876E-1));
#9075=CARTESIAN_POINT('',(-9.134140343975E-1,3.908962606206E0,
-3.466391538749E-1));
#9076=CARTESIAN_POINT('',(-6.461607358666E-1,3.878059809347E0,
-7.327756850895E-1));
#9077=CARTESIAN_POINT('',(-2.296172519989E-1,3.847157012488E0,
-9.496103510482E-1));
#9078=CARTESIAN_POINT('',(2.399774313676E-1,3.816254215628E0,
-9.470452648468E-1));
#9079=CARTESIAN_POINT('',(6.541272800133E-1,3.785351418769E0,
-7.256730687961E-1));
#9080=CARTESIAN_POINT('',(9.171463380453E-1,3.754448621910E0,
-3.366400092592E-1));
#9081=CARTESIAN_POINT('',(9.682661902661E-1,3.723545825050E0,
1.301709878926E-1));
#9082=CARTESIAN_POINT('',(7.956760101507E-1,3.692643028191E0,
5.669070362910E-1));
#9083=CARTESIAN_POINT('',(4.392513566613E-1,3.661740231332E0,
8.726638230148E-1));
#9084=CARTESIAN_POINT('',(-1.865875456419E-2,3.630837434472E0,
9.767987250107E-1));
#9085=CARTESIAN_POINT('',(-4.722579029542E-1,3.599934637613E0,
8.552522308852E-1));
#9086=CARTESIAN_POINT('',(-8.167457364867E-1,3.569031840754E0,
5.361066282732E-1));
#9087=CARTESIAN_POINT('',(-9.725309778479E-1,3.538129043895E0,
9.309807020022E-2));
#9088=CARTESIAN_POINT('',(-9.036213245019E-1,3.507226247035E0,
-3.714204990603E-1));
#9089=CARTESIAN_POINT('',(-6.259355110588E-1,3.476323450176E0,
-7.501236687958E-1));
#9090=CARTESIAN_POINT('',(-2.036390987917E-1,3.445420653317E0,
-9.555232538760E-1));
#9091=CARTESIAN_POINT('',(2.657315241150E-1,3.414517856457E0,
-9.401331063327E-1));
#9092=CARTESIAN_POINT('',(5.376528695165E-1,3.393915991884E0,
-7.851256121693E-1));
#9093=CARTESIAN_POINT('',(6.477328755327E-1,3.383615059598E0,
-6.803181151330E-1));
#9094=CARTESIAN_POINT('',(-8.101180865067E-1,4.411309991511E0,
5.974033691894E-1));
#9095=CARTESIAN_POINT('',(-9.067819339210E-1,4.401009059224E0,
4.663208625609E-1));
#9096=CARTESIAN_POINT('',(-1.035114320949E0,4.380407194652E0,
1.564489039314E-1));
#9097=CARTESIAN_POINT('',(-9.885402534621E-1,4.349504397792E0,
-3.446166162359E-1));
#9098=CARTESIAN_POINT('',(-7.135499973459E-1,4.318601600933E0,
-7.660314365771E-1));
#9099=CARTESIAN_POINT('',(-2.737057094494E-1,4.287698804074E0,
-1.010468914096E0));
#9100=CARTESIAN_POINT('',(2.293776370983E-1,4.256796007214E0,
-1.021443621339E0));
#9101=CARTESIAN_POINT('',(6.794647220074E-1,4.225893210355E0,
-7.964226571644E-1));
#9102=CARTESIAN_POINT('',(9.725671197125E-1,4.194990413496E0,
-3.873945584495E-1));
#9103=CARTESIAN_POINT('',(1.040965760088E0,4.164087616636E0,1.111378626334E-1));
#9104=CARTESIAN_POINT('',(8.688577318209E-1,4.133184819777E0,
5.839927950429E-1));
#9105=CARTESIAN_POINT('',(4.960071854395E-1,4.102282022918E0,
9.219209365175E-1));
#9106=CARTESIAN_POINT('',(8.558211523807E-3,4.071379226058E0,1.046846740762E0));
#9107=CARTESIAN_POINT('',(-4.808680677508E-1,4.040476429199E0,
9.299071152309E-1));
#9108=CARTESIAN_POINT('',(-8.591936889396E-1,4.009573632340E0,
5.981200100624E-1));
#9109=CARTESIAN_POINT('',(-1.039009592755E0,3.978670835481E0,
1.281421387129E-1));
#9110=CARTESIAN_POINT('',(-9.787707763434E-1,3.947768038621E0,
-3.714419321058E-1));
#9111=CARTESIAN_POINT('',(-6.923949285539E-1,3.916865241762E0,
-7.852073639899E-1));
#9112=CARTESIAN_POINT('',(-2.460468610481E-1,3.885962444903E0,
-1.017557017429E0));
#9113=CARTESIAN_POINT('',(2.571483335698E-1,3.855059648043E0,
-1.014808393784E0));
#9114=CARTESIAN_POINT('',(7.009314960968E-1,3.824156851184E0,
-7.775965401994E-1));
#9115=CARTESIAN_POINT('',(9.827701343578E-1,3.793254054325E0,
-3.607273271515E-1));
#9116=CARTESIAN_POINT('',(1.037547722133E0,3.762351257465E0,1.394850025061E-1));
#9117=CARTESIAN_POINT('',(8.526083428166E-1,3.731448460606E0,
6.074704560359E-1));
#9118=CARTESIAN_POINT('',(4.706807375178E-1,3.700545663747E0,
9.351047995474E-1));
#9119=CARTESIAN_POINT('',(-1.999382865016E-2,3.669642866887E0,
1.046690778121E0));
#9120=CARTESIAN_POINT('',(-5.060489733046E-1,3.638740070028E0,
9.164473704908E-1));
#9121=CARTESIAN_POINT('',(-8.751856534628E-1,3.607837273169E0,
5.744662124707E-1));
#9122=CARTESIAN_POINT('',(-1.042117664455E0,3.576934476309E0,
9.975943768594E-2));
#9123=CARTESIAN_POINT('',(-9.682773769582E-1,3.546031679450E0,
-3.979964359262E-1));
#9124=CARTESIAN_POINT('',(-6.707225453396E-1,3.515128882591E0,
-8.037966333034E-1));
#9125=CARTESIAN_POINT('',(-2.182099150137E-1,3.484226085732E0,
-1.023893001192E0));
#9126=CARTESIAN_POINT('',(2.847451871358E-1,3.453323288872E0,
-1.007401655437E0));
#9127=CARTESIAN_POINT('',(5.761230906060E-1,3.432721424299E0,
-8.413030411307E-1));
#9128=CARTESIAN_POINT('',(6.940795582E-1,3.422420492013E0,-7.289963418927E-1));
#9129=B_SPLINE_SURFACE_WITH_KNOTS('',3,3,((#8989,#8990,#8991,#8992,#8993,#8994,
#8995,#8996,#8997,#8998,#8999,#9000,#9001,#9002,#9003,#9004,#9005,#9006,#9007,
#9008,#9009,#9010,#9011,#9012,#9013,#9014,#9015,#9016,#9017,#9018,#9019,#9020,
#9021,#9022,#9023),(#9024,#9025,#9026,#9027,#9028,#9029,#9030,#9031,#9032,#9033,
#9034,#9035,#9036,#9037,#9038,#9039,#9040,#9041,#9042,#9043,#9044,#9045,#9046,
#9047,#9048,#9049,#9050,#9051,#9052,#9053,#9054,#9055,#9056,#9057,#9058),(#9059,
#9060,#9061,#9062,#9063,#9064,#9065,#9066,#9067,#9068,#9069,#9070,#9071,#9072,
#9073,#9074,#9075,#9076,#9077,#9078,#9079,#9080,#9081,#9082,#9083,#9084,#9085,
#9086,#9087,#9088,#9089,#9090,#9091,#9092,#9093),(#9094,#9095,#9096,#9097,#9098,
#9099,#9100,#9101,#9102,#9103,#9104,#9105,#9106,#9107,#9108,#9109,#9110,#9111,
#9112,#9113,#9114,#9115,#9116,#9117,#9118,#9119,#9120,#9121,#9122,#9123,#9124,
#9125,#9126,#9127,#9128)),.UNSPECIFIED.,.F.,.F.,.F.,(4,4),(4,1,1,1,1,1,1,1,1,1,
1,1,1,1,1,1,1,1,1,1,1,1,1,1,1,1,1,1,1,1,1,1,4),(-3.485130413038E-2,
1.034851304130E0),(2.111146263903E-1,2.362506799612E-1,2.613867335321E-1,
2.865227871030E-1,3.116588406739E-1,3.367948942448E-1,3.619309478157E-1,
3.870670013866E-1,4.122030549575E-1,4.373391085284E-1,4.624751620993E-1,
4.876112156701E-1,5.127472692410E-1,5.378833228119E-1,5.630193763828E-1,
5.881554299537E-1,6.132914835246E-1,6.384275370955E-1,6.635635906664E-1,
6.886996442373E-1,7.138356978082E-1,7.389717513791E-1,7.641078049500E-1,
7.892438585209E-1,8.143799120918E-1,8.395159656627E-1,8.646520192336E-1,
8.897880728045E-1,9.149241263754E-1,9.400601799463E-1,9.651962335172E-1,
9.903322870881E-1,1.015468340659E0),.UNSPECIFIED.);
#9131=ORIENTED_EDGE('',*,*,#9130,.T.);
#9133=ORIENTED_EDGE('',*,*,#9132,.T.);
#9134=ORIENTED_EDGE('',*,*,#8973,.F.);
#9136=ORIENTED_EDGE('',*,*,#9135,.T.);
#9138=ORIENTED_EDGE('',*,*,#9137,.F.);
#9140=ORIENTED_EDGE('',*,*,#9139,.T.);
#9142=ORIENTED_EDGE('',*,*,#9141,.T.);
#9144=ORIENTED_EDGE('',*,*,#9143,.T.);
#9145=EDGE_LOOP('',(#9131,#9133,#9134,#9136,#9138,#9140,#9142,#9144));
#9146=FACE_OUTER_BOUND('',#9145,.F.);
#9148=CARTESIAN_POINT('',(0.E0,4.5E0,0.E0));
#9149=DIRECTION('',(0.E0,-1.E0,0.E0));
#9150=DIRECTION('',(1.E0,0.E0,0.E0));
#9151=AXIS2_PLACEMENT_3D('',#9148,#9149,#9150);
#9152=CYLINDRICAL_SURFACE('',#9151,8.115E-1);
#9153=ORIENTED_EDGE('',*,*,#9130,.F.);
#9155=ORIENTED_EDGE('',*,*,#9154,.T.);
#9157=ORIENTED_EDGE('',*,*,#9156,.F.);
#9159=ORIENTED_EDGE('',*,*,#9158,.F.);
#9160=EDGE_LOOP('',(#9153,#9155,#9157,#9159));
#9161=FACE_OUTER_BOUND('',#9160,.F.);
#9163=CARTESIAN_POINT('',(0.E0,4.5E0,0.E0));
#9164=DIRECTION('',(0.E0,-1.E0,0.E0));
#9165=DIRECTION('',(1.E0,0.E0,0.E0));
#9166=AXIS2_PLACEMENT_3D('',#9163,#9164,#9165);
#9167=CYLINDRICAL_SURFACE('',#9166,8.115E-1);
#9168=ORIENTED_EDGE('',*,*,#9141,.F.);
#9170=ORIENTED_EDGE('',*,*,#9169,.T.);
#9172=ORIENTED_EDGE('',*,*,#9171,.F.);
#9174=ORIENTED_EDGE('',*,*,#9173,.F.);
#9175=EDGE_LOOP('',(#9168,#9170,#9172,#9174));
#9176=FACE_OUTER_BOUND('',#9175,.F.);
#9178=CARTESIAN_POINT('',(0.E0,4.5E0,0.E0));
#9179=DIRECTION('',(0.E0,-1.E0,0.E0));
#9180=DIRECTION('',(1.E0,0.E0,0.E0));
#9181=AXIS2_PLACEMENT_3D('',#9178,#9179,#9180);
#9182=CYLINDRICAL_SURFACE('',#9181,8.115E-1);
#9184=ORIENTED_EDGE('',*,*,#9183,.F.);
#9186=ORIENTED_EDGE('',*,*,#9185,.T.);
#9188=ORIENTED_EDGE('',*,*,#9187,.F.);
#9190=ORIENTED_EDGE('',*,*,#9189,.F.);
#9191=EDGE_LOOP('',(#9184,#9186,#9188,#9190));
#9192=FACE_OUTER_BOUND('',#9191,.F.);
#9194=CARTESIAN_POINT('',(0.E0,4.5E0,0.E0));
#9195=DIRECTION('',(0.E0,-1.E0,0.E0));
#9196=DIRECTION('',(1.E0,0.E0,0.E0));
#9197=AXIS2_PLACEMENT_3D('',#9194,#9195,#9196);
#9198=CYLINDRICAL_SURFACE('',#9197,8.115E-1);
#9200=ORIENTED_EDGE('',*,*,#9199,.F.);
#9202=ORIENTED_EDGE('',*,*,#9201,.T.);
#9204=ORIENTED_EDGE('',*,*,#9203,.F.);
#9206=ORIENTED_EDGE('',*,*,#9205,.F.);
#9207=EDGE_LOOP('',(#9200,#9202,#9204,#9206));
#9208=FACE_OUTER_BOUND('',#9207,.F.);
#9210=CARTESIAN_POINT('',(0.E0,4.5E0,0.E0));
#9211=DIRECTION('',(0.E0,-1.E0,0.E0));
#9212=DIRECTION('',(1.E0,0.E0,0.E0));
#9213=AXIS2_PLACEMENT_3D('',#9210,#9211,#9212);
#9214=CYLINDRICAL_SURFACE('',#9213,8.115E-1);
#9216=ORIENTED_EDGE('',*,*,#9215,.F.);
#9218=ORIENTED_EDGE('',*,*,#9217,.T.);
#9220=ORIENTED_EDGE('',*,*,#9219,.F.);
#9222=ORIENTED_EDGE('',*,*,#9221,.F.);
#9223=EDGE_LOOP('',(#9216,#9218,#9220,#9222));
#9224=FACE_OUTER_BOUND('',#9223,.F.);
#9226=CARTESIAN_POINT('',(0.E0,4.5E0,0.E0));
#9227=DIRECTION('',(0.E0,-1.E0,0.E0));
#9228=DIRECTION('',(1.E0,0.E0,0.E0));
#9229=AXIS2_PLACEMENT_3D('',#9226,#9227,#9228);
#9230=CYLINDRICAL_SURFACE('',#9229,8.115E-1);
#9232=ORIENTED_EDGE('',*,*,#9231,.F.);
#9234=ORIENTED_EDGE('',*,*,#9233,.T.);
#9236=ORIENTED_EDGE('',*,*,#9235,.F.);
#9238=ORIENTED_EDGE('',*,*,#9237,.F.);
#9239=EDGE_LOOP('',(#9232,#9234,#9236,#9238));
#9240=FACE_OUTER_BOUND('',#9239,.F.);
#9242=CARTESIAN_POINT('',(0.E0,4.5E0,0.E0));
#9243=DIRECTION('',(0.E0,-1.E0,0.E0));
#9244=DIRECTION('',(1.E0,0.E0,0.E0));
#9245=AXIS2_PLACEMENT_3D('',#9242,#9243,#9244);
#9246=CYLINDRICAL_SURFACE('',#9245,8.115E-1);
#9248=ORIENTED_EDGE('',*,*,#9247,.F.);
#9250=ORIENTED_EDGE('',*,*,#9249,.T.);
#9252=ORIENTED_EDGE('',*,*,#9251,.F.);
#9254=ORIENTED_EDGE('',*,*,#9253,.F.);
#9255=EDGE_LOOP('',(#9248,#9250,#9252,#9254));
#9256=FACE_OUTER_BOUND('',#9255,.F.);
#9258=CARTESIAN_POINT('',(0.E0,4.5E0,0.E0));
#9259=DIRECTION('',(0.E0,-1.E0,0.E0));
#9260=DIRECTION('',(1.E0,0.E0,0.E0));
#9261=AXIS2_PLACEMENT_3D('',#9258,#9259,#9260);
#9262=CYLINDRICAL_SURFACE('',#9261,8.115E-1);
#9264=ORIENTED_EDGE('',*,*,#9263,.F.);
#9266=ORIENTED_EDGE('',*,*,#9265,.T.);
#9268=ORIENTED_EDGE('',*,*,#9267,.F.);
#9270=ORIENTED_EDGE('',*,*,#9269,.F.);
#9271=EDGE_LOOP('',(#9264,#9266,#9268,#9270));
#9272=FACE_OUTER_BOUND('',#9271,.F.);
#9274=CARTESIAN_POINT('',(0.E0,4.5E0,0.E0));
#9275=DIRECTION('',(0.E0,-1.E0,0.E0));
#9276=DIRECTION('',(1.E0,0.E0,0.E0));
#9277=AXIS2_PLACEMENT_3D('',#9274,#9275,#9276);
#9278=CYLINDRICAL_SURFACE('',#9277,8.115E-1);
#9280=ORIENTED_EDGE('',*,*,#9279,.F.);
#9282=ORIENTED_EDGE('',*,*,#9281,.T.);
#9284=ORIENTED_EDGE('',*,*,#9283,.F.);
#9286=ORIENTED_EDGE('',*,*,#9285,.F.);
#9287=EDGE_LOOP('',(#9280,#9282,#9284,#9286));
#9288=FACE_OUTER_BOUND('',#9287,.F.);
#9290=CARTESIAN_POINT('',(0.E0,4.5E0,0.E0));
#9291=DIRECTION('',(0.E0,-1.E0,0.E0));
#9292=DIRECTION('',(1.E0,0.E0,0.E0));
#9293=AXIS2_PLACEMENT_3D('',#9290,#9291,#9292);
#9294=CYLINDRICAL_SURFACE('',#9293,8.115E-1);
#9296=ORIENTED_EDGE('',*,*,#9295,.F.);
#9298=ORIENTED_EDGE('',*,*,#9297,.F.);
#9300=ORIENTED_EDGE('',*,*,#9299,.F.);
#9302=ORIENTED_EDGE('',*,*,#9301,.F.);
#9303=EDGE_LOOP('',(#9296,#9298,#9300,#9302));
#9304=FACE_OUTER_BOUND('',#9303,.F.);
#9306=CARTESIAN_POINT('',(0.E0,4.5E0,0.E0));
#9307=DIRECTION('',(0.E0,-1.E0,0.E0));
#9308=DIRECTION('',(1.E0,0.E0,0.E0));
#9309=AXIS2_PLACEMENT_3D('',#9306,#9307,#9308);
#9310=CYLINDRICAL_SURFACE('',#9309,8.115E-1);
#9311=ORIENTED_EDGE('',*,*,#9139,.F.);
#9313=ORIENTED_EDGE('',*,*,#9312,.F.);
#9314=ORIENTED_EDGE('',*,*,#9189,.T.);
#9316=ORIENTED_EDGE('',*,*,#9315,.F.);
#9317=ORIENTED_EDGE('',*,*,#9169,.F.);
#9318=EDGE_LOOP('',(#9311,#9313,#9314,#9316,#9317));
#9319=FACE_OUTER_BOUND('',#9318,.F.);
#9321=CARTESIAN_POINT('',(0.E0,4.5E0,0.E0));
#9322=DIRECTION('',(0.E0,-1.E0,0.E0));
#9323=DIRECTION('',(1.E0,0.E0,0.E0));
#9324=AXIS2_PLACEMENT_3D('',#9321,#9322,#9323);
#9325=CYLINDRICAL_SURFACE('',#9324,8.115E-1);
#9327=ORIENTED_EDGE('',*,*,#9326,.T.);
#9328=ORIENTED_EDGE('',*,*,#8975,.F.);
#9329=ORIENTED_EDGE('',*,*,#9132,.F.);
#9330=ORIENTED_EDGE('',*,*,#9158,.T.);
#9331=EDGE_LOOP('',(#9327,#9328,#9329,#9330));
#9332=FACE_OUTER_BOUND('',#9331,.F.);
#9334=CARTESIAN_POINT('',(0.E0,4.5E0,0.E0));
#9335=DIRECTION('',(0.E0,-1.E0,0.E0));
#9336=DIRECTION('',(1.E0,0.E0,0.E0));
#9337=AXIS2_PLACEMENT_3D('',#9334,#9335,#9336);
#9338=CYLINDRICAL_SURFACE('',#9337,8.115E-1);
#9339=ORIENTED_EDGE('',*,*,#9143,.F.);
#9340=ORIENTED_EDGE('',*,*,#9173,.T.);
#9342=ORIENTED_EDGE('',*,*,#9341,.F.);
#9344=ORIENTED_EDGE('',*,*,#9343,.F.);
#9345=ORIENTED_EDGE('',*,*,#9154,.F.);
#9346=EDGE_LOOP('',(#9339,#9340,#9342,#9344,#9345));
#9347=FACE_OUTER_BOUND('',#9346,.F.);
#9349=CARTESIAN_POINT('',(0.E0,4.5E0,0.E0));
#9350=DIRECTION('',(0.E0,-1.E0,0.E0));
#9351=DIRECTION('',(1.E0,0.E0,0.E0));
#9352=AXIS2_PLACEMENT_3D('',#9349,#9350,#9351);
#9353=CYLINDRICAL_SURFACE('',#9352,8.115E-1);
#9355=ORIENTED_EDGE('',*,*,#9354,.F.);
#9357=ORIENTED_EDGE('',*,*,#9356,.F.);
#9358=ORIENTED_EDGE('',*,*,#9237,.T.);
#9360=ORIENTED_EDGE('',*,*,#9359,.F.);
#9361=ORIENTED_EDGE('',*,*,#9217,.F.);
#9362=EDGE_LOOP('',(#9355,#9357,#9358,#9360,#9361));
#9363=FACE_OUTER_BOUND('',#9362,.F.);
#9365=CARTESIAN_POINT('',(0.E0,4.5E0,0.E0));
#9366=DIRECTION('',(0.E0,-1.E0,0.E0));
#9367=DIRECTION('',(1.E0,0.E0,0.E0));
#9368=AXIS2_PLACEMENT_3D('',#9365,#9366,#9367);
#9369=CYLINDRICAL_SURFACE('',#9368,8.115E-1);
#9371=ORIENTED_EDGE('',*,*,#9370,.F.);
#9372=ORIENTED_EDGE('',*,*,#9205,.T.);
#9374=ORIENTED_EDGE('',*,*,#9373,.F.);
#9375=ORIENTED_EDGE('',*,*,#9185,.F.);
#9376=EDGE_LOOP('',(#9371,#9372,#9374,#9375));
#9377=FACE_OUTER_BOUND('',#9376,.F.);
#9379=CARTESIAN_POINT('',(0.E0,4.5E0,0.E0));
#9380=DIRECTION('',(0.E0,-1.E0,0.E0));
#9381=DIRECTION('',(1.E0,0.E0,0.E0));
#9382=AXIS2_PLACEMENT_3D('',#9379,#9380,#9381);
#9383=CYLINDRICAL_SURFACE('',#9382,8.115E-1);
#9385=ORIENTED_EDGE('',*,*,#9384,.F.);
#9386=ORIENTED_EDGE('',*,*,#9221,.T.);
#9388=ORIENTED_EDGE('',*,*,#9387,.F.);
#9390=ORIENTED_EDGE('',*,*,#9389,.F.);
#9391=ORIENTED_EDGE('',*,*,#9201,.F.);
#9392=EDGE_LOOP('',(#9385,#9386,#9388,#9390,#9391));
#9393=FACE_OUTER_BOUND('',#9392,.F.);
#9395=CARTESIAN_POINT('',(0.E0,4.5E0,0.E0));
#9396=DIRECTION('',(0.E0,-1.E0,0.E0));
#9397=DIRECTION('',(1.E0,0.E0,0.E0));
#9398=AXIS2_PLACEMENT_3D('',#9395,#9396,#9397);
#9399=CYLINDRICAL_SURFACE('',#9398,8.115E-1);
#9401=ORIENTED_EDGE('',*,*,#9400,.F.);
#9402=ORIENTED_EDGE('',*,*,#9253,.T.);
#9404=ORIENTED_EDGE('',*,*,#9403,.F.);
#9405=ORIENTED_EDGE('',*,*,#9233,.F.);
#9406=EDGE_LOOP('',(#9401,#9402,#9404,#9405));
#9407=FACE_OUTER_BOUND('',#9406,.F.);
#9409=CARTESIAN_POINT('',(0.E0,4.5E0,0.E0));
#9410=DIRECTION('',(0.E0,-1.E0,0.E0));
#9411=DIRECTION('',(1.E0,0.E0,0.E0));
#9412=AXIS2_PLACEMENT_3D('',#9409,#9410,#9411);
#9413=CYLINDRICAL_SURFACE('',#9412,8.115E-1);
#9415=ORIENTED_EDGE('',*,*,#9414,.F.);
#9416=ORIENTED_EDGE('',*,*,#9269,.T.);
#9418=ORIENTED_EDGE('',*,*,#9417,.F.);
#9420=ORIENTED_EDGE('',*,*,#9419,.F.);
#9421=ORIENTED_EDGE('',*,*,#9249,.F.);
#9422=EDGE_LOOP('',(#9415,#9416,#9418,#9420,#9421));
#9423=FACE_OUTER_BOUND('',#9422,.F.);
#9425=CARTESIAN_POINT('',(0.E0,4.5E0,0.E0));
#9426=DIRECTION('',(0.E0,-1.E0,0.E0));
#9427=DIRECTION('',(1.E0,0.E0,0.E0));
#9428=AXIS2_PLACEMENT_3D('',#9425,#9426,#9427);
#9429=CYLINDRICAL_SURFACE('',#9428,8.115E-1);
#9431=ORIENTED_EDGE('',*,*,#9430,.F.);
#9433=ORIENTED_EDGE('',*,*,#9432,.F.);
#9434=ORIENTED_EDGE('',*,*,#9285,.T.);
#9436=ORIENTED_EDGE('',*,*,#9435,.F.);
#9437=ORIENTED_EDGE('',*,*,#9265,.F.);
#9438=EDGE_LOOP('',(#9431,#9433,#9434,#9436,#9437));
#9439=FACE_OUTER_BOUND('',#9438,.F.);
#9441=CARTESIAN_POINT('',(0.E0,4.5E0,0.E0));
#9442=DIRECTION('',(0.E0,-1.E0,0.E0));
#9443=DIRECTION('',(1.E0,0.E0,0.E0));
#9444=AXIS2_PLACEMENT_3D('',#9441,#9442,#9443);
#9445=CYLINDRICAL_SURFACE('',#9444,8.115E-1);
#9447=ORIENTED_EDGE('',*,*,#9446,.F.);
#9448=ORIENTED_EDGE('',*,*,#9301,.T.);
#9450=ORIENTED_EDGE('',*,*,#9449,.F.);
#9451=ORIENTED_EDGE('',*,*,#9281,.F.);
#9452=EDGE_LOOP('',(#9447,#9448,#9450,#9451));
#9453=FACE_OUTER_BOUND('',#9452,.F.);
#9455=CARTESIAN_POINT('',(6.104593367530E-2,3.349609724301E0,
-8.026123290692E-1));
#9456=CARTESIAN_POINT('',(2.289605508987E-1,3.336290994757E0,
-7.898409022983E-1));
#9457=CARTESIAN_POINT('',(5.559821166843E-1,3.309653535669E0,
-6.554466908071E-1));
#9458=CARTESIAN_POINT('',(8.349933626219E-1,3.269697347038E0,
-2.039969412326E-1));
#9459=CARTESIAN_POINT('',(7.956347280168E-1,3.229741158407E0,
3.251996863258E-1));
#9460=CARTESIAN_POINT('',(4.530424454303E-1,3.189784969775E0,
7.304462131257E-1));
#9461=CARTESIAN_POINT('',(-6.223791967402E-2,3.149828781144E0,
8.572771950364E-1));
#9462=CARTESIAN_POINT('',(-5.537938031206E-1,3.109872592513E0,
6.573508009976E-1));
#9463=CARTESIAN_POINT('',(-8.342676369610E-1,3.069916403881E0,
2.068702552386E-1));
#9464=CARTESIAN_POINT('',(-7.967540562612E-1,3.029960215250E0,
-3.224604042220E-1));
#9465=CARTESIAN_POINT('',(-4.555518248523E-1,2.990004026618E0,
-7.288829032932E-1));
#9466=CARTESIAN_POINT('',(5.928735785431E-2,2.950047837987E0,
-8.574863025846E-1));
#9467=CARTESIAN_POINT('',(5.515287236571E-1,2.910091649356E0,
-6.592524681592E-1));
#9468=CARTESIAN_POINT('',(8.335508459768E-1,2.870135460724E0,
-2.097396890379E-1));
#9469=CARTESIAN_POINT('',(7.978589101335E-1,2.830179272093E0,
3.197169207788E-1));
#9470=CARTESIAN_POINT('',(4.580571611972E-1,2.790223083461E0,
7.273110661926E-1));
#9471=CARTESIAN_POINT('',(-5.633645598147E-2,2.750266894830E0,
8.576852299387E-1));
#9472=CARTESIAN_POINT('',(-5.492570171005E-1,2.710310706199E0,
6.611463371244E-1));
#9473=CARTESIAN_POINT('',(-8.328242117056E-1,2.670354517567E0,
2.126066375366E-1));
#9474=CARTESIAN_POINT('',(-7.989543103669E-1,2.630398328936E0,
-3.169696513491E-1));
#9475=CARTESIAN_POINT('',(-4.605570759925E-1,2.590442140304E0,
-7.257306178363E-1));
#9476=CARTESIAN_POINT('',(5.338488757364E-2,2.550485951673E0,
-8.578740022668E-1));
#9477=CARTESIAN_POINT('',(5.469788072224E-1,2.510529763042E0,
-6.630323779745E-1));
#9478=CARTESIAN_POINT('',(8.320877166737E-1,2.470573574410E0,
-2.154710692469E-1));
#9479=CARTESIAN_POINT('',(8.000402514253E-1,2.430617385779E0,
3.142186307951E-1));
#9480=CARTESIAN_POINT('',(4.630515359815E-1,2.390661197147E0,
7.241415700572E-1));
#9481=CARTESIAN_POINT('',(-5.043268038179E-2,2.350705008516E0,
8.580526425182E-1));
#9482=CARTESIAN_POINT('',(-5.446941461236E-1,2.310748819885E0,
6.649104745194E-1));
#9483=CARTESIAN_POINT('',(-8.313412762913E-1,2.270792631253E0,
2.183333005047E-1));
#9484=CARTESIAN_POINT('',(-8.011170685650E-1,2.230836442622E0,
-3.114651988344E-1));
#9485=CARTESIAN_POINT('',(-4.655392124844E-1,2.190880253991E0,
-7.225390633400E-1));
#9486=CARTESIAN_POINT('',(4.747502089298E-2,2.150924065359E0,
-8.582393547526E-1));
#9487=CARTESIAN_POINT('',(5.424211555790E-1,2.110967876728E0,
-6.667126581542E-1));
#9488=CARTESIAN_POINT('',(7.344852978375E-1,2.084330417640E0,
-3.698688038641E-1));
#9489=CARTESIAN_POINT('',(7.778212345793E-1,2.071011688096E0,
-2.071407343563E-1));
#9490=CARTESIAN_POINT('',(6.614336631604E-2,3.388415156716E0,
-8.696317362227E-1));
#9491=CARTESIAN_POINT('',(2.480791213803E-1,3.375096427172E0,
-8.557938749857E-1));
#9492=CARTESIAN_POINT('',(6.024075084938E-1,3.348458968084E0,
-7.101775328931E-1));
#9493=CARTESIAN_POINT('',(9.047166376244E-1,3.308502779453E0,
-2.210310105677E-1));
#9494=CARTESIAN_POINT('',(8.620714943748E-1,3.268546590822E0,
3.523543778184E-1));
#9495=CARTESIAN_POINT('',(4.908722108207E-1,3.228590402190E0,
7.914396347169E-1));
#9496=CARTESIAN_POINT('',(-6.743488504316E-2,3.188634213559E0,
9.288612055190E-1));
#9497=CARTESIAN_POINT('',(-6.000364672639E-1,3.148678024928E0,
7.122406393157E-1));
#9498=CARTESIAN_POINT('',(-9.039303127155E-1,3.108721836296E0,
2.241442508672E-1));
#9499=CARTESIAN_POINT('',(-8.632842883095E-1,3.068765647665E0,
-3.493863612983E-1));
#9500=CARTESIAN_POINT('',(-4.935911274191E-1,3.028809459033E0,
-7.897457860248E-1));
#9501=CARTESIAN_POINT('',(6.423794661452E-2,2.988853270402E0,
-9.290877738804E-1));
#9502=CARTESIAN_POINT('',(5.975822500595E-1,2.948897081771E0,
-7.143010987126E-1));
#9503=CARTESIAN_POINT('',(9.031536685431E-1,2.908940893139E0,
-2.272532869566E-1));
#9504=CARTESIAN_POINT('',(8.644813992389E-1,2.868984704508E0,
3.464137926203E-1));
#9505=CARTESIAN_POINT('',(4.963056633370E-1,2.829028515876E0,
7.880426980240E-1));
#9506=CARTESIAN_POINT('',(-6.104063973776E-2,2.789072327245E0,
9.293033119853E-1));
#9507=CARTESIAN_POINT('',(-5.951208523890E-1,2.749116138614E0,
7.163531087513E-1));
#9508=CARTESIAN_POINT('',(-9.023663591534E-1,2.709159949982E0,
2.303596302188E-1));
#9509=CARTESIAN_POINT('',(-8.656682671356E-1,2.669203761351E0,
-3.434371218198E-1));
#9510=CARTESIAN_POINT('',(-4.990143249973E-1,2.629247572719E0,
-7.863302797140E-1));
#9511=CARTESIAN_POINT('',(5.784261066929E-2,2.589291384088E0,
-9.295078471032E-1));
#9512=CARTESIAN_POINT('',(5.926524083594E-1,2.549335195457E0,
-7.183966370147E-1));
#9513=CARTESIAN_POINT('',(9.015683656140E-1,2.509379006825E0,
-2.334632465368E-1));
#9514=CARTESIAN_POINT('',(8.668448860011E-1,2.469422818194E0,
3.404563866702E-1));
#9515=CARTESIAN_POINT('',(5.017170763664E-1,2.429466629562E0,
7.846085439158E-1));
#9516=CARTESIAN_POINT('',(-5.464388947731E-2,2.389510440931E0,9.297014041E-1));
#9517=CARTESIAN_POINT('',(-5.901769744219E-1,2.349554252300E0,
7.204315576109E-1));
#9518=CARTESIAN_POINT('',(-9.007595962713E-1,2.309598063668E0,
2.365644786609E-1));
#9519=CARTESIAN_POINT('',(-8.680116190861E-1,2.269641875037E0,
-3.374730387576E-1));
#9520=CARTESIAN_POINT('',(-5.044124778174E-1,2.229685686405E0,
-7.828722253367E-1));
#9521=CARTESIAN_POINT('',(5.143926071289E-2,2.189729497774E0,
-9.299037071032E-1));
#9522=CARTESIAN_POINT('',(5.877141855485E-1,2.149773309143E0,
-7.223842264481E-1));
#9523=CARTESIAN_POINT('',(7.958159894319E-1,2.123135850055E0,
-4.007534377798E-1));
#9524=CARTESIAN_POINT('',(8.427705458781E-1,2.109817120511E0,
-2.244373154218E-1));
#9525=CARTESIAN_POINT('',(7.124079895676E-2,3.427220589131E0,
-9.366511433762E-1));
#9526=CARTESIAN_POINT('',(2.671976918620E-1,3.413901859587E0,
-9.217468476730E-1));
#9527=CARTESIAN_POINT('',(6.488329003033E-1,3.387264400499E0,
-7.649083749792E-1));
#9528=CARTESIAN_POINT('',(9.744399126268E-1,3.347308211868E0,
-2.380650799027E-1));
#9529=CARTESIAN_POINT('',(9.285082607328E-1,3.307352023237E0,
3.795090693111E-1));
#9530=CARTESIAN_POINT('',(5.287019762111E-1,3.267395834605E0,
8.524330563081E-1));
#9531=CARTESIAN_POINT('',(-7.263185041235E-2,3.227439645974E0,
1.000445216002E0));
#9532=CARTESIAN_POINT('',(-6.462791314073E-1,3.187483457342E0,
7.671304776338E-1));
#9533=CARTESIAN_POINT('',(-9.735929884700E-1,3.147527268711E0,
2.414182464957E-1));
#9534=CARTESIAN_POINT('',(-9.298145203578E-1,3.107571080080E0,
-3.763123183747E-1));
#9535=CARTESIAN_POINT('',(-5.316304299859E-1,3.067614891448E0,
-8.506086687564E-1));
#9536=CARTESIAN_POINT('',(6.918853537479E-2,3.027658702817E0,
-1.000689245176E0));
#9537=CARTESIAN_POINT('',(6.436357764619E-1,2.987702514186E0,
-7.693497292659E-1));
#9538=CARTESIAN_POINT('',(9.727564911093E-1,2.947746325554E0,
-2.447668848752E-1));
#9539=CARTESIAN_POINT('',(9.311038883443E-1,2.907790136923E0,
3.731106644618E-1));
#9540=CARTESIAN_POINT('',(5.345541654768E-1,2.867833948291E0,
8.487743298555E-1));
#9541=CARTESIAN_POINT('',(-6.574482349411E-2,2.827877759660E0,
1.000921394032E0));
#9542=CARTESIAN_POINT('',(-6.409846876776E-1,2.787921571029E0,
7.715598803780E-1));
#9543=CARTESIAN_POINT('',(-9.719085066013E-1,2.747965382397E0,
2.481126229009E-1));
#9544=CARTESIAN_POINT('',(-9.323822239042E-1,2.708009193766E0,
-3.699045922906E-1));
#9545=CARTESIAN_POINT('',(-5.374715740021E-1,2.668053005134E0,
-8.469299415919E-1));
#9546=CARTESIAN_POINT('',(6.230033376498E-2,2.628096816503E0,
-1.001141691940E0));
#9547=CARTESIAN_POINT('',(6.383260094965E-1,2.588140627872E0,
-7.737608960548E-1));
#9548=CARTESIAN_POINT('',(9.710490145542E-1,2.548184439240E0,
-2.514554238266E-1));
#9549=CARTESIAN_POINT('',(9.336495205769E-1,2.508228250609E0,
3.666941425453E-1));
#9550=CARTESIAN_POINT('',(5.403826167512E-1,2.468272061977E0,
8.450755177745E-1));
#9551=CARTESIAN_POINT('',(-5.885509857284E-2,2.428315873346E0,
1.001350165682E0));
#9552=CARTESIAN_POINT('',(-6.356598027203E-1,2.388359684715E0,
7.759526407023E-1));
#9553=CARTESIAN_POINT('',(-9.701779162514E-1,2.348403496083E0,
2.547956568172E-1));
#9554=CARTESIAN_POINT('',(-9.349061696073E-1,2.308447307452E0,
-3.634808786808E-1));
#9555=CARTESIAN_POINT('',(-5.432857431503E-1,2.268491118820E0,
-8.432053873334E-1));
#9556=CARTESIAN_POINT('',(5.540350053280E-2,2.228534930189E0,
-1.001568059454E0));
#9557=CARTESIAN_POINT('',(6.330072155180E-1,2.188578741558E0,
-7.780557947419E-1));
#9558=CARTESIAN_POINT('',(8.571466810263E-1,2.161941282470E0,
-4.316380716955E-1));
#9559=CARTESIAN_POINT('',(9.077198571768E-1,2.148622552926E0,
-2.417338964872E-1));
#9560=CARTESIAN_POINT('',(7.633823159749E-2,3.466026021546E0,
-1.003670550530E0));
#9561=CARTESIAN_POINT('',(2.863162623437E-1,3.452707292002E0,
-9.876998203603E-1));
#9562=CARTESIAN_POINT('',(6.952582921127E-1,3.426069832914E0,
-8.196392170653E-1));
#9563=CARTESIAN_POINT('',(1.044163187629E0,3.386113644283E0,
-2.550991492378E-1));
#9564=CARTESIAN_POINT('',(9.949450270908E-1,3.346157455652E0,
4.066637608037E-1));
#9565=CARTESIAN_POINT('',(5.665317416015E-1,3.306201267020E0,
9.134264778993E-1));
#9566=CARTESIAN_POINT('',(-7.782881578149E-2,3.266245078389E0,
1.072029226484E0));
#9567=CARTESIAN_POINT('',(-6.925217955506E-1,3.226288889757E0,
8.220203159519E-1));
#9568=CARTESIAN_POINT('',(-1.043255664224E0,3.186332701126E0,
2.586922421243E-1));
#9569=CARTESIAN_POINT('',(-9.963447524061E-1,3.146376512495E0,
-4.032382754510E-1));
#9570=CARTESIAN_POINT('',(-5.696697325527E-1,3.106420323863E0,
-9.114715514879E-1));
#9571=CARTESIAN_POINT('',(7.413912413500E-2,3.066464135232E0,
-1.072290716472E0));
#9572=CARTESIAN_POINT('',(6.896893028642E-1,3.026507946600E0,
-8.243983598193E-1));
#9573=CARTESIAN_POINT('',(1.042359313676E0,2.986551757969E0,
-2.622804827939E-1));
#9574=CARTESIAN_POINT('',(9.977263774498E-1,2.946595569338E0,
3.998075363033E-1));
#9575=CARTESIAN_POINT('',(5.728026676166E-1,2.906639380706E0,
9.095059616870E-1));
#9576=CARTESIAN_POINT('',(-7.044900725040E-2,2.866683192075E0,
1.072539476078E0));
#9577=CARTESIAN_POINT('',(-6.868485229662E-1,2.826727003443E0,
8.267666520049E-1));
#9578=CARTESIAN_POINT('',(-1.041450654049E0,2.786770814812E0,
2.658656155831E-1));
#9579=CARTESIAN_POINT('',(-9.990961806729E-1,2.746814626181E0,
-3.963720627613E-1));
#9580=CARTESIAN_POINT('',(-5.759288230069E-1,2.706858437549E0,
-9.075296034697E-1));
#9581=CARTESIAN_POINT('',(6.675805686062E-2,2.666902248918E0,
-1.072775536776E0));
#9582=CARTESIAN_POINT('',(6.839996106335E-1,2.626946060287E0,
-8.291251550950E-1));
#9583=CARTESIAN_POINT('',(1.040529663495E0,2.586989871655E0,
-2.694476011165E-1));
#9584=CARTESIAN_POINT('',(1.000454155153E0,2.547033683024E0,3.929318984204E-1));
#9585=CARTESIAN_POINT('',(5.790481571361E-1,2.507077494392E0,
9.055424916331E-1));
#9586=CARTESIAN_POINT('',(-6.306630766836E-2,2.467121305761E0,
1.072998927264E0));
#9587=CARTESIAN_POINT('',(-6.811426310186E-1,2.427165117130E0,
8.314737237937E-1));
#9588=CARTESIAN_POINT('',(-1.039596236232E0,2.387208928498E0,
2.730268349735E-1));
#9589=CARTESIAN_POINT('',(-1.001800720128E0,2.347252739867E0,
-3.894887186040E-1));
#9590=CARTESIAN_POINT('',(-5.821590084833E-1,2.307296551235E0,
-9.035385493301E-1));
#9591=CARTESIAN_POINT('',(5.936774035271E-2,2.267340362604E0,
-1.073232411804E0));
#9592=CARTESIAN_POINT('',(6.783002454875E-1,2.227384173973E0,
-8.337273630357E-1));
#9593=CARTESIAN_POINT('',(9.184773726208E-1,2.200746714885E0,
-4.625227056113E-1));
#9594=CARTESIAN_POINT('',(9.726691684756E-1,2.187427985341E0,
-2.590304775527E-1));
#9595=B_SPLINE_SURFACE_WITH_KNOTS('',3,3,((#9455,#9456,#9457,#9458,#9459,#9460,
#9461,#9462,#9463,#9464,#9465,#9466,#9467,#9468,#9469,#9470,#9471,#9472,#9473,
#9474,#9475,#9476,#9477,#9478,#9479,#9480,#9481,#9482,#9483,#9484,#9485,#9486,
#9487,#9488,#9489),(#9490,#9491,#9492,#9493,#9494,#9495,#9496,#9497,#9498,#9499,
#9500,#9501,#9502,#9503,#9504,#9505,#9506,#9507,#9508,#9509,#9510,#9511,#9512,
#9513,#9514,#9515,#9516,#9517,#9518,#9519,#9520,#9521,#9522,#9523,#9524),(#9525,
#9526,#9527,#9528,#9529,#9530,#9531,#9532,#9533,#9534,#9535,#9536,#9537,#9538,
#9539,#9540,#9541,#9542,#9543,#9544,#9545,#9546,#9547,#9548,#9549,#9550,#9551,
#9552,#9553,#9554,#9555,#9556,#9557,#9558,#9559),(#9560,#9561,#9562,#9563,#9564,
#9565,#9566,#9567,#9568,#9569,#9570,#9571,#9572,#9573,#9574,#9575,#9576,#9577,
#9578,#9579,#9580,#9581,#9582,#9583,#9584,#9585,#9586,#9587,#9588,#9589,#9590,
#9591,#9592,#9593,#9594)),.UNSPECIFIED.,.F.,.F.,.F.,(4,4),(4,1,1,1,1,1,1,1,1,1,
1,1,1,1,1,1,1,1,1,1,1,1,1,1,1,1,1,1,1,1,1,1,4),(-3.485130413038E-2,
1.034851304130E0),(-2.E-2,1.25E-2,4.5E-2,7.75E-2,1.1E-1,1.425E-1,1.75E-1,
2.075E-1,2.4E-1,2.725E-1,3.05E-1,3.375E-1,3.7E-1,4.025E-1,4.35E-1,4.675E-1,
5.E-1,5.325E-1,5.65E-1,5.975E-1,6.3E-1,6.625E-1,6.95E-1,7.275E-1,7.6E-1,
7.925E-1,8.25E-1,8.575E-1,8.9E-1,9.225E-1,9.55E-1,9.875E-1,1.02E0),
.UNSPECIFIED.);
#9596=ORIENTED_EDGE('',*,*,#9183,.T.);
#9597=ORIENTED_EDGE('',*,*,#9312,.T.);
#9598=ORIENTED_EDGE('',*,*,#9137,.T.);
#9600=ORIENTED_EDGE('',*,*,#9599,.T.);
#9602=ORIENTED_EDGE('',*,*,#9601,.F.);
#9603=ORIENTED_EDGE('',*,*,#9354,.T.);
#9604=ORIENTED_EDGE('',*,*,#9215,.T.);
#9605=ORIENTED_EDGE('',*,*,#9384,.T.);
#9606=ORIENTED_EDGE('',*,*,#9199,.T.);
#9607=ORIENTED_EDGE('',*,*,#9370,.T.);
#9608=EDGE_LOOP('',(#9596,#9597,#9598,#9600,#9602,#9603,#9604,#9605,#9606,
#9607));
#9609=FACE_OUTER_BOUND('',#9608,.F.);
#9611=CARTESIAN_POINT('',(7.584000291073E-2,3.454647364292E0,
-9.971199997786E-1));
#9612=CARTESIAN_POINT('',(2.844475921846E-1,3.441328634748E0,
-9.812535040898E-1));
#9613=CARTESIAN_POINT('',(6.907206231284E-1,3.414691175660E0,
-8.142897642133E-1));
#9614=CARTESIAN_POINT('',(1.037348357853E0,3.374734987029E0,
-2.534342205191E-1));
#9615=CARTESIAN_POINT('',(9.884514242935E-1,3.334778798398E0,
4.040096313163E-1));
#9616=CARTESIAN_POINT('',(5.628342186209E-1,3.294822609766E0,
9.074649136213E-1));
#9617=CARTESIAN_POINT('',(-7.732085865611E-2,3.254866421135E0,
1.065032526371E0));
#9618=CARTESIAN_POINT('',(-6.880019865698E-1,3.214910232503E0,
8.166553226329E-1));
#9619=CARTESIAN_POINT('',(-1.036446757486E0,3.174954043872E0,
2.570038627451E-1));
#9620=CARTESIAN_POINT('',(-9.898420141691E-1,3.134997855241E0,
-4.006065027177E-1));
#9621=CARTESIAN_POINT('',(-5.659517291774E-1,3.095041666609E0,
-9.055227462220E-1));
#9622=CARTESIAN_POINT('',(7.365524813103E-2,3.055085477978E0,
-1.065292309719E0));
#9623=CARTESIAN_POINT('',(6.851879804148E-1,3.015129289347E0,
-8.190178459721E-1));
#9624=CARTESIAN_POINT('',(1.035556257053E0,2.975173100715E0,
-2.605686844227E-1));
#9625=CARTESIAN_POINT('',(9.912146219063E-1,2.935216912084E0,
3.971981546134E-1));
#9626=CARTESIAN_POINT('',(5.690642168444E-1,2.895260723452E0,
9.035699850288E-1));
#9627=CARTESIAN_POINT('',(-6.998921514320E-2,2.855304534821E0,
1.065539445773E0));
#9628=CARTESIAN_POINT('',(-6.823657411354E-1,2.815348346190E0,
8.213706812748E-1));
#9629=CARTESIAN_POINT('',(-1.034653527880E0,2.775392157558E0,
2.641304185038E-1));
#9630=CARTESIAN_POINT('',(-9.925754849792E-1,2.735435968927E0,
-3.937851030143E-1));
#9631=CARTESIAN_POINT('',(-5.721699690860E-1,2.695479780295E0,
-9.016065257002E-1));
#9632=CARTESIAN_POINT('',(6.632235409014E-2,2.655523591664E0,
-1.065773965798E0));
#9633=CARTESIAN_POINT('',(6.795354224984E-1,2.615567403033E0,
-8.237137913715E-1));
#9634=CARTESIAN_POINT('',(1.033738548257E0,2.575611214401E0,
-2.676890258699E-1));
#9635=CARTESIAN_POINT('',(9.939245965100E-1,2.535655025770E0,
3.903673912313E-1));
#9636=CARTESIAN_POINT('',(5.752689445860E-1,2.495698837138E0,
8.996323829370E-1));
#9637=CARTESIAN_POINT('',(-6.265469944806E-2,2.455742648507E0,
1.065995898306E0));
#9638=CARTESIAN_POINT('',(-6.766970892311E-1,2.415786459876E0,
8.260470319145E-1));
#9639=CARTESIAN_POINT('',(-1.032811213096E0,2.375830271244E0,
2.712448995187E-1));
#9640=CARTESIAN_POINT('',(-9.952623730022E-1,2.335874082613E0,
-3.869466836536E-1));
#9641=CARTESIAN_POINT('',(-5.783594926678E-1,2.295917893981E0,
-8.976415195529E-1));
#9642=CARTESIAN_POINT('',(5.898027118172E-2,2.255961705350E0,
-1.066227858988E0));
#9643=CARTESIAN_POINT('',(6.738732547980E-1,2.216005516719E0,
-8.282859625669E-1));
#9644=CARTESIAN_POINT('',(9.124828432008E-1,2.189368057631E0,
-4.595040074388E-1));
#9645=CARTESIAN_POINT('',(9.663209511758E-1,2.176049328087E0,
-2.573398906481E-1));
#9646=CARTESIAN_POINT('',(7.584000291073E-2,3.476371211960E0,
-9.971199997786E-1));
#9647=CARTESIAN_POINT('',(2.844475921846E-1,3.463052482416E0,
-9.812535040898E-1));
#9648=CARTESIAN_POINT('',(6.907206231284E-1,3.436415023329E0,
-8.142897642133E-1));
#9649=CARTESIAN_POINT('',(1.037348357853E0,3.396458834697E0,
-2.534342205191E-1));
#9650=CARTESIAN_POINT('',(9.884514242935E-1,3.356502646066E0,
4.040096313163E-1));
#9651=CARTESIAN_POINT('',(5.628342186209E-1,3.316546457435E0,
9.074649136213E-1));
#9652=CARTESIAN_POINT('',(-7.732085865611E-2,3.276590268803E0,
1.065032526371E0));
#9653=CARTESIAN_POINT('',(-6.880019865698E-1,3.236634080172E0,
8.166553226329E-1));
#9654=CARTESIAN_POINT('',(-1.036446757486E0,3.196677891541E0,
2.570038627451E-1));
#9655=CARTESIAN_POINT('',(-9.898420141691E-1,3.156721702909E0,
-4.006065027177E-1));
#9656=CARTESIAN_POINT('',(-5.659517291774E-1,3.116765514278E0,
-9.055227462220E-1));
#9657=CARTESIAN_POINT('',(7.365524813103E-2,3.076809325646E0,
-1.065292309719E0));
#9658=CARTESIAN_POINT('',(6.851879804148E-1,3.036853137015E0,
-8.190178459721E-1));
#9659=CARTESIAN_POINT('',(1.035556257053E0,2.996896948384E0,
-2.605686844227E-1));
#9660=CARTESIAN_POINT('',(9.912146219063E-1,2.956940759752E0,
3.971981546134E-1));
#9661=CARTESIAN_POINT('',(5.690642168444E-1,2.916984571121E0,
9.035699850288E-1));
#9662=CARTESIAN_POINT('',(-6.998921514320E-2,2.877028382489E0,
1.065539445773E0));
#9663=CARTESIAN_POINT('',(-6.823657411354E-1,2.837072193858E0,
8.213706812748E-1));
#9664=CARTESIAN_POINT('',(-1.034653527880E0,2.797116005227E0,
2.641304185038E-1));
#9665=CARTESIAN_POINT('',(-9.925754849792E-1,2.757159816595E0,
-3.937851030143E-1));
#9666=CARTESIAN_POINT('',(-5.721699690860E-1,2.717203627964E0,
-9.016065257002E-1));
#9667=CARTESIAN_POINT('',(6.632235409014E-2,2.677247439332E0,
-1.065773965798E0));
#9668=CARTESIAN_POINT('',(6.795354224984E-1,2.637291250701E0,
-8.237137913715E-1));
#9669=CARTESIAN_POINT('',(1.033738548257E0,2.597335062070E0,
-2.676890258699E-1));
#9670=CARTESIAN_POINT('',(9.939245965100E-1,2.557378873438E0,
3.903673912313E-1));
#9671=CARTESIAN_POINT('',(5.752689445860E-1,2.517422684807E0,
8.996323829370E-1));
#9672=CARTESIAN_POINT('',(-6.265469944806E-2,2.477466496175E0,
1.065995898306E0));
#9673=CARTESIAN_POINT('',(-6.766970892311E-1,2.437510307544E0,
8.260470319145E-1));
#9674=CARTESIAN_POINT('',(-1.032811213096E0,2.397554118913E0,
2.712448995187E-1));
#9675=CARTESIAN_POINT('',(-9.952623730022E-1,2.357597930281E0,
-3.869466836536E-1));
#9676=CARTESIAN_POINT('',(-5.783594926678E-1,2.317641741650E0,
-8.976415195529E-1));
#9677=CARTESIAN_POINT('',(5.898027118172E-2,2.277685553018E0,
-1.066227858988E0));
#9678=CARTESIAN_POINT('',(6.738732547980E-1,2.237729364387E0,
-8.282859625669E-1));
#9679=CARTESIAN_POINT('',(9.124828432008E-1,2.211091905300E0,
-4.595040074388E-1));
#9680=CARTESIAN_POINT('',(9.663209511758E-1,2.197773175756E0,
-2.573398906481E-1));
#9681=CARTESIAN_POINT('',(7.584000291073E-2,3.498095059629E0,
-9.971199997786E-1));
#9682=CARTESIAN_POINT('',(2.844475921846E-1,3.484776330085E0,
-9.812535040898E-1));
#9683=CARTESIAN_POINT('',(6.907206231284E-1,3.458138870997E0,
-8.142897642133E-1));
#9684=CARTESIAN_POINT('',(1.037348357853E0,3.418182682366E0,
-2.534342205191E-1));
#9685=CARTESIAN_POINT('',(9.884514242935E-1,3.378226493734E0,
4.040096313163E-1));
#9686=CARTESIAN_POINT('',(5.628342186209E-1,3.338270305103E0,
9.074649136213E-1));
#9687=CARTESIAN_POINT('',(-7.732085865611E-2,3.298314116472E0,
1.065032526371E0));
#9688=CARTESIAN_POINT('',(-6.880019865698E-1,3.258357927840E0,
8.166553226329E-1));
#9689=CARTESIAN_POINT('',(-1.036446757486E0,3.218401739209E0,
2.570038627451E-1));
#9690=CARTESIAN_POINT('',(-9.898420141691E-1,3.178445550578E0,
-4.006065027177E-1));
#9691=CARTESIAN_POINT('',(-5.659517291774E-1,3.138489361946E0,
-9.055227462220E-1));
#9692=CARTESIAN_POINT('',(7.365524813103E-2,3.098533173315E0,
-1.065292309719E0));
#9693=CARTESIAN_POINT('',(6.851879804148E-1,3.058576984683E0,
-8.190178459721E-1));
#9694=CARTESIAN_POINT('',(1.035556257053E0,3.018620796052E0,
-2.605686844227E-1));
#9695=CARTESIAN_POINT('',(9.912146219063E-1,2.978664607421E0,
3.971981546134E-1));
#9696=CARTESIAN_POINT('',(5.690642168444E-1,2.938708418789E0,
9.035699850288E-1));
#9697=CARTESIAN_POINT('',(-6.998921514320E-2,2.898752230158E0,
1.065539445773E0));
#9698=CARTESIAN_POINT('',(-6.823657411354E-1,2.858796041526E0,
8.213706812748E-1));
#9699=CARTESIAN_POINT('',(-1.034653527880E0,2.818839852895E0,
2.641304185038E-1));
#9700=CARTESIAN_POINT('',(-9.925754849792E-1,2.778883664264E0,
-3.937851030143E-1));
#9701=CARTESIAN_POINT('',(-5.721699690860E-1,2.738927475632E0,
-9.016065257002E-1));
#9702=CARTESIAN_POINT('',(6.632235409014E-2,2.698971287001E0,
-1.065773965798E0));
#9703=CARTESIAN_POINT('',(6.795354224984E-1,2.659015098369E0,
-8.237137913715E-1));
#9704=CARTESIAN_POINT('',(1.033738548257E0,2.619058909738E0,
-2.676890258699E-1));
#9705=CARTESIAN_POINT('',(9.939245965100E-1,2.579102721107E0,
3.903673912313E-1));
#9706=CARTESIAN_POINT('',(5.752689445860E-1,2.539146532475E0,
8.996323829370E-1));
#9707=CARTESIAN_POINT('',(-6.265469944806E-2,2.499190343844E0,
1.065995898306E0));
#9708=CARTESIAN_POINT('',(-6.766970892311E-1,2.459234155212E0,
8.260470319145E-1));
#9709=CARTESIAN_POINT('',(-1.032811213096E0,2.419277966581E0,
2.712448995187E-1));
#9710=CARTESIAN_POINT('',(-9.952623730022E-1,2.379321777950E0,
-3.869466836536E-1));
#9711=CARTESIAN_POINT('',(-5.783594926678E-1,2.339365589318E0,
-8.976415195529E-1));
#9712=CARTESIAN_POINT('',(5.898027118172E-2,2.299409400687E0,
-1.066227858988E0));
#9713=CARTESIAN_POINT('',(6.738732547980E-1,2.259453212056E0,
-8.282859625669E-1));
#9714=CARTESIAN_POINT('',(9.124828432008E-1,2.232815752968E0,
-4.595040074388E-1));
#9715=CARTESIAN_POINT('',(9.663209511758E-1,2.219497023424E0,
-2.573398906481E-1));
#9716=CARTESIAN_POINT('',(7.584000291073E-2,3.519818907297E0,
-9.971199997786E-1));
#9717=CARTESIAN_POINT('',(2.844475921846E-1,3.506500177753E0,
-9.812535040898E-1));
#9718=CARTESIAN_POINT('',(6.907206231284E-1,3.479862718666E0,
-8.142897642133E-1));
#9719=CARTESIAN_POINT('',(1.037348357853E0,3.439906530034E0,
-2.534342205191E-1));
#9720=CARTESIAN_POINT('',(9.884514242935E-1,3.399950341403E0,
4.040096313163E-1));
#9721=CARTESIAN_POINT('',(5.628342186209E-1,3.359994152771E0,
9.074649136213E-1));
#9722=CARTESIAN_POINT('',(-7.732085865611E-2,3.320037964140E0,
1.065032526371E0));
#9723=CARTESIAN_POINT('',(-6.880019865698E-1,3.280081775509E0,
8.166553226329E-1));
#9724=CARTESIAN_POINT('',(-1.036446757486E0,3.240125586877E0,
2.570038627451E-1));
#9725=CARTESIAN_POINT('',(-9.898420141691E-1,3.200169398246E0,
-4.006065027177E-1));
#9726=CARTESIAN_POINT('',(-5.659517291774E-1,3.160213209615E0,
-9.055227462220E-1));
#9727=CARTESIAN_POINT('',(7.365524813103E-2,3.120257020983E0,
-1.065292309719E0));
#9728=CARTESIAN_POINT('',(6.851879804148E-1,3.080300832352E0,
-8.190178459721E-1));
#9729=CARTESIAN_POINT('',(1.035556257053E0,3.040344643720E0,
-2.605686844227E-1));
#9730=CARTESIAN_POINT('',(9.912146219063E-1,3.000388455089E0,
3.971981546134E-1));
#9731=CARTESIAN_POINT('',(5.690642168444E-1,2.960432266458E0,
9.035699850288E-1));
#9732=CARTESIAN_POINT('',(-6.998921514320E-2,2.920476077826E0,
1.065539445773E0));
#9733=CARTESIAN_POINT('',(-6.823657411354E-1,2.880519889195E0,
8.213706812748E-1));
#9734=CARTESIAN_POINT('',(-1.034653527880E0,2.840563700563E0,
2.641304185038E-1));
#9735=CARTESIAN_POINT('',(-9.925754849792E-1,2.800607511932E0,
-3.937851030143E-1));
#9736=CARTESIAN_POINT('',(-5.721699690860E-1,2.760651323301E0,
-9.016065257002E-1));
#9737=CARTESIAN_POINT('',(6.632235409014E-2,2.720695134669E0,
-1.065773965798E0));
#9738=CARTESIAN_POINT('',(6.795354224984E-1,2.680738946038E0,
-8.237137913715E-1));
#9739=CARTESIAN_POINT('',(1.033738548257E0,2.640782757406E0,
-2.676890258699E-1));
#9740=CARTESIAN_POINT('',(9.939245965100E-1,2.600826568775E0,
3.903673912313E-1));
#9741=CARTESIAN_POINT('',(5.752689445860E-1,2.560870380144E0,
8.996323829370E-1));
#9742=CARTESIAN_POINT('',(-6.265469944806E-2,2.520914191512E0,
1.065995898306E0));
#9743=CARTESIAN_POINT('',(-6.766970892311E-1,2.480958002881E0,
8.260470319145E-1));
#9744=CARTESIAN_POINT('',(-1.032811213096E0,2.441001814249E0,
2.712448995187E-1));
#9745=CARTESIAN_POINT('',(-9.952623730022E-1,2.401045625618E0,
-3.869466836536E-1));
#9746=CARTESIAN_POINT('',(-5.783594926678E-1,2.361089436987E0,
-8.976415195529E-1));
#9747=CARTESIAN_POINT('',(5.898027118172E-2,2.321133248355E0,
-1.066227858988E0));
#9748=CARTESIAN_POINT('',(6.738732547980E-1,2.281177059724E0,
-8.282859625669E-1));
#9749=CARTESIAN_POINT('',(9.124828432008E-1,2.254539600636E0,
-4.595040074388E-1));
#9750=CARTESIAN_POINT('',(9.663209511758E-1,2.241220871093E0,
-2.573398906481E-1));
#9751=B_SPLINE_SURFACE_WITH_KNOTS('',3,3,((#9611,#9612,#9613,#9614,#9615,#9616,
#9617,#9618,#9619,#9620,#9621,#9622,#9623,#9624,#9625,#9626,#9627,#9628,#9629,
#9630,#9631,#9632,#9633,#9634,#9635,#9636,#9637,#9638,#9639,#9640,#9641,#9642,
#9643,#9644,#9645),(#9646,#9647,#9648,#9649,#9650,#9651,#9652,#9653,#9654,#9655,
#9656,#9657,#9658,#9659,#9660,#9661,#9662,#9663,#9664,#9665,#9666,#9667,#9668,
#9669,#9670,#9671,#9672,#9673,#9674,#9675,#9676,#9677,#9678,#9679,#9680),(#9681,
#9682,#9683,#9684,#9685,#9686,#9687,#9688,#9689,#9690,#9691,#9692,#9693,#9694,
#9695,#9696,#9697,#9698,#9699,#9700,#9701,#9702,#9703,#9704,#9705,#9706,#9707,
#9708,#9709,#9710,#9711,#9712,#9713,#9714,#9715),(#9716,#9717,#9718,#9719,#9720,
#9721,#9722,#9723,#9724,#9725,#9726,#9727,#9728,#9729,#9730,#9731,#9732,#9733,
#9734,#9735,#9736,#9737,#9738,#9739,#9740,#9741,#9742,#9743,#9744,#9745,#9746,
#9747,#9748,#9749,#9750)),.UNSPECIFIED.,.F.,.F.,.F.,(4,4),(4,1,1,1,1,1,1,1,1,1,
1,1,1,1,1,1,1,1,1,1,1,1,1,1,1,1,1,1,1,1,1,1,4),(-1.517154300525E-1,
1.151715430052E0),(-2.E-2,1.25E-2,4.5E-2,7.75E-2,1.1E-1,1.425E-1,1.75E-1,
2.075E-1,2.4E-1,2.725E-1,3.05E-1,3.375E-1,3.7E-1,4.025E-1,4.35E-1,4.675E-1,
5.E-1,5.325E-1,5.65E-1,5.975E-1,6.3E-1,6.625E-1,6.95E-1,7.275E-1,7.6E-1,
7.925E-1,8.25E-1,8.575E-1,8.9E-1,9.225E-1,9.55E-1,9.875E-1,1.02E0),
.UNSPECIFIED.);
#9753=ORIENTED_EDGE('',*,*,#9752,.T.);
#9755=ORIENTED_EDGE('',*,*,#9754,.T.);
#9757=ORIENTED_EDGE('',*,*,#9756,.F.);
#9758=ORIENTED_EDGE('',*,*,#9599,.F.);
#9759=EDGE_LOOP('',(#9753,#9755,#9757,#9758));
#9760=FACE_OUTER_BOUND('',#9759,.F.);
#9762=CARTESIAN_POINT('',(-8.048307742135E-1,4.399931334257E0,
5.935043596123E-1));
#9763=CARTESIAN_POINT('',(-9.008637358876E-1,4.389630401971E0,
4.632773753580E-1));
#9764=CARTESIAN_POINT('',(-1.028358549457E0,4.369028537398E0,
1.554278253667E-1));
#9765=CARTESIAN_POINT('',(-9.820884520255E-1,4.338125740538E0,
-3.423674433045E-1));
#9766=CARTESIAN_POINT('',(-7.088929458177E-1,4.307222943679E0,
-7.610318599734E-1));
#9767=CARTESIAN_POINT('',(-2.719193432561E-1,4.276320146820E0,
-1.003873993182E0));
#9768=CARTESIAN_POINT('',(2.278805822608E-1,4.245417349960E0,
-1.014777072961E0));
#9769=CARTESIAN_POINT('',(6.750301312517E-1,4.214514553101E0,
-7.912247293859E-1));
#9770=CARTESIAN_POINT('',(9.662195684436E-1,4.183611756242E0,
-3.848661912332E-1));
#9771=CARTESIAN_POINT('',(1.034171798626E0,4.152708959382E0,1.104125108641E-1));
#9772=CARTESIAN_POINT('',(8.631870496784E-1,4.121806162523E0,
5.801813108460E-1));
#9773=CARTESIAN_POINT('',(4.927699476432E-1,4.090903365664E0,
9.159039323522E-1));
#9774=CARTESIAN_POINT('',(8.502355547064E-3,4.060000568805E0,1.040014396523E0));
#9775=CARTESIAN_POINT('',(-4.777296368376E-1,4.029097771945E0,
9.238379885151E-1));
#9776=CARTESIAN_POINT('',(-8.535860800868E-1,3.998194975086E0,
5.942163232609E-1));
#9777=CARTESIAN_POINT('',(-1.032228398404E0,3.967292178227E0,
1.273058069280E-1));
#9778=CARTESIAN_POINT('',(-9.723827363230E-1,3.936389381367E0,
-3.690176812138E-1));
#9779=CARTESIAN_POINT('',(-6.878759475826E-1,3.905486584508E0,
-7.800826338827E-1));
#9780=CARTESIAN_POINT('',(-2.444410129442E-1,3.874583787649E0,
-1.010915835338E0));
#9781=CARTESIAN_POINT('',(2.554700306558E-1,3.843680990789E0,
-1.008185150846E0));
#9782=CARTESIAN_POINT('',(6.963568004102E-1,3.812778193930E0,
-7.725214828534E-1));
#9783=CARTESIAN_POINT('',(9.763559921491E-1,3.781875397071E0,
-3.583730061419E-1));
#9784=CARTESIAN_POINT('',(1.030776068819E0,3.750972600211E0,1.385746404481E-1));
#9785=CARTESIAN_POINT('',(8.470437138480E-1,3.720069803352E0,
6.035057426646E-1));
#9786=CARTESIAN_POINT('',(4.676087951787E-1,3.689167006493E0,
9.290017496534E-1));
#9787=CARTESIAN_POINT('',(-1.986333703694E-2,3.658264209633E0,
1.039859451786E0));
#9788=CARTESIAN_POINT('',(-5.027461968303E-1,3.627361412774E0,
9.104660900716E-1));
#9789=CARTESIAN_POINT('',(-8.694736715414E-1,3.596458615915E0,
5.707169044157E-1));
#9790=CARTESIAN_POINT('',(-1.035316184979E0,3.565555819056E0,
9.910834828302E-2));
#9791=CARTESIAN_POINT('',(-9.619578231010E-1,3.534653022196E0,
-3.953988745541E-1));
#9792=CARTESIAN_POINT('',(-6.663450112265E-1,3.503750225337E0,
-7.985505785724E-1));
#9793=CARTESIAN_POINT('',(-2.167857473703E-1,3.472847428478E0,
-1.017210466705E0));
#9794=CARTESIAN_POINT('',(2.828867707475E-1,3.441944631618E0,
-1.000826753277E0));
#9795=CARTESIAN_POINT('',(5.723629687792E-1,3.421342767045E0,
-8.358121972825E-1));
#9796=CARTESIAN_POINT('',(6.895495823340E-1,3.411041834759E0,
-7.242384783364E-1));
#9797=CARTESIAN_POINT('',(-8.048307742135E-1,4.421655181925E0,
5.935043596123E-1));
#9798=CARTESIAN_POINT('',(-9.008637358876E-1,4.411354249639E0,
4.632773753580E-1));
#9799=CARTESIAN_POINT('',(-1.028358549457E0,4.390752385066E0,
1.554278253667E-1));
#9800=CARTESIAN_POINT('',(-9.820884520255E-1,4.359849588207E0,
-3.423674433045E-1));
#9801=CARTESIAN_POINT('',(-7.088929458177E-1,4.328946791347E0,
-7.610318599734E-1));
#9802=CARTESIAN_POINT('',(-2.719193432561E-1,4.298043994488E0,
-1.003873993182E0));
#9803=CARTESIAN_POINT('',(2.278805822608E-1,4.267141197629E0,
-1.014777072961E0));
#9804=CARTESIAN_POINT('',(6.750301312517E-1,4.236238400770E0,
-7.912247293859E-1));
#9805=CARTESIAN_POINT('',(9.662195684436E-1,4.205335603910E0,
-3.848661912332E-1));
#9806=CARTESIAN_POINT('',(1.034171798626E0,4.174432807051E0,1.104125108641E-1));
#9807=CARTESIAN_POINT('',(8.631870496784E-1,4.143530010192E0,
5.801813108460E-1));
#9808=CARTESIAN_POINT('',(4.927699476432E-1,4.112627213332E0,
9.159039323522E-1));
#9809=CARTESIAN_POINT('',(8.502355547064E-3,4.081724416473E0,1.040014396523E0));
#9810=CARTESIAN_POINT('',(-4.777296368376E-1,4.050821619614E0,
9.238379885151E-1));
#9811=CARTESIAN_POINT('',(-8.535860800868E-1,4.019918822754E0,
5.942163232609E-1));
#9812=CARTESIAN_POINT('',(-1.032228398404E0,3.989016025895E0,
1.273058069280E-1));
#9813=CARTESIAN_POINT('',(-9.723827363230E-1,3.958113229036E0,
-3.690176812138E-1));
#9814=CARTESIAN_POINT('',(-6.878759475826E-1,3.927210432176E0,
-7.800826338827E-1));
#9815=CARTESIAN_POINT('',(-2.444410129442E-1,3.896307635317E0,
-1.010915835338E0));
#9816=CARTESIAN_POINT('',(2.554700306558E-1,3.865404838458E0,
-1.008185150846E0));
#9817=CARTESIAN_POINT('',(6.963568004102E-1,3.834502041598E0,
-7.725214828534E-1));
#9818=CARTESIAN_POINT('',(9.763559921491E-1,3.803599244739E0,
-3.583730061419E-1));
#9819=CARTESIAN_POINT('',(1.030776068819E0,3.772696447880E0,1.385746404481E-1));
#9820=CARTESIAN_POINT('',(8.470437138480E-1,3.741793651020E0,
6.035057426646E-1));
#9821=CARTESIAN_POINT('',(4.676087951787E-1,3.710890854161E0,
9.290017496534E-1));
#9822=CARTESIAN_POINT('',(-1.986333703694E-2,3.679988057302E0,
1.039859451786E0));
#9823=CARTESIAN_POINT('',(-5.027461968303E-1,3.649085260443E0,
9.104660900716E-1));
#9824=CARTESIAN_POINT('',(-8.694736715414E-1,3.618182463583E0,
5.707169044157E-1));
#9825=CARTESIAN_POINT('',(-1.035316184979E0,3.587279666724E0,
9.910834828302E-2));
#9826=CARTESIAN_POINT('',(-9.619578231010E-1,3.556376869865E0,
-3.953988745541E-1));
#9827=CARTESIAN_POINT('',(-6.663450112265E-1,3.525474073005E0,
-7.985505785724E-1));
#9828=CARTESIAN_POINT('',(-2.167857473703E-1,3.494571276146E0,
-1.017210466705E0));
#9829=CARTESIAN_POINT('',(2.828867707475E-1,3.463668479287E0,
-1.000826753277E0));
#9830=CARTESIAN_POINT('',(5.723629687792E-1,3.443066614714E0,
-8.358121972825E-1));
#9831=CARTESIAN_POINT('',(6.895495823340E-1,3.432765682427E0,
-7.242384783364E-1));
#9832=CARTESIAN_POINT('',(-8.048307742135E-1,4.443379029594E0,
5.935043596123E-1));
#9833=CARTESIAN_POINT('',(-9.008637358876E-1,4.433078097307E0,
4.632773753580E-1));
#9834=CARTESIAN_POINT('',(-1.028358549457E0,4.412476232734E0,
1.554278253667E-1));
#9835=CARTESIAN_POINT('',(-9.820884520255E-1,4.381573435875E0,
-3.423674433045E-1));
#9836=CARTESIAN_POINT('',(-7.088929458177E-1,4.350670639016E0,
-7.610318599734E-1));
#9837=CARTESIAN_POINT('',(-2.719193432561E-1,4.319767842157E0,
-1.003873993182E0));
#9838=CARTESIAN_POINT('',(2.278805822608E-1,4.288865045297E0,
-1.014777072961E0));
#9839=CARTESIAN_POINT('',(6.750301312517E-1,4.257962248438E0,
-7.912247293859E-1));
#9840=CARTESIAN_POINT('',(9.662195684436E-1,4.227059451579E0,
-3.848661912332E-1));
#9841=CARTESIAN_POINT('',(1.034171798626E0,4.196156654719E0,1.104125108641E-1));
#9842=CARTESIAN_POINT('',(8.631870496784E-1,4.165253857860E0,
5.801813108460E-1));
#9843=CARTESIAN_POINT('',(4.927699476432E-1,4.134351061001E0,
9.159039323522E-1));
#9844=CARTESIAN_POINT('',(8.502355547063E-3,4.103448264141E0,1.040014396523E0));
#9845=CARTESIAN_POINT('',(-4.777296368376E-1,4.072545467282E0,
9.238379885151E-1));
#9846=CARTESIAN_POINT('',(-8.535860800868E-1,4.041642670423E0,
5.942163232609E-1));
#9847=CARTESIAN_POINT('',(-1.032228398404E0,4.010739873563E0,
1.273058069280E-1));
#9848=CARTESIAN_POINT('',(-9.723827363230E-1,3.979837076704E0,
-3.690176812138E-1));
#9849=CARTESIAN_POINT('',(-6.878759475826E-1,3.948934279845E0,
-7.800826338827E-1));
#9850=CARTESIAN_POINT('',(-2.444410129442E-1,3.918031482985E0,
-1.010915835338E0));
#9851=CARTESIAN_POINT('',(2.554700306558E-1,3.887128686126E0,
-1.008185150846E0));
#9852=CARTESIAN_POINT('',(6.963568004102E-1,3.856225889267E0,
-7.725214828534E-1));
#9853=CARTESIAN_POINT('',(9.763559921491E-1,3.825323092408E0,
-3.583730061419E-1));
#9854=CARTESIAN_POINT('',(1.030776068819E0,3.794420295548E0,1.385746404481E-1));
#9855=CARTESIAN_POINT('',(8.470437138480E-1,3.763517498689E0,
6.035057426646E-1));
#9856=CARTESIAN_POINT('',(4.676087951787E-1,3.732614701830E0,
9.290017496534E-1));
#9857=CARTESIAN_POINT('',(-1.986333703694E-2,3.701711904970E0,
1.039859451786E0));
#9858=CARTESIAN_POINT('',(-5.027461968303E-1,3.670809108111E0,
9.104660900716E-1));
#9859=CARTESIAN_POINT('',(-8.694736715414E-1,3.639906311252E0,
5.707169044157E-1));
#9860=CARTESIAN_POINT('',(-1.035316184979E0,3.609003514392E0,
9.910834828302E-2));
#9861=CARTESIAN_POINT('',(-9.619578231010E-1,3.578100717533E0,
-3.953988745541E-1));
#9862=CARTESIAN_POINT('',(-6.663450112265E-1,3.547197920674E0,
-7.985505785724E-1));
#9863=CARTESIAN_POINT('',(-2.167857473703E-1,3.516295123814E0,
-1.017210466705E0));
#9864=CARTESIAN_POINT('',(2.828867707475E-1,3.485392326955E0,
-1.000826753277E0));
#9865=CARTESIAN_POINT('',(5.723629687792E-1,3.464790462382E0,
-8.358121972825E-1));
#9866=CARTESIAN_POINT('',(6.895495823340E-1,3.454489530096E0,
-7.242384783364E-1));
#9867=CARTESIAN_POINT('',(-8.048307742135E-1,4.465102877262E0,
5.935043596123E-1));
#9868=CARTESIAN_POINT('',(-9.008637358876E-1,4.454801944976E0,
4.632773753580E-1));
#9869=CARTESIAN_POINT('',(-1.028358549457E0,4.434200080403E0,
1.554278253667E-1));
#9870=CARTESIAN_POINT('',(-9.820884520255E-1,4.403297283544E0,
-3.423674433045E-1));
#9871=CARTESIAN_POINT('',(-7.088929458177E-1,4.372394486684E0,
-7.610318599734E-1));
#9872=CARTESIAN_POINT('',(-2.719193432561E-1,4.341491689825E0,
-1.003873993182E0));
#9873=CARTESIAN_POINT('',(2.278805822608E-1,4.310588892966E0,
-1.014777072961E0));
#9874=CARTESIAN_POINT('',(6.750301312517E-1,4.279686096106E0,
-7.912247293859E-1));
#9875=CARTESIAN_POINT('',(9.662195684436E-1,4.248783299247E0,
-3.848661912332E-1));
#9876=CARTESIAN_POINT('',(1.034171798626E0,4.217880502388E0,1.104125108641E-1));
#9877=CARTESIAN_POINT('',(8.631870496784E-1,4.186977705528E0,
5.801813108460E-1));
#9878=CARTESIAN_POINT('',(4.927699476432E-1,4.156074908669E0,
9.159039323522E-1));
#9879=CARTESIAN_POINT('',(8.502355547063E-3,4.125172111810E0,1.040014396523E0));
#9880=CARTESIAN_POINT('',(-4.777296368376E-1,4.094269314950E0,
9.238379885151E-1));
#9881=CARTESIAN_POINT('',(-8.535860800868E-1,4.063366518091E0,
5.942163232609E-1));
#9882=CARTESIAN_POINT('',(-1.032228398404E0,4.032463721232E0,
1.273058069280E-1));
#9883=CARTESIAN_POINT('',(-9.723827363230E-1,4.001560924373E0,
-3.690176812138E-1));
#9884=CARTESIAN_POINT('',(-6.878759475826E-1,3.970658127513E0,
-7.800826338827E-1));
#9885=CARTESIAN_POINT('',(-2.444410129442E-1,3.939755330654E0,
-1.010915835338E0));
#9886=CARTESIAN_POINT('',(2.554700306558E-1,3.908852533795E0,
-1.008185150846E0));
#9887=CARTESIAN_POINT('',(6.963568004102E-1,3.877949736935E0,
-7.725214828534E-1));
#9888=CARTESIAN_POINT('',(9.763559921491E-1,3.847046940076E0,
-3.583730061419E-1));
#9889=CARTESIAN_POINT('',(1.030776068819E0,3.816144143217E0,1.385746404481E-1));
#9890=CARTESIAN_POINT('',(8.470437138480E-1,3.785241346357E0,
6.035057426646E-1));
#9891=CARTESIAN_POINT('',(4.676087951787E-1,3.754338549498E0,
9.290017496534E-1));
#9892=CARTESIAN_POINT('',(-1.986333703694E-2,3.723435752639E0,
1.039859451786E0));
#9893=CARTESIAN_POINT('',(-5.027461968303E-1,3.692532955779E0,
9.104660900716E-1));
#9894=CARTESIAN_POINT('',(-8.694736715414E-1,3.661630158920E0,
5.707169044157E-1));
#9895=CARTESIAN_POINT('',(-1.035316184979E0,3.630727362061E0,
9.910834828302E-2));
#9896=CARTESIAN_POINT('',(-9.619578231010E-1,3.599824565201E0,
-3.953988745541E-1));
#9897=CARTESIAN_POINT('',(-6.663450112265E-1,3.568921768342E0,
-7.985505785724E-1));
#9898=CARTESIAN_POINT('',(-2.167857473703E-1,3.538018971483E0,
-1.017210466705E0));
#9899=CARTESIAN_POINT('',(2.828867707475E-1,3.507116174624E0,
-1.000826753277E0));
#9900=CARTESIAN_POINT('',(5.723629687792E-1,3.486514310051E0,
-8.358121972825E-1));
#9901=CARTESIAN_POINT('',(6.895495823340E-1,3.476213377764E0,
-7.242384783364E-1));
#9902=B_SPLINE_SURFACE_WITH_KNOTS('',3,3,((#9762,#9763,#9764,#9765,#9766,#9767,
#9768,#9769,#9770,#9771,#9772,#9773,#9774,#9775,#9776,#9777,#9778,#9779,#9780,
#9781,#9782,#9783,#9784,#9785,#9786,#9787,#9788,#9789,#9790,#9791,#9792,#9793,
#9794,#9795,#9796),(#9797,#9798,#9799,#9800,#9801,#9802,#9803,#9804,#9805,#9806,
#9807,#9808,#9809,#9810,#9811,#9812,#9813,#9814,#9815,#9816,#9817,#9818,#9819,
#9820,#9821,#9822,#9823,#9824,#9825,#9826,#9827,#9828,#9829,#9830,#9831),(#9832,
#9833,#9834,#9835,#9836,#9837,#9838,#9839,#9840,#9841,#9842,#9843,#9844,#9845,
#9846,#9847,#9848,#9849,#9850,#9851,#9852,#9853,#9854,#9855,#9856,#9857,#9858,
#9859,#9860,#9861,#9862,#9863,#9864,#9865,#9866),(#9867,#9868,#9869,#9870,#9871,
#9872,#9873,#9874,#9875,#9876,#9877,#9878,#9879,#9880,#9881,#9882,#9883,#9884,
#9885,#9886,#9887,#9888,#9889,#9890,#9891,#9892,#9893,#9894,#9895,#9896,#9897,
#9898,#9899,#9900,#9901)),.UNSPECIFIED.,.F.,.F.,.F.,(4,4),(4,1,1,1,1,1,1,1,1,1,
1,1,1,1,1,1,1,1,1,1,1,1,1,1,1,1,1,1,1,1,1,1,4),(-1.517154300525E-1,
1.151715430052E0),(2.111146263903E-1,2.362506799612E-1,2.613867335321E-1,
2.865227871030E-1,3.116588406739E-1,3.367948942448E-1,3.619309478157E-1,
3.870670013866E-1,4.122030549575E-1,4.373391085284E-1,4.624751620993E-1,
4.876112156701E-1,5.127472692410E-1,5.378833228119E-1,5.630193763828E-1,
5.881554299537E-1,6.132914835246E-1,6.384275370955E-1,6.635635906664E-1,
6.886996442373E-1,7.138356978082E-1,7.389717513791E-1,7.641078049500E-1,
7.892438585209E-1,8.143799120918E-1,8.395159656627E-1,8.646520192336E-1,
8.897880728045E-1,9.149241263754E-1,9.400601799463E-1,9.651962335172E-1,
9.903322870881E-1,1.015468340659E0),.UNSPECIFIED.);
#9904=ORIENTED_EDGE('',*,*,#9903,.T.);
#9906=ORIENTED_EDGE('',*,*,#9905,.T.);
#9907=ORIENTED_EDGE('',*,*,#9752,.F.);
#9908=ORIENTED_EDGE('',*,*,#9135,.F.);
#9909=ORIENTED_EDGE('',*,*,#8984,.T.);
#9910=EDGE_LOOP('',(#9904,#9906,#9907,#9908,#9909));
#9911=FACE_OUTER_BOUND('',#9910,.F.);
#9913=CARTESIAN_POINT('',(0.E0,4.389907568053E0,0.E0));
#9914=DIRECTION('',(0.E0,1.E0,0.E0));
#9915=DIRECTION('',(-1.E0,0.E0,0.E0));
#9916=AXIS2_PLACEMENT_3D('',#9913,#9914,#9915);
#9917=CONICAL_SURFACE('',#9916,1.001407568053E0,4.5E1);
#9918=ORIENTED_EDGE('',*,*,#9903,.F.);
#9919=ORIENTED_EDGE('',*,*,#8982,.F.);
#9920=ORIENTED_EDGE('',*,*,#8951,.T.);
#9921=ORIENTED_EDGE('',*,*,#8979,.T.);
#9923=ORIENTED_EDGE('',*,*,#9922,.F.);
#9924=EDGE_LOOP('',(#9918,#9919,#9920,#9921,#9923));
#9925=FACE_OUTER_BOUND('',#9924,.F.);
#9927=CARTESIAN_POINT('',(-9.927826129382E-1,4.402724220008E0,
-1.660264528676E-1));
#9928=CARTESIAN_POINT('',(-9.673310589059E-1,4.392964954388E0,
-3.182182264017E-1));
#9929=CARTESIAN_POINT('',(-8.452161193517E-1,4.373446423149E0,
-6.105546550942E-1));
#9930=CARTESIAN_POINT('',(-4.863891863807E-1,4.344168626290E0,
-9.222894554622E-1));
#9931=CARTESIAN_POINT('',(-2.649457505329E-2,4.314890829430E0,
-1.042343284435E0));
#9932=CARTESIAN_POINT('',(4.389068977713E-1,4.285613032571E0,
-9.458042127873E-1));
#9933=CARTESIAN_POINT('',(8.131025703836E-1,4.256335235712E0,
-6.527237023446E-1));
#9934=CARTESIAN_POINT('',(1.018334486074E0,4.227057438852E0,
-2.240068347529E-1));
#9935=CARTESIAN_POINT('',(1.011955052901E0,4.197779641993E0,2.512591091622E-1));
#9936=CARTESIAN_POINT('',(7.952899565020E-1,4.168501845134E0,
6.743130215930E-1));
#9937=CARTESIAN_POINT('',(4.133624975482E-1,4.139224048274E0,
9.572437591366E-1));
#9938=CARTESIAN_POINT('',(-5.446226376032E-2,4.109946251415E0,
1.041257907289E0));
#9939=CARTESIAN_POINT('',(-5.109696909159E-1,4.080668454556E0,
9.088972125434E-1));
#9940=CARTESIAN_POINT('',(-8.612969044684E-1,4.051390657697E0,
5.876664107087E-1));
#9941=CARTESIAN_POINT('',(-1.032645421467E0,4.022112860837E0,
1.443177101436E-1));
#9942=CARTESIAN_POINT('',(-9.894087813730E-1,3.992835063978E0,
-3.290204116430E-1));
#9943=CARTESIAN_POINT('',(-7.405716182321E-1,3.963557267119E0,
-7.339876335501E-1));
#9944=CARTESIAN_POINT('',(-3.378426411819E-1,3.934279470259E0,
-9.864312027379E-1));
#9945=CARTESIAN_POINT('',(1.350905073318E-1,3.905001673400E0,
-1.033892993866E0));
#9946=CARTESIAN_POINT('',(5.799516602357E-1,3.875723876541E0,
-8.665103806220E-1));
#9947=CARTESIAN_POINT('',(9.042980502540E-1,3.846446079681E0,
-5.190657032053E-1));
#9948=CARTESIAN_POINT('',(1.040730045702E0,3.817168282822E0,
-6.375844959692E-2));
#9949=CARTESIAN_POINT('',(9.608968879222E-1,3.787890485963E0,
4.047978986919E-1));
#9950=CARTESIAN_POINT('',(6.813880181230E-1,3.758612689103E0,
7.892366795992E-1));
#9951=CARTESIAN_POINT('',(2.602857695153E-1,3.729334892244E0,1.009670979564E0));
#9952=CARTESIAN_POINT('',(-2.149042266488E-1,3.700057095385E0,
1.020294241565E0));
#9953=CARTESIAN_POINT('',(-6.454368174417E-1,3.670779298525E0,
8.188989459752E-1));
#9954=CARTESIAN_POINT('',(-9.418467672110E-1,3.641501501666E0,
4.473352821288E-1));
#9955=CARTESIAN_POINT('',(-1.042539539414E0,3.612223704807E0,
-1.718517748694E-2));
#9956=CARTESIAN_POINT('',(-9.265915435460E-1,3.582945907948E0,
-4.781349027906E-1));
#9957=CARTESIAN_POINT('',(-6.180950394299E-1,3.553668111088E0,
-8.397261502099E-1));
#9958=CARTESIAN_POINT('',(-1.811631034902E-1,3.524390314229E0,
-1.026826280448E0));
#9959=CARTESIAN_POINT('',(2.934355965801E-1,3.495112517370E0,
-1.000531271840E0));
#9960=CARTESIAN_POINT('',(5.691320481104E-1,3.475593986130E0,
-8.444411933059E-1));
#9961=CARTESIAN_POINT('',(6.825433544661E-1,3.465834720510E0,
-7.398085352835E-1));
#9962=CARTESIAN_POINT('',(-9.264902402903E-1,4.441529652423E0,
-1.549401512549E-1));
#9963=CARTESIAN_POINT('',(-9.027381961833E-1,4.431770386803E0,
-2.969694243246E-1));
#9964=CARTESIAN_POINT('',(-7.887773972973E-1,4.412251855564E0,
-5.697852900893E-1));
#9965=CARTESIAN_POINT('',(-4.539108847109E-1,4.382974058705E0,
-8.607042146714E-1));
#9966=CARTESIAN_POINT('',(-2.472541812035E-2,4.353696261845E0,
-9.727415322103E-1));
#9967=CARTESIAN_POINT('',(4.095991930980E-1,4.324418464986E0,
-8.826487903323E-1));
#9968=CARTESIAN_POINT('',(7.588082083608E-1,4.295140668127E0,
-6.091385283618E-1));
#9969=CARTESIAN_POINT('',(9.503359047617E-1,4.265862871267E0,
-2.090489332228E-1));
#9970=CARTESIAN_POINT('',(9.443824538287E-1,4.236585074408E0,
2.344814558484E-1));
#9971=CARTESIAN_POINT('',(7.421850194569E-1,4.207307277549E0,
6.292862357426E-1));
#9972=CARTESIAN_POINT('',(3.857605025404E-1,4.178029480689E0,
8.933244688825E-1));
#9973=CARTESIAN_POINT('',(-5.082558374861E-2,4.148751683830E0,
9.717286303731E-1));
#9974=CARTESIAN_POINT('',(-4.768500430488E-1,4.119473886971E0,
8.482062295152E-1));
#9975=CARTESIAN_POINT('',(-8.037843991048E-1,4.090196090111E0,
5.484253923995E-1));
#9976=CARTESIAN_POINT('',(-9.636912373373E-1,4.060918293252E0,
1.346809948185E-1));
#9977=CARTESIAN_POINT('',(-9.233416939955E-1,4.031640496393E0,
-3.070503011141E-1));
#9978=CARTESIAN_POINT('',(-6.911204603970E-1,4.002362699534E0,
-6.849761167406E-1));
#9979=CARTESIAN_POINT('',(-3.152834323746E-1,3.973084902674E0,
-9.205629411153E-1));
#9980=CARTESIAN_POINT('',(1.260699320956E-1,3.943807105815E0,
-9.648555039516E-1));
#9981=CARTESIAN_POINT('',(5.412257890560E-1,3.914529308956E0,
-8.086497489924E-1));
#9982=CARTESIAN_POINT('',(8.439141731081E-1,3.885251512096E0,
-4.844054497146E-1));
#9983=CARTESIAN_POINT('',(9.712360163785E-1,3.855973715237E0,
-5.950102320262E-2));
#9984=CARTESIAN_POINT('',(8.967336625189E-1,3.826695918378E0,
3.777677988519E-1));
#9985=CARTESIAN_POINT('',(6.358888042704E-1,3.797418121518E0,
7.365359459345E-1));
#9986=CARTESIAN_POINT('',(2.429053671969E-1,3.768140324659E0,
9.422508979096E-1));
#9987=CARTESIAN_POINT('',(-2.005541454820E-1,3.738862527800E0,
9.521647989353E-1));
#9988=CARTESIAN_POINT('',(-6.023382201608E-1,3.709584730940E0,
7.642175349794E-1));
#9989=CARTESIAN_POINT('',(-8.789556004486E-1,3.680306934081E0,
4.174647779168E-1));
#9990=CARTESIAN_POINT('',(-9.729246823987E-1,3.651029137222E0,
-1.603764914072E-2));
#9991=CARTESIAN_POINT('',(-8.647190337975E-1,3.621751340363E0,
-4.462077752012E-1));
#9992=CARTESIAN_POINT('',(-5.768221704738E-1,3.592473543503E0,
-7.836540170496E-1));
#9993=CARTESIAN_POINT('',(-1.690660624964E-1,3.563195746644E0,
-9.582606654372E-1));
#9994=CARTESIAN_POINT('',(2.738416374765E-1,3.533917949785E0,
-9.337214878503E-1));
#9995=CARTESIAN_POINT('',(5.311286490506E-1,3.514399418545E0,
-7.880542164025E-1));
#9996=CARTESIAN_POINT('',(6.369669938279E-1,3.504640152925E0,
-6.904083317848E-1));
#9997=CARTESIAN_POINT('',(-8.601978676424E-1,4.480335084838E0,
-1.438538496422E-1));
#9998=CARTESIAN_POINT('',(-8.381453334607E-1,4.470575819218E0,
-2.757206222474E-1));
#9999=CARTESIAN_POINT('',(-7.323386752429E-1,4.451057287979E0,
-5.290159250843E-1));
#10000=CARTESIAN_POINT('',(-4.214325830412E-1,4.421779491120E0,
-7.991189738806E-1));
#10001=CARTESIAN_POINT('',(-2.295626118741E-2,4.392501694260E0,
-9.031397799855E-1));
#10002=CARTESIAN_POINT('',(3.802914884247E-1,4.363223897401E0,
-8.194933678774E-1));
#10003=CARTESIAN_POINT('',(7.045138463380E-1,4.333946100542E0,
-5.655533543791E-1));
#10004=CARTESIAN_POINT('',(8.823373234498E-1,4.304668303682E0,
-1.940910316927E-1));
#10005=CARTESIAN_POINT('',(8.768098547567E-1,4.275390506823E0,
2.177038025347E-1));
#10006=CARTESIAN_POINT('',(6.890800824118E-1,4.246112709964E0,
5.842594498922E-1));
#10007=CARTESIAN_POINT('',(3.581585075326E-1,4.216834913104E0,
8.294051786285E-1));
#10008=CARTESIAN_POINT('',(-4.718890373690E-2,4.187557116245E0,
9.021993534568E-1));
#10009=CARTESIAN_POINT('',(-4.427303951818E-1,4.158279319386E0,
7.875152464870E-1));
#10010=CARTESIAN_POINT('',(-7.462718937412E-1,4.129001522526E0,
5.091843740903E-1));
#10011=CARTESIAN_POINT('',(-8.947370532079E-1,4.099723725667E0,
1.250442794935E-1));
#10012=CARTESIAN_POINT('',(-8.572746066180E-1,4.070445928808E0,
-2.850801905852E-1));
#10013=CARTESIAN_POINT('',(-6.416693025620E-1,4.041168131948E0,
-6.359645999310E-1));
#10014=CARTESIAN_POINT('',(-2.927242235672E-1,4.011890335089E0,
-8.546946794927E-1));
#10015=CARTESIAN_POINT('',(1.170493568593E-1,3.982612538230E0,
-8.958180140378E-1));
#10016=CARTESIAN_POINT('',(5.024999178763E-1,3.953334741371E0,
-7.507891173628E-1));
#10017=CARTESIAN_POINT('',(7.835302959623E-1,3.924056944511E0,
-4.497451962238E-1));
#10018=CARTESIAN_POINT('',(9.017419870548E-1,3.894779147652E0,
-5.524359680831E-2));
#10019=CARTESIAN_POINT('',(8.325704371157E-1,3.865501350793E0,
3.507376990119E-1));
#10020=CARTESIAN_POINT('',(5.903895904178E-1,3.836223553933E0,
6.838352122698E-1));
#10021=CARTESIAN_POINT('',(2.255249648784E-1,3.806945757074E0,
8.748308162556E-1));
#10022=CARTESIAN_POINT('',(-1.862040643153E-1,3.777667960215E0,
8.840353563052E-1));
#10023=CARTESIAN_POINT('',(-5.592396228798E-1,3.748390163355E0,
7.095361239836E-1));
#10024=CARTESIAN_POINT('',(-8.160644336861E-1,3.719112366496E0,
3.875942737047E-1));
#10025=CARTESIAN_POINT('',(-9.033098253834E-1,3.689834569637E0,
-1.489012079449E-2));
#10026=CARTESIAN_POINT('',(-8.028465240490E-1,3.660556772777E0,
-4.142806476119E-1));
#10027=CARTESIAN_POINT('',(-5.355493015177E-1,3.631278975918E0,
-7.275818838893E-1));
#10028=CARTESIAN_POINT('',(-1.569690215026E-1,3.602001179059E0,
-8.896950504265E-1));
#10029=CARTESIAN_POINT('',(2.542476783730E-1,3.572723382200E0,
-8.669117038611E-1));
#10030=CARTESIAN_POINT('',(4.931252499907E-1,3.553204850960E0,
-7.316672394990E-1));
#10031=CARTESIAN_POINT('',(5.913906331897E-1,3.543445585340E0,
-6.410081282861E-1));
#10032=CARTESIAN_POINT('',(-7.939054949945E-1,4.519140517253E0,
-1.327675480294E-1));
#10033=CARTESIAN_POINT('',(-7.735524707382E-1,4.509381251633E0,
-2.544718201702E-1));
#10034=CARTESIAN_POINT('',(-6.758999531885E-1,4.489862720394E0,
-4.882465600794E-1));
#10035=CARTESIAN_POINT('',(-3.889542813715E-1,4.460584923535E0,
-7.375337330898E-1));
#10036=CARTESIAN_POINT('',(-2.118710425447E-2,4.431307126675E0,
-8.335380277607E-1));
#10037=CARTESIAN_POINT('',(3.509837837514E-1,4.402029329816E0,
-7.563379454224E-1));
#10038=CARTESIAN_POINT('',(6.502194843151E-1,4.372751532957E0,
-5.219681803964E-1));
#10039=CARTESIAN_POINT('',(8.143387421378E-1,4.343473736097E0,
-1.791331301626E-1));
#10040=CARTESIAN_POINT('',(8.092372556846E-1,4.314195939238E0,
2.009261492210E-1));
#10041=CARTESIAN_POINT('',(6.359751453667E-1,4.284918142379E0,
5.392326640418E-1));
#10042=CARTESIAN_POINT('',(3.305565125248E-1,4.255640345519E0,
7.654858883745E-1));
#10043=CARTESIAN_POINT('',(-4.355222372519E-2,4.226362548660E0,
8.326700765406E-1));
#10044=CARTESIAN_POINT('',(-4.086107473147E-1,4.197084751801E0,
7.268242634587E-1));
#10045=CARTESIAN_POINT('',(-6.887593883776E-1,4.167806954941E0,
4.699433557812E-1));
#10046=CARTESIAN_POINT('',(-8.257828690785E-1,4.138529158082E0,
1.154075641685E-1));
#10047=CARTESIAN_POINT('',(-7.912075192405E-1,4.109251361223E0,
-2.631100800563E-1));
#10048=CARTESIAN_POINT('',(-5.922181447269E-1,4.079973564363E0,
-5.869530831215E-1));
#10049=CARTESIAN_POINT('',(-2.701650147599E-1,4.050695767504E0,
-7.888264178700E-1));
#10050=CARTESIAN_POINT('',(1.080287816231E-1,4.021417970645E0,
-8.267805241239E-1));
#10051=CARTESIAN_POINT('',(4.637740466966E-1,3.992140173786E0,
-6.929284857332E-1));
#10052=CARTESIAN_POINT('',(7.231464188164E-1,3.962862376926E0,
-4.150849427331E-1));
#10053=CARTESIAN_POINT('',(8.322479577311E-1,3.933584580067E0,
-5.098617041401E-2));
#10054=CARTESIAN_POINT('',(7.684072117125E-1,3.904306783208E0,
3.237075991718E-1));
#10055=CARTESIAN_POINT('',(5.448903765652E-1,3.875028986348E0,
6.311344786052E-1));
#10056=CARTESIAN_POINT('',(2.081445625599E-1,3.845751189489E0,
8.074107346016E-1));
#10057=CARTESIAN_POINT('',(-1.718539831485E-1,3.816473392630E0,
8.159059136750E-1));
#10058=CARTESIAN_POINT('',(-5.161410255989E-1,3.787195595770E0,
6.548547129878E-1));
#10059=CARTESIAN_POINT('',(-7.531732669236E-1,3.757917798911E0,
3.577237694926E-1));
#10060=CARTESIAN_POINT('',(-8.336949683680E-1,3.728640002052E0,
-1.374259244827E-2));
#10061=CARTESIAN_POINT('',(-7.409740143005E-1,3.699362205192E0,
-3.823535200225E-1));
#10062=CARTESIAN_POINT('',(-4.942764325616E-1,3.670084408333E0,
-6.715097507290E-1));
#10063=CARTESIAN_POINT('',(-1.448719805089E-1,3.640806611474E0,
-8.211294354157E-1));
#10064=CARTESIAN_POINT('',(2.346537192694E-1,3.611528814615E0,
-8.001019198719E-1));
#10065=CARTESIAN_POINT('',(4.551218509308E-1,3.592010283375E0,
-6.752802625956E-1));
#10066=CARTESIAN_POINT('',(5.458142725515E-1,3.582251017755E0,
-5.916079247874E-1));
#10067=B_SPLINE_SURFACE_WITH_KNOTS('',3,3,((#9927,#9928,#9929,#9930,#9931,#9932,
#9933,#9934,#9935,#9936,#9937,#9938,#9939,#9940,#9941,#9942,#9943,#9944,#9945,
#9946,#9947,#9948,#9949,#9950,#9951,#9952,#9953,#9954,#9955,#9956,#9957,#9958,
#9959,#9960,#9961),(#9962,#9963,#9964,#9965,#9966,#9967,#9968,#9969,#9970,#9971,
#9972,#9973,#9974,#9975,#9976,#9977,#9978,#9979,#9980,#9981,#9982,#9983,#9984,
#9985,#9986,#9987,#9988,#9989,#9990,#9991,#9992,#9993,#9994,#9995,#9996),(#9997,
#9998,#9999,#10000,#10001,#10002,#10003,#10004,#10005,#10006,#10007,#10008,
#10009,#10010,#10011,#10012,#10013,#10014,#10015,#10016,#10017,#10018,#10019,
#10020,#10021,#10022,#10023,#10024,#10025,#10026,#10027,#10028,#10029,#10030,
#10031),(#10032,#10033,#10034,#10035,#10036,#10037,#10038,#10039,#10040,#10041,
#10042,#10043,#10044,#10045,#10046,#10047,#10048,#10049,#10050,#10051,#10052,
#10053,#10054,#10055,#10056,#10057,#10058,#10059,#10060,#10061,#10062,#10063,
#10064,#10065,#10066)),.UNSPECIFIED.,.F.,.F.,.F.,(4,4),(4,1,1,1,1,1,1,1,1,1,1,1,
1,1,1,1,1,1,1,1,1,1,1,1,1,1,1,1,1,1,1,1,4),(-3.485130413038E-2,
1.034851304130E0),(2.525975619948E-1,2.764118553626E-1,3.002261487305E-1,
3.240404420983E-1,3.478547354661E-1,3.716690288339E-1,3.954833222017E-1,
4.192976155695E-1,4.431119089373E-1,4.669262023051E-1,4.907404956730E-1,
5.145547890408E-1,5.383690824086E-1,5.621833757764E-1,5.859976691442E-1,
6.098119625120E-1,6.336262558798E-1,6.574405492476E-1,6.812548426154E-1,
7.050691359833E-1,7.288834293511E-1,7.526977227189E-1,7.765120160867E-1,
8.003263094545E-1,8.241406028223E-1,8.479548961901E-1,8.717691895579E-1,
8.955834829257E-1,9.193977762936E-1,9.432120696614E-1,9.670263630292E-1,
9.908406563970E-1,1.014654949765E0),.UNSPECIFIED.);
#10068=ORIENTED_EDGE('',*,*,#9156,.T.);
#10069=ORIENTED_EDGE('',*,*,#9343,.T.);
#10071=ORIENTED_EDGE('',*,*,#10070,.F.);
#10072=ORIENTED_EDGE('',*,*,#9905,.F.);
#10073=ORIENTED_EDGE('',*,*,#9922,.T.);
#10074=ORIENTED_EDGE('',*,*,#8977,.T.);
#10075=ORIENTED_EDGE('',*,*,#9326,.F.);
#10076=EDGE_LOOP('',(#10068,#10069,#10071,#10072,#10073,#10074,#10075));
#10077=FACE_OUTER_BOUND('',#10076,.F.);
#10079=CARTESIAN_POINT('',(7.633823159749E-2,3.508440250043E0,
-1.003670550530E0));
#10080=CARTESIAN_POINT('',(2.863162623437E-1,3.495121520499E0,
-9.876998203603E-1));
#10081=CARTESIAN_POINT('',(6.952582921127E-1,3.468484061412E0,
-8.196392170653E-1));
#10082=CARTESIAN_POINT('',(1.044163187629E0,3.428527872780E0,
-2.550991492378E-1));
#10083=CARTESIAN_POINT('',(9.949450270908E-1,3.388571684149E0,
4.066637608037E-1));
#10084=CARTESIAN_POINT('',(5.665317416015E-1,3.348615495518E0,
9.134264778993E-1));
#10085=CARTESIAN_POINT('',(-7.782881578149E-2,3.308659306886E0,
1.072029226484E0));
#10086=CARTESIAN_POINT('',(-6.925217955506E-1,3.268703118255E0,
8.220203159519E-1));
#10087=CARTESIAN_POINT('',(-1.043255664224E0,3.228746929623E0,
2.586922421243E-1));
#10088=CARTESIAN_POINT('',(-9.963447524061E-1,3.188790740992E0,
-4.032382754510E-1));
#10089=CARTESIAN_POINT('',(-5.696697325527E-1,3.148834552361E0,
-9.114715514879E-1));
#10090=CARTESIAN_POINT('',(7.413912413500E-2,3.108878363729E0,
-1.072290716472E0));
#10091=CARTESIAN_POINT('',(6.896893028642E-1,3.068922175098E0,
-8.243983598193E-1));
#10092=CARTESIAN_POINT('',(1.042359313676E0,3.028965986466E0,
-2.622804827939E-1));
#10093=CARTESIAN_POINT('',(9.977263774498E-1,2.989009797835E0,
3.998075363033E-1));
#10094=CARTESIAN_POINT('',(5.728026676166E-1,2.949053609204E0,
9.095059616870E-1));
#10095=CARTESIAN_POINT('',(-7.044900725040E-2,2.909097420572E0,
1.072539476078E0));
#10096=CARTESIAN_POINT('',(-6.868485229662E-1,2.869141231941E0,
8.267666520049E-1));
#10097=CARTESIAN_POINT('',(-1.041450654049E0,2.829185043309E0,
2.658656155831E-1));
#10098=CARTESIAN_POINT('',(-9.990961806729E-1,2.789228854678E0,
-3.963720627613E-1));
#10099=CARTESIAN_POINT('',(-5.759288230069E-1,2.749272666047E0,
-9.075296034697E-1));
#10100=CARTESIAN_POINT('',(6.675805686062E-2,2.709316477415E0,
-1.072775536776E0));
#10101=CARTESIAN_POINT('',(6.839996106335E-1,2.669360288784E0,
-8.291251550950E-1));
#10102=CARTESIAN_POINT('',(1.040529663495E0,2.629404100152E0,
-2.694476011165E-1));
#10103=CARTESIAN_POINT('',(1.000454155153E0,2.589447911521E0,
3.929318984204E-1));
#10104=CARTESIAN_POINT('',(5.790481571361E-1,2.549491722890E0,
9.055424916331E-1));
#10105=CARTESIAN_POINT('',(-6.306630766836E-2,2.509535534258E0,
1.072998927264E0));
#10106=CARTESIAN_POINT('',(-6.811426310186E-1,2.469579345627E0,
8.314737237937E-1));
#10107=CARTESIAN_POINT('',(-1.039596236232E0,2.429623156996E0,
2.730268349735E-1));
#10108=CARTESIAN_POINT('',(-1.001800720128E0,2.389666968364E0,
-3.894887186040E-1));
#10109=CARTESIAN_POINT('',(-5.821590084833E-1,2.349710779733E0,
-9.035385493301E-1));
#10110=CARTESIAN_POINT('',(5.936774035271E-2,2.309754591101E0,
-1.073232411804E0));
#10111=CARTESIAN_POINT('',(6.783002454875E-1,2.269798402470E0,
-8.337273630357E-1));
#10112=CARTESIAN_POINT('',(9.184773726208E-1,2.243160943382E0,
-4.625227056113E-1));
#10113=CARTESIAN_POINT('',(9.726691684756E-1,2.229842213839E0,
-2.590304775527E-1));
#10114=CARTESIAN_POINT('',(7.124079895676E-2,3.547245682458E0,
-9.366511433762E-1));
#10115=CARTESIAN_POINT('',(2.671976918620E-1,3.533926952914E0,
-9.217468476730E-1));
#10116=CARTESIAN_POINT('',(6.488329003033E-1,3.507289493827E0,
-7.649083749792E-1));
#10117=CARTESIAN_POINT('',(9.744399126268E-1,3.467333305195E0,
-2.380650799027E-1));
#10118=CARTESIAN_POINT('',(9.285082607328E-1,3.427377116564E0,
3.795090693111E-1));
#10119=CARTESIAN_POINT('',(5.287019762111E-1,3.387420927933E0,
8.524330563081E-1));
#10120=CARTESIAN_POINT('',(-7.263185041235E-2,3.347464739301E0,
1.000445216002E0));
#10121=CARTESIAN_POINT('',(-6.462791314073E-1,3.307508550670E0,
7.671304776338E-1));
#10122=CARTESIAN_POINT('',(-9.735929884700E-1,3.267552362038E0,
2.414182464957E-1));
#10123=CARTESIAN_POINT('',(-9.298145203578E-1,3.227596173407E0,
-3.763123183747E-1));
#10124=CARTESIAN_POINT('',(-5.316304299859E-1,3.187639984776E0,
-8.506086687564E-1));
#10125=CARTESIAN_POINT('',(6.918853537479E-2,3.147683796144E0,
-1.000689245176E0));
#10126=CARTESIAN_POINT('',(6.436357764619E-1,3.107727607513E0,
-7.693497292659E-1));
#10127=CARTESIAN_POINT('',(9.727564911093E-1,3.067771418881E0,
-2.447668848752E-1));
#10128=CARTESIAN_POINT('',(9.311038883443E-1,3.027815230250E0,
3.731106644618E-1));
#10129=CARTESIAN_POINT('',(5.345541654768E-1,2.987859041619E0,
8.487743298555E-1));
#10130=CARTESIAN_POINT('',(-6.574482349411E-2,2.947902852987E0,
1.000921394032E0));
#10131=CARTESIAN_POINT('',(-6.409846876776E-1,2.907946664356E0,
7.715598803780E-1));
#10132=CARTESIAN_POINT('',(-9.719085066013E-1,2.867990475724E0,
2.481126229009E-1));
#10133=CARTESIAN_POINT('',(-9.323822239042E-1,2.828034287093E0,
-3.699045922906E-1));
#10134=CARTESIAN_POINT('',(-5.374715740021E-1,2.788078098462E0,
-8.469299415919E-1));
#10135=CARTESIAN_POINT('',(6.230033376498E-2,2.748121909830E0,
-1.001141691940E0));
#10136=CARTESIAN_POINT('',(6.383260094965E-1,2.708165721199E0,
-7.737608960548E-1));
#10137=CARTESIAN_POINT('',(9.710490145542E-1,2.668209532567E0,
-2.514554238266E-1));
#10138=CARTESIAN_POINT('',(9.336495205769E-1,2.628253343936E0,
3.666941425453E-1));
#10139=CARTESIAN_POINT('',(5.403826167512E-1,2.588297155305E0,
8.450755177745E-1));
#10140=CARTESIAN_POINT('',(-5.885509857284E-2,2.548340966673E0,
1.001350165682E0));
#10141=CARTESIAN_POINT('',(-6.356598027203E-1,2.508384778042E0,
7.759526407023E-1));
#10142=CARTESIAN_POINT('',(-9.701779162514E-1,2.468428589410E0,
2.547956568172E-1));
#10143=CARTESIAN_POINT('',(-9.349061696073E-1,2.428472400779E0,
-3.634808786808E-1));
#10144=CARTESIAN_POINT('',(-5.432857431503E-1,2.388516212148E0,
-8.432053873334E-1));
#10145=CARTESIAN_POINT('',(5.540350053280E-2,2.348560023516E0,
-1.001568059454E0));
#10146=CARTESIAN_POINT('',(6.330072155180E-1,2.308603834885E0,
-7.780557947419E-1));
#10147=CARTESIAN_POINT('',(8.571466810263E-1,2.281966375797E0,
-4.316380716955E-1));
#10148=CARTESIAN_POINT('',(9.077198571768E-1,2.268647646254E0,
-2.417338964872E-1));
#10149=CARTESIAN_POINT('',(6.614336631604E-2,3.586051114873E0,
-8.696317362227E-1));
#10150=CARTESIAN_POINT('',(2.480791213803E-1,3.572732385329E0,
-8.557938749857E-1));
#10151=CARTESIAN_POINT('',(6.024075084938E-1,3.546094926242E0,
-7.101775328931E-1));
#10152=CARTESIAN_POINT('',(9.047166376244E-1,3.506138737610E0,
-2.210310105677E-1));
#10153=CARTESIAN_POINT('',(8.620714943748E-1,3.466182548979E0,
3.523543778184E-1));
#10154=CARTESIAN_POINT('',(4.908722108207E-1,3.426226360347E0,
7.914396347169E-1));
#10155=CARTESIAN_POINT('',(-6.743488504316E-2,3.386270171716E0,
9.288612055190E-1));
#10156=CARTESIAN_POINT('',(-6.000364672639E-1,3.346313983085E0,
7.122406393157E-1));
#10157=CARTESIAN_POINT('',(-9.039303127155E-1,3.306357794453E0,
2.241442508672E-1));
#10158=CARTESIAN_POINT('',(-8.632842883095E-1,3.266401605822E0,
-3.493863612983E-1));
#10159=CARTESIAN_POINT('',(-4.935911274191E-1,3.226445417191E0,
-7.897457860248E-1));
#10160=CARTESIAN_POINT('',(6.423794661452E-2,3.186489228559E0,
-9.290877738804E-1));
#10161=CARTESIAN_POINT('',(5.975822500595E-1,3.146533039928E0,
-7.143010987126E-1));
#10162=CARTESIAN_POINT('',(9.031536685431E-1,3.106576851296E0,
-2.272532869566E-1));
#10163=CARTESIAN_POINT('',(8.644813992389E-1,3.066620662665E0,
3.464137926203E-1));
#10164=CARTESIAN_POINT('',(4.963056633370E-1,3.026664474034E0,
7.880426980240E-1));
#10165=CARTESIAN_POINT('',(-6.104063973776E-2,2.986708285402E0,
9.293033119853E-1));
#10166=CARTESIAN_POINT('',(-5.951208523890E-1,2.946752096771E0,
7.163531087513E-1));
#10167=CARTESIAN_POINT('',(-9.023663591534E-1,2.906795908139E0,
2.303596302188E-1));
#10168=CARTESIAN_POINT('',(-8.656682671356E-1,2.866839719508E0,
-3.434371218198E-1));
#10169=CARTESIAN_POINT('',(-4.990143249973E-1,2.826883530877E0,
-7.863302797140E-1));
#10170=CARTESIAN_POINT('',(5.784261066929E-2,2.786927342245E0,
-9.295078471032E-1));
#10171=CARTESIAN_POINT('',(5.926524083594E-1,2.746971153614E0,
-7.183966370147E-1));
#10172=CARTESIAN_POINT('',(9.015683656140E-1,2.707014964982E0,
-2.334632465368E-1));
#10173=CARTESIAN_POINT('',(8.668448860011E-1,2.667058776351E0,
3.404563866702E-1));
#10174=CARTESIAN_POINT('',(5.017170763664E-1,2.627102587720E0,
7.846085439158E-1));
#10175=CARTESIAN_POINT('',(-5.464388947731E-2,2.587146399088E0,9.297014041E-1));
#10176=CARTESIAN_POINT('',(-5.901769744219E-1,2.547190210457E0,
7.204315576109E-1));
#10177=CARTESIAN_POINT('',(-9.007595962713E-1,2.507234021825E0,
2.365644786609E-1));
#10178=CARTESIAN_POINT('',(-8.680116190861E-1,2.467277833194E0,
-3.374730387576E-1));
#10179=CARTESIAN_POINT('',(-5.044124778174E-1,2.427321644563E0,
-7.828722253367E-1));
#10180=CARTESIAN_POINT('',(5.143926071289E-2,2.387365455931E0,
-9.299037071032E-1));
#10181=CARTESIAN_POINT('',(5.877141855485E-1,2.347409267300E0,
-7.223842264481E-1));
#10182=CARTESIAN_POINT('',(7.958159894319E-1,2.320771808212E0,
-4.007534377798E-1));
#10183=CARTESIAN_POINT('',(8.427705458781E-1,2.307453078669E0,
-2.244373154218E-1));
#10184=CARTESIAN_POINT('',(6.104593367530E-2,3.624856547288E0,
-8.026123290692E-1));
#10185=CARTESIAN_POINT('',(2.289605508987E-1,3.611537817744E0,
-7.898409022983E-1));
#10186=CARTESIAN_POINT('',(5.559821166843E-1,3.584900358657E0,
-6.554466908071E-1));
#10187=CARTESIAN_POINT('',(8.349933626219E-1,3.544944170025E0,
-2.039969412326E-1));
#10188=CARTESIAN_POINT('',(7.956347280168E-1,3.504987981394E0,
3.251996863258E-1));
#10189=CARTESIAN_POINT('',(4.530424454303E-1,3.465031792762E0,
7.304462131257E-1));
#10190=CARTESIAN_POINT('',(-6.223791967402E-2,3.425075604131E0,
8.572771950364E-1));
#10191=CARTESIAN_POINT('',(-5.537938031206E-1,3.385119415500E0,
6.573508009976E-1));
#10192=CARTESIAN_POINT('',(-8.342676369610E-1,3.345163226868E0,
2.068702552386E-1));
#10193=CARTESIAN_POINT('',(-7.967540562612E-1,3.305207038237E0,
-3.224604042220E-1));
#10194=CARTESIAN_POINT('',(-4.555518248523E-1,3.265250849605E0,
-7.288829032932E-1));
#10195=CARTESIAN_POINT('',(5.928735785431E-2,3.225294660974E0,
-8.574863025846E-1));
#10196=CARTESIAN_POINT('',(5.515287236571E-1,3.185338472343E0,
-6.592524681592E-1));
#10197=CARTESIAN_POINT('',(8.335508459768E-1,3.145382283711E0,
-2.097396890379E-1));
#10198=CARTESIAN_POINT('',(7.978589101335E-1,3.105426095080E0,
3.197169207788E-1));
#10199=CARTESIAN_POINT('',(4.580571611972E-1,3.065469906449E0,
7.273110661926E-1));
#10200=CARTESIAN_POINT('',(-5.633645598147E-2,3.025513717817E0,
8.576852299387E-1));
#10201=CARTESIAN_POINT('',(-5.492570171005E-1,2.985557529186E0,
6.611463371244E-1));
#10202=CARTESIAN_POINT('',(-8.328242117056E-1,2.945601340554E0,
2.126066375366E-1));
#10203=CARTESIAN_POINT('',(-7.989543103669E-1,2.905645151923E0,
-3.169696513491E-1));
#10204=CARTESIAN_POINT('',(-4.605570759925E-1,2.865688963292E0,
-7.257306178363E-1));
#10205=CARTESIAN_POINT('',(5.338488757364E-2,2.825732774660E0,
-8.578740022668E-1));
#10206=CARTESIAN_POINT('',(5.469788072224E-1,2.785776586029E0,
-6.630323779745E-1));
#10207=CARTESIAN_POINT('',(8.320877166737E-1,2.745820397397E0,
-2.154710692469E-1));
#10208=CARTESIAN_POINT('',(8.000402514253E-1,2.705864208766E0,
3.142186307951E-1));
#10209=CARTESIAN_POINT('',(4.630515359815E-1,2.665908020135E0,
7.241415700572E-1));
#10210=CARTESIAN_POINT('',(-5.043268038180E-2,2.625951831503E0,
8.580526425182E-1));
#10211=CARTESIAN_POINT('',(-5.446941461236E-1,2.585995642872E0,
6.649104745194E-1));
#10212=CARTESIAN_POINT('',(-8.313412762913E-1,2.546039454240E0,
2.183333005047E-1));
#10213=CARTESIAN_POINT('',(-8.011170685650E-1,2.506083265609E0,
-3.114651988344E-1));
#10214=CARTESIAN_POINT('',(-4.655392124844E-1,2.466127076978E0,
-7.225390633400E-1));
#10215=CARTESIAN_POINT('',(4.747502089298E-2,2.426170888346E0,
-8.582393547526E-1));
#10216=CARTESIAN_POINT('',(5.424211555790E-1,2.386214699715E0,
-6.667126581542E-1));
#10217=CARTESIAN_POINT('',(7.344852978375E-1,2.359577240627E0,
-3.698688038641E-1));
#10218=CARTESIAN_POINT('',(7.778212345793E-1,2.346258511084E0,
-2.071407343563E-1));
#10219=B_SPLINE_SURFACE_WITH_KNOTS('',3,3,((#10079,#10080,#10081,#10082,#10083,
#10084,#10085,#10086,#10087,#10088,#10089,#10090,#10091,#10092,#10093,#10094,
#10095,#10096,#10097,#10098,#10099,#10100,#10101,#10102,#10103,#10104,#10105,
#10106,#10107,#10108,#10109,#10110,#10111,#10112,#10113),(#10114,#10115,#10116,
#10117,#10118,#10119,#10120,#10121,#10122,#10123,#10124,#10125,#10126,#10127,
#10128,#10129,#10130,#10131,#10132,#10133,#10134,#10135,#10136,#10137,#10138,
#10139,#10140,#10141,#10142,#10143,#10144,#10145,#10146,#10147,#10148),(#10149,
#10150,#10151,#10152,#10153,#10154,#10155,#10156,#10157,#10158,#10159,#10160,
#10161,#10162,#10163,#10164,#10165,#10166,#10167,#10168,#10169,#10170,#10171,
#10172,#10173,#10174,#10175,#10176,#10177,#10178,#10179,#10180,#10181,#10182,
#10183),(#10184,#10185,#10186,#10187,#10188,#10189,#10190,#10191,#10192,#10193,
#10194,#10195,#10196,#10197,#10198,#10199,#10200,#10201,#10202,#10203,#10204,
#10205,#10206,#10207,#10208,#10209,#10210,#10211,#10212,#10213,#10214,#10215,
#10216,#10217,#10218)),.UNSPECIFIED.,.F.,.F.,.F.,(4,4),(4,1,1,1,1,1,1,1,1,1,1,1,
1,1,1,1,1,1,1,1,1,1,1,1,1,1,1,1,1,1,1,1,4),(-3.485130413038E-2,
1.034851304130E0),(-2.E-2,1.25E-2,4.5E-2,7.75E-2,1.1E-1,1.425E-1,1.75E-1,
2.075E-1,2.4E-1,2.725E-1,3.05E-1,3.375E-1,3.7E-1,4.025E-1,4.35E-1,4.675E-1,
5.E-1,5.325E-1,5.65E-1,5.975E-1,6.3E-1,6.625E-1,6.95E-1,7.275E-1,7.6E-1,
7.925E-1,8.25E-1,8.575E-1,8.9E-1,9.225E-1,9.55E-1,9.875E-1,1.02E0),
.UNSPECIFIED.);
#10220=ORIENTED_EDGE('',*,*,#9171,.T.);
#10221=ORIENTED_EDGE('',*,*,#9315,.T.);
#10222=ORIENTED_EDGE('',*,*,#9187,.T.);
#10223=ORIENTED_EDGE('',*,*,#9373,.T.);
#10224=ORIENTED_EDGE('',*,*,#9203,.T.);
#10225=ORIENTED_EDGE('',*,*,#9389,.T.);
#10227=ORIENTED_EDGE('',*,*,#10226,.F.);
#10228=ORIENTED_EDGE('',*,*,#9754,.F.);
#10229=ORIENTED_EDGE('',*,*,#10070,.T.);
#10230=ORIENTED_EDGE('',*,*,#9341,.T.);
#10231=EDGE_LOOP('',(#10220,#10221,#10222,#10223,#10224,#10225,#10227,#10228,
#10229,#10230));
#10232=FACE_OUTER_BOUND('',#10231,.F.);
#10234=CARTESIAN_POINT('',(5.158375992955E-1,2.279019061385E0,
-8.643458050787E-1));
#10235=CARTESIAN_POINT('',(6.966674841002E-1,2.265700331841E0,
-7.564273618926E-1));
#10236=CARTESIAN_POINT('',(9.877770639430E-1,2.239062872754E0,
-4.236614342267E-1));
#10237=CARTESIAN_POINT('',(1.048368926141E0,2.199106684122E0,
2.372233821623E-1));
#10238=CARTESIAN_POINT('',(7.092530838777E-1,2.159150495491E0,
8.076206314191E-1));
#10239=CARTESIAN_POINT('',(9.983077947860E-2,2.119194306859E0,
1.070205569149E0));
#10240=CARTESIAN_POINT('',(-5.476509590061E-1,2.079238118228E0,
9.248688631920E-1));
#10241=CARTESIAN_POINT('',(-9.863892958784E-1,2.039281929597E0,
4.270128734907E-1));
#10242=CARTESIAN_POINT('',(-1.049158659819E0,1.999325740965E0,
-2.336025761832E-1));
#10243=CARTESIAN_POINT('',(-7.120332983359E-1,1.959369552334E0,
-8.051785854683E-1));
#10244=CARTESIAN_POINT('',(-1.035112314273E-1,1.919413363702E0,
-1.069854858533E0));
#10245=CARTESIAN_POINT('',(5.444649167478E-1,1.879457175071E0,
-9.267480481718E-1));
#10246=CARTESIAN_POINT('',(9.849142397983E-1,1.839500986440E0,
-4.304043800901E-1));
#10247=CARTESIAN_POINT('',(1.049956230827E0,1.799544797808E0,
2.299910950611E-1));
#10248=CARTESIAN_POINT('',(7.147996538040E-1,1.759588609177E0,
8.027237664761E-1));
#10249=CARTESIAN_POINT('',(1.071919123598E-1,1.719632420546E0,
1.069492348873E0));
#10250=CARTESIAN_POINT('',(-5.412728177539E-1,1.679676231914E0,
9.286160278229E-1));
#10251=CARTESIAN_POINT('',(-9.834274178665E-1,1.639720043283E0,
4.337908530117E-1));
#10252=CARTESIAN_POINT('',(-1.050741398301E0,1.599763854651E0,
-2.263769075353E-1));
#10253=CARTESIAN_POINT('',(-7.175575385211E-1,1.559807666020E0,
-8.002594387349E-1));
#10254=CARTESIAN_POINT('',(-1.108713261479E-1,1.519851477389E0,
-1.069117177573E0));
#10255=CARTESIAN_POINT('',(5.380743106183E-1,1.479895288757E0,
-9.304730123509E-1));
#10256=CARTESIAN_POINT('',(9.819289519420E-1,1.439939100126E0,
-4.371721897561E-1));
#10257=CARTESIAN_POINT('',(1.051514125124E0,1.399982911494E0,
2.227600391080E-1));
#10258=CARTESIAN_POINT('',(7.203069268524E-1,1.360026722863E0,
7.977856381804E-1));
#10259=CARTESIAN_POINT('',(1.145494289690E-1,1.320070534232E0,
1.068729339337E0));
#10260=CARTESIAN_POINT('',(-5.348694391993E-1,1.280114345600E0,
9.323190119708E-1));
#10261=CARTESIAN_POINT('',(-9.804188355593E-1,1.240158156969E0,
4.405482312197E-1));
#10262=CARTESIAN_POINT('',(-1.052274492991E0,1.200201968337E0,
-2.191400885330E-1));
#10263=CARTESIAN_POINT('',(-7.230474470803E-1,1.160245779706E0,
-7.953040513164E-1));
#10264=CARTESIAN_POINT('',(-1.182274430896E-1,1.120289591075E0,
-1.068322653969E0));
#10265=CARTESIAN_POINT('',(5.316629655408E-1,1.080333402443E0,
-9.341770867530E-1));
#10266=CARTESIAN_POINT('',(9.788794560229E-1,1.040377213812E0,
-4.438327945063E-1));
#10267=CARTESIAN_POINT('',(1.028352012743E0,1.013739754724E0,
-4.480525565807E-3));
#10268=CARTESIAN_POINT('',(9.861276874919E-1,1.000421025181E0,
2.018273607965E-1));
#10269=CARTESIAN_POINT('',(4.813929002117E-1,2.317824493800E0,
-8.066297114846E-1));
#10270=CARTESIAN_POINT('',(6.501479944700E-1,2.304505764256E0,
-7.059174477360E-1));
#10271=CARTESIAN_POINT('',(9.218189333688E-1,2.277868305169E0,
-3.953717348421E-1));
#10272=CARTESIAN_POINT('',(9.783648158567E-1,2.237912116537E0,
2.213829548158E-1));
#10273=CARTESIAN_POINT('',(6.618931995230E-1,2.197955927906E0,
7.536923220809E-1));
#10274=CARTESIAN_POINT('',(9.316464819399E-2,2.157999739274E0,
9.987433321245E-1));
#10275=CARTESIAN_POINT('',(-5.110819448208E-1,2.118043550643E0,
8.631113842333E-1));
#10276=CARTESIAN_POINT('',(-9.205238325574E-1,2.078087362012E0,
3.984993840662E-1));
#10277=CARTESIAN_POINT('',(-9.791018156141E-1,2.038131173380E0,
-2.180039256528E-1));
#10278=CARTESIAN_POINT('',(-6.644877670828E-1,1.998174984749E0,
-7.514133420602E-1));
#10279=CARTESIAN_POINT('',(-9.659934050818E-2,1.958218796117E0,
-9.984160399672E-1));
#10280=CARTESIAN_POINT('',(5.081086483318E-1,1.918262607486E0,
-8.648650879351E-1));
#10281=CARTESIAN_POINT('',(9.191472723272E-1,1.878306418855E0,
-4.016644251570E-1));
#10282=CARTESIAN_POINT('',(9.798461293703E-1,1.838350230223E0,
2.146335986860E-1));
#10283=CARTESIAN_POINT('',(6.670694010770E-1,1.798394041592E0,
7.491224419091E-1));
#10284=CARTESIAN_POINT('',(1.000342465159E-1,1.758437852960E0,
9.980777366389E-1));
#10285=CARTESIAN_POINT('',(-5.051296995414E-1,1.718481664329E0,
8.666083345364E-1));
#10286=CARTESIAN_POINT('',(-9.177597319020E-1,1.678525475698E0,
4.048247686904E-1));
#10287=CARTESIAN_POINT('',(-9.805788678286E-1,1.638569287066E0,
-2.112607460336E-1));
#10288=CARTESIAN_POINT('',(-6.696431299487E-1,1.598613098435E0,
-7.468226679492E-1));
#10289=CARTESIAN_POINT('',(-1.034679699920E-1,1.558656909803E0,
-9.977276171435E-1));
#10290=CARTESIAN_POINT('',(5.021447705087E-1,1.518700721172E0,
-8.683413202063E-1));
#10291=CARTESIAN_POINT('',(9.163613250038E-1,1.478744532541E0,
-4.079803190113E-1));
#10292=CARTESIAN_POINT('',(9.812999963525E-1,1.438788343909E0,
2.078853914952E-1));
#10293=CARTESIAN_POINT('',(6.722089297749E-1,1.398832155278E0,
7.445140537165E-1));
#10294=CARTESIAN_POINT('',(1.069004700400E-1,1.358875966647E0,
9.973656765369E-1));
#10295=CARTESIAN_POINT('',(-4.991539021631E-1,1.318919778015E0,
8.700640544778E-1));
#10296=CARTESIAN_POINT('',(-9.149520455986E-1,1.278963589384E0,
4.111309276400E-1));
#10297=CARTESIAN_POINT('',(-9.820095911808E-1,1.239007400752E0,
-2.045071606172E-1));
#10298=CARTESIAN_POINT('',(-6.747664536591E-1,1.199051212121E0,
-7.421981730998E-1));
#10299=CARTESIAN_POINT('',(-1.103328873103E-1,1.159095023490E0,
-9.969861473041E-1));
#10300=CARTESIAN_POINT('',(4.961615385663E-1,1.119138834858E0,
-8.717980576009E-1));
#10301=CARTESIAN_POINT('',(9.135154570665E-1,1.079182646227E0,
-4.141961664839E-1));
#10302=CARTESIAN_POINT('',(9.596845180132E-1,1.052545187139E0,
-4.181341568630E-3));
#10303=CARTESIAN_POINT('',(9.202796928900E-1,1.039226457595E0,
1.883504783067E-1));
#10304=CARTESIAN_POINT('',(4.469482011279E-1,2.356629926215E0,
-7.489136178905E-1));
#10305=CARTESIAN_POINT('',(6.036285048398E-1,2.343311196671E0,
-6.554075335794E-1));
#10306=CARTESIAN_POINT('',(8.558608027947E-1,2.316673737583E0,
-3.670820354575E-1));
#10307=CARTESIAN_POINT('',(9.083607055726E-1,2.276717548952E0,
2.055425274694E-1));
#10308=CARTESIAN_POINT('',(6.145333151683E-1,2.236761360321E0,
6.997640127426E-1));
#10309=CARTESIAN_POINT('',(8.649851690934E-2,2.196805171689E0,
9.272810950997E-1));
#10310=CARTESIAN_POINT('',(-4.745129306356E-1,2.156848983058E0,
8.013539052745E-1));
#10311=CARTESIAN_POINT('',(-8.546583692363E-1,2.116892794427E0,
3.699858946416E-1));
#10312=CARTESIAN_POINT('',(-9.090449714097E-1,2.076936605795E0,
-2.024052751225E-1));
#10313=CARTESIAN_POINT('',(-6.169422358296E-1,2.036980417164E0,
-6.976480986521E-1));
#10314=CARTESIAN_POINT('',(-8.968744958901E-2,1.997024228532E0,
-9.269772214014E-1));
#10315=CARTESIAN_POINT('',(4.717523799158E-1,1.957068039901E0,
-8.029821276984E-1));
#10316=CARTESIAN_POINT('',(8.533803048562E-1,1.917111851270E0,
-3.729244702238E-1));
#10317=CARTESIAN_POINT('',(9.097360279131E-1,1.877155662638E0,
1.992761023109E-1));
#10318=CARTESIAN_POINT('',(6.193391483499E-1,1.837199474007E0,
6.955211173422E-1));
#10319=CARTESIAN_POINT('',(9.287658067202E-2,1.797243285375E0,
9.266631244050E-1));
#10320=CARTESIAN_POINT('',(-4.689865813290E-1,1.757287096744E0,
8.046006412499E-1));
#10321=CARTESIAN_POINT('',(-8.520920459377E-1,1.717330908113E0,
3.758586843691E-1));
#10322=CARTESIAN_POINT('',(-9.104163373562E-1,1.677374719481E0,
-1.961445845320E-1));
#10323=CARTESIAN_POINT('',(-6.217287213762E-1,1.637418530850E0,
-6.933858971636E-1));
#10324=CARTESIAN_POINT('',(-9.606461383607E-2,1.597462342218E0,
-9.263380567137E-1));
#10325=CARTESIAN_POINT('',(4.662152303990E-1,1.557506153587E0,
-8.062096280617E-1));
#10326=CARTESIAN_POINT('',(8.507936980656E-1,1.517549964956E0,
-3.787884482664E-1));
#10327=CARTESIAN_POINT('',(9.110858675807E-1,1.477593776324E0,
1.930107438824E-1));
#10328=CARTESIAN_POINT('',(6.241109326973E-1,1.437637587693E0,
6.912424692526E-1));
#10329=CARTESIAN_POINT('',(9.925151111096E-2,1.397681399061E0,
9.260020137373E-1));
#10330=CARTESIAN_POINT('',(-4.634383651268E-1,1.357725210430E0,
8.078090969848E-1));
#10331=CARTESIAN_POINT('',(-8.494852556378E-1,1.317769021799E0,
3.817136240604E-1));
#10332=CARTESIAN_POINT('',(-9.117446893704E-1,1.277812833167E0,
-1.898742327015E-1));
#10333=CARTESIAN_POINT('',(-6.264854602378E-1,1.237856644536E0,
-6.890922948832E-1));
#10334=CARTESIAN_POINT('',(-1.024383315311E-1,1.197900455905E0,
-9.256496406387E-1));
#10335=CARTESIAN_POINT('',(4.606601115919E-1,1.157944267273E0,
-8.094190284489E-1));
#10336=CARTESIAN_POINT('',(8.481514581101E-1,1.117988078642E0,
-3.845595384615E-1));
#10337=CARTESIAN_POINT('',(8.910170232832E-1,1.091350619554E0,
-3.882157571453E-3));
#10338=CARTESIAN_POINT('',(8.544316982881E-1,1.078031890010E0,
1.748735958169E-1));
#10339=CARTESIAN_POINT('',(4.125035020441E-1,2.395435358630E0,
-6.911975242964E-1));
#10340=CARTESIAN_POINT('',(5.571090152096E-1,2.382116629086E0,
-6.048976194229E-1));
#10341=CARTESIAN_POINT('',(7.899026722205E-1,2.355479169998E0,
-3.387923360728E-1));
#10342=CARTESIAN_POINT('',(8.383565952886E-1,2.315522981367E0,
1.897021001229E-1));
#10343=CARTESIAN_POINT('',(5.671734308137E-1,2.275566792736E0,
6.458357034044E-1));
#10344=CARTESIAN_POINT('',(7.983238562474E-2,2.235610604104E0,
8.558188580749E-1));
#10345=CARTESIAN_POINT('',(-4.379439164503E-1,2.195654415473E0,
7.395964263157E-1));
#10346=CARTESIAN_POINT('',(-7.887929059153E-1,2.155698226842E0,
3.414724052170E-1));
#10347=CARTESIAN_POINT('',(-8.389881272053E-1,2.115742038210E0,
-1.868066245922E-1));
#10348=CARTESIAN_POINT('',(-5.693967045765E-1,2.075785849579E0,
-6.438828552440E-1));
#10349=CARTESIAN_POINT('',(-8.277555866990E-2,2.035829660947E0,
-8.555384028355E-1));
#10350=CARTESIAN_POINT('',(4.353961114998E-1,1.995873472316E0,
-7.410991674618E-1));
#10351=CARTESIAN_POINT('',(7.876133373852E-1,1.955917283685E0,
-3.441845152907E-1));
#10352=CARTESIAN_POINT('',(8.396259264560E-1,1.915961095053E0,
1.839186059358E-1));
#10353=CARTESIAN_POINT('',(5.716088956229E-1,1.876004906422E0,
6.419197927752E-1));
#10354=CARTESIAN_POINT('',(8.571891482818E-2,1.836048717790E0,
8.552485121711E-1));
#10355=CARTESIAN_POINT('',(-4.328434631165E-1,1.796092529159E0,
7.425929479634E-1));
#10356=CARTESIAN_POINT('',(-7.864243599732E-1,1.756136340528E0,
3.468926000477E-1));
#10357=CARTESIAN_POINT('',(-8.402538068838E-1,1.716180151896E0,
-1.810284230304E-1));
#10358=CARTESIAN_POINT('',(-5.738143128037E-1,1.676223963265E0,
-6.399491263779E-1));
#10359=CARTESIAN_POINT('',(-8.866125768018E-2,1.636267774633E0,
-8.549484962840E-1));
#10360=CARTESIAN_POINT('',(4.302856902893E-1,1.596311586002E0,
-7.440779359171E-1));
#10361=CARTESIAN_POINT('',(7.852260711273E-1,1.556355397371E0,
-3.495965775216E-1));
#10362=CARTESIAN_POINT('',(8.408717388089E-1,1.516399208739E0,
1.781360962695E-1));
#10363=CARTESIAN_POINT('',(5.760129356197E-1,1.476443020108E0,
6.379708847888E-1));
#10364=CARTESIAN_POINT('',(9.160255218193E-2,1.436486831476E0,
8.546383509377E-1));
#10365=CARTESIAN_POINT('',(-4.277228280905E-1,1.396530642845E0,
7.455541394917E-1));
#10366=CARTESIAN_POINT('',(-7.840184656771E-1,1.356574454214E0,
3.522963204808E-1));
#10367=CARTESIAN_POINT('',(-8.414797875599E-1,1.316618265582E0,
-1.752413047858E-1));
#10368=CARTESIAN_POINT('',(-5.782044668166E-1,1.276662076951E0,
-6.359864166666E-1));
#10369=CARTESIAN_POINT('',(-9.454377575183E-2,1.236705888320E0,
-8.543131339733E-1));
#10370=CARTESIAN_POINT('',(4.251586846175E-1,1.196749699688E0,
-7.470399992968E-1));
#10371=CARTESIAN_POINT('',(7.827874591537E-1,1.156793511057E0,
-3.549229104390E-1));
#10372=CARTESIAN_POINT('',(8.223495285532E-1,1.130156051969E0,
-3.582973574276E-3));
#10373=CARTESIAN_POINT('',(7.885837036862E-1,1.116837322425E0,
1.613967133271E-1));
#10374=B_SPLINE_SURFACE_WITH_KNOTS('',3,3,((#10234,#10235,#10236,#10237,#10238,
#10239,#10240,#10241,#10242,#10243,#10244,#10245,#10246,#10247,#10248,#10249,
#10250,#10251,#10252,#10253,#10254,#10255,#10256,#10257,#10258,#10259,#10260,
#10261,#10262,#10263,#10264,#10265,#10266,#10267,#10268),(#10269,#10270,#10271,
#10272,#10273,#10274,#10275,#10276,#10277,#10278,#10279,#10280,#10281,#10282,
#10283,#10284,#10285,#10286,#10287,#10288,#10289,#10290,#10291,#10292,#10293,
#10294,#10295,#10296,#10297,#10298,#10299,#10300,#10301,#10302,#10303),(#10304,
#10305,#10306,#10307,#10308,#10309,#10310,#10311,#10312,#10313,#10314,#10315,
#10316,#10317,#10318,#10319,#10320,#10321,#10322,#10323,#10324,#10325,#10326,
#10327,#10328,#10329,#10330,#10331,#10332,#10333,#10334,#10335,#10336,#10337,
#10338),(#10339,#10340,#10341,#10342,#10343,#10344,#10345,#10346,#10347,#10348,
#10349,#10350,#10351,#10352,#10353,#10354,#10355,#10356,#10357,#10358,#10359,
#10360,#10361,#10362,#10363,#10364,#10365,#10366,#10367,#10368,#10369,#10370,
#10371,#10372,#10373)),.UNSPECIFIED.,.F.,.F.,.F.,(4,4),(4,1,1,1,1,1,1,1,1,1,1,1,
1,1,1,1,1,1,1,1,1,1,1,1,1,1,1,1,1,1,1,1,4),(-3.485130413038E-2,
1.034851304130E0),(-1.999999999999E-2,1.250000000001E-2,4.500000000001E-2,
7.750000000001E-2,1.1E-1,1.425E-1,1.75E-1,2.075E-1,2.4E-1,2.725E-1,3.05E-1,
3.375E-1,3.7E-1,4.025E-1,4.35E-1,4.675E-1,5.E-1,5.325E-1,5.65E-1,5.975E-1,
6.3E-1,6.625E-1,6.95E-1,7.275E-1,7.6E-1,7.925E-1,8.25E-1,8.575E-1,8.9E-1,
9.225E-1,9.55E-1,9.875E-1,1.02E0),.UNSPECIFIED.);
#10375=ORIENTED_EDGE('',*,*,#9219,.T.);
#10376=ORIENTED_EDGE('',*,*,#9359,.T.);
#10377=ORIENTED_EDGE('',*,*,#9235,.T.);
#10378=ORIENTED_EDGE('',*,*,#9403,.T.);
#10379=ORIENTED_EDGE('',*,*,#9251,.T.);
#10380=ORIENTED_EDGE('',*,*,#9419,.T.);
#10382=ORIENTED_EDGE('',*,*,#10381,.F.);
#10384=ORIENTED_EDGE('',*,*,#10383,.F.);
#10385=ORIENTED_EDGE('',*,*,#10226,.T.);
#10386=ORIENTED_EDGE('',*,*,#9387,.T.);
#10387=EDGE_LOOP('',(#10375,#10376,#10377,#10378,#10379,#10380,#10382,#10384,
#10385,#10386));
#10388=FACE_OUTER_BOUND('',#10387,.F.);
#10390=CARTESIAN_POINT('',(8.962671569231E-1,1.043355495648E0,
-4.581345686861E-1));
#10391=CARTESIAN_POINT('',(9.677805764472E-1,1.033418053688E0,
-3.182299782453E-1));
#10392=CARTESIAN_POINT('',(1.044017594348E0,1.013543169770E0,
-4.448245946657E-3));
#10393=CARTESIAN_POINT('',(9.336300012835E-1,9.837308438919E-1,
4.672851425722E-1));
#10394=CARTESIAN_POINT('',(6.222009646221E-1,9.539185180140E-1,
8.383760336451E-1));
#10395=CARTESIAN_POINT('',(1.768046466295E-1,9.241061921361E-1,
1.028956877007E0));
#10396=CARTESIAN_POINT('',(-3.066619055009E-1,8.942938662582E-1,
9.979828115949E-1));
#10397=CARTESIAN_POINT('',(-7.240983609281E-1,8.644815403803E-1,
7.521256234449E-1));
#10398=CARTESIAN_POINT('',(-9.856234849712E-1,8.346692145024E-1,
3.443221150708E-1));
#10399=CARTESIAN_POINT('',(-1.034926121209E0,8.048568886245E-1,
-1.376201011351E-1));
#10400=CARTESIAN_POINT('',(-8.613905497804E-1,7.750445627466E-1,
-5.899302439064E-1));
#10401=CARTESIAN_POINT('',(-5.023820946108E-1,7.452322368687E-1,
-9.152177892004E-1));
#10402=CARTESIAN_POINT('',(-3.520173666696E-2,7.154199109908E-1,
-1.043442479852E0));
#10403=CARTESIAN_POINT('',(4.395581885838E-1,6.856075851129E-1,
-9.469952321883E-1));
#10404=CARTESIAN_POINT('',(8.196733278690E-1,6.557952592350E-1,
-6.466428740293E-1));
#10405=CARTESIAN_POINT('',(1.023298053217E0,6.259829333570E-1,
-2.070566715533E-1));
#10406=CARTESIAN_POINT('',(1.006588297910E0,5.961706074791E-1,
2.771125573880E-1));
#10407=CARTESIAN_POINT('',(7.731419728878E-1,5.663582816012E-1,
7.016144672902E-1));
#10408=CARTESIAN_POINT('',(3.732242717775E-1,5.365459557233E-1,
9.750461598855E-1));
#10409=CARTESIAN_POINT('',(-1.070553295919E-1,5.067336298454E-1,
1.038532872546E0));
#10410=CARTESIAN_POINT('',(-5.642839925094E-1,4.769213039675E-1,
8.784047738659E-1));
#10411=CARTESIAN_POINT('',(-9.000121599901E-1,4.471089780896E-1,
5.291403243076E-1));
#10412=CARTESIAN_POINT('',(-1.041951517678E0,4.172966522116E-1,
6.594244332699E-2));
#10413=CARTESIAN_POINT('',(-9.595399680219E-1,3.874843263337E-1,
-4.114540319681E-1));
#10414=CARTESIAN_POINT('',(-6.705222012713E-1,3.576720004558E-1,
-8.002570521580E-1));
#10415=CARTESIAN_POINT('',(-2.371289385989E-1,3.278596745779E-1,
-1.016750330748E0));
#10416=CARTESIAN_POINT('',(2.473224399850E-1,2.980473487E-1,-1.014318975339E0));
#10417=CARTESIAN_POINT('',(6.785208875770E-1,2.682350228221E-1,
-7.934864805797E-1));
#10418=CARTESIAN_POINT('',(9.636214324044E-1,2.384226969442E-1,
-4.018021298288E-1));
#10419=CARTESIAN_POINT('',(1.041237501391E0,2.086103710662E-1,
7.639766690008E-2));
#10420=CARTESIAN_POINT('',(8.946543335156E-1,1.787980451883E-1,
5.381468551322E-1));
#10421=CARTESIAN_POINT('',(5.554437185973E-1,1.489857193104E-1,
8.840263905766E-1));
#10422=CARTESIAN_POINT('',(9.660724305790E-2,1.191733934325E-1,
1.039547769363E0));
#10423=CARTESIAN_POINT('',(-2.230795159465E-1,9.929850951389E-2,
9.940347543057E-1));
#10424=CARTESIAN_POINT('',(-3.692481345025E-1,8.936106755459E-2,
9.363962381228E-1));
#10425=CARTESIAN_POINT('',(8.364195371275E-1,1.082160928063E0,
-4.275429495799E-1));
#10426=CARTESIAN_POINT('',(9.031576975016E-1,1.072223486103E0,
-2.969803914469E-1));
#10427=CARTESIAN_POINT('',(9.743040412360E-1,1.052348602185E0,
-4.151217398733E-3));
#10428=CARTESIAN_POINT('',(8.712875033854E-1,1.022536276307E0,
4.360825002207E-1));
#10429=CARTESIAN_POINT('',(5.806539253498E-1,9.927239504290E-1,
7.823940535850E-1));
#10430=CARTESIAN_POINT('',(1.649986385795E-1,9.629116245511E-1,
9.602489928840E-1));
#10431=CARTESIAN_POINT('',(-2.861847687628E-1,9.330992986732E-1,
9.313431992767E-1));
#10432=CARTESIAN_POINT('',(-6.757471934613E-1,9.032869727953E-1,
7.019029548993E-1));
#10433=CARTESIAN_POINT('',(-9.198091581440E-1,8.734746469174E-1,
3.213302438739E-1));
#10434=CARTESIAN_POINT('',(-9.658196449311E-1,8.436623210395E-1,
-1.284306140214E-1));
#10435=CARTESIAN_POINT('',(-8.038717913158E-1,8.138499951616E-1,
-5.505380597005E-1));
#10436=CARTESIAN_POINT('',(-4.688358775503E-1,7.840376692837E-1,
-8.541047540354E-1));
#10437=CARTESIAN_POINT('',(-3.285116503671E-2,7.542253434057E-1,
-9.737673296130E-1));
#10438=CARTESIAN_POINT('',(4.102069944168E-1,7.244130175278E-1,
-8.837602802362E-1));
#10439=CARTESIAN_POINT('',(7.649402080576E-1,6.946006916499E-1,
-6.034637431535E-1));
#10440=CARTESIAN_POINT('',(9.549680331402E-1,6.647883657720E-1,
-1.932306054529E-1));
#10441=CARTESIAN_POINT('',(9.393740601922E-1,6.349760398941E-1,
2.586085579420E-1));
#10442=CARTESIAN_POINT('',(7.215159521372E-1,6.051637140162E-1,
6.547646462774E-1));
#10443=CARTESIAN_POINT('',(3.483024790472E-1,5.753513881383E-1,
9.099381266286E-1));
#10444=CARTESIAN_POINT('',(-9.990678396798E-2,5.455390622603E-1,
9.691855579406E-1));
#10445=CARTESIAN_POINT('',(-5.266043190107E-1,5.157267363824E-1,
8.197499023503E-1));
#10446=CARTESIAN_POINT('',(-8.399144702037E-1,4.859144105045E-1,
4.938073449575E-1));
#10447=CARTESIAN_POINT('',(-9.723759254077E-1,4.561020846266E-1,
6.153918226120E-2));
#10448=CARTESIAN_POINT('',(-8.954673500070E-1,4.262897587487E-1,
-3.839794734301E-1));
#10449=CARTESIAN_POINT('',(-6.257485448272E-1,3.964774328708E-1,
-7.468204407343E-1));
#10450=CARTESIAN_POINT('',(-2.212948176561E-1,3.666651069929E-1,
-9.488575303127E-1));
#10451=CARTESIAN_POINT('',(2.308076550341E-1,3.368527811149E-1,
-9.465885269805E-1));
#10452=CARTESIAN_POINT('',(6.332131243845E-1,3.070404552370E-1,
-7.405019693925E-1));
#10453=CARTESIAN_POINT('',(8.992762774270E-1,2.772281293591E-1,
-3.749720703835E-1));
#10454=CARTESIAN_POINT('',(9.717095870641E-1,2.474158034812E-1,
7.129626550811E-2));
#10455=CARTESIAN_POINT('',(8.349144088880E-1,2.176034776033E-1,
5.022124709128E-1));
#10456=CARTESIAN_POINT('',(5.183543482777E-1,1.877911517254E-1,
8.249961394914E-1));
#10457=CARTESIAN_POINT('',(9.015636118928E-2,1.579788258475E-1,
9.701326857247E-1));
#10458=CARTESIAN_POINT('',(-2.081835354886E-1,1.381039419288E-1,
9.276587707836E-1));
#10459=CARTESIAN_POINT('',(-3.445918455899E-1,1.281664999695E-1,
8.738690266722E-1));
#10460=CARTESIAN_POINT('',(7.765719173319E-1,1.120966360478E0,
-3.969513304737E-1));
#10461=CARTESIAN_POINT('',(8.385348185560E-1,1.111028918518E0,
-2.757308046486E-1));
#10462=CARTESIAN_POINT('',(9.045904881242E-1,1.091154034600E0,
-3.854188850808E-3));
#10463=CARTESIAN_POINT('',(8.089450054874E-1,1.061341708722E0,
4.048798578693E-1));
#10464=CARTESIAN_POINT('',(5.391068860775E-1,1.031529382844E0,
7.264120735250E-1));
#10465=CARTESIAN_POINT('',(1.531926305295E-1,1.001717056966E0,
8.915411087610E-1));
#10466=CARTESIAN_POINT('',(-2.657076320246E-1,9.719047310881E-1,
8.647035869585E-1));
#10467=CARTESIAN_POINT('',(-6.273960259944E-1,9.420924052102E-1,
6.516802863537E-1));
#10468=CARTESIAN_POINT('',(-8.539948313169E-1,9.122800793323E-1,
2.983383726770E-1));
#10469=CARTESIAN_POINT('',(-8.967131686531E-1,8.824677534544E-1,
-1.192411269077E-1));
#10470=CARTESIAN_POINT('',(-7.463530328513E-1,8.526554275765E-1,
-5.111458754945E-1));
#10471=CARTESIAN_POINT('',(-4.352896604897E-1,8.228431016986E-1,
-7.929917188705E-1));
#10472=CARTESIAN_POINT('',(-3.050059340644E-2,7.930307758207E-1,
-9.040921793741E-1));
#10473=CARTESIAN_POINT('',(3.808558002497E-1,7.632184499428E-1,
-8.205253282841E-1));
#10474=CARTESIAN_POINT('',(7.102070882462E-1,7.334061240649E-1,
-5.602846122777E-1));
#10475=CARTESIAN_POINT('',(8.866380130637E-1,7.035937981870E-1,
-1.794045393524E-1));
#10476=CARTESIAN_POINT('',(8.721598224745E-1,6.737814723090E-1,
2.401045584961E-1));
#10477=CARTESIAN_POINT('',(6.698899313866E-1,6.439691464311E-1,
6.079148252646E-1));
#10478=CARTESIAN_POINT('',(3.233806863168E-1,6.141568205532E-1,
8.448300933717E-1));
#10479=CARTESIAN_POINT('',(-9.275823834406E-2,5.843444946753E-1,
8.998382433355E-1));
#10480=CARTESIAN_POINT('',(-4.889246455120E-1,5.545321687974E-1,
7.610950308347E-1));
#10481=CARTESIAN_POINT('',(-7.798167804173E-1,5.247198429195E-1,
4.584743656075E-1));
#10482=CARTESIAN_POINT('',(-9.028003331372E-1,4.949075170416E-1,
5.713592119540E-2));
#10483=CARTESIAN_POINT('',(-8.313947319920E-1,4.650951911636E-1,
-3.565049148921E-1));
#10484=CARTESIAN_POINT('',(-5.809748883831E-1,4.352828652857E-1,
-6.933838293106E-1));
#10485=CARTESIAN_POINT('',(-2.054606967133E-1,4.054705394078E-1,
-8.809647298774E-1));
#10486=CARTESIAN_POINT('',(2.142928700832E-1,3.756582135299E-1,
-8.788580786218E-1));
#10487=CARTESIAN_POINT('',(5.879053611920E-1,3.458458876520E-1,
-6.875174582054E-1));
#10488=CARTESIAN_POINT('',(8.349311224495E-1,3.160335617741E-1,
-3.481420109383E-1));
#10489=CARTESIAN_POINT('',(9.021816727377E-1,2.862212358961E-1,
6.619486411614E-2));
#10490=CARTESIAN_POINT('',(7.751744842605E-1,2.564089100182E-1,
4.662780866933E-1));
#10491=CARTESIAN_POINT('',(4.812649779580E-1,2.265965841403E-1,
7.659658884063E-1));
#10492=CARTESIAN_POINT('',(8.370547932066E-2,1.967842582624E-1,
9.007176020863E-1));
#10493=CARTESIAN_POINT('',(-1.932875550308E-1,1.769093743438E-1,
8.612827872615E-1));
#10494=CARTESIAN_POINT('',(-3.199355566773E-1,1.669719323845E-1,
8.113418152215E-1));
#10495=CARTESIAN_POINT('',(7.167242975363E-1,1.159771792893E0,
-3.663597113676E-1));
#10496=CARTESIAN_POINT('',(7.739119396103E-1,1.149834350933E0,
-2.544812178502E-1));
#10497=CARTESIAN_POINT('',(8.348769350125E-1,1.129959467015E0,
-3.557160302884E-3));
#10498=CARTESIAN_POINT('',(7.466025075893E-1,1.100147141137E0,
3.736772155179E-1));
#10499=CARTESIAN_POINT('',(4.975598468052E-1,1.070334815259E0,
6.704300934650E-1));
#10500=CARTESIAN_POINT('',(1.413866224795E-1,1.040522489381E0,
8.228332246379E-1));
#10501=CARTESIAN_POINT('',(-2.452304952865E-1,1.010710163503E0,
7.980639746403E-1));
#10502=CARTESIAN_POINT('',(-5.790448585275E-1,9.808978376252E-1,
6.014576178081E-1));
#10503=CARTESIAN_POINT('',(-7.881805044897E-1,9.510855117473E-1,
2.753465014801E-1));
#10504=CARTESIAN_POINT('',(-8.276066923750E-1,9.212731858694E-1,
-1.100516397941E-1));
#10505=CARTESIAN_POINT('',(-6.888342743867E-1,8.914608599915E-1,
-4.717536912886E-1));
#10506=CARTESIAN_POINT('',(-4.017434434292E-1,8.616485341136E-1,
-7.318786837055E-1));
#10507=CARTESIAN_POINT('',(-2.815002177619E-2,8.318362082357E-1,
-8.344170291353E-1));
#10508=CARTESIAN_POINT('',(3.515046060827E-1,8.020238823577E-1,
-7.572903763320E-1));
#10509=CARTESIAN_POINT('',(6.554739684348E-1,7.722115564798E-1,
-5.171054814020E-1));
#10510=CARTESIAN_POINT('',(8.183079929872E-1,7.423992306019E-1,
-1.655784732520E-1));
#10511=CARTESIAN_POINT('',(8.049455847567E-1,7.125869047240E-1,
2.216005590501E-1));
#10512=CARTESIAN_POINT('',(6.182639106359E-1,6.827745788461E-1,
5.610650042519E-1));
#10513=CARTESIAN_POINT('',(2.984588935865E-1,6.529622529682E-1,
7.797220601149E-1));
#10514=CARTESIAN_POINT('',(-8.560969272010E-2,6.231499270903E-1,
8.304909287304E-1));
#10515=CARTESIAN_POINT('',(-4.512449720134E-1,5.933376012123E-1,
7.024401593191E-1));
#10516=CARTESIAN_POINT('',(-7.197190906309E-1,5.635252753344E-1,
4.231413862574E-1));
#10517=CARTESIAN_POINT('',(-8.332247408668E-1,5.337129494565E-1,
5.273266012961E-2));
#10518=CARTESIAN_POINT('',(-7.673221139771E-1,5.039006235786E-1,
-3.290303563540E-1));
#10519=CARTESIAN_POINT('',(-5.362012319390E-1,4.740882977007E-1,
-6.399472178870E-1));
#10520=CARTESIAN_POINT('',(-1.896265757704E-1,4.442759718228E-1,
-8.130719294422E-1));
#10521=CARTESIAN_POINT('',(1.977780851323E-1,4.144636459448E-1,
-8.111276302632E-1));
#10522=CARTESIAN_POINT('',(5.425975979995E-1,3.846513200669E-1,
-6.345329470182E-1));
#10523=CARTESIAN_POINT('',(7.705859674720E-1,3.548389941890E-1,
-3.213119514931E-1));
#10524=CARTESIAN_POINT('',(8.326537584112E-1,3.250266683111E-1,
6.109346272417E-2));
#10525=CARTESIAN_POINT('',(7.154345596329E-1,2.952143424332E-1,
4.303437024739E-1));
#10526=CARTESIAN_POINT('',(4.441756076383E-1,2.654020165553E-1,
7.069356373212E-1));
#10527=CARTESIAN_POINT('',(7.725459745205E-2,2.355896906774E-1,
8.313025184478E-1));
#10528=CARTESIAN_POINT('',(-1.783915745729E-1,2.157148067588E-1,
7.949068037394E-1));
#10529=CARTESIAN_POINT('',(-2.952792677648E-1,2.057773647995E-1,
7.488146037708E-1));
#10530=B_SPLINE_SURFACE_WITH_KNOTS('',3,3,((#10390,#10391,#10392,#10393,#10394,
#10395,#10396,#10397,#10398,#10399,#10400,#10401,#10402,#10403,#10404,#10405,
#10406,#10407,#10408,#10409,#10410,#10411,#10412,#10413,#10414,#10415,#10416,
#10417,#10418,#10419,#10420,#10421,#10422,#10423,#10424),(#10425,#10426,#10427,
#10428,#10429,#10430,#10431,#10432,#10433,#10434,#10435,#10436,#10437,#10438,
#10439,#10440,#10441,#10442,#10443,#10444,#10445,#10446,#10447,#10448,#10449,
#10450,#10451,#10452,#10453,#10454,#10455,#10456,#10457,#10458,#10459),(#10460,
#10461,#10462,#10463,#10464,#10465,#10466,#10467,#10468,#10469,#10470,#10471,
#10472,#10473,#10474,#10475,#10476,#10477,#10478,#10479,#10480,#10481,#10482,
#10483,#10484,#10485,#10486,#10487,#10488,#10489,#10490,#10491,#10492,#10493,
#10494),(#10495,#10496,#10497,#10498,#10499,#10500,#10501,#10502,#10503,#10504,
#10505,#10506,#10507,#10508,#10509,#10510,#10511,#10512,#10513,#10514,#10515,
#10516,#10517,#10518,#10519,#10520,#10521,#10522,#10523,#10524,#10525,#10526,
#10527,#10528,#10529)),.UNSPECIFIED.,.F.,.F.,.F.,(4,4),(4,1,1,1,1,1,1,1,1,1,1,1,
1,1,1,1,1,1,1,1,1,1,1,1,1,1,1,1,1,1,1,1,4),(-3.485130413038E-2,
1.034851304130E0),(-1.492250732568E-2,9.326567078556E-3,3.357564148279E-2,
5.782471588702E-2,8.207379029125E-2,1.063228646955E-1,1.305719390997E-1,
1.548210135039E-1,1.790700879082E-1,2.033191623124E-1,2.275682367166E-1,
2.518173111209E-1,2.760663855251E-1,3.003154599293E-1,3.245645343336E-1,
3.488136087378E-1,3.730626831420E-1,3.973117575463E-1,4.215608319505E-1,
4.458099063547E-1,4.700589807590E-1,4.943080551632E-1,5.185571295674E-1,
5.428062039716E-1,5.670552783759E-1,5.913043527801E-1,6.155534271843E-1,
6.398025015886E-1,6.640515759928E-1,6.883006503970E-1,7.125497248013E-1,
7.367987992055E-1,7.610478736097E-1),.UNSPECIFIED.);
#10531=ORIENTED_EDGE('',*,*,#9267,.T.);
#10532=ORIENTED_EDGE('',*,*,#9435,.T.);
#10533=ORIENTED_EDGE('',*,*,#9283,.T.);
#10534=ORIENTED_EDGE('',*,*,#9449,.T.);
#10535=ORIENTED_EDGE('',*,*,#9299,.T.);
#10537=ORIENTED_EDGE('',*,*,#10536,.T.);
#10539=ORIENTED_EDGE('',*,*,#10538,.F.);
#10540=ORIENTED_EDGE('',*,*,#10381,.T.);
#10541=ORIENTED_EDGE('',*,*,#9417,.T.);
#10542=EDGE_LOOP('',(#10531,#10532,#10533,#10534,#10535,#10537,#10539,#10540,
#10541));
#10543=FACE_OUTER_BOUND('',#10542,.F.);
#10545=CARTESIAN_POINT('',(0.E0,1.5E-1,0.E0));
#10546=DIRECTION('',(0.E0,-1.E0,0.E0));
#10547=DIRECTION('',(1.E0,0.E0,0.E0));
#10548=AXIS2_PLACEMENT_3D('',#10545,#10546,#10547);
#10549=CONICAL_SURFACE('',#10548,9.615E-1,4.5E1);
#10551=ORIENTED_EDGE('',*,*,#10550,.F.);
#10552=ORIENTED_EDGE('',*,*,#10536,.F.);
#10553=ORIENTED_EDGE('',*,*,#9297,.T.);
#10555=ORIENTED_EDGE('',*,*,#10554,.F.);
#10557=ORIENTED_EDGE('',*,*,#10556,.F.);
#10558=ORIENTED_EDGE('',*,*,#8707,.F.);
#10560=ORIENTED_EDGE('',*,*,#10559,.T.);
#10562=ORIENTED_EDGE('',*,*,#10561,.F.);
#10563=EDGE_LOOP('',(#10551,#10552,#10553,#10555,#10557,#10558,#10560,#10562));
#10564=FACE_OUTER_BOUND('',#10563,.F.);
#10566=CARTESIAN_POINT('',(8.904175845759E-1,9.895626098964E-1,
-4.551445101041E-1));
#10567=CARTESIAN_POINT('',(9.614642650055E-1,9.796251679371E-1,
-3.161530202018E-1));
#10568=CARTESIAN_POINT('',(1.037203714800E0,9.597502840185E-1,
-4.419214048879E-3));
#10569=CARTESIAN_POINT('',(9.275365767998E-1,9.299379581406E-1,
4.642353619045E-1));
#10570=CARTESIAN_POINT('',(6.181401111937E-1,9.001256322627E-1,
8.329042931880E-1));
#10571=CARTESIAN_POINT('',(1.756507143853E-1,8.703133063848E-1,
1.022241292655E0));
#10572=CARTESIAN_POINT('',(-3.046604475779E-1,8.405009805069E-1,
9.914693824097E-1));
#10573=CARTESIAN_POINT('',(-7.193724645077E-1,8.106886546290E-1,
7.472168044455E-1));
#10574=CARTESIAN_POINT('',(-9.791907200999E-1,7.808763287511E-1,
3.420748642291E-1));
#10575=CARTESIAN_POINT('',(-1.028171578020E0,7.510640028732E-1,
-1.367219105322E-1));
#10576=CARTESIAN_POINT('',(-8.557686029076E-1,7.212516769953E-1,
-5.860800083881E-1));
#10577=CARTESIAN_POINT('',(-4.991032503671E-1,6.914393511174E-1,
-9.092445337598E-1));
#10578=CARTESIAN_POINT('',(-3.497198920406E-2,6.616270252395E-1,
-1.036632353843E0));
#10579=CARTESIAN_POINT('',(4.366893705032E-1,6.318146993616E-1,
-9.408145782613E-1));
#10580=CARTESIAN_POINT('',(8.143236523896E-1,6.020023734836E-1,
-6.424224981680E-1));
#10581=CARTESIAN_POINT('',(1.016619401713E0,5.721900476057E-1,
-2.057052966080E-1));
#10582=CARTESIAN_POINT('',(1.000018704205E0,5.423777217278E-1,
2.753039560795E-1));
#10583=CARTESIAN_POINT('',(7.680959886965E-1,5.125653958499E-1,
6.970353141275E-1));
#10584=CARTESIAN_POINT('',(3.707883882771E-1,4.827530699720E-1,
9.686824289265E-1));
#10585=CARTESIAN_POINT('',(-1.063566228606E-1,4.529407440941E-1,
1.031754789553E0));
#10586=CARTESIAN_POINT('',(-5.606011396758E-1,4.231284182162E-1,
8.726717820508E-1));
#10587=CARTESIAN_POINT('',(-8.941381455263E-1,3.933160923382E-1,
5.256868399476E-1));
#10588=CARTESIAN_POINT('',(-1.035151122575E0,3.635037664603E-1,
6.551206373536E-2));
#10589=CARTESIAN_POINT('',(-9.532774396903E-1,3.336914405824E-1,
-4.087686383230E-1));
#10590=CARTESIAN_POINT('',(-6.661459747228E-1,3.038791147045E-1,
-7.950340988380E-1));
#10591=CARTESIAN_POINT('',(-2.355812941592E-1,2.740667888266E-1,
-1.010114413574E0));
#10592=CARTESIAN_POINT('',(2.457082666946E-1,2.442544629487E-1,
-1.007698926637E0));
#10593=CARTESIAN_POINT('',(6.740924568460E-1,2.144421370708E-1,
-7.883077160353E-1));
#10594=CARTESIAN_POINT('',(9.573322660096E-1,1.846298111928E-1,
-3.991797302356E-1));
#10595=CARTESIAN_POINT('',(1.034441766382E0,1.548174853149E-1,
7.589905030320E-2));
#10596=CARTESIAN_POINT('',(8.888152874129E-1,1.250051594370E-1,
5.346345887972E-1));
#10597=CARTESIAN_POINT('',(5.518185626474E-1,9.519283355910E-2,
8.782567087484E-1));
#10598=CARTESIAN_POINT('',(9.597672675129E-2,6.538050768119E-2,
1.032763062551E0));
#10599=CARTESIAN_POINT('',(-2.216235663921E-1,4.550562376258E-2,
9.875470924897E-1));
#10600=CARTESIAN_POINT('',(-3.668382016380E-1,3.556818180328E-2,
9.302847595328E-1));
#10601=CARTESIAN_POINT('',(8.904175845759E-1,1.011286457565E0,
-4.551445101041E-1));
#10602=CARTESIAN_POINT('',(9.614642650055E-1,1.001349015606E0,
-3.161530202018E-1));
#10603=CARTESIAN_POINT('',(1.037203714800E0,9.814741316869E-1,
-4.419214048879E-3));
#10604=CARTESIAN_POINT('',(9.275365767998E-1,9.516618058090E-1,
4.642353619045E-1));
#10605=CARTESIAN_POINT('',(6.181401111937E-1,9.218494799311E-1,
8.329042931880E-1));
#10606=CARTESIAN_POINT('',(1.756507143853E-1,8.920371540532E-1,
1.022241292655E0));
#10607=CARTESIAN_POINT('',(-3.046604475779E-1,8.622248281753E-1,
9.914693824097E-1));
#10608=CARTESIAN_POINT('',(-7.193724645077E-1,8.324125022974E-1,
7.472168044455E-1));
#10609=CARTESIAN_POINT('',(-9.791907200999E-1,8.026001764195E-1,
3.420748642291E-1));
#10610=CARTESIAN_POINT('',(-1.028171578020E0,7.727878505416E-1,
-1.367219105322E-1));
#10611=CARTESIAN_POINT('',(-8.557686029076E-1,7.429755246637E-1,
-5.860800083881E-1));
#10612=CARTESIAN_POINT('',(-4.991032503671E-1,7.131631987858E-1,
-9.092445337598E-1));
#10613=CARTESIAN_POINT('',(-3.497198920406E-2,6.833508729079E-1,
-1.036632353843E0));
#10614=CARTESIAN_POINT('',(4.366893705032E-1,6.535385470300E-1,
-9.408145782613E-1));
#10615=CARTESIAN_POINT('',(8.143236523896E-1,6.237262211521E-1,
-6.424224981680E-1));
#10616=CARTESIAN_POINT('',(1.016619401713E0,5.939138952742E-1,
-2.057052966080E-1));
#10617=CARTESIAN_POINT('',(1.000018704205E0,5.641015693962E-1,
2.753039560795E-1));
#10618=CARTESIAN_POINT('',(7.680959886965E-1,5.342892435183E-1,
6.970353141275E-1));
#10619=CARTESIAN_POINT('',(3.707883882771E-1,5.044769176404E-1,
9.686824289265E-1));
#10620=CARTESIAN_POINT('',(-1.063566228606E-1,4.746645917625E-1,
1.031754789553E0));
#10621=CARTESIAN_POINT('',(-5.606011396758E-1,4.448522658846E-1,
8.726717820508E-1));
#10622=CARTESIAN_POINT('',(-8.941381455263E-1,4.150399400067E-1,
5.256868399476E-1));
#10623=CARTESIAN_POINT('',(-1.035151122575E0,3.852276141287E-1,
6.551206373536E-2));
#10624=CARTESIAN_POINT('',(-9.532774396903E-1,3.554152882508E-1,
-4.087686383230E-1));
#10625=CARTESIAN_POINT('',(-6.661459747228E-1,3.256029623729E-1,
-7.950340988380E-1));
#10626=CARTESIAN_POINT('',(-2.355812941592E-1,2.957906364950E-1,
-1.010114413574E0));
#10627=CARTESIAN_POINT('',(2.457082666946E-1,2.659783106171E-1,
-1.007698926637E0));
#10628=CARTESIAN_POINT('',(6.740924568460E-1,2.361659847392E-1,
-7.883077160353E-1));
#10629=CARTESIAN_POINT('',(9.573322660096E-1,2.063536588613E-1,
-3.991797302356E-1));
#10630=CARTESIAN_POINT('',(1.034441766382E0,1.765413329833E-1,
7.589905030320E-2));
#10631=CARTESIAN_POINT('',(8.888152874129E-1,1.467290071054E-1,
5.346345887972E-1));
#10632=CARTESIAN_POINT('',(5.518185626474E-1,1.169166812275E-1,
8.782567087484E-1));
#10633=CARTESIAN_POINT('',(9.597672675129E-2,8.710435534960E-2,
1.032763062551E0));
#10634=CARTESIAN_POINT('',(-2.216235663921E-1,6.722947143100E-2,
9.875470924897E-1));
#10635=CARTESIAN_POINT('',(-3.668382016380E-1,5.729202947169E-2,
9.302847595328E-1));
#10636=CARTESIAN_POINT('',(8.904175845759E-1,1.033010305233E0,
-4.551445101041E-1));
#10637=CARTESIAN_POINT('',(9.614642650055E-1,1.023072863274E0,
-3.161530202018E-1));
#10638=CARTESIAN_POINT('',(1.037203714800E0,1.003197979355E0,
-4.419214048879E-3));
#10639=CARTESIAN_POINT('',(9.275365767998E-1,9.733856534775E-1,
4.642353619045E-1));
#10640=CARTESIAN_POINT('',(6.181401111937E-1,9.435733275996E-1,
8.329042931880E-1));
#10641=CARTESIAN_POINT('',(1.756507143853E-1,9.137610017217E-1,
1.022241292655E0));
#10642=CARTESIAN_POINT('',(-3.046604475779E-1,8.839486758438E-1,
9.914693824097E-1));
#10643=CARTESIAN_POINT('',(-7.193724645077E-1,8.541363499659E-1,
7.472168044455E-1));
#10644=CARTESIAN_POINT('',(-9.791907200999E-1,8.243240240879E-1,
3.420748642291E-1));
#10645=CARTESIAN_POINT('',(-1.028171578020E0,7.945116982100E-1,
-1.367219105322E-1));
#10646=CARTESIAN_POINT('',(-8.557686029076E-1,7.646993723321E-1,
-5.860800083881E-1));
#10647=CARTESIAN_POINT('',(-4.991032503671E-1,7.348870464542E-1,
-9.092445337598E-1));
#10648=CARTESIAN_POINT('',(-3.497198920406E-2,7.050747205763E-1,
-1.036632353843E0));
#10649=CARTESIAN_POINT('',(4.366893705032E-1,6.752623946984E-1,
-9.408145782613E-1));
#10650=CARTESIAN_POINT('',(8.143236523896E-1,6.454500688205E-1,
-6.424224981680E-1));
#10651=CARTESIAN_POINT('',(1.016619401713E0,6.156377429426E-1,
-2.057052966080E-1));
#10652=CARTESIAN_POINT('',(1.000018704205E0,5.858254170647E-1,
2.753039560795E-1));
#10653=CARTESIAN_POINT('',(7.680959886965E-1,5.560130911867E-1,
6.970353141275E-1));
#10654=CARTESIAN_POINT('',(3.707883882771E-1,5.262007653088E-1,
9.686824289265E-1));
#10655=CARTESIAN_POINT('',(-1.063566228606E-1,4.963884394309E-1,
1.031754789553E0));
#10656=CARTESIAN_POINT('',(-5.606011396758E-1,4.665761135530E-1,
8.726717820508E-1));
#10657=CARTESIAN_POINT('',(-8.941381455263E-1,4.367637876751E-1,
5.256868399476E-1));
#10658=CARTESIAN_POINT('',(-1.035151122575E0,4.069514617972E-1,
6.551206373536E-2));
#10659=CARTESIAN_POINT('',(-9.532774396903E-1,3.771391359192E-1,
-4.087686383230E-1));
#10660=CARTESIAN_POINT('',(-6.661459747228E-1,3.473268100413E-1,
-7.950340988380E-1));
#10661=CARTESIAN_POINT('',(-2.355812941592E-1,3.175144841634E-1,
-1.010114413574E0));
#10662=CARTESIAN_POINT('',(2.457082666946E-1,2.877021582855E-1,
-1.007698926637E0));
#10663=CARTESIAN_POINT('',(6.740924568460E-1,2.578898324076E-1,
-7.883077160353E-1));
#10664=CARTESIAN_POINT('',(9.573322660096E-1,2.280775065297E-1,
-3.991797302356E-1));
#10665=CARTESIAN_POINT('',(1.034441766382E0,1.982651806518E-1,
7.589905030320E-2));
#10666=CARTESIAN_POINT('',(8.888152874129E-1,1.684528547738E-1,
5.346345887972E-1));
#10667=CARTESIAN_POINT('',(5.518185626474E-1,1.386405288959E-1,
8.782567087484E-1));
#10668=CARTESIAN_POINT('',(9.597672675129E-2,1.088282030180E-1,
1.032763062551E0));
#10669=CARTESIAN_POINT('',(-2.216235663921E-1,8.895331909941E-2,
9.875470924897E-1));
#10670=CARTESIAN_POINT('',(-3.668382016380E-1,7.901587714011E-2,
9.302847595328E-1));
#10671=CARTESIAN_POINT('',(8.904175845759E-1,1.054734152902E0,
-4.551445101041E-1));
#10672=CARTESIAN_POINT('',(9.614642650055E-1,1.044796710942E0,
-3.161530202018E-1));
#10673=CARTESIAN_POINT('',(1.037203714800E0,1.024921827024E0,
-4.419214048879E-3));
#10674=CARTESIAN_POINT('',(9.275365767998E-1,9.951095011459E-1,
4.642353619045E-1));
#10675=CARTESIAN_POINT('',(6.181401111937E-1,9.652971752680E-1,
8.329042931880E-1));
#10676=CARTESIAN_POINT('',(1.756507143853E-1,9.354848493901E-1,
1.022241292655E0));
#10677=CARTESIAN_POINT('',(-3.046604475779E-1,9.056725235122E-1,
9.914693824097E-1));
#10678=CARTESIAN_POINT('',(-7.193724645077E-1,8.758601976343E-1,
7.472168044455E-1));
#10679=CARTESIAN_POINT('',(-9.791907200999E-1,8.460478717564E-1,
3.420748642291E-1));
#10680=CARTESIAN_POINT('',(-1.028171578020E0,8.162355458785E-1,
-1.367219105322E-1));
#10681=CARTESIAN_POINT('',(-8.557686029076E-1,7.864232200005E-1,
-5.860800083881E-1));
#10682=CARTESIAN_POINT('',(-4.991032503671E-1,7.566108941226E-1,
-9.092445337598E-1));
#10683=CARTESIAN_POINT('',(-3.497198920406E-2,7.267985682447E-1,
-1.036632353843E0));
#10684=CARTESIAN_POINT('',(4.366893705032E-1,6.969862423668E-1,
-9.408145782613E-1));
#10685=CARTESIAN_POINT('',(8.143236523896E-1,6.671739164889E-1,
-6.424224981680E-1));
#10686=CARTESIAN_POINT('',(1.016619401713E0,6.373615906110E-1,
-2.057052966080E-1));
#10687=CARTESIAN_POINT('',(1.000018704205E0,6.075492647331E-1,
2.753039560795E-1));
#10688=CARTESIAN_POINT('',(7.680959886965E-1,5.777369388552E-1,
6.970353141275E-1));
#10689=CARTESIAN_POINT('',(3.707883882771E-1,5.479246129772E-1,
9.686824289265E-1));
#10690=CARTESIAN_POINT('',(-1.063566228606E-1,5.181122870993E-1,
1.031754789553E0));
#10691=CARTESIAN_POINT('',(-5.606011396758E-1,4.882999612214E-1,
8.726717820508E-1));
#10692=CARTESIAN_POINT('',(-8.941381455263E-1,4.584876353435E-1,
5.256868399476E-1));
#10693=CARTESIAN_POINT('',(-1.035151122575E0,4.286753094656E-1,
6.551206373536E-2));
#10694=CARTESIAN_POINT('',(-9.532774396903E-1,3.988629835877E-1,
-4.087686383230E-1));
#10695=CARTESIAN_POINT('',(-6.661459747228E-1,3.690506577097E-1,
-7.950340988380E-1));
#10696=CARTESIAN_POINT('',(-2.355812941592E-1,3.392383318318E-1,
-1.010114413574E0));
#10697=CARTESIAN_POINT('',(2.457082666946E-1,3.094260059539E-1,
-1.007698926637E0));
#10698=CARTESIAN_POINT('',(6.740924568460E-1,2.796136800760E-1,
-7.883077160353E-1));
#10699=CARTESIAN_POINT('',(9.573322660096E-1,2.498013541981E-1,
-3.991797302356E-1));
#10700=CARTESIAN_POINT('',(1.034441766382E0,2.199890283202E-1,
7.589905030320E-2));
#10701=CARTESIAN_POINT('',(8.888152874129E-1,1.901767024423E-1,
5.346345887972E-1));
#10702=CARTESIAN_POINT('',(5.518185626474E-1,1.603643765643E-1,
8.782567087484E-1));
#10703=CARTESIAN_POINT('',(9.597672675129E-2,1.305520506864E-1,
1.032763062551E0));
#10704=CARTESIAN_POINT('',(-2.216235663921E-1,1.106771667678E-1,
9.875470924897E-1));
#10705=CARTESIAN_POINT('',(-3.668382016380E-1,1.007397248085E-1,
9.302847595328E-1));
#10706=B_SPLINE_SURFACE_WITH_KNOTS('',3,3,((#10566,#10567,#10568,#10569,#10570,
#10571,#10572,#10573,#10574,#10575,#10576,#10577,#10578,#10579,#10580,#10581,
#10582,#10583,#10584,#10585,#10586,#10587,#10588,#10589,#10590,#10591,#10592,
#10593,#10594,#10595,#10596,#10597,#10598,#10599,#10600),(#10601,#10602,#10603,
#10604,#10605,#10606,#10607,#10608,#10609,#10610,#10611,#10612,#10613,#10614,
#10615,#10616,#10617,#10618,#10619,#10620,#10621,#10622,#10623,#10624,#10625,
#10626,#10627,#10628,#10629,#10630,#10631,#10632,#10633,#10634,#10635),(#10636,
#10637,#10638,#10639,#10640,#10641,#10642,#10643,#10644,#10645,#10646,#10647,
#10648,#10649,#10650,#10651,#10652,#10653,#10654,#10655,#10656,#10657,#10658,
#10659,#10660,#10661,#10662,#10663,#10664,#10665,#10666,#10667,#10668,#10669,
#10670),(#10671,#10672,#10673,#10674,#10675,#10676,#10677,#10678,#10679,#10680,
#10681,#10682,#10683,#10684,#10685,#10686,#10687,#10688,#10689,#10690,#10691,
#10692,#10693,#10694,#10695,#10696,#10697,#10698,#10699,#10700,#10701,#10702,
#10703,#10704,#10705)),.UNSPECIFIED.,.F.,.F.,.F.,(4,4),(4,1,1,1,1,1,1,1,1,1,1,1,
1,1,1,1,1,1,1,1,1,1,1,1,1,1,1,1,1,1,1,1,4),(-1.517154300525E-1,
1.151715430053E0),(-1.492250732568E-2,9.326567078555E-3,3.357564148279E-2,
5.782471588702E-2,8.207379029125E-2,1.063228646955E-1,1.305719390997E-1,
1.548210135039E-1,1.790700879082E-1,2.033191623124E-1,2.275682367166E-1,
2.518173111209E-1,2.760663855251E-1,3.003154599293E-1,3.245645343336E-1,
3.488136087378E-1,3.730626831420E-1,3.973117575463E-1,4.215608319505E-1,
4.458099063547E-1,4.700589807590E-1,4.943080551632E-1,5.185571295674E-1,
5.428062039716E-1,5.670552783759E-1,5.913043527801E-1,6.155534271843E-1,
6.398025015886E-1,6.640515759928E-1,6.883006503970E-1,7.125497248013E-1,
7.367987992055E-1,7.610478736097E-1),.UNSPECIFIED.);
#10707=ORIENTED_EDGE('',*,*,#10550,.T.);
#10709=ORIENTED_EDGE('',*,*,#10708,.F.);
#10711=ORIENTED_EDGE('',*,*,#10710,.T.);
#10712=ORIENTED_EDGE('',*,*,#10538,.T.);
#10713=EDGE_LOOP('',(#10707,#10709,#10711,#10712));
#10714=FACE_OUTER_BOUND('',#10713,.F.);
#10716=CARTESIAN_POINT('',(7.223904052751E-1,8.835249699055E-1,
-3.550566985127E-1));
#10717=CARTESIAN_POINT('',(7.747926883987E-1,8.741291946129E-1,
-2.484401871172E-1));
#10718=CARTESIAN_POINT('',(8.315753396097E-1,8.553376440276E-1,
-1.170448978524E-2));
#10719=CARTESIAN_POINT('',(7.564030250302E-1,8.271503181497E-1,
3.457191768825E-1));
#10720=CARTESIAN_POINT('',(5.353429733016E-1,7.989629922718E-1,
6.364508084002E-1));
#10721=CARTESIAN_POINT('',(2.110391896270E-1,7.707756663939E-1,
8.044413998464E-1));
#10722=CARTESIAN_POINT('',(-1.539660885569E-1,7.425883405160E-1,
8.172866622950E-1));
#10723=CARTESIAN_POINT('',(-4.892773934441E-1,7.144010146381E-1,
6.725107974176E-1));
#10724=CARTESIAN_POINT('',(-7.302269750442E-1,6.862136887602E-1,
3.980347875212E-1));
#10725=CARTESIAN_POINT('',(-8.303453770314E-1,6.580263628823E-1,
4.679403316766E-2));
#10726=CARTESIAN_POINT('',(-7.703238345773E-1,6.298390370044E-1,
-3.134713986192E-1));
#10727=CARTESIAN_POINT('',(-5.617380650893E-1,6.016517111264E-1,
-6.132809091805E-1));
#10728=CARTESIAN_POINT('',(-2.448158050767E-1,5.734643852485E-1,
-7.948134052059E-1));
#10729=CARTESIAN_POINT('',(1.193214949736E-1,5.452770593706E-1,
-8.230586299294E-1));
#10730=CARTESIAN_POINT('',(4.604465178648E-1,5.170897334927E-1,
-6.925692251754E-1));
#10731=CARTESIAN_POINT('',(7.127700814661E-1,4.889024076148E-1,
-4.285113049142E-1));
#10732=CARTESIAN_POINT('',(8.276292036609E-1,4.607150817369E-1,
-8.181093276558E-2));
#10733=CARTESIAN_POINT('',(7.828722180391E-1,4.325277558590E-1,
2.806674503662E-1));
#10734=CARTESIAN_POINT('',(5.871309319493E-1,4.043404299811E-1,
5.890164651525E-1));
#10735=CARTESIAN_POINT('',(2.781559009389E-1,3.761531041031E-1,
7.837680921327E-1));
#10736=CARTESIAN_POINT('',(-8.446412239384E-2,3.479657782252E-1,
8.273626408668E-1));
#10737=CARTESIAN_POINT('',(-4.307944420594E-1,3.197784523473E-1,
7.113924909322E-1));
#10738=CARTESIAN_POINT('',(-6.940419853082E-1,2.915911264694E-1,
4.582235809512E-1));
#10739=CARTESIAN_POINT('',(-8.234369772369E-1,2.634038005915E-1,
1.166819259977E-1));
#10740=CARTESIAN_POINT('',(-7.940243722586E-1,2.352164747136E-1,
-2.473629400891E-1));
#10741=CARTESIAN_POINT('',(-6.114766668603E-1,2.070291488357E-1,
-5.637015279231E-1));
#10742=CARTESIAN_POINT('',(-3.109999179698E-1,1.788418229577E-1,
-7.713249497987E-1));
#10743=CARTESIAN_POINT('',(4.945612568250E-2,1.506544970798E-1,
-8.301910816258E-1));
#10744=CARTESIAN_POINT('',(4.003740004152E-1,1.224671712019E-1,
-7.289469833824E-1));
#10745=CARTESIAN_POINT('',(6.740762966927E-1,9.427984532400E-2,
-4.871187243190E-1));
#10746=CARTESIAN_POINT('',(8.177753872396E-1,6.609251944608E-2,
-1.513444633998E-1));
#10747=CARTESIAN_POINT('',(8.037633475115E-1,3.790519356817E-2,
2.136159327771E-1));
#10748=CARTESIAN_POINT('',(6.347208778884E-1,9.717867690254E-3,
5.373862183762E-1));
#10749=CARTESIAN_POINT('',(4.404604447193E-1,-9.073682895022E-3,
6.841204815005E-1));
#10750=CARTESIAN_POINT('',(3.322548381102E-1,-1.846945818766E-2,
7.331574724058E-1));
#10751=CARTESIAN_POINT('',(7.827111540867E-1,9.223304023205E-1,
-3.847044980522E-1));
#10752=CARTESIAN_POINT('',(8.394891112702E-1,9.129346270278E-1,
-2.691853382327E-1));
#10753=CARTESIAN_POINT('',(9.010132042495E-1,8.941430764426E-1,
-1.268183331465E-2));
#10754=CARTESIAN_POINT('',(8.195638817360E-1,8.659557505647E-1,
3.745872785016E-1));
#10755=CARTESIAN_POINT('',(5.800449637832E-1,8.377684246868E-1,
6.895954640659E-1));
#10756=CARTESIAN_POINT('',(2.286612979136E-1,8.095810988088E-1,
8.716135373215E-1));
#10757=CARTESIAN_POINT('',(-1.668225020495E-1,7.813937729309E-1,
8.855313996329E-1));
#10758=CARTESIAN_POINT('',(-5.301328346759E-1,7.532064470530E-1,
7.286665195699E-1));
#10759=CARTESIAN_POINT('',(-7.912020899066E-1,7.250191211751E-1,
4.312713259096E-1));
#10760=CARTESIAN_POINT('',(-8.996805378379E-1,6.968317952972E-1,
5.070140942844E-2));
#10761=CARTESIAN_POINT('',(-8.346471010408E-1,6.686444694193E-1,
-3.396467594181E-1));
#10762=CARTESIAN_POINT('',(-6.086440877535E-1,6.404571435414E-1,
-6.644908413772E-1));
#10763=CARTESIAN_POINT('',(-2.652583145221E-1,6.122698176635E-1,
-8.611815898017E-1));
#10764=CARTESIAN_POINT('',(1.292850297515E-1,5.840824917856E-1,
-8.917853357532E-1));
#10765=CARTESIAN_POINT('',(4.988945350900E-1,5.558951659077E-1,
-7.503998579765E-1));
#10766=CARTESIAN_POINT('',(7.722875179252E-1,5.277078400298E-1,
-4.642926810204E-1));
#10767=CARTESIAN_POINT('',(8.967375596672E-1,4.995205141518E-1,
-8.864227588610E-2));
#10768=CARTESIAN_POINT('',(8.482432944974E-1,4.713331882739E-1,
3.041036292655E-1));
#10769=CARTESIAN_POINT('',(6.361572994191E-1,4.431458623960E-1,
6.382002776464E-1));
#10770=CARTESIAN_POINT('',(3.013823614628E-1,4.149585365181E-1,
8.492139755039E-1));
#10771=CARTESIAN_POINT('',(-9.151701107192E-2,3.867712106402E-1,
8.964487384554E-1));
#10772=CARTESIAN_POINT('',(-4.667664637517E-1,3.585838847623E-1,
7.707948963887E-1));
#10773=CARTESIAN_POINT('',(-7.519955959248E-1,3.303965588844E-1,
4.964859794054E-1));
#10774=CARTESIAN_POINT('',(-8.921952756631E-1,3.022092330064E-1,
1.264250525641E-1));
#10775=CARTESIAN_POINT('',(-8.603266713473E-1,2.740219071285E-1,
-2.680181393629E-1));
#10776=CARTESIAN_POINT('',(-6.625359419510E-1,2.458345812506E-1,
-6.107715028596E-1));
#10777=CARTESIAN_POINT('',(-3.369689062001E-1,2.176472553727E-1,
-8.357318109769E-1));
#10778=CARTESIAN_POINT('',(5.358579090606E-2,1.894599294948E-1,
-8.995133585203E-1));
#10779=CARTESIAN_POINT('',(4.338058668040E-1,1.612726036169E-1,
-7.898152169034E-1));
#10780=CARTESIAN_POINT('',(7.303627405267E-1,1.330852777390E-1,
-5.277939132425E-1));
#10781=CARTESIAN_POINT('',(8.860609338883E-1,1.048979518610E-1,
-1.639819670185E-1));
#10782=CARTESIAN_POINT('',(8.708788665372E-1,7.671062598312E-2,
2.314532032185E-1));
#10783=CARTESIAN_POINT('',(6.877210816024E-1,4.852330010521E-2,
5.822588230742E-1));
#10784=CARTESIAN_POINT('',(4.772395930211E-1,2.973174951993E-2,
7.412456307552E-1));
#10785=CARTESIAN_POINT('',(3.599986460080E-1,2.033597422730E-2,
7.943772884630E-1));
#10786=CARTESIAN_POINT('',(8.430319028984E-1,9.611358347354E-1,
-4.143522975918E-1));
#10787=CARTESIAN_POINT('',(9.041855341417E-1,9.517400594428E-1,
-2.899304893482E-1));
#10788=CARTESIAN_POINT('',(9.704510688893E-1,9.329485088575E-1,
-1.365917684406E-2));
#10789=CARTESIAN_POINT('',(8.827247384418E-1,9.047611829796E-1,
4.034553801206E-1));
#10790=CARTESIAN_POINT('',(6.247469542648E-1,8.765738571017E-1,
7.427401197315E-1));
#10791=CARTESIAN_POINT('',(2.462834062001E-1,8.483865312238E-1,
9.387856747966E-1));
#10792=CARTESIAN_POINT('',(-1.796789155422E-1,8.201992053459E-1,
9.537761369708E-1));
#10793=CARTESIAN_POINT('',(-5.709882759078E-1,7.920118794680E-1,
7.848222417223E-1));
#10794=CARTESIAN_POINT('',(-8.521772047690E-1,7.638245535901E-1,
4.645078642981E-1));
#10795=CARTESIAN_POINT('',(-9.690156986444E-1,7.356372277122E-1,
5.460878568924E-2));
#10796=CARTESIAN_POINT('',(-8.989703675043E-1,7.074499018343E-1,
-3.658221202170E-1));
#10797=CARTESIAN_POINT('',(-6.555501104176E-1,6.792625759564E-1,
-7.157007735738E-1));
#10798=CARTESIAN_POINT('',(-2.857008239676E-1,6.510752500785E-1,
-9.275497743975E-1));
#10799=CARTESIAN_POINT('',(1.392485645293E-1,6.228879242005E-1,
-9.605120415769E-1));
#10800=CARTESIAN_POINT('',(5.373425523151E-1,5.947005983226E-1,
-8.082304907776E-1));
#10801=CARTESIAN_POINT('',(8.318049543842E-1,5.665132724447E-1,
-5.000740571266E-1));
#10802=CARTESIAN_POINT('',(9.658459156734E-1,5.383259465668E-1,
-9.547361900663E-2));
#10803=CARTESIAN_POINT('',(9.136143709557E-1,5.101386206889E-1,
3.275398081648E-1));
#10804=CARTESIAN_POINT('',(6.851836668889E-1,4.819512948110E-1,
6.873840901402E-1));
#10805=CARTESIAN_POINT('',(3.246088219868E-1,4.537639689331E-1,
9.146598588751E-1));
#10806=CARTESIAN_POINT('',(-9.856989974997E-2,4.255766430551E-1,
9.655348360439E-1));
#10807=CARTESIAN_POINT('',(-5.027384854441E-1,3.973893171772E-1,
8.301973018452E-1));
#10808=CARTESIAN_POINT('',(-8.099492065414E-1,3.692019912993E-1,
5.347483778596E-1));
#10809=CARTESIAN_POINT('',(-9.609535740893E-1,3.410146654214E-1,
1.361681791306E-1));
#10810=CARTESIAN_POINT('',(-9.266289704360E-1,3.128273395435E-1,
-2.886733386367E-1));
#10811=CARTESIAN_POINT('',(-7.135952170418E-1,2.846400136656E-1,
-6.578414777960E-1));
#10812=CARTESIAN_POINT('',(-3.629378944305E-1,2.564526877877E-1,
-9.001386721550E-1));
#10813=CARTESIAN_POINT('',(5.771545612959E-2,2.282653619097E-1,
-9.688356354149E-1));
#10814=CARTESIAN_POINT('',(4.672377331929E-1,2.000780360318E-1,
-8.506834504245E-1));
#10815=CARTESIAN_POINT('',(7.866491843606E-1,1.718907101539E-1,
-5.684691021661E-1));
#10816=CARTESIAN_POINT('',(9.543464805371E-1,1.437033842760E-1,
-1.766194706373E-1));
#10817=CARTESIAN_POINT('',(9.379943855629E-1,1.155160583981E-1,
2.492904736600E-1));
#10818=CARTESIAN_POINT('',(7.407212853164E-1,8.732873252017E-2,
6.271314277721E-1));
#10819=CARTESIAN_POINT('',(5.140187413229E-1,6.853718193489E-2,
7.983707800099E-1));
#10820=CARTESIAN_POINT('',(3.877424539057E-1,5.914140664225E-2,
8.555971045201E-1));
#10821=CARTESIAN_POINT('',(9.033526517100E-1,9.999412671504E-1,
-4.440000971313E-1));
#10822=CARTESIAN_POINT('',(9.688819570133E-1,9.905454918577E-1,
-3.106756404637E-1));
#10823=CARTESIAN_POINT('',(1.039888933529E0,9.717539412725E-1,
-1.463652037347E-2));
#10824=CARTESIAN_POINT('',(9.458855951476E-1,9.435666153946E-1,
4.323234817397E-1));
#10825=CARTESIAN_POINT('',(6.694489447464E-1,9.153792895167E-1,
7.958847753971E-1));
#10826=CARTESIAN_POINT('',(2.639055144866E-1,8.871919636388E-1,
1.005957812272E0));
#10827=CARTESIAN_POINT('',(-1.925353290348E-1,8.590046377609E-1,
1.022020874309E0));
#10828=CARTESIAN_POINT('',(-6.118437171396E-1,8.308173118830E-1,
8.409779638746E-1));
#10829=CARTESIAN_POINT('',(-9.131523196314E-1,8.026299860050E-1,
4.977444026865E-1));
#10830=CARTESIAN_POINT('',(-1.038350859451E0,7.744426601271E-1,
5.851616195002E-2));
#10831=CARTESIAN_POINT('',(-9.632936339678E-1,7.462553342492E-1,
-3.919974810160E-1));
#10832=CARTESIAN_POINT('',(-7.024561330818E-1,7.180680083713E-1,
-7.669107057705E-1));
#10833=CARTESIAN_POINT('',(-3.061433334131E-1,6.898806824934E-1,
-9.939179589934E-1));
#10834=CARTESIAN_POINT('',(1.492120993071E-1,6.616933566155E-1,
-1.029238747401E0));
#10835=CARTESIAN_POINT('',(5.757905695403E-1,6.335060307376E-1,
-8.660611235787E-1));
#10836=CARTESIAN_POINT('',(8.913223908432E-1,6.053187048597E-1,
-5.358554332329E-1));
#10837=CARTESIAN_POINT('',(1.034954271680E0,5.771313789818E-1,
-1.023049621271E-1));
#10838=CARTESIAN_POINT('',(9.789854474140E-1,5.489440531038E-1,
3.509759870640E-1));
#10839=CARTESIAN_POINT('',(7.342100343587E-1,5.207567272259E-1,
7.365679026340E-1));
#10840=CARTESIAN_POINT('',(3.478352825108E-1,4.925694013480E-1,
9.801057422464E-1));
#10841=CARTESIAN_POINT('',(-1.056227884280E-1,4.643820754701E-1,
1.034620933633E0));
#10842=CARTESIAN_POINT('',(-5.387105071365E-1,4.361947495922E-1,
8.895997073017E-1));
#10843=CARTESIAN_POINT('',(-8.679028171581E-1,4.080074237143E-1,
5.730107763139E-1));
#10844=CARTESIAN_POINT('',(-1.029711872515E0,3.798200978364E-1,
1.459113056970E-1));
#10845=CARTESIAN_POINT('',(-9.929312695246E-1,3.516327719584E-1,
-3.093285379105E-1));
#10846=CARTESIAN_POINT('',(-7.646544921326E-1,3.234454460805E-1,
-7.049114527324E-1));
#10847=CARTESIAN_POINT('',(-3.889068826608E-1,2.952581202026E-1,
-9.645455333331E-1));
#10848=CARTESIAN_POINT('',(6.184512135314E-2,2.670707943247E-1,
-1.038157912309E0));
#10849=CARTESIAN_POINT('',(5.006695995818E-1,2.388834684468E-1,
-9.115516839455E-1));
#10850=CARTESIAN_POINT('',(8.429356281945E-1,2.106961425689E-1,
-6.091442910896E-1));
#10851=CARTESIAN_POINT('',(1.022632027186E0,1.825088166909E-1,
-1.892569742559E-1));
#10852=CARTESIAN_POINT('',(1.005109904589E0,1.543214908130E-1,
2.671277441015E-1));
#10853=CARTESIAN_POINT('',(7.937214890304E-1,1.261341649351E-1,
6.720040324701E-1));
#10854=CARTESIAN_POINT('',(5.507978896246E-1,1.073426143498E-1,
8.554959292646E-1));
#10855=CARTESIAN_POINT('',(4.154862618034E-1,9.794683905721E-2,
9.168169205773E-1));
#10856=B_SPLINE_SURFACE_WITH_KNOTS('',3,3,((#10716,#10717,#10718,#10719,#10720,
#10721,#10722,#10723,#10724,#10725,#10726,#10727,#10728,#10729,#10730,#10731,
#10732,#10733,#10734,#10735,#10736,#10737,#10738,#10739,#10740,#10741,#10742,
#10743,#10744,#10745,#10746,#10747,#10748,#10749,#10750),(#10751,#10752,#10753,
#10754,#10755,#10756,#10757,#10758,#10759,#10760,#10761,#10762,#10763,#10764,
#10765,#10766,#10767,#10768,#10769,#10770,#10771,#10772,#10773,#10774,#10775,
#10776,#10777,#10778,#10779,#10780,#10781,#10782,#10783,#10784,#10785),(#10786,
#10787,#10788,#10789,#10790,#10791,#10792,#10793,#10794,#10795,#10796,#10797,
#10798,#10799,#10800,#10801,#10802,#10803,#10804,#10805,#10806,#10807,#10808,
#10809,#10810,#10811,#10812,#10813,#10814,#10815,#10816,#10817,#10818,#10819,
#10820),(#10821,#10822,#10823,#10824,#10825,#10826,#10827,#10828,#10829,#10830,
#10831,#10832,#10833,#10834,#10835,#10836,#10837,#10838,#10839,#10840,#10841,
#10842,#10843,#10844,#10845,#10846,#10847,#10848,#10849,#10850,#10851,#10852,
#10853,#10854,#10855)),.UNSPECIFIED.,.F.,.F.,.F.,(4,4),(4,1,1,1,1,1,1,1,1,1,1,1,
1,1,1,1,1,1,1,1,1,1,1,1,1,1,1,1,1,1,1,1,4),(-3.485130413038E-2,
1.034851304130E0),(-1.410911643147E-2,8.818197769676E-3,3.174551197082E-2,
5.467282617197E-2,7.760014037311E-2,1.005274545743E-1,1.234547687754E-1,
1.463820829765E-1,1.693093971777E-1,1.922367113788E-1,2.151640255800E-1,
2.380913397811E-1,2.610186539823E-1,2.839459681834E-1,3.068732823846E-1,
3.298005965857E-1,3.527279107868E-1,3.756552249880E-1,3.985825391891E-1,
4.215098533903E-1,4.444371675914E-1,4.673644817926E-1,4.902917959937E-1,
5.132191101949E-1,5.361464243960E-1,5.590737385972E-1,5.820010527983E-1,
6.049283669994E-1,6.278556812006E-1,6.507829954017E-1,6.737103096029E-1,
6.966376238040E-1,7.195649380052E-1),.UNSPECIFIED.);
#10857=ORIENTED_EDGE('',*,*,#9279,.T.);
#10858=ORIENTED_EDGE('',*,*,#9432,.T.);
#10860=ORIENTED_EDGE('',*,*,#10859,.T.);
#10861=ORIENTED_EDGE('',*,*,#10708,.T.);
#10862=ORIENTED_EDGE('',*,*,#10561,.T.);
#10864=ORIENTED_EDGE('',*,*,#10863,.T.);
#10865=ORIENTED_EDGE('',*,*,#10554,.T.);
#10866=ORIENTED_EDGE('',*,*,#9295,.T.);
#10867=ORIENTED_EDGE('',*,*,#9446,.T.);
#10868=EDGE_LOOP('',(#10857,#10858,#10860,#10861,#10862,#10864,#10865,#10866,
#10867));
#10869=FACE_OUTER_BOUND('',#10868,.F.);
#10871=CARTESIAN_POINT('',(4.125035020441E-1,2.120188535643E0,
-6.911975242964E-1));
#10872=CARTESIAN_POINT('',(5.571090152096E-1,2.106869806099E0,
-6.048976194229E-1));
#10873=CARTESIAN_POINT('',(7.899026722205E-1,2.080232347011E0,
-3.387923360728E-1));
#10874=CARTESIAN_POINT('',(8.383565952886E-1,2.040276158380E0,
1.897021001229E-1));
#10875=CARTESIAN_POINT('',(5.671734308137E-1,2.000319969749E0,
6.458357034044E-1));
#10876=CARTESIAN_POINT('',(7.983238562474E-2,1.960363781117E0,
8.558188580749E-1));
#10877=CARTESIAN_POINT('',(-4.379439164503E-1,1.920407592486E0,
7.395964263157E-1));
#10878=CARTESIAN_POINT('',(-7.887929059153E-1,1.880451403854E0,
3.414724052170E-1));
#10879=CARTESIAN_POINT('',(-8.389881272053E-1,1.840495215223E0,
-1.868066245922E-1));
#10880=CARTESIAN_POINT('',(-5.693967045765E-1,1.800539026592E0,
-6.438828552440E-1));
#10881=CARTESIAN_POINT('',(-8.277555866990E-2,1.760582837960E0,
-8.555384028355E-1));
#10882=CARTESIAN_POINT('',(4.353961114998E-1,1.720626649329E0,
-7.410991674618E-1));
#10883=CARTESIAN_POINT('',(7.876133373852E-1,1.680670460697E0,
-3.441845152907E-1));
#10884=CARTESIAN_POINT('',(8.396259264560E-1,1.640714272066E0,
1.839186059358E-1));
#10885=CARTESIAN_POINT('',(5.716088956229E-1,1.600758083435E0,
6.419197927752E-1));
#10886=CARTESIAN_POINT('',(8.571891482819E-2,1.560801894803E0,
8.552485121711E-1));
#10887=CARTESIAN_POINT('',(-4.328434631165E-1,1.520845706172E0,
7.425929479634E-1));
#10888=CARTESIAN_POINT('',(-7.864243599732E-1,1.480889517540E0,
3.468926000477E-1));
#10889=CARTESIAN_POINT('',(-8.402538068838E-1,1.440933328909E0,
-1.810284230304E-1));
#10890=CARTESIAN_POINT('',(-5.738143128037E-1,1.400977140278E0,
-6.399491263779E-1));
#10891=CARTESIAN_POINT('',(-8.866125768018E-2,1.361020951646E0,
-8.549484962840E-1));
#10892=CARTESIAN_POINT('',(4.302856902893E-1,1.321064763015E0,
-7.440779359171E-1));
#10893=CARTESIAN_POINT('',(7.852260711273E-1,1.281108574383E0,
-3.495965775216E-1));
#10894=CARTESIAN_POINT('',(8.408717388089E-1,1.241152385752E0,
1.781360962695E-1));
#10895=CARTESIAN_POINT('',(5.760129356197E-1,1.201196197121E0,
6.379708847888E-1));
#10896=CARTESIAN_POINT('',(9.160255218193E-2,1.161240008489E0,
8.546383509377E-1));
#10897=CARTESIAN_POINT('',(-4.277228280905E-1,1.121283819858E0,
7.455541394917E-1));
#10898=CARTESIAN_POINT('',(-7.840184656771E-1,1.081327631227E0,
3.522963204808E-1));
#10899=CARTESIAN_POINT('',(-8.414797875599E-1,1.041371442595E0,
-1.752413047858E-1));
#10900=CARTESIAN_POINT('',(-5.782044668166E-1,1.001415253964E0,
-6.359864166666E-1));
#10901=CARTESIAN_POINT('',(-9.454377575183E-2,9.614590653324E-1,
-8.543131339733E-1));
#10902=CARTESIAN_POINT('',(4.251586846175E-1,9.215028767010E-1,
-7.470399992968E-1));
#10903=CARTESIAN_POINT('',(7.827874591537E-1,8.815466880696E-1,
-3.549229104390E-1));
#10904=CARTESIAN_POINT('',(8.223495285532E-1,8.549092289821E-1,
-3.582973574276E-3));
#10905=CARTESIAN_POINT('',(7.885837036862E-1,8.415904994383E-1,
1.613967133271E-1));
#10906=CARTESIAN_POINT('',(4.469482011279E-1,2.158993968058E0,
-7.489136178905E-1));
#10907=CARTESIAN_POINT('',(6.036285048398E-1,2.145675238514E0,
-6.554075335794E-1));
#10908=CARTESIAN_POINT('',(8.558608027947E-1,2.119037779426E0,
-3.670820354575E-1));
#10909=CARTESIAN_POINT('',(9.083607055726E-1,2.079081590795E0,
2.055425274694E-1));
#10910=CARTESIAN_POINT('',(6.145333151683E-1,2.039125402164E0,
6.997640127426E-1));
#10911=CARTESIAN_POINT('',(8.649851690934E-2,1.999169213532E0,
9.272810950997E-1));
#10912=CARTESIAN_POINT('',(-4.745129306356E-1,1.959213024901E0,
8.013539052745E-1));
#10913=CARTESIAN_POINT('',(-8.546583692363E-1,1.919256836269E0,
3.699858946416E-1));
#10914=CARTESIAN_POINT('',(-9.090449714097E-1,1.879300647638E0,
-2.024052751225E-1));
#10915=CARTESIAN_POINT('',(-6.169422358296E-1,1.839344459007E0,
-6.976480986521E-1));
#10916=CARTESIAN_POINT('',(-8.968744958901E-2,1.799388270375E0,
-9.269772214014E-1));
#10917=CARTESIAN_POINT('',(4.717523799158E-1,1.759432081744E0,
-8.029821276984E-1));
#10918=CARTESIAN_POINT('',(8.533803048562E-1,1.719475893112E0,
-3.729244702238E-1));
#10919=CARTESIAN_POINT('',(9.097360279131E-1,1.679519704481E0,
1.992761023109E-1));
#10920=CARTESIAN_POINT('',(6.193391483499E-1,1.639563515850E0,
6.955211173422E-1));
#10921=CARTESIAN_POINT('',(9.287658067203E-2,1.599607327218E0,
9.266631244050E-1));
#10922=CARTESIAN_POINT('',(-4.689865813290E-1,1.559651138587E0,
8.046006412499E-1));
#10923=CARTESIAN_POINT('',(-8.520920459377E-1,1.519694949955E0,
3.758586843691E-1));
#10924=CARTESIAN_POINT('',(-9.104163373562E-1,1.479738761324E0,
-1.961445845320E-1));
#10925=CARTESIAN_POINT('',(-6.217287213762E-1,1.439782572693E0,
-6.933858971636E-1));
#10926=CARTESIAN_POINT('',(-9.606461383607E-2,1.399826384061E0,
-9.263380567137E-1));
#10927=CARTESIAN_POINT('',(4.662152303990E-1,1.359870195430E0,
-8.062096280617E-1));
#10928=CARTESIAN_POINT('',(8.507936980656E-1,1.319914006798E0,
-3.787884482664E-1));
#10929=CARTESIAN_POINT('',(9.110858675807E-1,1.279957818167E0,
1.930107438824E-1));
#10930=CARTESIAN_POINT('',(6.241109326973E-1,1.240001629536E0,
6.912424692527E-1));
#10931=CARTESIAN_POINT('',(9.925151111096E-2,1.200045440904E0,
9.260020137373E-1));
#10932=CARTESIAN_POINT('',(-4.634383651268E-1,1.160089252273E0,
8.078090969848E-1));
#10933=CARTESIAN_POINT('',(-8.494852556378E-1,1.120133063641E0,
3.817136240604E-1));
#10934=CARTESIAN_POINT('',(-9.117446893704E-1,1.080176875010E0,
-1.898742327015E-1));
#10935=CARTESIAN_POINT('',(-6.264854602378E-1,1.040220686379E0,
-6.890922948832E-1));
#10936=CARTESIAN_POINT('',(-1.024383315311E-1,1.000264497747E0,
-9.256496406387E-1));
#10937=CARTESIAN_POINT('',(4.606601115919E-1,9.603083091160E-1,
-8.094190284489E-1));
#10938=CARTESIAN_POINT('',(8.481514581101E-1,9.203521204846E-1,
-3.845595384615E-1));
#10939=CARTESIAN_POINT('',(8.910170232832E-1,8.937146613970E-1,
-3.882157571453E-3));
#10940=CARTESIAN_POINT('',(8.544316982881E-1,8.803959318532E-1,
1.748735958169E-1));
#10941=CARTESIAN_POINT('',(4.813929002117E-1,2.197799400473E0,
-8.066297114846E-1));
#10942=CARTESIAN_POINT('',(6.501479944700E-1,2.184480670929E0,
-7.059174477360E-1));
#10943=CARTESIAN_POINT('',(9.218189333688E-1,2.157843211841E0,
-3.953717348421E-1));
#10944=CARTESIAN_POINT('',(9.783648158567E-1,2.117887023210E0,
2.213829548158E-1));
#10945=CARTESIAN_POINT('',(6.618931995230E-1,2.077930834578E0,
7.536923220809E-1));
#10946=CARTESIAN_POINT('',(9.316464819399E-2,2.037974645947E0,
9.987433321245E-1));
#10947=CARTESIAN_POINT('',(-5.110819448208E-1,1.998018457316E0,
8.631113842333E-1));
#10948=CARTESIAN_POINT('',(-9.205238325574E-1,1.958062268684E0,
3.984993840662E-1));
#10949=CARTESIAN_POINT('',(-9.791018156141E-1,1.918106080053E0,
-2.180039256528E-1));
#10950=CARTESIAN_POINT('',(-6.644877670828E-1,1.878149891422E0,
-7.514133420602E-1));
#10951=CARTESIAN_POINT('',(-9.659934050818E-2,1.838193702790E0,
-9.984160399672E-1));
#10952=CARTESIAN_POINT('',(5.081086483318E-1,1.798237514159E0,
-8.648650879351E-1));
#10953=CARTESIAN_POINT('',(9.191472723272E-1,1.758281325527E0,
-4.016644251570E-1));
#10954=CARTESIAN_POINT('',(9.798461293703E-1,1.718325136896E0,
2.146335986860E-1));
#10955=CARTESIAN_POINT('',(6.670694010770E-1,1.678368948265E0,
7.491224419091E-1));
#10956=CARTESIAN_POINT('',(1.000342465159E-1,1.638412759633E0,
9.980777366389E-1));
#10957=CARTESIAN_POINT('',(-5.051296995414E-1,1.598456571002E0,
8.666083345364E-1));
#10958=CARTESIAN_POINT('',(-9.177597319020E-1,1.558500382370E0,
4.048247686904E-1));
#10959=CARTESIAN_POINT('',(-9.805788678286E-1,1.518544193739E0,
-2.112607460336E-1));
#10960=CARTESIAN_POINT('',(-6.696431299487E-1,1.478588005108E0,
-7.468226679492E-1));
#10961=CARTESIAN_POINT('',(-1.034679699920E-1,1.438631816476E0,
-9.977276171435E-1));
#10962=CARTESIAN_POINT('',(5.021447705087E-1,1.398675627845E0,
-8.683413202063E-1));
#10963=CARTESIAN_POINT('',(9.163613250038E-1,1.358719439213E0,
-4.079803190113E-1));
#10964=CARTESIAN_POINT('',(9.812999963525E-1,1.318763250582E0,
2.078853914952E-1));
#10965=CARTESIAN_POINT('',(6.722089297749E-1,1.278807061951E0,
7.445140537165E-1));
#10966=CARTESIAN_POINT('',(1.069004700400E-1,1.238850873319E0,
9.973656765369E-1));
#10967=CARTESIAN_POINT('',(-4.991539021631E-1,1.198894684688E0,
8.700640544778E-1));
#10968=CARTESIAN_POINT('',(-9.149520455986E-1,1.158938496056E0,
4.111309276400E-1));
#10969=CARTESIAN_POINT('',(-9.820095911808E-1,1.118982307425E0,
-2.045071606172E-1));
#10970=CARTESIAN_POINT('',(-6.747664536591E-1,1.079026118794E0,
-7.421981730998E-1));
#10971=CARTESIAN_POINT('',(-1.103328873103E-1,1.039069930162E0,
-9.969861473041E-1));
#10972=CARTESIAN_POINT('',(4.961615385663E-1,9.991137415309E-1,
-8.717980576009E-1));
#10973=CARTESIAN_POINT('',(9.135154570665E-1,9.591575528996E-1,
-4.141961664839E-1));
#10974=CARTESIAN_POINT('',(9.596845180132E-1,9.325200938120E-1,
-4.181341568633E-3));
#10975=CARTESIAN_POINT('',(9.202796928900E-1,9.192013642682E-1,
1.883504783067E-1));
#10976=CARTESIAN_POINT('',(5.158375992955E-1,2.236604832888E0,
-8.643458050787E-1));
#10977=CARTESIAN_POINT('',(6.966674841002E-1,2.223286103344E0,
-7.564273618926E-1));
#10978=CARTESIAN_POINT('',(9.877770639430E-1,2.196648644256E0,
-4.236614342267E-1));
#10979=CARTESIAN_POINT('',(1.048368926141E0,2.156692455625E0,
2.372233821623E-1));
#10980=CARTESIAN_POINT('',(7.092530838777E-1,2.116736266993E0,
8.076206314191E-1));
#10981=CARTESIAN_POINT('',(9.983077947860E-2,2.076780078362E0,
1.070205569149E0));
#10982=CARTESIAN_POINT('',(-5.476509590061E-1,2.036823889731E0,
9.248688631920E-1));
#10983=CARTESIAN_POINT('',(-9.863892958784E-1,1.996867701099E0,
4.270128734907E-1));
#10984=CARTESIAN_POINT('',(-1.049158659819E0,1.956911512468E0,
-2.336025761832E-1));
#10985=CARTESIAN_POINT('',(-7.120332983359E-1,1.916955323837E0,
-8.051785854683E-1));
#10986=CARTESIAN_POINT('',(-1.035112314273E-1,1.876999135205E0,
-1.069854858533E0));
#10987=CARTESIAN_POINT('',(5.444649167478E-1,1.837042946574E0,
-9.267480481718E-1));
#10988=CARTESIAN_POINT('',(9.849142397983E-1,1.797086757942E0,
-4.304043800901E-1));
#10989=CARTESIAN_POINT('',(1.049956230827E0,1.757130569311E0,
2.299910950611E-1));
#10990=CARTESIAN_POINT('',(7.147996538040E-1,1.717174380680E0,
8.027237664761E-1));
#10991=CARTESIAN_POINT('',(1.071919123598E-1,1.677218192048E0,
1.069492348873E0));
#10992=CARTESIAN_POINT('',(-5.412728177539E-1,1.637262003417E0,
9.286160278229E-1));
#10993=CARTESIAN_POINT('',(-9.834274178665E-1,1.597305814785E0,
4.337908530117E-1));
#10994=CARTESIAN_POINT('',(-1.050741398301E0,1.557349626154E0,
-2.263769075353E-1));
#10995=CARTESIAN_POINT('',(-7.175575385211E-1,1.517393437523E0,
-8.002594387349E-1));
#10996=CARTESIAN_POINT('',(-1.108713261479E-1,1.477437248891E0,
-1.069117177573E0));
#10997=CARTESIAN_POINT('',(5.380743106183E-1,1.437481060260E0,
-9.304730123509E-1));
#10998=CARTESIAN_POINT('',(9.819289519420E-1,1.397524871628E0,
-4.371721897561E-1));
#10999=CARTESIAN_POINT('',(1.051514125124E0,1.357568682997E0,
2.227600391080E-1));
#11000=CARTESIAN_POINT('',(7.203069268524E-1,1.317612494366E0,
7.977856381804E-1));
#11001=CARTESIAN_POINT('',(1.145494289690E-1,1.277656305734E0,
1.068729339337E0));
#11002=CARTESIAN_POINT('',(-5.348694391993E-1,1.237700117103E0,
9.323190119708E-1));
#11003=CARTESIAN_POINT('',(-9.804188355593E-1,1.197743928471E0,
4.405482312197E-1));
#11004=CARTESIAN_POINT('',(-1.052274492991E0,1.157787739840E0,
-2.191400885330E-1));
#11005=CARTESIAN_POINT('',(-7.230474470803E-1,1.117831551209E0,
-7.953040513164E-1));
#11006=CARTESIAN_POINT('',(-1.182274430896E-1,1.077875362577E0,
-1.068322653969E0));
#11007=CARTESIAN_POINT('',(5.316629655407E-1,1.037919173946E0,
-9.341770867530E-1));
#11008=CARTESIAN_POINT('',(9.788794560229E-1,9.979629853145E-1,
-4.438327945063E-1));
#11009=CARTESIAN_POINT('',(1.028352012743E0,9.713255262269E-1,
-4.480525565811E-3));
#11010=CARTESIAN_POINT('',(9.861276874919E-1,9.580067966831E-1,
2.018273607965E-1));
#11011=B_SPLINE_SURFACE_WITH_KNOTS('',3,3,((#10871,#10872,#10873,#10874,#10875,
#10876,#10877,#10878,#10879,#10880,#10881,#10882,#10883,#10884,#10885,#10886,
#10887,#10888,#10889,#10890,#10891,#10892,#10893,#10894,#10895,#10896,#10897,
#10898,#10899,#10900,#10901,#10902,#10903,#10904,#10905),(#10906,#10907,#10908,
#10909,#10910,#10911,#10912,#10913,#10914,#10915,#10916,#10917,#10918,#10919,
#10920,#10921,#10922,#10923,#10924,#10925,#10926,#10927,#10928,#10929,#10930,
#10931,#10932,#10933,#10934,#10935,#10936,#10937,#10938,#10939,#10940),(#10941,
#10942,#10943,#10944,#10945,#10946,#10947,#10948,#10949,#10950,#10951,#10952,
#10953,#10954,#10955,#10956,#10957,#10958,#10959,#10960,#10961,#10962,#10963,
#10964,#10965,#10966,#10967,#10968,#10969,#10970,#10971,#10972,#10973,#10974,
#10975),(#10976,#10977,#10978,#10979,#10980,#10981,#10982,#10983,#10984,#10985,
#10986,#10987,#10988,#10989,#10990,#10991,#10992,#10993,#10994,#10995,#10996,
#10997,#10998,#10999,#11000,#11001,#11002,#11003,#11004,#11005,#11006,#11007,
#11008,#11009,#11010)),.UNSPECIFIED.,.F.,.F.,.F.,(4,4),(4,1,1,1,1,1,1,1,1,1,1,1,
1,1,1,1,1,1,1,1,1,1,1,1,1,1,1,1,1,1,1,1,4),(-3.485130413038E-2,
1.034851304130E0),(-1.999999999999E-2,1.250000000001E-2,4.500000000001E-2,
7.750000000001E-2,1.1E-1,1.425E-1,1.75E-1,2.075E-1,2.4E-1,2.725E-1,3.05E-1,
3.375E-1,3.7E-1,4.025E-1,4.35E-1,4.675E-1,5.E-1,5.325E-1,5.65E-1,5.975E-1,
6.3E-1,6.625E-1,6.95E-1,7.275E-1,7.6E-1,7.925E-1,8.25E-1,8.575E-1,8.9E-1,
9.225E-1,9.55E-1,9.875E-1,1.02E0),.UNSPECIFIED.);
#11012=ORIENTED_EDGE('',*,*,#9231,.T.);
#11013=ORIENTED_EDGE('',*,*,#9356,.T.);
#11014=ORIENTED_EDGE('',*,*,#9601,.T.);
#11016=ORIENTED_EDGE('',*,*,#11015,.T.);
#11017=ORIENTED_EDGE('',*,*,#10859,.F.);
#11018=ORIENTED_EDGE('',*,*,#9430,.T.);
#11019=ORIENTED_EDGE('',*,*,#9263,.T.);
#11020=ORIENTED_EDGE('',*,*,#9414,.T.);
#11021=ORIENTED_EDGE('',*,*,#9247,.T.);
#11022=ORIENTED_EDGE('',*,*,#9400,.T.);
#11023=EDGE_LOOP('',(#11012,#11013,#11014,#11016,#11017,#11018,#11019,#11020,
#11021,#11022));
#11024=FACE_OUTER_BOUND('',#11023,.F.);
#11026=CARTESIAN_POINT('',(5.124709364282E-1,2.225226175634E0,
-8.587045704527E-1));
#11027=CARTESIAN_POINT('',(6.921206178911E-1,2.211907446090E0,
-7.514904671904E-1));
#11028=CARTESIAN_POINT('',(9.813302435349E-1,2.185269987002E0,
-4.208963678165E-1));
#11029=CARTESIAN_POINT('',(1.041526647215E0,2.145313798371E0,
2.356751213277E-1));
#11030=CARTESIAN_POINT('',(7.046240765616E-1,2.105357609739E0,
8.023496190027E-1));
#11031=CARTESIAN_POINT('',(9.917922445673E-2,2.065401421108E0,
1.063220771308E0));
#11032=CARTESIAN_POINT('',(-5.440766632384E-1,2.025445232477E0,
9.188326191045E-1));
#11033=CARTESIAN_POINT('',(-9.799515328698E-1,1.985489043845E0,
4.242259335952E-1));
#11034=CARTESIAN_POINT('',(-1.042311226621E0,1.945532855214E0,
-2.320779468812E-1));
#11035=CARTESIAN_POINT('',(-7.073861456872E-1,1.905576666583E0,
-7.999235112957E-1));
#11036=CARTESIAN_POINT('',(-1.028356555878E-1,1.865620477951E0,
-1.062872349638E0));
#11037=CARTESIAN_POINT('',(5.409114149862E-1,1.825664289320E0,
-9.206995394058E-1));
#11038=CARTESIAN_POINT('',(9.784861038826E-1,1.785708100688E0,
-4.275953052061E-1));
#11039=CARTESIAN_POINT('',(1.043103592207E0,1.745751912057E0,
2.284900364322E-1));
#11040=CARTESIAN_POINT('',(7.101344462749E-1,1.705795723426E0,
7.974847139118E-1));
#11041=CARTESIAN_POINT('',(1.064923142081E-1,1.665839534794E0,
1.062512205931E0));
#11042=CARTESIAN_POINT('',(-5.377401495282E-1,1.625883346163E0,
9.225553275111E-1));
#11043=CARTESIAN_POINT('',(-9.770089858348E-1,1.585927157531E0,
4.309596759920E-1));
#11044=CARTESIAN_POINT('',(-1.043883635211E0,1.545970968900E0,
-2.248994372430E-1));
#11045=CARTESIAN_POINT('',(-7.128743313966E-1,1.506014780269E0,
-7.950364698387E-1));
#11046=CARTESIAN_POINT('',(-1.101477139543E-1,1.466058591637E0,
-1.062139483222E0));
#11047=CARTESIAN_POINT('',(5.345625177519E-1,1.426102403006E0,
-9.244001922540E-1));
#11048=CARTESIAN_POINT('',(9.755202997899E-1,1.386146214374E0,
-4.343189441224E-1));
#11049=CARTESIAN_POINT('',(1.044651318760E0,1.346190025743E0,
2.213061746495E-1));
#11050=CARTESIAN_POINT('',(7.156057755850E-1,1.306233837112E0,
7.925788147773E-1));
#11051=CARTESIAN_POINT('',(1.138018112895E-1,1.266277648480E0,
1.061754176249E0));
#11052=CARTESIAN_POINT('',(-5.313785632293E-1,1.226321459849E0,
9.262341437828E-1));
#11053=CARTESIAN_POINT('',(-9.740200393246E-1,1.186365271217E0,
4.376729515321E-1));
#11054=CARTESIAN_POINT('',(-1.045406724014E0,1.146409082586E0,
-2.177098500241E-1));
#11055=CARTESIAN_POINT('',(-7.183284095484E-1,1.106452893955E0,
-7.901134242247E-1));
#11056=CARTESIAN_POINT('',(-1.174558205031E-1,1.066496705323E0,
-1.061350145152E0));
#11057=CARTESIAN_POINT('',(5.281930169242E-1,1.026540516692E0,
-9.280800916642E-1));
#11058=CARTESIAN_POINT('',(9.724907066942E-1,9.865843280606E-1,
-4.409360778059E-1));
#11059=CARTESIAN_POINT('',(1.021640376095E0,9.599468689730E-1,
-4.451282992041E-3));
#11060=CARTESIAN_POINT('',(9.796916318951E-1,9.466281394292E-1,
2.005101154422E-1));
#11061=CARTESIAN_POINT('',(5.124709364282E-1,2.246950023302E0,
-8.587045704527E-1));
#11062=CARTESIAN_POINT('',(6.921206178911E-1,2.233631293758E0,
-7.514904671904E-1));
#11063=CARTESIAN_POINT('',(9.813302435349E-1,2.206993834671E0,
-4.208963678165E-1));
#11064=CARTESIAN_POINT('',(1.041526647215E0,2.167037646039E0,
2.356751213277E-1));
#11065=CARTESIAN_POINT('',(7.046240765616E-1,2.127081457408E0,
8.023496190027E-1));
#11066=CARTESIAN_POINT('',(9.917922445673E-2,2.087125268777E0,
1.063220771308E0));
#11067=CARTESIAN_POINT('',(-5.440766632384E-1,2.047169080145E0,
9.188326191045E-1));
#11068=CARTESIAN_POINT('',(-9.799515328698E-1,2.007212891514E0,
4.242259335952E-1));
#11069=CARTESIAN_POINT('',(-1.042311226621E0,1.967256702882E0,
-2.320779468812E-1));
#11070=CARTESIAN_POINT('',(-7.073861456872E-1,1.927300514251E0,
-7.999235112957E-1));
#11071=CARTESIAN_POINT('',(-1.028356555878E-1,1.887344325620E0,
-1.062872349638E0));
#11072=CARTESIAN_POINT('',(5.409114149862E-1,1.847388136988E0,
-9.206995394058E-1));
#11073=CARTESIAN_POINT('',(9.784861038826E-1,1.807431948357E0,
-4.275953052061E-1));
#11074=CARTESIAN_POINT('',(1.043103592207E0,1.767475759725E0,
2.284900364322E-1));
#11075=CARTESIAN_POINT('',(7.101344462749E-1,1.727519571094E0,
7.974847139118E-1));
#11076=CARTESIAN_POINT('',(1.064923142081E-1,1.687563382463E0,
1.062512205931E0));
#11077=CARTESIAN_POINT('',(-5.377401495282E-1,1.647607193831E0,
9.225553275111E-1));
#11078=CARTESIAN_POINT('',(-9.770089858348E-1,1.607651005200E0,
4.309596759920E-1));
#11079=CARTESIAN_POINT('',(-1.043883635211E0,1.567694816568E0,
-2.248994372430E-1));
#11080=CARTESIAN_POINT('',(-7.128743313966E-1,1.527738627937E0,
-7.950364698387E-1));
#11081=CARTESIAN_POINT('',(-1.101477139543E-1,1.487782439306E0,
-1.062139483222E0));
#11082=CARTESIAN_POINT('',(5.345625177519E-1,1.447826250674E0,
-9.244001922540E-1));
#11083=CARTESIAN_POINT('',(9.755202997899E-1,1.407870062043E0,
-4.343189441224E-1));
#11084=CARTESIAN_POINT('',(1.044651318760E0,1.367913873411E0,
2.213061746495E-1));
#11085=CARTESIAN_POINT('',(7.156057755850E-1,1.327957684780E0,
7.925788147773E-1));
#11086=CARTESIAN_POINT('',(1.138018112895E-1,1.288001496149E0,
1.061754176249E0));
#11087=CARTESIAN_POINT('',(-5.313785632293E-1,1.248045307517E0,
9.262341437828E-1));
#11088=CARTESIAN_POINT('',(-9.740200393246E-1,1.208089118886E0,
4.376729515321E-1));
#11089=CARTESIAN_POINT('',(-1.045406724014E0,1.168132930255E0,
-2.177098500241E-1));
#11090=CARTESIAN_POINT('',(-7.183284095484E-1,1.128176741623E0,
-7.901134242247E-1));
#11091=CARTESIAN_POINT('',(-1.174558205031E-1,1.088220552992E0,
-1.061350145152E0));
#11092=CARTESIAN_POINT('',(5.281930169242E-1,1.048264364360E0,
-9.280800916642E-1));
#11093=CARTESIAN_POINT('',(9.724907066942E-1,1.008308175729E0,
-4.409360778059E-1));
#11094=CARTESIAN_POINT('',(1.021640376095E0,9.816707166414E-1,
-4.451282992041E-3));
#11095=CARTESIAN_POINT('',(9.796916318951E-1,9.683519870976E-1,
2.005101154422E-1));
#11096=CARTESIAN_POINT('',(5.124709364282E-1,2.268673870970E0,
-8.587045704527E-1));
#11097=CARTESIAN_POINT('',(6.921206178911E-1,2.255355141427E0,
-7.514904671904E-1));
#11098=CARTESIAN_POINT('',(9.813302435349E-1,2.228717682339E0,
-4.208963678165E-1));
#11099=CARTESIAN_POINT('',(1.041526647215E0,2.188761493708E0,
2.356751213277E-1));
#11100=CARTESIAN_POINT('',(7.046240765616E-1,2.148805305076E0,
8.023496190027E-1));
#11101=CARTESIAN_POINT('',(9.917922445673E-2,2.108849116445E0,
1.063220771308E0));
#11102=CARTESIAN_POINT('',(-5.440766632384E-1,2.068892927814E0,
9.188326191045E-1));
#11103=CARTESIAN_POINT('',(-9.799515328698E-1,2.028936739182E0,
4.242259335952E-1));
#11104=CARTESIAN_POINT('',(-1.042311226621E0,1.988980550551E0,
-2.320779468812E-1));
#11105=CARTESIAN_POINT('',(-7.073861456872E-1,1.949024361919E0,
-7.999235112957E-1));
#11106=CARTESIAN_POINT('',(-1.028356555878E-1,1.909068173288E0,
-1.062872349638E0));
#11107=CARTESIAN_POINT('',(5.409114149862E-1,1.869111984657E0,
-9.206995394058E-1));
#11108=CARTESIAN_POINT('',(9.784861038826E-1,1.829155796025E0,
-4.275953052061E-1));
#11109=CARTESIAN_POINT('',(1.043103592207E0,1.789199607394E0,
2.284900364322E-1));
#11110=CARTESIAN_POINT('',(7.101344462749E-1,1.749243418762E0,
7.974847139118E-1));
#11111=CARTESIAN_POINT('',(1.064923142081E-1,1.709287230131E0,
1.062512205931E0));
#11112=CARTESIAN_POINT('',(-5.377401495282E-1,1.669331041500E0,
9.225553275111E-1));
#11113=CARTESIAN_POINT('',(-9.770089858348E-1,1.629374852868E0,
4.309596759920E-1));
#11114=CARTESIAN_POINT('',(-1.043883635211E0,1.589418664237E0,
-2.248994372430E-1));
#11115=CARTESIAN_POINT('',(-7.128743313966E-1,1.549462475605E0,
-7.950364698387E-1));
#11116=CARTESIAN_POINT('',(-1.101477139543E-1,1.509506286974E0,
-1.062139483222E0));
#11117=CARTESIAN_POINT('',(5.345625177519E-1,1.469550098343E0,
-9.244001922540E-1));
#11118=CARTESIAN_POINT('',(9.755202997899E-1,1.429593909711E0,
-4.343189441224E-1));
#11119=CARTESIAN_POINT('',(1.044651318760E0,1.389637721080E0,
2.213061746495E-1));
#11120=CARTESIAN_POINT('',(7.156057755850E-1,1.349681532448E0,
7.925788147773E-1));
#11121=CARTESIAN_POINT('',(1.138018112895E-1,1.309725343817E0,
1.061754176249E0));
#11122=CARTESIAN_POINT('',(-5.313785632293E-1,1.269769155186E0,
9.262341437828E-1));
#11123=CARTESIAN_POINT('',(-9.740200393246E-1,1.229812966554E0,
4.376729515321E-1));
#11124=CARTESIAN_POINT('',(-1.045406724014E0,1.189856777923E0,
-2.177098500241E-1));
#11125=CARTESIAN_POINT('',(-7.183284095484E-1,1.149900589292E0,
-7.901134242247E-1));
#11126=CARTESIAN_POINT('',(-1.174558205031E-1,1.109944400660E0,
-1.061350145152E0));
#11127=CARTESIAN_POINT('',(5.281930169242E-1,1.069988212029E0,
-9.280800916642E-1));
#11128=CARTESIAN_POINT('',(9.724907066942E-1,1.030032023397E0,
-4.409360778059E-1));
#11129=CARTESIAN_POINT('',(1.021640376095E0,1.003394564310E0,
-4.451282992041E-3));
#11130=CARTESIAN_POINT('',(9.796916318951E-1,9.900758347660E-1,
2.005101154422E-1));
#11131=CARTESIAN_POINT('',(5.124709364282E-1,2.290397718639E0,
-8.587045704527E-1));
#11132=CARTESIAN_POINT('',(6.921206178911E-1,2.277078989095E0,
-7.514904671904E-1));
#11133=CARTESIAN_POINT('',(9.813302435349E-1,2.250441530008E0,
-4.208963678165E-1));
#11134=CARTESIAN_POINT('',(1.041526647215E0,2.210485341376E0,
2.356751213277E-1));
#11135=CARTESIAN_POINT('',(7.046240765616E-1,2.170529152745E0,
8.023496190027E-1));
#11136=CARTESIAN_POINT('',(9.917922445673E-2,2.130572964113E0,
1.063220771308E0));
#11137=CARTESIAN_POINT('',(-5.440766632384E-1,2.090616775482E0,
9.188326191045E-1));
#11138=CARTESIAN_POINT('',(-9.799515328698E-1,2.050660586851E0,
4.242259335952E-1));
#11139=CARTESIAN_POINT('',(-1.042311226621E0,2.010704398219E0,
-2.320779468812E-1));
#11140=CARTESIAN_POINT('',(-7.073861456872E-1,1.970748209588E0,
-7.999235112957E-1));
#11141=CARTESIAN_POINT('',(-1.028356555878E-1,1.930792020956E0,
-1.062872349638E0));
#11142=CARTESIAN_POINT('',(5.409114149862E-1,1.890835832325E0,
-9.206995394058E-1));
#11143=CARTESIAN_POINT('',(9.784861038826E-1,1.850879643694E0,
-4.275953052061E-1));
#11144=CARTESIAN_POINT('',(1.043103592207E0,1.810923455062E0,
2.284900364322E-1));
#11145=CARTESIAN_POINT('',(7.101344462749E-1,1.770967266431E0,
7.974847139118E-1));
#11146=CARTESIAN_POINT('',(1.064923142081E-1,1.731011077799E0,
1.062512205931E0));
#11147=CARTESIAN_POINT('',(-5.377401495282E-1,1.691054889168E0,
9.225553275111E-1));
#11148=CARTESIAN_POINT('',(-9.770089858348E-1,1.651098700537E0,
4.309596759920E-1));
#11149=CARTESIAN_POINT('',(-1.043883635211E0,1.611142511905E0,
-2.248994372430E-1));
#11150=CARTESIAN_POINT('',(-7.128743313966E-1,1.571186323274E0,
-7.950364698387E-1));
#11151=CARTESIAN_POINT('',(-1.101477139543E-1,1.531230134642E0,
-1.062139483222E0));
#11152=CARTESIAN_POINT('',(5.345625177519E-1,1.491273946011E0,
-9.244001922540E-1));
#11153=CARTESIAN_POINT('',(9.755202997899E-1,1.451317757380E0,
-4.343189441224E-1));
#11154=CARTESIAN_POINT('',(1.044651318760E0,1.411361568748E0,
2.213061746495E-1));
#11155=CARTESIAN_POINT('',(7.156057755850E-1,1.371405380117E0,
7.925788147773E-1));
#11156=CARTESIAN_POINT('',(1.138018112895E-1,1.331449191486E0,
1.061754176249E0));
#11157=CARTESIAN_POINT('',(-5.313785632293E-1,1.291493002854E0,
9.262341437828E-1));
#11158=CARTESIAN_POINT('',(-9.740200393246E-1,1.251536814223E0,
4.376729515321E-1));
#11159=CARTESIAN_POINT('',(-1.045406724014E0,1.211580625591E0,
-2.177098500241E-1));
#11160=CARTESIAN_POINT('',(-7.183284095484E-1,1.171624436960E0,
-7.901134242247E-1));
#11161=CARTESIAN_POINT('',(-1.174558205031E-1,1.131668248329E0,
-1.061350145152E0));
#11162=CARTESIAN_POINT('',(5.281930169242E-1,1.091712059697E0,
-9.280800916642E-1));
#11163=CARTESIAN_POINT('',(9.724907066942E-1,1.051755871066E0,
-4.409360778059E-1));
#11164=CARTESIAN_POINT('',(1.021640376095E0,1.025118411978E0,
-4.451282992041E-3));
#11165=CARTESIAN_POINT('',(9.796916318951E-1,1.011799682434E0,
2.005101154422E-1));
#11166=B_SPLINE_SURFACE_WITH_KNOTS('',3,3,((#11026,#11027,#11028,#11029,#11030,
#11031,#11032,#11033,#11034,#11035,#11036,#11037,#11038,#11039,#11040,#11041,
#11042,#11043,#11044,#11045,#11046,#11047,#11048,#11049,#11050,#11051,#11052,
#11053,#11054,#11055,#11056,#11057,#11058,#11059,#11060),(#11061,#11062,#11063,
#11064,#11065,#11066,#11067,#11068,#11069,#11070,#11071,#11072,#11073,#11074,
#11075,#11076,#11077,#11078,#11079,#11080,#11081,#11082,#11083,#11084,#11085,
#11086,#11087,#11088,#11089,#11090,#11091,#11092,#11093,#11094,#11095),(#11096,
#11097,#11098,#11099,#11100,#11101,#11102,#11103,#11104,#11105,#11106,#11107,
#11108,#11109,#11110,#11111,#11112,#11113,#11114,#11115,#11116,#11117,#11118,
#11119,#11120,#11121,#11122,#11123,#11124,#11125,#11126,#11127,#11128,#11129,
#11130),(#11131,#11132,#11133,#11134,#11135,#11136,#11137,#11138,#11139,#11140,
#11141,#11142,#11143,#11144,#11145,#11146,#11147,#11148,#11149,#11150,#11151,
#11152,#11153,#11154,#11155,#11156,#11157,#11158,#11159,#11160,#11161,#11162,
#11163,#11164,#11165)),.UNSPECIFIED.,.F.,.F.,.F.,(4,4),(4,1,1,1,1,1,1,1,1,1,1,1,
1,1,1,1,1,1,1,1,1,1,1,1,1,1,1,1,1,1,1,1,4),(-1.517154300525E-1,
1.151715430053E0),(-1.999999999999E-2,1.250000000001E-2,4.500000000001E-2,
7.75E-2,1.1E-1,1.425E-1,1.75E-1,2.075E-1,2.4E-1,2.725E-1,3.05E-1,3.375E-1,
3.7E-1,4.025E-1,4.35E-1,4.675E-1,5.E-1,5.325E-1,5.65E-1,5.975E-1,6.3E-1,
6.625E-1,6.95E-1,7.275E-1,7.6E-1,7.925E-1,8.25E-1,8.575E-1,8.9E-1,9.225E-1,
9.55E-1,9.875E-1,1.02E0),.UNSPECIFIED.);
#11167=ORIENTED_EDGE('',*,*,#9756,.T.);
#11168=ORIENTED_EDGE('',*,*,#10383,.T.);
#11169=ORIENTED_EDGE('',*,*,#10710,.F.);
#11170=ORIENTED_EDGE('',*,*,#11015,.F.);
#11171=EDGE_LOOP('',(#11167,#11168,#11169,#11170));
#11172=FACE_OUTER_BOUND('',#11171,.F.);
#11174=CARTESIAN_POINT('',(0.E0,1.367611443452E-1,0.E0));
#11175=DIRECTION('',(0.E0,-1.E0,0.E0));
#11176=DIRECTION('',(1.E0,0.E0,0.E0));
#11177=AXIS2_PLACEMENT_3D('',#11174,#11175,#11176);
#11178=CONICAL_SURFACE('',#11177,9.747388556548E-1,4.5E1);
#11179=ORIENTED_EDGE('',*,*,#10863,.F.);
#11180=ORIENTED_EDGE('',*,*,#10559,.F.);
#11181=ORIENTED_EDGE('',*,*,#8709,.F.);
#11182=ORIENTED_EDGE('',*,*,#10556,.T.);
#11183=EDGE_LOOP('',(#11179,#11180,#11181,#11182));
#11184=FACE_OUTER_BOUND('',#11183,.F.);
#11186=CARTESIAN_POINT('',(1.5E0,0.E0,-1.5E0));
#11187=DIRECTION('',(0.E0,0.E0,-1.E0));
#11188=DIRECTION('',(-1.E0,0.E0,0.E0));
#11189=AXIS2_PLACEMENT_3D('',#11186,#11187,#11188);
#11190=PLANE('',#11189);
#11191=ORIENTED_EDGE('',*,*,#8734,.T.);
#11193=ORIENTED_EDGE('',*,*,#11192,.F.);
#11194=ORIENTED_EDGE('',*,*,#8699,.F.);
#11195=ORIENTED_EDGE('',*,*,#8721,.T.);
#11196=EDGE_LOOP('',(#11191,#11193,#11194,#11195));
#11197=FACE_OUTER_BOUND('',#11196,.F.);
#11199=CARTESIAN_POINT('',(-1.5E0,0.E0,-1.5E0));
#11200=DIRECTION('',(-1.E0,0.E0,0.E0));
#11201=DIRECTION('',(0.E0,0.E0,1.E0));
#11202=AXIS2_PLACEMENT_3D('',#11199,#11200,#11201);
#11203=PLANE('',#11202);
#11204=ORIENTED_EDGE('',*,*,#8739,.T.);
#11206=ORIENTED_EDGE('',*,*,#11205,.F.);
#11207=ORIENTED_EDGE('',*,*,#8701,.F.);
#11208=ORIENTED_EDGE('',*,*,#11192,.T.);
#11209=EDGE_LOOP('',(#11204,#11206,#11207,#11208));
#11210=FACE_OUTER_BOUND('',#11209,.F.);
#11212=CARTESIAN_POINT('',(-1.5E0,0.E0,1.5E0));
#11213=DIRECTION('',(0.E0,0.E0,1.E0));
#11214=DIRECTION('',(1.E0,0.E0,0.E0));
#11215=AXIS2_PLACEMENT_3D('',#11212,#11213,#11214);
#11216=PLANE('',#11215);
#11217=ORIENTED_EDGE('',*,*,#8737,.T.);
#11218=ORIENTED_EDGE('',*,*,#8724,.F.);
#11219=ORIENTED_EDGE('',*,*,#8703,.F.);
#11220=ORIENTED_EDGE('',*,*,#11205,.T.);
#11221=EDGE_LOOP('',(#11217,#11218,#11219,#11220));
#11222=FACE_OUTER_BOUND('',#11221,.F.);
#11224=CLOSED_SHELL('',(#8713,#8728,#8749,#8764,#8782,#8811,#8823,#8839,#8861,
#8873,#8892,#8903,#8913,#8923,#8938,#8955,#8967,#8988,#9147,#9162,#9177,#9193,
#9209,#9225,#9241,#9257,#9273,#9289,#9305,#9320,#9333,#9348,#9364,#9378,#9394,
#9408,#9424,#9440,#9454,#9610,#9761,#9912,#9926,#10078,#10233,#10389,#10544,
#10565,#10715,#10870,#11025,#11173,#11185,#11198,#11211,#11223));
#11225=CARTESIAN_POINT('',(0.E0,4.3885E0,0.E0));
#11226=DIRECTION('',(0.E0,1.E0,0.E0));
#11227=DIRECTION('',(-1.E0,0.E0,0.E0));
#11228=AXIS2_PLACEMENT_3D('',#11225,#11226,#11227);
#11230=CURVE_STYLE('',#15,POSITIVE_LENGTH_MEASURE(2.E-2),#5857);
#11231=PRESENTATION_STYLE_ASSIGNMENT((#11230));
#11232=STYLED_ITEM('',(#11231),#11229);
#11233=DIRECTION('',(0.E0,-1.E0,0.E0));
#11234=VECTOR('',#11233,4.277E0);
#11235=CARTESIAN_POINT('',(1.E0,4.3885E0,0.E0));
#11236=LINE('',#11235,#11234);
#11237=CURVE_STYLE('',#15,POSITIVE_LENGTH_MEASURE(2.E-2),#5857);
#11238=PRESENTATION_STYLE_ASSIGNMENT((#11237));
#11239=STYLED_ITEM('',(#11238),#11236);
#11240=CARTESIAN_POINT('',(0.E0,1.115E-1,0.E0));
#11241=DIRECTION('',(0.E0,-1.E0,0.E0));
#11242=DIRECTION('',(1.E0,0.E0,0.E0));
#11243=AXIS2_PLACEMENT_3D('',#11240,#11241,#11242);
#11245=CURVE_STYLE('',#15,POSITIVE_LENGTH_MEASURE(2.E-2),#5857);
#11246=PRESENTATION_STYLE_ASSIGNMENT((#11245));
#11247=STYLED_ITEM('',(#11246),#11244);
#11248=CARTESIAN_POINT('',(0.E0,4.3885E0,0.E0));
#11249=DIRECTION('',(0.E0,1.E0,0.E0));
#11250=DIRECTION('',(1.E0,0.E0,0.E0));
#11251=AXIS2_PLACEMENT_3D('',#11248,#11249,#11250);
#11253=CURVE_STYLE('',#15,POSITIVE_LENGTH_MEASURE(2.E-2),#5857);
#11254=PRESENTATION_STYLE_ASSIGNMENT((#11253));
#11255=STYLED_ITEM('',(#11254),#11252);
#11256=DIRECTION('',(0.E0,-1.E0,0.E0));
#11257=VECTOR('',#11256,4.277E0);
#11258=CARTESIAN_POINT('',(-1.E0,4.3885E0,0.E0));
#11259=LINE('',#11258,#11257);
#11260=CURVE_STYLE('',#15,POSITIVE_LENGTH_MEASURE(2.E-2),#5857);
#11261=PRESENTATION_STYLE_ASSIGNMENT((#11260));
#11262=STYLED_ITEM('',(#11261),#11259);
#11263=CARTESIAN_POINT('',(0.E0,1.115E-1,0.E0));
#11264=DIRECTION('',(0.E0,-1.E0,0.E0));
#11265=DIRECTION('',(-1.E0,0.E0,0.E0));
#11266=AXIS2_PLACEMENT_3D('',#11263,#11264,#11265);
#11268=CURVE_STYLE('',#15,POSITIVE_LENGTH_MEASURE(2.E-2),#5857);
#11269=PRESENTATION_STYLE_ASSIGNMENT((#11268));
#11270=STYLED_ITEM('',(#11269),#11267);
#11271=CARTESIAN_POINT('',(1.E0,1.115E-1,0.E0));
#11272=CARTESIAN_POINT('',(-1.E0,1.115E-1,0.E0));
#11273=VERTEX_POINT('',#11271);
#11274=VERTEX_POINT('',#11272);
#11275=CARTESIAN_POINT('',(1.E0,4.3885E0,0.E0));
#11276=CARTESIAN_POINT('',(-1.E0,4.3885E0,0.E0));
#11277=VERTEX_POINT('',#11275);
#11278=VERTEX_POINT('',#11276);
#11279=CARTESIAN_POINT('',(0.E0,4.95E0,0.E0));
#11280=DIRECTION('',(0.E0,-1.E0,0.E0));
#11281=DIRECTION('',(1.E0,0.E0,0.E0));
#11282=AXIS2_PLACEMENT_3D('',#11279,#11280,#11281);
#11283=CYLINDRICAL_SURFACE('',#11282,1.E0);
#11285=ORIENTED_EDGE('',*,*,#11284,.T.);
#11287=ORIENTED_EDGE('',*,*,#11286,.T.);
#11289=ORIENTED_EDGE('',*,*,#11288,.T.);
#11291=ORIENTED_EDGE('',*,*,#11290,.F.);
#11292=EDGE_LOOP('',(#11285,#11287,#11289,#11291));
#11293=FACE_OUTER_BOUND('',#11292,.F.);
#11295=CARTESIAN_POINT('',(0.E0,4.95E0,0.E0));
#11296=DIRECTION('',(0.E0,-1.E0,0.E0));
#11297=DIRECTION('',(1.E0,0.E0,0.E0));
#11298=AXIS2_PLACEMENT_3D('',#11295,#11296,#11297);
#11299=CYLINDRICAL_SURFACE('',#11298,1.E0);
#11301=ORIENTED_EDGE('',*,*,#11300,.T.);
#11302=ORIENTED_EDGE('',*,*,#11290,.T.);
#11304=ORIENTED_EDGE('',*,*,#11303,.T.);
#11305=ORIENTED_EDGE('',*,*,#11286,.F.);
#11306=EDGE_LOOP('',(#11301,#11302,#11304,#11305));
#11307=FACE_OUTER_BOUND('',#11306,.F.);
#11309=OPEN_SHELL('',(#11294,#11308));
#11310=FILL_AREA_STYLE_COLOUR('',#5857);
#11311=FILL_AREA_STYLE('',(#11310));
#11312=SURFACE_STYLE_FILL_AREA(#11311);
#11313=SURFACE_SIDE_STYLE('',(#11312));
#11314=SURFACE_STYLE_USAGE(.BOTH.,#11313);
#11315=PRESENTATION_STYLE_ASSIGNMENT((#11314));
#5858=STYLED_ITEM('',(#11315),#11309);
#11316=MANIFOLD_SOLID_BREP('',#11224);
#11317=FILL_AREA_STYLE_COLOUR('',#5857);
#11318=FILL_AREA_STYLE('',(#11317));
#11319=SURFACE_STYLE_FILL_AREA(#11318);
#11320=SURFACE_SIDE_STYLE('',(#11319));
#11321=SURFACE_STYLE_USAGE(.BOTH.,#11320);
#11322=PRESENTATION_STYLE_ASSIGNMENT((#11321));
#11323=STYLED_ITEM('',(#11322),#11316);
#11324=SHELL_BASED_SURFACE_MODEL('',(#11309));
#11326=DIMENSIONAL_EXPONENTS(0.E0,0.E0,0.E0,0.E0,0.E0,0.E0,0.E0);
#11328=PLANE_ANGLE_MEASURE_WITH_UNIT(PLANE_ANGLE_MEASURE(1.745329251994E-2),
#11327);
#11329=(CONVERSION_BASED_UNIT('DEGREE',#11328)NAMED_UNIT(*)PLANE_ANGLE_UNIT());
#11331=UNCERTAINTY_MEASURE_WITH_UNIT(LENGTH_MEASURE(6.321223393137E-4),#11325,
'closure',
'Maximum model space distance between geometric entities at asserted connectivities');
#11333=CARTESIAN_POINT('',(0.E0,0.E0,0.E0));
#11334=DIRECTION('',(0.E0,0.E0,1.E0));
#11335=DIRECTION('',(1.E0,0.E0,0.E0));
#11338=CARTESIAN_POINT('',(0.E0,0.E0,0.E0));
#11339=DIRECTION('',(0.E0,0.E0,1.E0));
#11340=DIRECTION('',(1.E0,0.E0,0.E0));
#11343=CARTESIAN_POINT('',(0.E0,0.E0,0.E0));
#11344=DIRECTION('',(0.E0,0.E0,1.E0));
#11345=DIRECTION('',(1.E0,0.E0,0.E0));
#11348=SHAPE_REPRESENTATION_RELATIONSHIP('','',#11347,#11337);
#11349=SHAPE_REPRESENTATION_RELATIONSHIP('','',#11347,#11342);
#11350=DESIGN_CONTEXT('',#4774,'design');
#11351=MECHANICAL_CONTEXT('',#4774,'mechanical');
#11352=PRODUCT('M80-210','M80-210','NOT SPECIFIED',(#11351));
#11353=PRODUCT_DEFINITION_FORMATION_WITH_SPECIFIED_SOURCE('14','LAST_VERSION',
#11352,.MADE.);
#11359=CARTESIAN_POINT('',(7.5E0,-2.2E0,0.E0));
#11360=DIRECTION('',(0.E0,0.E0,1.E0));
#11361=DIRECTION('',(1.E0,0.E0,0.E0));
#11362=AXIS2_PLACEMENT_3D('',#11359,#11360,#11361);
#11363=ITEM_DEFINED_TRANSFORMATION('','',#11346,#11362);
#11364=(REPRESENTATION_RELATIONSHIP('','',#11347,#4785)REPRESENTATION_RELATIONSHIP_WITH_TRANSFORMATION(#11363)SHAPE_REPRESENTATION_RELATIONSHIP());
#11365=CONTEXT_DEPENDENT_SHAPE_REPRESENTATION(#11364,#11358);
#11368=CARTESIAN_POINT('',(-7.5E0,-2.2E0,0.E0));
#11369=DIRECTION('',(0.E0,0.E0,1.E0));
#11370=DIRECTION('',(1.E0,0.E0,0.E0));
#11371=AXIS2_PLACEMENT_3D('',#11368,#11369,#11370);
#11372=ITEM_DEFINED_TRANSFORMATION('','',#11346,#11371);
#11373=(REPRESENTATION_RELATIONSHIP('','',#11347,#4785)REPRESENTATION_RELATIONSHIP_WITH_TRANSFORMATION(#11372)SHAPE_REPRESENTATION_RELATIONSHIP());
#11374=CONTEXT_DEPENDENT_SHAPE_REPRESENTATION(#11373,#11367);
#11376=DIMENSIONAL_EXPONENTS(0.E0,0.E0,0.E0,0.E0,0.E0,0.E0,0.E0);
#11378=PLANE_ANGLE_MEASURE_WITH_UNIT(PLANE_ANGLE_MEASURE(1.745329251994E-2),
#11377);
#11379=(CONVERSION_BASED_UNIT('DEGREE',#11378)NAMED_UNIT(*)PLANE_ANGLE_UNIT());
#11381=UNCERTAINTY_MEASURE_WITH_UNIT(LENGTH_MEASURE(2.269183130538E-3),#11375,
'closure',
'Maximum model space distance between geometric entities at asserted connectivities');
#11383=CARTESIAN_POINT('',(0.E0,0.E0,0.E0));
#11384=DIRECTION('',(0.E0,0.E0,1.E0));
#11385=DIRECTION('',(1.E0,0.E0,0.E0));
#11387=MECHANICAL_DESIGN_GEOMETRIC_PRESENTATION_REPRESENTATION('',(#18,#26,#34,
#42,#49,#56,#63,#70,#77,#85,#92,#99,#106,#113,#120,#127,#134,#141,#148,#155,
#162,#170,#177,#184,#191,#198,#205,#212,#219,#227,#235,#243,#251,#258,#265,#273,
#281,#288,#295,#302,#309,#316,#324,#331,#339,#346,#354,#361,#369,#376,#384,#391,
#399,#406,#414,#421,#429,#436,#443,#450,#457,#464,#471,#478,#485,#492,#499,#507,
#514,#521,#528,#535,#542,#549,#556,#563,#571,#578,#585,#592,#600,#607,#615,#622,
#630,#637,#645,#652,#660,#667,#675,#682,#690,#697,#705,#713,#721,#728,#735,#742,
#749,#756,#764,#772,#780,#788,#795,#802,#809,#816,#823,#830,#837,#844,#851,#858,
#865,#872,#879,#886,#893,#900,#907,#914,#921,#928,#935,#942,#949,#956,#963,#970,
#977,#984,#991,#998,#1005,#1012,#1019,#1026,#1033,#1040,#1047,#1054,#1061,#1068,
#1075,#1082,#1089,#1096,#1103,#1110,#1117,#1124,#1131,#1138,#1145,#1152,#1159,
#1166,#1173,#1180,#1187,#1194,#1201,#1208,#1215,#1222,#1229,#1236,#1243,#1250,
#1257,#1264,#1271,#1279,#1287,#1295,#1302,#1310,#1317,#1324,#1332,#1340,#1348,
#1356,#1364,#1372,#1380,#1388,#1396,#1404,#1412,#1420,#1428,#1436,#1444,#1452,
#1460,#1468,#1475,#1482,#1489,#1496,#1503,#1510,#1517,#1525,#1533,#1540,#1547,
#1554,#1562,#1569,#1577,#1584,#1592,#1600,#1607,#1614,#1622,#1629,#1637,#1644,
#1652,#1660,#1667,#1674,#1682,#1689,#1697,#1704,#1712,#1720,#1727,#1734,#1742,
#1749,#1757,#1764,#1772,#1780,#1787,#1794,#1802,#1809,#1817,#1824,#1832,#1840,
#1847,#1854,#1862,#1869,#1877,#1884,#1892,#1900,#1907,#1914,#1922,#1929,#1937,
#1944,#1952,#1960,#1967,#1974,#1982,#1989,#1997,#2004,#2012,#2020,#2027,#2034,
#2041,#2048,#2055,#2062,#2069,#2076,#2083,#2090,#2097,#2104,#2111,#2118,#2125,
#2132,#2139,#2146,#2153,#2160,#2167,#2174,#2181,#2188,#2196,#2203,#2211,#2218,
#2226,#2234,#2241,#2248,#2255,#2262,#2269,#2276,#2283,#2290,#2297,#2304,#2311,
#2318,#2325,#2332,#2339,#2346,#2353,#9,#4804,#4812,#4819,#4827,#4835,#4843,
#4851,#4859,#4867,#4875,#4883,#4891,#4899,#4906,#4913,#4921,#4929,#4937,#4944,
#4951,#4959,#4967,#4979,#4991,#5003,#5015,#5023,#5035,#5047,#5059,#5071,#5078,
#5085,#5093,#5100,#5108,#5115,#5122,#5130,#5137,#5144,#5151,#5159,#5167,#5175,
#5183,#5190,#5197,#5340,#5365,#5392,#5417,#5439,#4797,#5865,#5872,#5879,#5886,
#5893,#5900,#5908,#5916,#5924,#5931,#5938,#5945,#5952,#5959,#5966,#5974,#5981,
#5988,#5996,#6004,#6012,#6020,#6032,#6044,#6051,#6059,#6067,#6074,#6082,#6090,
#6102,#6114,#6131,#6148,#6156,#6163,#6171,#6178,#6186,#6194,#6209,#6217,#6236,
#6243,#6251,#6258,#6266,#6291,#6316,#6323,#6348,#6373,#6380,#6405,#6430,#6437,
#6462,#6487,#6494,#6519,#6544,#6551,#6576,#6601,#6608,#6633,#6658,#6665,#6690,
#6715,#6722,#6747,#6772,#6779,#6801,#6811,#6818,#6837,#6851,#6876,#6883,#6915,
#6936,#6961,#6975,#6994,#7001,#7023,#7034,#7059,#7066,#7091,#7116,#7123,#7148,
#7159,#7181,#7188,#7213,#7238,#7245,#7270,#7280,#7304,#7311,#7335,#7345,#7370,
#7377,#7402,#7427,#7434,#7441,#7448,#7571,#7668,#7676,#7684,#7707,#7799,#7922,
#7929,#8052,#8059,#8153,#8160,#8168,#8183,#8191,#8202,#8209,#8217,#8224,#8237,
#8326,#8333,#8340,#8347,#8354,#8477,#8503,#8511,#8518,#8525,#8532,#8539,#8546,
#8553,#11232,#11239,#11247,#11255,#11262,#11270,#5858,#11323),#11382);
#11388=MECHANICAL_CONTEXT('',#4774,'mechanical');
#11389=PRODUCT('M80-5002022_ASM','M80-5002022_ASM','NOT SPECIFIED',(#11388));
#11390=PRODUCT_DEFINITION_FORMATION_WITH_SPECIFIED_SOURCE('26','LAST_VERSION',
#11389,.MADE.);
#11392=PRODUCT_CATEGORY('part','');
#11393=PRODUCT_RELATED_PRODUCT_CATEGORY('assembly','',(#11389));
#11394=PRODUCT_CATEGORY_RELATIONSHIP('','',#11392,#11393);
#11395=PRODUCT_CATEGORY('part','');
#11396=PRODUCT_RELATED_PRODUCT_CATEGORY('detail','',(#4778,#5762,#11352));
#11397=PRODUCT_CATEGORY_RELATIONSHIP('','',#11395,#11396);
#11398=SECURITY_CLASSIFICATION_LEVEL('unclassified');
#11399=SECURITY_CLASSIFICATION('','',#11398);
#11400=CC_DESIGN_SECURITY_CLASSIFICATION(#11399,(#4779,#5763,#11353,#11390,
#4786,#5767,#5776,#5785,#5794,#5803,#5812,#5821,#5830,#5839,#5848,#11357,
#11366));
#11401=APPROVAL_STATUS('approved');
#11402=APPROVAL(#11401,'');
#11403=CC_DESIGN_APPROVAL(#11402,(#11399,#4779,#5763,#11353,#11390,#4780,#5764,
#11354,#11391));
#11404=CALENDAR_DATE(112,22,3);
#11405=COORDINATED_UNIVERSAL_TIME_OFFSET(0,0,.BEHIND.);
#11406=LOCAL_TIME(16,2,2.2E1,#11405);
#11407=DATE_AND_TIME(#11404,#11406);
#11408=APPROVAL_DATE_TIME(#11407,#11402);
#11409=DATE_TIME_ROLE('creation_date');
#11410=CC_DESIGN_DATE_AND_TIME_ASSIGNMENT(#11407,#11409,(#4780,#5764,#11354,
#11391));
#11411=DATE_TIME_ROLE('classification_date');
#11412=CC_DESIGN_DATE_AND_TIME_ASSIGNMENT(#11407,#11411,(#11399));
#11413=PERSON('UNSPECIFIED','UNSPECIFIED',$,$,$,$);
#11414=ORGANIZATION('UNSPECIFIED','UNSPECIFIED','UNSPECIFIED');
#11415=PERSON_AND_ORGANIZATION(#11413,#11414);
#11416=APPROVAL_ROLE('approver');
#11417=APPROVAL_PERSON_ORGANIZATION(#11415,#11402,#11416);
#11418=PERSON_AND_ORGANIZATION_ROLE('creator');
#11419=CC_DESIGN_PERSON_AND_ORGANIZATION_ASSIGNMENT(#11415,#11418,(#4779,#5763,
#11353,#11390,#4780,#5764,#11354,#11391));
#11420=PERSON_AND_ORGANIZATION_ROLE('design_supplier');
#11421=CC_DESIGN_PERSON_AND_ORGANIZATION_ASSIGNMENT(#11415,#11420,(#4779,#5763,
#11353,#11390));
#11422=PERSON_AND_ORGANIZATION_ROLE('classification_officer');
#11423=CC_DESIGN_PERSON_AND_ORGANIZATION_ASSIGNMENT(#11415,#11422,(#11399));
#11424=PERSON_AND_ORGANIZATION_ROLE('design_owner');
#11425=CC_DESIGN_PERSON_AND_ORGANIZATION_ASSIGNMENT(#11415,#11424,(#11389,#4778,
#5762,#11352));
#1=COLOUR_RGB('',1.28E-1,1.28E-1,1.28E-1);
#2=COLOUR_RGB('',1.88E-1,1.88E-1,1.88E-1);
#3=COLOUR_RGB('',4.6E-1,4.6E-1,4.6E-1);
#4=COLOUR_RGB('',4.84E-1,7.7E-2,7.4E-2);
#5=COLOUR_RGB('',8.04E-1,7.71E-1,6.03E-1);
#6=COLOUR_RGB('',9.6E-1,7.62E-1,1.67E-1);
#7=DRAUGHTING_PRE_DEFINED_COLOUR('white');
#8=COLOUR_RGB('',2.96117E-1,2.96117E-1,2.96117E-1);
#14=CIRCLE('',#13,1.625E0);
#23=CIRCLE('',#22,1.625E0);
#31=CIRCLE('',#30,1.625E0);
#39=CIRCLE('',#38,1.625E0);
#82=CIRCLE('',#81,2.5E0);
#167=CIRCLE('',#166,2.5E0);
#224=CIRCLE('',#223,1.625E0);
#232=CIRCLE('',#231,1.625E0);
#240=CIRCLE('',#239,1.5E0);
#248=CIRCLE('',#247,1.5E0);
#270=CIRCLE('',#269,1.5E0);
#278=CIRCLE('',#277,1.5E0);
#321=CIRCLE('',#320,1.E-1);
#336=CIRCLE('',#335,1.E-1);
#351=CIRCLE('',#350,1.E-1);
#366=CIRCLE('',#365,1.E-1);
#381=CIRCLE('',#380,1.E-1);
#396=CIRCLE('',#395,1.E-1);
#411=CIRCLE('',#410,1.E-1);
#426=CIRCLE('',#425,1.E-1);
#504=CIRCLE('',#503,2.5E0);
#568=CIRCLE('',#567,2.5E0);
#597=CIRCLE('',#596,1.E-1);
#612=CIRCLE('',#611,1.E-1);
#627=CIRCLE('',#626,1.E-1);
#642=CIRCLE('',#641,1.E-1);
#657=CIRCLE('',#656,1.E-1);
#672=CIRCLE('',#671,1.E-1);
#687=CIRCLE('',#686,1.E-1);
#702=CIRCLE('',#701,1.E-1);
#710=CIRCLE('',#709,1.5E0);
#718=CIRCLE('',#717,1.5E0);
#761=CIRCLE('',#760,1.625E0);
#769=CIRCLE('',#768,1.625E0);
#777=CIRCLE('',#776,1.5E0);
#785=CIRCLE('',#784,1.5E0);
#1276=CIRCLE('',#1275,4.35E-1);
#1284=CIRCLE('',#1283,2.55E-1);
#1292=CIRCLE('',#1291,4.35E-1);
#1307=CIRCLE('',#1306,2.55E-1);
#1329=CIRCLE('',#1328,2.55E-1);
#1337=CIRCLE('',#1336,2.55E-1);
#1345=CIRCLE('',#1344,2.55E-1);
#1353=CIRCLE('',#1352,2.55E-1);
#1361=CIRCLE('',#1360,2.55E-1);
#1369=CIRCLE('',#1368,2.55E-1);
#1377=CIRCLE('',#1376,2.55E-1);
#1385=CIRCLE('',#1384,2.55E-1);
#1393=CIRCLE('',#1392,2.55E-1);
#1401=CIRCLE('',#1400,2.55E-1);
#1409=CIRCLE('',#1408,2.55E-1);
#1417=CIRCLE('',#1416,2.55E-1);
#1425=CIRCLE('',#1424,2.55E-1);
#1433=CIRCLE('',#1432,2.55E-1);
#1441=CIRCLE('',#1440,2.55E-1);
#1449=CIRCLE('',#1448,2.55E-1);
#1457=CIRCLE('',#1456,2.55E-1);
#1465=CIRCLE('',#1464,2.55E-1);
#1522=CIRCLE('',#1521,2.55E-1);
#1530=CIRCLE('',#1529,2.55E-1);
#1559=CIRCLE('',#1558,4.35E-1);
#1574=CIRCLE('',#1573,2.55E-1);
#1589=CIRCLE('',#1588,4.35E-1);
#1597=CIRCLE('',#1596,2.55E-1);
#1619=CIRCLE('',#1618,4.35E-1);
#1634=CIRCLE('',#1633,2.55E-1);
#1649=CIRCLE('',#1648,4.35E-1);
#1657=CIRCLE('',#1656,2.55E-1);
#1679=CIRCLE('',#1678,4.35E-1);
#1694=CIRCLE('',#1693,2.55E-1);
#1709=CIRCLE('',#1708,4.35E-1);
#1717=CIRCLE('',#1716,2.55E-1);
#1739=CIRCLE('',#1738,4.35E-1);
#1754=CIRCLE('',#1753,2.55E-1);
#1769=CIRCLE('',#1768,4.35E-1);
#1777=CIRCLE('',#1776,2.55E-1);
#1799=CIRCLE('',#1798,4.35E-1);
#1814=CIRCLE('',#1813,2.55E-1);
#1829=CIRCLE('',#1828,4.35E-1);
#1837=CIRCLE('',#1836,2.55E-1);
#1859=CIRCLE('',#1858,4.35E-1);
#1874=CIRCLE('',#1873,2.55E-1);
#1889=CIRCLE('',#1888,4.35E-1);
#1897=CIRCLE('',#1896,2.55E-1);
#1919=CIRCLE('',#1918,4.35E-1);
#1934=CIRCLE('',#1933,2.55E-1);
#1949=CIRCLE('',#1948,4.35E-1);
#1957=CIRCLE('',#1956,2.55E-1);
#1979=CIRCLE('',#1978,4.35E-1);
#1994=CIRCLE('',#1993,2.55E-1);
#2009=CIRCLE('',#2008,4.35E-1);
#2017=CIRCLE('',#2016,2.55E-1);
#2193=CIRCLE('',#2192,4.35E-1);
#2208=CIRCLE('',#2207,2.55E-1);
#2223=CIRCLE('',#2222,4.35E-1);
#2231=CIRCLE('',#2230,2.55E-1);
#2771=EDGE_CURVE('',#2752,#2753,#46,.T.);
#2773=EDGE_CURVE('',#2753,#2755,#53,.T.);
#2775=EDGE_CURVE('',#2757,#2755,#60,.T.);
#2777=EDGE_CURVE('',#2757,#2658,#67,.T.);
#2779=EDGE_CURVE('',#2658,#2659,#74,.T.);
#2781=EDGE_CURVE('',#2659,#2661,#82,.T.);
#2783=EDGE_CURVE('',#2661,#2469,#89,.T.);
#2785=EDGE_CURVE('',#2469,#2466,#96,.T.);
#2787=EDGE_CURVE('',#2466,#2458,#103,.T.);
#2789=EDGE_CURVE('',#2458,#2459,#110,.T.);
#2791=EDGE_CURVE('',#2459,#2473,#117,.T.);
#2793=EDGE_CURVE('',#2473,#2487,#124,.T.);
#2795=EDGE_CURVE('',#2477,#2487,#131,.T.);
#2797=EDGE_CURVE('',#2476,#2477,#138,.T.);
#2799=EDGE_CURVE('',#2484,#2476,#145,.T.);
#2801=EDGE_CURVE('',#2484,#2489,#152,.T.);
#2803=EDGE_CURVE('',#2489,#2653,#159,.T.);
#2805=EDGE_CURVE('',#2653,#2655,#167,.T.);
#2807=EDGE_CURVE('',#2655,#2375,#174,.T.);
#2809=EDGE_CURVE('',#2375,#2373,#181,.T.);
#2811=EDGE_CURVE('',#2373,#2397,#188,.T.);
#2813=EDGE_CURVE('',#2393,#2397,#2108,.T.);
#2815=EDGE_CURVE('',#2379,#2393,#2087,.T.);
#2817=EDGE_CURVE('',#2378,#2379,#2073,.T.);
#2819=EDGE_CURVE('',#2385,#2378,#2052,.T.);
#2821=EDGE_CURVE('',#2389,#2385,#2024,.T.);
#2823=EDGE_CURVE('',#2371,#2389,#195,.T.);
#2825=EDGE_CURVE('',#2371,#2752,#202,.T.);
#2829=EDGE_CURVE('',#2712,#2713,#31,.T.);
#2831=EDGE_CURVE('',#2713,#2712,#39,.T.);
#2835=EDGE_CURVE('',#2450,#2451,#14,.T.);
#2837=EDGE_CURVE('',#2451,#2450,#23,.T.);
#2841=ADVANCED_FACE('',(#2828,#2834,#2840),#2770,.F.);
#2848=EDGE_CURVE('',#2451,#2447,#216,.T.);
#2850=EDGE_CURVE('',#2446,#2447,#224,.T.);
#2852=EDGE_CURVE('',#2450,#2446,#209,.T.);
#2856=ADVANCED_FACE('',(#2855),#2846,.F.);
#2864=EDGE_CURVE('',#2447,#2446,#232,.T.);
#2869=ADVANCED_FACE('',(#2868),#2861,.F.);
#2879=EDGE_CURVE('',#2454,#2455,#240,.T.);
#2881=EDGE_CURVE('',#2455,#2454,#248,.T.);
#2885=ADVANCED_FACE('',(#2878,#2884),#2874,.F.);
#2892=EDGE_CURVE('',#2455,#2443,#255,.T.);
#2894=EDGE_CURVE('',#2442,#2443,#270,.T.);
#2896=EDGE_CURVE('',#2454,#2442,#262,.T.);
#2900=ADVANCED_FACE('',(#2899),#2890,.F.);
#2908=EDGE_CURVE('',#2443,#2442,#278,.T.);
#2913=ADVANCED_FACE('',(#2912),#2905,.F.);
#2919=EDGE_CURVE('',#2677,#2673,#336,.T.);
#2921=EDGE_CURVE('',#2681,#2677,#285,.T.);
#2923=EDGE_CURVE('',#2689,#2681,#426,.T.);
#2925=EDGE_CURVE('',#2693,#2689,#292,.T.);
#2927=EDGE_CURVE('',#2697,#2693,#396,.T.);
#2929=EDGE_CURVE('',#2701,#2697,#299,.T.);
#2931=EDGE_CURVE('',#2679,#2701,#366,.T.);
#2933=EDGE_CURVE('',#2673,#2679,#306,.T.);
#2941=ADVANCED_FACE('',(#2936,#2940),#2918,.T.);
#2947=EDGE_CURVE('',#2672,#2673,#313,.T.);
#2949=EDGE_CURVE('',#2672,#2676,#321,.T.);
#2951=EDGE_CURVE('',#2676,#2677,#328,.T.);
#2956=ADVANCED_FACE('',(#2955),#2946,.F.);
#2964=EDGE_CURVE('',#2683,#2679,#358,.T.);
#2966=EDGE_CURVE('',#2672,#2683,#447,.T.);
#2970=ADVANCED_FACE('',(#2969),#2961,.F.);
#2976=EDGE_CURVE('',#2700,#2701,#343,.T.);
#2978=EDGE_CURVE('',#2700,#2683,#351,.T.);
#2984=ADVANCED_FACE('',(#2983),#2975,.F.);
#2990=EDGE_CURVE('',#2696,#2697,#388,.T.);
#2992=EDGE_CURVE('',#2700,#2696,#454,.T.);
#2998=ADVANCED_FACE('',(#2997),#2989,.F.);
#3004=EDGE_CURVE('',#2692,#2693,#373,.T.);
#3006=EDGE_CURVE('',#2692,#2696,#381,.T.);
#3012=ADVANCED_FACE('',(#3011),#3003,.F.);
#3018=EDGE_CURVE('',#2688,#2689,#418,.T.);
#3020=EDGE_CURVE('',#2692,#2688,#433,.T.);
#3026=ADVANCED_FACE('',(#3025),#3017,.F.);
#3032=EDGE_CURVE('',#2685,#2681,#403,.T.);
#3034=EDGE_CURVE('',#2685,#2688,#411,.T.);
#3040=ADVANCED_FACE('',(#3039),#3031,.F.);
#3047=EDGE_CURVE('',#2685,#2676,#440,.T.);
#3053=ADVANCED_FACE('',(#3052),#3045,.F.);
#3059=EDGE_CURVE('',#2494,#2481,#813,.T.);
#3061=EDGE_CURVE('',#2501,#2494,#489,.T.);
#3063=EDGE_CURVE('',#2665,#2501,#496,.T.);
#3065=EDGE_CURVE('',#2663,#2665,#504,.T.);
#3067=EDGE_CURVE('',#2491,#2663,#511,.T.);
#3069=EDGE_CURVE('',#2485,#2491,#518,.T.);
#3071=EDGE_CURVE('',#2485,#2480,#525,.T.);
#3073=EDGE_CURVE('',#2480,#2481,#532,.T.);
#3087=ADVANCED_FACE('',(#3076,#3086),#3058,.T.);
#3093=EDGE_CURVE('',#2463,#2498,#988,.T.);
#3095=EDGE_CURVE('',#2462,#2463,#539,.T.);
#3097=EDGE_CURVE('',#2467,#2462,#546,.T.);
#3099=EDGE_CURVE('',#2471,#2467,#553,.T.);
#3101=EDGE_CURVE('',#2669,#2471,#560,.T.);
#3103=EDGE_CURVE('',#2667,#2669,#568,.T.);
#3105=EDGE_CURVE('',#2503,#2667,#575,.T.);
#3107=EDGE_CURVE('',#2498,#2503,#582,.T.);
#3111=EDGE_CURVE('',#2729,#2725,#461,.T.);
#3113=EDGE_CURVE('',#2733,#2729,#702,.T.);
#3115=EDGE_CURVE('',#2737,#2733,#468,.T.);
#3117=EDGE_CURVE('',#2741,#2737,#672,.T.);
#3119=EDGE_CURVE('',#2745,#2741,#475,.T.);
#3121=EDGE_CURVE('',#2749,#2745,#642,.T.);
#3123=EDGE_CURVE('',#2721,#2749,#482,.T.);
#3125=EDGE_CURVE('',#2725,#2721,#612,.T.);
#3129=ADVANCED_FACE('',(#3110,#3128),#3092,.T.);
#3135=EDGE_CURVE('',#2723,#2725,#604,.T.);
#3137=EDGE_CURVE('',#2728,#2723,#746,.T.);
#3139=EDGE_CURVE('',#2728,#2729,#679,.T.);
#3144=ADVANCED_FACE('',(#3143),#3134,.T.);
#3150=EDGE_CURVE('',#2720,#2721,#589,.T.);
#3152=EDGE_CURVE('',#2720,#2723,#597,.T.);
#3158=ADVANCED_FACE('',(#3157),#3149,.F.);
#3166=EDGE_CURVE('',#2747,#2749,#634,.T.);
#3168=EDGE_CURVE('',#2720,#2747,#725,.T.);
#3172=ADVANCED_FACE('',(#3171),#3163,.T.);
#3178=EDGE_CURVE('',#2744,#2745,#619,.T.);
#3180=EDGE_CURVE('',#2744,#2747,#627,.T.);
#3186=ADVANCED_FACE('',(#3185),#3177,.F.);
#3192=EDGE_CURVE('',#2739,#2741,#664,.T.);
#3194=EDGE_CURVE('',#2744,#2739,#732,.T.);
#3200=ADVANCED_FACE('',(#3199),#3191,.T.);
#3206=EDGE_CURVE('',#2736,#2737,#649,.T.);
#3208=EDGE_CURVE('',#2736,#2739,#657,.T.);
#3214=ADVANCED_FACE('',(#3213),#3205,.F.);
#3220=EDGE_CURVE('',#2731,#2733,#694,.T.);
#3222=EDGE_CURVE('',#2736,#2731,#739,.T.);
#3228=ADVANCED_FACE('',(#3227),#3219,.T.);
#3235=EDGE_CURVE('',#2728,#2731,#687,.T.);
#3241=ADVANCED_FACE('',(#3240),#3233,.F.);
#3257=EDGE_CURVE('',#2704,#2705,#710,.T.);
#3259=EDGE_CURVE('',#2705,#2704,#718,.T.);
#3263=ADVANCED_FACE('',(#3256,#3262),#3246,.F.);
#3269=EDGE_CURVE('',#2716,#2717,#777,.T.);
#3271=EDGE_CURVE('',#2717,#2705,#753,.T.);
#3274=EDGE_CURVE('',#2716,#2704,#806,.T.);
#3278=ADVANCED_FACE('',(#3277),#3268,.F.);
#3284=EDGE_CURVE('',#2708,#2709,#761,.T.);
#3286=EDGE_CURVE('',#2709,#2708,#769,.T.);
#3291=EDGE_CURVE('',#2717,#2716,#785,.T.);
#3295=ADVANCED_FACE('',(#3289,#3294),#3283,.T.);
#3302=EDGE_CURVE('',#2712,#2708,#792,.T.);
#3305=EDGE_CURVE('',#2713,#2709,#799,.T.);
#3309=ADVANCED_FACE('',(#3308),#3300,.F.);
#3321=ADVANCED_FACE('',(#3320),#3314,.F.);
#3333=ADVANCED_FACE('',(#3332),#3326,.F.);
#3339=EDGE_CURVE('',#2487,#2507,#883,.T.);
#3341=EDGE_CURVE('',#2495,#2507,#1226,.T.);
#3343=EDGE_CURVE('',#2494,#2495,#1044,.T.);
#3346=EDGE_CURVE('',#2477,#2481,#820,.T.);
#3351=ADVANCED_FACE('',(#3350),#3338,.F.);
#3357=EDGE_CURVE('',#2466,#2467,#827,.T.);
#3360=EDGE_CURVE('',#2469,#2471,#834,.T.);
#3365=ADVANCED_FACE('',(#3364),#3356,.T.);
#3371=EDGE_CURVE('',#2484,#2485,#841,.T.);
#3374=EDGE_CURVE('',#2489,#2491,#2322,.T.);
#3379=ADVANCED_FACE('',(#3378),#3370,.T.);
#3385=EDGE_CURVE('',#2650,#2630,#848,.T.);
#3387=EDGE_CURVE('',#2643,#2650,#855,.T.);
#3389=EDGE_CURVE('',#2642,#2643,#862,.T.);
#3391=EDGE_CURVE('',#2646,#2642,#869,.T.);
#3393=EDGE_CURVE('',#2507,#2646,#876,.T.);
#3397=EDGE_CURVE('',#2473,#2505,#890,.T.);
#3399=EDGE_CURVE('',#2602,#2505,#897,.T.);
#3401=EDGE_CURVE('',#2595,#2602,#904,.T.);
#3403=EDGE_CURVE('',#2594,#2595,#911,.T.);
#3405=EDGE_CURVE('',#2598,#2594,#918,.T.);
#3407=EDGE_CURVE('',#2618,#2598,#925,.T.);
#3409=EDGE_CURVE('',#2611,#2618,#932,.T.);
#3411=EDGE_CURVE('',#2610,#2611,#939,.T.);
#3413=EDGE_CURVE('',#2614,#2610,#946,.T.);
#3415=EDGE_CURVE('',#2634,#2614,#953,.T.);
#3417=EDGE_CURVE('',#2627,#2634,#960,.T.);
#3419=EDGE_CURVE('',#2626,#2627,#967,.T.);
#3421=EDGE_CURVE('',#2630,#2626,#974,.T.);
#3425=ADVANCED_FACE('',(#3424),#3384,.T.);
#3433=EDGE_CURVE('',#2458,#2462,#981,.T.);
#3438=ADVANCED_FACE('',(#3437),#3430,.T.);
#3447=EDGE_CURVE('',#2459,#2463,#1002,.T.);
#3451=ADVANCED_FACE('',(#3450),#3443,.T.);
#3458=EDGE_CURVE('',#2498,#2499,#1184,.T.);
#3460=EDGE_CURVE('',#2499,#2505,#995,.T.);
#3467=ADVANCED_FACE('',(#3466),#3456,.T.);
#3473=EDGE_CURVE('',#2752,#2759,#1009,.T.);
#3476=EDGE_CURVE('',#2371,#2369,#1016,.T.);
#3478=EDGE_CURVE('',#2368,#2369,#1023,.T.);
#3480=EDGE_CURVE('',#2373,#2368,#1030,.T.);
#3483=EDGE_CURVE('',#2375,#2501,#1037,.T.);
#3487=EDGE_CURVE('',#2495,#2647,#1051,.T.);
#3489=EDGE_CURVE('',#2647,#2638,#1058,.T.);
#3491=EDGE_CURVE('',#2638,#2639,#1065,.T.);
#3493=EDGE_CURVE('',#2639,#2651,#1072,.T.);
#3495=EDGE_CURVE('',#2651,#2631,#1079,.T.);
#3497=EDGE_CURVE('',#2631,#2622,#1086,.T.);
#3499=EDGE_CURVE('',#2622,#2623,#1093,.T.);
#3501=EDGE_CURVE('',#2623,#2635,#1100,.T.);
#3503=EDGE_CURVE('',#2635,#2615,#1107,.T.);
#3505=EDGE_CURVE('',#2615,#2606,#1114,.T.);
#3507=EDGE_CURVE('',#2606,#2607,#1121,.T.);
#3509=EDGE_CURVE('',#2607,#2619,#1128,.T.);
#3511=EDGE_CURVE('',#2619,#2599,#1135,.T.);
#3513=EDGE_CURVE('',#2599,#2590,#1142,.T.);
#3515=EDGE_CURVE('',#2590,#2591,#1149,.T.);
#3517=EDGE_CURVE('',#2591,#2603,#1156,.T.);
#3519=EDGE_CURVE('',#2603,#2759,#1163,.T.);
#3523=ADVANCED_FACE('',(#3522),#3472,.T.);
#3529=EDGE_CURVE('',#2757,#2761,#1170,.T.);
#3531=EDGE_CURVE('',#2761,#2499,#1177,.T.);
#3535=EDGE_CURVE('',#2658,#2503,#2329,.T.);
#3540=ADVANCED_FACE('',(#3539),#3528,.T.);
#3548=EDGE_CURVE('',#2759,#2763,#1247,.T.);
#3550=EDGE_CURVE('',#2753,#2763,#2301,.T.);
#3554=ADVANCED_FACE('',(#3553),#3545,.F.);
#3560=EDGE_CURVE('',#2618,#2619,#1191,.T.);
#3563=EDGE_CURVE('',#2598,#2599,#1198,.T.);
#3568=EDGE_CURVE('',#2558,#2559,#1709,.T.);
#3570=EDGE_CURVE('',#2559,#2558,#1679,.T.);
#3574=EDGE_CURVE('',#2518,#2519,#2009,.T.);
#3576=EDGE_CURVE('',#2519,#2518,#1979,.T.);
#3580=ADVANCED_FACE('',(#3567,#3573,#3579),#3559,.F.);
#3586=EDGE_CURVE('',#2634,#2635,#1205,.T.);
#3589=EDGE_CURVE('',#2614,#2615,#1212,.T.);
#3594=EDGE_CURVE('',#2566,#2567,#1649,.T.);
#3596=EDGE_CURVE('',#2567,#2566,#1619,.T.);
#3600=EDGE_CURVE('',#2526,#2527,#1949,.T.);
#3602=EDGE_CURVE('',#2527,#2526,#1919,.T.);
#3606=ADVANCED_FACE('',(#3593,#3599,#3605),#3585,.F.);
#3612=EDGE_CURVE('',#2646,#2647,#1219,.T.);
#3619=EDGE_CURVE('',#2582,#2583,#1276,.T.);
#3621=EDGE_CURVE('',#2583,#2582,#1292,.T.);
#3625=EDGE_CURVE('',#2542,#2543,#1829,.T.);
#3627=EDGE_CURVE('',#2543,#2542,#1799,.T.);
#3631=ADVANCED_FACE('',(#3618,#3624,#3630),#3611,.F.);
#3637=EDGE_CURVE('',#2650,#2651,#1233,.T.);
#3640=EDGE_CURVE('',#2630,#2631,#1240,.T.);
#3645=EDGE_CURVE('',#2574,#2575,#1589,.T.);
#3647=EDGE_CURVE('',#2575,#2574,#1559,.T.);
#3651=EDGE_CURVE('',#2534,#2535,#1889,.T.);
#3653=EDGE_CURVE('',#2535,#2534,#1859,.T.);
#3657=ADVANCED_FACE('',(#3644,#3650,#3656),#3636,.F.);
#3665=EDGE_CURVE('',#2602,#2603,#1254,.T.);
#3670=EDGE_CURVE('',#2761,#2765,#1261,.T.);
#3672=EDGE_CURVE('',#2763,#2765,#1268,.T.);
#3676=EDGE_CURVE('',#2550,#2551,#1769,.T.);
#3678=EDGE_CURVE('',#2551,#2550,#1739,.T.);
#3682=EDGE_CURVE('',#2510,#2511,#2223,.T.);
#3684=EDGE_CURVE('',#2511,#2510,#2193,.T.);
#3688=ADVANCED_FACE('',(#3675,#3681,#3687),#3662,.F.);
#3695=EDGE_CURVE('',#2582,#2586,#1314,.T.);
#3697=EDGE_CURVE('',#2586,#2587,#1284,.T.);
#3699=EDGE_CURVE('',#2583,#2587,#1299,.T.);
#3703=ADVANCED_FACE('',(#3702),#3693,.F.);
#3711=EDGE_CURVE('',#2587,#2586,#1307,.T.);
#3716=ADVANCED_FACE('',(#3715),#3708,.F.);
#3722=EDGE_CURVE('',#2439,#2438,#1337,.T.);
#3724=EDGE_CURVE('',#2438,#2586,#1537,.T.);
#3727=EDGE_CURVE('',#2439,#2587,#1321,.T.);
#3731=ADVANCED_FACE('',(#3730),#3721,.F.);
#3738=EDGE_CURVE('',#2369,#2356,#1472,.T.);
#3740=EDGE_CURVE('',#2356,#2357,#1479,.T.);
#3742=EDGE_CURVE('',#2357,#2359,#1486,.T.);
#3744=EDGE_CURVE('',#2359,#2361,#1493,.T.);
#3746=EDGE_CURVE('',#2361,#2363,#1500,.T.);
#3748=EDGE_CURVE('',#2363,#2365,#1507,.T.);
#3750=EDGE_CURVE('',#2365,#2368,#1514,.T.);
#3754=EDGE_CURVE('',#2434,#2435,#1345,.T.);
#3756=EDGE_CURVE('',#2435,#2434,#1353,.T.);
#3760=EDGE_CURVE('',#2430,#2431,#1361,.T.);
#3762=EDGE_CURVE('',#2431,#2430,#1369,.T.);
#3766=EDGE_CURVE('',#2426,#2427,#1377,.T.);
#3768=EDGE_CURVE('',#2427,#2426,#1385,.T.);
#3772=EDGE_CURVE('',#2422,#2423,#1393,.T.);
#3774=EDGE_CURVE('',#2423,#2422,#1401,.T.);
#3778=EDGE_CURVE('',#2418,#2419,#1409,.T.);
#3780=EDGE_CURVE('',#2419,#2418,#1417,.T.);
#3784=EDGE_CURVE('',#2414,#2415,#1425,.T.);
#3786=EDGE_CURVE('',#2415,#2414,#1433,.T.);
#3790=EDGE_CURVE('',#2410,#2411,#1441,.T.);
#3792=EDGE_CURVE('',#2411,#2410,#1449,.T.);
#3796=EDGE_CURVE('',#2406,#2407,#1457,.T.);
#3798=EDGE_CURVE('',#2407,#2406,#1465,.T.);
#3802=EDGE_CURVE('',#2438,#2439,#1329,.T.);
#3807=EDGE_CURVE('',#2402,#2403,#1522,.T.);
#3809=EDGE_CURVE('',#2403,#2402,#1530,.T.);
#3813=ADVANCED_FACE('',(#3753,#3759,#3765,#3771,#3777,#3783,#3789,#3795,#3801,
#3806,#3812),#3736,.F.);
#3825=ADVANCED_FACE('',(#3824),#3818,.F.);
#3832=EDGE_CURVE('',#2435,#2579,#1551,.T.);
#3834=EDGE_CURVE('',#2578,#2579,#1597,.T.);
#3836=EDGE_CURVE('',#2434,#2578,#1544,.T.);
#3840=ADVANCED_FACE('',(#3839),#3830,.F.);
#3848=EDGE_CURVE('',#2579,#2578,#1574,.T.);
#3853=ADVANCED_FACE('',(#3852),#3845,.F.);
#3860=EDGE_CURVE('',#2575,#2579,#1566,.T.);
#3863=EDGE_CURVE('',#2574,#2578,#1581,.T.);
#3867=ADVANCED_FACE('',(#3866),#3858,.F.);
#3879=ADVANCED_FACE('',(#3878),#3872,.F.);
#3886=EDGE_CURVE('',#2431,#2571,#1611,.T.);
#3888=EDGE_CURVE('',#2570,#2571,#1657,.T.);
#3890=EDGE_CURVE('',#2430,#2570,#1604,.T.);
#3894=ADVANCED_FACE('',(#3893),#3884,.F.);
#3902=EDGE_CURVE('',#2571,#2570,#1634,.T.);
#3907=ADVANCED_FACE('',(#3906),#3899,.F.);
#3914=EDGE_CURVE('',#2567,#2571,#1626,.T.);
#3917=EDGE_CURVE('',#2566,#2570,#1641,.T.);
#3921=ADVANCED_FACE('',(#3920),#3912,.F.);
#3933=ADVANCED_FACE('',(#3932),#3926,.F.);
#3940=EDGE_CURVE('',#2427,#2563,#1671,.T.);
#3942=EDGE_CURVE('',#2562,#2563,#1717,.T.);
#3944=EDGE_CURVE('',#2426,#2562,#1664,.T.);
#3948=ADVANCED_FACE('',(#3947),#3938,.F.);
#3956=EDGE_CURVE('',#2563,#2562,#1694,.T.);
#3961=ADVANCED_FACE('',(#3960),#3953,.F.);
#3968=EDGE_CURVE('',#2559,#2563,#1686,.T.);
#3971=EDGE_CURVE('',#2558,#2562,#1701,.T.);
#3975=ADVANCED_FACE('',(#3974),#3966,.F.);
#3987=ADVANCED_FACE('',(#3986),#3980,.F.);
#3994=EDGE_CURVE('',#2423,#2555,#1731,.T.);
#3996=EDGE_CURVE('',#2554,#2555,#1777,.T.);
#3998=EDGE_CURVE('',#2422,#2554,#1724,.T.);
#4002=ADVANCED_FACE('',(#4001),#3992,.F.);
#4010=EDGE_CURVE('',#2555,#2554,#1754,.T.);
#4015=ADVANCED_FACE('',(#4014),#4007,.F.);
#4022=EDGE_CURVE('',#2551,#2555,#1746,.T.);
#4025=EDGE_CURVE('',#2550,#2554,#1761,.T.);
#4029=ADVANCED_FACE('',(#4028),#4020,.F.);
#4041=ADVANCED_FACE('',(#4040),#4034,.F.);
#4048=EDGE_CURVE('',#2419,#2547,#1791,.T.);
#4050=EDGE_CURVE('',#2546,#2547,#1837,.T.);
#4052=EDGE_CURVE('',#2418,#2546,#1784,.T.);
#4056=ADVANCED_FACE('',(#4055),#4046,.F.);
#4064=EDGE_CURVE('',#2547,#2546,#1814,.T.);
#4069=ADVANCED_FACE('',(#4068),#4061,.F.);
#4076=EDGE_CURVE('',#2543,#2547,#1806,.T.);
#4079=EDGE_CURVE('',#2542,#2546,#1821,.T.);
#4083=ADVANCED_FACE('',(#4082),#4074,.F.);
#4095=ADVANCED_FACE('',(#4094),#4088,.F.);
#4102=EDGE_CURVE('',#2415,#2539,#1851,.T.);
#4104=EDGE_CURVE('',#2538,#2539,#1897,.T.);
#4106=EDGE_CURVE('',#2414,#2538,#1844,.T.);
#4110=ADVANCED_FACE('',(#4109),#4100,.F.);
#4118=EDGE_CURVE('',#2539,#2538,#1874,.T.);
#4123=ADVANCED_FACE('',(#4122),#4115,.F.);
#4130=EDGE_CURVE('',#2535,#2539,#1866,.T.);
#4133=EDGE_CURVE('',#2534,#2538,#1881,.T.);
#4137=ADVANCED_FACE('',(#4136),#4128,.F.);
#4149=ADVANCED_FACE('',(#4148),#4142,.F.);
#4156=EDGE_CURVE('',#2411,#2531,#1911,.T.);
#4158=EDGE_CURVE('',#2530,#2531,#1957,.T.);
#4160=EDGE_CURVE('',#2410,#2530,#1904,.T.);
#4164=ADVANCED_FACE('',(#4163),#4154,.F.);
#4172=EDGE_CURVE('',#2531,#2530,#1934,.T.);
#4177=ADVANCED_FACE('',(#4176),#4169,.F.);
#4184=EDGE_CURVE('',#2527,#2531,#1926,.T.);
#4187=EDGE_CURVE('',#2526,#2530,#1941,.T.);
#4191=ADVANCED_FACE('',(#4190),#4182,.F.);
#4203=ADVANCED_FACE('',(#4202),#4196,.F.);
#4210=EDGE_CURVE('',#2407,#2523,#1971,.T.);
#4212=EDGE_CURVE('',#2522,#2523,#2017,.T.);
#4214=EDGE_CURVE('',#2406,#2522,#1964,.T.);
#4218=ADVANCED_FACE('',(#4217),#4208,.F.);
#4226=EDGE_CURVE('',#2523,#2522,#1994,.T.);
#4231=ADVANCED_FACE('',(#4230),#4223,.F.);
#4238=EDGE_CURVE('',#2519,#2523,#1986,.T.);
#4241=EDGE_CURVE('',#2518,#2522,#2001,.T.);
#4245=ADVANCED_FACE('',(#4244),#4236,.F.);
#4257=ADVANCED_FACE('',(#4256),#4250,.F.);
#4264=EDGE_CURVE('',#2389,#2391,#2045,.T.);
#4266=EDGE_CURVE('',#2356,#2391,#2171,.T.);
#4272=ADVANCED_FACE('',(#4271),#4262,.F.);
#4279=EDGE_CURVE('',#2385,#2387,#2031,.T.);
#4281=EDGE_CURVE('',#2391,#2387,#2038,.T.);
#4286=ADVANCED_FACE('',(#4285),#4277,.F.);
#4293=EDGE_CURVE('',#2378,#2382,#2059,.T.);
#4295=EDGE_CURVE('',#2387,#2382,#2066,.T.);
#4300=ADVANCED_FACE('',(#4299),#4291,.F.);
#4307=EDGE_CURVE('',#2379,#2383,#2101,.T.);
#4309=EDGE_CURVE('',#2382,#2383,#2080,.T.);
#4314=ADVANCED_FACE('',(#4313),#4305,.F.);
#4321=EDGE_CURVE('',#2393,#2395,#2129,.T.);
#4323=EDGE_CURVE('',#2383,#2395,#2094,.T.);
#4328=ADVANCED_FACE('',(#4327),#4319,.F.);
#4335=EDGE_CURVE('',#2397,#2399,#2115,.T.);
#4337=EDGE_CURVE('',#2395,#2399,#2122,.T.);
#4342=ADVANCED_FACE('',(#4341),#4333,.F.);
#4351=EDGE_CURVE('',#2365,#2399,#2136,.T.);
#4356=ADVANCED_FACE('',(#4355),#4347,.F.);
#4365=EDGE_CURVE('',#2363,#2395,#2143,.T.);
#4369=ADVANCED_FACE('',(#4368),#4361,.F.);
#4378=EDGE_CURVE('',#2361,#2383,#2150,.T.);
#4382=ADVANCED_FACE('',(#4381),#4374,.F.);
#4391=EDGE_CURVE('',#2359,#2382,#2157,.T.);
#4395=ADVANCED_FACE('',(#4394),#4387,.F.);
#4404=EDGE_CURVE('',#2357,#2387,#2164,.T.);
#4408=ADVANCED_FACE('',(#4407),#4400,.F.);
#4420=ADVANCED_FACE('',(#4419),#4413,.F.);
#4427=EDGE_CURVE('',#2403,#2515,#2185,.T.);
#4429=EDGE_CURVE('',#2514,#2515,#2231,.T.);
#4431=EDGE_CURVE('',#2402,#2514,#2178,.T.);
#4435=ADVANCED_FACE('',(#4434),#4425,.F.);
#4443=EDGE_CURVE('',#2515,#2514,#2208,.T.);
#4448=ADVANCED_FACE('',(#4447),#4440,.F.);
#4455=EDGE_CURVE('',#2511,#2515,#2200,.T.);
#4458=EDGE_CURVE('',#2510,#2514,#2215,.T.);
#4462=ADVANCED_FACE('',(#4461),#4453,.F.);
#4474=ADVANCED_FACE('',(#4473),#4467,.F.);
#4482=EDGE_CURVE('',#2607,#2611,#2238,.T.);
#4487=ADVANCED_FACE('',(#4486),#4479,.T.);
#4494=EDGE_CURVE('',#2606,#2610,#2245,.T.);
#4500=ADVANCED_FACE('',(#4499),#4492,.T.);
#4512=ADVANCED_FACE('',(#4511),#4505,.T.);
#4520=EDGE_CURVE('',#2590,#2594,#2252,.T.);
#4525=ADVANCED_FACE('',(#4524),#4517,.T.);
#4534=EDGE_CURVE('',#2591,#2595,#2259,.T.);
#4538=ADVANCED_FACE('',(#4537),#4530,.T.);
#4550=ADVANCED_FACE('',(#4549),#4543,.T.);
#4558=EDGE_CURVE('',#2623,#2627,#2266,.T.);
#4563=ADVANCED_FACE('',(#4562),#4555,.T.);
#4570=EDGE_CURVE('',#2622,#2626,#2273,.T.);
#4576=ADVANCED_FACE('',(#4575),#4568,.T.);
#4588=ADVANCED_FACE('',(#4587),#4581,.T.);
#4596=EDGE_CURVE('',#2638,#2642,#2280,.T.);
#4601=ADVANCED_FACE('',(#4600),#4593,.T.);
#4610=EDGE_CURVE('',#2639,#2643,#2287,.T.);
#4614=ADVANCED_FACE('',(#4613),#4606,.T.);
#4626=ADVANCED_FACE('',(#4625),#4619,.T.);
#4633=EDGE_CURVE('',#2755,#2765,#2294,.T.);
#4639=ADVANCED_FACE('',(#4638),#4631,.F.);
#4651=ADVANCED_FACE('',(#4650),#4644,.F.);
#4658=EDGE_CURVE('',#2655,#2665,#2308,.T.);
#4664=ADVANCED_FACE('',(#4663),#4656,.T.);
#4671=EDGE_CURVE('',#2653,#2663,#2315,.T.);
#4677=ADVANCED_FACE('',(#4676),#4669,.T.);
#4689=ADVANCED_FACE('',(#4688),#4682,.T.);
#4698=EDGE_CURVE('',#2659,#2667,#2336,.T.);
#4702=ADVANCED_FACE('',(#4701),#4694,.T.);
#4711=EDGE_CURVE('',#2661,#2669,#2343,.T.);
#4715=ADVANCED_FACE('',(#4714),#4707,.T.);
#4727=ADVANCED_FACE('',(#4726),#4720,.T.);
#4735=EDGE_CURVE('',#2476,#2480,#2350,.T.);
#4740=ADVANCED_FACE('',(#4739),#4732,.F.);
#4752=ADVANCED_FACE('',(#4751),#4745,.F.);
#4761=(LENGTH_UNIT()NAMED_UNIT(*)SI_UNIT(.MILLI.,.METRE.));
#4763=(NAMED_UNIT(*)PLANE_ANGLE_UNIT()SI_UNIT($,.RADIAN.));
#4766=(NAMED_UNIT(*)SI_UNIT($,.STERADIAN.)SOLID_ANGLE_UNIT());
#4768=(GEOMETRIC_REPRESENTATION_CONTEXT(3)GLOBAL_UNCERTAINTY_ASSIGNED_CONTEXT((
#4767))GLOBAL_UNIT_ASSIGNED_CONTEXT((#4761,#4765,#4766))REPRESENTATION_CONTEXT(
'ID1','3'));
#4772=AXIS2_PLACEMENT_3D('',#4769,#4770,#4771);
#4773=ADVANCED_BREP_SHAPE_REPRESENTATION('',(#4772,#4754),#4768);
#4780=PRODUCT_DEFINITION('design','',#4779,#4776);
#4781=PRODUCT_DEFINITION_SHAPE('','SHAPE FOR M80-2702098.',#4780);
#4782=SHAPE_DEFINITION_REPRESENTATION(#4781,#4773);
#4783=SHAPE_DEFINITION_REPRESENTATION(#4784,#4785);
#4784=PRODUCT_DEFINITION_SHAPE('','SHAPE FOR M80-5002022_ASM.',#11391);
#4785=SHAPE_REPRESENTATION('',(#4791,#5772,#5781,#5790,#5799,#5808,#5817,#5826,
#5835,#5844,#5853,#11362,#11371,#11386),#11382);
#4786=NEXT_ASSEMBLY_USAGE_OCCURRENCE('733','Next assembly relationship',
'M80-2702098',#11391,#4780,$);
#4787=PRODUCT_DEFINITION_SHAPE('Placement #733',
'Placement of M80-2702098 with respect to M80-5002022_ASM',#4786);
#4795=COLOUR_RGB('',8.47059E-1,8.47059E-1,8.47059E-1);
#4796=COLOUR_RGB('',1.E0,8.07843E-1,4.58824E-1);
#4809=CIRCLE('',#4808,2.47E-1);
#4824=CIRCLE('',#4823,2.47E-1);
#4832=CIRCLE('',#4831,2.47E-1);
#4840=CIRCLE('',#4839,2.49E-1);
#4848=CIRCLE('',#4847,2.49E-1);
#4856=CIRCLE('',#4855,2.47E-1);
#4864=CIRCLE('',#4863,2.47E-1);
#4872=CIRCLE('',#4871,2.47E-1);
#4880=CIRCLE('',#4879,2.47E-1);
#4888=CIRCLE('',#4887,2.47E-1);
#4896=CIRCLE('',#4895,2.47E-1);
#4918=CIRCLE('',#4917,2.49E-1);
#4926=CIRCLE('',#4925,2.49E-1);
#4934=CIRCLE('',#4933,1.511547005384E-1);
#4956=CIRCLE('',#4955,1.511547005384E-1);
#4964=CIRCLE('',#4963,2.47E-1);
#4976=B_SPLINE_CURVE_WITH_KNOTS('',3,(#4968,#4969,#4970,#4971,#4972,#4973,#4974,
#4975),.UNSPECIFIED.,.F.,.F.,(4,1,1,1,1,4),(0.E0,2.E-1,4.E-1,6.E-1,8.E-1,1.E0),
.UNSPECIFIED.);
#4988=B_SPLINE_CURVE_WITH_KNOTS('',3,(#4980,#4981,#4982,#4983,#4984,#4985,#4986,
#4987),.UNSPECIFIED.,.F.,.F.,(4,1,1,1,1,4),(0.E0,2.E-1,4.E-1,6.E-1,8.E-1,1.E0),
.UNSPECIFIED.);
#5000=B_SPLINE_CURVE_WITH_KNOTS('',3,(#4992,#4993,#4994,#4995,#4996,#4997,#4998,
#4999),.UNSPECIFIED.,.F.,.F.,(4,1,1,1,1,4),(0.E0,2.E-1,4.E-1,6.E-1,8.E-1,1.E0),
.UNSPECIFIED.);
#5012=B_SPLINE_CURVE_WITH_KNOTS('',3,(#5004,#5005,#5006,#5007,#5008,#5009,#5010,
#5011),.UNSPECIFIED.,.F.,.F.,(4,1,1,1,1,4),(0.E0,2.E-1,4.E-1,6.E-1,8.E-1,1.E0),
.UNSPECIFIED.);
#5020=CIRCLE('',#5019,2.47E-1);
#5032=B_SPLINE_CURVE_WITH_KNOTS('',3,(#5024,#5025,#5026,#5027,#5028,#5029,#5030,
#5031),.UNSPECIFIED.,.F.,.F.,(4,1,1,1,1,4),(0.E0,2.E-1,4.E-1,6.E-1,8.E-1,1.E0),
.UNSPECIFIED.);
#5044=B_SPLINE_CURVE_WITH_KNOTS('',3,(#5036,#5037,#5038,#5039,#5040,#5041,#5042,
#5043),.UNSPECIFIED.,.F.,.F.,(4,1,1,1,1,4),(0.E0,2.E-1,4.E-1,6.E-1,8.E-1,1.E0),
.UNSPECIFIED.);
#5056=B_SPLINE_CURVE_WITH_KNOTS('',3,(#5048,#5049,#5050,#5051,#5052,#5053,#5054,
#5055),.UNSPECIFIED.,.F.,.F.,(4,1,1,1,1,4),(0.E0,2.E-1,4.E-1,6.E-1,8.E-1,1.E0),
.UNSPECIFIED.);
#5068=B_SPLINE_CURVE_WITH_KNOTS('',3,(#5060,#5061,#5062,#5063,#5064,#5065,#5066,
#5067),.UNSPECIFIED.,.F.,.F.,(4,1,1,1,1,4),(0.E0,2.E-1,4.E-1,6.E-1,8.E-1,1.E0),
.UNSPECIFIED.);
#5090=CIRCLE('',#5089,2.47E-1);
#5105=CIRCLE('',#5104,2.47E-1);
#5127=CIRCLE('',#5126,2.47E-1);
#5156=CIRCLE('',#5155,2.47E-1);
#5164=CIRCLE('',#5163,2.47E-1);
#5172=CIRCLE('',#5171,1.5E-1);
#5180=CIRCLE('',#5179,1.5E-1);
#5259=EDGE_CURVE('',#5241,#5243,#4896,.T.);
#5261=EDGE_CURVE('',#5216,#5243,#4801,.T.);
#5263=EDGE_CURVE('',#5216,#5217,#4809,.T.);
#5265=EDGE_CURVE('',#5217,#5245,#4816,.T.);
#5267=EDGE_CURVE('',#5245,#5247,#4880,.T.);
#5269=EDGE_CURVE('',#5211,#5247,#5194,.T.);
#5271=EDGE_CURVE('',#5211,#5206,#4824,.T.);
#5273=EDGE_CURVE('',#5206,#5207,#5119,.T.);
#5275=EDGE_CURVE('',#5201,#5207,#5164,.T.);
#5277=EDGE_CURVE('',#5200,#5201,#5112,.T.);
#5279=EDGE_CURVE('',#5200,#5213,#4832,.T.);
#5281=EDGE_CURVE('',#5213,#5241,#5075,.T.);
#5285=ADVANCED_FACE('',(#5284),#5258,.T.);
#5291=EDGE_CURVE('',#5231,#5237,#4840,.T.);
#5293=EDGE_CURVE('',#5231,#5237,#4848,.T.);
#5297=EDGE_CURVE('',#5240,#5241,#4964,.T.);
#5299=EDGE_CURVE('',#5253,#5240,#4856,.T.);
#5301=EDGE_CURVE('',#5252,#5253,#4864,.T.);
#5303=EDGE_CURVE('',#5249,#5252,#4872,.T.);
#5305=EDGE_CURVE('',#5247,#5249,#5020,.T.);
#5308=EDGE_CURVE('',#5243,#5245,#4888,.T.);
#5313=ADVANCED_FACE('',(#5296,#5312),#5290,.F.);
#5319=EDGE_CURVE('',#5229,#5231,#4903,.T.);
#5322=EDGE_CURVE('',#5235,#5237,#4910,.T.);
#5324=EDGE_CURVE('',#5229,#5235,#4918,.T.);
#5328=ADVANCED_FACE('',(#5327),#5318,.T.);
#5347=EDGE_CURVE('',#5229,#5235,#4926,.T.);
#5353=ADVANCED_FACE('',(#5352),#5345,.T.);
#5371=EDGE_CURVE('',#5228,#5229,#4941,.T.);
#5373=EDGE_CURVE('',#5228,#5234,#4934,.T.);
#5375=EDGE_CURVE('',#5234,#5235,#4948,.T.);
#5380=ADVANCED_FACE('',(#5379),#5370,.T.);
#5401=EDGE_CURVE('',#5228,#5234,#4956,.T.);
#5405=ADVANCED_FACE('',(#5404),#5397,.T.);
#5427=ADVANCED_FACE('',(#5426),#5422,.T.);
#5470=EDGE_CURVE('',#5241,#5213,#4976,.T.);
#5473=EDGE_CURVE('',#5200,#5221,#5105,.T.);
#5475=EDGE_CURVE('',#5221,#5240,#4988,.T.);
#5479=ADVANCED_FACE('',(#5478),#5468,.T.);
#5510=EDGE_CURVE('',#5245,#5217,#5000,.T.);
#5513=EDGE_CURVE('',#5216,#5243,#5012,.T.);
#5517=ADVANCED_FACE('',(#5516),#5508,.T.);
#5548=EDGE_CURVE('',#5249,#5219,#5032,.T.);
#5550=EDGE_CURVE('',#5219,#5206,#5127,.T.);
#5553=EDGE_CURVE('',#5211,#5247,#5044,.T.);
#5557=ADVANCED_FACE('',(#5556),#5546,.T.);
#5588=EDGE_CURVE('',#5253,#5224,#5056,.T.);
#5590=EDGE_CURVE('',#5224,#5225,#5090,.T.);
#5592=EDGE_CURVE('',#5225,#5252,#5068,.T.);
#5596=ADVANCED_FACE('',(#5595),#5586,.T.);
#5606=ADVANCED_FACE('',(#5605),#5601,.T.);
#5613=EDGE_CURVE('',#5225,#5252,#5082,.T.);
#5616=EDGE_CURVE('',#5224,#5253,#5097,.T.);
#5619=EDGE_CURVE('',#5221,#5240,#5134,.T.);
#5623=EDGE_CURVE('',#5201,#5207,#5156,.T.);
#5627=EDGE_CURVE('',#5219,#5249,#5187,.T.);
#5631=ADVANCED_FACE('',(#5630),#5611,.T.);
#5641=ADVANCED_FACE('',(#5640),#5636,.T.);
#5651=ADVANCED_FACE('',(#5650),#5646,.F.);
#5661=ADVANCED_FACE('',(#5660),#5656,.F.);
#5667=EDGE_CURVE('',#5201,#5203,#5141,.T.);
#5669=EDGE_CURVE('',#5203,#5209,#5172,.T.);
#5671=EDGE_CURVE('',#5207,#5209,#5148,.T.);
#5676=ADVANCED_FACE('',(#5675),#5666,.T.);
#5685=EDGE_CURVE('',#5203,#5209,#5180,.T.);
#5689=ADVANCED_FACE('',(#5688),#5681,.T.);
#5699=ADVANCED_FACE('',(#5698),#5694,.F.);
#5709=ADVANCED_FACE('',(#5708),#5704,.T.);
#5719=ADVANCED_FACE('',(#5718),#5714,.F.);
#5729=ADVANCED_FACE('',(#5728),#5724,.T.);
#5739=ADVANCED_FACE('',(#5738),#5734,.F.);
#5748=(LENGTH_UNIT()NAMED_UNIT(*)SI_UNIT(.MILLI.,.METRE.));
#5750=(NAMED_UNIT(*)PLANE_ANGLE_UNIT()SI_UNIT($,.RADIAN.));
#5753=(NAMED_UNIT(*)SI_UNIT($,.STERADIAN.)SOLID_ANGLE_UNIT());
#5755=(GEOMETRIC_REPRESENTATION_CONTEXT(3)GLOBAL_UNCERTAINTY_ASSIGNED_CONTEXT((
#5754))GLOBAL_UNIT_ASSIGNED_CONTEXT((#5748,#5752,#5753))REPRESENTATION_CONTEXT(
'ID2','3'));
#5759=AXIS2_PLACEMENT_3D('',#5756,#5757,#5758);
#5760=ADVANCED_BREP_SHAPE_REPRESENTATION('',(#5759,#5741),#5755);
#5764=PRODUCT_DEFINITION('design','',#5763,#4776);
#5765=PRODUCT_DEFINITION_SHAPE('','SHAPE FOR M80-0200049.',#5764);
#5766=SHAPE_DEFINITION_REPRESENTATION(#5765,#5760);
#5767=NEXT_ASSEMBLY_USAGE_OCCURRENCE('734','Next assembly relationship',
'M80-0200049',#11391,#5764,$);
#5768=PRODUCT_DEFINITION_SHAPE('Placement #734',
'Placement of M80-0200049 with respect to M80-5002022_ASM',#5767);
#5776=NEXT_ASSEMBLY_USAGE_OCCURRENCE('735','Next assembly relationship',
'M80-0200049',#11391,#5764,$);
#5777=PRODUCT_DEFINITION_SHAPE('Placement #735',
'Placement of M80-0200049 with respect to M80-5002022_ASM',#5776);
#5785=NEXT_ASSEMBLY_USAGE_OCCURRENCE('736','Next assembly relationship',
'M80-0200049',#11391,#5764,$);
#5786=PRODUCT_DEFINITION_SHAPE('Placement #736',
'Placement of M80-0200049 with respect to M80-5002022_ASM',#5785);
#5794=NEXT_ASSEMBLY_USAGE_OCCURRENCE('737','Next assembly relationship',
'M80-0200049',#11391,#5764,$);
#5795=PRODUCT_DEFINITION_SHAPE('Placement #737',
'Placement of M80-0200049 with respect to M80-5002022_ASM',#5794);
#5803=NEXT_ASSEMBLY_USAGE_OCCURRENCE('738','Next assembly relationship',
'M80-0200049',#11391,#5764,$);
#5804=PRODUCT_DEFINITION_SHAPE('Placement #738',
'Placement of M80-0200049 with respect to M80-5002022_ASM',#5803);
#5812=NEXT_ASSEMBLY_USAGE_OCCURRENCE('739','Next assembly relationship',
'M80-0200049',#11391,#5764,$);
#5813=PRODUCT_DEFINITION_SHAPE('Placement #739',
'Placement of M80-0200049 with respect to M80-5002022_ASM',#5812);
#5821=NEXT_ASSEMBLY_USAGE_OCCURRENCE('740','Next assembly relationship',
'M80-0200049',#11391,#5764,$);
#5822=PRODUCT_DEFINITION_SHAPE('Placement #740',
'Placement of M80-0200049 with respect to M80-5002022_ASM',#5821);
#5830=NEXT_ASSEMBLY_USAGE_OCCURRENCE('741','Next assembly relationship',
'M80-0200049',#11391,#5764,$);
#5831=PRODUCT_DEFINITION_SHAPE('Placement #741',
'Placement of M80-0200049 with respect to M80-5002022_ASM',#5830);
#5839=NEXT_ASSEMBLY_USAGE_OCCURRENCE('742','Next assembly relationship',
'M80-0200049',#11391,#5764,$);
#5840=PRODUCT_DEFINITION_SHAPE('Placement #742',
'Placement of M80-0200049 with respect to M80-5002022_ASM',#5839);
#5848=NEXT_ASSEMBLY_USAGE_OCCURRENCE('743','Next assembly relationship',
'M80-0200049',#11391,#5764,$);
#5849=PRODUCT_DEFINITION_SHAPE('Placement #743',
'Placement of M80-0200049 with respect to M80-5002022_ASM',#5848);
#5857=COLOUR_RGB('',6.58824E-1,6.58824E-1,6.58824E-1);
#5905=CIRCLE('',#5904,1.49E0);
#5913=CIRCLE('',#5912,1.49E0);
#5921=CIRCLE('',#5920,1.49E0);
#5971=CIRCLE('',#5970,1.49E0);
#5993=CIRCLE('',#5992,1.55E0);
#6001=CIRCLE('',#6000,1.55E0);
#6009=CIRCLE('',#6008,1.49E0);
#6017=CIRCLE('',#6016,1.49E0);
#6029=B_SPLINE_CURVE_WITH_KNOTS('',3,(#6021,#6022,#6023,#6024,#6025,#6026,#6027,
#6028),.UNSPECIFIED.,.F.,.F.,(4,1,1,1,1,4),(0.E0,2.E-1,4.E-1,6.E-1,8.E-1,1.E0),
.UNSPECIFIED.);
#6041=B_SPLINE_CURVE_WITH_KNOTS('',3,(#6033,#6034,#6035,#6036,#6037,#6038,#6039,
#6040),.UNSPECIFIED.,.F.,.F.,(4,1,1,1,1,4),(0.E0,2.E-1,4.E-1,6.E-1,8.E-1,1.E0),
.UNSPECIFIED.);
#6056=CIRCLE('',#6055,1.49E0);
#6064=CIRCLE('',#6063,1.49E0);
#6079=CIRCLE('',#6078,1.55E0);
#6087=CIRCLE('',#6086,1.55E0);
#6099=B_SPLINE_CURVE_WITH_KNOTS('',3,(#6091,#6092,#6093,#6094,#6095,#6096,#6097,
#6098),.UNSPECIFIED.,.F.,.F.,(4,1,1,1,1,4),(0.E0,2.E-1,4.E-1,6.E-1,8.E-1,1.E0),
.UNSPECIFIED.);
#6111=B_SPLINE_CURVE_WITH_KNOTS('',3,(#6103,#6104,#6105,#6106,#6107,#6108,#6109,
#6110),.UNSPECIFIED.,.F.,.F.,(4,1,1,1,1,4),(0.E0,2.E-1,4.E-1,6.E-1,8.E-1,1.E0),
.UNSPECIFIED.);
#6128=B_SPLINE_CURVE_WITH_KNOTS('',3,(#6115,#6116,#6117,#6118,#6119,#6120,#6121,
#6122,#6123,#6124,#6125,#6126,#6127),.UNSPECIFIED.,.F.,.F.,(4,1,1,1,1,1,1,1,1,1,
4),(0.E0,1.E-1,2.E-1,3.E-1,4.E-1,5.E-1,6.E-1,7.E-1,8.E-1,9.E-1,1.E0),
.UNSPECIFIED.);
#6145=B_SPLINE_CURVE_WITH_KNOTS('',3,(#6132,#6133,#6134,#6135,#6136,#6137,#6138,
#6139,#6140,#6141,#6142,#6143,#6144),.UNSPECIFIED.,.F.,.F.,(4,1,1,1,1,1,1,1,1,1,
4),(0.E0,1.E-1,2.E-1,3.E-1,4.E-1,5.E-1,6.E-1,7.E-1,8.E-1,9.E-1,1.E0),
.UNSPECIFIED.);
#6153=CIRCLE('',#6152,1.316794919243E0);
#6168=CIRCLE('',#6167,1.49E0);
#6183=CIRCLE('',#6182,1.316794919243E0);
#6191=CIRCLE('',#6190,1.49E0);
#6206=B_SPLINE_CURVE_WITH_KNOTS('',3,(#6195,#6196,#6197,#6198,#6199,#6200,#6201,
#6202,#6203,#6204,#6205),.UNSPECIFIED.,.F.,.F.,(4,1,1,1,1,1,1,1,4),(0.E0,
1.25E-1,2.5E-1,3.75E-1,5.E-1,6.25E-1,7.5E-1,8.75E-1,1.E0),.UNSPECIFIED.);
#6214=CIRCLE('',#6213,8.115E-1);
#6233=B_SPLINE_CURVE_WITH_KNOTS('',3,(#6218,#6219,#6220,#6221,#6222,#6223,#6224,
#6225,#6226,#6227,#6228,#6229,#6230,#6231,#6232),.UNSPECIFIED.,.F.,.F.,(4,1,1,1,
1,1,1,1,1,1,1,1,4),(0.E0,8.333333333333E-2,1.666666666667E-1,2.5E-1,
3.333333333333E-1,4.166666666667E-1,5.E-1,5.833333333333E-1,6.666666666667E-1,
7.5E-1,8.333333333333E-1,9.166666666667E-1,1.E0),.UNSPECIFIED.);
#6248=CIRCLE('',#6247,1.1115E0);
#6263=CIRCLE('',#6262,1.E0);
#6288=B_SPLINE_CURVE_WITH_KNOTS('',3,(#6267,#6268,#6269,#6270,#6271,#6272,#6273,
#6274,#6275,#6276,#6277,#6278,#6279,#6280,#6281,#6282,#6283,#6284,#6285,#6286,
#6287),.UNSPECIFIED.,.F.,.F.,(4,1,1,1,1,1,1,1,1,1,1,1,1,1,1,1,1,1,4),(0.E0,
5.555555555556E-2,1.111111111111E-1,1.666666666667E-1,2.222222222222E-1,
2.777777777778E-1,3.333333333333E-1,3.888888888889E-1,4.444444444444E-1,5.E-1,
5.555555555556E-1,6.111111111111E-1,6.666666666667E-1,7.222222222222E-1,
7.777777777778E-1,8.333333333333E-1,8.888888888889E-1,9.444444444444E-1,1.E0),
.UNSPECIFIED.);
#6313=B_SPLINE_CURVE_WITH_KNOTS('',3,(#6292,#6293,#6294,#6295,#6296,#6297,#6298,
#6299,#6300,#6301,#6302,#6303,#6304,#6305,#6306,#6307,#6308,#6309,#6310,#6311,
#6312),.UNSPECIFIED.,.F.,.F.,(4,1,1,1,1,1,1,1,1,1,1,1,1,1,1,1,1,1,4),(0.E0,
5.555555555556E-2,1.111111111111E-1,1.666666666667E-1,2.222222222222E-1,
2.777777777778E-1,3.333333333333E-1,3.888888888889E-1,4.444444444444E-1,5.E-1,
5.555555555556E-1,6.111111111111E-1,6.666666666667E-1,7.222222222222E-1,
7.777777777778E-1,8.333333333333E-1,8.888888888889E-1,9.444444444444E-1,1.E0),
.UNSPECIFIED.);
#6345=B_SPLINE_CURVE_WITH_KNOTS('',3,(#6324,#6325,#6326,#6327,#6328,#6329,#6330,
#6331,#6332,#6333,#6334,#6335,#6336,#6337,#6338,#6339,#6340,#6341,#6342,#6343,
#6344),.UNSPECIFIED.,.F.,.F.,(4,1,1,1,1,1,1,1,1,1,1,1,1,1,1,1,1,1,4),(0.E0,
5.555555555556E-2,1.111111111111E-1,1.666666666667E-1,2.222222222222E-1,
2.777777777778E-1,3.333333333333E-1,3.888888888889E-1,4.444444444444E-1,5.E-1,
5.555555555556E-1,6.111111111111E-1,6.666666666667E-1,7.222222222222E-1,
7.777777777778E-1,8.333333333333E-1,8.888888888889E-1,9.444444444444E-1,1.E0),
.UNSPECIFIED.);
#6370=B_SPLINE_CURVE_WITH_KNOTS('',3,(#6349,#6350,#6351,#6352,#6353,#6354,#6355,
#6356,#6357,#6358,#6359,#6360,#6361,#6362,#6363,#6364,#6365,#6366,#6367,#6368,
#6369),.UNSPECIFIED.,.F.,.F.,(4,1,1,1,1,1,1,1,1,1,1,1,1,1,1,1,1,1,4),(0.E0,
5.555555555556E-2,1.111111111111E-1,1.666666666667E-1,2.222222222222E-1,
2.777777777778E-1,3.333333333333E-1,3.888888888889E-1,4.444444444444E-1,5.E-1,
5.555555555556E-1,6.111111111111E-1,6.666666666667E-1,7.222222222222E-1,
7.777777777778E-1,8.333333333333E-1,8.888888888889E-1,9.444444444444E-1,1.E0),
.UNSPECIFIED.);
#6402=B_SPLINE_CURVE_WITH_KNOTS('',3,(#6381,#6382,#6383,#6384,#6385,#6386,#6387,
#6388,#6389,#6390,#6391,#6392,#6393,#6394,#6395,#6396,#6397,#6398,#6399,#6400,
#6401),.UNSPECIFIED.,.F.,.F.,(4,1,1,1,1,1,1,1,1,1,1,1,1,1,1,1,1,1,4),(0.E0,
5.555555555556E-2,1.111111111111E-1,1.666666666667E-1,2.222222222222E-1,
2.777777777778E-1,3.333333333333E-1,3.888888888889E-1,4.444444444444E-1,5.E-1,
5.555555555556E-1,6.111111111111E-1,6.666666666667E-1,7.222222222222E-1,
7.777777777778E-1,8.333333333333E-1,8.888888888889E-1,9.444444444444E-1,1.E0),
.UNSPECIFIED.);
#6427=B_SPLINE_CURVE_WITH_KNOTS('',3,(#6406,#6407,#6408,#6409,#6410,#6411,#6412,
#6413,#6414,#6415,#6416,#6417,#6418,#6419,#6420,#6421,#6422,#6423,#6424,#6425,
#6426),.UNSPECIFIED.,.F.,.F.,(4,1,1,1,1,1,1,1,1,1,1,1,1,1,1,1,1,1,4),(0.E0,
5.555555555556E-2,1.111111111111E-1,1.666666666667E-1,2.222222222222E-1,
2.777777777778E-1,3.333333333333E-1,3.888888888889E-1,4.444444444444E-1,5.E-1,
5.555555555556E-1,6.111111111111E-1,6.666666666667E-1,7.222222222222E-1,
7.777777777778E-1,8.333333333333E-1,8.888888888889E-1,9.444444444444E-1,1.E0),
.UNSPECIFIED.);
#6459=B_SPLINE_CURVE_WITH_KNOTS('',3,(#6438,#6439,#6440,#6441,#6442,#6443,#6444,
#6445,#6446,#6447,#6448,#6449,#6450,#6451,#6452,#6453,#6454,#6455,#6456,#6457,
#6458),.UNSPECIFIED.,.F.,.F.,(4,1,1,1,1,1,1,1,1,1,1,1,1,1,1,1,1,1,4),(0.E0,
5.555555555556E-2,1.111111111111E-1,1.666666666667E-1,2.222222222222E-1,
2.777777777778E-1,3.333333333333E-1,3.888888888889E-1,4.444444444444E-1,5.E-1,
5.555555555556E-1,6.111111111111E-1,6.666666666667E-1,7.222222222222E-1,
7.777777777778E-1,8.333333333333E-1,8.888888888889E-1,9.444444444444E-1,1.E0),
.UNSPECIFIED.);
#6484=B_SPLINE_CURVE_WITH_KNOTS('',3,(#6463,#6464,#6465,#6466,#6467,#6468,#6469,
#6470,#6471,#6472,#6473,#6474,#6475,#6476,#6477,#6478,#6479,#6480,#6481,#6482,
#6483),.UNSPECIFIED.,.F.,.F.,(4,1,1,1,1,1,1,1,1,1,1,1,1,1,1,1,1,1,4),(0.E0,
5.555555555556E-2,1.111111111111E-1,1.666666666667E-1,2.222222222222E-1,
2.777777777778E-1,3.333333333333E-1,3.888888888889E-1,4.444444444444E-1,5.E-1,
5.555555555556E-1,6.111111111111E-1,6.666666666667E-1,7.222222222222E-1,
7.777777777778E-1,8.333333333333E-1,8.888888888889E-1,9.444444444444E-1,1.E0),
.UNSPECIFIED.);
#6516=B_SPLINE_CURVE_WITH_KNOTS('',3,(#6495,#6496,#6497,#6498,#6499,#6500,#6501,
#6502,#6503,#6504,#6505,#6506,#6507,#6508,#6509,#6510,#6511,#6512,#6513,#6514,
#6515),.UNSPECIFIED.,.F.,.F.,(4,1,1,1,1,1,1,1,1,1,1,1,1,1,1,1,1,1,4),(0.E0,
5.555555555556E-2,1.111111111111E-1,1.666666666667E-1,2.222222222222E-1,
2.777777777778E-1,3.333333333333E-1,3.888888888889E-1,4.444444444444E-1,5.E-1,
5.555555555556E-1,6.111111111111E-1,6.666666666667E-1,7.222222222222E-1,
7.777777777778E-1,8.333333333333E-1,8.888888888889E-1,9.444444444444E-1,1.E0),
.UNSPECIFIED.);
#6541=B_SPLINE_CURVE_WITH_KNOTS('',3,(#6520,#6521,#6522,#6523,#6524,#6525,#6526,
#6527,#6528,#6529,#6530,#6531,#6532,#6533,#6534,#6535,#6536,#6537,#6538,#6539,
#6540),.UNSPECIFIED.,.F.,.F.,(4,1,1,1,1,1,1,1,1,1,1,1,1,1,1,1,1,1,4),(0.E0,
5.555555555556E-2,1.111111111111E-1,1.666666666667E-1,2.222222222222E-1,
2.777777777778E-1,3.333333333333E-1,3.888888888889E-1,4.444444444444E-1,5.E-1,
5.555555555556E-1,6.111111111111E-1,6.666666666667E-1,7.222222222222E-1,
7.777777777778E-1,8.333333333333E-1,8.888888888889E-1,9.444444444444E-1,1.E0),
.UNSPECIFIED.);
#6573=B_SPLINE_CURVE_WITH_KNOTS('',3,(#6552,#6553,#6554,#6555,#6556,#6557,#6558,
#6559,#6560,#6561,#6562,#6563,#6564,#6565,#6566,#6567,#6568,#6569,#6570,#6571,
#6572),.UNSPECIFIED.,.F.,.F.,(4,1,1,1,1,1,1,1,1,1,1,1,1,1,1,1,1,1,4),(0.E0,
5.555555555556E-2,1.111111111111E-1,1.666666666667E-1,2.222222222222E-1,
2.777777777778E-1,3.333333333333E-1,3.888888888889E-1,4.444444444444E-1,5.E-1,
5.555555555556E-1,6.111111111111E-1,6.666666666667E-1,7.222222222222E-1,
7.777777777778E-1,8.333333333333E-1,8.888888888889E-1,9.444444444444E-1,1.E0),
.UNSPECIFIED.);
#6598=B_SPLINE_CURVE_WITH_KNOTS('',3,(#6577,#6578,#6579,#6580,#6581,#6582,#6583,
#6584,#6585,#6586,#6587,#6588,#6589,#6590,#6591,#6592,#6593,#6594,#6595,#6596,
#6597),.UNSPECIFIED.,.F.,.F.,(4,1,1,1,1,1,1,1,1,1,1,1,1,1,1,1,1,1,4),(0.E0,
5.555555555556E-2,1.111111111111E-1,1.666666666667E-1,2.222222222222E-1,
2.777777777778E-1,3.333333333333E-1,3.888888888889E-1,4.444444444444E-1,5.E-1,
5.555555555556E-1,6.111111111111E-1,6.666666666667E-1,7.222222222222E-1,
7.777777777778E-1,8.333333333333E-1,8.888888888889E-1,9.444444444444E-1,1.E0),
.UNSPECIFIED.);
#6630=B_SPLINE_CURVE_WITH_KNOTS('',3,(#6609,#6610,#6611,#6612,#6613,#6614,#6615,
#6616,#6617,#6618,#6619,#6620,#6621,#6622,#6623,#6624,#6625,#6626,#6627,#6628,
#6629),.UNSPECIFIED.,.F.,.F.,(4,1,1,1,1,1,1,1,1,1,1,1,1,1,1,1,1,1,4),(0.E0,
5.555555555556E-2,1.111111111111E-1,1.666666666667E-1,2.222222222222E-1,
2.777777777778E-1,3.333333333333E-1,3.888888888889E-1,4.444444444444E-1,5.E-1,
5.555555555556E-1,6.111111111111E-1,6.666666666667E-1,7.222222222222E-1,
7.777777777778E-1,8.333333333333E-1,8.888888888889E-1,9.444444444444E-1,1.E0),
.UNSPECIFIED.);
#6655=B_SPLINE_CURVE_WITH_KNOTS('',3,(#6634,#6635,#6636,#6637,#6638,#6639,#6640,
#6641,#6642,#6643,#6644,#6645,#6646,#6647,#6648,#6649,#6650,#6651,#6652,#6653,
#6654),.UNSPECIFIED.,.F.,.F.,(4,1,1,1,1,1,1,1,1,1,1,1,1,1,1,1,1,1,4),(0.E0,
5.555555555556E-2,1.111111111111E-1,1.666666666667E-1,2.222222222222E-1,
2.777777777778E-1,3.333333333333E-1,3.888888888889E-1,4.444444444444E-1,5.E-1,
5.555555555556E-1,6.111111111111E-1,6.666666666667E-1,7.222222222222E-1,
7.777777777778E-1,8.333333333333E-1,8.888888888889E-1,9.444444444444E-1,1.E0),
.UNSPECIFIED.);
#6687=B_SPLINE_CURVE_WITH_KNOTS('',3,(#6666,#6667,#6668,#6669,#6670,#6671,#6672,
#6673,#6674,#6675,#6676,#6677,#6678,#6679,#6680,#6681,#6682,#6683,#6684,#6685,
#6686),.UNSPECIFIED.,.F.,.F.,(4,1,1,1,1,1,1,1,1,1,1,1,1,1,1,1,1,1,4),(0.E0,
5.555555555556E-2,1.111111111111E-1,1.666666666667E-1,2.222222222222E-1,
2.777777777778E-1,3.333333333333E-1,3.888888888889E-1,4.444444444444E-1,5.E-1,
5.555555555556E-1,6.111111111111E-1,6.666666666667E-1,7.222222222222E-1,
7.777777777778E-1,8.333333333333E-1,8.888888888889E-1,9.444444444444E-1,1.E0),
.UNSPECIFIED.);
#6712=B_SPLINE_CURVE_WITH_KNOTS('',3,(#6691,#6692,#6693,#6694,#6695,#6696,#6697,
#6698,#6699,#6700,#6701,#6702,#6703,#6704,#6705,#6706,#6707,#6708,#6709,#6710,
#6711),.UNSPECIFIED.,.F.,.F.,(4,1,1,1,1,1,1,1,1,1,1,1,1,1,1,1,1,1,4),(0.E0,
5.555555555556E-2,1.111111111111E-1,1.666666666667E-1,2.222222222222E-1,
2.777777777778E-1,3.333333333333E-1,3.888888888889E-1,4.444444444444E-1,5.E-1,
5.555555555556E-1,6.111111111111E-1,6.666666666667E-1,7.222222222222E-1,
7.777777777778E-1,8.333333333333E-1,8.888888888889E-1,9.444444444444E-1,1.E0),
.UNSPECIFIED.);
#6744=B_SPLINE_CURVE_WITH_KNOTS('',3,(#6723,#6724,#6725,#6726,#6727,#6728,#6729,
#6730,#6731,#6732,#6733,#6734,#6735,#6736,#6737,#6738,#6739,#6740,#6741,#6742,
#6743),.UNSPECIFIED.,.F.,.F.,(4,1,1,1,1,1,1,1,1,1,1,1,1,1,1,1,1,1,4),(0.E0,
5.555555555556E-2,1.111111111111E-1,1.666666666667E-1,2.222222222222E-1,
2.777777777778E-1,3.333333333333E-1,3.888888888889E-1,4.444444444444E-1,5.E-1,
5.555555555556E-1,6.111111111111E-1,6.666666666667E-1,7.222222222222E-1,
7.777777777778E-1,8.333333333333E-1,8.888888888889E-1,9.444444444444E-1,1.E0),
.UNSPECIFIED.);
#6769=B_SPLINE_CURVE_WITH_KNOTS('',3,(#6748,#6749,#6750,#6751,#6752,#6753,#6754,
#6755,#6756,#6757,#6758,#6759,#6760,#6761,#6762,#6763,#6764,#6765,#6766,#6767,
#6768),.UNSPECIFIED.,.F.,.F.,(4,1,1,1,1,1,1,1,1,1,1,1,1,1,1,1,1,1,4),(0.E0,
5.555555555556E-2,1.111111111111E-1,1.666666666667E-1,2.222222222222E-1,
2.777777777778E-1,3.333333333333E-1,3.888888888889E-1,4.444444444444E-1,5.E-1,
5.555555555556E-1,6.111111111111E-1,6.666666666667E-1,7.222222222222E-1,
7.777777777778E-1,8.333333333333E-1,8.888888888889E-1,9.444444444444E-1,1.E0),
.UNSPECIFIED.);
#6798=B_SPLINE_CURVE_WITH_KNOTS('',3,(#6780,#6781,#6782,#6783,#6784,#6785,#6786,
#6787,#6788,#6789,#6790,#6791,#6792,#6793,#6794,#6795,#6796,#6797),
.UNSPECIFIED.,.F.,.F.,(4,1,1,1,1,1,1,1,1,1,1,1,1,1,1,4),(0.E0,6.666666666667E-2,
1.333333333333E-1,2.E-1,2.666666666667E-1,3.333333333333E-1,4.E-1,
4.666666666667E-1,5.333333333333E-1,6.E-1,6.666666666667E-1,7.333333333333E-1,
8.E-1,8.666666666667E-1,9.333333333333E-1,1.E0),.UNSPECIFIED.);
#6808=B_SPLINE_CURVE_WITH_KNOTS('',3,(#6802,#6803,#6804,#6805,#6806,#6807),
.UNSPECIFIED.,.F.,.F.,(4,1,1,4),(0.E0,3.333333333333E-1,6.666666666667E-1,1.E0),
.UNSPECIFIED.);
#6834=B_SPLINE_CURVE_WITH_KNOTS('',3,(#6819,#6820,#6821,#6822,#6823,#6824,#6825,
#6826,#6827,#6828,#6829,#6830,#6831,#6832,#6833),.UNSPECIFIED.,.F.,.F.,(4,1,1,1,
1,1,1,1,1,1,1,1,4),(0.E0,8.333333333333E-2,1.666666666667E-1,2.5E-1,
3.333333333333E-1,4.166666666667E-1,5.E-1,5.833333333333E-1,6.666666666667E-1,
7.5E-1,8.333333333333E-1,9.166666666667E-1,1.E0),.UNSPECIFIED.);
#6848=B_SPLINE_CURVE_WITH_KNOTS('',3,(#6838,#6839,#6840,#6841,#6842,#6843,#6844,
#6845,#6846,#6847),.UNSPECIFIED.,.F.,.F.,(4,1,1,1,1,1,1,4),(0.E0,
1.428571428571E-1,2.857142857143E-1,4.285714285714E-1,5.714285714286E-1,
7.142857142857E-1,8.571428571429E-1,1.E0),.UNSPECIFIED.);
#6873=B_SPLINE_CURVE_WITH_KNOTS('',3,(#6852,#6853,#6854,#6855,#6856,#6857,#6858,
#6859,#6860,#6861,#6862,#6863,#6864,#6865,#6866,#6867,#6868,#6869,#6870,#6871,
#6872),.UNSPECIFIED.,.F.,.F.,(4,1,1,1,1,1,1,1,1,1,1,1,1,1,1,1,1,1,4),(0.E0,
5.555555555556E-2,1.111111111111E-1,1.666666666667E-1,2.222222222222E-1,
2.777777777778E-1,3.333333333333E-1,3.888888888889E-1,4.444444444444E-1,5.E-1,
5.555555555556E-1,6.111111111111E-1,6.666666666667E-1,7.222222222222E-1,
7.777777777778E-1,8.333333333333E-1,8.888888888889E-1,9.444444444444E-1,1.E0),
.UNSPECIFIED.);
#6912=B_SPLINE_CURVE_WITH_KNOTS('',3,(#6884,#6885,#6886,#6887,#6888,#6889,#6890,
#6891,#6892,#6893,#6894,#6895,#6896,#6897,#6898,#6899,#6900,#6901,#6902,#6903,
#6904,#6905,#6906,#6907,#6908,#6909,#6910,#6911),.UNSPECIFIED.,.F.,.F.,(4,1,1,1,
1,1,1,1,1,1,1,1,1,1,1,1,1,1,1,1,1,1,1,1,1,4),(0.E0,4.E-2,8.E-2,1.2E-1,1.6E-1,
2.E-1,2.4E-1,2.8E-1,3.2E-1,3.6E-1,4.E-1,4.4E-1,4.8E-1,5.2E-1,5.6E-1,6.E-1,
6.4E-1,6.8E-1,7.2E-1,7.6E-1,8.E-1,8.4E-1,8.8E-1,9.2E-1,9.6E-1,1.E0),
.UNSPECIFIED.);
#6933=B_SPLINE_CURVE_WITH_KNOTS('',3,(#6916,#6917,#6918,#6919,#6920,#6921,#6922,
#6923,#6924,#6925,#6926,#6927,#6928,#6929,#6930,#6931,#6932),.UNSPECIFIED.,.F.,
.F.,(4,1,1,1,1,1,1,1,1,1,1,1,1,1,4),(0.E0,7.142857142857E-2,1.428571428571E-1,
2.142857142857E-1,2.857142857143E-1,3.571428571429E-1,4.285714285714E-1,5.E-1,
5.714285714286E-1,6.428571428571E-1,7.142857142857E-1,7.857142857143E-1,
8.571428571429E-1,9.285714285714E-1,1.E0),.UNSPECIFIED.);
#6958=B_SPLINE_CURVE_WITH_KNOTS('',3,(#6937,#6938,#6939,#6940,#6941,#6942,#6943,
#6944,#6945,#6946,#6947,#6948,#6949,#6950,#6951,#6952,#6953,#6954,#6955,#6956,
#6957),.UNSPECIFIED.,.F.,.F.,(4,1,1,1,1,1,1,1,1,1,1,1,1,1,1,1,1,1,4),(0.E0,
5.555555555556E-2,1.111111111111E-1,1.666666666667E-1,2.222222222222E-1,
2.777777777778E-1,3.333333333333E-1,3.888888888889E-1,4.444444444444E-1,5.E-1,
5.555555555556E-1,6.111111111111E-1,6.666666666667E-1,7.222222222222E-1,
7.777777777778E-1,8.333333333333E-1,8.888888888889E-1,9.444444444444E-1,1.E0),
.UNSPECIFIED.);
#6972=B_SPLINE_CURVE_WITH_KNOTS('',3,(#6962,#6963,#6964,#6965,#6966,#6967,#6968,
#6969,#6970,#6971),.UNSPECIFIED.,.F.,.F.,(4,1,1,1,1,1,1,4),(0.E0,
1.428571428571E-1,2.857142857143E-1,4.285714285714E-1,5.714285714286E-1,
7.142857142857E-1,8.571428571429E-1,1.E0),.UNSPECIFIED.);
#6991=B_SPLINE_CURVE_WITH_KNOTS('',3,(#6976,#6977,#6978,#6979,#6980,#6981,#6982,
#6983,#6984,#6985,#6986,#6987,#6988,#6989,#6990),.UNSPECIFIED.,.F.,.F.,(4,1,1,1,
1,1,1,1,1,1,1,1,4),(0.E0,8.333333333333E-2,1.666666666667E-1,2.5E-1,
3.333333333333E-1,4.166666666667E-1,5.E-1,5.833333333333E-1,6.666666666667E-1,
7.5E-1,8.333333333333E-1,9.166666666667E-1,1.E0),.UNSPECIFIED.);
#7020=B_SPLINE_CURVE_WITH_KNOTS('',3,(#7002,#7003,#7004,#7005,#7006,#7007,#7008,
#7009,#7010,#7011,#7012,#7013,#7014,#7015,#7016,#7017,#7018,#7019),
.UNSPECIFIED.,.F.,.F.,(4,1,1,1,1,1,1,1,1,1,1,1,1,1,1,4),(0.E0,6.666666666667E-2,
1.333333333333E-1,2.E-1,2.666666666667E-1,3.333333333333E-1,4.E-1,
4.666666666667E-1,5.333333333333E-1,6.E-1,6.666666666667E-1,7.333333333333E-1,
8.E-1,8.666666666667E-1,9.333333333333E-1,1.E0),.UNSPECIFIED.);
#7031=B_SPLINE_CURVE_WITH_KNOTS('',3,(#7024,#7025,#7026,#7027,#7028,#7029,
#7030),.UNSPECIFIED.,.F.,.F.,(4,1,1,1,4),(0.E0,2.5E-1,5.E-1,7.5E-1,1.E0),
.UNSPECIFIED.);
#7056=B_SPLINE_CURVE_WITH_KNOTS('',3,(#7035,#7036,#7037,#7038,#7039,#7040,#7041,
#7042,#7043,#7044,#7045,#7046,#7047,#7048,#7049,#7050,#7051,#7052,#7053,#7054,
#7055),.UNSPECIFIED.,.F.,.F.,(4,1,1,1,1,1,1,1,1,1,1,1,1,1,1,1,1,1,4),(0.E0,
5.555555555556E-2,1.111111111111E-1,1.666666666667E-1,2.222222222222E-1,
2.777777777778E-1,3.333333333333E-1,3.888888888889E-1,4.444444444444E-1,5.E-1,
5.555555555556E-1,6.111111111111E-1,6.666666666667E-1,7.222222222222E-1,
7.777777777778E-1,8.333333333333E-1,8.888888888889E-1,9.444444444444E-1,1.E0),
.UNSPECIFIED.);
#7088=B_SPLINE_CURVE_WITH_KNOTS('',3,(#7067,#7068,#7069,#7070,#7071,#7072,#7073,
#7074,#7075,#7076,#7077,#7078,#7079,#7080,#7081,#7082,#7083,#7084,#7085,#7086,
#7087),.UNSPECIFIED.,.F.,.F.,(4,1,1,1,1,1,1,1,1,1,1,1,1,1,1,1,1,1,4),(0.E0,
5.555555555556E-2,1.111111111111E-1,1.666666666667E-1,2.222222222222E-1,
2.777777777778E-1,3.333333333333E-1,3.888888888889E-1,4.444444444444E-1,5.E-1,
5.555555555556E-1,6.111111111111E-1,6.666666666667E-1,7.222222222222E-1,
7.777777777778E-1,8.333333333333E-1,8.888888888889E-1,9.444444444444E-1,1.E0),
.UNSPECIFIED.);
#7113=B_SPLINE_CURVE_WITH_KNOTS('',3,(#7092,#7093,#7094,#7095,#7096,#7097,#7098,
#7099,#7100,#7101,#7102,#7103,#7104,#7105,#7106,#7107,#7108,#7109,#7110,#7111,
#7112),.UNSPECIFIED.,.F.,.F.,(4,1,1,1,1,1,1,1,1,1,1,1,1,1,1,1,1,1,4),(0.E0,
5.555555555556E-2,1.111111111111E-1,1.666666666667E-1,2.222222222222E-1,
2.777777777778E-1,3.333333333333E-1,3.888888888889E-1,4.444444444444E-1,5.E-1,
5.555555555556E-1,6.111111111111E-1,6.666666666667E-1,7.222222222222E-1,
7.777777777778E-1,8.333333333333E-1,8.888888888889E-1,9.444444444444E-1,1.E0),
.UNSPECIFIED.);
#7145=B_SPLINE_CURVE_WITH_KNOTS('',3,(#7124,#7125,#7126,#7127,#7128,#7129,#7130,
#7131,#7132,#7133,#7134,#7135,#7136,#7137,#7138,#7139,#7140,#7141,#7142,#7143,
#7144),.UNSPECIFIED.,.F.,.F.,(4,1,1,1,1,1,1,1,1,1,1,1,1,1,1,1,1,1,4),(0.E0,
5.555555555556E-2,1.111111111111E-1,1.666666666667E-1,2.222222222222E-1,
2.777777777778E-1,3.333333333333E-1,3.888888888889E-1,4.444444444444E-1,5.E-1,
5.555555555556E-1,6.111111111111E-1,6.666666666667E-1,7.222222222222E-1,
7.777777777778E-1,8.333333333333E-1,8.888888888889E-1,9.444444444444E-1,1.E0),
.UNSPECIFIED.);
#7156=B_SPLINE_CURVE_WITH_KNOTS('',3,(#7149,#7150,#7151,#7152,#7153,#7154,
#7155),.UNSPECIFIED.,.F.,.F.,(4,1,1,1,4),(0.E0,2.5E-1,5.E-1,7.5E-1,1.E0),
.UNSPECIFIED.);
#7178=B_SPLINE_CURVE_WITH_KNOTS('',3,(#7160,#7161,#7162,#7163,#7164,#7165,#7166,
#7167,#7168,#7169,#7170,#7171,#7172,#7173,#7174,#7175,#7176,#7177),
.UNSPECIFIED.,.F.,.F.,(4,1,1,1,1,1,1,1,1,1,1,1,1,1,1,4),(0.E0,6.666666666667E-2,
1.333333333333E-1,2.E-1,2.666666666667E-1,3.333333333333E-1,4.E-1,
4.666666666667E-1,5.333333333333E-1,6.E-1,6.666666666667E-1,7.333333333333E-1,
8.E-1,8.666666666667E-1,9.333333333333E-1,1.E0),.UNSPECIFIED.);
#7210=B_SPLINE_CURVE_WITH_KNOTS('',3,(#7189,#7190,#7191,#7192,#7193,#7194,#7195,
#7196,#7197,#7198,#7199,#7200,#7201,#7202,#7203,#7204,#7205,#7206,#7207,#7208,
#7209),.UNSPECIFIED.,.F.,.F.,(4,1,1,1,1,1,1,1,1,1,1,1,1,1,1,1,1,1,4),(0.E0,
5.555555555556E-2,1.111111111111E-1,1.666666666667E-1,2.222222222222E-1,
2.777777777778E-1,3.333333333333E-1,3.888888888889E-1,4.444444444444E-1,5.E-1,
5.555555555556E-1,6.111111111111E-1,6.666666666667E-1,7.222222222222E-1,
7.777777777778E-1,8.333333333333E-1,8.888888888889E-1,9.444444444444E-1,1.E0),
.UNSPECIFIED.);
#7235=B_SPLINE_CURVE_WITH_KNOTS('',3,(#7214,#7215,#7216,#7217,#7218,#7219,#7220,
#7221,#7222,#7223,#7224,#7225,#7226,#7227,#7228,#7229,#7230,#7231,#7232,#7233,
#7234),.UNSPECIFIED.,.F.,.F.,(4,1,1,1,1,1,1,1,1,1,1,1,1,1,1,1,1,1,4),(0.E0,
5.555555555556E-2,1.111111111111E-1,1.666666666667E-1,2.222222222222E-1,
2.777777777778E-1,3.333333333333E-1,3.888888888889E-1,4.444444444444E-1,5.E-1,
5.555555555556E-1,6.111111111111E-1,6.666666666667E-1,7.222222222222E-1,
7.777777777778E-1,8.333333333333E-1,8.888888888889E-1,9.444444444444E-1,1.E0),
.UNSPECIFIED.);
#7267=B_SPLINE_CURVE_WITH_KNOTS('',3,(#7246,#7247,#7248,#7249,#7250,#7251,#7252,
#7253,#7254,#7255,#7256,#7257,#7258,#7259,#7260,#7261,#7262,#7263,#7264,#7265,
#7266),.UNSPECIFIED.,.F.,.F.,(4,1,1,1,1,1,1,1,1,1,1,1,1,1,1,1,1,1,4),(0.E0,
5.555555555556E-2,1.111111111111E-1,1.666666666667E-1,2.222222222222E-1,
2.777777777778E-1,3.333333333333E-1,3.888888888889E-1,4.444444444444E-1,5.E-1,
5.555555555556E-1,6.111111111111E-1,6.666666666667E-1,7.222222222222E-1,
7.777777777778E-1,8.333333333333E-1,8.888888888889E-1,9.444444444444E-1,1.E0),
.UNSPECIFIED.);
#7277=B_SPLINE_CURVE_WITH_KNOTS('',3,(#7271,#7272,#7273,#7274,#7275,#7276),
.UNSPECIFIED.,.F.,.F.,(4,1,1,4),(0.E0,3.333333333333E-1,6.666666666667E-1,1.E0),
.UNSPECIFIED.);
#7301=B_SPLINE_CURVE_WITH_KNOTS('',3,(#7281,#7282,#7283,#7284,#7285,#7286,#7287,
#7288,#7289,#7290,#7291,#7292,#7293,#7294,#7295,#7296,#7297,#7298,#7299,#7300),
.UNSPECIFIED.,.F.,.F.,(4,1,1,1,1,1,1,1,1,1,1,1,1,1,1,1,1,4),(0.E0,
5.882352941176E-2,1.176470588235E-1,1.764705882353E-1,2.352941176471E-1,
2.941176470588E-1,3.529411764706E-1,4.117647058824E-1,4.705882352941E-1,
5.294117647059E-1,5.882352941176E-1,6.470588235294E-1,7.058823529412E-1,
7.647058823529E-1,8.235294117647E-1,8.823529411765E-1,9.411764705882E-1,1.E0),
.UNSPECIFIED.);
#7332=B_SPLINE_CURVE_WITH_KNOTS('',3,(#7312,#7313,#7314,#7315,#7316,#7317,#7318,
#7319,#7320,#7321,#7322,#7323,#7324,#7325,#7326,#7327,#7328,#7329,#7330,#7331),
.UNSPECIFIED.,.F.,.F.,(4,1,1,1,1,1,1,1,1,1,1,1,1,1,1,1,1,4),(0.E0,
5.882352941176E-2,1.176470588235E-1,1.764705882353E-1,2.352941176471E-1,
2.941176470588E-1,3.529411764706E-1,4.117647058824E-1,4.705882352941E-1,
5.294117647059E-1,5.882352941176E-1,6.470588235294E-1,7.058823529412E-1,
7.647058823529E-1,8.235294117647E-1,8.823529411765E-1,9.411764705882E-1,1.E0),
.UNSPECIFIED.);
#7342=B_SPLINE_CURVE_WITH_KNOTS('',3,(#7336,#7337,#7338,#7339,#7340,#7341),
.UNSPECIFIED.,.F.,.F.,(4,1,1,4),(0.E0,3.333333333333E-1,6.666666666667E-1,1.E0),
.UNSPECIFIED.);
#7367=B_SPLINE_CURVE_WITH_KNOTS('',3,(#7346,#7347,#7348,#7349,#7350,#7351,#7352,
#7353,#7354,#7355,#7356,#7357,#7358,#7359,#7360,#7361,#7362,#7363,#7364,#7365,
#7366),.UNSPECIFIED.,.F.,.F.,(4,1,1,1,1,1,1,1,1,1,1,1,1,1,1,1,1,1,4),(0.E0,
5.555555555556E-2,1.111111111111E-1,1.666666666667E-1,2.222222222222E-1,
2.777777777778E-1,3.333333333333E-1,3.888888888889E-1,4.444444444444E-1,5.E-1,
5.555555555556E-1,6.111111111111E-1,6.666666666667E-1,7.222222222222E-1,
7.777777777778E-1,8.333333333333E-1,8.888888888889E-1,9.444444444444E-1,1.E0),
.UNSPECIFIED.);
#7399=B_SPLINE_CURVE_WITH_KNOTS('',3,(#7378,#7379,#7380,#7381,#7382,#7383,#7384,
#7385,#7386,#7387,#7388,#7389,#7390,#7391,#7392,#7393,#7394,#7395,#7396,#7397,
#7398),.UNSPECIFIED.,.F.,.F.,(4,1,1,1,1,1,1,1,1,1,1,1,1,1,1,1,1,1,4),(0.E0,
5.555555555556E-2,1.111111111111E-1,1.666666666667E-1,2.222222222222E-1,
2.777777777778E-1,3.333333333333E-1,3.888888888889E-1,4.444444444444E-1,5.E-1,
5.555555555556E-1,6.111111111111E-1,6.666666666667E-1,7.222222222222E-1,
7.777777777778E-1,8.333333333333E-1,8.888888888889E-1,9.444444444444E-1,1.E0),
.UNSPECIFIED.);
#7424=B_SPLINE_CURVE_WITH_KNOTS('',3,(#7403,#7404,#7405,#7406,#7407,#7408,#7409,
#7410,#7411,#7412,#7413,#7414,#7415,#7416,#7417,#7418,#7419,#7420,#7421,#7422,
#7423),.UNSPECIFIED.,.F.,.F.,(4,1,1,1,1,1,1,1,1,1,1,1,1,1,1,1,1,1,4),(0.E0,
5.555555555556E-2,1.111111111111E-1,1.666666666667E-1,2.222222222222E-1,
2.777777777778E-1,3.333333333333E-1,3.888888888889E-1,4.444444444444E-1,5.E-1,
5.555555555556E-1,6.111111111111E-1,6.666666666667E-1,7.222222222222E-1,
7.777777777778E-1,8.333333333333E-1,8.888888888889E-1,9.444444444444E-1,1.E0),
.UNSPECIFIED.);
#7568=B_SPLINE_CURVE_WITH_KNOTS('',3,(#7449,#7450,#7451,#7452,#7453,#7454,#7455,
#7456,#7457,#7458,#7459,#7460,#7461,#7462,#7463,#7464,#7465,#7466,#7467,#7468,
#7469,#7470,#7471,#7472,#7473,#7474,#7475,#7476,#7477,#7478,#7479,#7480,#7481,
#7482,#7483,#7484,#7485,#7486,#7487,#7488,#7489,#7490,#7491,#7492,#7493,#7494,
#7495,#7496,#7497,#7498,#7499,#7500,#7501,#7502,#7503,#7504,#7505,#7506,#7507,
#7508,#7509,#7510,#7511,#7512,#7513,#7514,#7515,#7516,#7517,#7518,#7519,#7520,
#7521,#7522,#7523,#7524,#7525,#7526,#7527,#7528,#7529,#7530,#7531,#7532,#7533,
#7534,#7535,#7536,#7537,#7538,#7539,#7540,#7541,#7542,#7543,#7544,#7545,#7546,
#7547,#7548,#7549,#7550,#7551,#7552,#7553,#7554,#7555,#7556,#7557,#7558,#7559,
#7560,#7561,#7562,#7563,#7564,#7565,#7566,#7567),.UNSPECIFIED.,.F.,.F.,(4,1,1,1,
1,1,1,1,1,1,1,1,1,1,1,1,1,1,1,1,1,1,1,1,1,1,1,1,1,1,1,1,1,1,1,1,1,1,1,1,1,1,1,1,
1,1,1,1,1,1,1,1,1,1,1,1,1,1,1,1,1,1,1,1,1,1,1,1,1,1,1,1,1,1,1,1,1,1,1,1,1,1,1,1,
1,1,1,1,1,1,1,1,1,1,1,1,1,1,1,1,1,1,1,1,1,1,1,1,1,1,1,1,1,1,1,1,4),(0.E0,
8.620689655172E-3,1.724137931034E-2,2.586206896552E-2,3.448275862069E-2,
4.310344827586E-2,5.172413793103E-2,6.034482758621E-2,6.896551724138E-2,
7.758620689655E-2,8.620689655172E-2,9.482758620690E-2,1.034482758621E-1,
1.120689655172E-1,1.206896551724E-1,1.293103448276E-1,1.379310344828E-1,
1.465517241379E-1,1.551724137931E-1,1.637931034483E-1,1.724137931034E-1,
1.810344827586E-1,1.896551724138E-1,1.982758620690E-1,2.068965517241E-1,
2.155172413793E-1,2.241379310345E-1,2.327586206897E-1,2.413793103448E-1,2.5E-1,
2.586206896552E-1,2.672413793103E-1,2.758620689655E-1,2.844827586207E-1,
2.931034482759E-1,3.017241379310E-1,3.103448275862E-1,3.189655172414E-1,
3.275862068966E-1,3.362068965517E-1,3.448275862069E-1,3.534482758621E-1,
3.620689655172E-1,3.706896551724E-1,3.793103448276E-1,3.879310344828E-1,
3.965517241379E-1,4.051724137931E-1,4.137931034483E-1,4.224137931034E-1,
4.310344827586E-1,4.396551724138E-1,4.482758620690E-1,4.568965517241E-1,
4.655172413793E-1,4.741379310345E-1,4.827586206897E-1,4.913793103448E-1,5.E-1,
5.086206896552E-1,5.172413793103E-1,5.258620689655E-1,5.344827586207E-1,
5.431034482759E-1,5.517241379310E-1,5.603448275862E-1,5.689655172414E-1,
5.775862068966E-1,5.862068965517E-1,5.948275862069E-1,6.034482758621E-1,
6.120689655172E-1,6.206896551724E-1,6.293103448276E-1,6.379310344828E-1,
6.465517241379E-1,6.551724137931E-1,6.637931034483E-1,6.724137931034E-1,
6.810344827586E-1,6.896551724138E-1,6.982758620690E-1,7.068965517241E-1,
7.155172413793E-1,7.241379310345E-1,7.327586206897E-1,7.413793103448E-1,7.5E-1,
7.586206896552E-1,7.672413793103E-1,7.758620689655E-1,7.844827586207E-1,
7.931034482759E-1,8.017241379310E-1,8.103448275862E-1,8.189655172414E-1,
8.275862068966E-1,8.362068965517E-1,8.448275862069E-1,8.534482758621E-1,
8.620689655172E-1,8.706896551724E-1,8.793103448276E-1,8.879310344828E-1,
8.965517241379E-1,9.051724137931E-1,9.137931034483E-1,9.224137931034E-1,
9.310344827586E-1,9.396551724138E-1,9.482758620690E-1,9.568965517241E-1,
9.655172413793E-1,9.741379310345E-1,9.827586206897E-1,9.913793103448E-1,1.E0),
.UNSPECIFIED.);
#7665=B_SPLINE_CURVE_WITH_KNOTS('',3,(#7572,#7573,#7574,#7575,#7576,#7577,#7578,
#7579,#7580,#7581,#7582,#7583,#7584,#7585,#7586,#7587,#7588,#7589,#7590,#7591,
#7592,#7593,#7594,#7595,#7596,#7597,#7598,#7599,#7600,#7601,#7602,#7603,#7604,
#7605,#7606,#7607,#7608,#7609,#7610,#7611,#7612,#7613,#7614,#7615,#7616,#7617,
#7618,#7619,#7620,#7621,#7622,#7623,#7624,#7625,#7626,#7627,#7628,#7629,#7630,
#7631,#7632,#7633,#7634,#7635,#7636,#7637,#7638,#7639,#7640,#7641,#7642,#7643,
#7644,#7645,#7646,#7647,#7648,#7649,#7650,#7651,#7652,#7653,#7654,#7655,#7656,
#7657,#7658,#7659,#7660,#7661,#7662,#7663,#7664),.UNSPECIFIED.,.F.,.F.,(4,1,1,1,
1,1,1,1,1,1,1,1,1,1,1,1,1,1,1,1,1,1,1,1,1,1,1,1,1,1,1,1,1,1,1,1,1,1,1,1,1,1,1,1,
1,1,1,1,1,1,1,1,1,1,1,1,1,1,1,1,1,1,1,1,1,1,1,1,1,1,1,1,1,1,1,1,1,1,1,1,1,1,1,1,
1,1,1,1,1,1,4),(0.E0,1.111111111111E-2,2.222222222222E-2,3.333333333333E-2,
4.444444444444E-2,5.555555555556E-2,6.666666666667E-2,7.777777777778E-2,
8.888888888889E-2,1.E-1,1.111111111111E-1,1.222222222222E-1,1.333333333333E-1,
1.444444444444E-1,1.555555555556E-1,1.666666666667E-1,1.777777777778E-1,
1.888888888889E-1,2.E-1,2.111111111111E-1,2.222222222222E-1,2.333333333333E-1,
2.444444444444E-1,2.555555555556E-1,2.666666666667E-1,2.777777777778E-1,
2.888888888889E-1,3.E-1,3.111111111111E-1,3.222222222222E-1,3.333333333333E-1,
3.444444444444E-1,3.555555555556E-1,3.666666666667E-1,3.777777777778E-1,
3.888888888889E-1,4.E-1,4.111111111111E-1,4.222222222222E-1,4.333333333333E-1,
4.444444444444E-1,4.555555555556E-1,4.666666666667E-1,4.777777777778E-1,
4.888888888889E-1,5.E-1,5.111111111111E-1,5.222222222222E-1,5.333333333333E-1,
5.444444444444E-1,5.555555555556E-1,5.666666666667E-1,5.777777777778E-1,
5.888888888889E-1,6.E-1,6.111111111111E-1,6.222222222222E-1,6.333333333333E-1,
6.444444444444E-1,6.555555555556E-1,6.666666666667E-1,6.777777777778E-1,
6.888888888889E-1,7.E-1,7.111111111111E-1,7.222222222222E-1,7.333333333333E-1,
7.444444444444E-1,7.555555555556E-1,7.666666666667E-1,7.777777777778E-1,
7.888888888889E-1,8.E-1,8.111111111111E-1,8.222222222222E-1,8.333333333333E-1,
8.444444444444E-1,8.555555555556E-1,8.666666666667E-1,8.777777777778E-1,
8.888888888889E-1,9.E-1,9.111111111111E-1,9.222222222222E-1,9.333333333333E-1,
9.444444444444E-1,9.555555555556E-1,9.666666666667E-1,9.777777777778E-1,
9.888888888889E-1,1.E0),.UNSPECIFIED.);
#7673=CIRCLE('',#7672,1.E0);
#7681=CIRCLE('',#7680,1.1115E0);
#7704=B_SPLINE_CURVE_WITH_KNOTS('',3,(#7685,#7686,#7687,#7688,#7689,#7690,#7691,
#7692,#7693,#7694,#7695,#7696,#7697,#7698,#7699,#7700,#7701,#7702,#7703),
.UNSPECIFIED.,.F.,.F.,(4,1,1,1,1,1,1,1,1,1,1,1,1,1,1,1,4),(0.E0,6.25E-2,1.25E-1,
1.875E-1,2.5E-1,3.125E-1,3.75E-1,4.375E-1,5.E-1,5.625E-1,6.25E-1,6.875E-1,
7.5E-1,8.125E-1,8.75E-1,9.375E-1,1.E0),.UNSPECIFIED.);
#7796=B_SPLINE_CURVE_WITH_KNOTS('',3,(#7708,#7709,#7710,#7711,#7712,#7713,#7714,
#7715,#7716,#7717,#7718,#7719,#7720,#7721,#7722,#7723,#7724,#7725,#7726,#7727,
#7728,#7729,#7730,#7731,#7732,#7733,#7734,#7735,#7736,#7737,#7738,#7739,#7740,
#7741,#7742,#7743,#7744,#7745,#7746,#7747,#7748,#7749,#7750,#7751,#7752,#7753,
#7754,#7755,#7756,#7757,#7758,#7759,#7760,#7761,#7762,#7763,#7764,#7765,#7766,
#7767,#7768,#7769,#7770,#7771,#7772,#7773,#7774,#7775,#7776,#7777,#7778,#7779,
#7780,#7781,#7782,#7783,#7784,#7785,#7786,#7787,#7788,#7789,#7790,#7791,#7792,
#7793,#7794,#7795),.UNSPECIFIED.,.F.,.F.,(4,1,1,1,1,1,1,1,1,1,1,1,1,1,1,1,1,1,1,
1,1,1,1,1,1,1,1,1,1,1,1,1,1,1,1,1,1,1,1,1,1,1,1,1,1,1,1,1,1,1,1,1,1,1,1,1,1,1,1,
1,1,1,1,1,1,1,1,1,1,1,1,1,1,1,1,1,1,1,1,1,1,1,1,1,1,4),(0.E0,1.176470588235E-2,
2.352941176471E-2,3.529411764706E-2,4.705882352941E-2,5.882352941176E-2,
7.058823529412E-2,8.235294117647E-2,9.411764705882E-2,1.058823529412E-1,
1.176470588235E-1,1.294117647059E-1,1.411764705882E-1,1.529411764706E-1,
1.647058823529E-1,1.764705882353E-1,1.882352941176E-1,2.E-1,2.117647058824E-1,
2.235294117647E-1,2.352941176471E-1,2.470588235294E-1,2.588235294118E-1,
2.705882352941E-1,2.823529411765E-1,2.941176470588E-1,3.058823529412E-1,
3.176470588235E-1,3.294117647059E-1,3.411764705882E-1,3.529411764706E-1,
3.647058823529E-1,3.764705882353E-1,3.882352941176E-1,4.E-1,4.117647058824E-1,
4.235294117647E-1,4.352941176471E-1,4.470588235294E-1,4.588235294118E-1,
4.705882352941E-1,4.823529411765E-1,4.941176470588E-1,5.058823529412E-1,
5.176470588235E-1,5.294117647059E-1,5.411764705882E-1,5.529411764706E-1,
5.647058823529E-1,5.764705882353E-1,5.882352941176E-1,6.E-1,6.117647058824E-1,
6.235294117647E-1,6.352941176471E-1,6.470588235294E-1,6.588235294118E-1,
6.705882352941E-1,6.823529411765E-1,6.941176470588E-1,7.058823529412E-1,
7.176470588235E-1,7.294117647059E-1,7.411764705882E-1,7.529411764706E-1,
7.647058823529E-1,7.764705882353E-1,7.882352941176E-1,8.E-1,8.117647058824E-1,
8.235294117647E-1,8.352941176471E-1,8.470588235294E-1,8.588235294118E-1,
8.705882352941E-1,8.823529411765E-1,8.941176470588E-1,9.058823529412E-1,
9.176470588235E-1,9.294117647059E-1,9.411764705882E-1,9.529411764706E-1,
9.647058823529E-1,9.764705882353E-1,9.882352941176E-1,1.E0),.UNSPECIFIED.);
#7919=B_SPLINE_CURVE_WITH_KNOTS('',3,(#7800,#7801,#7802,#7803,#7804,#7805,#7806,
#7807,#7808,#7809,#7810,#7811,#7812,#7813,#7814,#7815,#7816,#7817,#7818,#7819,
#7820,#7821,#7822,#7823,#7824,#7825,#7826,#7827,#7828,#7829,#7830,#7831,#7832,
#7833,#7834,#7835,#7836,#7837,#7838,#7839,#7840,#7841,#7842,#7843,#7844,#7845,
#7846,#7847,#7848,#7849,#7850,#7851,#7852,#7853,#7854,#7855,#7856,#7857,#7858,
#7859,#7860,#7861,#7862,#7863,#7864,#7865,#7866,#7867,#7868,#7869,#7870,#7871,
#7872,#7873,#7874,#7875,#7876,#7877,#7878,#7879,#7880,#7881,#7882,#7883,#7884,
#7885,#7886,#7887,#7888,#7889,#7890,#7891,#7892,#7893,#7894,#7895,#7896,#7897,
#7898,#7899,#7900,#7901,#7902,#7903,#7904,#7905,#7906,#7907,#7908,#7909,#7910,
#7911,#7912,#7913,#7914,#7915,#7916,#7917,#7918),.UNSPECIFIED.,.F.,.F.,(4,1,1,1,
1,1,1,1,1,1,1,1,1,1,1,1,1,1,1,1,1,1,1,1,1,1,1,1,1,1,1,1,1,1,1,1,1,1,1,1,1,1,1,1,
1,1,1,1,1,1,1,1,1,1,1,1,1,1,1,1,1,1,1,1,1,1,1,1,1,1,1,1,1,1,1,1,1,1,1,1,1,1,1,1,
1,1,1,1,1,1,1,1,1,1,1,1,1,1,1,1,1,1,1,1,1,1,1,1,1,1,1,1,1,1,1,1,4),(0.E0,
8.620689655172E-3,1.724137931034E-2,2.586206896552E-2,3.448275862069E-2,
4.310344827586E-2,5.172413793103E-2,6.034482758621E-2,6.896551724138E-2,
7.758620689655E-2,8.620689655172E-2,9.482758620690E-2,1.034482758621E-1,
1.120689655172E-1,1.206896551724E-1,1.293103448276E-1,1.379310344828E-1,
1.465517241379E-1,1.551724137931E-1,1.637931034483E-1,1.724137931034E-1,
1.810344827586E-1,1.896551724138E-1,1.982758620690E-1,2.068965517241E-1,
2.155172413793E-1,2.241379310345E-1,2.327586206897E-1,2.413793103448E-1,2.5E-1,
2.586206896552E-1,2.672413793103E-1,2.758620689655E-1,2.844827586207E-1,
2.931034482759E-1,3.017241379310E-1,3.103448275862E-1,3.189655172414E-1,
3.275862068966E-1,3.362068965517E-1,3.448275862069E-1,3.534482758621E-1,
3.620689655172E-1,3.706896551724E-1,3.793103448276E-1,3.879310344828E-1,
3.965517241379E-1,4.051724137931E-1,4.137931034483E-1,4.224137931034E-1,
4.310344827586E-1,4.396551724138E-1,4.482758620690E-1,4.568965517241E-1,
4.655172413793E-1,4.741379310345E-1,4.827586206897E-1,4.913793103448E-1,5.E-1,
5.086206896552E-1,5.172413793103E-1,5.258620689655E-1,5.344827586207E-1,
5.431034482759E-1,5.517241379310E-1,5.603448275862E-1,5.689655172414E-1,
5.775862068966E-1,5.862068965517E-1,5.948275862069E-1,6.034482758621E-1,
6.120689655172E-1,6.206896551724E-1,6.293103448276E-1,6.379310344828E-1,
6.465517241379E-1,6.551724137931E-1,6.637931034483E-1,6.724137931034E-1,
6.810344827586E-1,6.896551724138E-1,6.982758620690E-1,7.068965517241E-1,
7.155172413793E-1,7.241379310345E-1,7.327586206897E-1,7.413793103448E-1,7.5E-1,
7.586206896552E-1,7.672413793103E-1,7.758620689655E-1,7.844827586207E-1,
7.931034482759E-1,8.017241379310E-1,8.103448275862E-1,8.189655172414E-1,
8.275862068966E-1,8.362068965517E-1,8.448275862069E-1,8.534482758621E-1,
8.620689655172E-1,8.706896551724E-1,8.793103448276E-1,8.879310344828E-1,
8.965517241379E-1,9.051724137931E-1,9.137931034483E-1,9.224137931034E-1,
9.310344827586E-1,9.396551724138E-1,9.482758620690E-1,9.568965517241E-1,
9.655172413793E-1,9.741379310345E-1,9.827586206897E-1,9.913793103448E-1,1.E0),
.UNSPECIFIED.);
#8049=B_SPLINE_CURVE_WITH_KNOTS('',3,(#7930,#7931,#7932,#7933,#7934,#7935,#7936,
#7937,#7938,#7939,#7940,#7941,#7942,#7943,#7944,#7945,#7946,#7947,#7948,#7949,
#7950,#7951,#7952,#7953,#7954,#7955,#7956,#7957,#7958,#7959,#7960,#7961,#7962,
#7963,#7964,#7965,#7966,#7967,#7968,#7969,#7970,#7971,#7972,#7973,#7974,#7975,
#7976,#7977,#7978,#7979,#7980,#7981,#7982,#7983,#7984,#7985,#7986,#7987,#7988,
#7989,#7990,#7991,#7992,#7993,#7994,#7995,#7996,#7997,#7998,#7999,#8000,#8001,
#8002,#8003,#8004,#8005,#8006,#8007,#8008,#8009,#8010,#8011,#8012,#8013,#8014,
#8015,#8016,#8017,#8018,#8019,#8020,#8021,#8022,#8023,#8024,#8025,#8026,#8027,
#8028,#8029,#8030,#8031,#8032,#8033,#8034,#8035,#8036,#8037,#8038,#8039,#8040,
#8041,#8042,#8043,#8044,#8045,#8046,#8047,#8048),.UNSPECIFIED.,.F.,.F.,(4,1,1,1,
1,1,1,1,1,1,1,1,1,1,1,1,1,1,1,1,1,1,1,1,1,1,1,1,1,1,1,1,1,1,1,1,1,1,1,1,1,1,1,1,
1,1,1,1,1,1,1,1,1,1,1,1,1,1,1,1,1,1,1,1,1,1,1,1,1,1,1,1,1,1,1,1,1,1,1,1,1,1,1,1,
1,1,1,1,1,1,1,1,1,1,1,1,1,1,1,1,1,1,1,1,1,1,1,1,1,1,1,1,1,1,1,1,4),(0.E0,
8.620689655172E-3,1.724137931034E-2,2.586206896552E-2,3.448275862069E-2,
4.310344827586E-2,5.172413793103E-2,6.034482758621E-2,6.896551724138E-2,
7.758620689655E-2,8.620689655172E-2,9.482758620690E-2,1.034482758621E-1,
1.120689655172E-1,1.206896551724E-1,1.293103448276E-1,1.379310344828E-1,
1.465517241379E-1,1.551724137931E-1,1.637931034483E-1,1.724137931034E-1,
1.810344827586E-1,1.896551724138E-1,1.982758620690E-1,2.068965517241E-1,
2.155172413793E-1,2.241379310345E-1,2.327586206897E-1,2.413793103448E-1,2.5E-1,
2.586206896552E-1,2.672413793103E-1,2.758620689655E-1,2.844827586207E-1,
2.931034482759E-1,3.017241379310E-1,3.103448275862E-1,3.189655172414E-1,
3.275862068966E-1,3.362068965517E-1,3.448275862069E-1,3.534482758621E-1,
3.620689655172E-1,3.706896551724E-1,3.793103448276E-1,3.879310344828E-1,
3.965517241379E-1,4.051724137931E-1,4.137931034483E-1,4.224137931034E-1,
4.310344827586E-1,4.396551724138E-1,4.482758620690E-1,4.568965517241E-1,
4.655172413793E-1,4.741379310345E-1,4.827586206897E-1,4.913793103448E-1,5.E-1,
5.086206896552E-1,5.172413793103E-1,5.258620689655E-1,5.344827586207E-1,
5.431034482759E-1,5.517241379310E-1,5.603448275862E-1,5.689655172414E-1,
5.775862068966E-1,5.862068965517E-1,5.948275862069E-1,6.034482758621E-1,
6.120689655172E-1,6.206896551724E-1,6.293103448276E-1,6.379310344828E-1,
6.465517241379E-1,6.551724137931E-1,6.637931034483E-1,6.724137931034E-1,
6.810344827586E-1,6.896551724138E-1,6.982758620690E-1,7.068965517241E-1,
7.155172413793E-1,7.241379310345E-1,7.327586206897E-1,7.413793103448E-1,7.5E-1,
7.586206896552E-1,7.672413793103E-1,7.758620689655E-1,7.844827586207E-1,
7.931034482759E-1,8.017241379310E-1,8.103448275862E-1,8.189655172414E-1,
8.275862068966E-1,8.362068965517E-1,8.448275862069E-1,8.534482758621E-1,
8.620689655172E-1,8.706896551724E-1,8.793103448276E-1,8.879310344828E-1,
8.965517241379E-1,9.051724137931E-1,9.137931034483E-1,9.224137931034E-1,
9.310344827586E-1,9.396551724138E-1,9.482758620690E-1,9.568965517241E-1,
9.655172413793E-1,9.741379310345E-1,9.827586206897E-1,9.913793103448E-1,1.E0),
.UNSPECIFIED.);
#8150=B_SPLINE_CURVE_WITH_KNOTS('',3,(#8060,#8061,#8062,#8063,#8064,#8065,#8066,
#8067,#8068,#8069,#8070,#8071,#8072,#8073,#8074,#8075,#8076,#8077,#8078,#8079,
#8080,#8081,#8082,#8083,#8084,#8085,#8086,#8087,#8088,#8089,#8090,#8091,#8092,
#8093,#8094,#8095,#8096,#8097,#8098,#8099,#8100,#8101,#8102,#8103,#8104,#8105,
#8106,#8107,#8108,#8109,#8110,#8111,#8112,#8113,#8114,#8115,#8116,#8117,#8118,
#8119,#8120,#8121,#8122,#8123,#8124,#8125,#8126,#8127,#8128,#8129,#8130,#8131,
#8132,#8133,#8134,#8135,#8136,#8137,#8138,#8139,#8140,#8141,#8142,#8143,#8144,
#8145,#8146,#8147,#8148,#8149),.UNSPECIFIED.,.F.,.F.,(4,1,1,1,1,1,1,1,1,1,1,1,1,
1,1,1,1,1,1,1,1,1,1,1,1,1,1,1,1,1,1,1,1,1,1,1,1,1,1,1,1,1,1,1,1,1,1,1,1,1,1,1,1,
1,1,1,1,1,1,1,1,1,1,1,1,1,1,1,1,1,1,1,1,1,1,1,1,1,1,1,1,1,1,1,1,1,1,4),(0.E0,
1.149425287356E-2,2.298850574713E-2,3.448275862069E-2,4.597701149425E-2,
5.747126436782E-2,6.896551724138E-2,8.045977011494E-2,9.195402298851E-2,
1.034482758621E-1,1.149425287356E-1,1.264367816092E-1,1.379310344828E-1,
1.494252873563E-1,1.609195402299E-1,1.724137931034E-1,1.839080459770E-1,
1.954022988506E-1,2.068965517241E-1,2.183908045977E-1,2.298850574713E-1,
2.413793103448E-1,2.528735632184E-1,2.643678160920E-1,2.758620689655E-1,
2.873563218391E-1,2.988505747126E-1,3.103448275862E-1,3.218390804598E-1,
3.333333333333E-1,3.448275862069E-1,3.563218390805E-1,3.678160919540E-1,
3.793103448276E-1,3.908045977011E-1,4.022988505747E-1,4.137931034483E-1,
4.252873563218E-1,4.367816091954E-1,4.482758620690E-1,4.597701149425E-1,
4.712643678161E-1,4.827586206897E-1,4.942528735632E-1,5.057471264368E-1,
5.172413793103E-1,5.287356321839E-1,5.402298850575E-1,5.517241379310E-1,
5.632183908046E-1,5.747126436782E-1,5.862068965517E-1,5.977011494253E-1,
6.091954022989E-1,6.206896551724E-1,6.321839080460E-1,6.436781609195E-1,
6.551724137931E-1,6.666666666667E-1,6.781609195402E-1,6.896551724138E-1,
7.011494252874E-1,7.126436781609E-1,7.241379310345E-1,7.356321839080E-1,
7.471264367816E-1,7.586206896552E-1,7.701149425287E-1,7.816091954023E-1,
7.931034482759E-1,8.045977011494E-1,8.160919540230E-1,8.275862068966E-1,
8.390804597701E-1,8.505747126437E-1,8.620689655172E-1,8.735632183908E-1,
8.850574712644E-1,8.965517241379E-1,9.080459770115E-1,9.195402298851E-1,
9.310344827586E-1,9.425287356322E-1,9.540229885057E-1,9.655172413793E-1,
9.770114942529E-1,9.885057471264E-1,1.E0),.UNSPECIFIED.);
#8165=CIRCLE('',#8164,1.E0);
#8180=B_SPLINE_CURVE_WITH_KNOTS('',3,(#8169,#8170,#8171,#8172,#8173,#8174,#8175,
#8176,#8177,#8178,#8179),.UNSPECIFIED.,.F.,.F.,(4,1,1,1,1,1,1,1,4),(0.E0,
1.25E-1,2.5E-1,3.75E-1,5.E-1,6.25E-1,7.5E-1,8.75E-1,1.E0),.UNSPECIFIED.);
#8188=CIRCLE('',#8187,8.115E-1);
#8199=B_SPLINE_CURVE_WITH_KNOTS('',3,(#8192,#8193,#8194,#8195,#8196,#8197,
#8198),.UNSPECIFIED.,.F.,.F.,(4,1,1,1,4),(0.E0,2.5E-1,5.E-1,7.5E-1,1.E0),
.UNSPECIFIED.);
#8214=CIRCLE('',#8213,1.1115E0);
#8234=B_SPLINE_CURVE_WITH_KNOTS('',3,(#8225,#8226,#8227,#8228,#8229,#8230,#8231,
#8232,#8233),.UNSPECIFIED.,.F.,.F.,(4,1,1,1,1,1,4),(0.E0,1.666666666667E-1,
3.333333333333E-1,5.E-1,6.666666666667E-1,8.333333333333E-1,1.E0),
.UNSPECIFIED.);
#8323=B_SPLINE_CURVE_WITH_KNOTS('',3,(#8238,#8239,#8240,#8241,#8242,#8243,#8244,
#8245,#8246,#8247,#8248,#8249,#8250,#8251,#8252,#8253,#8254,#8255,#8256,#8257,
#8258,#8259,#8260,#8261,#8262,#8263,#8264,#8265,#8266,#8267,#8268,#8269,#8270,
#8271,#8272,#8273,#8274,#8275,#8276,#8277,#8278,#8279,#8280,#8281,#8282,#8283,
#8284,#8285,#8286,#8287,#8288,#8289,#8290,#8291,#8292,#8293,#8294,#8295,#8296,
#8297,#8298,#8299,#8300,#8301,#8302,#8303,#8304,#8305,#8306,#8307,#8308,#8309,
#8310,#8311,#8312,#8313,#8314,#8315,#8316,#8317,#8318,#8319,#8320,#8321,#8322),
.UNSPECIFIED.,.F.,.F.,(4,1,1,1,1,1,1,1,1,1,1,1,1,1,1,1,1,1,1,1,1,1,1,1,1,1,1,1,
1,1,1,1,1,1,1,1,1,1,1,1,1,1,1,1,1,1,1,1,1,1,1,1,1,1,1,1,1,1,1,1,1,1,1,1,1,1,1,1,
1,1,1,1,1,1,1,1,1,1,1,1,1,1,4),(0.E0,1.219512195122E-2,2.439024390244E-2,
3.658536585366E-2,4.878048780488E-2,6.097560975610E-2,7.317073170732E-2,
8.536585365854E-2,9.756097560976E-2,1.097560975610E-1,1.219512195122E-1,
1.341463414634E-1,1.463414634146E-1,1.585365853659E-1,1.707317073171E-1,
1.829268292683E-1,1.951219512195E-1,2.073170731707E-1,2.195121951220E-1,
2.317073170732E-1,2.439024390244E-1,2.560975609756E-1,2.682926829268E-1,
2.804878048780E-1,2.926829268293E-1,3.048780487805E-1,3.170731707317E-1,
3.292682926829E-1,3.414634146341E-1,3.536585365854E-1,3.658536585366E-1,
3.780487804878E-1,3.902439024390E-1,4.024390243902E-1,4.146341463415E-1,
4.268292682927E-1,4.390243902439E-1,4.512195121951E-1,4.634146341463E-1,
4.756097560976E-1,4.878048780488E-1,5.E-1,5.121951219512E-1,5.243902439024E-1,
5.365853658537E-1,5.487804878049E-1,5.609756097561E-1,5.731707317073E-1,
5.853658536585E-1,5.975609756098E-1,6.097560975610E-1,6.219512195122E-1,
6.341463414634E-1,6.463414634146E-1,6.585365853659E-1,6.707317073171E-1,
6.829268292683E-1,6.951219512195E-1,7.073170731707E-1,7.195121951220E-1,
7.317073170732E-1,7.439024390244E-1,7.560975609756E-1,7.682926829268E-1,
7.804878048780E-1,7.926829268293E-1,8.048780487805E-1,8.170731707317E-1,
8.292682926829E-1,8.414634146341E-1,8.536585365854E-1,8.658536585366E-1,
8.780487804878E-1,8.902439024390E-1,9.024390243902E-1,9.146341463415E-1,
9.268292682927E-1,9.390243902439E-1,9.512195121951E-1,9.634146341463E-1,
9.756097560976E-1,9.878048780488E-1,1.E0),.UNSPECIFIED.);
#8474=B_SPLINE_CURVE_WITH_KNOTS('',3,(#8355,#8356,#8357,#8358,#8359,#8360,#8361,
#8362,#8363,#8364,#8365,#8366,#8367,#8368,#8369,#8370,#8371,#8372,#8373,#8374,
#8375,#8376,#8377,#8378,#8379,#8380,#8381,#8382,#8383,#8384,#8385,#8386,#8387,
#8388,#8389,#8390,#8391,#8392,#8393,#8394,#8395,#8396,#8397,#8398,#8399,#8400,
#8401,#8402,#8403,#8404,#8405,#8406,#8407,#8408,#8409,#8410,#8411,#8412,#8413,
#8414,#8415,#8416,#8417,#8418,#8419,#8420,#8421,#8422,#8423,#8424,#8425,#8426,
#8427,#8428,#8429,#8430,#8431,#8432,#8433,#8434,#8435,#8436,#8437,#8438,#8439,
#8440,#8441,#8442,#8443,#8444,#8445,#8446,#8447,#8448,#8449,#8450,#8451,#8452,
#8453,#8454,#8455,#8456,#8457,#8458,#8459,#8460,#8461,#8462,#8463,#8464,#8465,
#8466,#8467,#8468,#8469,#8470,#8471,#8472,#8473),.UNSPECIFIED.,.F.,.F.,(4,1,1,1,
1,1,1,1,1,1,1,1,1,1,1,1,1,1,1,1,1,1,1,1,1,1,1,1,1,1,1,1,1,1,1,1,1,1,1,1,1,1,1,1,
1,1,1,1,1,1,1,1,1,1,1,1,1,1,1,1,1,1,1,1,1,1,1,1,1,1,1,1,1,1,1,1,1,1,1,1,1,1,1,1,
1,1,1,1,1,1,1,1,1,1,1,1,1,1,1,1,1,1,1,1,1,1,1,1,1,1,1,1,1,1,1,1,4),(0.E0,
8.620689655172E-3,1.724137931034E-2,2.586206896552E-2,3.448275862069E-2,
4.310344827586E-2,5.172413793103E-2,6.034482758621E-2,6.896551724138E-2,
7.758620689655E-2,8.620689655172E-2,9.482758620690E-2,1.034482758621E-1,
1.120689655172E-1,1.206896551724E-1,1.293103448276E-1,1.379310344828E-1,
1.465517241379E-1,1.551724137931E-1,1.637931034483E-1,1.724137931034E-1,
1.810344827586E-1,1.896551724138E-1,1.982758620690E-1,2.068965517241E-1,
2.155172413793E-1,2.241379310345E-1,2.327586206897E-1,2.413793103448E-1,2.5E-1,
2.586206896552E-1,2.672413793103E-1,2.758620689655E-1,2.844827586207E-1,
2.931034482759E-1,3.017241379310E-1,3.103448275862E-1,3.189655172414E-1,
3.275862068966E-1,3.362068965517E-1,3.448275862069E-1,3.534482758621E-1,
3.620689655172E-1,3.706896551724E-1,3.793103448276E-1,3.879310344828E-1,
3.965517241379E-1,4.051724137931E-1,4.137931034483E-1,4.224137931034E-1,
4.310344827586E-1,4.396551724138E-1,4.482758620690E-1,4.568965517241E-1,
4.655172413793E-1,4.741379310345E-1,4.827586206897E-1,4.913793103448E-1,5.E-1,
5.086206896552E-1,5.172413793103E-1,5.258620689655E-1,5.344827586207E-1,
5.431034482759E-1,5.517241379310E-1,5.603448275862E-1,5.689655172414E-1,
5.775862068966E-1,5.862068965517E-1,5.948275862069E-1,6.034482758621E-1,
6.120689655172E-1,6.206896551724E-1,6.293103448276E-1,6.379310344828E-1,
6.465517241379E-1,6.551724137931E-1,6.637931034483E-1,6.724137931034E-1,
6.810344827586E-1,6.896551724138E-1,6.982758620690E-1,7.068965517241E-1,
7.155172413793E-1,7.241379310345E-1,7.327586206897E-1,7.413793103448E-1,7.5E-1,
7.586206896552E-1,7.672413793103E-1,7.758620689655E-1,7.844827586207E-1,
7.931034482759E-1,8.017241379310E-1,8.103448275862E-1,8.189655172414E-1,
8.275862068966E-1,8.362068965517E-1,8.448275862069E-1,8.534482758621E-1,
8.620689655172E-1,8.706896551724E-1,8.793103448276E-1,8.879310344828E-1,
8.965517241379E-1,9.051724137931E-1,9.137931034483E-1,9.224137931034E-1,
9.310344827586E-1,9.396551724138E-1,9.482758620690E-1,9.568965517241E-1,
9.655172413793E-1,9.741379310345E-1,9.827586206897E-1,9.913793103448E-1,1.E0),
.UNSPECIFIED.);
#8500=B_SPLINE_CURVE_WITH_KNOTS('',3,(#8478,#8479,#8480,#8481,#8482,#8483,#8484,
#8485,#8486,#8487,#8488,#8489,#8490,#8491,#8492,#8493,#8494,#8495,#8496,#8497,
#8498,#8499),.UNSPECIFIED.,.F.,.F.,(4,1,1,1,1,1,1,1,1,1,1,1,1,1,1,1,1,1,1,4),(
0.E0,5.263157894737E-2,1.052631578947E-1,1.578947368421E-1,2.105263157895E-1,
2.631578947368E-1,3.157894736842E-1,3.684210526316E-1,4.210526315789E-1,
4.736842105263E-1,5.263157894737E-1,5.789473684211E-1,6.315789473684E-1,
6.842105263158E-1,7.368421052632E-1,7.894736842105E-1,8.421052631579E-1,
8.947368421053E-1,9.473684210526E-1,1.E0),.UNSPECIFIED.);
#8508=CIRCLE('',#8507,1.1115E0);
#8697=EDGE_CURVE('',#8561,#8556,#5862,.T.);
#8699=EDGE_CURVE('',#8556,#8557,#5869,.T.);
#8701=EDGE_CURVE('',#8557,#8560,#5876,.T.);
#8703=EDGE_CURVE('',#8560,#8561,#5883,.T.);
#8707=EDGE_CURVE('',#8581,#8580,#8214,.T.);
#8709=EDGE_CURVE('',#8580,#8581,#8508,.T.);
#8713=ADVANCED_FACE('',(#8706,#8712),#8696,.F.);
#8719=EDGE_CURVE('',#8573,#8568,#5890,.T.);
#8721=EDGE_CURVE('',#8556,#8568,#8522,.T.);
#8724=EDGE_CURVE('',#8561,#8573,#5897,.T.);
#8728=ADVANCED_FACE('',(#8727),#8718,.T.);
#8734=EDGE_CURVE('',#8568,#8569,#8515,.T.);
#8737=EDGE_CURVE('',#8572,#8573,#8543,.T.);
#8739=EDGE_CURVE('',#8569,#8572,#8529,.T.);
#8743=EDGE_CURVE('',#8564,#8565,#5905,.T.);
#8745=EDGE_CURVE('',#8565,#8564,#5913,.T.);
#8749=ADVANCED_FACE('',(#8742,#8748),#8733,.F.);
#8755=EDGE_CURVE('',#8664,#8665,#5921,.T.);
#8757=EDGE_CURVE('',#8565,#8665,#5978,.T.);
#8760=EDGE_CURVE('',#8564,#8664,#5928,.T.);
#8764=ADVANCED_FACE('',(#8763),#8754,.T.);
#8770=EDGE_CURVE('',#8668,#8669,#6009,.T.);
#8772=EDGE_CURVE('',#8669,#8671,#6064,.T.);
#8774=EDGE_CURVE('',#8671,#8589,#5935,.T.);
#8776=EDGE_CURVE('',#8588,#8589,#6191,.T.);
#8778=EDGE_CURVE('',#8668,#8588,#5985,.T.);
#8782=ADVANCED_FACE('',(#8781),#8769,.T.);
#8788=EDGE_CURVE('',#8676,#8677,#5942,.T.);
#8790=EDGE_CURVE('',#8677,#8689,#6087,.T.);
#8792=EDGE_CURVE('',#8689,#8691,#5949,.T.);
#8794=EDGE_CURVE('',#8691,#8680,#6079,.T.);
#8796=EDGE_CURVE('',#8680,#8681,#5956,.T.);
#8798=EDGE_CURVE('',#8687,#8681,#6001,.T.);
#8800=EDGE_CURVE('',#8687,#8685,#5963,.T.);
#8802=EDGE_CURVE('',#8676,#8685,#5993,.T.);
#8807=EDGE_CURVE('',#8665,#8664,#5971,.T.);
#8811=ADVANCED_FACE('',(#8805,#8810),#8787,.T.);
#8823=ADVANCED_FACE('',(#8822),#8816,.T.);
#8829=EDGE_CURVE('',#8673,#8668,#6017,.T.);
#8832=EDGE_CURVE('',#8589,#8588,#6168,.T.);
#8835=EDGE_CURVE('',#8671,#8673,#6056,.T.);
#8839=ADVANCED_FACE('',(#8838),#8828,.T.);
#8845=EDGE_CURVE('',#8682,#8676,#6029,.T.);
#8848=EDGE_CURVE('',#8685,#8687,#6145,.T.);
#8851=EDGE_CURVE('',#8681,#8683,#6111,.T.);
#8853=EDGE_CURVE('',#8683,#8669,#6071,.T.);
#8857=EDGE_CURVE('',#8682,#8673,#6048,.T.);
#8861=ADVANCED_FACE('',(#8860),#8844,.T.);
#8869=EDGE_CURVE('',#8677,#8682,#6041,.T.);
#8873=ADVANCED_FACE('',(#8872),#8866,.F.);
#8884=EDGE_CURVE('',#8683,#8680,#6099,.T.);
#8887=EDGE_CURVE('',#8691,#8689,#6128,.T.);
#8892=ADVANCED_FACE('',(#8891),#8878,.T.);
#8903=ADVANCED_FACE('',(#8902),#8897,.F.);
#8913=ADVANCED_FACE('',(#8912),#8908,.F.);
#8923=ADVANCED_FACE('',(#8922),#8918,.F.);
#8929=EDGE_CURVE('',#8585,#8584,#6153,.T.);
#8931=EDGE_CURVE('',#8585,#8589,#6160,.T.);
#8934=EDGE_CURVE('',#8584,#8588,#6175,.T.);
#8938=ADVANCED_FACE('',(#8937),#8928,.T.);
#8944=EDGE_CURVE('',#8584,#8585,#6183,.T.);
#8949=EDGE_CURVE('',#8577,#8576,#6248,.T.);
#8951=EDGE_CURVE('',#8576,#8577,#7681,.T.);
#8955=ADVANCED_FACE('',(#8948,#8954),#8943,.T.);
#8967=ADVANCED_FACE('',(#8966),#8960,.T.);
#8973=EDGE_CURVE('',#8661,#8641,#6206,.T.);
#8975=EDGE_CURVE('',#8641,#8653,#6214,.T.);
#8977=EDGE_CURVE('',#8652,#8653,#6233,.T.);
#8979=EDGE_CURVE('',#8577,#8652,#6240,.T.);
#8982=EDGE_CURVE('',#8576,#8650,#6255,.T.);
#8984=EDGE_CURVE('',#8661,#8650,#6263,.T.);
#8988=ADVANCED_FACE('',(#8987),#8972,.F.);
#9130=EDGE_CURVE('',#8602,#8603,#6288,.T.);
#9132=EDGE_CURVE('',#8603,#8641,#6933,.T.);
#9135=EDGE_CURVE('',#8661,#8592,#7665,.T.);
#9137=EDGE_CURVE('',#8640,#8592,#7438,.T.);
#9139=EDGE_CURVE('',#8640,#8604,#6834,.T.);
#9141=EDGE_CURVE('',#8604,#8605,#6345,.T.);
#9143=EDGE_CURVE('',#8605,#8602,#6958,.T.);
#9147=ADVANCED_FACE('',(#9146),#9129,.F.);
#9154=EDGE_CURVE('',#8602,#8607,#6998,.T.);
#9156=EDGE_CURVE('',#8606,#8607,#6313,.T.);
#9158=EDGE_CURVE('',#8603,#8606,#6320,.T.);
#9162=ADVANCED_FACE('',(#9161),#9152,.F.);
#9169=EDGE_CURVE('',#8604,#8615,#6880,.T.);
#9171=EDGE_CURVE('',#8614,#8615,#6370,.T.);
#9173=EDGE_CURVE('',#8605,#8614,#6377,.T.);
#9177=ADVANCED_FACE('',(#9176),#9167,.F.);
#9183=EDGE_CURVE('',#8608,#8609,#6402,.T.);
#9185=EDGE_CURVE('',#8608,#8617,#7120,.T.);
#9187=EDGE_CURVE('',#8616,#8617,#6427,.T.);
#9189=EDGE_CURVE('',#8609,#8616,#6434,.T.);
#9193=ADVANCED_FACE('',(#9192),#9182,.F.);
#9199=EDGE_CURVE('',#8610,#8611,#6459,.T.);
#9201=EDGE_CURVE('',#8610,#8619,#7185,.T.);
#9203=EDGE_CURVE('',#8618,#8619,#6484,.T.);
#9205=EDGE_CURVE('',#8611,#8618,#6491,.T.);
#9209=ADVANCED_FACE('',(#9208),#9198,.F.);
#9215=EDGE_CURVE('',#8612,#8613,#6516,.T.);
#9217=EDGE_CURVE('',#8612,#8627,#7063,.T.);
#9219=EDGE_CURVE('',#8626,#8627,#6541,.T.);
#9221=EDGE_CURVE('',#8613,#8626,#6548,.T.);
#9225=ADVANCED_FACE('',(#9224),#9214,.F.);
#9231=EDGE_CURVE('',#8620,#8621,#6573,.T.);
#9233=EDGE_CURVE('',#8620,#8629,#7242,.T.);
#9235=EDGE_CURVE('',#8628,#8629,#6598,.T.);
#9237=EDGE_CURVE('',#8621,#8628,#6605,.T.);
#9241=ADVANCED_FACE('',(#9240),#9230,.F.);
#9247=EDGE_CURVE('',#8622,#8623,#6630,.T.);
#9249=EDGE_CURVE('',#8622,#8631,#7308,.T.);
#9251=EDGE_CURVE('',#8630,#8631,#6655,.T.);
#9253=EDGE_CURVE('',#8623,#8630,#6662,.T.);
#9257=ADVANCED_FACE('',(#9256),#9246,.F.);
#9263=EDGE_CURVE('',#8624,#8625,#6687,.T.);
#9265=EDGE_CURVE('',#8624,#8637,#7374,.T.);
#9267=EDGE_CURVE('',#8636,#8637,#6712,.T.);
#9269=EDGE_CURVE('',#8625,#8636,#6719,.T.);
#9273=ADVANCED_FACE('',(#9272),#9262,.F.);
#9279=EDGE_CURVE('',#8632,#8633,#6744,.T.);
#9281=EDGE_CURVE('',#8632,#8639,#7431,.T.);
#9283=EDGE_CURVE('',#8638,#8639,#6769,.T.);
#9285=EDGE_CURVE('',#8633,#8638,#6776,.T.);
#9289=ADVANCED_FACE('',(#9288),#9278,.F.);
#9295=EDGE_CURVE('',#8634,#8635,#6798,.T.);
#9297=EDGE_CURVE('',#8660,#8634,#8188,.T.);
#9299=EDGE_CURVE('',#8647,#8660,#6808,.T.);
#9301=EDGE_CURVE('',#8635,#8647,#6815,.T.);
#9305=ADVANCED_FACE('',(#9304),#9294,.F.);
#9312=EDGE_CURVE('',#8609,#8640,#6848,.T.);
#9315=EDGE_CURVE('',#8615,#8616,#6873,.T.);
#9320=ADVANCED_FACE('',(#9319),#9310,.F.);
#9326=EDGE_CURVE('',#8606,#8653,#6912,.T.);
#9333=ADVANCED_FACE('',(#9332),#9325,.F.);
#9341=EDGE_CURVE('',#8642,#8614,#6972,.T.);
#9343=EDGE_CURVE('',#8607,#8642,#6991,.T.);
#9348=ADVANCED_FACE('',(#9347),#9338,.F.);
#9354=EDGE_CURVE('',#8643,#8612,#7020,.T.);
#9356=EDGE_CURVE('',#8621,#8643,#7031,.T.);
#9359=EDGE_CURVE('',#8627,#8628,#7056,.T.);
#9364=ADVANCED_FACE('',(#9363),#9353,.F.);
#9370=EDGE_CURVE('',#8611,#8608,#7088,.T.);
#9373=EDGE_CURVE('',#8617,#8618,#7113,.T.);
#9378=ADVANCED_FACE('',(#9377),#9369,.F.);
#9384=EDGE_CURVE('',#8613,#8610,#7145,.T.);
#9387=EDGE_CURVE('',#8644,#8626,#7156,.T.);
#9389=EDGE_CURVE('',#8619,#8644,#7178,.T.);
#9394=ADVANCED_FACE('',(#9393),#9383,.F.);
#9400=EDGE_CURVE('',#8623,#8620,#7210,.T.);
#9403=EDGE_CURVE('',#8629,#8630,#7235,.T.);
#9408=ADVANCED_FACE('',(#9407),#9399,.F.);
#9414=EDGE_CURVE('',#8625,#8622,#7267,.T.);
#9417=EDGE_CURVE('',#8646,#8636,#7277,.T.);
#9419=EDGE_CURVE('',#8631,#8646,#7301,.T.);
#9424=ADVANCED_FACE('',(#9423),#9413,.F.);
#9430=EDGE_CURVE('',#8645,#8624,#7332,.T.);
#9432=EDGE_CURVE('',#8633,#8645,#7342,.T.);
#9435=EDGE_CURVE('',#8637,#8638,#7367,.T.);
#9440=ADVANCED_FACE('',(#9439),#9429,.F.);
#9446=EDGE_CURVE('',#8635,#8632,#7399,.T.);
#9449=EDGE_CURVE('',#8639,#8647,#7424,.T.);
#9454=ADVANCED_FACE('',(#9453),#9445,.F.);
#9599=EDGE_CURVE('',#8592,#8596,#7568,.T.);
#9601=EDGE_CURVE('',#8643,#8596,#8344,.T.);
#9610=ADVANCED_FACE('',(#9609),#9595,.F.);
#9752=EDGE_CURVE('',#8592,#8593,#7445,.T.);
#9754=EDGE_CURVE('',#8593,#8597,#7919,.T.);
#9756=EDGE_CURVE('',#8596,#8597,#8351,.T.);
#9761=ADVANCED_FACE('',(#9760),#9751,.F.);
#9903=EDGE_CURVE('',#8650,#8651,#7673,.T.);
#9905=EDGE_CURVE('',#8651,#8593,#7796,.T.);
#9912=ADVANCED_FACE('',(#9911),#9902,.F.);
#9922=EDGE_CURVE('',#8651,#8652,#7704,.T.);
#9926=ADVANCED_FACE('',(#9925),#9917,.F.);
#10070=EDGE_CURVE('',#8593,#8642,#7926,.T.);
#10078=ADVANCED_FACE('',(#10077),#10067,.F.);
#10226=EDGE_CURVE('',#8597,#8644,#8056,.T.);
#10233=ADVANCED_FACE('',(#10232),#10219,.F.);
#10381=EDGE_CURVE('',#8601,#8646,#8157,.T.);
#10383=EDGE_CURVE('',#8597,#8601,#8049,.T.);
#10389=ADVANCED_FACE('',(#10388),#10374,.F.);
#10536=EDGE_CURVE('',#8660,#8658,#8180,.T.);
#10538=EDGE_CURVE('',#8601,#8658,#8150,.T.);
#10544=ADVANCED_FACE('',(#10543),#10530,.F.);
#10550=EDGE_CURVE('',#8658,#8659,#8165,.T.);
#10554=EDGE_CURVE('',#8655,#8634,#8199,.T.);
#10556=EDGE_CURVE('',#8580,#8655,#8206,.T.);
#10559=EDGE_CURVE('',#8581,#8654,#8221,.T.);
#10561=EDGE_CURVE('',#8659,#8654,#8234,.T.);
#10565=ADVANCED_FACE('',(#10564),#10549,.F.);
#10708=EDGE_CURVE('',#8600,#8659,#8323,.T.);
#10710=EDGE_CURVE('',#8600,#8601,#8330,.T.);
#10715=ADVANCED_FACE('',(#10714),#10706,.F.);
#10859=EDGE_CURVE('',#8645,#8600,#8337,.T.);
#10863=EDGE_CURVE('',#8654,#8655,#8500,.T.);
#10870=ADVANCED_FACE('',(#10869),#10856,.F.);
#11015=EDGE_CURVE('',#8596,#8600,#8474,.T.);
#11025=ADVANCED_FACE('',(#11024),#11011,.F.);
#11173=ADVANCED_FACE('',(#11172),#11166,.F.);
#11185=ADVANCED_FACE('',(#11184),#11178,.F.);
#11192=EDGE_CURVE('',#8557,#8569,#8536,.T.);
#11198=ADVANCED_FACE('',(#11197),#11190,.T.);
#11205=EDGE_CURVE('',#8560,#8572,#8550,.T.);
#11211=ADVANCED_FACE('',(#11210),#11203,.T.);
#11223=ADVANCED_FACE('',(#11222),#11216,.T.);
#11229=CIRCLE('',#11228,1.E0);
#11244=CIRCLE('',#11243,1.E0);
#11252=CIRCLE('',#11251,1.E0);
#11267=CIRCLE('',#11266,1.E0);
#11284=EDGE_CURVE('',#11278,#11277,#11229,.T.);
#11286=EDGE_CURVE('',#11277,#11273,#11236,.T.);
#11288=EDGE_CURVE('',#11273,#11274,#11244,.T.);
#11290=EDGE_CURVE('',#11278,#11274,#11259,.T.);
#11294=ADVANCED_FACE('',(#11293),#11283,.T.);
#11300=EDGE_CURVE('',#11277,#11278,#11252,.T.);
#11303=EDGE_CURVE('',#11274,#11273,#11267,.T.);
#11308=ADVANCED_FACE('',(#11307),#11299,.T.);
#11325=(LENGTH_UNIT()NAMED_UNIT(*)SI_UNIT(.MILLI.,.METRE.));
#11327=(NAMED_UNIT(*)PLANE_ANGLE_UNIT()SI_UNIT($,.RADIAN.));
#11330=(NAMED_UNIT(*)SI_UNIT($,.STERADIAN.)SOLID_ANGLE_UNIT());
#11332=(GEOMETRIC_REPRESENTATION_CONTEXT(3)GLOBAL_UNCERTAINTY_ASSIGNED_CONTEXT((
#11331))GLOBAL_UNIT_ASSIGNED_CONTEXT((#11325,#11329,#11330))REPRESENTATION_CONTEXT('ID3','3'));
#11336=AXIS2_PLACEMENT_3D('',#11333,#11334,#11335);
#11337=ADVANCED_BREP_SHAPE_REPRESENTATION('',(#11336,#11316),#11332);
#11341=AXIS2_PLACEMENT_3D('',#11338,#11339,#11340);
#11342=MANIFOLD_SURFACE_SHAPE_REPRESENTATION('',(#11341,#11324),#11332);
#11346=AXIS2_PLACEMENT_3D('',#11343,#11344,#11345);
#11347=SHAPE_REPRESENTATION('',(#11346),#11332);
#11354=PRODUCT_DEFINITION('design','',#11353,#11350);
#11355=PRODUCT_DEFINITION_SHAPE('','SHAPE FOR M80-210.',#11354);
#11356=SHAPE_DEFINITION_REPRESENTATION(#11355,#11347);
#11357=NEXT_ASSEMBLY_USAGE_OCCURRENCE('744','Next assembly relationship',
'M80-210',#11391,#11354,$);
#11358=PRODUCT_DEFINITION_SHAPE('Placement #744',
'Placement of M80-210 with respect to M80-5002022_ASM',#11357);
#11366=NEXT_ASSEMBLY_USAGE_OCCURRENCE('745','Next assembly relationship',
'M80-210',#11391,#11354,$);
#11367=PRODUCT_DEFINITION_SHAPE('Placement #745',
'Placement of M80-210 with respect to M80-5002022_ASM',#11366);
#11375=(LENGTH_UNIT()NAMED_UNIT(*)SI_UNIT(.MILLI.,.METRE.));
#11377=(NAMED_UNIT(*)PLANE_ANGLE_UNIT()SI_UNIT($,.RADIAN.));
#11380=(NAMED_UNIT(*)SI_UNIT($,.STERADIAN.)SOLID_ANGLE_UNIT());
#11382=(GEOMETRIC_REPRESENTATION_CONTEXT(3)GLOBAL_UNCERTAINTY_ASSIGNED_CONTEXT((
#11381))GLOBAL_UNIT_ASSIGNED_CONTEXT((#11375,#11379,#11380))REPRESENTATION_CONTEXT('ID4','3'));
#11386=AXIS2_PLACEMENT_3D('',#11383,#11384,#11385);
#11391=PRODUCT_DEFINITION('design','',#11390,#11350);
ENDSEC;
END-ISO-10303-21;
