ISO-10303-21;
HEADER;
FILE_DESCRIPTION (( 'STEP AP214' ),
    '1' );
FILE_NAME ('CUI_DEVICES_PR4-12V-450-1A.step',
    '2023-08-28T19:49:33',
    ( '' ),
    ( '' ),
    'SwSTEP 2.0',
    'SolidWorks 2023',
    '' );
FILE_SCHEMA (( 'AUTOMOTIVE_DESIGN' ));
ENDSEC;

DATA;
#1 = PLANE ( 'NONE',  #3998 ) ;
#2 = CIRCLE ( 'NONE', #546, 0.04999999999999969746 ) ;
#3 = EDGE_CURVE ( 'NONE', #898, #3236, #823, .T. ) ;
#4 = DIRECTION ( 'NONE',  ( 0.000000000000000000, 0.000000000000000000, -1.000000000000000000 ) ) ;
#5 = VECTOR ( 'NONE', #4726, 1000.000000000000000 ) ;
#6 = DIRECTION ( 'NONE',  ( 0.000000000000000000, 1.000000000000000000, 0.000000000000000000 ) ) ;
#7 = CARTESIAN_POINT ( 'NONE',  ( 7.147486580264430067, 0.000000000000000000, -5.049999999999998934 ) ) ;
#8 = LINE ( 'NONE', #1289, #643 ) ;
#9 = CARTESIAN_POINT ( 'NONE',  ( -7.650000000000003908, -3.900000000000000355, 4.049999999999999822 ) ) ;
#10 = ORIENTED_EDGE ( 'NONE', *, *, #4392, .F. ) ;
#11 = VECTOR ( 'NONE', #56, 1000.000000000000000 ) ;
#12 = LINE ( 'NONE', #1046, #3072 ) ;
#13 = DIRECTION ( 'NONE',  ( 1.000000000000000000, 0.000000000000000000, 0.000000000000000000 ) ) ;
#14 = VECTOR ( 'NONE', #496, 1000.000000000000000 ) ;
#15 = CARTESIAN_POINT ( 'NONE',  ( -6.900000000000003908, -0.2999999999999999889, -5.099999999999998757 ) ) ;
#16 = EDGE_LOOP ( 'NONE', ( #2923, #4689, #2300, #1344 ) ) ;
#17 = ORIENTED_EDGE ( 'NONE', *, *, #2518, .F. ) ;
#18 = CARTESIAN_POINT ( 'NONE',  ( -5.800000000000004263, -0.3000000000000000444, 5.100000000000000533 ) ) ;
#19 = ORIENTED_EDGE ( 'NONE', *, *, #4679, .T. ) ;
#20 = AXIS2_PLACEMENT_3D ( 'NONE', #1258, #806, #873 ) ;
#21 = CARTESIAN_POINT ( 'NONE',  ( 9.049999999999991829, 15.15000000000000036, -5.049999999999998934 ) ) ;
#22 = DIRECTION ( 'NONE',  ( 0.000000000000000000, 0.000000000000000000, -1.000000000000000000 ) ) ;
#23 = VECTOR ( 'NONE', #2066, 1000.000000000000000 ) ;
#24 = VERTEX_POINT ( 'NONE', #3065 ) ;
#25 = AXIS2_PLACEMENT_3D ( 'NONE', #4806, #1450, #1593 ) ;
#26 = CARTESIAN_POINT ( 'NONE',  ( 6.995632496820411994, -0.1911749808269647410, 4.849999999999999645 ) ) ;
#27 = ORIENTED_EDGE ( 'NONE', *, *, #2896, .T. ) ;
#28 = VECTOR ( 'NONE', #3939, 1000.000000000000000 ) ;
#29 = CARTESIAN_POINT ( 'NONE',  ( 6.899999999999998579, -0.3000000000000000444, 5.050000000000000711 ) ) ;
#30 = VECTOR ( 'NONE', #1946, 1000.000000000000000 ) ;
#31 = CARTESIAN_POINT ( 'NONE',  ( 7.639999999999996128, -4.400000000000000355, -4.211836509645769056 ) ) ;
#32 = CARTESIAN_POINT ( 'NONE',  ( 5.652006451087615346, -0.03994332498388174224, 5.100000000000000533 ) ) ;
#33 = EDGE_CURVE ( 'NONE', #1657, #4270, #936, .T. ) ;
#34 = CARTESIAN_POINT ( 'NONE',  ( -5.680214192855177480, -0.2438471263512923259, -4.900000000000000355 ) ) ;
#35 = DIRECTION ( 'NONE',  ( 0.000000000000000000, 0.000000000000000000, -1.000000000000000000 ) ) ;
#36 = ORIENTED_EDGE ( 'NONE', *, *, #730, .T. ) ;
#37 = CARTESIAN_POINT ( 'NONE',  ( -7.100000000000004086, -0.2999999999999999889, 5.112499999999997158 ) ) ;
#38 = DIRECTION ( 'NONE',  ( 0.000000000000000000, 0.000000000000000000, -1.000000000000000000 ) ) ;
#39 = ORIENTED_EDGE ( 'NONE', *, *, #2961, .F. ) ;
#40 = CARTESIAN_POINT ( 'NONE',  ( 7.097740064588402120, -0.04497166249194838733, 5.050000000000000711 ) ) ;
#41 = ORIENTED_EDGE ( 'NONE', *, *, #4493, .T. ) ;
#42 = AXIS2_PLACEMENT_3D ( 'NONE', #3688, #3662, #3248 ) ;
#43 = DIRECTION ( 'NONE',  ( 0.000000000000000000, 0.000000000000000000, -1.000000000000000000 ) ) ;
#44 = CARTESIAN_POINT ( 'NONE',  ( 5.669333175230465649, -0.1312847592859398282, -5.099999999999998757 ) ) ;
#45 = ORIENTED_EDGE ( 'NONE', *, *, #1731, .T. ) ;
#46 = ADVANCED_FACE ( 'NONE', ( #914 ), #2852, .F. ) ;
#47 = ORIENTED_EDGE ( 'NONE', *, *, #1553, .F. ) ;
#48 = DIRECTION ( 'NONE',  ( -1.000000000000000000, 2.642742795433410353E-15, 0.000000000000000000 ) ) ;
#49 = LINE ( 'NONE', #3788, #551 ) ;
#50 = FACE_OUTER_BOUND ( 'NONE', #4294, .T. ) ;
#51 = LINE ( 'NONE', #2022, #2678 ) ;
#52 = ORIENTED_EDGE ( 'NONE', *, *, #3962, .F. ) ;
#53 = EDGE_CURVE ( 'NONE', #2241, #1386, #1663, .T. ) ;
#54 = EDGE_CURVE ( 'NONE', #3090, #2807, #1251, .T. ) ;
#55 =( LENGTH_UNIT ( ) NAMED_UNIT ( * ) SI_UNIT ( .MILLI., .METRE. ) );
#56 = DIRECTION ( 'NONE',  ( 1.000000000000000000, 0.000000000000000000, 0.000000000000000000 ) ) ;
#57 = CARTESIAN_POINT ( 'NONE',  ( -6.900000000000004796, -0.2492928932188134550, -5.099999999999998757 ) ) ;
#58 = CARTESIAN_POINT ( 'NONE',  ( 9.049999999999997158, 0.04999999999999969746, 5.100000000000000533 ) ) ;
#59 = ORIENTED_EDGE ( 'NONE', *, *, #1655, .F. ) ;
#60 = CARTESIAN_POINT ( 'NONE',  ( -5.761352311731551268, -0.2999989463167942461, 5.099999999999979217 ) ) ;
#61 = ORIENTED_EDGE ( 'NONE', *, *, #2786, .T. ) ;
#62 = DIRECTION ( 'NONE',  ( -1.000000000000000000, 0.000000000000000000, 0.000000000000000000 ) ) ;
#63 = FACE_OUTER_BOUND ( 'NONE', #142, .T. ) ;
#64 = CARTESIAN_POINT ( 'NONE',  ( -6.900000000000003908, -0.2499999999999999445, 4.899999999999999467 ) ) ;
#65 = ORIENTED_EDGE ( 'NONE', *, *, #1376, .T. ) ;
#66 = ORIENTED_EDGE ( 'NONE', *, *, #1914, .T. ) ;
#67 = DIRECTION ( 'NONE',  ( 0.000000000000000000, -1.000000000000000000, 0.000000000000000000 ) ) ;
#68 = CARTESIAN_POINT ( 'NONE',  ( -7.100000000000004086, 0.000000000000000000, 4.899999999999999467 ) ) ;
#69 = FACE_OUTER_BOUND ( 'NONE', #2346, .T. ) ;
#70 = AXIS2_PLACEMENT_3D ( 'NONE', #993, #1714, #3550 ) ;
#71 = CARTESIAN_POINT ( 'NONE',  ( -5.729195261177961740, -0.2836643946956013407, -4.850000000000001421 ) ) ;
#72 = ORIENTED_EDGE ( 'NONE', *, *, #4328, .F. ) ;
#73 = DIRECTION ( 'NONE',  ( 1.000000000000000000, 0.000000000000000000, 0.000000000000000000 ) ) ;
#74 = AXIS2_PLACEMENT_3D ( 'NONE', #3286, #4779, #2290 ) ;
#75 = ADVANCED_FACE ( 'NONE', ( #4334 ), #3209, .T. ) ;
#76 = CARTESIAN_POINT ( 'NONE',  ( 5.552513419735568334, 0.04999999999999969746, -5.099999999999998757 ) ) ;
#77 = ADVANCED_FACE ( 'NONE', ( #967 ), #3185, .F. ) ;
#78 = CARTESIAN_POINT ( 'NONE',  ( 5.776458670293114217, -0.2500000000000000000, -5.099999999999999645 ) ) ;
#79 = DIRECTION ( 'NONE',  ( 1.000000000000000000, 0.000000000000000000, 0.000000000000000000 ) ) ;
#80 = CARTESIAN_POINT ( 'NONE',  ( 6.899999999999998579, -0.3000000000000000444, 5.050000000000000711 ) ) ;
#81 =( BOUNDED_CURVE ( )  B_SPLINE_CURVE ( 2, ( #1991, #4810, #3398 ),
 .UNSPECIFIED., .F., .F. ) 
 B_SPLINE_CURVE_WITH_KNOTS ( ( 3, 3 ),
 ( 0.000000000000000000, 1.000000000000000000 ),
 .UNSPECIFIED. ) 
 CURVE ( )  GEOMETRIC_REPRESENTATION_ITEM ( )  RATIONAL_B_SPLINE_CURVE ( ( 1.000000000000000000, 0.7373842891637747421, 0.9457047908995577234 ) ) 
 REPRESENTATION_ITEM ( '' )  );
#82 = ORIENTED_EDGE ( 'NONE', *, *, #3971, .T. ) ;
#83 = DIRECTION ( 'NONE',  ( 0.000000000000000000, 1.000000000000000000, 0.000000000000000000 ) ) ;
#84 = VECTOR ( 'NONE', #3441, 1000.000000000000000 ) ;
#85 = CARTESIAN_POINT ( 'NONE',  ( -7.561836509645771365, -4.400000000000000355, 3.638163490354232366 ) ) ;
#86 = EDGE_CURVE ( 'NONE', #2431, #2085, #2345, .T. ) ;
#87 = CARTESIAN_POINT ( 'NONE',  ( 6.996140634538354774, -0.1916826843490256616, -4.850000000000000533 ) ) ;
#88 = EDGE_LOOP ( 'NONE', ( #2475, #874, #2629, #4458 ) ) ;
#89 = CIRCLE ( 'NONE', #1114, 0.04999999999999969746 ) ;
#90 = CIRCLE ( 'NONE', #731, 1.000000000000000666 ) ;
#91 = ORIENTED_EDGE ( 'NONE', *, *, #2328, .T. ) ;
#92 = VECTOR ( 'NONE', #2950, 1000.000000000000000 ) ;
#93 = LINE ( 'NONE', #853, #2854 ) ;
#94 = DIRECTION ( 'NONE',  ( 0.9848077530122080203, -0.1736481776669307198, 0.000000000000000000 ) ) ;
#95 = VECTOR ( 'NONE', #2389, 1000.000000000000000 ) ;
#96 = EDGE_LOOP ( 'NONE', ( #2130, #10, #4245, #1853 ) ) ;
#97 = DIRECTION ( 'NONE',  ( 0.000000000000000000, 0.000000000000000000, 1.000000000000000000 ) ) ;
#98 = EDGE_LOOP ( 'NONE', ( #3493, #3976 ) ) ;
#99 = CARTESIAN_POINT ( 'NONE',  ( -7.100000000000004086, 0.000000000000000000, 4.929166666666668917 ) ) ;
#100 = VECTOR ( 'NONE', #3478, 1000.000000000000000 ) ;
#101 = CARTESIAN_POINT ( 'NONE',  ( 5.602259935411593617, -0.04497166249194797794, -5.050000000000000711 ) ) ;
#102 = CARTESIAN_POINT ( 'NONE',  ( -6.900000000000004796, -0.2496464466094066859, -5.099999999999998757 ) ) ;
#103 = DIRECTION ( 'NONE',  ( 1.000000000000000000, 0.000000000000000000, 0.000000000000000000 ) ) ;
#104 = EDGE_CURVE ( 'NONE', #3147, #2502, #3110, .T. ) ;
#105 = VERTEX_POINT ( 'NONE', #2115 ) ;
#106 = CARTESIAN_POINT ( 'NONE',  ( -5.662830394276088697, -0.2206393603763339983, 5.049999999999988276 ) ) ;
#107 = ORIENTED_EDGE ( 'NONE', *, *, #1191, .T. ) ;
#108 = CARTESIAN_POINT ( 'NONE',  ( -5.552513419735571887, -0.04999999999999989869, 4.899999999999999467 ) ) ;
#109 = EDGE_CURVE ( 'NONE', #3074, #2705, #151, .T. ) ;
#110 = CARTESIAN_POINT ( 'NONE',  ( 5.799999999999997158, -0.2999999999999999889, 5.049999999999998934 ) ) ;
#111 = PLANE ( 'NONE',  #2835 ) ;
#112 = EDGE_LOOP ( 'NONE', ( #2561, #197, #3955, #759 ) ) ;
#113 = AXIS2_PLACEMENT_3D ( 'NONE', #2556, #2534, #644 ) ;
#114 = EDGE_CURVE ( 'NONE', #1945, #1115, #2388, .T. ) ;
#115 = EDGE_CURVE ( 'NONE', #4060, #381, #224, .T. ) ;
#116 = LINE ( 'NONE', #776, #1491 ) ;
#117 = ORIENTED_EDGE ( 'NONE', *, *, #2391, .T. ) ;
#118 = CARTESIAN_POINT ( 'NONE',  ( -9.100000000000003197, 0.04999999999999969746, 5.050000000000000711 ) ) ;
#119 = DIRECTION ( 'NONE',  ( 0.000000000000000000, 0.000000000000000000, 1.000000000000000000 ) ) ;
#120 = ORIENTED_EDGE ( 'NONE', *, *, #163, .F. ) ;
#121 = CARTESIAN_POINT ( 'NONE',  ( 6.899999999999998579, -0.2499999999999999445, 4.850000000000001421 ) ) ;
#122 = CARTESIAN_POINT ( 'NONE',  ( -5.657338472060062351, -0.08566339491222668689, 5.099999999999998757 ) ) ;
#123 = ORIENTED_EDGE ( 'NONE', *, *, #3969, .F. ) ;
#124 = DIRECTION ( 'NONE',  ( -1.000000000000000000, 0.000000000000000000, 0.000000000000000000 ) ) ;
#125 = VERTEX_POINT ( 'NONE', #3963 ) ;
#126 = FACE_OUTER_BOUND ( 'NONE', #820, .T. ) ;
#127 = DIRECTION ( 'NONE',  ( 0.000000000000000000, 0.000000000000000000, 1.000000000000000000 ) ) ;
#128 = ORIENTED_EDGE ( 'NONE', *, *, #628, .T. ) ;
#129 = DIRECTION ( 'NONE',  ( 0.000000000000000000, 0.000000000000000000, 1.000000000000000000 ) ) ;
#130 = DIRECTION ( 'NONE',  ( 0.1005667501613253523, 0.9949303135204946580, -2.812558039512234840E-13 ) ) ;
#131 = CARTESIAN_POINT ( 'NONE',  ( 7.639999999999996128, 0.1000000000000000056, -3.300000000000001155 ) ) ;
#132 = DIRECTION ( 'NONE',  ( -1.000000000000000000, 0.000000000000000000, 0.000000000000000000 ) ) ;
#133 = PRODUCT_RELATED_PRODUCT_CATEGORY ( 'part', '', ( #398 ) ) ;
#134 = ORIENTED_EDGE ( 'NONE', *, *, #1701, .T. ) ;
#135 =( BOUNDED_CURVE ( )  B_SPLINE_CURVE ( 3, ( #3029, #1539, #2718, #1198 ),
 .UNSPECIFIED., .F., .F. ) 
 B_SPLINE_CURVE_WITH_KNOTS ( ( 4, 4 ),
 ( 4.712388980384689674, 6.283185307179586232 ),
 .UNSPECIFIED. ) 
 CURVE ( )  GEOMETRIC_REPRESENTATION_ITEM ( )  RATIONAL_B_SPLINE_CURVE ( ( 1.000000000000000000, 0.8047378541243649375, 0.8047378541243649375, 1.000000000000000000 ) ) 
 REPRESENTATION_ITEM ( '' )  );
#136 = EDGE_CURVE ( 'NONE', #2384, #1115, #545, .T. ) ;
#137 = ORIENTED_EDGE ( 'NONE', *, *, #4304, .T. ) ;
#138 = EDGE_CURVE ( 'NONE', #3365, #1309, #621, .T. ) ;
#139 = CARTESIAN_POINT ( 'NONE',  ( 6.945400771172573151, -0.2394237240209445838, 5.100000000000002309 ) ) ;
#140 = PLANE ( 'NONE',  #4527 ) ;
#141 = EDGE_CURVE ( 'NONE', #3455, #1530, #1303, .T. ) ;
#142 = EDGE_LOOP ( 'NONE', ( #2644, #367, #3178, #3797 ) ) ;
#143 = CARTESIAN_POINT ( 'NONE',  ( 5.669333175230486965, -0.1312847592859242574, -4.850000000000002309 ) ) ;
#144 = VERTEX_POINT ( 'NONE', #1324 ) ;
#145 = DIRECTION ( 'NONE',  ( -1.000000000000000000, 0.000000000000000000, -8.673617379884027583E-16 ) ) ;
#146 = ORIENTED_EDGE ( 'NONE', *, *, #1306, .T. ) ;
#147 = VECTOR ( 'NONE', #4191, 1000.000000000000000 ) ;
#148 = CARTESIAN_POINT ( 'NONE',  ( 6.899999999999998579, -0.2496464466094066581, -4.850000000000001421 ) ) ;
#149 = CARTESIAN_POINT ( 'NONE',  ( -6.923639019412632933, -0.2496458327427755475, 5.100000000000000533 ) ) ;
#150 = CARTESIAN_POINT ( 'NONE',  ( 5.602259935411591840, -0.04497166249194823467, -4.900000000000000355 ) ) ;
#151 = LINE ( 'NONE', #2782, #2504 ) ;
#152 = DIRECTION ( 'NONE',  ( 1.000000000000000000, 0.000000000000000000, 0.000000000000000000 ) ) ;
#153 = AXIS2_PLACEMENT_3D ( 'NONE', #903, #4151, #1624 ) ;
#154 = CARTESIAN_POINT ( 'NONE',  ( -9.050000000000004263, 15.15000000000000036, -5.049999999999998934 ) ) ;
#155 = CARTESIAN_POINT ( 'NONE',  ( -7.047993548912380390, -0.03994332498389538411, 4.850000000000001421 ) ) ;
#156 = EDGE_LOOP ( 'NONE', ( #45, #4147, #2620, #1086 ) ) ;
#157 = CIRCLE ( 'NONE', #1804, 0.04999999999999969746 ) ;
#158 = DIRECTION ( 'NONE',  ( 0.1005667501613241449, 0.9949303135204947690, 0.000000000000000000 ) ) ;
#159 = CARTESIAN_POINT ( 'NONE',  ( 7.147486580264428291, -0.04999999999999996808, 4.899999999999999467 ) ) ;
#160 = ORIENTED_EDGE ( 'NONE', *, *, #2843, .T. ) ;
#161 = CARTESIAN_POINT ( 'NONE',  ( 7.019786221758960387, -0.2438476363764894850, 5.099999999999971223 ) ) ;
#162 = VECTOR ( 'NONE', #2019, 1000.000000000000000 ) ;
#163 = EDGE_CURVE ( 'NONE', #1516, #4639, #3170, .T. ) ;
#164 = CARTESIAN_POINT ( 'NONE',  ( -6.900000000000003908, -0.2999999999999999889, 5.050000000000000711 ) ) ;
#165 = ORIENTED_EDGE ( 'NONE', *, *, #4565, .F. ) ;
#166 = CARTESIAN_POINT ( 'NONE',  ( -6.900000000000003908, -0.2999999999999999889, -5.049999999999998934 ) ) ;
#167 = CIRCLE ( 'NONE', #3689, 0.04999999999999969746 ) ;
#168 = ORIENTED_EDGE ( 'NONE', *, *, #3969, .T. ) ;
#169 = DIRECTION ( 'NONE',  ( -8.541845642371224714E-16, -0.1736481776669307198, 0.9848077530122080203 ) ) ;
#170 = ADVANCED_FACE ( 'NONE', ( #4600 ), #2803, .F. ) ;
#171 = VERTEX_POINT ( 'NONE', #892 ) ;
#172 = VECTOR ( 'NONE', #1276, 1000.000000000000000 ) ;
#173 = FACE_OUTER_BOUND ( 'NONE', #1314, .T. ) ;
#174 = CARTESIAN_POINT ( 'NONE',  ( -7.042661527939792165, -0.08566339491222541014, -5.100000000000004086 ) ) ;
#175 = CARTESIAN_POINT ( 'NONE',  ( -5.552513419735570999, -0.04999999999999985012, -4.850000000000001421 ) ) ;
#176 = DIRECTION ( 'NONE',  ( 0.000000000000000000, 0.000000000000000000, 1.000000000000000000 ) ) ;
#177 = CARTESIAN_POINT ( 'NONE',  ( 5.628037993184783261, -0.2999999999999999334, -5.049999999999999822 ) ) ;
#178 = AXIS2_PLACEMENT_3D ( 'NONE', #1996, #4071, #741 ) ;
#179 = LINE ( 'NONE', #3965, #2535 ) ;
#180 = CARTESIAN_POINT ( 'NONE',  ( 5.729194846563828492, -0.2836649047208250618, 4.899999999999980815 ) ) ;
#181 = DIRECTION ( 'NONE',  ( -1.000000000000000000, 0.000000000000000000, -1.084202172485504040E-15 ) ) ;
#182 = FACE_OUTER_BOUND ( 'NONE', #3152, .T. ) ;
#183 =( BOUNDED_SURFACE ( )  B_SPLINE_SURFACE ( 3, 2, ( 
 ( #4097, #763, #1478, #3710, #340 ),
 ( #4811, #1510, #309, #3317, #3758 ),
 ( #407, #1096, #2549, #4068, #2570 ),
 ( #1904, #2253, #1534, #1454, #2934 ),
 ( #739, #3290, #4118, #2953, #4434 ),
 ( #2978, #2175, #784, #44, #2225 ),
 ( #3004, #3735, #4462, #2647, #1146 ),
 ( #1879, #363, #1124, #1074, #2595 ) ),
 .UNSPECIFIED., .F., .F., .T. ) 
 B_SPLINE_SURFACE_WITH_KNOTS ( ( 4, 2, 2, 4 ),
 ( 3, 2, 3 ),
 ( 0.000000000000000000, 6.954209021615692513E-05, 0.0001390841804323138503, 0.0002781683608646277005 ),
 ( 0.000000000000000000, 1.000000000000000000, 1.010000000000000009 ),
 .UNSPECIFIED. ) 
 GEOMETRIC_REPRESENTATION_ITEM ( )  RATIONAL_B_SPLINE_SURFACE ( (
 ( 1.000000000000000000, 0.7071067811865475727, 1.000000000000000000, 1.000000000000000000, 1.000000000000000000),
 ( 1.000000000000000000, 0.7071067811865475727, 1.000000000000000000, 1.000000000000000000, 1.000000000000000000),
 ( 1.000000000000000000, 0.7071067811865414665, 1.000000000000000000, 1.000000000000000000, 1.000000000000000000),
 ( 1.000000000000000000, 0.7071067811865414665, 1.000000000000000000, 1.000000000000000000, 1.000000000000000000),
 ( 1.000000000000000000, 0.7071067811865475727, 1.000000000000000000, 1.000000000000000000, 1.000000000000000000),
 ( 1.000000000000000000, 0.7071067811865475727, 1.000000000000000000, 1.000000000000000000, 1.000000000000000000),
 ( 1.000000000000000000, 0.7071067811865414665, 1.000000000000000000, 1.000000000000000000, 1.000000000000000000),
 ( 1.000000000000000000, 0.7071067811865414665, 1.000000000000000000, 1.000000000000000000, 1.000000000000000000) ) ) 
 REPRESENTATION_ITEM ( '' )  SURFACE ( )  );
#184 = CARTESIAN_POINT ( 'NONE',  ( -5.761352311731549491, -0.2999989463167568871, -5.099999999999892175 ) ) ;
#185 = ORIENTED_EDGE ( 'NONE', *, *, #3608, .F. ) ;
#186 = VECTOR ( 'NONE', #2459, 1000.000000000000000 ) ;
#187 = DIRECTION ( 'NONE',  ( 0.000000000000000000, 0.9848077530122080203, -0.1736481776669307198 ) ) ;
#188 = CARTESIAN_POINT ( 'NONE',  ( -7.238163490354237339, -4.400000000000000355, -3.961836509645767279 ) ) ;
#189 = VECTOR ( 'NONE', #3174, 1000.000000000000000 ) ;
#190 = VERTEX_POINT ( 'NONE', #3866 ) ;
#191 = LINE ( 'NONE', #4217, #2229 ) ;
#192 = FACE_OUTER_BOUND ( 'NONE', #375, .T. ) ;
#193 = VERTEX_POINT ( 'NONE', #521 ) ;
#194 = LINE ( 'NONE', #1294, #1509 ) ;
#195 = EDGE_LOOP ( 'NONE', ( #1433, #137, #1468, #3268 ) ) ;
#196 = CARTESIAN_POINT ( 'NONE',  ( -5.628037993184787702, -0.2999999999999999334, -4.899999999999997691 ) ) ;
#197 = ORIENTED_EDGE ( 'NONE', *, *, #115, .T. ) ;
#198 = DIRECTION ( 'NONE',  ( 0.000000000000000000, 0.000000000000000000, -1.000000000000000000 ) ) ;
#199 = DIRECTION ( 'NONE',  ( -0.000000000000000000, -0.000000000000000000, -1.000000000000000000 ) ) ;
#200 = CARTESIAN_POINT ( 'NONE',  ( -6.945579143070731654, -0.2397343563014107393, 5.100000000000000533 ) ) ;
#201 = DIRECTION ( 'NONE',  ( -0.000000000000000000, -0.000000000000000000, -1.000000000000000000 ) ) ;
#202 = EDGE_CURVE ( 'NONE', #234, #427, #4799, .T. ) ;
#203 = CARTESIAN_POINT ( 'NONE',  ( 9.099999999999997868, 15.19999999999999929, 5.100000000000000533 ) ) ;
#204 = EDGE_CURVE ( 'NONE', #797, #2097, #4369, .T. ) ;
#205 = LINE ( 'NONE', #1746, #574 ) ;
#206 = FACE_OUTER_BOUND ( 'NONE', #1242, .T. ) ;
#207 = PRESENTATION_STYLE_ASSIGNMENT (( #4235 ) ) ;
#208 = CARTESIAN_POINT ( 'NONE',  ( -5.729195261177970622, -0.2836643946956040052, -5.099999999999976552 ) ) ;
#209 = ORIENTED_EDGE ( 'NONE', *, *, #2989, .T. ) ;
#210 = FACE_OUTER_BOUND ( 'NONE', #4239, .T. ) ;
#211 = DIRECTION ( 'NONE',  ( 0.000000000000000000, 0.000000000000000000, 1.000000000000000000 ) ) ;
#212 = ORIENTED_EDGE ( 'NONE', *, *, #3544, .F. ) ;
#213 = CARTESIAN_POINT ( 'NONE',  ( 6.899999999999998579, -0.2999999999999999889, 5.020833333333341919 ) ) ;
#214 = LINE ( 'NONE', #2478, #3581 ) ;
#215 = VERTEX_POINT ( 'NONE', #4005 ) ;
#216 = CARTESIAN_POINT ( 'NONE',  ( -5.703859365461647180, -0.1916826843490254118, -4.850000000000002309 ) ) ;
#217 = ORIENTED_EDGE ( 'NONE', *, *, #3577, .F. ) ;
#218 = CYLINDRICAL_SURFACE ( 'NONE', #270, 0.04999999999999969746 ) ;
#219 = ORIENTED_EDGE ( 'NONE', *, *, #3193, .F. ) ;
#220 = CARTESIAN_POINT ( 'NONE',  ( -7.650000000000003908, 0.1000000000000000056, 4.049999999999999822 ) ) ;
#221 = CARTESIAN_POINT ( 'NONE',  ( -6.996211726570270351, -0.1915858581630100754, -5.100000000000001421 ) ) ;
#222 = CARTESIAN_POINT ( 'NONE',  ( -8.850000000000003197, 0.05000000000000000278, -4.850000000000001421 ) ) ;
#223 = DIRECTION ( 'NONE',  ( 1.000000000000000000, 0.000000000000000000, 0.000000000000000000 ) ) ;
#224 = LINE ( 'NONE', #2410, #3892 ) ;
#225 = EDGE_CURVE ( 'NONE', #4127, #1393, #1793, .T. ) ;
#226 = CARTESIAN_POINT ( 'NONE',  ( 6.945400771172583809, -0.2394237240209365625, -5.099999999999996980 ) ) ;
#227 = CIRCLE ( 'NONE', #4759, 0.04999999999999969746 ) ;
#228 = ADVANCED_BREP_SHAPE_REPRESENTATION ( 'CUI_DEVICES_PR4-12V-450-1A', ( #2559, #1026, #958, #4189, #4242, #1525 ), #1364 ) ;
#229 = DIRECTION ( 'NONE',  ( 0.000000000000000000, 1.000000000000000000, 0.000000000000000000 ) ) ;
#230 = EDGE_CURVE ( 'NONE', #4711, #4788, #214, .T. ) ;
#231 = CARTESIAN_POINT ( 'NONE',  ( -9.100000000000003197, 15.15000000000000036, 5.100000000000000533 ) ) ;
#232 = CARTESIAN_POINT ( 'NONE',  ( -9.100000000000003197, -0.2500000000000002220, -5.099999999999998757 ) ) ;
#233 = AXIS2_PLACEMENT_3D ( 'NONE', #154, #4309, #626 ) ;
#234 = VERTEX_POINT ( 'NONE', #558 ) ;
#235 = CIRCLE ( 'NONE', #2974, 0.7500000000000006661 ) ;
#236 = ADVANCED_FACE ( 'NONE', ( #4347 ), #244, .T. ) ;
#237 = CARTESIAN_POINT ( 'NONE',  ( 5.680214192855169486, -0.2438471263512912435, 5.050000000000010481 ) ) ;
#238 = CARTESIAN_POINT ( 'NONE',  ( 6.899999999999999467, -0.2500000000000001110, -5.099999999999998757 ) ) ;
#239 = VERTEX_POINT ( 'NONE', #4269 ) ;
#240 = AXIS2_PLACEMENT_3D ( 'NONE', #2308, #439, #4196 ) ;
#241 = PLANE ( 'NONE',  #962 ) ;
#242 = CARTESIAN_POINT ( 'NONE',  ( 5.652006451087615346, -0.03994332498388174224, 5.100000000000000533 ) ) ;
#243 = CIRCLE ( 'NONE', #477, 0.1000000000000002554 ) ;
#244 = CYLINDRICAL_SURFACE ( 'NONE', #4517, 0.04999999999999969746 ) ;
#245 = ORIENTED_EDGE ( 'NONE', *, *, #3282, .F. ) ;
#246 = CARTESIAN_POINT ( 'NONE',  ( 5.657338472060095214, -0.08566339491224150837, -4.849999999999999645 ) ) ;
#247 = CARTESIAN_POINT ( 'NONE',  ( 7.147486580264430067, -0.05000000000000014155, -4.899999999999999467 ) ) ;
#248 = CARTESIAN_POINT ( 'NONE',  ( -7.150000000000004796, -3.900000000000000355, -3.549999999999999378 ) ) ;
#249 = ORIENTED_EDGE ( 'NONE', *, *, #3725, .T. ) ;
#250 = DIRECTION ( 'NONE',  ( 1.000000000000000000, 0.000000000000000000, 0.000000000000000000 ) ) ;
#251 = CARTESIAN_POINT ( 'NONE',  ( -9.050000000000004263, 15.15000000000000036, 5.050000000000000711 ) ) ;
#252 = CARTESIAN_POINT ( 'NONE',  ( -6.981868117469910651, -0.2102494280712595143, -4.850000000000002309 ) ) ;
#253 = CARTESIAN_POINT ( 'NONE',  ( 8.099999999999997868, 15.10000000000000142, 4.100000000000000533 ) ) ;
#254 = ORIENTED_EDGE ( 'NONE', *, *, #4493, .F. ) ;
#255 = CARTESIAN_POINT ( 'NONE',  ( 6.970805153436172574, -0.2836649047208208430, -5.049999999999987388 ) ) ;
#256 = VECTOR ( 'NONE', #497, 1000.000000000000000 ) ;
#257 = CARTESIAN_POINT ( 'NONE',  ( -6.981664854466829162, -0.2099445089812405629, -4.849999999999999645 ) ) ;
#258 = CARTESIAN_POINT ( 'NONE',  ( 5.799999999999997158, -0.2999999999999999889, 5.049999999999998934 ) ) ;
#259 = CARTESIAN_POINT ( 'NONE',  ( -5.600000000000002309, -0.2999999999999999889, -4.929166666666667140 ) ) ;
#260 = CARTESIAN_POINT ( 'NONE',  ( -5.662830394276106460, -0.2206393603763662503, -5.050000000000007816 ) ) ;
#261 = AXIS2_PLACEMENT_3D ( 'NONE', #1220, #3399, #2634 ) ;
#262 = ORIENTED_EDGE ( 'NONE', *, *, #54, .T. ) ;
#263 = FACE_OUTER_BOUND ( 'NONE', #4289, .T. ) ;
#264 = CARTESIAN_POINT ( 'NONE',  ( -7.147486580264432732, -0.04999999999999995420, -5.049999999999998934 ) ) ;
#265 = ORIENTED_EDGE ( 'NONE', *, *, #2869, .T. ) ;
#266 = ADVANCED_FACE ( 'NONE', ( #953 ), #4642, .T. ) ;
#267 = ADVANCED_FACE ( 'NONE', ( #640 ), #1702, .F. ) ;
#268 = FACE_OUTER_BOUND ( 'NONE', #4571, .T. ) ;
#269 = CARTESIAN_POINT ( 'NONE',  ( 7.030327814099532446, -0.1311647557205885550, 5.099999999999997868 ) ) ;
#270 = AXIS2_PLACEMENT_3D ( 'NONE', #2775, #3592, #3956 ) ;
#271 = DIRECTION ( 'NONE',  ( 1.000000000000000000, 0.000000000000000000, 0.000000000000000000 ) ) ;
#272 = ORIENTED_EDGE ( 'NONE', *, *, #4089, .T. ) ;
#273 = CARTESIAN_POINT ( 'NONE',  ( -6.996211726570267686, -0.1915858581630110469, 4.850000000000001421 ) ) ;
#274 = AXIS2_PLACEMENT_3D ( 'NONE', #718, #4, #3275 ) ;
#275 = CARTESIAN_POINT ( 'NONE',  ( -7.100000000000003197, -0.2999999999999999889, -5.020833333333334814 ) ) ;
#276 = CARTESIAN_POINT ( 'NONE',  ( -6.923541329706885961, -0.2499999999999999445, 4.850000000000001421 ) ) ;
#277 = CARTESIAN_POINT ( 'NONE',  ( -7.100000000000003197, 0.000000000000000000, -5.049999999999998934 ) ) ;
#278 = CARTESIAN_POINT ( 'NONE',  ( 8.850000000000004974, 0.05000000000000000278, -4.850000000000001421 ) ) ;
#279 = CARTESIAN_POINT ( 'NONE',  ( -5.602259935411596281, -0.04497166249193183807, 4.899999999999999467 ) ) ;
#280 = ORIENTED_EDGE ( 'NONE', *, *, #2747, .F. ) ;
#281 = DIRECTION ( 'NONE',  ( -0.1005667501613225490, 0.9949303135204949911, -2.410404440760095358E-15 ) ) ;
#282 = EDGE_CURVE ( 'NONE', #427, #1842, #3175, .T. ) ;
#283 = CARTESIAN_POINT ( 'NONE',  ( -6.938647688268465785, -0.2999989463168648562, -4.849999999999894840 ) ) ;
#284 = CARTESIAN_POINT ( 'NONE',  ( 5.754467464619033912, -0.2397576833101296157, 5.100000000000000533 ) ) ;
#285 = FACE_OUTER_BOUND ( 'NONE', #4099, .T. ) ;
#286 = CARTESIAN_POINT ( 'NONE',  ( -5.621051117350186921, -0.1483756555017423095, -5.049999999999978506 ) ) ;
#287 = EDGE_LOOP ( 'NONE', ( #2510, #2794, #1936, #272 ) ) ;
#288 = ORIENTED_EDGE ( 'NONE', *, *, #591, .T. ) ;
#289 = CARTESIAN_POINT ( 'NONE',  ( 9.049999999999997158, 15.15000000000000036, 5.050000000000000711 ) ) ;
#290 = CARTESIAN_POINT ( 'NONE',  ( 6.899999999999998579, -0.2999999999999999889, 4.899999999999998579 ) ) ;
#291 = CARTESIAN_POINT ( 'NONE',  ( 6.899999999999997691, -0.2496464466094067414, 4.850000000000001421 ) ) ;
#292 = EDGE_CURVE ( 'NONE', #1386, #4711, #4740, .T. ) ;
#293 = VERTEX_POINT ( 'NONE', #3539 ) ;
#294 = CARTESIAN_POINT ( 'NONE',  ( -7.037169454970017668, -0.2206392732179525695, 4.849999999999999645 ) ) ;
#295 = CARTESIAN_POINT ( 'NONE',  ( -7.100000000000003197, -0.2999999999999999889, -5.112499999999998934 ) ) ;
#296 = ADVANCED_FACE ( 'NONE', ( #192 ), #4664, .T. ) ;
#297 = CARTESIAN_POINT ( 'NONE',  ( -8.850000000000003197, 0.05000000000000000278, 4.899999999999999467 ) ) ;
#298 = ADVANCED_FACE ( 'NONE', ( #1733 ), #2080, .F. ) ;
#299 = PLANE ( 'NONE',  #4208 ) ;
#300 = CARTESIAN_POINT ( 'NONE',  ( 8.900000000000005684, 0.000000000000000000, -4.899999999999999467 ) ) ;
#301 = CARTESIAN_POINT ( 'NONE',  ( -5.607498648125434748, -0.09679998966229211299, 4.849999999999700329 ) ) ;
#302 = ORIENTED_EDGE ( 'NONE', *, *, #1882, .F. ) ;
#303 = CARTESIAN_POINT ( 'NONE',  ( 5.754467464619036576, -0.2397576833101302540, 4.849999999999999645 ) ) ;
#304 = CARTESIAN_POINT ( 'NONE',  ( 5.299999999999998046, 15.10000000000000142, 4.070618272395669116E-18 ) ) ;
#305 = FACE_OUTER_BOUND ( 'NONE', #3883, .T. ) ;
#306 = CARTESIAN_POINT ( 'NONE',  ( -5.776458670293122211, -0.2499999999999998890, 5.100000000000000533 ) ) ;
#307 = VERTEX_POINT ( 'NONE', #1483 ) ;
#308 = AXIS2_PLACEMENT_3D ( 'NONE', #1034, #271, #1760 ) ;
#309 = CARTESIAN_POINT ( 'NONE',  ( 5.776255598436446093, -0.2499993830452351129, -5.099999999999998757 ) ) ;
#310 = ORIENTED_EDGE ( 'NONE', *, *, #414, .F. ) ;
#311 = ORIENTED_EDGE ( 'NONE', *, *, #1620, .T. ) ;
#312 = CARTESIAN_POINT ( 'NONE',  ( -7.043356540527163645, -0.08581869388641301388, 5.100000000000000533 ) ) ;
#313 = COLOUR_RGB ( '',0.7921568627450980005, 0.8196078431372548767, 0.9333333333333333481 ) ;
#314 = CARTESIAN_POINT ( 'NONE',  ( -7.150000000000004796, 0.1000000000000000056, 4.049999999999999822 ) ) ;
#315 = CARTESIAN_POINT ( 'NONE',  ( 6.899999999999997691, -0.2492928932188135105, 4.850000000000001421 ) ) ;
#316 = VECTOR ( 'NONE', #4219, 1000.000000000000000 ) ;
#317 = ORIENTED_EDGE ( 'NONE', *, *, #1110, .F. ) ;
#318 = FACE_OUTER_BOUND ( 'NONE', #1182, .T. ) ;
#319 = EDGE_CURVE ( 'NONE', #1901, #1516, #4362, .T. ) ;
#320 = CARTESIAN_POINT ( 'NONE',  ( -9.050000000000004263, 15.19999999999999929, -5.049999999999997158 ) ) ;
#321 = AXIS2_PLACEMENT_3D ( 'NONE', #1348, #2849, #618 ) ;
#322 = CARTESIAN_POINT ( 'NONE',  ( 6.970804738822068636, -0.2836643946956058371, -4.849999999999980105 ) ) ;
#323 = CARTESIAN_POINT ( 'NONE',  ( -8.850000000000003197, 0.1000000000000000056, -4.850000000000001421 ) ) ;
#324 = DIRECTION ( 'NONE',  ( -1.000000000000000000, 0.000000000000000000, -1.084202172485504040E-15 ) ) ;
#325 = CARTESIAN_POINT ( 'NONE',  ( -5.729195261178020360, -0.2836643946956317608, 4.850000000000001421 ) ) ;
#326 = AXIS2_PLACEMENT_3D ( 'NONE', #4449, #4058, #1814 ) ;
#327 = ORIENTED_EDGE ( 'NONE', *, *, #4117, .T. ) ;
#328 = EDGE_CURVE ( 'NONE', #1842, #3484, #227, .T. ) ;
#329 = EDGE_CURVE ( 'NONE', #3488, #125, #3197, .T. ) ;
#330 = CARTESIAN_POINT ( 'NONE',  ( 5.361836509645760529, -4.400000000000000355, 3.388163490354228813 ) ) ;
#331 = VECTOR ( 'NONE', #3397, 1000.000000000000000 ) ;
#332 = LINE ( 'NONE', #4804, #1482 ) ;
#333 = DIRECTION ( 'NONE',  ( -1.000000000000000000, -0.000000000000000000, -8.673617379884028570E-16 ) ) ;
#334 = PLANE ( 'NONE',  #25 ) ;
#335 = ORIENTED_EDGE ( 'NONE', *, *, #3544, .T. ) ;
#336 = ADVANCED_FACE ( 'NONE', ( #4028 ), #2914, .T. ) ;
#337 = AXIS2_PLACEMENT_3D ( 'NONE', #1067, #2560, #4035 ) ;
#338 = VECTOR ( 'NONE', #4303, 1000.000000000000000 ) ;
#339 = CARTESIAN_POINT ( 'NONE',  ( 5.602259935411590064, -0.04497166249193189358, 5.050000000000000711 ) ) ;
#340 = CARTESIAN_POINT ( 'NONE',  ( 5.799999999999998934, -0.2492928932188134550, -5.099999999999998757 ) ) ;
#341 = ORIENTED_EDGE ( 'NONE', *, *, #1049, .T. ) ;
#342 = AXIS2_PLACEMENT_3D ( 'NONE', #1116, #4106, #3677 ) ;
#343 = CARTESIAN_POINT ( 'NONE',  ( -7.078949184157626640, -0.1483758298185771374, 5.100000000000000533 ) ) ;
#344 = CARTESIAN_POINT ( 'NONE',  ( 7.097740064588403008, -0.04497166249193199072, 5.099999999999997868 ) ) ;
#345 = ORIENTED_EDGE ( 'NONE', *, *, #2932, .F. ) ;
#346 = LINE ( 'NONE', #767, #2841 ) ;
#347 = DIRECTION ( 'NONE',  ( -1.067730705296403607E-15, -0.1736481776669307198, 0.9848077530122080203 ) ) ;
#348 = DIRECTION ( 'NONE',  ( 1.000000000000000000, 0.000000000000000000, 0.000000000000000000 ) ) ;
#349 = CARTESIAN_POINT ( 'NONE',  ( -7.150000000000004796, 0.1000000000000000056, 4.049999999999999822 ) ) ;
#350 = CARTESIAN_POINT ( 'NONE',  ( -9.050000000000004263, 15.19999999999999929, -5.049999999999998934 ) ) ;
#351 = ORIENTED_EDGE ( 'NONE', *, *, #138, .F. ) ;
#352 = CARTESIAN_POINT ( 'NONE',  ( 5.652006451087618011, -0.03994332498389575881, 4.850000000000001421 ) ) ;
#353 = CARTESIAN_POINT ( 'NONE',  ( -6.938647371985754653, -0.2999999999999999334, -4.899999999999947953 ) ) ;
#354 = B_SPLINE_CURVE_WITH_KNOTS ( 'NONE', 3,
 ( #1297, #931, #4718, #2797, #2084, #4274, #2429, #3906 ),
 .UNSPECIFIED., .F., .F.,
 ( 4, 2, 2, 4 ),
 ( 0.000000000000000000, 0.0001390072422777390688, 0.0002085108634166086574, 0.0002780144845554782460 ),
 .UNSPECIFIED. ) ;
#355 = CARTESIAN_POINT ( 'NONE',  ( 5.799999999999997158, -0.2999999999999999889, 4.929166666666668917 ) ) ;
#356 = ADVANCED_FACE ( 'NONE', ( #2230 ), #3667, .T. ) ;
#357 = ADVANCED_FACE ( 'NONE', ( #2695 ), #1952, .T. ) ;
#358 = DIRECTION ( 'NONE',  ( 0.000000000000000000, 0.000000000000000000, 1.000000000000000000 ) ) ;
#359 = ORIENTED_EDGE ( 'NONE', *, *, #1110, .T. ) ;
#360 = EDGE_CURVE ( 'NONE', #3517, #4807, #1581, .T. ) ;
#361 = SPHERICAL_SURFACE ( 'NONE', #3586, 0.05000000000000000278 ) ;
#362 = EDGE_CURVE ( 'NONE', #2472, #4044, #4146, .T. ) ;
#363 = CARTESIAN_POINT ( 'NONE',  ( 5.602259935411592728, -0.04497166249193199072, -5.099999999999999645 ) ) ;
#364 = EDGE_LOOP ( 'NONE', ( #4667, #3995, #1068 ) ) ;
#365 = CYLINDRICAL_SURFACE ( 'NONE', #1512, 0.04999999999999969746 ) ;
#366 = CARTESIAN_POINT ( 'NONE',  ( 5.652006451087618011, -0.03994332498388182551, -5.049999999999998934 ) ) ;
#367 = ORIENTED_EDGE ( 'NONE', *, *, #2836, .F. ) ;
#368 = CARTESIAN_POINT ( 'NONE',  ( -6.900000000000003908, -0.2496464466094066859, 4.850000000000001421 ) ) ;
#369 = PLANE ( 'NONE',  #274 ) ;
#370 = CARTESIAN_POINT ( 'NONE',  ( -7.047993548912380390, -0.03994332498389538411, 4.850000000000001421 ) ) ;
#371 = DIRECTION ( 'NONE',  ( 0.000000000000000000, 0.000000000000000000, 1.000000000000000000 ) ) ;
#372 = CARTESIAN_POINT ( 'NONE',  ( -8.870710678118658876, 1.534598087062810565E-17, -4.870710678118654435 ) ) ;
#373 = CARTESIAN_POINT ( 'NONE',  ( -5.800000000000003375, -0.2999999999999999889, -4.899999999999999467 ) ) ;
#374 = CARTESIAN_POINT ( 'NONE',  ( -5.656643459472848079, -0.08581869388641297225, 4.850000000000001421 ) ) ;
#375 = EDGE_LOOP ( 'NONE', ( #1602, #4483, #588, #1696 ) ) ;
#376 = DIRECTION ( 'NONE',  ( -1.000000000000000000, 0.000000000000000000, 0.000000000000000000 ) ) ;
#377 = ORIENTED_EDGE ( 'NONE', *, *, #4237, .T. ) ;
#378 = DIRECTION ( 'NONE',  ( 0.000000000000000000, 0.000000000000000000, -1.000000000000000000 ) ) ;
#379 = ORIENTED_EDGE ( 'NONE', *, *, #2023, .T. ) ;
#380 = DIRECTION ( 'NONE',  ( -1.000000000000000000, 0.000000000000000000, 0.000000000000000000 ) ) ;
#381 = VERTEX_POINT ( 'NONE', #2301 ) ;
#382 = ORIENTED_EDGE ( 'NONE', *, *, #2001, .T. ) ;
#383 = DIRECTION ( 'NONE',  ( -1.000000000000000000, 0.000000000000000000, 0.000000000000000000 ) ) ;
#384 = DIRECTION ( 'NONE',  ( 1.000000000000000000, 0.000000000000000000, 0.000000000000000000 ) ) ;
#385 = ORIENTED_EDGE ( 'NONE', *, *, #3514, .T. ) ;
#386 = EDGE_CURVE ( 'NONE', #2295, #4498, #2965, .T. ) ;
#387 = CARTESIAN_POINT ( 'NONE',  ( 6.899999999999997691, -0.3000000000000000444, 4.899999999999999467 ) ) ;
#388 = ORIENTED_EDGE ( 'NONE', *, *, #1186, .T. ) ;
#389 = FACE_OUTER_BOUND ( 'NONE', #448, .T. ) ;
#390 = VECTOR ( 'NONE', #333, 1000.000000000000000 ) ;
#391 = LINE ( 'NONE', #3807, #430 ) ;
#392 = CARTESIAN_POINT ( 'NONE',  ( 5.449999999999993072, -3.900000000000000355, 4.299999999999996270 ) ) ;
#393 = CARTESIAN_POINT ( 'NONE',  ( 5.718131882530085974, -0.2102494280712569330, 5.100000000000000533 ) ) ;
#394 = CARTESIAN_POINT ( 'NONE',  ( -5.656643459472865842, -0.08581869388641570617, -4.849999999999999645 ) ) ;
#395 = CARTESIAN_POINT ( 'NONE',  ( -5.652006451087624228, -0.03994332498388151326, 4.900000000000001243 ) ) ;
#396 = ORIENTED_EDGE ( 'NONE', *, *, #4080, .T. ) ;
#397 = AXIS2_PLACEMENT_3D ( 'NONE', #2385, #495, #198 ) ;
#398 = PRODUCT ( 'CUI_DEVICES_PR4-12V-450-1A', 'CUI_DEVICES_PR4-12V-450-1A', '', ( #1513 ) ) ;
#399 = CIRCLE ( 'NONE', #1807, 0.05000000000000038441 ) ;
#400 = LINE ( 'NONE', #4131, #2439 ) ;
#401 = CARTESIAN_POINT ( 'NONE',  ( 5.552513419735564781, -0.05000000000000006523, 4.899999999999999467 ) ) ;
#402 = ORIENTED_EDGE ( 'NONE', *, *, #4193, .T. ) ;
#403 = CARTESIAN_POINT ( 'NONE',  ( -5.729194846563831156, -0.2836649047208218977, 5.049999999999990052 ) ) ;
#404 = ORIENTED_EDGE ( 'NONE', *, *, #4080, .F. ) ;
#405 = AXIS2_PLACEMENT_3D ( 'NONE', #1949, #1641, #3115 ) ;
#406 = LINE ( 'NONE', #762, #4067 ) ;
#407 = CARTESIAN_POINT ( 'NONE',  ( 5.729194846563851584, -0.2836649047208436025, -5.050000000000000711 ) ) ;
#408 = CIRCLE ( 'NONE', #1578, 0.1000000000000002554 ) ;
#409 = ORIENTED_EDGE ( 'NONE', *, *, #4340, .T. ) ;
#410 = CIRCLE ( 'NONE', #3693, 0.04999999999999969746 ) ;
#411 = CARTESIAN_POINT ( 'NONE',  ( -8.850000000000003197, 0.05000000000000000278, 4.850000000000001421 ) ) ;
#412 = EDGE_CURVE ( 'NONE', #2744, #2502, #852, .T. ) ;
#413 = ORIENTED_EDGE ( 'NONE', *, *, #2275, .T. ) ;
#414 = EDGE_CURVE ( 'NONE', #3853, #3365, #540, .T. ) ;
#415 = VECTOR ( 'NONE', #2117, 1000.000000000000000 ) ;
#416 = DIRECTION ( 'NONE',  ( 1.000000000000000000, 0.000000000000000000, 0.000000000000000000 ) ) ;
#417 = CARTESIAN_POINT ( 'NONE',  ( -9.100000000000003197, 15.19999999999999929, 5.100000000000000533 ) ) ;
#418 = CARTESIAN_POINT ( 'NONE',  ( -5.669064527959362998, -0.1315785031655634929, 4.850000000000002309 ) ) ;
#419 = EDGE_CURVE ( 'NONE', #943, #665, #1476, .T. ) ;
#420 = CARTESIAN_POINT ( 'NONE',  ( -5.800000000000002487, -0.2999999999999999889, -5.049999999999998934 ) ) ;
#421 = CARTESIAN_POINT ( 'NONE',  ( -8.900000000000003908, 0.000000000000000000, -4.899999999999999467 ) ) ;
#422 = VERTEX_POINT ( 'NONE', #2861 ) ;
#423 = DIRECTION ( 'NONE',  ( 1.000000000000000000, 0.000000000000000000, 0.000000000000000000 ) ) ;
#424 = VECTOR ( 'NONE', #3301, 1000.000000000000000 ) ;
#425 = CARTESIAN_POINT ( 'NONE',  ( 8.850000000000004974, 0.1000000000000000056, -4.850000000000001421 ) ) ;
#426 = FACE_OUTER_BOUND ( 'NONE', #2622, .T. ) ;
#427 = VERTEX_POINT ( 'NONE', #3611 ) ;
#428 = CARTESIAN_POINT ( 'NONE',  ( 0.000000000000000000, 15.15000000000000036, 5.050000000000000711 ) ) ;
#429 = ORIENTED_EDGE ( 'NONE', *, *, #1575, .T. ) ;
#430 = VECTOR ( 'NONE', #1888, 1000.000000000000000 ) ;
#431 = LINE ( 'NONE', #1552, #1889 ) ;
#432 = CARTESIAN_POINT ( 'NONE',  ( 7.147486580264428291, -0.04999999999999996808, 5.050000000000000711 ) ) ;
#433 = ORIENTED_EDGE ( 'NONE', *, *, #86, .F. ) ;
#434 = VERTEX_POINT ( 'NONE', #2075 ) ;
#435 = CARTESIAN_POINT ( 'NONE',  ( -6.923541329706888625, -0.2499999999999986955, -5.099999999999998757 ) ) ;
#436 = B_SPLINE_CURVE_WITH_KNOTS ( 'NONE', 3,
 ( #1377, #2964, #3348, #1465, #3718, #4448, #1111, #4084 ),
 .UNSPECIFIED., .F., .F.,
 ( 4, 2, 2, 4 ),
 ( 0.000000000000000000, 6.947132448068547069E-05, 0.0001389426489613709414, 0.0002778852979227418828 ),
 .UNSPECIFIED. ) ;
#437 = EDGE_CURVE ( 'NONE', #2697, #1756, #2106, .T. ) ;
#438 = PLANE ( 'NONE',  #2980 ) ;
#439 = DIRECTION ( 'NONE',  ( 0.000000000000000000, -0.1736481776669307198, -0.9848077530122080203 ) ) ;
#440 = CARTESIAN_POINT ( 'NONE',  ( -5.668994164560641202, -0.1314047628513169697, -4.850000000000001421 ) ) ;
#441 = DIRECTION ( 'NONE',  ( -0.9848077530122080203, -0.1736481776669307198, 0.000000000000000000 ) ) ;
#442 = ORIENTED_EDGE ( 'NONE', *, *, #2719, .F. ) ;
#443 = EDGE_CURVE ( 'NONE', #4520, #1986, #999, .T. ) ;
#444 = ORIENTED_EDGE ( 'NONE', *, *, #834, .F. ) ;
#445 = CARTESIAN_POINT ( 'NONE',  ( 6.899999999999997691, -0.2999999999999999889, 4.899999999999999467 ) ) ;
#446 = CARTESIAN_POINT ( 'NONE',  ( -6.923639019412623163, -0.2496458327427738821, -5.099999999999997868 ) ) ;
#447 = DIRECTION ( 'NONE',  ( 0.000000000000000000, -1.000000000000000000, 0.000000000000000000 ) ) ;
#448 = EDGE_LOOP ( 'NONE', ( #3881, #3411, #3515, #3102 ) ) ;
#449 = CARTESIAN_POINT ( 'NONE',  ( -5.800000000000003375, -0.2999999999999999889, -5.049999999999996270 ) ) ;
#450 = ORIENTED_EDGE ( 'NONE', *, *, #3761, .F. ) ;
#451 = CARTESIAN_POINT ( 'NONE',  ( -5.552513419735571887, 0.05000000000000000278, 4.850000000000001421 ) ) ;
#452 = CARTESIAN_POINT ( 'NONE',  ( 9.049999999999997158, 0.000000000000000000, -5.049999999999998934 ) ) ;
#453 = FACE_OUTER_BOUND ( 'NONE', #1769, .T. ) ;
#454 = ORIENTED_EDGE ( 'NONE', *, *, #4365, .F. ) ;
#455 = CARTESIAN_POINT ( 'NONE',  ( 7.047641787926627543, -0.03990776926838140309, 4.850000000000001421 ) ) ;
#456 = DIRECTION ( 'NONE',  ( -0.000000000000000000, -0.000000000000000000, -1.000000000000000000 ) ) ;
#457 = VERTEX_POINT ( 'NONE', #1363 ) ;
#458 = CLOSED_SHELL ( 'NONE', ( #1843, #4025, #4170, #1401, #3087, #896, #336, #616, #1252, #2694 ) ) ;
#459 = LINE ( 'NONE', #1215, #2778 ) ;
#460 = DIRECTION ( 'NONE',  ( 1.000000000000000000, 0.000000000000000000, 0.000000000000000000 ) ) ;
#461 = CARTESIAN_POINT ( 'NONE',  ( 9.049999999999997158, 0.05000000000000000278, -5.049999999999998934 ) ) ;
#462 = AXIS2_PLACEMENT_3D ( 'NONE', #1675, #2451, #587 ) ;
#463 = ORIENTED_EDGE ( 'NONE', *, *, #2392, .F. ) ;
#464 = CARTESIAN_POINT ( 'NONE',  ( 5.552513419735568334, 0.05000000000000000278, -4.850000000000001421 ) ) ;
#465 = CARTESIAN_POINT ( 'NONE',  ( -5.621051117350225113, -0.1483756555018069245, 5.050000000000018474 ) ) ;
#466 = ORIENTED_EDGE ( 'NONE', *, *, #4049, .T. ) ;
#467 = CARTESIAN_POINT ( 'NONE',  ( -8.850000000000003197, 0.1000000000000000056, -4.850000000000001421 ) ) ;
#468 = VECTOR ( 'NONE', #2857, 1000.000000000000000 ) ;
#469 = CARTESIAN_POINT ( 'NONE',  ( -6.970805153436194779, -0.2836649047208097407, -5.050000000000020250 ) ) ;
#470 = DIRECTION ( 'NONE',  ( 1.000000000000000000, 0.000000000000000000, 0.000000000000000000 ) ) ;
#471 = EDGE_CURVE ( 'NONE', #1989, #144, #2417, .T. ) ;
#472 = ORIENTED_EDGE ( 'NONE', *, *, #3369, .F. ) ;
#473 = EDGE_CURVE ( 'NONE', #3130, #4044, #4595, .T. ) ;
#474 = CARTESIAN_POINT ( 'NONE',  ( -5.704077888304633248, -0.1913804194949865478, 5.099999999999997868 ) ) ;
#475 = EDGE_LOOP ( 'NONE', ( #4485, #3691, #2176, #2565 ) ) ;
#476 = PLANE ( 'NONE',  #4311 ) ;
#477 = AXIS2_PLACEMENT_3D ( 'NONE', #769, #3055, #3325 ) ;
#478 = LINE ( 'NONE', #3071, #1176 ) ;
#479 = CARTESIAN_POINT ( 'NONE',  ( 5.149999999999993250, -4.400000000000000355, 3.388163490354228813 ) ) ;
#480 = VERTEX_POINT ( 'NONE', #3144 ) ;
#481 = CIRCLE ( 'NONE', #3054, 0.04999999999999981543 ) ;
#482 = VECTOR ( 'NONE', #2099, 1000.000000000000000 ) ;
#483 =( BOUNDED_SURFACE ( )  B_SPLINE_SURFACE ( 3, 2, ( 
 ( #1697, #2397, #3219, #3874, #553 ),
 ( #1644, #923, #1670, #1311, #946 ),
 ( #2446, #3923, #581, #4314, #1334 ),
 ( #2838, #974, #2473, #3948, #237 ),
 ( #3734, #1777, #3338, #1828, #1056 ),
 ( #1878, #4786, #3363, #2523, #1095 ),
 ( #2933, #1073, #1387, #2569, #4042 ),
 ( #2882, #1027, #2198, #3999, #339 ) ),
 .UNSPECIFIED., .F., .F., .F. ) 
 B_SPLINE_SURFACE_WITH_KNOTS ( ( 4, 2, 2, 4 ),
 ( 3, 2, 3 ),
 ( 0.000000000000000000, 6.954209021615626106E-05, 0.0001390841804323125221, 0.0002781683608646250442 ),
 ( -0.01000000000000000021, 0.000000000000000000, 1.000000000000000000 ),
 .UNSPECIFIED. ) 
 GEOMETRIC_REPRESENTATION_ITEM ( )  RATIONAL_B_SPLINE_SURFACE ( (
 ( 1.000000000000000000, 1.000000000000000000, 1.000000000000000000, 0.7071067811865475727, 1.000000000000000000),
 ( 1.000000000000000000, 1.000000000000000000, 1.000000000000000000, 0.7071067811865475727, 1.000000000000000000),
 ( 1.000000000000000000, 1.000000000000000000, 1.000000000000000000, 0.7071067811865536790, 1.000000000000000000),
 ( 1.000000000000000000, 1.000000000000000000, 1.000000000000000000, 0.7071067811865536790, 1.000000000000000000),
 ( 1.000000000000000000, 1.000000000000000000, 1.000000000000000000, 0.7071067811865536790, 1.000000000000000000),
 ( 1.000000000000000000, 1.000000000000000000, 1.000000000000000000, 0.7071067811865536790, 1.000000000000000000),
 ( 1.000000000000000000, 1.000000000000000000, 1.000000000000000000, 0.7071067811865475727, 1.000000000000000000),
 ( 1.000000000000000000, 1.000000000000000000, 1.000000000000000000, 0.7071067811865475727, 1.000000000000000000) ) ) 
 REPRESENTATION_ITEM ( '' )  SURFACE ( )  );
#484 = ORIENTED_EDGE ( 'NONE', *, *, #4056, .T. ) ;
#485 = AXIS2_PLACEMENT_3D ( 'NONE', #3865, #103, #38 ) ;
#486 = LINE ( 'NONE', #4469, #4325 ) ;
#487 = CARTESIAN_POINT ( 'NONE',  ( 8.099999999999997868, 15.10000000000000142, 4.100000000000000533 ) ) ;
#488 = AXIS2_PLACEMENT_3D ( 'NONE', #1462, #2960, #3323 ) ;
#489 = EDGE_LOOP ( 'NONE', ( #3752, #773, #3728, #1511 ) ) ;
#490 = CARTESIAN_POINT ( 'NONE',  ( 5.776255598436454974, -0.2499993830452376664, -4.850000000000001421 ) ) ;
#491 = EDGE_LOOP ( 'NONE', ( #3354, #1681, #3200, #1160 ) ) ;
#492 = DIRECTION ( 'NONE',  ( 1.000000000000000000, 0.000000000000000000, 0.000000000000000000 ) ) ;
#493 = VECTOR ( 'NONE', #2312, 1000.000000000000000 ) ;
#494 = ORIENTED_EDGE ( 'NONE', *, *, #1825, .T. ) ;
#495 = DIRECTION ( 'NONE',  ( 1.000000000000000000, 0.000000000000000000, 0.000000000000000000 ) ) ;
#496 = DIRECTION ( 'NONE',  ( 1.000000000000000000, 0.000000000000000000, 0.000000000000000000 ) ) ;
#497 = DIRECTION ( 'NONE',  ( -1.000000000000000000, -0.000000000000000000, -0.000000000000000000 ) ) ;
#498 = ORIENTED_EDGE ( 'NONE', *, *, #414, .T. ) ;
#499 =( BOUNDED_SURFACE ( )  B_SPLINE_SURFACE ( 3, 2, ( 
 ( #3191, #4633, #1330, #4657, #3994 ),
 ( #4338, #3632, #2073, #184, #4729 ),
 ( #549, #1385, #3556, #208, #2494 ),
 ( #2787, #2880, #1020, #2833, #4359 ),
 ( #1359, #1721, #658, #4261, #260 ),
 ( #2443, #1695, #2519, #2150, #286 ),
 ( #579, #3970, #1775, #1308, #3214 ),
 ( #4705, #629, #2858, #1285, #3578 ) ),
 .UNSPECIFIED., .F., .F., .F. ) 
 B_SPLINE_SURFACE_WITH_KNOTS ( ( 4, 2, 2, 4 ),
 ( 3, 2, 3 ),
 ( -2.561427632497004225E-18, 6.954209021615512265E-05, 0.0001390841804323127932, 0.0002781683608646281342 ),
 ( -0.01000000000000000021, 0.000000000000000000, 1.000000000000000000 ),
 .UNSPECIFIED. ) 
 GEOMETRIC_REPRESENTATION_ITEM ( )  RATIONAL_B_SPLINE_SURFACE ( (
 ( 1.000000000000000000, 1.000000000000000000, 1.000000000000000000, 0.7071067811865475727, 1.000000000000000000),
 ( 1.000000000000000000, 1.000000000000000000, 1.000000000000000000, 0.7071067811865475727, 1.000000000000000000),
 ( 1.000000000000000000, 1.000000000000000000, 1.000000000000000000, 0.7071067811865536790, 1.000000000000000000),
 ( 1.000000000000000000, 1.000000000000000000, 1.000000000000000000, 0.7071067811865536790, 1.000000000000000000),
 ( 1.000000000000000000, 1.000000000000000000, 1.000000000000000000, 0.7071067811865588970, 1.000000000000000000),
 ( 1.000000000000000000, 1.000000000000000000, 1.000000000000000000, 0.7071067811865588970, 1.000000000000000000),
 ( 1.000000000000000000, 1.000000000000000000, 1.000000000000000000, 0.7071067811865475727, 1.000000000000000000),
 ( 1.000000000000000000, 1.000000000000000000, 1.000000000000000000, 0.7071067811865475727, 1.000000000000000000) ) ) 
 REPRESENTATION_ITEM ( '' )  SURFACE ( )  );
#500 = CARTESIAN_POINT ( 'NONE',  ( -9.050000000000004263, 15.15000000000000036, -5.049999999999997158 ) ) ;
#501 = CARTESIAN_POINT ( 'NONE',  ( -6.981868117469918644, -0.2102494280712559338, 5.100000000000003197 ) ) ;
#502 = EDGE_CURVE ( 'NONE', #3025, #1803, #3582, .T. ) ;
#503 = DIRECTION ( 'NONE',  ( 0.000000000000000000, 0.000000000000000000, -1.000000000000000000 ) ) ;
#504 = EDGE_CURVE ( 'NONE', #2767, #234, #3503, .T. ) ;
#505 = DIRECTION ( 'NONE',  ( 0.000000000000000000, 1.000000000000000000, 0.000000000000000000 ) ) ;
#506 = ORIENTED_EDGE ( 'NONE', *, *, #552, .T. ) ;
#507 = PRODUCT_DEFINITION_FORMATION_WITH_SPECIFIED_SOURCE ( 'ANY', '', #398, .NOT_KNOWN. ) ;
#508 =( BOUNDED_SURFACE ( )  B_SPLINE_SURFACE ( 2, 3, ( 
 ( #4663, #3952, #4687, #1338 ),
 ( #2739, #4586, #2422, #902 ),
 ( #2005, #213, #3538, #4611 ) ),
 .UNSPECIFIED., .F., .F., .F. ) 
 B_SPLINE_SURFACE_WITH_KNOTS ( ( 3, 3 ),
 ( 4, 4 ),
 ( 0.000000000000000000, 1.000000000000000000 ),
 ( -0.005112500000000000724, -0.004837499999999999786 ),
 .UNSPECIFIED. ) 
 GEOMETRIC_REPRESENTATION_ITEM ( )  RATIONAL_B_SPLINE_SURFACE ( (
 ( 1.000000000000000000, 1.000000000000000000, 1.000000000000000000, 1.000000000000000000),
 ( 0.7071067811865475727, 0.7071067811865475727, 0.7071067811865475727, 0.7071067811865475727),
 ( 1.000000000000000000, 1.000000000000000000, 1.000000000000000000, 1.000000000000000000) ) ) 
 REPRESENTATION_ITEM ( '' )  SURFACE ( )  );
#509 = ADVANCED_FACE ( 'NONE', ( #263 ), #3895, .T. ) ;
#510 = ORIENTED_EDGE ( 'NONE', *, *, #3458, .F. ) ;
#511 = FACE_OUTER_BOUND ( 'NONE', #4312, .T. ) ;
#512 = DIRECTION ( 'NONE',  ( 0.000000000000000000, -1.000000000000000000, 0.000000000000000000 ) ) ;
#513 = ORIENTED_EDGE ( 'NONE', *, *, #1167, .F. ) ;
#514 = CARTESIAN_POINT ( 'NONE',  ( 5.729194846563833821, -0.2836649047208278374, -4.900000000000011013 ) ) ;
#515 = ORIENTED_EDGE ( 'NONE', *, *, #2304, .F. ) ;
#516 = FACE_OUTER_BOUND ( 'NONE', #849, .T. ) ;
#517 = ORIENTED_EDGE ( 'NONE', *, *, #2691, .F. ) ;
#518 = CARTESIAN_POINT ( 'NONE',  ( 6.899999999999998579, -0.2499999999999998890, -4.850000000000001421 ) ) ;
#519 = CARTESIAN_POINT ( 'NONE',  ( -8.850000000000003197, 0.05000000000000000278, 4.850000000000001421 ) ) ;
#520 = DIRECTION ( 'NONE',  ( -1.000000000000000000, 0.000000000000000000, 0.000000000000000000 ) ) ;
#521 = CARTESIAN_POINT ( 'NONE',  ( -5.552513419735570999, 0.04999999999999969746, -5.099999999999998757 ) ) ;
#522 = LINE ( 'NONE', #869, #100 ) ;
#523 = DIRECTION ( 'NONE',  ( -1.000000000000000000, -0.000000000000000000, -0.000000000000000000 ) ) ;
#524 = DIRECTION ( 'NONE',  ( 0.000000000000000000, 0.000000000000000000, -1.000000000000000000 ) ) ;
#525 = ORIENTED_EDGE ( 'NONE', *, *, #3927, .F. ) ;
#526 = ADVANCED_FACE ( 'NONE', ( #210 ), #4265, .T. ) ;
#527 = DIRECTION ( 'NONE',  ( -1.000000000000000000, 0.000000000000000000, 0.000000000000000000 ) ) ;
#528 = CARTESIAN_POINT ( 'NONE',  ( -5.754420856929267636, -0.2397343563014010526, -4.850000000000002309 ) ) ;
#529 = EDGE_LOOP ( 'NONE', ( #498, #844, #4250, #2322 ) ) ;
#530 = ADVANCED_FACE ( 'NONE', ( #1726 ), #483, .T. ) ;
#531 =( BOUNDED_CURVE ( )  B_SPLINE_CURVE ( 2, ( #4438, #4368, #2159 ),
 .UNSPECIFIED., .F., .F. ) 
 B_SPLINE_CURVE_WITH_KNOTS ( ( 3, 3 ),
 ( 0.000000000000000000, 1.000000000000000000 ),
 .UNSPECIFIED. ) 
 CURVE ( )  GEOMETRIC_REPRESENTATION_ITEM ( )  RATIONAL_B_SPLINE_CURVE ( ( 1.000000000000000000, 0.7373842891637736319, 0.9457047908995579455 ) ) 
 REPRESENTATION_ITEM ( '' )  );
#532 = CARTESIAN_POINT ( 'NONE',  ( 6.923744401563541651, -0.2499993830452338639, 5.100000000000000533 ) ) ;
#533 = CARTESIAN_POINT ( 'NONE',  ( -9.050000000000004263, 0.05000000000000000278, -5.049999999999998934 ) ) ;
#534 = ORIENTED_EDGE ( 'NONE', *, *, #4321, .F. ) ;
#535 = PLANE ( 'NONE',  #2995 ) ;
#536 = CLOSED_SHELL ( 'NONE', ( #3070, #170, #3485, #1000, #758, #4497, #3459, #3801, #3076, #3636 ) ) ;
#537 = EDGE_LOOP ( 'NONE', ( #3474, #534, #1143, #877 ) ) ;
#538 = DIRECTION ( 'NONE',  ( 0.000000000000000000, 0.000000000000000000, -1.000000000000000000 ) ) ;
#539 = ORIENTED_EDGE ( 'NONE', *, *, #3670, .F. ) ;
#540 = CIRCLE ( 'NONE', #1016, 0.04999999999999969746 ) ;
#541 = DIRECTION ( 'NONE',  ( -1.000000000000000000, 0.000000000000000000, 0.000000000000000000 ) ) ;
#542 = CARTESIAN_POINT ( 'NONE',  ( -7.047290026940888907, -0.03987221355288079333, -5.100000000000000533 ) ) ;
#543 = CARTESIAN_POINT ( 'NONE',  ( -6.945532535380967154, -0.2397576833101296989, -4.850000000000002309 ) ) ;
#544 = CARTESIAN_POINT ( 'NONE',  ( 5.299999999999998046, 15.19999999999999929, 4.070618272395669116E-18 ) ) ;
#545 = LINE ( 'NONE', #2068, #623 ) ;
#546 = AXIS2_PLACEMENT_3D ( 'NONE', #2558, #2943, #648 ) ;
#547 = DIRECTION ( 'NONE',  ( 0.000000000000000000, 1.000000000000000000, 0.000000000000000000 ) ) ;
#548 = CARTESIAN_POINT ( 'NONE',  ( 5.662830545030019813, -0.2206392732179559280, 4.850000000000043165 ) ) ;
#549 = CARTESIAN_POINT ( 'NONE',  ( -5.754777600725558884, -0.2391130917404778178, -5.099999999999996980 ) ) ;
#550 = EDGE_LOOP ( 'NONE', ( #901, #450, #1097, #3854 ) ) ;
#551 = VECTOR ( 'NONE', #1133, 1000.000000000000000 ) ;
#552 = EDGE_CURVE ( 'NONE', #2722, #2807, #1954, .T. ) ;
#553 = CARTESIAN_POINT ( 'NONE',  ( 5.799999999999997158, -0.2999999999999999889, 5.050000000000000711 ) ) ;
#554 = TOROIDAL_SURFACE ( 'NONE', #1179, 0.1000000000000000056, 0.05000000000000000278 ) ;
#555 = ORIENTED_EDGE ( 'NONE', *, *, #3425, .F. ) ;
#556 = CARTESIAN_POINT ( 'NONE',  ( 6.899999999999998579, -0.2496464466094067414, 5.100000000000000533 ) ) ;
#557 = AXIS2_PLACEMENT_3D ( 'NONE', #1312, #4661, #3220 ) ;
#558 = CARTESIAN_POINT ( 'NONE',  ( -5.602259935411598057, -0.04497166249194772120, 5.049999999999998046 ) ) ;
#559 = ADVANCED_FACE ( 'NONE', ( #1410 ), #361, .T. ) ;
#560 = EDGE_CURVE ( 'NONE', #434, #4807, #2594, .T. ) ;
#561 = ORIENTED_EDGE ( 'NONE', *, *, #691, .F. ) ;
#562 = CARTESIAN_POINT ( 'NONE',  ( 5.662830394276096690, -0.2206393603763569244, -4.900000000000019895 ) ) ;
#563 = AXIS2_PLACEMENT_3D ( 'NONE', #1136, #3699, #677 ) ;
#564 = EDGE_LOOP ( 'NONE', ( #3392, #1189, #1223 ) ) ;
#565 = FACE_OUTER_BOUND ( 'NONE', #1091, .T. ) ;
#566 = ORIENTED_EDGE ( 'NONE', *, *, #1195, .T. ) ;
#567 = ADVANCED_FACE ( 'NONE', ( #3575 ), #1021, .T. ) ;
#568 = AXIS2_PLACEMENT_3D ( 'NONE', #1779, #2101, #3585 ) ;
#569 = LINE ( 'NONE', #4204, #4532 ) ;
#570 = PLANE ( 'NONE',  #2666 ) ;
#571 = CARTESIAN_POINT ( 'NONE',  ( 9.049999999999997158, 15.19999999999999929, -5.049999999999998934 ) ) ;
#572 = DIRECTION ( 'NONE',  ( 0.000000000000000000, 1.000000000000000000, 0.000000000000000000 ) ) ;
#573 = CARTESIAN_POINT ( 'NONE',  ( -7.147486580264432732, -0.04999999999999995420, -4.974999999999998757 ) ) ;
#574 = VECTOR ( 'NONE', #1304, 1000.000000000000000 ) ;
#575 = FACE_OUTER_BOUND ( 'NONE', #1905, .T. ) ;
#576 = CARTESIAN_POINT ( 'NONE',  ( 5.799999999999998046, -0.2999999999999999889, 4.899999999999998579 ) ) ;
#577 = FACE_OUTER_BOUND ( 'NONE', #3907, .T. ) ;
#578 = DIRECTION ( 'NONE',  ( 0.000000000000000000, 0.000000000000000000, -1.000000000000000000 ) ) ;
#579 = CARTESIAN_POINT ( 'NONE',  ( -5.657338472060028600, -0.08566339491225086200, -5.100000000000000533 ) ) ;
#580 = ORIENTED_EDGE ( 'NONE', *, *, #2336, .T. ) ;
#581 = CARTESIAN_POINT ( 'NONE',  ( 5.754420856929249872, -0.2397343563014030510, 5.099999999999998757 ) ) ;
#582 = CARTESIAN_POINT ( 'NONE',  ( -5.600000000000004086, 0.000000000000000000, 4.929166666666664476 ) ) ;
#583 = AXIS2_PLACEMENT_3D ( 'NONE', #1463, #2183, #1784 ) ;
#584 = ORIENTED_EDGE ( 'NONE', *, *, #3872, .T. ) ;
#585 =( BOUNDED_CURVE ( )  B_SPLINE_CURVE ( 3, ( #300, #1398, #3719, #278 ),
 .UNSPECIFIED., .F., .F. ) 
 B_SPLINE_CURVE_WITH_KNOTS ( ( 4, 4 ),
 ( 1.570796326794896558, 3.141592653589793116 ),
 .UNSPECIFIED. ) 
 CURVE ( )  GEOMETRIC_REPRESENTATION_ITEM ( )  RATIONAL_B_SPLINE_CURVE ( ( 1.000000000000000000, 0.8047378541243649375, 0.8047378541243649375, 1.000000000000000000 ) ) 
 REPRESENTATION_ITEM ( '' )  );
#586 = FACE_OUTER_BOUND ( 'NONE', #16, .T. ) ;
#587 = DIRECTION ( 'NONE',  ( -1.000000000000000000, 0.000000000000000000, 0.000000000000000000 ) ) ;
#588 = ORIENTED_EDGE ( 'NONE', *, *, #3757, .F. ) ;
#589 = CARTESIAN_POINT ( 'NONE',  ( -6.900000000000004796, -0.2499999999999999445, 5.100000000000000533 ) ) ;
#590 = EDGE_LOOP ( 'NONE', ( #388, #1582, #4114, #3831 ) ) ;
#591 = EDGE_CURVE ( 'NONE', #4166, #3202, #4522, .T. ) ;
#592 = DIRECTION ( 'NONE',  ( 0.000000000000000000, 0.000000000000000000, -1.000000000000000000 ) ) ;
#593 = EDGE_LOOP ( 'NONE', ( #3042, #39, #1751, #4620 ) ) ;
#594 = DIRECTION ( 'NONE',  ( 0.000000000000000000, 0.000000000000000000, 1.000000000000000000 ) ) ;
#595 = DIRECTION ( 'NONE',  ( 0.000000000000000000, 0.000000000000000000, -1.000000000000000000 ) ) ;
#596 = DIRECTION ( 'NONE',  ( 0.000000000000000000, 0.000000000000000000, 1.000000000000000000 ) ) ;
#597 = DIRECTION ( 'NONE',  ( -0.000000000000000000, -0.000000000000000000, -1.000000000000000000 ) ) ;
#598 = ADVANCED_FACE ( 'NONE', ( #4283 ), #3918, .T. ) ;
#599 = CARTESIAN_POINT ( 'NONE',  ( 7.639999999999996128, -3.900000000000000355, -4.300000000000001599 ) ) ;
#600 = DIRECTION ( 'NONE',  ( 0.000000000000000000, 0.000000000000000000, 1.000000000000000000 ) ) ;
#601 = DIRECTION ( 'NONE',  ( 1.084202172485504040E-15, 0.000000000000000000, -1.000000000000000000 ) ) ;
#602 = CARTESIAN_POINT ( 'NONE',  ( 0.000000000000000000, -0.2499999999999999445, -5.049999999999998934 ) ) ;
#603 = DIRECTION ( 'NONE',  ( 0.000000000000000000, 0.000000000000000000, -1.000000000000000000 ) ) ;
#604 = ORIENTED_EDGE ( 'NONE', *, *, #4168, .F. ) ;
#605 = DIRECTION ( 'NONE',  ( -0.9949303135204946580, 0.1005667501613241310, 0.000000000000000000 ) ) ;
#606 = CARTESIAN_POINT ( 'NONE',  ( -5.600000000000004974, -0.2999999999999999889, 5.112500000000000711 ) ) ;
#607 = ORIENTED_EDGE ( 'NONE', *, *, #3189, .F. ) ;
#608 = DIRECTION ( 'NONE',  ( 0.000000000000000000, 0.9848077530122080203, -0.1736481776669307198 ) ) ;
#609 = CARTESIAN_POINT ( 'NONE',  ( 6.945579143070724548, -0.2397343563014078804, 5.100000000000002309 ) ) ;
#610 = DIRECTION ( 'NONE',  ( -1.000000000000000000, 0.000000000000000000, 0.000000000000000000 ) ) ;
#611 = ORIENTED_EDGE ( 'NONE', *, *, #4727, .F. ) ;
#612 = CARTESIAN_POINT ( 'NONE',  ( -5.800000000000005151, -0.2999999999999999889, 4.899999999999997691 ) ) ;
#613 = CARTESIAN_POINT ( 'NONE',  ( -7.650000000000003908, -3.900000000000000355, -4.049999999999999822 ) ) ;
#614 = ORIENTED_EDGE ( 'NONE', *, *, #2089, .F. ) ;
#615 = DIRECTION ( 'NONE',  ( 1.000000000000000000, 0.000000000000000000, 0.000000000000000000 ) ) ;
#616 = ADVANCED_FACE ( 'NONE', ( #895 ), #918, .T. ) ;
#617 = EDGE_LOOP ( 'NONE', ( #4530, #4360, #3562, #3660 ) ) ;
#618 = DIRECTION ( 'NONE',  ( 1.000000000000000000, -6.234162491791688361E-15, 0.000000000000000000 ) ) ;
#619 = CARTESIAN_POINT ( 'NONE',  ( -6.981397188378674734, -0.2097064609223596443, 5.100000000000000533 ) ) ;
#620 = DIRECTION ( 'NONE',  ( 0.000000000000000000, 0.000000000000000000, -1.000000000000000000 ) ) ;
#621 = LINE ( 'NONE', #2042, #1235 ) ;
#622 = CARTESIAN_POINT ( 'NONE',  ( 6.996211726570314759, -0.1915858581630111579, -5.099999999999998757 ) ) ;
#623 = VECTOR ( 'NONE', #4654, 1000.000000000000000 ) ;
#624 = CARTESIAN_POINT ( 'NONE',  ( -7.092501351874320292, -0.09679998966226191492, -4.850000000000178169 ) ) ;
#625 = DIRECTION ( 'NONE',  ( 0.000000000000000000, 0.000000000000000000, 1.000000000000000000 ) ) ;
#626 = DIRECTION ( 'NONE',  ( 3.469446951953635015E-14, 0.000000000000000000, 1.000000000000000000 ) ) ;
#627 = EDGE_CURVE ( 'NONE', #3774, #3517, #3480, .T. ) ;
#628 = EDGE_CURVE ( 'NONE', #2241, #4270, #4704, .T. ) ;
#629 = CARTESIAN_POINT ( 'NONE',  ( -5.652358212073371746, -0.03990776926838144473, -5.099999999999998757 ) ) ;
#630 = VECTOR ( 'NONE', #3232, 1000.000000000000000 ) ;
#631 = ORIENTED_EDGE ( 'NONE', *, *, #4774, .F. ) ;
#632 = AXIS2_PLACEMENT_3D ( 'NONE', #2901, #2118, #702 ) ;
#633 = DIRECTION ( 'NONE',  ( 0.000000000000000000, -0.1736481776669307198, -0.9848077530122080203 ) ) ;
#634 = DIRECTION ( 'NONE',  ( 1.000000000000000000, 0.000000000000000000, 0.000000000000000000 ) ) ;
#635 = ORIENTED_EDGE ( 'NONE', *, *, #4678, .F. ) ;
#636 = VECTOR ( 'NONE', #3413, 1000.000000000000000 ) ;
#637 = LINE ( 'NONE', #4045, #653 ) ;
#638 = LINE ( 'NONE', #4072, #2468 ) ;
#639 = TOROIDAL_SURFACE ( 'NONE', #326, 0.1000000000000000056, 0.05000000000000000278 ) ;
#640 = FACE_OUTER_BOUND ( 'NONE', #858, .T. ) ;
#641 = EDGE_LOOP ( 'NONE', ( #3462, #3776, #3594, #3946 ) ) ;
#642 = CARTESIAN_POINT ( 'NONE',  ( -7.097740064588409226, -0.04497166249194726323, 4.850000000000003197 ) ) ;
#643 = VECTOR ( 'NONE', #4153, 1000.000000000000000 ) ;
#644 = DIRECTION ( 'NONE',  ( 0.000000000000000000, 0.000000000000000000, 1.000000000000000000 ) ) ;
#645 = CARTESIAN_POINT ( 'NONE',  ( 6.970805153436184121, -0.2836649047208109620, -4.899999999999989697 ) ) ;
#646 = B_SPLINE_CURVE_WITH_KNOTS ( 'NONE', 3,
 ( #1585, #3080, #4570, #2006, #501, #3916, #3165, #2784 ),
 .UNSPECIFIED., .F., .F.,
 ( 4, 2, 2, 4 ),
 ( 0.000000000000000000, 0.0001390072422777380930, 0.0002085108634166064619, 0.0002780144845554748849 ),
 .UNSPECIFIED. ) ;
#647 = VECTOR ( 'NONE', #3312, 1000.000000000000000 ) ;
#648 = DIRECTION ( 'NONE',  ( 1.000000000000000000, 0.000000000000000000, 0.000000000000000000 ) ) ;
#649 = CARTESIAN_POINT ( 'NONE',  ( -6.900000000000003908, -0.2999999999999999889, -5.049999999999998934 ) ) ;
#650 = CARTESIAN_POINT ( 'NONE',  ( -5.662830545029970075, -0.2206392732179531246, 4.849999999999990763 ) ) ;
#651 = ORIENTED_EDGE ( 'NONE', *, *, #1419, .T. ) ;
#652 = CARTESIAN_POINT ( 'NONE',  ( 6.923533637261711782, -0.2492922824403111248, -5.099999999999994316 ) ) ;
#653 = VECTOR ( 'NONE', #4736, 1000.000000000000000 ) ;
#654 = CARTESIAN_POINT ( 'NONE',  ( -6.996211726570259692, -0.1915858581630087709, -4.849999999999999645 ) ) ;
#655 = CARTESIAN_POINT ( 'NONE',  ( 5.776458670293112441, -0.2500000000000000555, 5.099999999999999645 ) ) ;
#656 = CARTESIAN_POINT ( 'NONE',  ( -5.600000000000002309, -0.2999999999999999889, -4.837499999999999467 ) ) ;
#657 = DIRECTION ( 'NONE',  ( 1.000000000000000000, -3.523657060577880339E-15, 0.000000000000000000 ) ) ;
#658 = CARTESIAN_POINT ( 'NONE',  ( -5.703788273429757361, -0.1915858581630133506, -5.099999999999996092 ) ) ;
#659 = AXIS2_PLACEMENT_3D ( 'NONE', #3773, #1607, #35 ) ;
#660 = ORIENTED_EDGE ( 'NONE', *, *, #2208, .F. ) ;
#661 = ADVANCED_FACE ( 'NONE', ( #182 ), #2441, .T. ) ;
#662 = AXIS2_PLACEMENT_3D ( 'NONE', #500, #2017, #4531 ) ;
#663 = DIRECTION ( 'NONE',  ( 1.000000000000000000, 0.000000000000000000, 0.000000000000000000 ) ) ;
#664 = CARTESIAN_POINT ( 'NONE',  ( 5.799999999999996270, -0.2499999999999999445, 4.899999999999999467 ) ) ;
#665 = VERTEX_POINT ( 'NONE', #4675 ) ;
#666 = DIRECTION ( 'NONE',  ( 0.000000000000000000, 0.000000000000000000, 1.000000000000000000 ) ) ;
#667 = ADVANCED_FACE ( 'NONE', ( #970 ), #2094, .T. ) ;
#668 = CARTESIAN_POINT ( 'NONE',  ( 7.047641787926627543, -0.03990776926838143779, 5.099999999999997868 ) ) ;
#669 = CARTESIAN_POINT ( 'NONE',  ( 6.970805153436170798, -0.2836649047208209540, 4.899999999999990585 ) ) ;
#670 = ORIENTED_EDGE ( 'NONE', *, *, #3521, .T. ) ;
#671 = CARTESIAN_POINT ( 'NONE',  ( -5.656680925456529785, -0.08618899009659826416, -4.850000000000001421 ) ) ;
#672 = AXIS2_PLACEMENT_3D ( 'NONE', #2327, #3768, #416 ) ;
#673 = CARTESIAN_POINT ( 'NONE',  ( -5.552513419735571887, 0.000000000000000000, 4.899999999999999467 ) ) ;
#674 = CARTESIAN_POINT ( 'NONE',  ( 6.945222399274438629, -0.2391130917404750700, -4.850000000000001421 ) ) ;
#675 = FACE_OUTER_BOUND ( 'NONE', #4590, .T. ) ;
#676 = LINE ( 'NONE', #698, #2830 ) ;
#677 = DIRECTION ( 'NONE',  ( 0.000000000000000000, 0.000000000000000000, -1.000000000000000000 ) ) ;
#678 = ORIENTED_EDGE ( 'NONE', *, *, #2614, .T. ) ;
#679 = DIRECTION ( 'NONE',  ( 0.000000000000000000, 0.000000000000000000, -1.000000000000000000 ) ) ;
#680 = FACE_OUTER_BOUND ( 'NONE', #4197, .T. ) ;
#681 = CARTESIAN_POINT ( 'NONE',  ( -5.800000000000005151, -0.2499999999999999445, 4.850000000000001421 ) ) ;
#682 = CARTESIAN_POINT ( 'NONE',  ( -5.600000000000002309, 0.000000000000000000, -4.929166666666668917 ) ) ;
#683 = CARTESIAN_POINT ( 'NONE',  ( 7.099999999999995204, 0.05000000000000000278, 4.850000000000001421 ) ) ;
#684 = VERTEX_POINT ( 'NONE', #2393 ) ;
#685 = FACE_OUTER_BOUND ( 'NONE', #811, .T. ) ;
#686 = ADVANCED_FACE ( 'NONE', ( #2949 ), #712, .T. ) ;
#687 = ORIENTED_EDGE ( 'NONE', *, *, #3616, .T. ) ;
#688 = DIRECTION ( 'NONE',  ( -0.000000000000000000, -1.000000000000000000, -0.000000000000000000 ) ) ;
#689 = DIRECTION ( 'NONE',  ( 1.000000000000000000, 0.000000000000000000, 0.000000000000000000 ) ) ;
#690 = LINE ( 'NONE', #4074, #875 ) ;
#691 = EDGE_CURVE ( 'NONE', #2798, #4339, #2193, .T. ) ;
#692 = ORIENTED_EDGE ( 'NONE', *, *, #3274, .T. ) ;
#693 =( BOUNDED_SURFACE ( )  B_SPLINE_SURFACE ( 3, 2, ( 
 ( #749, #1816, #1085, #2143, #3351 ),
 ( #3279, #4426, #3720, #2583, #2539 ),
 ( #3674, #2168, #4059, #325, #3305 ),
 ( #4772, #1768, #4450, #725, #3258 ),
 ( #4086, #4750, #2992, #650, #1399 ),
 ( #1841, #4821, #2214, #2612, #3987 ),
 ( #3649, #1113, #374, #301, #2238 ),
 ( #3625, #2188, #1044, #1864, #279 ) ),
 .UNSPECIFIED., .F., .F., .F. ) 
 B_SPLINE_SURFACE_WITH_KNOTS ( ( 4, 2, 2, 4 ),
 ( 3, 2, 3 ),
 ( -8.538092108323347418E-19, 6.954209021615569185E-05, 0.0001390841804323122240, 0.0002781683608646253153 ),
 ( -0.01000000000000000021, 0.000000000000000000, 1.000000000000000000 ),
 .UNSPECIFIED. ) 
 GEOMETRIC_REPRESENTATION_ITEM ( )  RATIONAL_B_SPLINE_SURFACE ( (
 ( 1.000000000000000000, 1.000000000000000000, 1.000000000000000000, 0.7071067811865475727, 1.000000000000000000),
 ( 1.000000000000000000, 1.000000000000000000, 1.000000000000000000, 0.7071067811865475727, 1.000000000000000000),
 ( 1.000000000000000000, 1.000000000000000000, 1.000000000000000000, 0.7071067811865536790, 1.000000000000000000),
 ( 1.000000000000000000, 1.000000000000000000, 1.000000000000000000, 0.7071067811865536790, 1.000000000000000000),
 ( 1.000000000000000000, 1.000000000000000000, 1.000000000000000000, 0.7071067811865527908, 1.000000000000000000),
 ( 1.000000000000000000, 1.000000000000000000, 1.000000000000000000, 0.7071067811865527908, 1.000000000000000000),
 ( 1.000000000000000000, 1.000000000000000000, 1.000000000000000000, 0.7071067811865475727, 1.000000000000000000),
 ( 1.000000000000000000, 1.000000000000000000, 1.000000000000000000, 0.7071067811865475727, 1.000000000000000000) ) ) 
 REPRESENTATION_ITEM ( '' )  SURFACE ( )  );
#694 = CARTESIAN_POINT ( 'NONE',  ( -6.900000000000003908, -0.2492928932188134550, 4.850000000000001421 ) ) ;
#695 = DIRECTION ( 'NONE',  ( 0.000000000000000000, -1.000000000000000000, 0.000000000000000000 ) ) ;
#696 = CARTESIAN_POINT ( 'NONE',  ( 7.047290026940878249, -0.03987221355289558705, -4.849999999999999645 ) ) ;
#697 =( NAMED_UNIT ( * ) PLANE_ANGLE_UNIT ( ) SI_UNIT ( $, .RADIAN. ) );
#698 = CARTESIAN_POINT ( 'NONE',  ( -7.650000000000003908, -4.400000000000000355, 3.638163490354232366 ) ) ;
#699 = FACE_OUTER_BOUND ( 'NONE', #3360, .T. ) ;
#700 = ORIENTED_EDGE ( 'NONE', *, *, #1191, .F. ) ;
#701 =( NAMED_UNIT ( * ) SI_UNIT ( $, .STERADIAN. ) SOLID_ANGLE_UNIT ( ) );
#702 = DIRECTION ( 'NONE',  ( 0.000000000000000000, 0.000000000000000000, 1.000000000000000000 ) ) ;
#703 = EDGE_CURVE ( 'NONE', #2705, #2232, #3894, .T. ) ;
#704 = CARTESIAN_POINT ( 'NONE',  ( 5.299999999999998046, 15.10000000000000142, 4.070618272395669116E-18 ) ) ;
#705 = CARTESIAN_POINT ( 'NONE',  ( -5.656680925456529785, -0.08618899009658620436, 5.100000000000000533 ) ) ;
#706 = ORIENTED_EDGE ( 'NONE', *, *, #2836, .T. ) ;
#707 = CARTESIAN_POINT ( 'NONE',  ( 5.799999999999998934, -0.2999999999999999889, -4.899999999999999467 ) ) ;
#708 = VECTOR ( 'NONE', #3887, 1000.000000000000000 ) ;
#709 = CARTESIAN_POINT ( 'NONE',  ( -9.100000000000003197, 0.04999999999999969746, -5.049999999999998934 ) ) ;
#710 = ORIENTED_EDGE ( 'NONE', *, *, #2756, .F. ) ;
#711 = CARTESIAN_POINT ( 'NONE',  ( -7.047641787926635537, -0.03990776926838101452, 5.100000000000000533 ) ) ;
#712 = TOROIDAL_SURFACE ( 'NONE', #1709, 0.1000000000000000056, 0.05000000000000000278 ) ;
#713 = CARTESIAN_POINT ( 'NONE',  ( 7.047993548912376838, -0.03994332498388181163, 5.099999999999997868 ) ) ;
#714 = CARTESIAN_POINT ( 'NONE',  ( 6.938647688268432034, -0.2999989463168054038, 4.850000000000000533 ) ) ;
#715 = AXIS2_PLACEMENT_3D ( 'NONE', #487, #3468, #119 ) ;
#716 = ORIENTED_EDGE ( 'NONE', *, *, #4375, .T. ) ;
#717 = LINE ( 'NONE', #2206, #4232 ) ;
#718 = CARTESIAN_POINT ( 'NONE',  ( -8.850000000000003197, 0.1000000000000000056, -4.850000000000001421 ) ) ;
#719 = AXIS2_PLACEMENT_3D ( 'NONE', #417, #1912, #3028 ) ;
#720 = ADVANCED_FACE ( 'NONE', ( #2928 ), #4411, .T. ) ;
#721 = EDGE_CURVE ( 'NONE', #3052, #434, #1051, .T. ) ;
#722 = CARTESIAN_POINT ( 'NONE',  ( 6.923533637261706453, -0.2492922824403197568, -4.850000000000002309 ) ) ;
#723 = CARTESIAN_POINT ( 'NONE',  ( 8.099999999999997868, 15.10000000000000142, 4.850000000000001421 ) ) ;
#724 = CARTESIAN_POINT ( 'NONE',  ( -7.147486580264432732, 0.000000000000000000, -5.049999999999998934 ) ) ;
#725 = CARTESIAN_POINT ( 'NONE',  ( -5.680213778240981171, -0.2438476363764753851, 4.850000000000001421 ) ) ;
#726 = VECTOR ( 'NONE', #4378, 1000.000000000000000 ) ;
#727 = ORIENTED_EDGE ( 'NONE', *, *, #2368, .F. ) ;
#728 = ADVANCED_FACE ( 'NONE', ( #1449 ), #991, .T. ) ;
#729 = FILL_AREA_STYLE_COLOUR ( '', #968 ) ;
#730 = EDGE_CURVE ( 'NONE', #2398, #1400, #1099, .T. ) ;
#731 = AXIS2_PLACEMENT_3D ( 'NONE', #3919, #3168, #4676 ) ;
#732 = CARTESIAN_POINT ( 'NONE',  ( -6.900000000000003020, -0.2492928932188133995, -4.850000000000001421 ) ) ;
#733 = CARTESIAN_POINT ( 'NONE',  ( 5.652006451087618011, -0.03994332498389575881, 4.899999999999999467 ) ) ;
#734 = CARTESIAN_POINT ( 'NONE',  ( -7.650000000000003908, -3.900000000000000355, 4.049999999999999822 ) ) ;
#735 = EDGE_LOOP ( 'NONE', ( #494, #385, #2946, #1365, #2840, #3953, #3098, #856 ) ) ;
#736 = FACE_OUTER_BOUND ( 'NONE', #1201, .T. ) ;
#737 = AXIS2_PLACEMENT_3D ( 'NONE', #3064, #3819, #1529 ) ;
#738 = AXIS2_PLACEMENT_3D ( 'NONE', #3524, #3159, #1322 ) ;
#739 = CARTESIAN_POINT ( 'NONE',  ( 5.662830394276095802, -0.2206393603763544264, -5.049999999999998934 ) ) ;
#740 = ORIENTED_EDGE ( 'NONE', *, *, #2366, .F. ) ;
#741 = DIRECTION ( 'NONE',  ( 1.000000000000000000, 0.000000000000000000, 0.000000000000000000 ) ) ;
#742 = CARTESIAN_POINT ( 'NONE',  ( 8.039999999999995595, -3.900000000000000355, -3.300000000000000711 ) ) ;
#743 = UNCERTAINTY_MEASURE_WITH_UNIT (LENGTH_MEASURE( 1.000000000000000082E-05 ), #55, 'distance_accuracy_value', 'NONE');
#744 = ORIENTED_EDGE ( 'NONE', *, *, #3145, .T. ) ;
#745 = CARTESIAN_POINT ( 'NONE',  ( -7.100000000000003197, 0.000000000000000000, -5.020833333333334814 ) ) ;
#746 = CARTESIAN_POINT ( 'NONE',  ( 5.299999999999998046, 15.19999999999999929, 1.000000000000000666 ) ) ;
#747 = PLANE ( 'NONE',  #1408 ) ;
#748 = DIRECTION ( 'NONE',  ( 0.000000000000000000, 1.000000000000000000, 0.000000000000000000 ) ) ;
#749 = CARTESIAN_POINT ( 'NONE',  ( -5.800000000000003375, -0.2492928932188134550, 4.850000000000001421 ) ) ;
#750 = AXIS2_PLACEMENT_3D ( 'NONE', #2055, #4268, #2399 ) ;
#751 = ADVANCED_FACE ( 'NONE', ( #4063 ), #1481, .T. ) ;
#752 = EDGE_LOOP ( 'NONE', ( #19, #209, #4076, #4087, #4751, #4634, #280, #4451, #2134, #359, #4741, #134, #3389, #249, #2662, #165 ) ) ;
#753 = EDGE_LOOP ( 'NONE', ( #327, #2196, #4120, #2288 ) ) ;
#754 = LINE ( 'NONE', #445, #11 ) ;
#755 = ORIENTED_EDGE ( 'NONE', *, *, #2378, .T. ) ;
#756 = CARTESIAN_POINT ( 'NONE',  ( 7.951836509645761275, -4.400000000000000355, -4.300000000000001599 ) ) ;
#757 = B_SPLINE_CURVE_WITH_KNOTS ( 'NONE', 3,
 ( #2616, #1178, #3063, #2264, #1528, #3449, #3749, #3019 ),
 .UNSPECIFIED., .F., .F.,
 ( 4, 2, 2, 4 ),
 ( 0.000000000000000000, 0.0001390072422776454479, 0.0002085108634164681719, 0.0002780144845552909500 ),
 .UNSPECIFIED. ) ;
#758 = ADVANCED_FACE ( 'NONE', ( #305 ), #4092, .F. ) ;
#759 = ORIENTED_EDGE ( 'NONE', *, *, #1817, .T. ) ;
#760 = CARTESIAN_POINT ( 'NONE',  ( 9.049999999999991829, 15.19999999999999929, -5.099999999999998757 ) ) ;
#761 = EDGE_LOOP ( 'NONE', ( #1706, #3537, #561, #2415 ) ) ;
#762 = CARTESIAN_POINT ( 'NONE',  ( -5.600000000000002309, 0.000000000000000000, -4.899999999999999467 ) ) ;
#763 = CARTESIAN_POINT ( 'NONE',  ( 5.800000000000000711, -0.2999999999999999889, -5.099999999999998757 ) ) ;
#764 = ORIENTED_EDGE ( 'NONE', *, *, #4414, .T. ) ;
#765 = DIRECTION ( 'NONE',  ( -1.000000000000000000, -0.000000000000000000, -0.000000000000000000 ) ) ;
#766 = ORIENTED_EDGE ( 'NONE', *, *, #2326, .F. ) ;
#767 = CARTESIAN_POINT ( 'NONE',  ( -6.900000000000003020, -0.2999999999999999889, -4.974999999999998757 ) ) ;
#768 = DIRECTION ( 'NONE',  ( -1.000000000000000000, 0.000000000000000000, 0.000000000000000000 ) ) ;
#769 = CARTESIAN_POINT ( 'NONE',  ( 7.147486580264430067, -0.05000000000000014155, -5.099999999999998757 ) ) ;
#770 = CARTESIAN_POINT ( 'NONE',  ( 5.552513419735564781, 0.05000000000000000278, 4.899999999999999467 ) ) ;
#771 = CARTESIAN_POINT ( 'NONE',  ( -5.607498711060681984, -0.09680009177561073319, -4.900000000000199307 ) ) ;
#772 = DIRECTION ( 'NONE',  ( 1.000000000000000000, 0.000000000000000000, 0.000000000000000000 ) ) ;
#773 = ORIENTED_EDGE ( 'NONE', *, *, #1457, .F. ) ;
#774 = LINE ( 'NONE', #2706, #1030 ) ;
#775 = ORIENTED_EDGE ( 'NONE', *, *, #3707, .T. ) ;
#776 = CARTESIAN_POINT ( 'NONE',  ( -7.150000000000004796, -3.900000000000000355, 3.549999999999999822 ) ) ;
#777 = DIRECTION ( 'NONE',  ( 1.000000000000000000, 0.000000000000000000, 0.000000000000000000 ) ) ;
#778 = ORIENTED_EDGE ( 'NONE', *, *, #1317, .F. ) ;
#779 = CARTESIAN_POINT ( 'NONE',  ( -5.761352628014264177, -0.3000000000000000444, 5.049999999999990052 ) ) ;
#780 = ORIENTED_EDGE ( 'NONE', *, *, #3757, .T. ) ;
#781 = CARTESIAN_POINT ( 'NONE',  ( 9.049999999999997158, 0.05000000000000000278, 5.050000000000000711 ) ) ;
#782 = ADVANCED_FACE ( 'NONE', ( #285 ), #3631, .F. ) ;
#783 = ADVANCED_FACE ( 'NONE', ( #3655 ), #1795, .T. ) ;
#784 = CARTESIAN_POINT ( 'NONE',  ( 5.668994164560551496, -0.1314047628513051180, -5.099999999999998757 ) ) ;
#785 = ORIENTED_EDGE ( 'NONE', *, *, #1077, .F. ) ;
#786 = ORIENTED_EDGE ( 'NONE', *, *, #3844, .T. ) ;
#787 = VECTOR ( 'NONE', #3256, 1000.000000000000000 ) ;
#788 = CARTESIAN_POINT ( 'NONE',  ( -5.602259935411595393, -0.04497166249194819998, -5.049999999999998934 ) ) ;
#789 = AXIS2_PLACEMENT_3D ( 'NONE', #2337, #1920, #1545 ) ;
#790 = DIRECTION ( 'NONE',  ( 0.000000000000000000, 1.000000000000000000, 0.000000000000000000 ) ) ;
#791 = DIRECTION ( 'NONE',  ( 0.000000000000000000, 0.000000000000000000, -1.000000000000000000 ) ) ;
#792 = CARTESIAN_POINT ( 'NONE',  ( -5.754777600725571318, -0.2391130917404745426, -4.850000000000002309 ) ) ;
#793 = DIRECTION ( 'NONE',  ( 0.1005667501613281556, 0.9949303135204943249, -2.858569859585019083E-13 ) ) ;
#794 = EDGE_LOOP ( 'NONE', ( #2280, #4138, #3755, #4273 ) ) ;
#795 = VECTOR ( 'NONE', #2012, 1000.000000000000000 ) ;
#796 = LINE ( 'NONE', #1919, #1126 ) ;
#797 = VERTEX_POINT ( 'NONE', #425 ) ;
#798 = CARTESIAN_POINT ( 'NONE',  ( -7.147486580264432732, 0.04999999999999969746, -5.099999999999998757 ) ) ;
#799 = VECTOR ( 'NONE', #1720, 1000.000000000000000 ) ;
#800 = FACE_OUTER_BOUND ( 'NONE', #4371, .T. ) ;
#801 = EDGE_LOOP ( 'NONE', ( #3380, #635, #2254, #3352 ) ) ;
#802 = CARTESIAN_POINT ( 'NONE',  ( -5.754777600725571318, -0.2391130917404755973, 5.100000000000000533 ) ) ;
#803 = EDGE_LOOP ( 'NONE', ( #2383, #4241, #1995, #4181 ) ) ;
#804 = MECHANICAL_DESIGN_GEOMETRIC_PRESENTATION_REPRESENTATION (  '', ( #2910 ), #3607 ) ;
#805 = CYLINDRICAL_SURFACE ( 'NONE', #4539, 0.04999999999999969746 ) ;
#806 = DIRECTION ( 'NONE',  ( 0.000000000000000000, 0.000000000000000000, -1.000000000000000000 ) ) ;
#807 = AXIS2_PLACEMENT_3D ( 'NONE', #2488, #520, #572 ) ;
#808 = VERTEX_POINT ( 'NONE', #3818 ) ;
#809 = ADVANCED_FACE ( 'NONE', ( #1921 ), #2496, .T. ) ;
#810 = AXIS2_PLACEMENT_3D ( 'NONE', #3058, #4126, #1960 ) ;
#811 = EDGE_LOOP ( 'NONE', ( #4096, #120, #1798, #1122 ) ) ;
#812 = EDGE_CURVE ( 'NONE', #3686, #2169, #2087, .T. ) ;
#813 = DIRECTION ( 'NONE',  ( -1.000000000000000000, 0.000000000000000000, 0.000000000000000000 ) ) ;
#814 = CARTESIAN_POINT ( 'NONE',  ( -7.097740064588410114, -0.04497166249194773507, 4.900000000000000355 ) ) ;
#815 = PLANE ( 'NONE',  #240 ) ;
#816 = CARTESIAN_POINT ( 'NONE',  ( -5.761352628014262400, -0.3000000000000000444, -4.899999999999925748 ) ) ;
#817 = CARTESIAN_POINT ( 'NONE',  ( 5.599999999999996980, 0.04999999999999969746, 5.100000000000000533 ) ) ;
#818 = ORIENTED_EDGE ( 'NONE', *, *, #2296, .T. ) ;
#819 = CARTESIAN_POINT ( 'NONE',  ( -5.600000000000004086, 0.000000000000000000, 5.050000000000000711 ) ) ;
#820 = EDGE_LOOP ( 'NONE', ( #379, #2456, #1259, #2020 ) ) ;
#821 = CARTESIAN_POINT ( 'NONE',  ( 7.147486580264430067, -0.05000000000000014155, -4.899999999999999467 ) ) ;
#822 = CARTESIAN_POINT ( 'NONE',  ( 9.049999999999997158, 0.04999999999999969746, 5.050000000000000711 ) ) ;
#823 = LINE ( 'NONE', #3424, #3121 ) ;
#824 = DIRECTION ( 'NONE',  ( 0.000000000000000000, 0.000000000000000000, -1.000000000000000000 ) ) ;
#825 = ORIENTED_EDGE ( 'NONE', *, *, #860, .F. ) ;
#826 = DIRECTION ( 'NONE',  ( -1.000000000000000000, 0.000000000000000000, 0.000000000000000000 ) ) ;
#827 = DIRECTION ( 'NONE',  ( 1.000000000000000000, 0.000000000000000000, 0.000000000000000000 ) ) ;
#828 = DIRECTION ( 'NONE',  ( 0.000000000000000000, 0.000000000000000000, -1.000000000000000000 ) ) ;
#829 = EDGE_LOOP ( 'NONE', ( #818, #1298, #1207, #4583 ) ) ;
#830 = EDGE_LOOP ( 'NONE', ( #396, #4022, #2007, #128 ) ) ;
#831 = CARTESIAN_POINT ( 'NONE',  ( 7.147486580264430067, -0.05000000000000014155, -4.850000000000001421 ) ) ;
#832 = CARTESIAN_POINT ( 'NONE',  ( -6.900000000000003908, -0.2999999999999999889, 4.899999999999999467 ) ) ;
#833 = DIRECTION ( 'NONE',  ( 1.000000000000000000, 0.000000000000000000, 0.000000000000000000 ) ) ;
#834 = EDGE_CURVE ( 'NONE', #2358, #422, #3158, .T. ) ;
#835 = EDGE_CURVE ( 'NONE', #4760, #1138, #1557, .T. ) ;
#836 = LINE ( 'NONE', #420, #331 ) ;
#837 = FACE_OUTER_BOUND ( 'NONE', #2959, .T. ) ;
#838 = ORIENTED_EDGE ( 'NONE', *, *, #4565, .T. ) ;
#839 =( NAMED_UNIT ( * ) SI_UNIT ( $, .STERADIAN. ) SOLID_ANGLE_UNIT ( ) );
#840 = PLANE ( 'NONE',  #789 ) ;
#841 = LINE ( 'NONE', #2365, #4225 ) ;
#842 = ORIENTED_EDGE ( 'NONE', *, *, #2347, .F. ) ;
#843 =( BOUNDED_SURFACE ( )  B_SPLINE_SURFACE ( 3, 2, ( 
 ( #4496, #1892, #2357, #4175, #3379 ),
 ( #3031, #4549, #490, #1154, #4154 ),
 ( #2310, #2333, #1934, #2402, #514 ),
 ( #3563, #3858, #4221, #2818, #2105 ),
 ( #2845, #4690, #883, #2743, #562 ),
 ( #3591, #143, #3201, #1677, #2772 ),
 ( #246, #4644, #1735, #2381, #956 ),
 ( #3879, #1652, #3229, #905, #2032 ) ),
 .UNSPECIFIED., .F., .F., .F. ) 
 B_SPLINE_SURFACE_WITH_KNOTS ( ( 4, 2, 2, 4 ),
 ( 3, 2, 3 ),
 ( -1.707618421664669484E-18, 6.954209021615540725E-05, 0.0001390841804323125221, 0.0002781683608646267247 ),
 ( -0.01000000000000000021, 0.000000000000000000, 1.000000000000000000 ),
 .UNSPECIFIED. ) 
 GEOMETRIC_REPRESENTATION_ITEM ( )  RATIONAL_B_SPLINE_SURFACE ( (
 ( 1.000000000000000000, 1.000000000000000000, 1.000000000000000000, 0.7071067811865475727, 1.000000000000000000),
 ( 1.000000000000000000, 1.000000000000000000, 1.000000000000000000, 0.7071067811865475727, 1.000000000000000000),
 ( 1.000000000000000000, 1.000000000000000000, 1.000000000000000000, 0.7071067811865536790, 1.000000000000000000),
 ( 1.000000000000000000, 1.000000000000000000, 1.000000000000000000, 0.7071067811865536790, 1.000000000000000000),
 ( 1.000000000000000000, 1.000000000000000000, 1.000000000000000000, 0.7071067811865475727, 1.000000000000000000),
 ( 1.000000000000000000, 1.000000000000000000, 1.000000000000000000, 0.7071067811865475727, 1.000000000000000000),
 ( 1.000000000000000000, 1.000000000000000000, 1.000000000000000000, 0.7071067811865414665, 1.000000000000000000),
 ( 1.000000000000000000, 1.000000000000000000, 1.000000000000000000, 0.7071067811865414665, 1.000000000000000000) ) ) 
 REPRESENTATION_ITEM ( '' )  SURFACE ( )  );
#844 = ORIENTED_EDGE ( 'NONE', *, *, #4414, .F. ) ;
#845 = DIRECTION ( 'NONE',  ( 0.1005667501610396225, 0.9949303135205235238, 0.000000000000000000 ) ) ;
#846 = LINE ( 'NONE', #4561, #1333 ) ;
#847 = DIRECTION ( 'NONE',  ( 0.000000000000000000, 0.000000000000000000, -1.000000000000000000 ) ) ;
#848 = CARTESIAN_POINT ( 'NONE',  ( -7.650000000000003908, -3.900000000000000355, -3.549999999999999822 ) ) ;
#849 = EDGE_LOOP ( 'NONE', ( #1233, #2151, #2189, #1487 ) ) ;
#850 = CARTESIAN_POINT ( 'NONE',  ( -5.600000000000004086, 0.05000000000000000278, 4.850000000000001421 ) ) ;
#851 = ORIENTED_EDGE ( 'NONE', *, *, #4229, .T. ) ;
#852 = CIRCLE ( 'NONE', #3116, 0.04999999999999969746 ) ;
#853 = CARTESIAN_POINT ( 'NONE',  ( 5.799999999999996270, -0.2499999999999999445, 4.850000000000001421 ) ) ;
#854 = DIRECTION ( 'NONE',  ( 0.000000000000000000, 0.000000000000000000, -1.000000000000000000 ) ) ;
#855 = VECTOR ( 'NONE', #3531, 1000.000000000000000 ) ;
#856 = ORIENTED_EDGE ( 'NONE', *, *, #141, .T. ) ;
#857 = DIRECTION ( 'NONE',  ( -0.9949303135204942139, 0.1005667501613281556, 0.000000000000000000 ) ) ;
#858 = EDGE_LOOP ( 'NONE', ( #1969, #3738, #1080, #2049 ) ) ;
#859 = ADVANCED_FACE ( 'NONE', ( #2800 ), #570, .T. ) ;
#860 = EDGE_CURVE ( 'NONE', #4665, #1871, #2590, .T. ) ;
#861 = SURFACE_SIDE_STYLE ('',( #3840 ) ) ;
#862 = CIRCLE ( 'NONE', #940, 0.7500000000000006661 ) ;
#863 = ORIENTED_EDGE ( 'NONE', *, *, #4135, .T. ) ;
#864 = CARTESIAN_POINT ( 'NONE',  ( -5.552513419735571887, -0.04999999999999989869, 5.100000000000000533 ) ) ;
#865 = CARTESIAN_POINT ( 'NONE',  ( -7.043009034233429944, -0.08574104439931855282, -5.100000000000002309 ) ) ;
#866 = CARTESIAN_POINT ( 'NONE',  ( 7.639999999999996128, -3.900000000000000355, -3.300000000000001155 ) ) ;
#867 = ORIENTED_EDGE ( 'NONE', *, *, #2517, .T. ) ;
#868 = EDGE_CURVE ( 'NONE', #1594, #2083, #4444, .T. ) ;
#869 = CARTESIAN_POINT ( 'NONE',  ( -6.900000000000004796, -0.2999999999999999889, 4.975000000000002309 ) ) ;
#870 = AXIS2_PLACEMENT_3D ( 'NONE', #3402, #4502, #2314 ) ;
#871 = CARTESIAN_POINT ( 'NONE',  ( 5.703788273429735156, -0.1915858581630169866, 4.850000000000002309 ) ) ;
#872 = LINE ( 'NONE', #3850, #1496 ) ;
#873 = DIRECTION ( 'NONE',  ( -1.000000000000000000, 0.000000000000000000, 0.000000000000000000 ) ) ;
#874 = ORIENTED_EDGE ( 'NONE', *, *, #136, .F. ) ;
#875 = VECTOR ( 'NONE', #3343, 1000.000000000000000 ) ;
#876 = CIRCLE ( 'NONE', #4069, 0.04999999999999969746 ) ;
#877 = ORIENTED_EDGE ( 'NONE', *, *, #2420, .F. ) ;
#878 = AXIS2_PLACEMENT_3D ( 'NONE', #2683, #2316, #2387 ) ;
#879 = CARTESIAN_POINT ( 'NONE',  ( 8.850000000000004974, 0.1000000000000000056, 4.850000000000001421 ) ) ;
#880 = LINE ( 'NONE', #1238, #3899 ) ;
#881 = TOROIDAL_SURFACE ( 'NONE', #1647, 0.1000000000000000056, 0.05000000000000000278 ) ;
#882 = ORIENTED_EDGE ( 'NONE', *, *, #2304, .T. ) ;
#883 = CARTESIAN_POINT ( 'NONE',  ( 5.703788273429733380, -0.1915858581630136004, -4.850000000000001421 ) ) ;
#884 = ORIENTED_EDGE ( 'NONE', *, *, #1686, .T. ) ;
#885 = CARTESIAN_POINT ( 'NONE',  ( -7.100000000000004086, -0.2999999999999999889, 4.837499999999999467 ) ) ;
#886 = ORIENTED_EDGE ( 'NONE', *, *, #1603, .F. ) ;
#887 = CARTESIAN_POINT ( 'NONE',  ( 6.899999999999998579, -0.2999999999999999334, -4.899999999999999467 ) ) ;
#888 = DIRECTION ( 'NONE',  ( -0.9949303135204947690, 0.1005667501613225212, 0.000000000000000000 ) ) ;
#889 = LINE ( 'NONE', #519, #1192 ) ;
#890 = ADVANCED_FACE ( 'NONE', ( #2463 ), #1042, .F. ) ;
#891 = DIRECTION ( 'NONE',  ( 1.000000000000000000, 0.000000000000000000, 0.000000000000000000 ) ) ;
#892 = CARTESIAN_POINT ( 'NONE',  ( 7.951836509645761275, -4.400000000000000355, -3.388163490354233698 ) ) ;
#893 = LINE ( 'NONE', #3429, #4082 ) ;
#894 = CARTESIAN_POINT ( 'NONE',  ( 5.602259935411592728, -0.04497166249194781834, 4.850000000000000533 ) ) ;
#895 = FACE_OUTER_BOUND ( 'NONE', #96, .T. ) ;
#896 = ADVANCED_FACE ( 'NONE', ( #4720 ), #299, .T. ) ;
#897 = CARTESIAN_POINT ( 'NONE',  ( 5.299999999999998046, 15.10000000000000142, -1.000000000000000666 ) ) ;
#898 = VERTEX_POINT ( 'NONE', #4011 ) ;
#899 = AXIS2_PLACEMENT_3D ( 'NONE', #2234, #695, #4009 ) ;
#900 = CARTESIAN_POINT ( 'NONE',  ( -5.552513419735571887, -0.04999999999999989869, 4.850000000000001421 ) ) ;
#901 = ORIENTED_EDGE ( 'NONE', *, *, #2956, .T. ) ;
#902 = CARTESIAN_POINT ( 'NONE',  ( 7.099999999999996980, -0.2999999999999999889, 4.837500000000003020 ) ) ;
#903 = CARTESIAN_POINT ( 'NONE',  ( 7.147486580264430067, 0.05000000000000000278, -4.899999999999999467 ) ) ;
#904 = ORIENTED_EDGE ( 'NONE', *, *, #2924, .T. ) ;
#905 = CARTESIAN_POINT ( 'NONE',  ( 5.602259935411590064, -0.04497166249193257359, -4.849999999999999645 ) ) ;
#906 = CARTESIAN_POINT ( 'NONE',  ( -5.656643459472785906, -0.08581869388641331919, 5.100000000000000533 ) ) ;
#907 = ORIENTED_EDGE ( 'NONE', *, *, #4509, .T. ) ;
#908 = CARTESIAN_POINT ( 'NONE',  ( 9.099999999999997868, 0.04999999999999969746, 5.100000000000000533 ) ) ;
#909 = ORIENTED_EDGE ( 'NONE', *, *, #33, .T. ) ;
#910 = CARTESIAN_POINT ( 'NONE',  ( 6.938647688268429370, -0.2999989463168595827, -4.849999999999883293 ) ) ;
#911 = CARTESIAN_POINT ( 'NONE',  ( -7.043356540527067722, -0.08581869388641169549, -5.100000000000000533 ) ) ;
#912 = CARTESIAN_POINT ( 'NONE',  ( -6.945222399274427971, -0.2391130917404843126, 5.100000000000000533 ) ) ;
#913 = CARTESIAN_POINT ( 'NONE',  ( 7.728163490354228671, -4.400000000000000355, -3.300000000000001155 ) ) ;
#914 = FACE_OUTER_BOUND ( 'NONE', #1129, .T. ) ;
#915 = LINE ( 'NONE', #2411, #1903 ) ;
#916 = CARTESIAN_POINT ( 'NONE',  ( 5.754420856929251649, -0.2397343563014007473, 4.850000000000002309 ) ) ;
#917 = DIRECTION ( 'NONE',  ( 0.000000000000000000, 0.000000000000000000, 1.000000000000000000 ) ) ;
#918 = PLANE ( 'NONE',  #2970 ) ;
#919 = CARTESIAN_POINT ( 'NONE',  ( 5.552513419735568334, -0.05000000000000034972, -4.850000000000001421 ) ) ;
#920 = ORIENTED_EDGE ( 'NONE', *, *, #2614, .F. ) ;
#921 = EDGE_CURVE ( 'NONE', #2705, #3566, #2, .T. ) ;
#922 = EDGE_CURVE ( 'NONE', #2591, #2398, #2871, .T. ) ;
#923 = CARTESIAN_POINT ( 'NONE',  ( 5.776360980587381455, -0.2496458327427758805, 5.100000000000001421 ) ) ;
#924 = CARTESIAN_POINT ( 'NONE',  ( 7.147486580264430067, -0.05000000000000014155, -5.049999999999998934 ) ) ;
#925 = EDGE_LOOP ( 'NONE', ( #160, #4267, #2332, #1924 ) ) ;
#926 = CARTESIAN_POINT ( 'NONE',  ( 7.037169605723912369, -0.2206393603763316669, 5.049999999999998934 ) ) ;
#927 = DIRECTION ( 'NONE',  ( 0.000000000000000000, 1.000000000000000000, 0.000000000000000000 ) ) ;
#928 = ORIENTED_EDGE ( 'NONE', *, *, #3997, .F. ) ;
#929 = DIRECTION ( 'NONE',  ( 0.1005667501613234649, 0.9949303135204948800, -8.090292055429863707E-16 ) ) ;
#930 = ORIENTED_EDGE ( 'NONE', *, *, #4075, .T. ) ;
#931 = CARTESIAN_POINT ( 'NONE',  ( -5.656680925456549325, -0.08618899009657890464, -5.099999999999998757 ) ) ;
#932 = ORIENTED_EDGE ( 'NONE', *, *, #3654, .T. ) ;
#933 = DIRECTION ( 'NONE',  ( 0.000000000000000000, 0.000000000000000000, 1.000000000000000000 ) ) ;
#934 = CARTESIAN_POINT ( 'NONE',  ( -6.900000000000003020, -0.2492928932188134550, 5.100000000000000533 ) ) ;
#935 = DIRECTION ( 'NONE',  ( -0.000000000000000000, -0.000000000000000000, -1.000000000000000000 ) ) ;
#936 = LINE ( 'NONE', #3162, #2899 ) ;
#937 = STYLED_ITEM ( 'NONE', ( #207 ), #1026 ) ;
#938 = CARTESIAN_POINT ( 'NONE',  ( 6.923744401563532769, -0.2499993830452261201, -5.099999999999996092 ) ) ;
#939 = CARTESIAN_POINT ( 'NONE',  ( 5.657338472060001067, -0.08566339491225731517, 4.849999999999999645 ) ) ;
#940 = AXIS2_PLACEMENT_3D ( 'NONE', #3113, #3917, #1284 ) ;
#941 = CARTESIAN_POINT ( 'NONE',  ( -7.650000000000003908, -3.900000000000000355, 3.549999999999999822 ) ) ;
#942 = LINE ( 'NONE', #997, #3910 ) ;
#943 = VERTEX_POINT ( 'NONE', #4770 ) ;
#944 = CIRCLE ( 'NONE', #1413, 0.04999999999999969746 ) ;
#945 = EDGE_CURVE ( 'NONE', #2097, #2983, #2537, .T. ) ;
#946 = CARTESIAN_POINT ( 'NONE',  ( 5.761352628014257071, -0.2999999999999999889, 5.049999999999958966 ) ) ;
#947 = CARTESIAN_POINT ( 'NONE',  ( -5.600000000000004974, -0.2999999999999999889, 4.929166666666662699 ) ) ;
#948 = VECTOR ( 'NONE', #1112, 1000.000000000000000 ) ;
#949 = EDGE_CURVE ( 'NONE', #3035, #4694, #989, .T. ) ;
#950 = ORIENTED_EDGE ( 'NONE', *, *, #1937, .F. ) ;
#951 = CARTESIAN_POINT ( 'NONE',  ( 6.938647688268449798, -0.2999989463167753168, 5.099999999999938360 ) ) ;
#952 = CIRCLE ( 'NONE', #2285, 0.04999999999999969746 ) ;
#953 = FACE_OUTER_BOUND ( 'NONE', #4202, .T. ) ;
#954 = ADVANCED_FACE ( 'NONE', ( #675 ), #3277, .T. ) ;
#955 = EDGE_LOOP ( 'NONE', ( #1120, #1013, #4585, #335 ) ) ;
#956 = CARTESIAN_POINT ( 'NONE',  ( 5.607498711060680208, -0.09680009177564555256, -4.900000000000038547 ) ) ;
#957 = AXIS2_PLACEMENT_3D ( 'NONE', #253, #3940, #1743 ) ;
#958 = MANIFOLD_SOLID_BREP ( 'Boss-Extrude5[4]', #536 ) ;
#959 = VERTEX_POINT ( 'NONE', #2186 ) ;
#960 = DIRECTION ( 'NONE',  ( 0.1710878697460358755, 0.9702875252478138091, -0.1710878697460358755 ) ) ;
#961 = ORIENTED_EDGE ( 'NONE', *, *, #4229, .F. ) ;
#962 = AXIS2_PLACEMENT_3D ( 'NONE', #3615, #1730, #608 ) ;
#963 = CARTESIAN_POINT ( 'NONE',  ( -7.238163490354237339, -4.400000000000000355, 3.638163490354232366 ) ) ;
#964 = DIRECTION ( 'NONE',  ( -1.000000000000000000, 0.000000000000000000, 0.000000000000000000 ) ) ;
#965 = FACE_OUTER_BOUND ( 'NONE', #2550, .T. ) ;
#966 = DIRECTION ( 'NONE',  ( 0.000000000000000000, 1.000000000000000000, 0.000000000000000000 ) ) ;
#967 = FACE_OUTER_BOUND ( 'NONE', #3657, .T. ) ;
#968 = COLOUR_RGB ( '',0.7921568627450980005, 0.8196078431372548767, 0.9333333333333333481 ) ;
#969 = CARTESIAN_POINT ( 'NONE',  ( 7.078948882649777730, -0.1483756555018065360, -5.049999999999998934 ) ) ;
#970 = FACE_OUTER_BOUND ( 'NONE', #3904, .T. ) ;
#971 = DIRECTION ( 'NONE',  ( 0.000000000000000000, 0.000000000000000000, 1.000000000000000000 ) ) ;
#972 = VERTEX_POINT ( 'NONE', #2508 ) ;
#973 = VECTOR ( 'NONE', #3934, 1000.000000000000000 ) ;
#974 = CARTESIAN_POINT ( 'NONE',  ( 5.718335145533202990, -0.2099445089812464194, 5.099999999999998757 ) ) ;
#975 = FILL_AREA_STYLE ('',( #2447 ) ) ;
#976 = EDGE_LOOP ( 'NONE', ( #254, #463, #1035, #4200 ) ) ;
#977 = ADVANCED_FACE ( 'NONE', ( #3623 ), #2920, .T. ) ;
#978 = DIRECTION ( 'NONE',  ( 0.000000000000000000, 0.000000000000000000, -1.000000000000000000 ) ) ;
#979 = CARTESIAN_POINT ( 'NONE',  ( 6.899999999999998579, -0.2492928932188135105, 5.100000000000000533 ) ) ;
#980 = EDGE_CURVE ( 'NONE', #4161, #3356, #4748, .T. ) ;
#981 = ORIENTED_EDGE ( 'NONE', *, *, #3608, .T. ) ;
#982 = PLANE ( 'NONE',  #2533 ) ;
#983 = ORIENTED_EDGE ( 'NONE', *, *, #4056, .F. ) ;
#984 = CARTESIAN_POINT ( 'NONE',  ( -7.150000000000004796, -3.900000000000000355, -3.549999999999999378 ) ) ;
#985 = EDGE_CURVE ( 'NONE', #4490, #3566, #4405, .T. ) ;
#986 = ORIENTED_EDGE ( 'NONE', *, *, #1520, .F. ) ;
#987 = EDGE_CURVE ( 'NONE', #898, #3455, #2985, .T. ) ;
#988 = CARTESIAN_POINT ( 'NONE',  ( 9.099999999999997868, 15.15000000000000036, -5.049999999999998934 ) ) ;
#989 = LINE ( 'NONE', #1788, #2424 ) ;
#990 = CARTESIAN_POINT ( 'NONE',  ( -6.970805153436167245, -0.2836649047208306684, 5.049999999999990052 ) ) ;
#991 =( BOUNDED_SURFACE ( )  B_SPLINE_SURFACE ( 2, 3, ( 
 ( #1070, #682, #2172, #1774 ),
 ( #656, #259, #1089, #3263 ),
 ( #1019, #4430, #3309, #2588 ) ),
 .UNSPECIFIED., .F., .F., .F. ) 
 B_SPLINE_SURFACE_WITH_KNOTS ( ( 3, 3 ),
 ( 4, 4 ),
 ( 0.000000000000000000, 1.000000000000000000 ),
 ( 0.004837499999999999786, 0.005112499999999998990 ),
 .UNSPECIFIED. ) 
 GEOMETRIC_REPRESENTATION_ITEM ( )  RATIONAL_B_SPLINE_SURFACE ( (
 ( 1.000000000000000000, 1.000000000000000000, 1.000000000000000000, 1.000000000000000000),
 ( 0.7071067811865475727, 0.7071067811865475727, 0.7071067811865475727, 0.7071067811865475727),
 ( 1.000000000000000000, 1.000000000000000000, 1.000000000000000000, 1.000000000000000000) ) ) 
 REPRESENTATION_ITEM ( '' )  SURFACE ( )  );
#992 = FACE_OUTER_BOUND ( 'NONE', #4501, .T. ) ;
#993 = CARTESIAN_POINT ( 'NONE',  ( 0.000000000000000000, -0.2999999999999999889, 0.000000000000000000 ) ) ;
#994 = EDGE_CURVE ( 'NONE', #4436, #2915, #436, .T. ) ;
#995 = CARTESIAN_POINT ( 'NONE',  ( 7.031005835439324336, -0.1314047628512926003, -5.099999999999998757 ) ) ;
#996 = LINE ( 'NONE', #2171, #5 ) ;
#997 = CARTESIAN_POINT ( 'NONE',  ( 7.097740064588404785, -0.04497166249194786691, -5.049999999999998934 ) ) ;
#998 = ORIENTED_EDGE ( 'NONE', *, *, #1850, .T. ) ;
#999 = LINE ( 'NONE', #3507, #3743 ) ;
#1000 = ADVANCED_FACE ( 'NONE', ( #2610 ), #747, .F. ) ;
#1001 = CYLINDRICAL_SURFACE ( 'NONE', #3059, 0.04999999999999969746 ) ;
#1002 = ORIENTED_EDGE ( 'NONE', *, *, #1724, .T. ) ;
#1003 = CARTESIAN_POINT ( 'NONE',  ( 6.899999999999998579, -0.2999999999999999889, -4.899999999999997691 ) ) ;
#1004 = LINE ( 'NONE', #2958, #3709 ) ;
#1005 = VERTEX_POINT ( 'NONE', #4282 ) ;
#1006 = CARTESIAN_POINT ( 'NONE',  ( -7.092501351874592075, -0.09679998966229889923, 4.850000000000022737 ) ) ;
#1007 = CARTESIAN_POINT ( 'NONE',  ( -7.147486580264432732, -0.04999999999999995420, -5.099999999999998757 ) ) ;
#1008 = DIRECTION ( 'NONE',  ( 0.000000000000000000, 1.000000000000000000, 0.000000000000000000 ) ) ;
#1009 = SURFACE_SIDE_STYLE ('',( #4331 ) ) ;
#1010 = DIRECTION ( 'NONE',  ( 0.000000000000000000, 1.000000000000000000, 0.000000000000000000 ) ) ;
#1011 = SPHERICAL_SURFACE ( 'NONE', #807, 0.05000000000000000278 ) ;
#1012 = ADVANCED_FACE ( 'NONE', ( #1691 ), #3849, .F. ) ;
#1013 = ORIENTED_EDGE ( 'NONE', *, *, #3099, .T. ) ;
#1014 = EDGE_CURVE ( 'NONE', #3675, #2295, #2029, .T. ) ;
#1015 = CARTESIAN_POINT ( 'NONE',  ( 6.981664854466802517, -0.2099445089812494170, -5.099999999999996980 ) ) ;
#1016 = AXIS2_PLACEMENT_3D ( 'NONE', #3536, #2098, #1753 ) ;
#1017 = CARTESIAN_POINT ( 'NONE',  ( -6.945400771172571375, -0.2394237240209443063, -4.849999999999999645 ) ) ;
#1018 = CARTESIAN_POINT ( 'NONE',  ( -6.900000000000003020, -0.2499999999999999445, 4.850000000000001421 ) ) ;
#1019 = CARTESIAN_POINT ( 'NONE',  ( -5.800000000000002487, -0.2999999999999999889, -4.837499999999999467 ) ) ;
#1020 = CARTESIAN_POINT ( 'NONE',  ( -5.718067479445065437, -0.2101825570401263943, -5.099999999999996980 ) ) ;
#1021 = TOROIDAL_SURFACE ( 'NONE', #1797, 0.1000000000000000056, 0.05000000000000000278 ) ;
#1022 = EDGE_CURVE ( 'NONE', #1672, #1857, #4260, .T. ) ;
#1023 = ORIENTED_EDGE ( 'NONE', *, *, #4387, .F. ) ;
#1024 = CARTESIAN_POINT ( 'NONE',  ( 7.099999999999997868, 0.000000000000000000, -4.929166666666667140 ) ) ;
#1025 = PRESENTATION_LAYER_ASSIGNMENT (  '', '', ( #937 ) ) ;
#1026 = MANIFOLD_SOLID_BREP ( 'Boss-Extrude5[2]', #4758 ) ;
#1027 = CARTESIAN_POINT ( 'NONE',  ( 5.652358212073365529, -0.03990776926838127125, 5.100000000000000533 ) ) ;
#1028 = CARTESIAN_POINT ( 'NONE',  ( -5.600000000000004974, -0.2999999999999999889, 5.020833333333341919 ) ) ;
#1029 = ORIENTED_EDGE ( 'NONE', *, *, #2780, .T. ) ;
#1030 = VECTOR ( 'NONE', #378, 1000.000000000000000 ) ;
#1031 = CARTESIAN_POINT ( 'NONE',  ( 5.552513419735564781, -0.05000000000000006523, 5.050000000000000711 ) ) ;
#1032 = CARTESIAN_POINT ( 'NONE',  ( 7.047290026940878249, -0.03987221355288107089, 5.099999999999997868 ) ) ;
#1033 = AXIS2_PLACEMENT_3D ( 'NONE', #1423, #2921, #4406 ) ;
#1034 = CARTESIAN_POINT ( 'NONE',  ( 5.552513419735568334, 0.05000000000000000278, -5.049999999999998934 ) ) ;
#1035 = ORIENTED_EDGE ( 'NONE', *, *, #1694, .T. ) ;
#1036 =( BOUNDED_SURFACE ( )  B_SPLINE_SURFACE ( 2, 3, ( 
 ( #4093, #4021, #2246, #1473 ),
 ( #4484, #1142, #3727, #3334 ),
 ( #1847, #4431, #2589, #3357 ) ),
 .UNSPECIFIED., .F., .F., .F. ) 
 B_SPLINE_SURFACE_WITH_KNOTS ( ( 3, 3 ),
 ( 4, 4 ),
 ( 0.000000000000000000, 1.000000000000000000 ),
 ( 0.004837499999999999786, 0.005112499999999998990 ),
 .UNSPECIFIED. ) 
 GEOMETRIC_REPRESENTATION_ITEM ( )  RATIONAL_B_SPLINE_SURFACE ( (
 ( 1.000000000000000000, 1.000000000000000000, 1.000000000000000000, 1.000000000000000000),
 ( 0.7071067811865475727, 0.7071067811865475727, 0.7071067811865475727, 0.7071067811865475727),
 ( 1.000000000000000000, 1.000000000000000000, 1.000000000000000000, 1.000000000000000000) ) ) 
 REPRESENTATION_ITEM ( '' )  SURFACE ( )  );
#1037 = LINE ( 'NONE', #3252, #1739 ) ;
#1038 = AXIS2_PLACEMENT_3D ( 'NONE', #709, #4510, #3658 ) ;
#1039 = PLANE ( 'NONE',  #113 ) ;
#1040 = CARTESIAN_POINT ( 'NONE',  ( 5.552513419735564781, -0.05000000000000006523, 5.100000000000000533 ) ) ;
#1041 = CIRCLE ( 'NONE', #2529, 0.05000000000000040523 ) ;
#1042 = PLANE ( 'NONE',  #4762 ) ;
#1043 = CARTESIAN_POINT ( 'NONE',  ( 9.049999999999991829, 15.19999999999999929, -5.049999999999998934 ) ) ;
#1044 = CARTESIAN_POINT ( 'NONE',  ( -5.652006451087622452, -0.03994332498388154101, 4.850000000000001421 ) ) ;
#1045 = EDGE_LOOP ( 'NONE', ( #3008, #4262, #1555 ) ) ;
#1046 = CARTESIAN_POINT ( 'NONE',  ( 9.099999999999997868, 0.000000000000000000, -5.049999999999998934 ) ) ;
#1047 = CIRCLE ( 'NONE', #1580, 0.04999999999999969746 ) ;
#1048 = CARTESIAN_POINT ( 'NONE',  ( -6.900000000000003020, -0.2499999999999998890, -4.850000000000001421 ) ) ;
#1049 = EDGE_CURVE ( 'NONE', #959, #4161, #862, .T. ) ;
#1050 = LINE ( 'NONE', #1018, #2511 ) ;
#1051 = LINE ( 'NONE', #2617, #2195 ) ;
#1052 = CARTESIAN_POINT ( 'NONE',  ( 5.149999999999993250, -3.900000000000000355, 3.299999999999997158 ) ) ;
#1053 = ORIENTED_EDGE ( 'NONE', *, *, #2426, .F. ) ;
#1054 = DIRECTION ( 'NONE',  ( -1.000000000000000000, 0.000000000000000000, 0.000000000000000000 ) ) ;
#1055 = ADVANCED_FACE ( 'NONE', ( #577 ), #3944, .T. ) ;
#1056 = CARTESIAN_POINT ( 'NONE',  ( 5.662830394276082480, -0.2206393603763323885, 5.049999999999980282 ) ) ;
#1057 = CARTESIAN_POINT ( 'NONE',  ( -5.800000000000005151, -0.2999999999999999889, 5.020833333333341919 ) ) ;
#1058 = ORIENTED_EDGE ( 'NONE', *, *, #360, .F. ) ;
#1059 = FACE_OUTER_BOUND ( 'NONE', #3106, .T. ) ;
#1060 = DIRECTION ( 'NONE',  ( -0.9848077530122080203, -0.1736481776669307198, 0.000000000000000000 ) ) ;
#1061 = VERTEX_POINT ( 'NONE', #3890 ) ;
#1062 = CARTESIAN_POINT ( 'NONE',  ( -7.030666824769512324, -0.1312847592859491819, 4.850000000000001421 ) ) ;
#1063 = FACE_OUTER_BOUND ( 'NONE', #2031, .T. ) ;
#1064 = CARTESIAN_POINT ( 'NONE',  ( 7.047993548912376838, -0.03994332498389634861, -4.849999999999999645 ) ) ;
#1065 = CARTESIAN_POINT ( 'NONE',  ( -8.850000000000003197, 0.02071067811865475936, -4.849999999999999645 ) ) ;
#1066 = FACE_OUTER_BOUND ( 'NONE', #955, .T. ) ;
#1067 = CARTESIAN_POINT ( 'NONE',  ( -8.850000000000003197, 0.05000000000000000278, -4.899999999999999467 ) ) ;
#1068 = ORIENTED_EDGE ( 'NONE', *, *, #3249, .F. ) ;
#1069 = CARTESIAN_POINT ( 'NONE',  ( -7.019785807144853784, -0.2438471263512725362, -4.900000000000009237 ) ) ;
#1070 = CARTESIAN_POINT ( 'NONE',  ( -5.600000000000002309, 0.000000000000000000, -4.837499999999999467 ) ) ;
#1071 = CARTESIAN_POINT ( 'NONE',  ( -5.669064527959376321, -0.1315785031656110937, 5.100000000000003197 ) ) ;
#1072 = ORIENTED_EDGE ( 'NONE', *, *, #4809, .F. ) ;
#1073 = CARTESIAN_POINT ( 'NONE',  ( 5.656990965766495627, -0.08574104439931302946, 5.100000000000001421 ) ) ;
#1074 = CARTESIAN_POINT ( 'NONE',  ( 5.652358212073367305, -0.03990776926838142391, -5.099999999999998757 ) ) ;
#1075 = ORIENTED_EDGE ( 'NONE', *, *, #1076, .F. ) ;
#1076 = EDGE_CURVE ( 'NONE', #1842, #1269, #2305, .T. ) ;
#1077 = EDGE_CURVE ( 'NONE', #3491, #1144, #3829, .T. ) ;
#1078 = CARTESIAN_POINT ( 'NONE',  ( 5.449999999999993072, -3.900000000000000355, 4.299999999999996270 ) ) ;
#1079 = CARTESIAN_POINT ( 'NONE',  ( 7.078948882649771512, -0.1483756555018111434, 5.049999999999998934 ) ) ;
#1080 = ORIENTED_EDGE ( 'NONE', *, *, #591, .F. ) ;
#1081 = CARTESIAN_POINT ( 'NONE',  ( -6.938647688268466673, -0.2999989463167975212, 4.850000000000031619 ) ) ;
#1082 = DIRECTION ( 'NONE',  ( 0.000000000000000000, 1.000000000000000000, 0.000000000000000000 ) ) ;
#1083 = CARTESIAN_POINT ( 'NONE',  ( 7.043356540527174303, -0.08581869388642503205, -4.849999999999999645 ) ) ;
#1084 = DIRECTION ( 'NONE',  ( 0.000000000000000000, 0.000000000000000000, 1.000000000000000000 ) ) ;
#1085 = CARTESIAN_POINT ( 'NONE',  ( -5.800000000000003375, -0.2499999999999999445, 4.850000000000001421 ) ) ;
#1086 = ORIENTED_EDGE ( 'NONE', *, *, #3521, .F. ) ;
#1087 = CARTESIAN_POINT ( 'NONE',  ( -5.800000000000003375, -0.2999999999999999889, -4.974999999999998757 ) ) ;
#1088 = CARTESIAN_POINT ( 'NONE',  ( -6.945579143070722772, -0.2397343563014075196, -4.849999999999999645 ) ) ;
#1089 = CARTESIAN_POINT ( 'NONE',  ( -5.600000000000002309, -0.2999999999999999889, -5.020833333333328596 ) ) ;
#1090 = LINE ( 'NONE', #2222, #4543 ) ;
#1091 = EDGE_LOOP ( 'NONE', ( #382, #4050, #4248, #4765 ) ) ;
#1092 = CARTESIAN_POINT ( 'NONE',  ( 7.099999999999997868, -0.3000000000000006550, -4.929166666666667140 ) ) ;
#1093 = AXIS2_PLACEMENT_3D ( 'NONE', #3437, #1168, #4566 ) ;
#1094 = AXIS2_PLACEMENT_3D ( 'NONE', #4419, #2574, #4466 ) ;
#1095 = CARTESIAN_POINT ( 'NONE',  ( 5.621051117350218895, -0.1483756555018081735, 5.050000000000039790 ) ) ;
#1096 = CARTESIAN_POINT ( 'NONE',  ( 5.729195261177984833, -0.2836643946956200479, -5.100000000000000533 ) ) ;
#1097 = ORIENTED_EDGE ( 'NONE', *, *, #4577, .F. ) ;
#1098 = DIRECTION ( 'NONE',  ( 0.000000000000000000, 0.000000000000000000, 1.000000000000000000 ) ) ;
#1099 = CIRCLE ( 'NONE', #4680, 0.04999999999999969746 ) ;
#1100 = EDGE_CURVE ( 'NONE', #4723, #4015, #4783, .T. ) ;
#1101 = LINE ( 'NONE', #1806, #1666 ) ;
#1102 = CARTESIAN_POINT ( 'NONE',  ( 6.923639019412606288, -0.2496458327427756030, 4.850000000000001421 ) ) ;
#1103 = ADVANCED_FACE ( 'NONE', ( #1861 ), #2856, .T. ) ;
#1104 = AXIS2_PLACEMENT_3D ( 'NONE', #2785, #917, #2413 ) ;
#1105 = ORIENTED_EDGE ( 'NONE', *, *, #1217, .F. ) ;
#1106 = CARTESIAN_POINT ( 'NONE',  ( -6.945579143070737871, -0.2397343563014044665, 4.850000000000002309 ) ) ;
#1107 = CARTESIAN_POINT ( 'NONE',  ( 7.147486580264428291, 0.05000000000000000278, 4.850000000000001421 ) ) ;
#1108 = AXIS2_PLACEMENT_3D ( 'NONE', #2432, #2086, #3086 ) ;
#1109 = LINE ( 'NONE', #31, #3679 ) ;
#1110 = EDGE_CURVE ( 'NONE', #3130, #125, #3959, .T. ) ;
#1111 = CARTESIAN_POINT ( 'NONE',  ( 7.043319074543473945, -0.08618899009658700927, 5.100000000000000533 ) ) ;
#1112 = DIRECTION ( 'NONE',  ( 1.000000000000000000, 0.000000000000000000, 0.000000000000000000 ) ) ;
#1113 = CARTESIAN_POINT ( 'NONE',  ( -5.656990965766487633, -0.08574104439931957977, 4.850000000000002309 ) ) ;
#1114 = AXIS2_PLACEMENT_3D ( 'NONE', #21, #1163, #1187 ) ;
#1115 = VERTEX_POINT ( 'NONE', #1152 ) ;
#1116 = CARTESIAN_POINT ( 'NONE',  ( -7.150000000000004796, -3.900000000000000355, 3.549999999999999822 ) ) ;
#1117 = PRESENTATION_LAYER_ASSIGNMENT (  '', '', ( #2910 ) ) ;
#1118 = DIRECTION ( 'NONE',  ( -0.000000000000000000, -0.000000000000000000, -1.000000000000000000 ) ) ;
#1119 = DIRECTION ( 'NONE',  ( 1.000000000000000000, 0.000000000000000000, 0.000000000000000000 ) ) ;
#1120 = ORIENTED_EDGE ( 'NONE', *, *, #1725, .T. ) ;
#1121 = CIRCLE ( 'NONE', #3915, 0.04999999999999969746 ) ;
#1122 = ORIENTED_EDGE ( 'NONE', *, *, #3145, .F. ) ;
#1123 = CIRCLE ( 'NONE', #3614, 0.04999999999999969746 ) ;
#1124 = CARTESIAN_POINT ( 'NONE',  ( 5.652006451087618011, -0.03994332498388179775, -5.099999999999998757 ) ) ;
#1125 = VERTEX_POINT ( 'NONE', #1913 ) ;
#1126 = VECTOR ( 'NONE', #1589, 1000.000000000000000 ) ;
#1127 = CARTESIAN_POINT ( 'NONE',  ( 6.923533637261696683, -0.2492922824403186743, 4.850000000000001421 ) ) ;
#1128 = EDGE_CURVE ( 'NONE', #3484, #2245, #3262, .T. ) ;
#1129 = EDGE_LOOP ( 'NONE', ( #678, #1240, #1480, #3180 ) ) ;
#1130 = DIRECTION ( 'NONE',  ( 0.000000000000000000, 0.000000000000000000, -1.000000000000000000 ) ) ;
#1131 = EDGE_CURVE ( 'NONE', #3026, #2460, #996, .T. ) ;
#1132 = DIRECTION ( 'NONE',  ( 0.000000000000000000, 0.000000000000000000, 1.000000000000000000 ) ) ;
#1133 = DIRECTION ( 'NONE',  ( 0.000000000000000000, 1.000000000000000000, 0.000000000000000000 ) ) ;
#1134 = DIRECTION ( 'NONE',  ( 0.000000000000000000, 1.000000000000000000, 0.000000000000000000 ) ) ;
#1135 = CARTESIAN_POINT ( 'NONE',  ( -5.662830394276087809, -0.2206393603763343314, -4.899999999999969269 ) ) ;
#1136 = CARTESIAN_POINT ( 'NONE',  ( 5.149999999999993250, -3.900000000000000355, 4.299999999999996270 ) ) ;
#1137 = CIRCLE ( 'NONE', #750, 0.04999999999999969746 ) ;
#1138 = VERTEX_POINT ( 'NONE', #7 ) ;
#1139 = ADVANCED_FACE ( 'NONE', ( #4494 ), #2652, .F. ) ;
#1140 = ADVANCED_FACE ( 'NONE', ( #4123 ), #1748, .T. ) ;
#1141 = DIRECTION ( 'NONE',  ( -0.000000000000000000, -0.000000000000000000, -1.000000000000000000 ) ) ;
#1142 = CARTESIAN_POINT ( 'NONE',  ( 5.599999999999998757, -0.2999999999999999889, -4.929166666666667140 ) ) ;
#1143 = ORIENTED_EDGE ( 'NONE', *, *, #3641, .F. ) ;
#1144 = VERTEX_POINT ( 'NONE', #1405 ) ;
#1145 = FACE_OUTER_BOUND ( 'NONE', #2373, .T. ) ;
#1146 = CARTESIAN_POINT ( 'NONE',  ( 5.657338472060021495, -0.08566339491223706748, -5.099999999999998757 ) ) ;
#1147 = ORIENTED_EDGE ( 'NONE', *, *, #691, .T. ) ;
#1148 = CARTESIAN_POINT ( 'NONE',  ( 6.945579143070756523, -0.2397343563014057710, 4.850000000000002309 ) ) ;
#1149 = ORIENTED_EDGE ( 'NONE', *, *, #4108, .F. ) ;
#1150 = FACE_OUTER_BOUND ( 'NONE', #88, .T. ) ;
#1151 = DIRECTION ( 'NONE',  ( 0.000000000000000000, -1.000000000000000000, 0.000000000000000000 ) ) ;
#1152 = CARTESIAN_POINT ( 'NONE',  ( 5.149999999999993250, 0.1000000000000000056, 4.299999999999996270 ) ) ;
#1153 = CARTESIAN_POINT ( 'NONE',  ( -5.680213778241047784, -0.2438476363765115784, -4.850000000000001421 ) ) ;
#1154 = CARTESIAN_POINT ( 'NONE',  ( 5.761352311731525511, -0.2999989463168211135, -4.849999999999979217 ) ) ;
#1155 = EDGE_LOOP ( 'NONE', ( #3018, #265, #409, #1183, #2713, #1651, #1451, #1273 ) ) ;
#1156 =( NAMED_UNIT ( * ) PLANE_ANGLE_UNIT ( ) SI_UNIT ( $, .RADIAN. ) );
#1157 = CARTESIAN_POINT ( 'NONE',  ( -6.900000000000003908, -0.2999999999999999889, 4.899999999999999467 ) ) ;
#1158 = EDGE_CURVE ( 'NONE', #2993, #3147, #2821, .T. ) ;
#1159 = CARTESIAN_POINT ( 'NONE',  ( -7.238163490354237339, -4.400000000000000355, 3.961836509645767279 ) ) ;
#1160 = ORIENTED_EDGE ( 'NONE', *, *, #4109, .T. ) ;
#1161 = CARTESIAN_POINT ( 'NONE',  ( -5.729195261177960852, -0.2836643946956080020, 5.100000000000000533 ) ) ;
#1162 = VERTEX_POINT ( 'NONE', #3603 ) ;
#1163 = DIRECTION ( 'NONE',  ( 1.000000000000000000, -1.040834085586090568E-13, 0.000000000000000000 ) ) ;
#1164 = EDGE_CURVE ( 'NONE', #1986, #3074, #4480, .T. ) ;
#1165 = CARTESIAN_POINT ( 'NONE',  ( 6.981868117469906210, -0.2102494280712611519, -4.850000000000002309 ) ) ;
#1166 = ORIENTED_EDGE ( 'NONE', *, *, #4440, .T. ) ;
#1167 = EDGE_CURVE ( 'NONE', #125, #3936, #1050, .T. ) ;
#1168 = DIRECTION ( 'NONE',  ( -0.9848077530122080203, -0.1736481776669307198, 0.000000000000000000 ) ) ;
#1169 = EDGE_LOOP ( 'NONE', ( #3650, #2339, #302, #1331 ) ) ;
#1170 = VECTOR ( 'NONE', #4603, 1000.000000000000000 ) ;
#1171 = DIRECTION ( 'NONE',  ( 0.000000000000000000, 0.000000000000000000, 1.000000000000000000 ) ) ;
#1172 = FACE_OUTER_BOUND ( 'NONE', #4691, .T. ) ;
#1173 = CARTESIAN_POINT ( 'NONE',  ( -5.662830545029951423, -0.2206392732179540128, -4.849999999999960565 ) ) ;
#1174 = FACE_OUTER_BOUND ( 'NONE', #3095, .T. ) ;
#1175 = ORIENTED_EDGE ( 'NONE', *, *, #502, .F. ) ;
#1176 = VECTOR ( 'NONE', #3826, 1000.000000000000000 ) ;
#1177 = FACE_OUTER_BOUND ( 'NONE', #2848, .T. ) ;
#1178 = CARTESIAN_POINT ( 'NONE',  ( 7.043319074543453517, -0.08618899009656152965, 4.850000000000002309 ) ) ;
#1179 = AXIS2_PLACEMENT_3D ( 'NONE', #924, #2331, #1863 ) ;
#1180 = CARTESIAN_POINT ( 'NONE',  ( -6.938647371985738666, -0.2999999999999999889, -5.050000000000061107 ) ) ;
#1181 = PLANE ( 'NONE',  #878 ) ;
#1182 = EDGE_LOOP ( 'NONE', ( #4775, #2405, #3824, #1886 ) ) ;
#1183 = ORIENTED_EDGE ( 'NONE', *, *, #4186, .T. ) ;
#1184 = DIRECTION ( 'NONE',  ( 0.000000000000000000, 0.000000000000000000, -1.000000000000000000 ) ) ;
#1185 = AXIS2_PLACEMENT_3D ( 'NONE', #3945, #2048, #603 ) ;
#1186 = EDGE_CURVE ( 'NONE', #3566, #2472, #3676, .T. ) ;
#1187 = DIRECTION ( 'NONE',  ( 1.040834085586090568E-13, 1.000000000000000000, 0.000000000000000000 ) ) ;
#1188 = DIRECTION ( 'NONE',  ( 1.000000000000000000, 0.000000000000000000, 0.000000000000000000 ) ) ;
#1189 = ORIENTED_EDGE ( 'NONE', *, *, #1336, .T. ) ;
#1190 = ADVANCED_FACE ( 'NONE', ( #3834 ), #3056, .T. ) ;
#1191 = EDGE_CURVE ( 'NONE', #1293, #2983, #135, .T. ) ;
#1192 = VECTOR ( 'NONE', #4671, 1000.000000000000000 ) ;
#1193 = ORIENTED_EDGE ( 'NONE', *, *, #1128, .F. ) ;
#1194 = AXIS2_PLACEMENT_3D ( 'NONE', #4061, #2969, #679 ) ;
#1195 = EDGE_CURVE ( 'NONE', #171, #2358, #4613, .T. ) ;
#1196 = LINE ( 'NONE', #3832, #1992 ) ;
#1197 = PLANE ( 'NONE',  #3361 ) ;
#1198 = CARTESIAN_POINT ( 'NONE',  ( 8.850000000000004974, 0.05000000000000000278, 4.850000000000001421 ) ) ;
#1199 = CARTESIAN_POINT ( 'NONE',  ( -5.602259935411596281, -0.04497166249194815835, -4.899999999999998579 ) ) ;
#1200 = CARTESIAN_POINT ( 'NONE',  ( 5.361836509645760529, -4.400000000000000355, 4.211836509645763726 ) ) ;
#1201 = EDGE_LOOP ( 'NONE', ( #4348, #2000, #219, #3221 ) ) ;
#1202 = CARTESIAN_POINT ( 'NONE',  ( -7.100000000000004086, 0.000000000000000000, 4.837499999999999467 ) ) ;
#1203 = DIRECTION ( 'NONE',  ( 0.000000000000000000, 0.000000000000000000, -1.000000000000000000 ) ) ;
#1204 = CARTESIAN_POINT ( 'NONE',  ( 5.718131882530087751, -0.2102494280712577379, -5.099999999999998757 ) ) ;
#1205 = ORIENTED_EDGE ( 'NONE', *, *, #109, .F. ) ;
#1206 = CARTESIAN_POINT ( 'NONE',  ( 6.923541329706883296, -0.2500000000000000555, -5.099999999999998757 ) ) ;
#1207 = ORIENTED_EDGE ( 'NONE', *, *, #3964, .F. ) ;
#1208 = CARTESIAN_POINT ( 'NONE',  ( 5.703859365461645403, -0.1916826843490253840, -4.849999999999997868 ) ) ;
#1209 = FACE_OUTER_BOUND ( 'NONE', #641, .T. ) ;
#1210 = DIRECTION ( 'NONE',  ( 0.000000000000000000, -1.000000000000000000, 0.000000000000000000 ) ) ;
#1211 = ORIENTED_EDGE ( 'NONE', *, *, #2243, .F. ) ;
#1212 = EDGE_CURVE ( 'NONE', #4694, #457, #2669, .T. ) ;
#1213 = EDGE_LOOP ( 'NONE', ( #1565, #4327, #4707, #2822 ) ) ;
#1214 = ADVANCED_FACE ( 'NONE', ( #50 ), #2770, .F. ) ;
#1215 = CARTESIAN_POINT ( 'NONE',  ( -7.097740064588410114, -0.04497166249194790855, 5.049999999999999822 ) ) ;
#1216 = CARTESIAN_POINT ( 'NONE',  ( 7.147486580264428291, -0.04999999999999996808, 5.050000000000000711 ) ) ;
#1217 = EDGE_CURVE ( 'NONE', #1909, #3488, #880, .T. ) ;
#1218 = EDGE_CURVE ( 'NONE', #2083, #4389, #2330, .T. ) ;
#1219 = VERTEX_POINT ( 'NONE', #4516 ) ;
#1220 = CARTESIAN_POINT ( 'NONE',  ( 9.049999999999997158, 15.19999999999999929, 5.050000000000000711 ) ) ;
#1221 = ORIENTED_EDGE ( 'NONE', *, *, #3700, .F. ) ;
#1222 = CARTESIAN_POINT ( 'NONE',  ( -7.100000000000004086, 0.000000000000000000, 5.020833333333328596 ) ) ;
#1223 = ORIENTED_EDGE ( 'NONE', *, *, #3433, .F. ) ;
#1224 = FACE_OUTER_BOUND ( 'NONE', #4557, .T. ) ;
#1225 = CARTESIAN_POINT ( 'NONE',  ( -7.147486580264436284, 0.000000000000000000, 5.050000000000000711 ) ) ;
#1226 = ORIENTED_EDGE ( 'NONE', *, *, #1938, .F. ) ;
#1227 = CARTESIAN_POINT ( 'NONE',  ( -8.850000000000003197, 0.1000000000000000056, -4.850000000000001421 ) ) ;
#1228 = DIRECTION ( 'NONE',  ( -1.000000000000000000, 0.000000000000000000, 0.000000000000000000 ) ) ;
#1229 = CARTESIAN_POINT ( 'NONE',  ( 8.900000000000005684, 0.000000000000000000, -4.899999999999999467 ) ) ;
#1230 = ORIENTED_EDGE ( 'NONE', *, *, #4685, .F. ) ;
#1231 = DIRECTION ( 'NONE',  ( 1.000000000000000000, 0.000000000000000000, 0.000000000000000000 ) ) ;
#1232 = DIRECTION ( 'NONE',  ( 1.000000000000000000, 1.761828530288940169E-15, 0.000000000000000000 ) ) ;
#1233 = ORIENTED_EDGE ( 'NONE', *, *, #3189, .T. ) ;
#1234 = EDGE_CURVE ( 'NONE', #2161, #1945, #4587, .T. ) ;
#1235 = VECTOR ( 'NONE', #4306, 1000.000000000000000 ) ;
#1236 = CARTESIAN_POINT ( 'NONE',  ( 6.899999999999998579, -0.3000000000000000444, 5.050000000000000711 ) ) ;
#1237 = EDGE_CURVE ( 'NONE', #1791, #2085, #3436, .T. ) ;
#1238 = CARTESIAN_POINT ( 'NONE',  ( -5.800000000000005151, -0.2999999999999999889, 4.899999999999999467 ) ) ;
#1239 = PRESENTATION_LAYER_ASSIGNMENT (  '', '', ( #2506 ) ) ;
#1240 = ORIENTED_EDGE ( 'NONE', *, *, #4652, .F. ) ;
#1241 = CARTESIAN_POINT ( 'NONE',  ( 8.039999999999995595, -3.900000000000000355, -4.300000000000001599 ) ) ;
#1242 = EDGE_LOOP ( 'NONE', ( #2742, #2033, #4001, #3313 ) ) ;
#1243 = CYLINDRICAL_SURFACE ( 'NONE', #3077, 0.04999999999999969746 ) ;
#1244 = AXIS2_PLACEMENT_3D ( 'NONE', #1747, #2220, #3703 ) ;
#1245 = ADVANCED_FACE ( 'NONE', ( #69 ), #1958, .T. ) ;
#1246 = ORIENTED_EDGE ( 'NONE', *, *, #329, .T. ) ;
#1247 = CARTESIAN_POINT ( 'NONE',  ( -5.652006451087620675, -0.03994332498388203367, -5.049999999999998934 ) ) ;
#1248 = CARTESIAN_POINT ( 'NONE',  ( -6.981932520554962274, -0.2101825570401184839, 5.100000000000000533 ) ) ;
#1249 = LINE ( 'NONE', #4556, #1977 ) ;
#1250 = VECTOR ( 'NONE', #2258, 1000.000000000000000 ) ;
#1251 = LINE ( 'NONE', #3136, #3041 ) ;
#1252 = ADVANCED_FACE ( 'NONE', ( #2379 ), #140, .T. ) ;
#1253 = CARTESIAN_POINT ( 'NONE',  ( 5.599999999999998757, 0.000000000000000000, -5.049999999999998934 ) ) ;
#1254 = AXIS2_PLACEMENT_3D ( 'NONE', #3673, #2213, #3326 ) ;
#1255 = CARTESIAN_POINT ( 'NONE',  ( 5.607498648125470275, -0.09679998966230320134, 4.850000000000100009 ) ) ;
#1256 = FILL_AREA_STYLE ('',( #3166 ) ) ;
#1257 = DIRECTION ( 'NONE',  ( 0.000000000000000000, 0.000000000000000000, 1.000000000000000000 ) ) ;
#1258 = CARTESIAN_POINT ( 'NONE',  ( -9.100000000000003197, 15.19999999999999929, 5.100000000000000533 ) ) ;
#1259 = ORIENTED_EDGE ( 'NONE', *, *, #4263, .F. ) ;
#1260 = CIRCLE ( 'NONE', #1810, 0.04999999999999969746 ) ;
#1261 = VECTOR ( 'NONE', #2409, 1000.000000000000000 ) ;
#1262 = CARTESIAN_POINT ( 'NONE',  ( 7.043009034233715937, -0.08574104439933119548, 4.850000000000002309 ) ) ;
#1263 = ORIENTED_EDGE ( 'NONE', *, *, #4418, .F. ) ;
#1264 = AXIS2_PLACEMENT_3D ( 'NONE', #3294, #4027, #1438 ) ;
#1265 = DIRECTION ( 'NONE',  ( 0.000000000000000000, 0.000000000000000000, -1.000000000000000000 ) ) ;
#1266 = EDGE_CURVE ( 'NONE', #1571, #3711, #1329, .T. ) ;
#1267 = DIRECTION ( 'NONE',  ( 0.000000000000000000, 0.000000000000000000, 1.000000000000000000 ) ) ;
#1268 = AXIS2_PLACEMENT_3D ( 'NONE', #4601, #2598, #2730 ) ;
#1269 = VERTEX_POINT ( 'NONE', #3856 ) ;
#1270 = FACE_OUTER_BOUND ( 'NONE', #3192, .T. ) ;
#1271 = EDGE_LOOP ( 'NONE', ( #1437, #1678, #117, #651 ) ) ;
#1272 = CARTESIAN_POINT ( 'NONE',  ( 5.299999999999998046, 15.10000000000000142, 4.070618272395669116E-18 ) ) ;
#1273 = ORIENTED_EDGE ( 'NONE', *, *, #3670, .T. ) ;
#1275 = ADVANCED_FACE ( 'NONE', ( #3877 ), #815, .T. ) ;
#1274 = CARTESIAN_POINT ( 'NONE',  ( 6.938647371985722678, -0.2999999999999999334, -4.899999999999937295 ) ) ;
#1276 = DIRECTION ( 'NONE',  ( 0.000000000000000000, 1.000000000000000000, 0.000000000000000000 ) ) ;
#1277 = CARTESIAN_POINT ( 'NONE',  ( 5.552513419735568334, -0.05000000000000034972, -5.049999999999998934 ) ) ;
#1278 = EDGE_CURVE ( 'NONE', #3534, #3090, #1800, .T. ) ;
#1279 = CARTESIAN_POINT ( 'NONE',  ( -9.050000000000004263, 15.19999999999999929, 5.100000000000000533 ) ) ;
#1280 = EDGE_CURVE ( 'NONE', #943, #3484, #646, .T. ) ;
#1281 = CARTESIAN_POINT ( 'NONE',  ( 7.097740064588405673, -0.04497166249193147031, -5.049999999999999822 ) ) ;
#1282 = AXIS2_PLACEMENT_3D ( 'NONE', #3128, #1345, #592 ) ;
#1283 = CARTESIAN_POINT ( 'NONE',  ( 5.761352628014257959, -0.2999999999999999889, 4.900000000000031442 ) ) ;
#1284 = DIRECTION ( 'NONE',  ( 0.000000000000000000, 0.000000000000000000, 1.000000000000000000 ) ) ;
#1285 = CARTESIAN_POINT ( 'NONE',  ( -5.602259935411597169, -0.04497166249193192827, -5.099999999999998757 ) ) ;
#1286 = ORIENTED_EDGE ( 'NONE', *, *, #141, .F. ) ;
#1287 = VECTOR ( 'NONE', #3716, 1000.000000000000000 ) ;
#1288 = DIRECTION ( 'NONE',  ( 1.000000000000000000, 0.000000000000000000, 0.000000000000000000 ) ) ;
#1289 = CARTESIAN_POINT ( 'NONE',  ( 7.099999999999998757, 0.04999999999999969746, -5.099999999999998757 ) ) ;
#1290 = ORIENTED_EDGE ( 'NONE', *, *, #443, .T. ) ;
#1291 = CARTESIAN_POINT ( 'NONE',  ( 6.970805153436160140, -0.2836649047208295582, 5.050000000000021139 ) ) ;
#1292 = ADVANCED_FACE ( 'NONE', ( #3943 ), #3573, .F. ) ;
#1293 = VERTEX_POINT ( 'NONE', #1640 ) ;
#1294 = CARTESIAN_POINT ( 'NONE',  ( 6.899999999999998579, -0.2999999999999999334, -4.975000000000000533 ) ) ;
#1295 = CARTESIAN_POINT ( 'NONE',  ( -5.669672185900486383, -0.1311647557205735948, 5.099999999999997868 ) ) ;
#1296 = ORIENTED_EDGE ( 'NONE', *, *, #949, .F. ) ;
#1297 = CARTESIAN_POINT ( 'NONE',  ( -5.652006451087622452, -0.03994332498388174918, -5.099999999999998757 ) ) ;
#1298 = ORIENTED_EDGE ( 'NONE', *, *, #3514, .F. ) ;
#1299 = DIRECTION ( 'NONE',  ( -0.000000000000000000, -0.000000000000000000, -1.000000000000000000 ) ) ;
#1300 = CARTESIAN_POINT ( 'NONE',  ( -7.019785807144848455, -0.2438471263512782261, 5.050000000000011369 ) ) ;
#1301 = DIRECTION ( 'NONE',  ( 0.000000000000000000, 0.000000000000000000, 1.000000000000000000 ) ) ;
#1302 = CYLINDRICAL_SURFACE ( 'NONE', #957, 0.7500000000000006661 ) ;
#1303 = LINE ( 'NONE', #3599, #1951 ) ;
#1304 = DIRECTION ( 'NONE',  ( 1.000000000000000000, 0.000000000000000000, 0.000000000000000000 ) ) ;
#1305 = CARTESIAN_POINT ( 'NONE',  ( 5.607498711060682872, -0.09680009177565361556, 4.900000000000099831 ) ) ;
#1306 = EDGE_CURVE ( 'NONE', #684, #3356, #235, .T. ) ;
#1307 = CARTESIAN_POINT ( 'NONE',  ( -9.050000000000004263, 0.05000000000000000278, 5.050000000000000711 ) ) ;
#1308 = CARTESIAN_POINT ( 'NONE',  ( -5.607498648125457841, -0.09679998966231941060, -5.099999999999858424 ) ) ;
#1309 = VERTEX_POINT ( 'NONE', #3554 ) ;
#1310 = ADVANCED_FACE ( 'NONE', ( #206 ), #3138, .T. ) ;
#1311 = CARTESIAN_POINT ( 'NONE',  ( 5.761352311731545051, -0.2999989463167634374, 5.099999999999917044 ) ) ;
#1312 = CARTESIAN_POINT ( 'NONE',  ( 5.799999999999998934, -0.2499999999999999445, -5.049999999999998934 ) ) ;
#1313 = ORIENTED_EDGE ( 'NONE', *, *, #2208, .T. ) ;
#1314 = EDGE_LOOP ( 'NONE', ( #981, #3022, #986, #2053 ) ) ;
#1315 = DIRECTION ( 'NONE',  ( -0.9949303135204946580, 0.1005667501613234510, 0.000000000000000000 ) ) ;
#1316 = ORIENTED_EDGE ( 'NONE', *, *, #2482, .T. ) ;
#1317 = EDGE_CURVE ( 'NONE', #4830, #3293, #1632, .T. ) ;
#1318 = FACE_OUTER_BOUND ( 'NONE', #3085, .T. ) ;
#1319 = EDGE_LOOP ( 'NONE', ( #36, #4523, #3925, #920 ) ) ;
#1320 = VECTOR ( 'NONE', #3588, 1000.000000000000000 ) ;
#1321 = DIRECTION ( 'NONE',  ( 1.000000000000000000, 0.000000000000000000, 0.000000000000000000 ) ) ;
#1322 = DIRECTION ( 'NONE',  ( 0.000000000000000000, 0.000000000000000000, -1.000000000000000000 ) ) ;
#1323 = CARTESIAN_POINT ( 'NONE',  ( 5.703859365461639186, -0.1916826843490201937, -5.099999999999996980 ) ) ;
#1324 = CARTESIAN_POINT ( 'NONE',  ( 5.449999999999993072, 0.1000000000000000056, 3.299999999999997158 ) ) ;
#1325 = AXIS2_PLACEMENT_3D ( 'NONE', #733, #2122, #1822 ) ;
#1326 = CARTESIAN_POINT ( 'NONE',  ( 7.037169454970052307, -0.2206392732179551786, -5.099999999999998757 ) ) ;
#1327 = CARTESIAN_POINT ( 'NONE',  ( 5.776255598436475402, -0.2499993830452357235, 4.849999999999999645 ) ) ;
#1328 =( LENGTH_UNIT ( ) NAMED_UNIT ( * ) SI_UNIT ( .MILLI., .METRE. ) );
#1329 = CIRCLE ( 'NONE', #153, 0.04999999999999969746 ) ;
#1330 = CARTESIAN_POINT ( 'NONE',  ( -5.800000000000002487, -0.2499999999999999445, -5.099999999999998757 ) ) ;
#1331 = ORIENTED_EDGE ( 'NONE', *, *, #4108, .T. ) ;
#1332 = EDGE_CURVE ( 'NONE', #3356, #684, #3281, .T. ) ;
#1333 = VECTOR ( 'NONE', #2250, 1000.000000000000000 ) ;
#1334 = CARTESIAN_POINT ( 'NONE',  ( 5.729194846563817833, -0.2836649047208173458, 5.049999999999989164 ) ) ;
#1335 = ORIENTED_EDGE ( 'NONE', *, *, #1850, .F. ) ;
#1336 = EDGE_CURVE ( 'NONE', #2591, #3026, #3589, .T. ) ;
#1337 = EDGE_CURVE ( 'NONE', #4827, #3675, #4130, .T. ) ;
#1338 = CARTESIAN_POINT ( 'NONE',  ( 7.099999999999996980, 0.000000000000000000, 4.837500000000003020 ) ) ;
#1339 = AXIS2_PLACEMENT_3D ( 'NONE', #159, #1645, #3146 ) ;
#1340 = CARTESIAN_POINT ( 'NONE',  ( -7.650000000000003908, -3.900000000000000355, -4.049999999999999822 ) ) ;
#1341 = VERTEX_POINT ( 'NONE', #4038 ) ;
#1342 = FACE_OUTER_BOUND ( 'NONE', #1642, .T. ) ;
#1343 = AXIS2_PLACEMENT_3D ( 'NONE', #1503, #4064, #358 ) ;
#1344 = ORIENTED_EDGE ( 'NONE', *, *, #994, .F. ) ;
#1345 = DIRECTION ( 'NONE',  ( 0.000000000000000000, -1.000000000000000000, 0.000000000000000000 ) ) ;
#1346 = ORIENTED_EDGE ( 'NONE', *, *, #4504, .F. ) ;
#1347 = AXIS2_PLACEMENT_3D ( 'NONE', #4666, #929, #1315 ) ;
#1348 = CARTESIAN_POINT ( 'NONE',  ( 9.049999999999997158, 0.05000000000000000278, 5.050000000000000711 ) ) ;
#1349 =( BOUNDED_SURFACE ( )  B_SPLINE_SURFACE ( 3, 2, ( 
 ( #1236, #4292, #3122, #556, #979 ),
 ( #2377, #951, #532, #3561, #3486 ),
 ( #1291, #1623, #609, #139, #2026 ),
 ( #3510, #161, #3148, #4640, #2792 ),
 ( #926, #1758, #4814, #2132, #1458 ),
 ( #1079, #4763, #2178, #4738, #269 ),
 ( #3617, #3713, #4004, #2599, #1832 ),
 ( #1391, #344, #713, #668, #1032 ) ),
 .UNSPECIFIED., .F., .F., .F. ) 
 B_SPLINE_SURFACE_WITH_KNOTS ( ( 4, 2, 2, 4 ),
 ( 3, 2, 3 ),
 ( -1.707618421664669484E-18, 6.954209021615527172E-05, 0.0001390841804323122511, 0.0002781683608646262369 ),
 ( 0.000000000000000000, 1.000000000000000000, 1.010000000000000009 ),
 .UNSPECIFIED. ) 
 GEOMETRIC_REPRESENTATION_ITEM ( )  RATIONAL_B_SPLINE_SURFACE ( (
 ( 1.000000000000000000, 0.7071067811865475727, 1.000000000000000000, 1.000000000000000000, 1.000000000000000000),
 ( 1.000000000000000000, 0.7071067811865475727, 1.000000000000000000, 1.000000000000000000, 1.000000000000000000),
 ( 1.000000000000000000, 0.7071067811865414665, 1.000000000000000000, 1.000000000000000000, 1.000000000000000000),
 ( 1.000000000000000000, 0.7071067811865414665, 1.000000000000000000, 1.000000000000000000, 1.000000000000000000),
 ( 1.000000000000000000, 0.7071067811865536790, 1.000000000000000000, 1.000000000000000000, 1.000000000000000000),
 ( 1.000000000000000000, 0.7071067811865536790, 1.000000000000000000, 1.000000000000000000, 1.000000000000000000),
 ( 1.000000000000000000, 0.7071067811865536790, 1.000000000000000000, 1.000000000000000000, 1.000000000000000000),
 ( 1.000000000000000000, 0.7071067811865536790, 1.000000000000000000, 1.000000000000000000, 1.000000000000000000) ) ) 
 REPRESENTATION_ITEM ( '' )  SURFACE ( )  );
#1350 = CARTESIAN_POINT ( 'NONE',  ( -7.037169605723908816, -0.2206393603763540379, -5.049999999999990052 ) ) ;
#1351 = CARTESIAN_POINT ( 'NONE',  ( -6.900000000000003908, -0.2499999999999998890, -4.850000000000001421 ) ) ;
#1352 = LINE ( 'NONE', #3549, #2837 ) ;
#1353 = CARTESIAN_POINT ( 'NONE',  ( 9.049999999999997158, 0.04999999999999969746, -5.049999999999998934 ) ) ;
#1354 = CARTESIAN_POINT ( 'NONE',  ( 7.092501351874410886, -0.09679998966227688906, -5.100000000000060929 ) ) ;
#1355 = EDGE_CURVE ( 'NONE', #2591, #190, #1559, .T. ) ;
#1356 = CARTESIAN_POINT ( 'NONE',  ( 5.621051117350198467, -0.1483756555017753942, 4.899999999999940847 ) ) ;
#1357 = CARTESIAN_POINT ( 'NONE',  ( 5.656680925456542219, -0.08618899009657855770, 5.100000000000001421 ) ) ;
#1358 = DIRECTION ( 'NONE',  ( 0.000000000000000000, 0.9848077530122080203, -0.1736481776669307198 ) ) ;
#1359 = CARTESIAN_POINT ( 'NONE',  ( -5.704367503179626375, -0.1911749808269736506, -5.099999999999996092 ) ) ;
#1360 = ORIENTED_EDGE ( 'NONE', *, *, #4046, .T. ) ;
#1361 = CARTESIAN_POINT ( 'NONE',  ( 5.602259935411591840, -0.04497166249194824161, -4.900000000000000355 ) ) ;
#1362 = CIRCLE ( 'NONE', #4240, 1.000000000000000666 ) ;
#1363 = CARTESIAN_POINT ( 'NONE',  ( 7.097740064588402120, -0.04497166249194838733, 5.050000000000000711 ) ) ;
#1364 =( GEOMETRIC_REPRESENTATION_CONTEXT ( 3 ) GLOBAL_UNCERTAINTY_ASSIGNED_CONTEXT ( ( #4739 ) ) GLOBAL_UNIT_ASSIGNED_CONTEXT ( ( #3270, #3226, #2864 ) ) REPRESENTATION_CONTEXT ( 'NONE', 'WORKASPACE' ) );
#1365 = ORIENTED_EDGE ( 'NONE', *, *, #4832, .T. ) ;
#1366 = CARTESIAN_POINT ( 'NONE',  ( -7.030327814099624817, -0.1311647557205761760, 5.100000000000000533 ) ) ;
#1367 = CARTESIAN_POINT ( 'NONE',  ( -7.147486580264436284, 0.05000000000000000278, 4.850000000000001421 ) ) ;
#1368 = CARTESIAN_POINT ( 'NONE',  ( -5.602259935411598057, -0.04497166249194772814, 5.049999999999998046 ) ) ;
#1369 = ADVANCED_FACE ( 'NONE', ( #1382 ), #4636, .T. ) ;
#1370 = ADVANCED_FACE ( 'NONE', ( #680 ), #2170, .F. ) ;
#1371 = ORIENTED_EDGE ( 'NONE', *, *, #2442, .F. ) ;
#1372 =( BOUNDED_CURVE ( )  B_SPLINE_CURVE ( 2, ( #3179, #196, #1707 ),
 .UNSPECIFIED., .F., .F. ) 
 B_SPLINE_CURVE_WITH_KNOTS ( ( 3, 3 ),
 ( 0.000000000000000000, 1.000000000000000000 ),
 .UNSPECIFIED. ) 
 CURVE ( )  GEOMETRIC_REPRESENTATION_ITEM ( )  RATIONAL_B_SPLINE_CURVE ( ( 0.9457047908995575014, 0.7373842891637747421, 1.000000000000000000 ) ) 
 REPRESENTATION_ITEM ( '' )  );
#1373 = CARTESIAN_POINT ( 'NONE',  ( -7.019785807144830692, -0.2438471263512910214, 4.900000000000000355 ) ) ;
#1374 = CARTESIAN_POINT ( 'NONE',  ( -7.150000000000004796, 0.1000000000000000056, -3.549999999999999378 ) ) ;
#1375 = DIRECTION ( 'NONE',  ( 0.000000000000000000, 0.000000000000000000, -1.000000000000000000 ) ) ;
#1376 = EDGE_CURVE ( 'NONE', #2169, #3005, #332, .T. ) ;
#1377 = CARTESIAN_POINT ( 'NONE',  ( 6.899999999999998579, -0.2499999999999998890, 5.100000000000000533 ) ) ;
#1378 = DIRECTION ( 'NONE',  ( -1.000000000000000000, 0.000000000000000000, 0.000000000000000000 ) ) ;
#1379 = FACE_OUTER_BOUND ( 'NONE', #4216, .T. ) ;
#1380 = ORIENTED_EDGE ( 'NONE', *, *, #3223, .F. ) ;
#1381 = CARTESIAN_POINT ( 'NONE',  ( 6.923639019412622275, -0.2496458327427686086, -5.099999999999995204 ) ) ;
#1382 = FACE_OUTER_BOUND ( 'NONE', #2074, .T. ) ;
#1383 = CARTESIAN_POINT ( 'NONE',  ( 5.602259935411592728, -0.04497166249194803345, 5.050000000000001599 ) ) ;
#1384 = CARTESIAN_POINT ( 'NONE',  ( 5.599999999999996980, -0.2999999999999999889, 5.112499999999997158 ) ) ;
#1385 = CARTESIAN_POINT ( 'NONE',  ( -5.754599228827406598, -0.2394237240209410589, -5.099999999999996980 ) ) ;
#1386 = VERTEX_POINT ( 'NONE', #1500 ) ;
#1387 = CARTESIAN_POINT ( 'NONE',  ( 5.656643459472858737, -0.08581869388640617213, 5.100000000000000533 ) ) ;
#1388 = CARTESIAN_POINT ( 'NONE',  ( -5.600000000000004974, -0.2999999999999999889, 4.837500000000003020 ) ) ;
#1389 = ORIENTED_EDGE ( 'NONE', *, *, #945, .T. ) ;
#1390 = DIRECTION ( 'NONE',  ( 0.1736481776669307198, 0.9848077530122080203, 0.000000000000000000 ) ) ;
#1391 = CARTESIAN_POINT ( 'NONE',  ( 7.097740064588403008, -0.04497166249193206011, 5.049999999999998934 ) ) ;
#1392 = CARTESIAN_POINT ( 'NONE',  ( 0.000000000000000000, -0.2499999999999999445, 4.899999999999999467 ) ) ;
#1393 = VERTEX_POINT ( 'NONE', #76 ) ;
#1394 = CARTESIAN_POINT ( 'NONE',  ( -7.078949184157583119, -0.1483758298185935409, 4.849999999999999645 ) ) ;
#1395 = PLANE ( 'NONE',  #1591 ) ;
#1396 = DIRECTION ( 'NONE',  ( 1.000000000000000000, 0.000000000000000000, 0.000000000000000000 ) ) ;
#1397 =( BOUNDED_SURFACE ( )  B_SPLINE_SURFACE ( 3, 2, ( 
 ( #887, #3908, #518, #148, #4622 ),
 ( #1274, #910, #3884, #2870, #722 ),
 ( #645, #322, #2942, #3671, #674 ),
 ( #2919, #2580, #3595, #2165, #4747 ),
 ( #4404, #1787, #4423, #2536, #1420 ),
 ( #3303, #2184, #1443, #3205, #1812 ),
 ( #3645, #1710, #1083, #2557, #4351 ),
 ( #4796, #4010, #1064, #4055, #696 ) ),
 .UNSPECIFIED., .F., .F., .F. ) 
 B_SPLINE_SURFACE_WITH_KNOTS ( ( 4, 2, 2, 4 ),
 ( 3, 2, 3 ),
 ( 0.000000000000000000, 6.954209021615281872E-05, 0.0001390841804323056374, 0.0002781683608646112749 ),
 ( 0.000000000000000000, 1.000000000000000000, 1.010000000000000009 ),
 .UNSPECIFIED. ) 
 GEOMETRIC_REPRESENTATION_ITEM ( )  RATIONAL_B_SPLINE_SURFACE ( (
 ( 1.000000000000000000, 0.7071067811865475727, 1.000000000000000000, 1.000000000000000000, 1.000000000000000000),
 ( 1.000000000000000000, 0.7071067811865475727, 1.000000000000000000, 1.000000000000000000, 1.000000000000000000),
 ( 1.000000000000000000, 0.7071067811865475727, 1.000000000000000000, 1.000000000000000000, 1.000000000000000000),
 ( 1.000000000000000000, 0.7071067811865475727, 1.000000000000000000, 1.000000000000000000, 1.000000000000000000),
 ( 1.000000000000000000, 0.7071067811865535679, 1.000000000000000000, 1.000000000000000000, 1.000000000000000000),
 ( 1.000000000000000000, 0.7071067811865535679, 1.000000000000000000, 1.000000000000000000, 1.000000000000000000),
 ( 1.000000000000000000, 0.7071067811865414665, 1.000000000000000000, 1.000000000000000000, 1.000000000000000000),
 ( 1.000000000000000000, 0.7071067811865414665, 1.000000000000000000, 1.000000000000000000, 1.000000000000000000) ) ) 
 REPRESENTATION_ITEM ( '' )  SURFACE ( )  );
#1398 = CARTESIAN_POINT ( 'NONE',  ( 8.870710678118660653, 1.175907344150950828E-17, -4.870710678118654435 ) ) ;
#1399 = CARTESIAN_POINT ( 'NONE',  ( -5.662830394276094026, -0.2206393603763446287, 4.899999999999989697 ) ) ;
#1400 = VERTEX_POINT ( 'NONE', #798 ) ;
#1401 = ADVANCED_FACE ( 'NONE', ( #4107 ), #840, .F. ) ;
#1402 = DIRECTION ( 'NONE',  ( 0.000000000000000000, -1.000000000000000000, 0.000000000000000000 ) ) ;
#1403 = AXIS2_PLACEMENT_3D ( 'NONE', #4659, #633, #187 ) ;
#1404 = CARTESIAN_POINT ( 'NONE',  ( -7.078948882649811480, -0.1483756555017587409, -4.899999999999919531 ) ) ;
#1405 = CARTESIAN_POINT ( 'NONE',  ( -6.900000000000004796, -0.2499999999999999445, -5.099999999999998757 ) ) ;
#1406 = CARTESIAN_POINT ( 'NONE',  ( -7.147486580264432732, 0.05000000000000000278, -5.049999999999998934 ) ) ;
#1407 = FACE_OUTER_BOUND ( 'NONE', #590, .T. ) ;
#1408 = AXIS2_PLACEMENT_3D ( 'NONE', #2236, #601, #181 ) ;
#1409 = ORIENTED_EDGE ( 'NONE', *, *, #419, .T. ) ;
#1410 = FACE_OUTER_BOUND ( 'NONE', #2834, .T. ) ;
#1411 = DIRECTION ( 'NONE',  ( 0.000000000000000000, 0.000000000000000000, 1.000000000000000000 ) ) ;
#1412 = ORIENTED_EDGE ( 'NONE', *, *, #1542, .F. ) ;
#1413 = AXIS2_PLACEMENT_3D ( 'NONE', #3374, #4447, #4083 ) ;
#1414 = FACE_OUTER_BOUND ( 'NONE', #1169, .T. ) ;
#1415 = AXIS2_PLACEMENT_3D ( 'NONE', #1043, #1789, #4012 ) ;
#1416 = ORIENTED_EDGE ( 'NONE', *, *, #3037, .F. ) ;
#1417 = CARTESIAN_POINT ( 'NONE',  ( -7.019786221758970157, -0.2438476363765028632, 4.850000000000012967 ) ) ;
#1418 = CARTESIAN_POINT ( 'NONE',  ( 5.552513419735564781, 0.04999999999999969746, 5.100000000000000533 ) ) ;
#1419 = EDGE_CURVE ( 'NONE', #1548, #3060, #1868, .T. ) ;
#1420 = CARTESIAN_POINT ( 'NONE',  ( 6.995632496820391566, -0.1911749808269704587, -4.850000000000002309 ) ) ;
#1421 = AXIS2_PLACEMENT_3D ( 'NONE', #866, #3038, #4228 ) ;
#1422 =( LENGTH_UNIT ( ) NAMED_UNIT ( * ) SI_UNIT ( .MILLI., .METRE. ) );
#1423 = CARTESIAN_POINT ( 'NONE',  ( 5.799999999999999822, -0.2499999999999999445, -4.899999999999999467 ) ) ;
#1424 = CARTESIAN_POINT ( 'NONE',  ( 8.039999999999995595, -3.900000000000000355, -3.300000000000000711 ) ) ;
#1425 = ORIENTED_EDGE ( 'NONE', *, *, #1908, .T. ) ;
#1426 = PLANE ( 'NONE',  #342 ) ;
#1427 = VECTOR ( 'NONE', #4077, 1000.000000000000000 ) ;
#1428 = CARTESIAN_POINT ( 'NONE',  ( -7.031005835439452234, -0.1314047628512987897, -4.849999999999999645 ) ) ;
#1429 = DIRECTION ( 'NONE',  ( -1.000000000000000000, 0.000000000000000000, 0.000000000000000000 ) ) ;
#1430 = EDGE_CURVE ( 'NONE', #1162, #1571, #2035, .T. ) ;
#1431 = EDGE_CURVE ( 'NONE', #4339, #3686, #1567, .T. ) ;
#1432 = CARTESIAN_POINT ( 'NONE',  ( -5.703859365461645403, -0.1916826843490206933, 5.100000000000002309 ) ) ;
#1433 = ORIENTED_EDGE ( 'NONE', *, *, #3897, .T. ) ;
#1434 = CARTESIAN_POINT ( 'NONE',  ( 5.628037993184784149, -0.2999999999999999889, -4.899999999999998579 ) ) ;
#1435 = DIRECTION ( 'NONE',  ( 0.000000000000000000, 1.000000000000000000, 0.000000000000000000 ) ) ;
#1436 = EDGE_LOOP ( 'NONE', ( #2734, #2602, #3846, #2671 ) ) ;
#1437 = ORIENTED_EDGE ( 'NONE', *, *, #3037, .T. ) ;
#1438 = DIRECTION ( 'NONE',  ( 0.000000000000000000, 0.000000000000000000, -1.000000000000000000 ) ) ;
#1439 = DIRECTION ( 'NONE',  ( 0.000000000000000000, 0.000000000000000000, 1.000000000000000000 ) ) ;
#1440 = ORIENTED_EDGE ( 'NONE', *, *, #3315, .T. ) ;
#1441 = CARTESIAN_POINT ( 'NONE',  ( -7.031005835439426477, -0.1314047628513144994, 4.850000000000001421 ) ) ;
#1442 = CARTESIAN_POINT ( 'NONE',  ( 6.899999999999998579, -0.2499999999999998890, 5.100000000000000533 ) ) ;
#1443 = CARTESIAN_POINT ( 'NONE',  ( 7.031005835439419371, -0.1314047628513157484, -4.850000000000002309 ) ) ;
#1444 = CARTESIAN_POINT ( 'NONE',  ( 5.599999999999996980, 0.000000000000000000, 4.899999999999999467 ) ) ;
#1445 = CARTESIAN_POINT ( 'NONE',  ( 9.049999999999997158, 15.15000000000000036, -5.049999999999998934 ) ) ;
#1446 = EDGE_LOOP ( 'NONE', ( #2596, #660, #4299, #4816 ) ) ;
#1447 = DIRECTION ( 'NONE',  ( 0.000000000000000000, -1.000000000000000000, 0.000000000000000000 ) ) ;
#1448 = CARTESIAN_POINT ( 'NONE',  ( 6.899999999999998579, -0.2999999999999999889, 4.899999999999998579 ) ) ;
#1449 = FACE_OUTER_BOUND ( 'NONE', #195, .T. ) ;
#1450 = DIRECTION ( 'NONE',  ( 0.000000000000000000, 0.000000000000000000, 1.000000000000000000 ) ) ;
#1451 = ORIENTED_EDGE ( 'NONE', *, *, #2607, .T. ) ;
#1452 = EDGE_CURVE ( 'NONE', #3202, #1516, #774, .T. ) ;
#1453 = DIRECTION ( 'NONE',  ( 0.000000000000000000, 0.000000000000000000, -1.000000000000000000 ) ) ;
#1454 = CARTESIAN_POINT ( 'NONE',  ( 5.718335145533164798, -0.2099445089812349008, -5.100000000000001421 ) ) ;
#1455 = VERTEX_POINT ( 'NONE', #1471 ) ;
#1456 = CARTESIAN_POINT ( 'NONE',  ( -7.030666824769538970, -0.1312847592859414381, 5.100000000000000533 ) ) ;
#1457 = EDGE_CURVE ( 'NONE', #2295, #3428, #757, .T. ) ;
#1458 = CARTESIAN_POINT ( 'NONE',  ( 6.995632496820423540, -0.1911749808269591067, 5.099999999999997868 ) ) ;
#1459 = CARTESIAN_POINT ( 'NONE',  ( 6.945400771172604237, -0.2394237240209424189, 4.850000000000002309 ) ) ;
#1460 = CARTESIAN_POINT ( 'NONE',  ( 5.552513419735568334, -0.05000000000000034972, -5.049999999999998934 ) ) ;
#1461 = ORIENTED_EDGE ( 'NONE', *, *, #1452, .T. ) ;
#1462 = CARTESIAN_POINT ( 'NONE',  ( -9.050000000000004263, 15.15000000000000036, 5.050000000000000711 ) ) ;
#1463 = CARTESIAN_POINT ( 'NONE',  ( -7.147486580264432732, -0.04999999999999995420, -4.899999999999999467 ) ) ;
#1464 = CARTESIAN_POINT ( 'NONE',  ( 5.361836509645760529, -4.400000000000000355, 3.299999999999997158 ) ) ;
#1465 = CARTESIAN_POINT ( 'NONE',  ( 6.981868117469907098, -0.2102494280712572106, 5.099999999999999645 ) ) ;
#1466 = CARTESIAN_POINT ( 'NONE',  ( -7.650000000000003908, 0.1000000000000000056, -4.049999999999999822 ) ) ;
#1467 = CYLINDRICAL_SURFACE ( 'NONE', #2211, 0.04999999999999969746 ) ;
#1468 = ORIENTED_EDGE ( 'NONE', *, *, #4201, .F. ) ;
#1469 = ADVANCED_FACE ( 'NONE', ( #3724 ), #4555, .T. ) ;
#1470 = CARTESIAN_POINT ( 'NONE',  ( 5.776458670293113329, -0.2499999999999999445, 4.850000000000001421 ) ) ;
#1471 = CARTESIAN_POINT ( 'NONE',  ( -7.150000000000004796, 0.1000000000000000056, -3.549999999999999378 ) ) ;
#1472 = CARTESIAN_POINT ( 'NONE',  ( 5.599999999999996980, 0.000000000000000000, 5.020833333333328596 ) ) ;
#1473 = CARTESIAN_POINT ( 'NONE',  ( 5.799999999999998934, -0.2999999999999999889, -5.112499999999997158 ) ) ;
#1474 = EDGE_LOOP ( 'NONE', ( #1440, #886, #1211, #3859 ) ) ;
#1475 = CARTESIAN_POINT ( 'NONE',  ( 7.043319074543452629, -0.08618899009657839116, -5.099999999999997868 ) ) ;
#1476 = CIRCLE ( 'NONE', #4203, 0.1000000000000002554 ) ;
#1477 = AXIS2_PLACEMENT_3D ( 'NONE', #3332, #2904, #2879 ) ;
#1478 = CARTESIAN_POINT ( 'NONE',  ( 5.799999999999998934, -0.2499999999999999445, -5.099999999999998757 ) ) ;
#1479 = EDGE_CURVE ( 'NONE', #1756, #1909, #2626, .T. ) ;
#1480 = ORIENTED_EDGE ( 'NONE', *, *, #4479, .F. ) ;
#1481 =( BOUNDED_SURFACE ( )  B_SPLINE_SURFACE ( 2, 3, ( 
 ( #2221, #2516, #1472, #4456 ),
 ( #3705, #4039, #4728, #1384 ),
 ( #3993, #355, #2149, #1846 ) ),
 .UNSPECIFIED., .F., .F., .F. ) 
 B_SPLINE_SURFACE_WITH_KNOTS ( ( 3, 3 ),
 ( 4, 4 ),
 ( 0.000000000000000000, 1.000000000000000000 ),
 ( 0.004837499999999999786, 0.005112500000000000724 ),
 .UNSPECIFIED. ) 
 GEOMETRIC_REPRESENTATION_ITEM ( )  RATIONAL_B_SPLINE_SURFACE ( (
 ( 1.000000000000000000, 1.000000000000000000, 1.000000000000000000, 1.000000000000000000),
 ( 0.7071067811865475727, 0.7071067811865475727, 0.7071067811865475727, 0.7071067811865475727),
 ( 1.000000000000000000, 1.000000000000000000, 1.000000000000000000, 1.000000000000000000) ) ) 
 REPRESENTATION_ITEM ( '' )  SURFACE ( )  );
#1482 = VECTOR ( 'NONE', #2637, 1000.000000000000000 ) ;
#1483 = CARTESIAN_POINT ( 'NONE',  ( 6.899999999999998579, -0.2999999999999999334, -5.050000000000001599 ) ) ;
#1484 = LINE ( 'NONE', #231, #799 ) ;
#1485 = AXIS2_PLACEMENT_3D ( 'NONE', #1040, #4769, #3958 ) ;
#1486 = EDGE_CURVE ( 'NONE', #1125, #4827, #754, .T. ) ;
#1487 = ORIENTED_EDGE ( 'NONE', *, *, #985, .F. ) ;
#1488 = ADVANCED_FACE ( 'NONE', ( #4524 ), #4454, .F. ) ;
#1489 = CARTESIAN_POINT ( 'NONE',  ( -5.552513419735570999, -0.04999999999999985012, -4.899999999999999467 ) ) ;
#1490 = LINE ( 'NONE', #4031, #2700 ) ;
#1491 = VECTOR ( 'NONE', #3333, 1000.000000000000000 ) ;
#1492 = CARTESIAN_POINT ( 'NONE',  ( 7.728163490354228671, -4.400000000000000355, -4.211836509645769056 ) ) ;
#1493 = CARTESIAN_POINT ( 'NONE',  ( 5.799999999999996270, -0.2499999999999999445, 5.100000000000000533 ) ) ;
#1494 = CARTESIAN_POINT ( 'NONE',  ( -5.729194846563831156, -0.2836649047208218977, -4.900000000000000355 ) ) ;
#1495 = DIRECTION ( 'NONE',  ( 1.000000000000000000, 0.000000000000000000, 0.000000000000000000 ) ) ;
#1496 = VECTOR ( 'NONE', #4164, 1000.000000000000000 ) ;
#1497 = VERTEX_POINT ( 'NONE', #2996 ) ;
#1498 = DIRECTION ( 'NONE',  ( 1.000000000000000000, 0.000000000000000000, 0.000000000000000000 ) ) ;
#1499 = CIRCLE ( 'NONE', #557, 0.04999999999999969746 ) ;
#1500 = CARTESIAN_POINT ( 'NONE',  ( -7.150000000000004796, -3.900000000000000355, 3.549999999999999822 ) ) ;
#1501 = CARTESIAN_POINT ( 'NONE',  ( -6.938647688268439140, -0.2999989463168570847, -5.100000000000114220 ) ) ;
#1502 = ORIENTED_EDGE ( 'NONE', *, *, #2839, .T. ) ;
#1503 = CARTESIAN_POINT ( 'NONE',  ( 5.299999999999998046, 15.10000000000000142, 4.070618272395669116E-18 ) ) ;
#1504 = ORIENTED_EDGE ( 'NONE', *, *, #2720, .T. ) ;
#1505 = CARTESIAN_POINT ( 'NONE',  ( -5.800000000000006040, -0.2492928932188135105, 5.100000000000000533 ) ) ;
#1506 = AXIS2_PLACEMENT_3D ( 'NONE', #1898, #1941, #891 ) ;
#1507 = ORIENTED_EDGE ( 'NONE', *, *, #994, .T. ) ;
#1508 = ADVANCED_FACE ( 'NONE', ( #3156 ), #3842, .T. ) ;
#1509 = VECTOR ( 'NONE', #4271, 1000.000000000000000 ) ;
#1510 = CARTESIAN_POINT ( 'NONE',  ( 5.761352311731528175, -0.2999989463167975212, -5.099999999999967670 ) ) ;
#1511 = ORIENTED_EDGE ( 'NONE', *, *, #1337, .F. ) ;
#1512 = AXIS2_PLACEMENT_3D ( 'NONE', #1614, #62, #1098 ) ;
#1513 = PRODUCT_CONTEXT ( 'NONE', #3419, 'mechanical' ) ;
#1514 = UNCERTAINTY_MEASURE_WITH_UNIT (LENGTH_MEASURE( 1.000000000000000082E-05 ), #1422, 'distance_accuracy_value', 'NONE');
#1515 = CARTESIAN_POINT ( 'NONE',  ( 6.996211726570281009, -0.1915858581630042190, 4.849999999999999645 ) ) ;
#1516 = VERTEX_POINT ( 'NONE', #101 ) ;
#1517 = CARTESIAN_POINT ( 'NONE',  ( 5.799999999999996270, -0.2999999999999999889, 4.899999999999997691 ) ) ;
#1518 = VECTOR ( 'NONE', #4350, 1000.000000000000000 ) ;
#1519 = EDGE_CURVE ( 'NONE', #4505, #2273, #3208, .T. ) ;
#1520 = EDGE_CURVE ( 'NONE', #2572, #2798, #2037, .T. ) ;
#1521 = DIRECTION ( 'NONE',  ( 1.000000000000000000, 0.000000000000000000, 0.000000000000000000 ) ) ;
#1522 = CARTESIAN_POINT ( 'NONE',  ( -6.900000000000003908, -0.2999999999999999889, 5.049999999999998934 ) ) ;
#1523 = CARTESIAN_POINT ( 'NONE',  ( -5.652006451087622452, -0.03994332498389619596, -4.849999999999999645 ) ) ;
#1524 = CARTESIAN_POINT ( 'NONE',  ( 0.000000000000000000, 0.1000000000000000056, 0.000000000000000000 ) ) ;
#1525 = AXIS2_PLACEMENT_3D ( 'NONE', #4792, #1439, #2938 ) ;
#1526 = ORIENTED_EDGE ( 'NONE', *, *, #3909, .F. ) ;
#1527 = ADVANCED_FACE ( 'NONE', ( #1224 ), #3938, .T. ) ;
#1528 = CARTESIAN_POINT ( 'NONE',  ( 6.981868117469980817, -0.2102494280711737495, 4.850000000000001421 ) ) ;
#1529 = DIRECTION ( 'NONE',  ( -1.000000000000000000, 0.000000000000000000, 0.000000000000000000 ) ) ;
#1530 = VERTEX_POINT ( 'NONE', #2823 ) ;
#1531 = CARTESIAN_POINT ( 'NONE',  ( -5.800000000000006040, -0.2500000000000000000, 5.100000000000000533 ) ) ;
#1532 = VERTEX_POINT ( 'NONE', #1658 ) ;
#1533 = DIRECTION ( 'NONE',  ( -0.1005667501610367914, -0.9949303135205237458, 0.000000000000000000 ) ) ;
#1534 = CARTESIAN_POINT ( 'NONE',  ( 5.718067479445021029, -0.2101825570401142373, -5.100000000000001421 ) ) ;
#1535 = EDGE_LOOP ( 'NONE', ( #4364, #1923, #3078, #1193 ) ) ;
#1536 = ORIENTED_EDGE ( 'NONE', *, *, #3535, .T. ) ;
#1537 = CARTESIAN_POINT ( 'NONE',  ( 7.097740064588402120, -0.04497166249194780446, 4.900000000000000355 ) ) ;
#1538 = LINE ( 'NONE', #68, #2977 ) ;
#1539 = CARTESIAN_POINT ( 'NONE',  ( 8.870710678118660653, 8.172166012390907837E-18, 4.870710678118654435 ) ) ;
#1540 = CARTESIAN_POINT ( 'NONE',  ( -5.703788273429710287, -0.1915858581630098811, -4.850000000000001421 ) ) ;
#1541 = FACE_OUTER_BOUND ( 'NONE', #4757, .T. ) ;
#1542 = EDGE_CURVE ( 'NONE', #4389, #193, #3051, .T. ) ;
#1543 = ORIENTED_EDGE ( 'NONE', *, *, #2452, .T. ) ;
#1544 = ORIENTED_EDGE ( 'NONE', *, *, #2180, .F. ) ;
#1545 = DIRECTION ( 'NONE',  ( -1.000000000000000000, 0.000000000000000000, 0.000000000000000000 ) ) ;
#1546 = FACE_OUTER_BOUND ( 'NONE', #801, .T. ) ;
#1547 = EDGE_CURVE ( 'NONE', #2722, #1857, #1963, .T. ) ;
#1548 = VERTEX_POINT ( 'NONE', #963 ) ;
#1549 = CARTESIAN_POINT ( 'NONE',  ( -5.680214192855173927, -0.2438471263512874687, 5.050000000000011369 ) ) ;
#1550 = EDGE_LOOP ( 'NONE', ( #4427, #1848, #4559, #2247 ) ) ;
#1551 = CARTESIAN_POINT ( 'NONE',  ( -6.900000000000003908, -0.2499999999999999445, 4.850000000000001421 ) ) ;
#1552 = CARTESIAN_POINT ( 'NONE',  ( -9.100000000000003197, 15.15000000000000036, -5.099999999999998757 ) ) ;
#1553 = EDGE_CURVE ( 'NONE', #2085, #3035, #4596, .T. ) ;
#1554 = CARTESIAN_POINT ( 'NONE',  ( -7.150000000000004796, 0.1000000000000000056, 3.549999999999999822 ) ) ;
#1555 = ORIENTED_EDGE ( 'NONE', *, *, #1237, .F. ) ;
#1556 = VERTEX_POINT ( 'NONE', #4226 ) ;
#1557 = CIRCLE ( 'NONE', #1715, 0.04999999999999969746 ) ;
#1558 = FACE_OUTER_BOUND ( 'NONE', #475, .T. ) ;
#1559 = CIRCLE ( 'NONE', #3049, 0.04999999999999969746 ) ;
#1560 = FACE_OUTER_BOUND ( 'NONE', #2444, .T. ) ;
#1561 = DIRECTION ( 'NONE',  ( 0.000000000000000000, 0.000000000000000000, 1.000000000000000000 ) ) ;
#1562 = CARTESIAN_POINT ( 'NONE',  ( -5.704367503179579302, -0.1911749808269703477, -4.850000000000001421 ) ) ;
#1563 = DIRECTION ( 'NONE',  ( 0.1736481776669307198, -0.9848077530122080203, 0.000000000000000000 ) ) ;
#1564 = CARTESIAN_POINT ( 'NONE',  ( -5.652006451087623340, -0.03994332498388120795, 5.100000000000000533 ) ) ;
#1565 = ORIENTED_EDGE ( 'NONE', *, *, #1317, .T. ) ;
#1566 = DIRECTION ( 'NONE',  ( -1.000000000000000000, 0.000000000000000000, 0.000000000000000000 ) ) ;
#1567 = LINE ( 'NONE', #1896, #4455 ) ;
#1568 = VECTOR ( 'NONE', #1378, 1000.000000000000000 ) ;
#1569 = CARTESIAN_POINT ( 'NONE',  ( 5.754467464619035688, -0.2397576833101300597, -5.099999999999996980 ) ) ;
#1570 = ORIENTED_EDGE ( 'NONE', *, *, #3964, .T. ) ;
#1571 = VERTEX_POINT ( 'NONE', #4251 ) ;
#1572 = CARTESIAN_POINT ( 'NONE',  ( 5.652006451087620675, -0.03994332498389634861, -4.850000000000001421 ) ) ;
#1573 = AXIS2_PLACEMENT_3D ( 'NONE', #432, #524, #132 ) ;
#1574 = DIRECTION ( 'NONE',  ( -0.9949303135204946580, -0.1005667501613244086, 0.000000000000000000 ) ) ;
#1575 = EDGE_CURVE ( 'NONE', #665, #3081, #3593, .T. ) ;
#1576 = ADVANCED_FACE ( 'NONE', ( #173 ), #2462, .T. ) ;
#1577 = CARTESIAN_POINT ( 'NONE',  ( 0.000000000000000000, -0.2999999999999999889, -4.899999999999999467 ) ) ;
#1578 = AXIS2_PLACEMENT_3D ( 'NONE', #3886, #201, #3234 ) ;
#1579 = ORIENTED_EDGE ( 'NONE', *, *, #2956, .F. ) ;
#1580 = AXIS2_PLACEMENT_3D ( 'NONE', #289, #688, #2177 ) ;
#1581 = LINE ( 'NONE', #1928, #147 ) ;
#1582 = ORIENTED_EDGE ( 'NONE', *, *, #2747, .T. ) ;
#1583 = CIRCLE ( 'NONE', #2376, 0.1000000000000002554 ) ;
#1584 = DIRECTION ( 'NONE',  ( -0.1710878697460358755, 0.9702875252478138091, 0.1710878697460358755 ) ) ;
#1585 = CARTESIAN_POINT ( 'NONE',  ( -7.047993548912384831, -0.03994332498388174224, 5.100000000000000533 ) ) ;
#1586 = CARTESIAN_POINT ( 'NONE',  ( 7.147486580264430067, 0.04999999999999969746, -5.099999999999998757 ) ) ;
#1587 = ORIENTED_EDGE ( 'NONE', *, *, #1076, .T. ) ;
#1588 = AXIS2_PLACEMENT_3D ( 'NONE', #1631, #3519, #4619 ) ;
#1589 = DIRECTION ( 'NONE',  ( -1.000000000000000000, -0.000000000000000000, -0.000000000000000000 ) ) ;
#1590 = CARTESIAN_POINT ( 'NONE',  ( 9.049999999999997158, 15.15000000000000036, 5.050000000000000711 ) ) ;
#1591 = AXIS2_PLACEMENT_3D ( 'NONE', #1837, #347, #2962 ) ;
#1592 = CARTESIAN_POINT ( 'NONE',  ( -6.923533637261712670, -0.2492922824403165372, -5.099999999999996980 ) ) ;
#1593 = DIRECTION ( 'NONE',  ( 1.000000000000000000, 0.000000000000000000, 0.000000000000000000 ) ) ;
#1594 = VERTEX_POINT ( 'NONE', #2777 ) ;
#1595 = CARTESIAN_POINT ( 'NONE',  ( -5.662830545029971852, -0.2206392732179443816, 5.099999999999978328 ) ) ;
#1596 = EDGE_LOOP ( 'NONE', ( #1826, #4573 ) ) ;
#1597 = DIRECTION ( 'NONE',  ( 0.000000000000000000, 0.000000000000000000, 1.000000000000000000 ) ) ;
#1598 = CARTESIAN_POINT ( 'NONE',  ( 7.047993548912375950, -0.03994332498389600167, -4.899999999999999467 ) ) ;
#1599 = CARTESIAN_POINT ( 'NONE',  ( 6.945532535380960937, -0.2397576833101310312, -4.850000000000003197 ) ) ;
#1600 = ORIENTED_EDGE ( 'NONE', *, *, #3851, .F. ) ;
#1601 = ADVANCED_FACE ( 'NONE', ( #2799 ), #3862, .T. ) ;
#1602 = ORIENTED_EDGE ( 'NONE', *, *, #1547, .T. ) ;
#1603 = EDGE_CURVE ( 'NONE', #2431, #1672, #569, .T. ) ;
#1604 = DIRECTION ( 'NONE',  ( 0.000000000000000000, 0.000000000000000000, 1.000000000000000000 ) ) ;
#1605 = DIRECTION ( 'NONE',  ( -1.040834085586090568E-13, -6.234162491791688361E-15, -1.000000000000000000 ) ) ;
#1606 = EDGE_LOOP ( 'NONE', ( #1409, #429, #2318, #3932 ) ) ;
#1607 = DIRECTION ( 'NONE',  ( 0.000000000000000000, 1.000000000000000000, 0.000000000000000000 ) ) ;
#1608 = EDGE_LOOP ( 'NONE', ( #311, #1899, #2684, #4730 ) ) ;
#1609 = ORIENTED_EDGE ( 'NONE', *, *, #2452, .F. ) ;
#1610 = DIRECTION ( 'NONE',  ( 0.000000000000000000, 0.000000000000000000, 1.000000000000000000 ) ) ;
#1611 = CARTESIAN_POINT ( 'NONE',  ( -7.047993548912387496, -0.03994332498388152713, -5.100000000000000533 ) ) ;
#1612 = FACE_OUTER_BOUND ( 'NONE', #1953, .T. ) ;
#1613 = CARTESIAN_POINT ( 'NONE',  ( 5.602259935411593617, -0.04497166249194797794, -5.050000000000000711 ) ) ;
#1614 = CARTESIAN_POINT ( 'NONE',  ( -9.100000000000003197, 0.04999999999999969746, 5.050000000000000711 ) ) ;
#1615 = CARTESIAN_POINT ( 'NONE',  ( 5.729195261177946641, -0.2836643946956171058, 4.849999999999971223 ) ) ;
#1616 = CARTESIAN_POINT ( 'NONE',  ( 9.099999999999997868, 15.15000000000000036, 5.100000000000000533 ) ) ;
#1617 = DIRECTION ( 'NONE',  ( 0.000000000000000000, -1.000000000000000000, 0.000000000000000000 ) ) ;
#1618 = CARTESIAN_POINT ( 'NONE',  ( 7.043319074543471281, -0.08618899009659836130, -4.850000000000001421 ) ) ;
#1619 = ORIENTED_EDGE ( 'NONE', *, *, #4504, .T. ) ;
#1620 = EDGE_CURVE ( 'NONE', #3410, #2767, #2359, .T. ) ;
#1621 = ORIENTED_EDGE ( 'NONE', *, *, #2347, .T. ) ;
#1622 = AXIS2_PLACEMENT_3D ( 'NONE', #900, #4635, #3558 ) ;
#1623 = CARTESIAN_POINT ( 'NONE',  ( 6.970804738822041990, -0.2836643946956195483, 5.100000000000032507 ) ) ;
#1624 = DIRECTION ( 'NONE',  ( 0.000000000000000000, 0.000000000000000000, 1.000000000000000000 ) ) ;
#1625 = EDGE_CURVE ( 'NONE', #422, #3052, #2406, .T. ) ;
#1626 = ADVANCED_FACE ( 'NONE', ( #126 ), #1397, .T. ) ;
#1627 = AXIS2_PLACEMENT_3D ( 'NONE', #1684, #3182, #964 ) ;
#1628 = VERTEX_POINT ( 'NONE', #3567 ) ;
#1629 = LINE ( 'NONE', #3125, #3533 ) ;
#1630 = VERTEX_POINT ( 'NONE', #4695 ) ;
#1631 = CARTESIAN_POINT ( 'NONE',  ( 0.000000000000000000, -0.2999999999999999889, 0.000000000000000000 ) ) ;
#1632 = CIRCLE ( 'NONE', #4370, 0.04999999999999969746 ) ;
#1633 = VERTEX_POINT ( 'NONE', #2140 ) ;
#1634 = DIRECTION ( 'NONE',  ( 0.000000000000000000, 0.000000000000000000, -1.000000000000000000 ) ) ;
#1635 = CARTESIAN_POINT ( 'NONE',  ( -7.047993548912383055, -0.03994332498389600861, -4.850000000000001421 ) ) ;
#1636 = FACE_OUTER_BOUND ( 'NONE', #1045, .T. ) ;
#1637 = CIRCLE ( 'NONE', #1485, 0.1000000000000002554 ) ;
#1638 = CARTESIAN_POINT ( 'NONE',  ( 7.078949184157499630, -0.1483758298185622604, -5.099999999999998757 ) ) ;
#1639 = AXIS2_PLACEMENT_3D ( 'NONE', #4187, #2689, #847 ) ;
#1640 = CARTESIAN_POINT ( 'NONE',  ( 8.900000000000005684, 0.000000000000000000, 4.899999999999999467 ) ) ;
#1641 = DIRECTION ( 'NONE',  ( -0.000000000000000000, -0.000000000000000000, -1.000000000000000000 ) ) ;
#1642 = EDGE_LOOP ( 'NONE', ( #2648, #838, #670, #377 ) ) ;
#1643 = CIRCLE ( 'NONE', #2289, 0.04999999999999969746 ) ;
#1644 = CARTESIAN_POINT ( 'NONE',  ( 5.776466362738291949, -0.2492922824403192572, 5.100000000000002309 ) ) ;
#1645 = DIRECTION ( 'NONE',  ( 0.000000000000000000, 0.000000000000000000, 1.000000000000000000 ) ) ;
#1646 = ORIENTED_EDGE ( 'NONE', *, *, #2907, .F. ) ;
#1647 = AXIS2_PLACEMENT_3D ( 'NONE', #1489, #1130, #2984 ) ;
#1648 = DIRECTION ( 'NONE',  ( -0.000000000000000000, -1.000000000000000000, -0.000000000000000000 ) ) ;
#1649 = CARTESIAN_POINT ( 'NONE',  ( 8.850000000000004974, 0.1000000000000000056, -4.850000000000001421 ) ) ;
#1650 = CIRCLE ( 'NONE', #4157, 0.04999999999999982930 ) ;
#1651 = ORIENTED_EDGE ( 'NONE', *, *, #949, .T. ) ;
#1652 = CARTESIAN_POINT ( 'NONE',  ( 5.652358212073366417, -0.03990776926838191657, -4.849999999999999645 ) ) ;
#1653 = CARTESIAN_POINT ( 'NONE',  ( -5.652358212073372634, -0.03990776926838083410, 5.100000000000000533 ) ) ;
#1654 = ORIENTED_EDGE ( 'NONE', *, *, #3937, .T. ) ;
#1655 = EDGE_CURVE ( 'NONE', #3534, #3035, #2740, .T. ) ;
#1656 = DIRECTION ( 'NONE',  ( 0.000000000000000000, -0.9848077530122080203, -0.1736481776669307198 ) ) ;
#1657 = VERTEX_POINT ( 'NONE', #220 ) ;
#1658 = CARTESIAN_POINT ( 'NONE',  ( -7.150000000000004796, 0.1000000000000000056, -4.049999999999999822 ) ) ;
#1659 = CARTESIAN_POINT ( 'NONE',  ( -7.097740064588414555, -0.04497166249193153276, -5.100000000000000533 ) ) ;
#1660 = CARTESIAN_POINT ( 'NONE',  ( -7.043319074543456182, -0.08618899009659025667, -4.850000000000001421 ) ) ;
#1661 = CARTESIAN_POINT ( 'NONE',  ( 5.656680925456521791, -0.08618899009658612109, -5.099999999999998757 ) ) ;
#1662 = VECTOR ( 'NONE', #145, 1000.000000000000000 ) ;
#1663 = LINE ( 'NONE', #4626, #2814 ) ;
#1664 = EDGE_CURVE ( 'NONE', #1162, #3746, #3266, .T. ) ;
#1665 = CARTESIAN_POINT ( 'NONE',  ( 5.776458670293118658, -0.2500000000000000000, -4.850000000000002309 ) ) ;
#1666 = VECTOR ( 'NONE', #1780, 1000.000000000000000 ) ;
#1667 = CARTESIAN_POINT ( 'NONE',  ( 5.754599228827403934, -0.2394237240209373951, 4.850000000000002309 ) ) ;
#1668 = CARTESIAN_POINT ( 'NONE',  ( 8.039999999999995595, 0.1000000000000000056, -3.300000000000000711 ) ) ;
#1669 = ORIENTED_EDGE ( 'NONE', *, *, #4231, .T. ) ;
#1670 = CARTESIAN_POINT ( 'NONE',  ( 5.776255598436471850, -0.2499993830452325039, 5.100000000000000533 ) ) ;
#1671 = DIRECTION ( 'NONE',  ( 1.000000000000000000, -0.000000000000000000, -0.000000000000000000 ) ) ;
#1672 = VERTEX_POINT ( 'NONE', #988 ) ;
#1673 =( BOUNDED_SURFACE ( )  B_SPLINE_SURFACE ( 3, 2, ( 
 ( #1836, #4716, #4766, #368, #694 ),
 ( #2182, #1081, #4372, #4008, #2163 ),
 ( #2503, #3643, #1106, #4794, #2603 ),
 ( #1373, #1417, #4742, #2233, #1858 ),
 ( #2866, #294, #273, #4817, #1783 ),
 ( #4349, #1394, #1441, #1062, #2941 ),
 ( #4421, #1006, #3665, #2578, #1763 ),
 ( #3981, #642, #2135, #3620, #2555 ) ),
 .UNSPECIFIED., .F., .F., .F. ) 
 B_SPLINE_SURFACE_WITH_KNOTS ( ( 4, 2, 2, 4 ),
 ( 3, 2, 3 ),
 ( 0.000000000000000000, 6.954209021615302200E-05, 0.0001390841804323060440, 0.0002781683608646120880 ),
 ( 0.000000000000000000, 1.000000000000000000, 1.010000000000000009 ),
 .UNSPECIFIED. ) 
 GEOMETRIC_REPRESENTATION_ITEM ( )  RATIONAL_B_SPLINE_SURFACE ( (
 ( 1.000000000000000000, 0.7071067811865475727, 1.000000000000000000, 1.000000000000000000, 1.000000000000000000),
 ( 1.000000000000000000, 0.7071067811865475727, 1.000000000000000000, 1.000000000000000000, 1.000000000000000000),
 ( 1.000000000000000000, 0.7071067811865534569, 1.000000000000000000, 1.000000000000000000, 1.000000000000000000),
 ( 1.000000000000000000, 0.7071067811865534569, 1.000000000000000000, 1.000000000000000000, 1.000000000000000000),
 ( 1.000000000000000000, 0.7071067811865476838, 1.000000000000000000, 1.000000000000000000, 1.000000000000000000),
 ( 1.000000000000000000, 0.7071067811865476838, 1.000000000000000000, 1.000000000000000000, 1.000000000000000000),
 ( 1.000000000000000000, 0.7071067811865536790, 1.000000000000000000, 1.000000000000000000, 1.000000000000000000),
 ( 1.000000000000000000, 0.7071067811865536790, 1.000000000000000000, 1.000000000000000000, 1.000000000000000000) ) ) 
 REPRESENTATION_ITEM ( '' )  SURFACE ( )  );
#1674 = LINE ( 'NONE', #879, #3784 ) ;
#1675 = CARTESIAN_POINT ( 'NONE',  ( 9.049999999999997158, 15.15000000000000036, 0.000000000000000000 ) ) ;
#1676 = ORIENTED_EDGE ( 'NONE', *, *, #2426, .T. ) ;
#1677 = CARTESIAN_POINT ( 'NONE',  ( 5.621050815842358439, -0.1483758298185796909, -4.849999999999918820 ) ) ;
#1678 = ORIENTED_EDGE ( 'NONE', *, *, #4577, .T. ) ;
#1679 = LINE ( 'NONE', #2820, #4091 ) ;
#1680 = ADVANCED_FACE ( 'NONE', ( #2485 ), #3984, .T. ) ;
#1681 = ORIENTED_EDGE ( 'NONE', *, *, #1761, .F. ) ;
#1682 = CARTESIAN_POINT ( 'NONE',  ( -7.147486580264436284, 0.04999999999999969746, 5.050000000000000711 ) ) ;
#1683 =( BOUNDED_CURVE ( )  B_SPLINE_CURVE ( 2, ( #3467, #1910, #1517 ),
 .UNSPECIFIED., .F., .F. ) 
 B_SPLINE_CURVE_WITH_KNOTS ( ( 3, 3 ),
 ( 0.000000000000000000, 1.000000000000000000 ),
 .UNSPECIFIED. ) 
 CURVE ( )  GEOMETRIC_REPRESENTATION_ITEM ( )  RATIONAL_B_SPLINE_CURVE ( ( 0.9457047908995575014, 0.7373842891637749641, 1.000000000000000000 ) ) 
 REPRESENTATION_ITEM ( '' )  );
#1684 = CARTESIAN_POINT ( 'NONE',  ( -5.552513419735570999, -0.04999999999999985012, -4.899999999999999467 ) ) ;
#1685 = CARTESIAN_POINT ( 'NONE',  ( -6.970804738822028668, -0.2836643946956055040, 5.099999999999980105 ) ) ;
#1686 = EDGE_CURVE ( 'NONE', #4723, #4505, #1637, .T. ) ;
#1687 = DIRECTION ( 'NONE',  ( 0.000000000000000000, 0.000000000000000000, 1.000000000000000000 ) ) ;
#1688 = DIRECTION ( 'NONE',  ( -1.000000000000000000, 0.000000000000000000, 0.000000000000000000 ) ) ;
#1689 = CARTESIAN_POINT ( 'NONE',  ( 6.900000000000002132, -0.2999999999999992117, -5.099999999999996092 ) ) ;
#1690 = CARTESIAN_POINT ( 'NONE',  ( 5.621050815842362880, -0.1483758298185857416, 4.849999999999921485 ) ) ;
#1691 = FACE_OUTER_BOUND ( 'NONE', #4296, .T. ) ;
#1692 = DIRECTION ( 'NONE',  ( 0.000000000000000000, 0.000000000000000000, -1.000000000000000000 ) ) ;
#1693 = EDGE_CURVE ( 'NONE', #4015, #4436, #2507, .T. ) ;
#1694 = EDGE_CURVE ( 'NONE', #808, #1776, #1740, .T. ) ;
#1695 = CARTESIAN_POINT ( 'NONE',  ( -5.669333175230451438, -0.1312847592859247847, -5.099999999999996092 ) ) ;
#1696 = ORIENTED_EDGE ( 'NONE', *, *, #4440, .F. ) ;
#1697 = CARTESIAN_POINT ( 'NONE',  ( 5.799999999999997158, -0.2492928932188134550, 5.100000000000000533 ) ) ;
#1698 = CARTESIAN_POINT ( 'NONE',  ( -5.600000000000004086, 0.000000000000000000, 4.837500000000003020 ) ) ;
#1699 = EDGE_LOOP ( 'NONE', ( #2062, #3714, #1461, #3805 ) ) ;
#1700 = PLANE ( 'NONE',  #2154 ) ;
#1701 = EDGE_CURVE ( 'NONE', #3936, #2697, #2564, .T. ) ;
#1702 = CYLINDRICAL_SURFACE ( 'NONE', #4124, 0.04999999999999969746 ) ;
#1703 = ORIENTED_EDGE ( 'NONE', *, *, #4117, .F. ) ;
#1704 = CARTESIAN_POINT ( 'NONE',  ( -5.669064527959376321, -0.1315785031656198090, -4.850000000000002309 ) ) ;
#1705 = VECTOR ( 'NONE', #2736, 1000.000000000000000 ) ;
#1706 = ORIENTED_EDGE ( 'NONE', *, *, #502, .T. ) ;
#1707 = CARTESIAN_POINT ( 'NONE',  ( -5.800000000000003375, -0.2999999999999999889, -4.899999999999999467 ) ) ;
#1708 = ORIENTED_EDGE ( 'NONE', *, *, #202, .T. ) ;
#1709 = AXIS2_PLACEMENT_3D ( 'NONE', #1749, #3604, #1429 ) ;
#1710 = CARTESIAN_POINT ( 'NONE',  ( 7.092501351874527238, -0.09679998966231914692, -4.849999999999898392 ) ) ;
#1711 = CARTESIAN_POINT ( 'NONE',  ( -7.031005835439430918, -0.1314047628512939603, -5.100000000000001421 ) ) ;
#1712 = DIRECTION ( 'NONE',  ( 0.000000000000000000, 0.000000000000000000, 1.000000000000000000 ) ) ;
#1713 = CARTESIAN_POINT ( 'NONE',  ( -8.850000000000003197, 0.05000000000000000278, 4.850000000000001421 ) ) ;
#1714 = DIRECTION ( 'NONE',  ( 0.000000000000000000, -1.000000000000000000, 0.000000000000000000 ) ) ;
#1715 = AXIS2_PLACEMENT_3D ( 'NONE', #3108, #199, #2433 ) ;
#1716 = DIRECTION ( 'NONE',  ( 0.000000000000000000, 1.000000000000000000, 0.000000000000000000 ) ) ;
#1717 =( BOUNDED_SURFACE ( )  B_SPLINE_SURFACE ( 3, 2, ( 
 ( #2804, #4280, #3210, #1689, #3600 ),
 ( #652, #1381, #938, #2069, #3552 ),
 ( #3942, #226, #4355, #3888, #255 ),
 ( #3137, #1015, #3187, #2512, #4629 ),
 ( #2146, #4673, #622, #1326, #2829 ),
 ( #3572, #4307, #995, #1638, #969 ),
 ( #2467, #4700, #2491, #1354, #3990 ),
 ( #4335, #2043, #2876, #3237, #1281 ) ),
 .UNSPECIFIED., .F., .F., .F. ) 
 B_SPLINE_SURFACE_WITH_KNOTS ( ( 4, 2, 2, 4 ),
 ( 3, 2, 3 ),
 ( -8.538092108323347418E-19, 6.954209021615582738E-05, 0.0001390841804323124950, 0.0002781683608646258574 ),
 ( -0.01000000000000000021, 0.000000000000000000, 1.000000000000000000 ),
 .UNSPECIFIED. ) 
 GEOMETRIC_REPRESENTATION_ITEM ( )  RATIONAL_B_SPLINE_SURFACE ( (
 ( 1.000000000000000000, 1.000000000000000000, 1.000000000000000000, 0.7071067811865536790, 1.000000000000000000),
 ( 1.000000000000000000, 1.000000000000000000, 1.000000000000000000, 0.7071067811865536790, 1.000000000000000000),
 ( 1.000000000000000000, 1.000000000000000000, 1.000000000000000000, 0.7071067811865575647, 1.000000000000000000),
 ( 1.000000000000000000, 1.000000000000000000, 1.000000000000000000, 0.7071067811865575647, 1.000000000000000000),
 ( 1.000000000000000000, 1.000000000000000000, 1.000000000000000000, 0.7071067811865475727, 1.000000000000000000),
 ( 1.000000000000000000, 1.000000000000000000, 1.000000000000000000, 0.7071067811865475727, 1.000000000000000000),
 ( 1.000000000000000000, 1.000000000000000000, 1.000000000000000000, 0.7071067811865414665, 1.000000000000000000),
 ( 1.000000000000000000, 1.000000000000000000, 1.000000000000000000, 0.7071067811865414665, 1.000000000000000000) ) ) 
 REPRESENTATION_ITEM ( '' )  SURFACE ( )  );
#1718 = CARTESIAN_POINT ( 'NONE',  ( 5.799999999999998046, -0.2492928932188134550, 4.849999999999999645 ) ) ;
#1719 = VECTOR ( 'NONE', #4337, 1000.000000000000000 ) ;
#1720 = DIRECTION ( 'NONE',  ( -0.000000000000000000, -0.000000000000000000, -1.000000000000000000 ) ) ;
#1721 = CARTESIAN_POINT ( 'NONE',  ( -5.704077888304691868, -0.1913804194949935145, -5.099999999999996092 ) ) ;
#1722 = ORIENTED_EDGE ( 'NONE', *, *, #2719, .T. ) ;
#1723 = VECTOR ( 'NONE', #3475, 1000.000000000000000 ) ;
#1724 = EDGE_CURVE ( 'NONE', #2161, #2384, #2674, .T. ) ;
#1725 = EDGE_CURVE ( 'NONE', #1061, #3482, #243, .T. ) ;
#1726 = FACE_OUTER_BOUND ( 'NONE', #3322, .T. ) ;
#1727 = CARTESIAN_POINT ( 'NONE',  ( -5.600000000000004086, 0.000000000000000000, 5.112500000000000711 ) ) ;
#1728 = AXIS2_PLACEMENT_3D ( 'NONE', #781, #3002, #4141 ) ;
#1729 = ORIENTED_EDGE ( 'NONE', *, *, #3129, .F. ) ;
#1730 = DIRECTION ( 'NONE',  ( 0.000000000000000000, -0.1736481776669307198, -0.9848077530122080203 ) ) ;
#1731 = EDGE_CURVE ( 'NONE', #215, #2200, #2235, .T. ) ;
#1732 = VECTOR ( 'NONE', #1435, 1000.000000000000000 ) ;
#1733 = FACE_OUTER_BOUND ( 'NONE', #3664, .T. ) ;
#1734 = VERTEX_POINT ( 'NONE', #1492 ) ;
#1735 = CARTESIAN_POINT ( 'NONE',  ( 5.656643459472820545, -0.08581869388642793250, -4.849999999999999645 ) ) ;
#1736 = VECTOR ( 'NONE', #380, 1000.000000000000000 ) ;
#1737 = LINE ( 'NONE', #2847, #186 ) ;
#1738 = ORIENTED_EDGE ( 'NONE', *, *, #730, .F. ) ;
#1739 = VECTOR ( 'NONE', #3273, 1000.000000000000114 ) ;
#1740 = LINE ( 'NONE', #4719, #2515 ) ;
#1741 = DIRECTION ( 'NONE',  ( -1.000000000000000000, 0.000000000000000000, 0.000000000000000000 ) ) ;
#1742 = CARTESIAN_POINT ( 'NONE',  ( 5.449999999999993072, 0.1000000000000000056, 4.299999999999996270 ) ) ;
#1743 = DIRECTION ( 'NONE',  ( 0.000000000000000000, 0.000000000000000000, 1.000000000000000000 ) ) ;
#1744 = ORIENTED_EDGE ( 'NONE', *, *, #4354, .F. ) ;
#1745 = VECTOR ( 'NONE', #492, 1000.000000000000000 ) ;
#1746 = CARTESIAN_POINT ( 'NONE',  ( -7.650000000000003908, 0.1000000000000000056, 3.549999999999999822 ) ) ;
#1747 = CARTESIAN_POINT ( 'NONE',  ( -9.050000000000004263, 0.05000000000000000278, -5.049999999999998934 ) ) ;
#1748 = CYLINDRICAL_SURFACE ( 'NONE', #4452, 0.04999999999999969746 ) ;
#1749 = CARTESIAN_POINT ( 'NONE',  ( 5.552513419735564781, -0.05000000000000006523, 5.050000000000000711 ) ) ;
#1750 = DIRECTION ( 'NONE',  ( -1.000000000000000000, 1.761828530288940169E-15, 0.000000000000000000 ) ) ;
#1751 = ORIENTED_EDGE ( 'NONE', *, *, #115, .F. ) ;
#1752 = AXIS2_PLACEMENT_3D ( 'NONE', #3473, #2360, #3381 ) ;
#1753 = DIRECTION ( 'NONE',  ( 0.000000000000000000, 0.000000000000000000, 1.000000000000000000 ) ) ;
#1754 = CARTESIAN_POINT ( 'NONE',  ( -9.050000000000004263, 0.000000000000000000, -5.049999999999998934 ) ) ;
#1755 = VECTOR ( 'NONE', #3982, 1000.000000000000000 ) ;
#1756 = VERTEX_POINT ( 'NONE', #814 ) ;
#1757 = CARTESIAN_POINT ( 'NONE',  ( -7.031005835439453122, -0.1314047628513067278, 5.100000000000000533 ) ) ;
#1758 = CARTESIAN_POINT ( 'NONE',  ( 7.037169454970028326, -0.2206392732179409677, 5.099999999999997868 ) ) ;
#1759 = UNCERTAINTY_MEASURE_WITH_UNIT (LENGTH_MEASURE( 1.000000000000000082E-05 ), #4478, 'distance_accuracy_value', 'NONE');
#1760 = DIRECTION ( 'NONE',  ( 0.000000000000000000, 0.000000000000000000, -1.000000000000000000 ) ) ;
#1761 = EDGE_CURVE ( 'NONE', #422, #3774, #49, .T. ) ;
#1762 = ORIENTED_EDGE ( 'NONE', *, *, #945, .F. ) ;
#1763 = CARTESIAN_POINT ( 'NONE',  ( -7.042661527940044408, -0.08566339491225283265, 4.850000000000002309 ) ) ;
#1764 = FACE_OUTER_BOUND ( 'NONE', #2791, .T. ) ;
#1765 = CARTESIAN_POINT ( 'NONE',  ( -6.945532535380968930, -0.2397576833101305593, 4.850000000000001421 ) ) ;
#1766 = DIRECTION ( 'NONE',  ( 1.000000000000000000, 0.000000000000000000, 0.000000000000000000 ) ) ;
#1767 = CARTESIAN_POINT ( 'NONE',  ( 5.299999999999998046, 15.10000000000000142, 4.070618272395669116E-18 ) ) ;
#1768 = CARTESIAN_POINT ( 'NONE',  ( -5.718335145533149699, -0.2099445089812264076, 4.850000000000002309 ) ) ;
#1769 = EDGE_LOOP ( 'NONE', ( #3173, #4812, #2554, #2003 ) ) ;
#1770 = CARTESIAN_POINT ( 'NONE',  ( 6.899999999999999467, -0.2499999999999999445, -4.850000000000001421 ) ) ;
#1771 =( BOUNDED_SURFACE ( )  B_SPLINE_SURFACE ( 3, 2, ( 
 ( #3359, #18, #1531, #3406, #1505 ),
 ( #779, #60, #3000, #2268, #3754 ),
 ( #403, #1161, #2660, #4137, #802 ),
 ( #1549, #3040, #4529, #4160, #3091 ),
 ( #106, #1595, #3453, #474, #1970 ),
 ( #465, #1935, #2773, #4199, #1295 ),
 ( #4247, #3490, #906, #2382, #122 ),
 ( #3880, #4272, #1564, #1653, #4550 ) ),
 .UNSPECIFIED., .F., .F., .F. ) 
 B_SPLINE_SURFACE_WITH_KNOTS ( ( 4, 2, 2, 4 ),
 ( 3, 2, 3 ),
 ( 0.000000000000000000, 6.954209021615706066E-05, 0.0001390841804323141213, 0.0002781683608646282426 ),
 ( 0.000000000000000000, 1.000000000000000000, 1.010000000000000009 ),
 .UNSPECIFIED. ) 
 GEOMETRIC_REPRESENTATION_ITEM ( )  RATIONAL_B_SPLINE_SURFACE ( (
 ( 1.000000000000000000, 0.7071067811865475727, 1.000000000000000000, 1.000000000000000000, 1.000000000000000000),
 ( 1.000000000000000000, 0.7071067811865475727, 1.000000000000000000, 1.000000000000000000, 1.000000000000000000),
 ( 1.000000000000000000, 0.7071067811865475727, 1.000000000000000000, 1.000000000000000000, 1.000000000000000000),
 ( 1.000000000000000000, 0.7071067811865475727, 1.000000000000000000, 1.000000000000000000, 1.000000000000000000),
 ( 1.000000000000000000, 0.7071067811865536790, 1.000000000000000000, 1.000000000000000000, 1.000000000000000000),
 ( 1.000000000000000000, 0.7071067811865536790, 1.000000000000000000, 1.000000000000000000, 1.000000000000000000),
 ( 1.000000000000000000, 0.7071067811865475727, 1.000000000000000000, 1.000000000000000000, 1.000000000000000000),
 ( 1.000000000000000000, 0.7071067811865475727, 1.000000000000000000, 1.000000000000000000, 1.000000000000000000) ) ) 
 REPRESENTATION_ITEM ( '' )  SURFACE ( )  );
#1772 = CARTESIAN_POINT ( 'NONE',  ( -6.970805153436161916, -0.2836649047208344432, -4.899999999999988809 ) ) ;
#1773 = CARTESIAN_POINT ( 'NONE',  ( -5.656680925456545772, -0.08618899009656205701, 4.850000000000000533 ) ) ;
#1774 = CARTESIAN_POINT ( 'NONE',  ( -5.600000000000002309, 0.000000000000000000, -5.112499999999997158 ) ) ;
#1775 = CARTESIAN_POINT ( 'NONE',  ( -5.656643459472752156, -0.08581869388643768859, -5.099999999999998757 ) ) ;
#1776 = VERTEX_POINT ( 'NONE', #746 ) ;
#1777 = CARTESIAN_POINT ( 'NONE',  ( 5.704077888304626143, -0.1913804194949864090, 5.099999999999998757 ) ) ;
#1778 = ORIENTED_EDGE ( 'NONE', *, *, #33, .F. ) ;
#1779 = CARTESIAN_POINT ( 'NONE',  ( 9.049999999999997158, 15.15000000000000036, -5.049999999999998934 ) ) ;
#1780 = DIRECTION ( 'NONE',  ( 1.000000000000000000, 0.000000000000000000, 0.000000000000000000 ) ) ;
#1781 = CARTESIAN_POINT ( 'NONE',  ( 7.030666824769468803, -0.1312847592859453516, 4.849999999999999645 ) ) ;
#1782 = ORIENTED_EDGE ( 'NONE', *, *, #1336, .F. ) ;
#1783 = CARTESIAN_POINT ( 'NONE',  ( -6.995632496820398671, -0.1911749808269715134, 4.850000000000001421 ) ) ;
#1784 = DIRECTION ( 'NONE',  ( -1.000000000000000000, 0.000000000000000000, 0.000000000000000000 ) ) ;
#1785 = EDGE_CURVE ( 'NONE', #1005, #3318, #4150, .T. ) ;
#1786 = ADVANCED_FACE ( 'NONE', ( #1560 ), #438, .F. ) ;
#1787 = CARTESIAN_POINT ( 'NONE',  ( 7.037169454970017668, -0.2206392732179701111, -4.849999999999951683 ) ) ;
#1788 = CARTESIAN_POINT ( 'NONE',  ( 7.099999999999995204, 0.000000000000000000, 5.050000000000000711 ) ) ;
#1789 = DIRECTION ( 'NONE',  ( 0.000000000000000000, -1.000000000000000000, 0.000000000000000000 ) ) ;
#1790 = CARTESIAN_POINT ( 'NONE',  ( -5.552513419735570999, 0.05000000000000000278, -4.899999999999999467 ) ) ;
#1791 = VERTEX_POINT ( 'NONE', #4819 ) ;
#1792 = CARTESIAN_POINT ( 'NONE',  ( -7.047993548912383055, -0.03994332498388170061, 5.049999999999998046 ) ) ;
#1793 = CIRCLE ( 'NONE', #308, 0.04999999999999969746 ) ;
#1794 = DIRECTION ( 'NONE',  ( 0.000000000000000000, 1.000000000000000000, 0.000000000000000000 ) ) ;
#1795 = CYLINDRICAL_SURFACE ( 'NONE', #74, 0.04999999999999969746 ) ;
#1796 = LINE ( 'NONE', #756, #92 ) ;
#1797 = AXIS2_PLACEMENT_3D ( 'NONE', #4632, #3213, #3167 ) ;
#1798 = ORIENTED_EDGE ( 'NONE', *, *, #319, .F. ) ;
#1799 = CARTESIAN_POINT ( 'NONE',  ( 7.099999999999997868, 0.000000000000000000, -5.112499999999998934 ) ) ;
#1800 = CIRCLE ( 'NONE', #2351, 0.04999999999999969746 ) ;
#1801 = LINE ( 'NONE', #1829, #1732 ) ;
#1802 = ORIENTED_EDGE ( 'NONE', *, *, #4375, .F. ) ;
#1803 = VERTEX_POINT ( 'NONE', #2701 ) ;
#1804 = AXIS2_PLACEMENT_3D ( 'NONE', #4172, #790, #2210 ) ;
#1805 = DIRECTION ( 'NONE',  ( 0.000000000000000000, 0.000000000000000000, -1.000000000000000000 ) ) ;
#1806 = CARTESIAN_POINT ( 'NONE',  ( 0.000000000000000000, 15.19999999999999929, 5.050000000000000711 ) ) ;
#1807 = AXIS2_PLACEMENT_3D ( 'NONE', #2611, #2966, #4425 ) ;
#1808 = ORIENTED_EDGE ( 'NONE', *, *, #1693, .T. ) ;
#1809 = DIRECTION ( 'NONE',  ( 0.000000000000000000, 0.000000000000000000, 1.000000000000000000 ) ) ;
#1810 = AXIS2_PLACEMENT_3D ( 'NONE', #264, #4829, #3364 ) ;
#1811 = LINE ( 'NONE', #2579, #424 ) ;
#1812 = CARTESIAN_POINT ( 'NONE',  ( 7.030327814099591954, -0.1311647557205856407, -4.850000000000001421 ) ) ;
#1813 = DIRECTION ( 'NONE',  ( 0.000000000000000000, -0.9848077530122080203, -0.1736481776669307198 ) ) ;
#1814 = DIRECTION ( 'NONE',  ( -1.000000000000000000, 0.000000000000000000, 0.000000000000000000 ) ) ;
#1815 = LINE ( 'NONE', #4731, #14 ) ;
#1816 = CARTESIAN_POINT ( 'NONE',  ( -5.800000000000003375, -0.2496464466094066859, 4.850000000000001421 ) ) ;
#1817 = EDGE_CURVE ( 'NONE', #4192, #3384, #1931, .T. ) ;
#1818 = ORIENTED_EDGE ( 'NONE', *, *, #628, .F. ) ;
#1819 = FACE_OUTER_BOUND ( 'NONE', #1981, .T. ) ;
#1820 = VECTOR ( 'NONE', #1809, 1000.000000000000000 ) ;
#1821 = CARTESIAN_POINT ( 'NONE',  ( -6.970804738822028668, -0.2836643946956059481, -4.850000000000000533 ) ) ;
#1822 = DIRECTION ( 'NONE',  ( -0.9949303135205231907, -0.1005667501610414682, 0.000000000000000000 ) ) ;
#1823 = CARTESIAN_POINT ( 'NONE',  ( -5.800000000000003375, -0.2499999999999999445, -4.899999999999999467 ) ) ;
#1824 = VECTOR ( 'NONE', #2092, 1000.000000000000000 ) ;
#1825 = EDGE_CURVE ( 'NONE', #1530, #3293, #1538, .T. ) ;
#1826 = ORIENTED_EDGE ( 'NONE', *, *, #2392, .T. ) ;
#1827 = CARTESIAN_POINT ( 'NONE',  ( 6.899999999999998579, -0.2999999999999999889, -4.837500000000001243 ) ) ;
#1828 = CARTESIAN_POINT ( 'NONE',  ( 5.662830545029974516, -0.2206392732179333349, 5.099999999999949019 ) ) ;
#1829 = CARTESIAN_POINT ( 'NONE',  ( 5.149999999999993250, -3.900000000000000355, 3.299999999999997158 ) ) ;
#1830 = ORIENTED_EDGE ( 'NONE', *, *, #4263, .T. ) ;
#1831 = DIRECTION ( 'NONE',  ( -0.9949303135204944359, -0.1005667501613262682, 0.000000000000000000 ) ) ;
#1832 = CARTESIAN_POINT ( 'NONE',  ( 7.042661527939817923, -0.08566339491220527347, 5.099999999999997868 ) ) ;
#1833 = VECTOR ( 'NONE', #3320, 1000.000000000000000 ) ;
#1834 = CARTESIAN_POINT ( 'NONE',  ( 6.945222399274451952, -0.2391130917404790945, 4.850000000000002309 ) ) ;
#1835 = ORIENTED_EDGE ( 'NONE', *, *, #2001, .F. ) ;
#1836 = CARTESIAN_POINT ( 'NONE',  ( -6.900000000000003908, -0.2999999999999999889, 4.899999999999999467 ) ) ;
#1837 = CARTESIAN_POINT ( 'NONE',  ( 8.039999999999995595, -3.900000000000000355, -3.300000000000000711 ) ) ;
#1838 = DIRECTION ( 'NONE',  ( 8.673617379884027583E-16, 0.000000000000000000, -1.000000000000000000 ) ) ;
#1839 = CARTESIAN_POINT ( 'NONE',  ( 8.900000000000005684, 0.05000000000000000278, -4.850000000000001421 ) ) ;
#1840 = LINE ( 'NONE', #349, #1568 ) ;
#1841 = CARTESIAN_POINT ( 'NONE',  ( -5.669672185900444639, -0.1311647557205686543, 4.850000000000001421 ) ) ;
#1842 = VERTEX_POINT ( 'NONE', #4545 ) ;
#1843 = ADVANCED_FACE ( 'NONE', ( #4515 ), #1197, .F. ) ;
#1844 = CARTESIAN_POINT ( 'NONE',  ( 8.099999999999997868, 15.10000000000000142, 4.850000000000001421 ) ) ;
#1845 = CARTESIAN_POINT ( 'NONE',  ( -6.981397188378685392, -0.2097064609223611709, -4.849999999999999645 ) ) ;
#1846 = CARTESIAN_POINT ( 'NONE',  ( 5.799999999999997158, -0.2999999999999999889, 5.112499999999997158 ) ) ;
#1847 = CARTESIAN_POINT ( 'NONE',  ( 5.599999999999998757, 0.000000000000000000, -4.837499999999999467 ) ) ;
#1848 = ORIENTED_EDGE ( 'NONE', *, *, #4089, .F. ) ;
#1849 = DIRECTION ( 'NONE',  ( 0.000000000000000000, -1.000000000000000000, 0.000000000000000000 ) ) ;
#1850 = EDGE_CURVE ( 'NONE', #2460, #2502, #157, .T. ) ;
#1851 = EDGE_CURVE ( 'NONE', #4436, #4520, #2903, .T. ) ;
#1852 = DIRECTION ( 'NONE',  ( 0.000000000000000000, 0.000000000000000000, -1.000000000000000000 ) ) ;
#1853 = ORIENTED_EDGE ( 'NONE', *, *, #3761, .T. ) ;
#1854 = DIRECTION ( 'NONE',  ( 1.000000000000000000, 0.000000000000000000, 0.000000000000000000 ) ) ;
#1855 = SHAPE_DEFINITION_REPRESENTATION ( #3870, #228 ) ;
#1856 = CARTESIAN_POINT ( 'NONE',  ( -6.900000000000003908, -0.2499999999999999445, 5.050000000000000711 ) ) ;
#1857 = VERTEX_POINT ( 'NONE', #4102 ) ;
#1858 = CARTESIAN_POINT ( 'NONE',  ( -6.981397188378658747, -0.2097064609223707465, 4.850000000000002309 ) ) ;
#1859 = DIRECTION ( 'NONE',  ( 0.000000000000000000, 0.000000000000000000, -1.000000000000000000 ) ) ;
#1860 = CARTESIAN_POINT ( 'NONE',  ( -7.650000000000003908, -3.900000000000000355, 4.049999999999999822 ) ) ;
#1861 = FACE_OUTER_BOUND ( 'NONE', #735, .T. ) ;
#1862 = CARTESIAN_POINT ( 'NONE',  ( -8.900000000000003908, 0.000000000000000000, -4.899999999999999467 ) ) ;
#1863 = DIRECTION ( 'NONE',  ( 1.000000000000000000, 0.000000000000000000, 0.000000000000000000 ) ) ;
#1864 = CARTESIAN_POINT ( 'NONE',  ( -5.602259935411597169, -0.04497166249193183807, 4.850000000000000533 ) ) ;
#1865 = ORIENTED_EDGE ( 'NONE', *, *, #2896, .F. ) ;
#1866 = SURFACE_STYLE_USAGE ( .BOTH. , #2218 ) ;
#1867 = EDGE_LOOP ( 'NONE', ( #3871, #3176, #1782, #4614 ) ) ;
#1868 = LINE ( 'NONE', #3036, #4134 ) ;
#1869 = ORIENTED_EDGE ( 'NONE', *, *, #3337, .T. ) ;
#1870 = CARTESIAN_POINT ( 'NONE',  ( 5.799999999999998934, -0.2999999999999999889, -4.899999999999999467 ) ) ;
#1871 = VERTEX_POINT ( 'NONE', #3741 ) ;
#1872 = DIRECTION ( 'NONE',  ( 1.000000000000000000, 0.000000000000000000, 0.000000000000000000 ) ) ;
#1873 = VECTOR ( 'NONE', #1288, 1000.000000000000000 ) ;
#1874 = PRODUCT_DEFINITION ( 'UNKNOWN', '', #507, #2939 ) ;
#1875 = EDGE_LOOP ( 'NONE', ( #2059, #506, #4511 ) ) ;
#1876 = DIRECTION ( 'NONE',  ( 0.000000000000000000, 0.000000000000000000, -1.000000000000000000 ) ) ;
#1877 = AXIS2_PLACEMENT_3D ( 'NONE', #1839, #2581, #3697 ) ;
#1878 = CARTESIAN_POINT ( 'NONE',  ( 5.669672185900479278, -0.1311647557205719294, 5.099999999999996980 ) ) ;
#1879 = CARTESIAN_POINT ( 'NONE',  ( 5.602259935411591840, -0.04497166249193190746, -5.049999999999998934 ) ) ;
#1880 = EDGE_LOOP ( 'NONE', ( #1778, #740, #442, #404 ) ) ;
#1881 = EDGE_CURVE ( 'NONE', #3410, #2334, #944, .T. ) ;
#1882 = EDGE_CURVE ( 'NONE', #1734, #2100, #1109, .T. ) ;
#1883 = VECTOR ( 'NONE', #2400, 1000.000000000000000 ) ;
#1884 = CARTESIAN_POINT ( 'NONE',  ( 7.019786221758935518, -0.2438476363764864041, 4.850000000000022737 ) ) ;
#1885 = AXIS2_PLACEMENT_3D ( 'NONE', #4178, #2242, #13 ) ;
#1886 = ORIENTED_EDGE ( 'NONE', *, *, #1701, .F. ) ;
#1887 = ADVANCED_FACE ( 'NONE', ( #2608 ), #3010, .T. ) ;
#1888 = DIRECTION ( 'NONE',  ( -0.000000000000000000, -0.000000000000000000, -1.000000000000000000 ) ) ;
#1889 = VECTOR ( 'NONE', #2320, 1000.000000000000000 ) ;
#1890 = DIRECTION ( 'NONE',  ( 0.000000000000000000, 0.000000000000000000, -1.000000000000000000 ) ) ;
#1891 = CARTESIAN_POINT ( 'NONE',  ( -5.761352311731547715, -0.2999989463168381554, -4.849999999999894840 ) ) ;
#1892 = CARTESIAN_POINT ( 'NONE',  ( 5.799999999999998046, -0.2496464466094066859, -4.850000000000001421 ) ) ;
#1893 = VECTOR ( 'NONE', #1926, 1000.000000000000000 ) ;
#1894 = ORIENTED_EDGE ( 'NONE', *, *, #4193, .F. ) ;
#1895 = CARTESIAN_POINT ( 'NONE',  ( -7.100000000000004086, -0.2999999999999999889, 5.020833333333328596 ) ) ;
#1896 = CARTESIAN_POINT ( 'NONE',  ( -7.561836509645771365, -4.400000000000000355, -3.549999999999999822 ) ) ;
#1897 = CARTESIAN_POINT ( 'NONE',  ( -6.900000000000004796, -0.2999999999999999889, -5.049999999999998934 ) ) ;
#1898 = CARTESIAN_POINT ( 'NONE',  ( -8.850000000000003197, 0.1000000000000000056, 4.850000000000001421 ) ) ;
#1899 = ORIENTED_EDGE ( 'NONE', *, *, #504, .T. ) ;
#1900 = VECTOR ( 'NONE', #978, 1000.000000000000000 ) ;
#1901 = VERTEX_POINT ( 'NONE', #2282 ) ;
#1902 = CARTESIAN_POINT ( 'NONE',  ( 5.149999999999993250, 0.1000000000000000056, 3.299999999999997158 ) ) ;
#1903 = VECTOR ( 'NONE', #547, 1000.000000000000000 ) ;
#1904 = CARTESIAN_POINT ( 'NONE',  ( 5.680214192855141064, -0.2438471263512663190, -5.050000000000000711 ) ) ;
#1905 = EDGE_LOOP ( 'NONE', ( #1502, #4669, #212, #2862 ) ) ;
#1906 = ADVANCED_FACE ( 'NONE', ( #1172 ), #3769, .F. ) ;
#1907 = CARTESIAN_POINT ( 'NONE',  ( 7.097740064588403897, -0.04497166249193212256, 4.850000000000000533 ) ) ;
#1908 = EDGE_CURVE ( 'NONE', #1400, #190, #1957, .T. ) ;
#1909 = VERTEX_POINT ( 'NONE', #832 ) ;
#1910 = CARTESIAN_POINT ( 'NONE',  ( 5.628037993184782373, -0.2999999999999999889, 4.899999999999999467 ) ) ;
#1911 = AXIS2_PLACEMENT_3D ( 'NONE', #248, #169, #1656 ) ;
#1912 = DIRECTION ( 'NONE',  ( 1.000000000000000000, 0.000000000000000000, 0.000000000000000000 ) ) ;
#1913 = CARTESIAN_POINT ( 'NONE',  ( 5.799999999999996270, -0.2999999999999999889, 4.899999999999997691 ) ) ;
#1914 = EDGE_CURVE ( 'NONE', #293, #4112, #2041, .T. ) ;
#1915 = CARTESIAN_POINT ( 'NONE',  ( 5.552513419735564781, 0.05000000000000000278, 4.850000000000001421 ) ) ;
#1916 = DIRECTION ( 'NONE',  ( 1.000000000000000000, 0.000000000000000000, 0.000000000000000000 ) ) ;
#1917 = CIRCLE ( 'NONE', #3006, 0.1000000000000002554 ) ;
#1918 = ORIENTED_EDGE ( 'NONE', *, *, #4781, .T. ) ;
#1919 = CARTESIAN_POINT ( 'NONE',  ( -9.100000000000003197, 15.15000000000000036, 5.100000000000000533 ) ) ;
#1920 = DIRECTION ( 'NONE',  ( 0.000000000000000000, 0.000000000000000000, -1.000000000000000000 ) ) ;
#1921 = FACE_OUTER_BOUND ( 'NONE', #3659, .T. ) ;
#1922 = CARTESIAN_POINT ( 'NONE',  ( 7.147486580264430067, 0.04999999999999969746, -5.049999999999998934 ) ) ;
#1923 = ORIENTED_EDGE ( 'NONE', *, *, #282, .F. ) ;
#1924 = ORIENTED_EDGE ( 'NONE', *, *, #4808, .T. ) ;
#1925 = LINE ( 'NONE', #4533, #3438 ) ;
#1926 = DIRECTION ( 'NONE',  ( -1.000000000000000000, 0.000000000000000000, 0.000000000000000000 ) ) ;
#1927 = EDGE_LOOP ( 'NONE', ( #2249, #3471, #2239, #27 ) ) ;
#1928 = CARTESIAN_POINT ( 'NONE',  ( 7.639999999999996128, 0.1000000000000000056, -4.300000000000001599 ) ) ;
#1929 = VERTEX_POINT ( 'NONE', #85 ) ;
#1930 = CARTESIAN_POINT ( 'NONE',  ( -6.945532535380973371, -0.2397576833101283944, -5.099999999999998757 ) ) ;
#1931 = LINE ( 'NONE', #1464, #636 ) ;
#1932 = DIRECTION ( 'NONE',  ( 1.000000000000000000, 6.098637220230998729E-15, -3.469446951953635015E-14 ) ) ;
#1933 = CARTESIAN_POINT ( 'NONE',  ( -5.669333175230555355, -0.1312847592859516799, -4.850000000000000533 ) ) ;
#1934 = CARTESIAN_POINT ( 'NONE',  ( 5.754420856929272965, -0.2397343563014016909, -4.850000000000002309 ) ) ;
#1935 = CARTESIAN_POINT ( 'NONE',  ( -5.621050815842464132, -0.1483758298185849367, 5.100000000000036948 ) ) ;
#1936 = ORIENTED_EDGE ( 'NONE', *, *, #721, .F. ) ;
#1937 = EDGE_CURVE ( 'NONE', #3236, #4507, #2670, .T. ) ;
#1938 = EDGE_CURVE ( 'NONE', #2502, #665, #478, .T. ) ;
#1939 = SURFACE_STYLE_USAGE ( .BOTH. , #861 ) ;
#1940 = CARTESIAN_POINT ( 'NONE',  ( -6.945222399274450176, -0.2391130917404614697, -5.100000000000001421 ) ) ;
#1941 = DIRECTION ( 'NONE',  ( 0.000000000000000000, 0.000000000000000000, 1.000000000000000000 ) ) ;
#1942 = ORIENTED_EDGE ( 'NONE', *, *, #2442, .T. ) ;
#1943 = EDGE_CURVE ( 'NONE', #1293, #2708, #2271, .T. ) ;
#1944 = CARTESIAN_POINT ( 'NONE',  ( 5.552513419735568334, 0.000000000000000000, -4.850000000000001421 ) ) ;
#1945 = VERTEX_POINT ( 'NONE', #3044 ) ;
#1946 = DIRECTION ( 'NONE',  ( -0.000000000000000000, -1.000000000000000000, -0.000000000000000000 ) ) ;
#1947 = DIRECTION ( 'NONE',  ( 0.000000000000000000, 0.000000000000000000, -1.000000000000000000 ) ) ;
#1948 = LINE ( 'NONE', #3431, #2044 ) ;
#1949 = CARTESIAN_POINT ( 'NONE',  ( 5.552513419735564781, -0.05000000000000006523, 4.850000000000001421 ) ) ;
#1950 = ORIENTED_EDGE ( 'NONE', *, *, #4144, .F. ) ;
#1951 = VECTOR ( 'NONE', #3526, 1000.000000000000000 ) ;
#1952 = PLANE ( 'NONE',  #1093 ) ;
#1953 = EDGE_LOOP ( 'NONE', ( #66, #604, #2425, #842 ) ) ;
#1954 = CIRCLE ( 'NONE', #2349, 0.04999999999999969746 ) ;
#1955 = CARTESIAN_POINT ( 'NONE',  ( -6.996140634538367209, -0.1916826843490198884, -5.099999999999999645 ) ) ;
#1956 = AXIS2_PLACEMENT_3D ( 'NONE', #770, #833, #854 ) ;
#1957 = LINE ( 'NONE', #2329, #84 ) ;
#1958 = SPHERICAL_SURFACE ( 'NONE', #3751, 0.05000000000000000278 ) ;
#1959 = ORIENTED_EDGE ( 'NONE', *, *, #1943, .F. ) ;
#1960 = DIRECTION ( 'NONE',  ( -0.9949303135204941029, 0.1005667501613297515, 0.000000000000000000 ) ) ;
#1961 = CARTESIAN_POINT ( 'NONE',  ( 5.449999999999993072, -3.900000000000000355, 4.299999999999996270 ) ) ;
#1962 = ORIENTED_EDGE ( 'NONE', *, *, #109, .T. ) ;
#1963 = CIRCLE ( 'NONE', #2597, 0.04999999999999969746 ) ;
#1964 = DIRECTION ( 'NONE',  ( 0.000000000000000000, 0.000000000000000000, 1.000000000000000000 ) ) ;
#1965 = TOROIDAL_SURFACE ( 'NONE', #3683, 0.1000000000000000056, 0.05000000000000000278 ) ;
#1966 = CARTESIAN_POINT ( 'NONE',  ( -6.981932520554942734, -0.2101825570401381904, -5.100000000000001421 ) ) ;
#1967 = EDGE_CURVE ( 'NONE', #3534, #2431, #1925, .T. ) ;
#1968 = LINE ( 'NONE', #2291, #256 ) ;
#1969 = ORIENTED_EDGE ( 'NONE', *, *, #3193, .T. ) ;
#1970 = CARTESIAN_POINT ( 'NONE',  ( -5.704367503179567755, -0.1911749808269667950, 5.099999999999997868 ) ) ;
#1971 = ORIENTED_EDGE ( 'NONE', *, *, #3766, .F. ) ;
#1972 = DIRECTION ( 'NONE',  ( -0.000000000000000000, -0.000000000000000000, -1.000000000000000000 ) ) ;
#1973 = TOROIDAL_SURFACE ( 'NONE', #3837, 0.1000000000000000056, 0.05000000000000000278 ) ;
#1974 = CYLINDRICAL_SURFACE ( 'NONE', #2600, 0.04999999999999969746 ) ;
#1975 = EDGE_CURVE ( 'NONE', #4563, #1144, #846, .T. ) ;
#1976 = CARTESIAN_POINT ( 'NONE',  ( 6.923541329706881520, -0.2499999999999999445, -4.850000000000001421 ) ) ;
#1977 = VECTOR ( 'NONE', #3089, 1000.000000000000000 ) ;
#1978 = ORIENTED_EDGE ( 'NONE', *, *, #2078, .T. ) ;
#1979 = AXIS2_PLACEMENT_3D ( 'NONE', #3247, #3951, #1390 ) ;
#1980 = CARTESIAN_POINT ( 'NONE',  ( 7.043356540527355492, -0.08581869388642453245, 4.850000000000001421 ) ) ;
#1981 = EDGE_LOOP ( 'NONE', ( #998, #4344, #3083, #3792 ) ) ;
#1982 = CIRCLE ( 'NONE', #2298, 0.1000000000000002554 ) ;
#1983 = FACE_OUTER_BOUND ( 'NONE', #2788, .T. ) ;
#1984 = ORIENTED_EDGE ( 'NONE', *, *, #1100, .F. ) ;
#1985 = FACE_OUTER_BOUND ( 'NONE', #2224, .T. ) ;
#1986 = VERTEX_POINT ( 'NONE', #110 ) ;
#1987 = AXIS2_PLACEMENT_3D ( 'NONE', #320, #3644, #1859 ) ;
#1988 = FACE_OUTER_BOUND ( 'NONE', #593, .T. ) ;
#1989 = VERTEX_POINT ( 'NONE', #1902 ) ;
#1990 = CARTESIAN_POINT ( 'NONE',  ( 7.639999999999996128, -3.900000000000000355, -3.300000000000001155 ) ) ;
#1991 = CARTESIAN_POINT ( 'NONE',  ( -5.800000000000005151, -0.2999999999999999889, 4.899999999999997691 ) ) ;
#1992 = VECTOR ( 'NONE', #4121, 1000.000000000000114 ) ;
#1993 = CARTESIAN_POINT ( 'NONE',  ( -6.995922111695335843, -0.1913804194949903781, -5.100000000000001421 ) ) ;
#1994 = CARTESIAN_POINT ( 'NONE',  ( -9.100000000000003197, 0.04999999999999969746, -5.049999999999997158 ) ) ;
#1995 = ORIENTED_EDGE ( 'NONE', *, *, #2727, .F. ) ;
#1996 = CARTESIAN_POINT ( 'NONE',  ( -7.147486580264436284, -0.04999999999999975991, 4.899999999999999467 ) ) ;
#1997 = ADVANCED_FACE ( 'NONE', ( #3430 ), #1974, .T. ) ;
#1998 = CARTESIAN_POINT ( 'NONE',  ( 5.718067479445064549, -0.2101825570401346377, 4.850000000000002309 ) ) ;
#1999 = FACE_OUTER_BOUND ( 'NONE', #3590, .T. ) ;
#2000 = ORIENTED_EDGE ( 'NONE', *, *, #319, .T. ) ;
#2001 = EDGE_CURVE ( 'NONE', #4166, #2083, #406, .T. ) ;
#2002 = EDGE_CURVE ( 'NONE', #972, #2817, #3211, .T. ) ;
#2003 = ORIENTED_EDGE ( 'NONE', *, *, #4727, .T. ) ;
#2004 = EDGE_CURVE ( 'NONE', #2155, #3708, #89, .T. ) ;
#2005 = CARTESIAN_POINT ( 'NONE',  ( 6.899999999999998579, -0.2999999999999999889, 5.112500000000000711 ) ) ;
#2006 = CARTESIAN_POINT ( 'NONE',  ( -6.996140634538366321, -0.1916826843490188892, 5.100000000000003197 ) ) ;
#2007 = ORIENTED_EDGE ( 'NONE', *, *, #53, .F. ) ;
#2008 = DIRECTION ( 'NONE',  ( 0.000000000000000000, 0.000000000000000000, 1.000000000000000000 ) ) ;
#2009 = ORIENTED_EDGE ( 'NONE', *, *, #1430, .T. ) ;
#2010 = DIRECTION ( 'NONE',  ( -0.000000000000000000, -0.000000000000000000, -1.000000000000000000 ) ) ;
#2011 = ORIENTED_EDGE ( 'NONE', *, *, #2883, .T. ) ;
#2012 = DIRECTION ( 'NONE',  ( 0.000000000000000000, 0.000000000000000000, 1.000000000000000000 ) ) ;
#2013 = CARTESIAN_POINT ( 'NONE',  ( -7.078948882649807928, -0.1483756555017636258, -5.050000000000020250 ) ) ;
#2014 = CARTESIAN_POINT ( 'NONE',  ( -6.996211726570259692, -0.1915858581630058011, 5.100000000000000533 ) ) ;
#2015 = DIRECTION ( 'NONE',  ( 1.000000000000000000, 0.000000000000000000, 0.000000000000000000 ) ) ;
#2016 = CARTESIAN_POINT ( 'NONE',  ( 5.799999999999999822, -0.2999999999999999889, -5.049999999999998934 ) ) ;
#2017 = DIRECTION ( 'NONE',  ( -0.000000000000000000, -3.469446951953635015E-14, -1.000000000000000000 ) ) ;
#2018 = CARTESIAN_POINT ( 'NONE',  ( 5.799999999999998046, -0.2499999999999999445, 4.849999999999999645 ) ) ;
#2019 = DIRECTION ( 'NONE',  ( 1.000000000000000000, 0.000000000000000000, 0.000000000000000000 ) ) ;
#2020 = ORIENTED_EDGE ( 'NONE', *, *, #1664, .F. ) ;
#2021 = DIRECTION ( 'NONE',  ( 0.000000000000000000, 0.000000000000000000, 1.000000000000000000 ) ) ;
#2022 = CARTESIAN_POINT ( 'NONE',  ( -5.800000000000005151, -0.2999999999999999889, 4.975000000000000533 ) ) ;
#2023 = EDGE_CURVE ( 'NONE', #1162, #1556, #481, .T. ) ;
#2024 = ORIENTED_EDGE ( 'NONE', *, *, #1266, .T. ) ;
#2025 = AXIS2_PLACEMENT_3D ( 'NONE', #4342, #3975, #4287 ) ;
#2026 = CARTESIAN_POINT ( 'NONE',  ( 6.945222399274420866, -0.2391130917404812595, 5.100000000000002309 ) ) ;
#2027 = DIRECTION ( 'NONE',  ( 0.000000000000000000, 0.000000000000000000, 1.000000000000000000 ) ) ;
#2028 = ADVANCED_FACE ( 'NONE', ( #3387 ), #4163, .T. ) ;
#2029 = CIRCLE ( 'NONE', #3276, 0.05000000000000041217 ) ;
#2030 = ADVANCED_FACE ( 'NONE', ( #63 ), #805, .T. ) ;
#2031 = EDGE_LOOP ( 'NONE', ( #2659, #2655, #3794, #2226, #1654, #2110, #1865, #775, #1621, #4643, #1221, #4594, #4460, #466, #1669, #1029 ) ) ;
#2032 = CARTESIAN_POINT ( 'NONE',  ( 5.602259935411590952, -0.04497166249193248339, -4.899999999999998579 ) ) ;
#2033 = ORIENTED_EDGE ( 'NONE', *, *, #4139, .F. ) ;
#2034 = LINE ( 'NONE', #3860, #1518 ) ;
#2035 = CIRCLE ( 'NONE', #4062, 0.04999999999999969746 ) ;
#2036 = EDGE_LOOP ( 'NONE', ( #91, #444, #3813, #2325 ) ) ;
#2037 = LINE ( 'NONE', #2750, #795 ) ;
#2038 = DIRECTION ( 'NONE',  ( -0.1710878697460358755, 0.9702875252478138091, -0.1710878697460358755 ) ) ;
#2039 = CARTESIAN_POINT ( 'NONE',  ( 7.147486580264430067, 0.05000000000000000278, -4.850000000000001421 ) ) ;
#2040 = CARTESIAN_POINT ( 'NONE',  ( -9.050000000000004263, 15.15000000000000036, 5.100000000000000533 ) ) ;
#2041 = CIRCLE ( 'NONE', #4768, 0.04999999999999969746 ) ;
#2042 = CARTESIAN_POINT ( 'NONE',  ( -9.050000000000004263, 15.19999999999999929, 0.000000000000000000 ) ) ;
#2043 = CARTESIAN_POINT ( 'NONE',  ( 7.047641787926630208, -0.03990776926838094513, -5.100000000000000533 ) ) ;
#2044 = VECTOR ( 'NONE', #1231, 1000.000000000000000 ) ;
#2045 = CARTESIAN_POINT ( 'NONE',  ( 5.704077888304669663, -0.1913804194949972615, 4.850000000000002309 ) ) ;
#2046 = CARTESIAN_POINT ( 'NONE',  ( 7.047993548912376838, -0.03994332498388175612, 4.900000000000001243 ) ) ;
#2047 = CARTESIAN_POINT ( 'NONE',  ( -7.650000000000003908, -3.900000000000000355, 3.549999999999999822 ) ) ;
#2048 = DIRECTION ( 'NONE',  ( 1.000000000000000000, 0.000000000000000000, 0.000000000000000000 ) ) ;
#2049 = ORIENTED_EDGE ( 'NONE', *, *, #2137, .F. ) ;
#2050 = AXIS2_PLACEMENT_3D ( 'NONE', #64, #3502, #3140 ) ;
#2051 = CARTESIAN_POINT ( 'NONE',  ( -7.150000000000004796, -3.900000000000000355, -3.549999999999999378 ) ) ;
#2052 = CARTESIAN_POINT ( 'NONE',  ( -7.147486580264436284, -0.04999999999999975991, 4.974999999999999645 ) ) ;
#2053 = ORIENTED_EDGE ( 'NONE', *, *, #4328, .T. ) ;
#2054 = VECTOR ( 'NONE', #2284, 1000.000000000000000 ) ;
#2055 = CARTESIAN_POINT ( 'NONE',  ( 7.147486580264428291, 0.05000000000000000278, 5.050000000000000711 ) ) ;
#2056 = ADVANCED_FACE ( 'NONE', ( #1209 ), #2688, .F. ) ;
#2057 = VERTEX_POINT ( 'NONE', #3408 ) ;
#2058 = LINE ( 'NONE', #2795, #2294 ) ;
#2059 = ORIENTED_EDGE ( 'NONE', *, *, #1547, .F. ) ;
#2060 = LINE ( 'NONE', #2867, #3704 ) ;
#2061 = ADVANCED_FACE ( 'NONE', ( #1145 ), #4115, .F. ) ;
#2062 = ORIENTED_EDGE ( 'NONE', *, *, #2552, .F. ) ;
#2063 = CARTESIAN_POINT ( 'NONE',  ( 0.000000000000000000, -0.2499999999999999445, -4.899999999999999467 ) ) ;
#2064 = DIRECTION ( 'NONE',  ( 0.000000000000000000, -1.000000000000000000, 0.000000000000000000 ) ) ;
#2065 = CARTESIAN_POINT ( 'NONE',  ( 8.850000000000003197, 0.000000000000000000, 4.899999999999999467 ) ) ;
#2066 = DIRECTION ( 'NONE',  ( -1.000000000000000000, 0.000000000000000000, 0.000000000000000000 ) ) ;
#2067 = COLOUR_RGB ( '',0.7921568627450980005, 0.8196078431372548767, 0.9333333333333333481 ) ;
#2068 = CARTESIAN_POINT ( 'NONE',  ( 5.449999999999993072, 0.1000000000000000056, 4.299999999999996270 ) ) ;
#2069 = CARTESIAN_POINT ( 'NONE',  ( 6.938647688268452463, -0.2999989463168719617, -5.100000000000173728 ) ) ;
#2070 = CIRCLE ( 'NONE', #3314, 0.1000000000000002554 ) ;
#2071 = SURFACE_STYLE_FILL_AREA ( #1256 ) ;
#2072 = DIRECTION ( 'NONE',  ( 0.000000000000000000, -0.1736481776669307198, -0.9848077530122080203 ) ) ;
#2073 = CARTESIAN_POINT ( 'NONE',  ( -5.776255598436483396, -0.2499993830452338084, -5.099999999999998757 ) ) ;
#2074 = EDGE_LOOP ( 'NONE', ( #2526, #1230, #2403, #3280 ) ) ;
#2075 = CARTESIAN_POINT ( 'NONE',  ( 8.039999999999995595, -3.900000000000000355, -4.300000000000001599 ) ) ;
#2076 = FACE_OUTER_BOUND ( 'NONE', #4183, .T. ) ;
#2077 = ORIENTED_EDGE ( 'NONE', *, *, #2396, .F. ) ;
#2078 = EDGE_CURVE ( 'NONE', #3853, #2155, #431, .T. ) ;
#2079 = CARTESIAN_POINT ( 'NONE',  ( 6.899999999999998579, -0.3000000000000000444, 4.975000000000000533 ) ) ;
#2080 = PLANE ( 'NONE',  #2586 ) ;
#2081 = ORIENTED_EDGE ( 'NONE', *, *, #230, .T. ) ;
#2082 = DIRECTION ( 'NONE',  ( -0.000000000000000000, -0.000000000000000000, -1.000000000000000000 ) ) ;
#2083 = VERTEX_POINT ( 'NONE', #3802 ) ;
#2084 = CARTESIAN_POINT ( 'NONE',  ( -5.718131882530093080, -0.2102494280712587094, -5.100000000000001421 ) ) ;
#2085 = VERTEX_POINT ( 'NONE', #452 ) ;
#2086 = DIRECTION ( 'NONE',  ( 0.9848077530122080203, -0.1736481776669307198, 0.000000000000000000 ) ) ;
#2087 = LINE ( 'NONE', #2364, #2816 ) ;
#2088 = CYLINDRICAL_SURFACE ( 'NONE', #738, 0.04999999999999969746 ) ;
#2089 = EDGE_CURVE ( 'NONE', #4316, #4665, #3416, .T. ) ;
#2090 = DIRECTION ( 'NONE',  ( 1.000000000000000000, 0.000000000000000000, 0.000000000000000000 ) ) ;
#2091 = ADVANCED_FACE ( 'NONE', ( #3066 ), #2293, .T. ) ;
#2092 = DIRECTION ( 'NONE',  ( -0.1710878697460358755, 0.9702875252478138091, -0.1710878697460358755 ) ) ;
#2093 = CARTESIAN_POINT ( 'NONE',  ( 5.718602811621352089, -0.2097064609223761311, 4.850000000000002309 ) ) ;
#2094 = PLANE ( 'NONE',  #3199 ) ;
#2095 = DIRECTION ( 'NONE',  ( 0.000000000000000000, 0.000000000000000000, 1.000000000000000000 ) ) ;
#2096 = ADVANCED_FACE ( 'NONE', ( #3336 ), #2909, .T. ) ;
#2097 = VERTEX_POINT ( 'NONE', #2685 ) ;
#2098 = DIRECTION ( 'NONE',  ( 1.000000000000000000, 0.000000000000000000, 0.000000000000000000 ) ) ;
#2099 = DIRECTION ( 'NONE',  ( 1.734723475976817507E-14, 0.000000000000000000, -1.000000000000000000 ) ) ;
#2100 = VERTEX_POINT ( 'NONE', #2248 ) ;
#2101 = DIRECTION ( 'NONE',  ( 0.000000000000000000, 0.000000000000000000, -1.000000000000000000 ) ) ;
#2102 = CARTESIAN_POINT ( 'NONE',  ( -7.097740064588410114, -0.04497166249194799875, -4.899999999999999467 ) ) ;
#2103 = DIRECTION ( 'NONE',  ( 0.000000000000000000, 1.000000000000000000, 0.000000000000000000 ) ) ;
#2104 = ORIENTED_EDGE ( 'NONE', *, *, #1128, .T. ) ;
#2105 = CARTESIAN_POINT ( 'NONE',  ( 5.680214192855162381, -0.2438471263512843046, -4.899999999999990585 ) ) ;
#2106 = CIRCLE ( 'NONE', #2025, 0.04999999999999983624 ) ;
#2107 = ORIENTED_EDGE ( 'NONE', *, *, #1542, .T. ) ;
#2108 = B_SPLINE_CURVE_WITH_KNOTS ( 'NONE', 3,
 ( #4558, #1475, #3426, #4506, #3779, #4828, #1206, #3798 ),
 .UNSPECIFIED., .F., .F.,
 ( 4, 2, 2, 4 ),
 ( 0.000000000000000000, 0.0001390072422777377135, 0.0002085108634166065703, 0.0002780144845554754270 ),
 .UNSPECIFIED. ) ;
#2109 = LINE ( 'NONE', #984, #973 ) ;
#2110 = ORIENTED_EDGE ( 'NONE', *, *, #3, .T. ) ;
#2111 = AXIS2_PLACEMENT_3D ( 'NONE', #4755, #2544, #4020 ) ;
#2112 = CARTESIAN_POINT ( 'NONE',  ( 6.899999999999998579, -0.2999999999999999889, -4.899999999999997691 ) ) ;
#2113 = CARTESIAN_POINT ( 'NONE',  ( -9.050000000000004263, 15.19999999999999929, -5.099999999999998757 ) ) ;
#2114 = DIRECTION ( 'NONE',  ( 0.000000000000000000, 0.000000000000000000, 1.000000000000000000 ) ) ;
#2115 = CARTESIAN_POINT ( 'NONE',  ( -9.100000000000003197, 15.15000000000000036, -5.049999999999997158 ) ) ;
#2116 = AXIS2_PLACEMENT_3D ( 'NONE', #3742, #3992, #371 ) ;
#2117 = DIRECTION ( 'NONE',  ( 0.000000000000000000, 1.000000000000000000, 0.000000000000000000 ) ) ;
#2118 = DIRECTION ( 'NONE',  ( 0.000000000000000000, 1.000000000000000000, 0.000000000000000000 ) ) ;
#2119 = EDGE_CURVE ( 'NONE', #1061, #2576, #2108, .T. ) ;
#2120 = DIRECTION ( 'NONE',  ( 0.000000000000000000, 0.000000000000000000, 1.000000000000000000 ) ) ;
#2121 = AXIS2_PLACEMENT_3D ( 'NONE', #3522, #4670, #3494 ) ;
#2122 = DIRECTION ( 'NONE',  ( 0.1005667501610414821, -0.9949303135205233017, 0.000000000000000000 ) ) ;
#2123 = DIRECTION ( 'NONE',  ( -1.000000000000000000, 0.000000000000000000, 0.000000000000000000 ) ) ;
#2124 = ORIENTED_EDGE ( 'NONE', *, *, #4201, .T. ) ;
#2125 = CARTESIAN_POINT ( 'NONE',  ( 7.099999999999997868, -0.3000000000000006550, -5.020833333333333925 ) ) ;
#2126 = AXIS2_PLACEMENT_3D ( 'NONE', #3403, #1301, #3450 ) ;
#2127 = EDGE_CURVE ( 'NONE', #457, #4520, #2566, .T. ) ;
#2128 = DIRECTION ( 'NONE',  ( -1.000000000000000000, 0.000000000000000000, -8.673617379884027583E-16 ) ) ;
#2129 = CARTESIAN_POINT ( 'NONE',  ( 7.147486580264428291, 0.000000000000000000, 4.850000000000001421 ) ) ;
#2130 = ORIENTED_EDGE ( 'NONE', *, *, #53, .T. ) ;
#2131 = CARTESIAN_POINT ( 'NONE',  ( 5.652006451087618899, -0.03994332498388168673, 5.050000000000000711 ) ) ;
#2132 = CARTESIAN_POINT ( 'NONE',  ( 6.995922111695358048, -0.1913804194949788873, 5.099999999999997868 ) ) ;
#2133 = CARTESIAN_POINT ( 'NONE',  ( 5.552513419735568334, -0.05000000000000034972, -4.974999999999999645 ) ) ;
#2134 = ORIENTED_EDGE ( 'NONE', *, *, #473, .F. ) ;
#2135 = CARTESIAN_POINT ( 'NONE',  ( -7.047993548912383055, -0.03994332498389530084, 4.850000000000002309 ) ) ;
#2136 = CIRCLE ( 'NONE', #4465, 0.04999999999999969746 ) ;
#2137 = EDGE_CURVE ( 'NONE', #4127, #4166, #4182, .T. ) ;
#2138 = CARTESIAN_POINT ( 'NONE',  ( -7.100000000000003197, 0.000000000000000000, -4.837500000000001243 ) ) ;
#2139 = CIRCLE ( 'NONE', #488, 0.04999999999999969746 ) ;
#2140 = CARTESIAN_POINT ( 'NONE',  ( 5.299999999999998046, 15.19999999999999929, -1.000000000000000666 ) ) ;
#2141 =( NAMED_UNIT ( * ) SI_UNIT ( $, .STERADIAN. ) SOLID_ANGLE_UNIT ( ) );
#2142 = LINE ( 'NONE', #4798, #948 ) ;
#2143 = CARTESIAN_POINT ( 'NONE',  ( -5.800000000000003375, -0.2999999999999999889, 4.850000000000000533 ) ) ;
#2144 = ORIENTED_EDGE ( 'NONE', *, *, #4049, .F. ) ;
#2145 = AXIS2_PLACEMENT_3D ( 'NONE', #2228, #129, #3712 ) ;
#2146 = CARTESIAN_POINT ( 'NONE',  ( 6.995632496820445745, -0.1911749808269716244, -5.099999999999998757 ) ) ;
#2147 = CARTESIAN_POINT ( 'NONE',  ( -6.923639019412640039, -0.2496458327427822366, -4.850000000000002309 ) ) ;
#2148 = CARTESIAN_POINT ( 'NONE',  ( -7.071962006815217805, -0.2999999999999999334, 5.049999999999998934 ) ) ;
#2149 = CARTESIAN_POINT ( 'NONE',  ( 5.799999999999997158, -0.2999999999999999889, 5.020833333333328596 ) ) ;
#2150 = CARTESIAN_POINT ( 'NONE',  ( -5.621050815842383308, -0.1483758298185382518, -5.099999999999935696 ) ) ;
#2151 = ORIENTED_EDGE ( 'NONE', *, *, #362, .F. ) ;
#2152 = TOROIDAL_SURFACE ( 'NONE', #1752, 0.1000000000000000056, 0.05000000000000000278 ) ;
#2153 = DIRECTION ( 'NONE',  ( 1.000000000000000000, -0.000000000000000000, -0.000000000000000000 ) ) ;
#2154 = AXIS2_PLACEMENT_3D ( 'NONE', #3100, #2815, #1265 ) ;
#2155 = VERTEX_POINT ( 'NONE', #3385 ) ;
#2156 = EDGE_CURVE ( 'NONE', #2155, #1791, #2340, .T. ) ;
#2157 = ADVANCED_FACE ( 'NONE', ( #3729 ), #1771, .T. ) ;
#2158 = DIRECTION ( 'NONE',  ( -1.000000000000000000, 2.710505431213777651E-15, 0.000000000000000000 ) ) ;
#2159 = CARTESIAN_POINT ( 'NONE',  ( 7.097740064588403897, -0.04497166249194775589, -5.050000000000000711 ) ) ;
#2160 = DIRECTION ( 'NONE',  ( 0.1736481776669307198, -0.9848077530122080203, 0.000000000000000000 ) ) ;
#2161 = VERTEX_POINT ( 'NONE', #1961 ) ;
#2162 = ADVANCED_FACE ( 'NONE', ( #3838 ), #4461, .T. ) ;
#2163 = CARTESIAN_POINT ( 'NONE',  ( -6.923533637261719775, -0.2492922824403219773, 4.850000000000001421 ) ) ;
#2164 = DIRECTION ( 'NONE',  ( 1.000000000000000000, -2.642742795433410353E-15, 0.000000000000000000 ) ) ;
#2165 = CARTESIAN_POINT ( 'NONE',  ( 6.981664854466786529, -0.2099445089812541909, -4.850000000000001421 ) ) ;
#2166 = SURFACE_STYLE_USAGE ( .BOTH. , #1009 ) ;
#2167 = CARTESIAN_POINT ( 'NONE',  ( -5.552513419735570999, -0.04999999999999985012, -5.049999999999998934 ) ) ;
#2168 = CARTESIAN_POINT ( 'NONE',  ( -5.754599228827467883, -0.2394237240209597939, 4.850000000000002309 ) ) ;
#2169 = VERTEX_POINT ( 'NONE', #613 ) ;
#2170 = CYLINDRICAL_SURFACE ( 'NONE', #2898, 1.000000000000000666 ) ;
#2171 = CARTESIAN_POINT ( 'NONE',  ( -9.100000000000003197, 0.04999999999999969746, 5.100000000000000533 ) ) ;
#2172 = CARTESIAN_POINT ( 'NONE',  ( -5.600000000000002309, 0.000000000000000000, -5.020833333333328596 ) ) ;
#2173 = CARTESIAN_POINT ( 'NONE',  ( -9.100000000000003197, 15.15000000000000036, 5.050000000000000711 ) ) ;
#2174 = ORIENTED_EDGE ( 'NONE', *, *, #4743, .T. ) ;
#2175 = CARTESIAN_POINT ( 'NONE',  ( 5.621050815842376203, -0.1483758298185759994, -5.099999999999998757 ) ) ;
#2176 = ORIENTED_EDGE ( 'NONE', *, *, #2786, .F. ) ;
#2177 = DIRECTION ( 'NONE',  ( 0.000000000000000000, 0.000000000000000000, 1.000000000000000000 ) ) ;
#2178 = CARTESIAN_POINT ( 'NONE',  ( 7.031005835439360752, -0.1314047628513191068, 5.099999999999997868 ) ) ;
#2179 = CARTESIAN_POINT ( 'NONE',  ( 6.899999999999996803, -0.3000000000000000444, 4.850000000000000533 ) ) ;
#2180 = EDGE_CURVE ( 'NONE', #2908, #3202, #4398, .T. ) ;
#2181 = EDGE_LOOP ( 'NONE', ( #909, #1818, #1579, #484 ) ) ;
#2182 = CARTESIAN_POINT ( 'NONE',  ( -6.938647371985751988, -0.2999999999999999889, 4.900000000000020783 ) ) ;
#2183 = DIRECTION ( 'NONE',  ( 0.000000000000000000, 0.000000000000000000, -1.000000000000000000 ) ) ;
#2184 = CARTESIAN_POINT ( 'NONE',  ( 7.078949184157552921, -0.1483758298185566538, -4.850000000000102673 ) ) ;
#2185 = ADVANCED_FACE ( 'NONE', ( #4708 ), #2277, .T. ) ;
#2186 = CARTESIAN_POINT ( 'NONE',  ( 8.099999999999997868, 15.10000000000000142, 3.349999999999999645 ) ) ;
#2187 = LINE ( 'NONE', #4034, #726 ) ;
#2188 = CARTESIAN_POINT ( 'NONE',  ( -5.652358212073371746, -0.03990776926838116717, 4.850000000000001421 ) ) ;
#2189 = ORIENTED_EDGE ( 'NONE', *, *, #1186, .F. ) ;
#2190 = VECTOR ( 'NONE', #4255, 1000.000000000000000 ) ;
#2191 = ADVANCED_FACE ( 'NONE', ( #736 ), #1965, .T. ) ;
#2192 = CARTESIAN_POINT ( 'NONE',  ( -6.900000000000003020, -0.2496464466094066581, -4.850000000000001421 ) ) ;
#2193 = LINE ( 'NONE', #4385, #390 ) ;
#2194 = CARTESIAN_POINT ( 'NONE',  ( -5.652006451087623340, -0.03994332498388147162, 5.100000000000000533 ) ) ;
#2195 = VECTOR ( 'NONE', #4805, 1000.000000000000000 ) ;
#2196 = ORIENTED_EDGE ( 'NONE', *, *, #443, .F. ) ;
#2197 = AXIS2_PLACEMENT_3D ( 'NONE', #2902, #1134, #2120 ) ;
#2198 = CARTESIAN_POINT ( 'NONE',  ( 5.652006451087616234, -0.03994332498388164510, 5.100000000000000533 ) ) ;
#2199 = CARTESIAN_POINT ( 'NONE',  ( 0.000000000000000000, -0.2499999999999999445, 5.050000000000000711 ) ) ;
#2200 = VERTEX_POINT ( 'NONE', #411 ) ;
#2201 = VECTOR ( 'NONE', #250, 1000.000000000000000 ) ;
#2202 = LINE ( 'NONE', #2476, #3382 ) ;
#2203 = CIRCLE ( 'NONE', #3366, 1.000000000000000666 ) ;
#2204 = CARTESIAN_POINT ( 'NONE',  ( 6.938647371985737777, -0.3000000000000000444, 4.899999999999999467 ) ) ;
#2205 = EDGE_LOOP ( 'NONE', ( #2668, #3579, #2262, #1290 ) ) ;
#2206 = CARTESIAN_POINT ( 'NONE',  ( 5.149999999999993250, -3.900000000000000355, 3.299999999999997158 ) ) ;
#2207 = VECTOR ( 'NONE', #2123, 1000.000000000000000 ) ;
#2208 = EDGE_CURVE ( 'NONE', #3060, #4711, #690, .T. ) ;
#2209 = CARTESIAN_POINT ( 'NONE',  ( 5.299999999999998046, 15.10000000000000142, -1.000000000000000666 ) ) ;
#2210 = DIRECTION ( 'NONE',  ( 0.000000000000000000, 0.000000000000000000, -1.000000000000000000 ) ) ;
#2211 = AXIS2_PLACEMENT_3D ( 'NONE', #2723, #97, #3836 ) ;
#2212 = DIRECTION ( 'NONE',  ( 0.000000000000000000, 0.000000000000000000, 1.000000000000000000 ) ) ;
#2213 = DIRECTION ( 'NONE',  ( -1.000000000000000000, 0.000000000000000000, 0.000000000000000000 ) ) ;
#2214 = CARTESIAN_POINT ( 'NONE',  ( -5.668994164560617222, -0.1314047628512991783, 4.850000000000001421 ) ) ;
#2215 = EDGE_LOOP ( 'NONE', ( #1962, #2375, #3328, #3370 ) ) ;
#2216 = EDGE_CURVE ( 'NONE', #2993, #105, #1484, .T. ) ;
#2217 = EDGE_CURVE ( 'NONE', #1393, #1901, #3440, .T. ) ;
#2218 = SURFACE_SIDE_STYLE ('',( #2541 ) ) ;
#2219 = VECTOR ( 'NONE', #1916, 1000.000000000000000 ) ;
#2220 = DIRECTION ( 'NONE',  ( -3.469446951953635015E-14, -0.000000000000000000, -1.000000000000000000 ) ) ;
#2221 = CARTESIAN_POINT ( 'NONE',  ( 5.599999999999996980, 0.000000000000000000, 4.837499999999999467 ) ) ;
#2222 = CARTESIAN_POINT ( 'NONE',  ( 8.039999999999995595, -3.900000000000000355, -4.300000000000001599 ) ) ;
#2223 = MECHANICAL_DESIGN_GEOMETRIC_PRESENTATION_REPRESENTATION (  '', ( #3695 ), #4709 ) ;
#2224 = EDGE_LOOP ( 'NONE', ( #3443, #2771, #607, #3799 ) ) ;
#2225 = CARTESIAN_POINT ( 'NONE',  ( 5.669672185900379802, -0.1311647557205745385, -5.099999999999998757 ) ) ;
#2226 = ORIENTED_EDGE ( 'NONE', *, *, #4237, .F. ) ;
#2227 = AXIS2_PLACEMENT_3D ( 'NONE', #4177, #1566, #4156 ) ;
#2228 = CARTESIAN_POINT ( 'NONE',  ( -7.650000000000003908, -3.900000000000000355, 3.549999999999999822 ) ) ;
#2229 = VECTOR ( 'NONE', #2450, 1000.000000000000000 ) ;
#2230 = FACE_OUTER_BOUND ( 'NONE', #489, .T. ) ;
#2231 = B_SPLINE_CURVE_WITH_KNOTS ( 'NONE', 3,
 ( #2427, #4295, #2457, #3931, #216, #1704, #671, #4051 ),
 .UNSPECIFIED., .F., .F.,
 ( 4, 2, 2, 4 ),
 ( 0.000000000000000000, 6.947132448068303124E-05, 0.0001389426489613660625, 0.0002778852979227321249 ),
 .UNSPECIFIED. ) ;
#2232 = VERTEX_POINT ( 'NONE', #2455 ) ;
#2233 = CARTESIAN_POINT ( 'NONE',  ( -6.981664854466802517, -0.2099445089812500831, 4.850000000000002309 ) ) ;
#2234 = CARTESIAN_POINT ( 'NONE',  ( 0.000000000000000000, 0.000000000000000000, 0.000000000000000000 ) ) ;
#2235 = LINE ( 'NONE', #4473, #1250 ) ;
#2236 = CARTESIAN_POINT ( 'NONE',  ( 8.039999999999995595, -3.900000000000000355, -3.300000000000000711 ) ) ;
#2237 = CARTESIAN_POINT ( 'NONE',  ( 5.799999999999998934, -0.2500000000000001110, -5.099999999999998757 ) ) ;
#2238 = CARTESIAN_POINT ( 'NONE',  ( -5.607498711060683760, -0.09680009177562504119, 4.899999999999799627 ) ) ;
#2239 = ORIENTED_EDGE ( 'NONE', *, *, #2002, .F. ) ;
#2240 = CARTESIAN_POINT ( 'NONE',  ( 5.703859365461642739, -0.1916826843490256893, 4.850000000000001421 ) ) ;
#2241 = VERTEX_POINT ( 'NONE', #4536 ) ;
#2242 = DIRECTION ( 'NONE',  ( 0.000000000000000000, 0.000000000000000000, 1.000000000000000000 ) ) ;
#2243 = EDGE_CURVE ( 'NONE', #1791, #2431, #3518, .T. ) ;
#2244 = EDGE_CURVE ( 'NONE', #2874, #3774, #872, .T. ) ;
#2245 = VERTEX_POINT ( 'NONE', #3803 ) ;
#2246 = CARTESIAN_POINT ( 'NONE',  ( 5.799999999999998934, -0.2999999999999999889, -5.020833333333328596 ) ) ;
#2247 = ORIENTED_EDGE ( 'NONE', *, *, #1761, .T. ) ;
#2248 = CARTESIAN_POINT ( 'NONE',  ( 7.951836509645761275, -4.400000000000000355, -4.211836509645769056 ) ) ;
#2249 = ORIENTED_EDGE ( 'NONE', *, *, #1937, .T. ) ;
#2250 = DIRECTION ( 'NONE',  ( -1.000000000000000000, 0.000000000000000000, 0.000000000000000000 ) ) ;
#2251 = EDGE_CURVE ( 'NONE', #4639, #307, #1948, .T. ) ;
#2252 =( BOUNDED_SURFACE ( )  B_SPLINE_SURFACE ( 3, 2, ( 
 ( #3350, #4518, #3012, #2790, #4103 ),
 ( #816, #1891, #4548, #4266, #3772 ),
 ( #1494, #71, #528, #4495, #792 ),
 ( #34, #1153, #2418, #3810, #2991 ),
 ( #1135, #1173, #1540, #2309, #1562 ),
 ( #4637, #2633, #440, #1933, #3415 ),
 ( #771, #3744, #394, #3057, #3378 ),
 ( #1199, #2703, #1523, #4125, #4174 ) ),
 .UNSPECIFIED., .F., .F., .F. ) 
 B_SPLINE_SURFACE_WITH_KNOTS ( ( 4, 2, 2, 4 ),
 ( 3, 2, 3 ),
 ( 0.000000000000000000, 6.954209021615311687E-05, 0.0001390841804323062337, 0.0002781683608646124675 ),
 ( 0.000000000000000000, 1.000000000000000000, 1.010000000000000009 ),
 .UNSPECIFIED. ) 
 GEOMETRIC_REPRESENTATION_ITEM ( )  RATIONAL_B_SPLINE_SURFACE ( (
 ( 1.000000000000000000, 0.7071067811865475727, 1.000000000000000000, 1.000000000000000000, 1.000000000000000000),
 ( 1.000000000000000000, 0.7071067811865475727, 1.000000000000000000, 1.000000000000000000, 1.000000000000000000),
 ( 1.000000000000000000, 0.7071067811865536790, 1.000000000000000000, 1.000000000000000000, 1.000000000000000000),
 ( 1.000000000000000000, 0.7071067811865536790, 1.000000000000000000, 1.000000000000000000, 1.000000000000000000),
 ( 1.000000000000000000, 0.7071067811865475727, 1.000000000000000000, 1.000000000000000000, 1.000000000000000000),
 ( 1.000000000000000000, 0.7071067811865475727, 1.000000000000000000, 1.000000000000000000, 1.000000000000000000),
 ( 1.000000000000000000, 0.7071067811865414665, 1.000000000000000000, 1.000000000000000000, 1.000000000000000000),
 ( 1.000000000000000000, 0.7071067811865414665, 1.000000000000000000, 1.000000000000000000, 1.000000000000000000) ) ) 
 REPRESENTATION_ITEM ( '' )  SURFACE ( )  );
#2253 = CARTESIAN_POINT ( 'NONE',  ( 5.680213778241005151, -0.2438476363764912891, -5.100000000000000533 ) ) ;
#2254 = ORIENTED_EDGE ( 'NONE', *, *, #2522, .F. ) ;
#2255 = ORIENTED_EDGE ( 'NONE', *, *, #1975, .F. ) ;
#2256 = DIRECTION ( 'NONE',  ( 0.000000000000000000, -1.000000000000000000, 0.000000000000000000 ) ) ;
#2257 = CARTESIAN_POINT ( 'NONE',  ( -7.043319074543480163, -0.08618899009658581578, -5.099999999999998757 ) ) ;
#2258 = DIRECTION ( 'NONE',  ( -0.000000000000000000, -1.000000000000000000, -0.000000000000000000 ) ) ;
#2259 = CARTESIAN_POINT ( 'NONE',  ( -5.799999999999999822, -0.2499999999999999445, 5.100000000000000533 ) ) ;
#2260 = CARTESIAN_POINT ( 'NONE',  ( -9.100000000000003197, 0.04999999999999969746, 5.050000000000000711 ) ) ;
#2261 = FACE_OUTER_BOUND ( 'NONE', #537, .T. ) ;
#2262 = ORIENTED_EDGE ( 'NONE', *, *, #4686, .T. ) ;
#2263 = CARTESIAN_POINT ( 'NONE',  ( 9.099999999999997868, 15.19999999999999929, 5.050000000000000711 ) ) ;
#2264 = CARTESIAN_POINT ( 'NONE',  ( 6.996140634538412506, -0.1916826843489419785, 4.850000000000002309 ) ) ;
#2265 = CARTESIAN_POINT ( 'NONE',  ( -6.900000000000004796, -0.2499999999999999445, -5.099999999999998757 ) ) ;
#2266 = FACE_OUTER_BOUND ( 'NONE', #976, .T. ) ;
#2267 = ORIENTED_EDGE ( 'NONE', *, *, #2216, .T. ) ;
#2268 = CARTESIAN_POINT ( 'NONE',  ( -5.776360980587382343, -0.2496458327427750201, 5.100000000000000533 ) ) ;
#2269 = AXIS2_PLACEMENT_3D ( 'NONE', #2811, #158, #605 ) ;
#2270 = ORIENTED_EDGE ( 'NONE', *, *, #4831, .F. ) ;
#2271 = LINE ( 'NONE', #3781, #2827 ) ;
#2272 = FACE_OUTER_BOUND ( 'NONE', #3546, .T. ) ;
#2273 = VERTEX_POINT ( 'NONE', #3143 ) ;
#2274 = AXIS2_PLACEMENT_3D ( 'NONE', #533, #1932, #3396 ) ;
#2275 = EDGE_CURVE ( 'NONE', #1386, #4420, #116, .T. ) ;
#2276 = APPLICATION_PROTOCOL_DEFINITION ( 'draft international standard', 'automotive_design', 1998, #3682 ) ;
#2277 =( BOUNDED_SURFACE ( )  B_SPLINE_SURFACE ( 2, 3, ( 
 ( #2860, #3243, #3973, #1827 ),
 ( #4066, #2125, #1092, #2567 ),
 ( #1799, #4390, #1024, #2592 ) ),
 .UNSPECIFIED., .F., .F., .F. ) 
 B_SPLINE_SURFACE_WITH_KNOTS ( ( 3, 3 ),
 ( 4, 4 ),
 ( 0.000000000000000000, 1.000000000000000000 ),
 ( -0.005112499999999998990, -0.004837499999999999786 ),
 .UNSPECIFIED. ) 
 GEOMETRIC_REPRESENTATION_ITEM ( )  RATIONAL_B_SPLINE_SURFACE ( (
 ( 1.000000000000000000, 1.000000000000000000, 1.000000000000000000, 1.000000000000000000),
 ( 0.7071067811865465735, 0.7071067811865465735, 0.7071067811865465735, 0.7071067811865465735),
 ( 1.000000000000000000, 1.000000000000000000, 1.000000000000000000, 1.000000000000000000) ) ) 
 REPRESENTATION_ITEM ( '' )  SURFACE ( )  );
#2278 = CARTESIAN_POINT ( 'NONE',  ( 7.092501351874768822, -0.09679998966229444446, 4.849999999999799805 ) ) ;
#2279 = AXIS2_PLACEMENT_3D ( 'NONE', #4276, #4649, #4300 ) ;
#2280 = ORIENTED_EDGE ( 'NONE', *, *, #3815, .T. ) ;
#2281 = DIRECTION ( 'NONE',  ( -0.000000000000000000, -0.000000000000000000, -1.000000000000000000 ) ) ;
#2282 = CARTESIAN_POINT ( 'NONE',  ( 5.652006451087618011, -0.03994332498388182551, -5.099999999999998757 ) ) ;
#2283 = CARTESIAN_POINT ( 'NONE',  ( -9.050000000000004263, 0.04999999999999969746, 5.100000000000000533 ) ) ;
#2284 = DIRECTION ( 'NONE',  ( 0.000000000000000000, 0.000000000000000000, -1.000000000000000000 ) ) ;
#2285 = AXIS2_PLACEMENT_3D ( 'NONE', #4142, #2762, #2394 ) ;
#2286 = ORIENTED_EDGE ( 'NONE', *, *, #292, .F. ) ;
#2287 = PRESENTATION_STYLE_ASSIGNMENT (( #1939 ) ) ;
#2288 = ORIENTED_EDGE ( 'NONE', *, *, #1693, .F. ) ;
#2289 = AXIS2_PLACEMENT_3D ( 'NONE', #1790, #1495, #2967 ) ;
#2290 = DIRECTION ( 'NONE',  ( 0.000000000000000000, 0.000000000000000000, 1.000000000000000000 ) ) ;
#2291 = CARTESIAN_POINT ( 'NONE',  ( -7.150000000000004796, -4.400000000000000355, 3.961836509645767279 ) ) ;
#2292 = ORIENTED_EDGE ( 'NONE', *, *, #3186, .T. ) ;
#2293 = CYLINDRICAL_SURFACE ( 'NONE', #3833, 0.04999999999999969746 ) ;
#2294 = VECTOR ( 'NONE', #3541, 1000.000000000000000 ) ;
#2295 = VERTEX_POINT ( 'NONE', #4132 ) ;
#2296 = EDGE_CURVE ( 'NONE', #1269, #3081, #4773, .T. ) ;
#2297 = DIRECTION ( 'NONE',  ( -1.000000000000000000, 0.000000000000000000, 0.000000000000000000 ) ) ;
#2298 = AXIS2_PLACEMENT_3D ( 'NONE', #4037, #4776, #3330 ) ;
#2299 = CARTESIAN_POINT ( 'NONE',  ( 5.602259935411592728, -0.04497166249194812365, 4.900000000000000355 ) ) ;
#2300 = ORIENTED_EDGE ( 'NONE', *, *, #3394, .F. ) ;
#2301 = CARTESIAN_POINT ( 'NONE',  ( 5.238163490354225793, -4.400000000000000355, 3.388163490354228813 ) ) ;
#2302 = EDGE_CURVE ( 'NONE', #144, #2384, #400, .T. ) ;
#2303 = EDGE_LOOP ( 'NONE', ( #1942, #4567, #3265, #4648 ) ) ;
#2304 = EDGE_CURVE ( 'NONE', #3488, #24, #81, .T. ) ;
#2305 =( BOUNDED_CURVE ( )  B_SPLINE_CURVE ( 2, ( #1522, #2148, #3630 ),
 .UNSPECIFIED., .F., .F. ) 
 B_SPLINE_CURVE_WITH_KNOTS ( ( 3, 3 ),
 ( 0.000000000000000000, 1.000000000000000000 ),
 .UNSPECIFIED. ) 
 CURVE ( )  GEOMETRIC_REPRESENTATION_ITEM ( )  RATIONAL_B_SPLINE_CURVE ( ( 1.000000000000000000, 0.7373842891637747421, 0.9457047908995577234 ) ) 
 REPRESENTATION_ITEM ( '' )  );
#2306 = AXIS2_PLACEMENT_3D ( 'NONE', #4544, #67, #3740 ) ;
#2307 = CARTESIAN_POINT ( 'NONE',  ( -7.150000000000004796, -3.900000000000000355, -3.549999999999999378 ) ) ;
#2308 = CARTESIAN_POINT ( 'NONE',  ( 5.149999999999993250, -3.900000000000000355, 3.299999999999997158 ) ) ;
#2309 = CARTESIAN_POINT ( 'NONE',  ( -5.704077888304644794, -0.1913804194949901283, -4.850000000000001421 ) ) ;
#2310 = CARTESIAN_POINT ( 'NONE',  ( 5.754777600725576647, -0.2391130917404752643, -4.850000000000002309 ) ) ;
#2311 = EDGE_LOOP ( 'NONE', ( #3169, #3117, #4542, #510 ) ) ;
#2312 = DIRECTION ( 'NONE',  ( 0.000000000000000000, 0.000000000000000000, 1.000000000000000000 ) ) ;
#2313 = ORIENTED_EDGE ( 'NONE', *, *, #2023, .F. ) ;
#2314 = DIRECTION ( 'NONE',  ( -1.000000000000000000, 0.000000000000000000, 0.000000000000000000 ) ) ;
#2315 = CARTESIAN_POINT ( 'NONE',  ( -6.923744401563532769, -0.2499993830452311994, -5.099999999999998757 ) ) ;
#2316 = DIRECTION ( 'NONE',  ( 0.9848077530122080203, -0.1736481776669307198, 0.000000000000000000 ) ) ;
#2317 = ORIENTED_EDGE ( 'NONE', *, *, #3315, .F. ) ;
#2318 = ORIENTED_EDGE ( 'NONE', *, *, #2296, .F. ) ;
#2319 = LINE ( 'NONE', #1227, #30 ) ;
#2320 = DIRECTION ( 'NONE',  ( 1.000000000000000000, 0.000000000000000000, 0.000000000000000000 ) ) ;
#2321 = CARTESIAN_POINT ( 'NONE',  ( 9.049999999999997158, 15.15000000000000036, 5.100000000000000533 ) ) ;
#2322 = ORIENTED_EDGE ( 'NONE', *, *, #2078, .F. ) ;
#2323 = CARTESIAN_POINT ( 'NONE',  ( 7.078948882649782171, -0.1483756555017951007, 4.899999999999998579 ) ) ;
#2324 = CARTESIAN_POINT ( 'NONE',  ( 5.552513419735568334, -0.05000000000000034972, -5.099999999999998757 ) ) ;
#2325 = ORIENTED_EDGE ( 'NONE', *, *, #3369, .T. ) ;
#2326 = EDGE_CURVE ( 'NONE', #3686, #2572, #1815, .T. ) ;
#2327 = CARTESIAN_POINT ( 'NONE',  ( 7.147486580264428291, -0.04999999999999996808, 4.899999999999999467 ) ) ;
#2328 = EDGE_CURVE ( 'NONE', #4835, #422, #2646, .T. ) ;
#2329 = CARTESIAN_POINT ( 'NONE',  ( -9.100000000000003197, 0.04999999999999969746, -5.099999999999998757 ) ) ;
#2330 = LINE ( 'NONE', #4173, #316 ) ;
#2331 = DIRECTION ( 'NONE',  ( 0.000000000000000000, 0.000000000000000000, 1.000000000000000000 ) ) ;
#2332 = ORIENTED_EDGE ( 'NONE', *, *, #3535, .F. ) ;
#2333 = CARTESIAN_POINT ( 'NONE',  ( 5.754599228827425250, -0.2394237240209384776, -4.850000000000002309 ) ) ;
#2334 = VERTEX_POINT ( 'NONE', #3304 ) ;
#2335 = LINE ( 'NONE', #819, #3465 ) ;
#2336 = EDGE_CURVE ( 'NONE', #2708, #2097, #585, .T. ) ;
#2337 = CARTESIAN_POINT ( 'NONE',  ( -7.150000000000004796, -3.900000000000000355, 4.049999999999999822 ) ) ;
#2338 = CARTESIAN_POINT ( 'NONE',  ( 7.639999999999996128, -3.900000000000000355, -4.300000000000001599 ) ) ;
#2339 = ORIENTED_EDGE ( 'NONE', *, *, #2461, .F. ) ;
#2340 = LINE ( 'NONE', #760, #2745 ) ;
#2341 = ORIENTED_EDGE ( 'NONE', *, *, #4584, .T. ) ;
#2342 = LINE ( 'NONE', #4560, #4790 ) ;
#2343 = DIRECTION ( 'NONE',  ( 0.000000000000000000, 0.000000000000000000, -1.000000000000000000 ) ) ;
#2344 = FACE_OUTER_BOUND ( 'NONE', #1271, .T. ) ;
#2345 = CIRCLE ( 'NONE', #2421, 0.04999999999999969746 ) ;
#2346 = EDGE_LOOP ( 'NONE', ( #4782, #780, #2317 ) ) ;
#2347 = EDGE_CURVE ( 'NONE', #293, #2998, #2142, .T. ) ;
#2348 =( BOUNDED_SURFACE ( )  B_SPLINE_SURFACE ( 3, 2, ( 
 ( #934, #3568, #3134, #4624, #3183 ),
 ( #2850, #149, #4598, #4332, #4253 ),
 ( #912, #4651, #200, #1685, #990 ),
 ( #619, #3496, #1248, #4227, #1300 ),
 ( #2386, #3864, #2014, #2801, #2863 ),
 ( #1366, #1456, #1757, #343, #4417 ),
 ( #2500, #2937, #312, #2551, #4791 ),
 ( #4345, #711, #4003, #3977, #2912 ) ),
 .UNSPECIFIED., .F., .F., .F. ) 
 B_SPLINE_SURFACE_WITH_KNOTS ( ( 4, 2, 2, 4 ),
 ( 3, 2, 3 ),
 ( 0.000000000000000000, 6.954209021615702000E-05, 0.0001390841804323140400, 0.0002781683608646280800 ),
 ( -0.01000000000000000021, 0.000000000000000000, 1.000000000000000000 ),
 .UNSPECIFIED. ) 
 GEOMETRIC_REPRESENTATION_ITEM ( )  RATIONAL_B_SPLINE_SURFACE ( (
 ( 1.000000000000000000, 1.000000000000000000, 1.000000000000000000, 0.7071067811865475727, 1.000000000000000000),
 ( 1.000000000000000000, 1.000000000000000000, 1.000000000000000000, 0.7071067811865475727, 1.000000000000000000),
 ( 1.000000000000000000, 1.000000000000000000, 1.000000000000000000, 0.7071067811865475727, 1.000000000000000000),
 ( 1.000000000000000000, 1.000000000000000000, 1.000000000000000000, 0.7071067811865475727, 1.000000000000000000),
 ( 1.000000000000000000, 1.000000000000000000, 1.000000000000000000, 0.7071067811865475727, 1.000000000000000000),
 ( 1.000000000000000000, 1.000000000000000000, 1.000000000000000000, 0.7071067811865475727, 1.000000000000000000),
 ( 1.000000000000000000, 1.000000000000000000, 1.000000000000000000, 0.7071067811865414665, 1.000000000000000000),
 ( 1.000000000000000000, 1.000000000000000000, 1.000000000000000000, 0.7071067811865414665, 1.000000000000000000) ) ) 
 REPRESENTATION_ITEM ( '' )  SURFACE ( )  );
#2349 = AXIS2_PLACEMENT_3D ( 'NONE', #3316, #663, #1453 ) ;
#2350 = ORIENTED_EDGE ( 'NONE', *, *, #4589, .F. ) ;
#2351 = AXIS2_PLACEMENT_3D ( 'NONE', #3487, #512, #3789 ) ;
#2352 = DIRECTION ( 'NONE',  ( 0.000000000000000000, 0.000000000000000000, -1.000000000000000000 ) ) ;
#2353 = AXIS2_PLACEMENT_3D ( 'NONE', #1216, #1267, #2355 ) ;
#2354 = ADVANCED_FACE ( 'NONE', ( #3648 ), #639, .T. ) ;
#2355 = DIRECTION ( 'NONE',  ( -1.000000000000000000, 2.710505431213777651E-15, 0.000000000000000000 ) ) ;
#2356 = ORIENTED_EDGE ( 'NONE', *, *, #560, .T. ) ;
#2357 = CARTESIAN_POINT ( 'NONE',  ( 5.799999999999998046, -0.2499999999999999445, -4.850000000000001421 ) ) ;
#2358 = VERTEX_POINT ( 'NONE', #3698 ) ;
#2359 = CIRCLE ( 'NONE', #4293, 0.1000000000000002554 ) ;
#2360 = DIRECTION ( 'NONE',  ( 0.000000000000000000, 0.000000000000000000, 1.000000000000000000 ) ) ;
#2361 = ORIENTED_EDGE ( 'NONE', *, *, #2989, .F. ) ;
#2362 = DIRECTION ( 'NONE',  ( -1.000000000000000000, -3.523657060577880339E-15, 0.000000000000000000 ) ) ;
#2363 = AXIS2_PLACEMENT_3D ( 'NONE', #4113, #824, #4459 ) ;
#2364 = CARTESIAN_POINT ( 'NONE',  ( -7.650000000000003908, -3.900000000000000355, -4.049999999999999822 ) ) ;
#2365 = CARTESIAN_POINT ( 'NONE',  ( -9.100000000000003197, 15.19999999999999929, -5.049999999999997158 ) ) ;
#2366 = EDGE_CURVE ( 'NONE', #4788, #1657, #1840, .T. ) ;
#2367 = VERTEX_POINT ( 'NONE', #2944 ) ;
#2368 = EDGE_CURVE ( 'NONE', #480, #3202, #399, .T. ) ;
#2369 = DIRECTION ( 'NONE',  ( -0.9949303135205235238, 0.1005667501610395947, 0.000000000000000000 ) ) ;
#2370 = VECTOR ( 'NONE', #505, 1000.000000000000000 ) ;
#2371 = DIRECTION ( 'NONE',  ( 0.000000000000000000, 0.000000000000000000, 1.000000000000000000 ) ) ;
#2372 = CARTESIAN_POINT ( 'NONE',  ( 7.047993548912375950, -0.03994332498389600167, -4.850000000000001421 ) ) ;
#2373 = EDGE_LOOP ( 'NONE', ( #3228, #1072, #4322, #2715 ) ) ;
#2374 = CIRCLE ( 'NONE', #2765, 0.05000000000000042605 ) ;
#2375 = ORIENTED_EDGE ( 'NONE', *, *, #4568, .T. ) ;
#2376 = AXIS2_PLACEMENT_3D ( 'NONE', #2925, #1141, #4016 ) ;
#2377 = CARTESIAN_POINT ( 'NONE',  ( 6.938647371985746659, -0.3000000000000000444, 5.049999999999969624 ) ) ;
#2378 = EDGE_CURVE ( 'NONE', #3853, #105, #3127, .T. ) ;
#2379 = FACE_OUTER_BOUND ( 'NONE', #1446, .T. ) ;
#2380 = VERTEX_POINT ( 'NONE', #2237 ) ;
#2381 = CARTESIAN_POINT ( 'NONE',  ( 5.607498648125544882, -0.09679998966228166302, -4.849999999999999645 ) ) ;
#2382 = CARTESIAN_POINT ( 'NONE',  ( -5.656990965766423685, -0.08574104439931999611, 5.099999999999999645 ) ) ;
#2383 = ORIENTED_EDGE ( 'NONE', *, *, #3609, .T. ) ;
#2384 = VERTEX_POINT ( 'NONE', #1742 ) ;
#2385 = CARTESIAN_POINT ( 'NONE',  ( -9.100000000000003197, 0.04999999999999969746, -5.049999999999998934 ) ) ;
#2386 = CARTESIAN_POINT ( 'NONE',  ( -6.995632496820391566, -0.1911749808269662676, 5.100000000000000533 ) ) ;
#2387 = DIRECTION ( 'NONE',  ( 0.1736481776669307198, 0.9848077530122080203, 0.000000000000000000 ) ) ;
#2388 = LINE ( 'NONE', #2466, #708 ) ;
#2389 = DIRECTION ( 'NONE',  ( 0.000000000000000000, 0.000000000000000000, 1.000000000000000000 ) ) ;
#2390 = CARTESIAN_POINT ( 'NONE',  ( 5.652006451087618899, -0.03994332498389580738, 4.850000000000001421 ) ) ;
#2391 = EDGE_CURVE ( 'NONE', #1929, #1548, #676, .T. ) ;
#2392 = EDGE_CURVE ( 'NONE', #808, #2686, #2203, .T. ) ;
#2393 = CARTESIAN_POINT ( 'NONE',  ( 8.099999999999997868, 15.19999999999999929, 3.349999999999999645 ) ) ;
#2394 = DIRECTION ( 'NONE',  ( 0.000000000000000000, -1.084202172485510942E-15, 1.000000000000000000 ) ) ;
#2395 = ORIENTED_EDGE ( 'NONE', *, *, #4304, .F. ) ;
#2396 = EDGE_CURVE ( 'NONE', #3001, #3446, #2187, .T. ) ;
#2397 = CARTESIAN_POINT ( 'NONE',  ( 5.799999999999997158, -0.2496464466094066859, 5.100000000000000533 ) ) ;
#2398 = VERTEX_POINT ( 'NONE', #724 ) ;
#2399 = DIRECTION ( 'NONE',  ( 0.000000000000000000, 0.000000000000000000, 1.000000000000000000 ) ) ;
#2400 = DIRECTION ( 'NONE',  ( -1.000000000000000000, -0.000000000000000000, -1.084202172485504040E-15 ) ) ;
#2401 = ORIENTED_EDGE ( 'NONE', *, *, #4354, .T. ) ;
#2402 = CARTESIAN_POINT ( 'NONE',  ( 5.729195261177977727, -0.2836643946955962892, -4.850000000000022737 ) ) ;
#2403 = ORIENTED_EDGE ( 'NONE', *, *, #1914, .F. ) ;
#2404 = CARTESIAN_POINT ( 'NONE',  ( -9.050000000000004263, 0.04999999999999969746, 5.050000000000000711 ) ) ;
#2405 = ORIENTED_EDGE ( 'NONE', *, *, #1479, .F. ) ;
#2406 = LINE ( 'NONE', #1990, #1723 ) ;
#2407 = CARTESIAN_POINT ( 'NONE',  ( -7.047641787926638202, -0.03990776926838116023, -5.100000000000000533 ) ) ;
#2408 = DIRECTION ( 'NONE',  ( -1.000000000000000000, 3.523657060577880339E-15, 0.000000000000000000 ) ) ;
#2409 = DIRECTION ( 'NONE',  ( -0.000000000000000000, -0.000000000000000000, -1.000000000000000000 ) ) ;
#2410 = CARTESIAN_POINT ( 'NONE',  ( 5.238163490354225793, -4.400000000000000355, 4.299999999999996270 ) ) ;
#2411 = CARTESIAN_POINT ( 'NONE',  ( 8.039999999999995595, -3.900000000000000355, -3.300000000000000711 ) ) ;
#2412 = CARTESIAN_POINT ( 'NONE',  ( 5.680214192855169486, -0.2438471263512917153, 4.900000000000020783 ) ) ;
#2413 = DIRECTION ( 'NONE',  ( 1.000000000000000000, 0.000000000000000000, 0.000000000000000000 ) ) ;
#2414 = CARTESIAN_POINT ( 'NONE',  ( -7.097740064588410114, -0.04497166249194799875, -4.899999999999999467 ) ) ;
#2415 = ORIENTED_EDGE ( 'NONE', *, *, #3587, .T. ) ;
#2416 = ADVANCED_FACE ( 'NONE', ( #3233 ), #4721, .F. ) ;
#2417 = LINE ( 'NONE', #3171, #1873 ) ;
#2418 = CARTESIAN_POINT ( 'NONE',  ( -5.718067479445059220, -0.2101825570401320564, -4.850000000000002309 ) ) ;
#2419 = ORIENTED_EDGE ( 'NONE', *, *, #3423, .F. ) ;
#2420 = EDGE_CURVE ( 'NONE', #1219, #1532, #4820, .T. ) ;
#2421 = AXIS2_PLACEMENT_3D ( 'NONE', #1353, #3913, #1688 ) ;
#2422 = CARTESIAN_POINT ( 'NONE',  ( 7.099999999999996980, -0.2999999999999999889, 4.929166666666662699 ) ) ;
#2423 = DIRECTION ( 'NONE',  ( 0.000000000000000000, 0.000000000000000000, -1.000000000000000000 ) ) ;
#2424 = VECTOR ( 'NONE', #4057, 1000.000000000000000 ) ;
#2425 = ORIENTED_EDGE ( 'NONE', *, *, #2924, .F. ) ;
#2426 = EDGE_CURVE ( 'NONE', #2367, #3491, #4079, .T. ) ;
#2427 = CARTESIAN_POINT ( 'NONE',  ( -5.800000000000003375, -0.2499999999999999445, -4.850000000000001421 ) ) ;
#2428 = ORIENTED_EDGE ( 'NONE', *, *, #980, .F. ) ;
#2429 = CARTESIAN_POINT ( 'NONE',  ( -5.776458670293123099, -0.2499999999999998335, -5.099999999999999645 ) ) ;
#2430 = AXIS2_PLACEMENT_3D ( 'NONE', #461, #2702, #1605 ) ;
#2431 = VERTEX_POINT ( 'NONE', #3624 ) ;
#2432 = CARTESIAN_POINT ( 'NONE',  ( -7.150000000000004796, -3.900000000000000355, -4.049999999999999822 ) ) ;
#2433 = DIRECTION ( 'NONE',  ( 1.000000000000000000, 1.761828530288955355E-15, 0.000000000000000000 ) ) ;
#2434 = LINE ( 'NONE', #222, #2917 ) ;
#2435 = VECTOR ( 'NONE', #6, 1000.000000000000000 ) ;
#2436 = DIRECTION ( 'NONE',  ( 0.000000000000000000, 0.000000000000000000, -1.000000000000000000 ) ) ;
#2437 = CARTESIAN_POINT ( 'NONE',  ( -7.650000000000003908, -3.900000000000000355, 4.049999999999999822 ) ) ;
#2438 = ADVANCED_FACE ( 'NONE', ( #3257 ), #2894, .T. ) ;
#2439 = VECTOR ( 'NONE', #4525, 1000.000000000000000 ) ;
#2440 = CARTESIAN_POINT ( 'NONE',  ( 5.602259935411592728, -0.04497166249194781834, 4.899999999999999467 ) ) ;
#2441 = CYLINDRICAL_SURFACE ( 'NONE', #3432, 0.04999999999999969746 ) ;
#2442 = EDGE_CURVE ( 'NONE', #4665, #4389, #2673, .T. ) ;
#2443 = CARTESIAN_POINT ( 'NONE',  ( -5.669672185900365591, -0.1311647557205596615, -5.099999999999996092 ) ) ;
#2444 = EDGE_LOOP ( 'NONE', ( #4213, #4353, #1175, #2846 ) ) ;
#2445 = AXIS2_PLACEMENT_3D ( 'NONE', #919, #971, #2806 ) ;
#2446 = CARTESIAN_POINT ( 'NONE',  ( 5.754777600725553555, -0.2391130917404765410, 5.099999999999998757 ) ) ;
#2447 = FILL_AREA_STYLE_COLOUR ( '', #2604 ) ;
#2448 = EDGE_LOOP ( 'NONE', ( #4441, #3242, #1808, #1507, #4677, #2401, #262, #851, #3633, #3878, #2749, #3542, #2104, #2979, #4176, #3039 ) ) ;
#2449 = VECTOR ( 'NONE', #4761, 1000.000000000000000 ) ;
#2450 = DIRECTION ( 'NONE',  ( 0.000000000000000000, 0.000000000000000000, -1.000000000000000000 ) ) ;
#2451 = DIRECTION ( 'NONE',  ( 0.000000000000000000, 0.000000000000000000, -1.000000000000000000 ) ) ;
#2452 = EDGE_CURVE ( 'NONE', #4662, #2908, #2521, .T. ) ;
#2453 = ADVANCED_FACE ( 'NONE', ( #1066 ), #554, .T. ) ;
#2454 = VECTOR ( 'NONE', #376, 1000.000000000000000 ) ;
#2455 = CARTESIAN_POINT ( 'NONE',  ( 5.652006451087618011, -0.03994332498389575881, 4.850000000000001421 ) ) ;
#2456 = ORIENTED_EDGE ( 'NONE', *, *, #2780, .F. ) ;
#2457 = CARTESIAN_POINT ( 'NONE',  ( -5.754467464619041905, -0.2397576833101314198, -4.850000000000003197 ) ) ;
#2458 = ORIENTED_EDGE ( 'NONE', *, *, #1520, .T. ) ;
#2459 = DIRECTION ( 'NONE',  ( 0.1710878697460358755, 0.9702875252478138091, -0.1710878697460358755 ) ) ;
#2460 = VERTEX_POINT ( 'NONE', #2260 ) ;
#2461 = EDGE_CURVE ( 'NONE', #2100, #434, #4475, .T. ) ;
#2462 = PLANE ( 'NONE',  #1108 ) ;
#2463 = FACE_OUTER_BOUND ( 'NONE', #156, .T. ) ;
#2464 = DIRECTION ( 'NONE',  ( 0.000000000000000000, 0.000000000000000000, 1.000000000000000000 ) ) ;
#2465 = DIRECTION ( 'NONE',  ( -1.000000000000000000, 0.000000000000000000, 0.000000000000000000 ) ) ;
#2466 = CARTESIAN_POINT ( 'NONE',  ( 5.149999999999993250, -3.900000000000000355, 4.299999999999996270 ) ) ;
#2467 = CARTESIAN_POINT ( 'NONE',  ( 7.042661527939820587, -0.08566339491222114966, -5.100000000000000533 ) ) ;
#2468 = VECTOR ( 'NONE', #3295, 1000.000000000000000 ) ;
#2469 = CARTESIAN_POINT ( 'NONE',  ( 5.799999999999998934, -0.3000000000000008216, 4.849999999999999645 ) ) ;
#2470 =( NAMED_UNIT ( * ) PLANE_ANGLE_UNIT ( ) SI_UNIT ( $, .RADIAN. ) );
#2471 = CARTESIAN_POINT ( 'NONE',  ( -7.147486580264432732, -0.04999999999999995420, -4.850000000000001421 ) ) ;
#2472 = VERTEX_POINT ( 'NONE', #1915 ) ;
#2473 = CARTESIAN_POINT ( 'NONE',  ( 5.718067479445059220, -0.2101825570401257837, 5.099999999999998757 ) ) ;
#2474 = SURFACE_STYLE_FILL_AREA ( #975 ) ;
#2475 = ORIENTED_EDGE ( 'NONE', *, *, #3844, .F. ) ;
#2476 = CARTESIAN_POINT ( 'NONE',  ( -7.650000000000003908, -3.900000000000000355, 3.549999999999999822 ) ) ;
#2477 = LINE ( 'NONE', #2079, #189 ) ;
#2478 = CARTESIAN_POINT ( 'NONE',  ( -7.150000000000004796, -3.900000000000000355, 4.049999999999999822 ) ) ;
#2479 = ORIENTED_EDGE ( 'NONE', *, *, #3646, .T. ) ;
#2480 = DIRECTION ( 'NONE',  ( 0.000000000000000000, 0.000000000000000000, 1.000000000000000000 ) ) ;
#2481 = VERTEX_POINT ( 'NONE', #373 ) ;
#2482 = EDGE_CURVE ( 'NONE', #1791, #3482, #8, .T. ) ;
#2483 = CARTESIAN_POINT ( 'NONE',  ( -7.561836509645771365, -4.400000000000000355, -3.638163490354232366 ) ) ;
#2484 = ORIENTED_EDGE ( 'NONE', *, *, #2868, .T. ) ;
#2485 = FACE_OUTER_BOUND ( 'NONE', #1213, .T. ) ;
#2486 = FILL_AREA_STYLE_COLOUR ( '', #313 ) ;
#2487 = CARTESIAN_POINT ( 'NONE',  ( 5.449999999999993072, -3.900000000000000355, 3.299999999999997158 ) ) ;
#2488 = CARTESIAN_POINT ( 'NONE',  ( 9.049999999999997158, 0.05000000000000000278, -5.049999999999998934 ) ) ;
#2489 = DIRECTION ( 'NONE',  ( -0.000000000000000000, -0.000000000000000000, -1.000000000000000000 ) ) ;
#2490 = ADVANCED_FACE ( 'NONE', ( #2653 ), #2252, .T. ) ;
#2491 = CARTESIAN_POINT ( 'NONE',  ( 7.043356540527097920, -0.08581869388640778196, -5.100000000000000533 ) ) ;
#2492 = CARTESIAN_POINT ( 'NONE',  ( -6.945222399274419089, -0.2391130917404810652, -4.849999999999999645 ) ) ;
#2493 = DIRECTION ( 'NONE',  ( 1.000000000000000000, 0.000000000000000000, 0.000000000000000000 ) ) ;
#2494 = CARTESIAN_POINT ( 'NONE',  ( -5.729194846563832932, -0.2836649047208258945, -5.049999999999987388 ) ) ;
#2495 = ORIENTED_EDGE ( 'NONE', *, *, #4046, .F. ) ;
#2496 =( BOUNDED_SURFACE ( )  B_SPLINE_SURFACE ( 3, 2, ( 
 ( #1897, #15, #2265, #102, #57 ),
 ( #1180, #1501, #2315, #446, #1592 ),
 ( #469, #4179, #3355, #2997, #1940 ),
 ( #3088, #4482, #1966, #3421, #2638 ),
 ( #1350, #4252, #221, #1993, #3911 ),
 ( #2013, #4623, #1711, #3863, #3133 ),
 ( #2824, #4205, #911, #865, #174 ),
 ( #3495, #1659, #1611, #2407, #542 ) ),
 .UNSPECIFIED., .F., .F., .F. ) 
 B_SPLINE_SURFACE_WITH_KNOTS ( ( 4, 2, 2, 4 ),
 ( 3, 2, 3 ),
 ( 0.000000000000000000, 6.954209021615603066E-05, 0.0001390841804323120613, 0.0002781683608646241227 ),
 ( 0.000000000000000000, 1.000000000000000000, 1.010000000000000009 ),
 .UNSPECIFIED. ) 
 GEOMETRIC_REPRESENTATION_ITEM ( )  RATIONAL_B_SPLINE_SURFACE ( (
 ( 1.000000000000000000, 0.7071067811865475727, 1.000000000000000000, 1.000000000000000000, 1.000000000000000000),
 ( 1.000000000000000000, 0.7071067811865475727, 1.000000000000000000, 1.000000000000000000, 1.000000000000000000),
 ( 1.000000000000000000, 0.7071067811865454633, 1.000000000000000000, 1.000000000000000000, 1.000000000000000000),
 ( 1.000000000000000000, 0.7071067811865454633, 1.000000000000000000, 1.000000000000000000, 1.000000000000000000),
 ( 1.000000000000000000, 0.7071067811865414665, 1.000000000000000000, 1.000000000000000000, 1.000000000000000000),
 ( 1.000000000000000000, 0.7071067811865414665, 1.000000000000000000, 1.000000000000000000, 1.000000000000000000),
 ( 1.000000000000000000, 0.7071067811865414665, 1.000000000000000000, 1.000000000000000000, 1.000000000000000000),
 ( 1.000000000000000000, 0.7071067811865414665, 1.000000000000000000, 1.000000000000000000, 1.000000000000000000) ) ) 
 REPRESENTATION_ITEM ( '' )  SURFACE ( )  );
#2497 = DIRECTION ( 'NONE',  ( -1.000000000000000000, -8.809142651444700847E-16, 0.000000000000000000 ) ) ;
#2498 = CARTESIAN_POINT ( 'NONE',  ( -7.147486580264432732, -0.04999999999999995420, -5.049999999999998934 ) ) ;
#2499 = ORIENTED_EDGE ( 'NONE', *, *, #2326, .T. ) ;
#2500 = CARTESIAN_POINT ( 'NONE',  ( -7.042661527939886312, -0.08566339491222640934, 5.100000000000000533 ) ) ;
#2501 = CARTESIAN_POINT ( 'NONE',  ( 8.099999999999997868, 15.10000000000000142, 4.100000000000000533 ) ) ;
#2502 = VERTEX_POINT ( 'NONE', #2283 ) ;
#2503 = CARTESIAN_POINT ( 'NONE',  ( -6.970805153436171686, -0.2836649047208240626, 4.900000000000000355 ) ) ;
#2504 = VECTOR ( 'NONE', #597, 1000.000000000000000 ) ;
#2505 = CARTESIAN_POINT ( 'NONE',  ( 9.049999999999997158, 15.19999999999999929, 0.000000000000000000 ) ) ;
#2506 = STYLED_ITEM ( 'NONE', ( #4797 ), #958 ) ;
#2507 = LINE ( 'NONE', #4032, #2201 ) ;
#2508 = CARTESIAN_POINT ( 'NONE',  ( -7.047993548912383055, -0.03994332498389600861, -4.850000000000001421 ) ) ;
#2509 = DIRECTION ( 'NONE',  ( -0.9949303135204946580, -0.1005667501613245474, 0.000000000000000000 ) ) ;
#2510 = ORIENTED_EDGE ( 'NONE', *, *, #360, .T. ) ;
#2511 = VECTOR ( 'NONE', #3653, 1000.000000000000000 ) ;
#2512 = CARTESIAN_POINT ( 'NONE',  ( 7.019786221758958611, -0.2438476363765013921, -5.099999999999996092 ) ) ;
#2513 = CARTESIAN_POINT ( 'NONE',  ( -7.043009034233426391, -0.08574104439931670707, -4.849999999999996980 ) ) ;
#2514 = DIRECTION ( 'NONE',  ( 0.000000000000000000, -1.000000000000000000, 0.000000000000000000 ) ) ;
#2515 = VECTOR ( 'NONE', #1008, 1000.000000000000000 ) ;
#2516 = CARTESIAN_POINT ( 'NONE',  ( 5.599999999999996980, 0.000000000000000000, 4.929166666666668917 ) ) ;
#2517 = EDGE_CURVE ( 'NONE', #3491, #4316, #836, .T. ) ;
#2518 = EDGE_CURVE ( 'NONE', #3488, #427, #51, .T. ) ;
#2519 = CARTESIAN_POINT ( 'NONE',  ( -5.668994164560537286, -0.1314047628512899080, -5.099999999999996092 ) ) ;
#2520 = ORIENTED_EDGE ( 'NONE', *, *, #2808, .T. ) ;
#2521 = CIRCLE ( 'NONE', #1033, 0.04999999999999969746 ) ;
#2522 = EDGE_CURVE ( 'NONE', #1628, #3675, #3523, .T. ) ;
#2523 = CARTESIAN_POINT ( 'NONE',  ( 5.621050815842437487, -0.1483758298186048930, 5.100000000000099121 ) ) ;
#2524 = DIRECTION ( 'NONE',  ( 0.000000000000000000, 0.000000000000000000, 1.000000000000000000 ) ) ;
#2525 = VECTOR ( 'NONE', #3612, 1000.000000000000000 ) ;
#2526 = ORIENTED_EDGE ( 'NONE', *, *, #2002, .T. ) ;
#2527 = DIRECTION ( 'NONE',  ( -0.1710878697460358755, 0.9702875252478138091, -0.1710878697460358755 ) ) ;
#2528 = LINE ( 'NONE', #3639, #1833 ) ;
#2529 = AXIS2_PLACEMENT_3D ( 'NONE', #4697, #3961, #2509 ) ;
#2530 = CARTESIAN_POINT ( 'NONE',  ( -5.800000000000005151, -0.2999999999999999889, 5.050000000000000711 ) ) ;
#2531 = EDGE_LOOP ( 'NONE', ( #1536, #1504, #2954, #4789 ) ) ;
#2532 = LINE ( 'NONE', #2889, #1427 ) ;
#2533 = AXIS2_PLACEMENT_3D ( 'NONE', #3903, #3177, #3489 ) ;
#2534 = DIRECTION ( 'NONE',  ( -1.000000000000000000, 0.000000000000000000, 0.000000000000000000 ) ) ;
#2535 = VECTOR ( 'NONE', #1716, 1000.000000000000000 ) ;
#2536 = CARTESIAN_POINT ( 'NONE',  ( 6.995922111695326073, -0.1913804194949903781, -4.850000000000002309 ) ) ;
#2537 = LINE ( 'NONE', #3647, #630 ) ;
#2538 = DIRECTION ( 'NONE',  ( 0.000000000000000000, 0.000000000000000000, 1.000000000000000000 ) ) ;
#2539 = CARTESIAN_POINT ( 'NONE',  ( -5.761352628014228650, -0.2999999999999999889, 4.899999999999999467 ) ) ;
#2540 = ORIENTED_EDGE ( 'NONE', *, *, #328, .T. ) ;
#2541 = SURFACE_STYLE_FILL_AREA ( #4409 ) ;
#2542 = CARTESIAN_POINT ( 'NONE',  ( -7.097740064588411002, -0.04497166249193203930, -4.849999999999997868 ) ) ;
#2543 = CARTESIAN_POINT ( 'NONE',  ( 5.149999999999993250, -3.900000000000000355, 3.299999999999997158 ) ) ;
#2544 = DIRECTION ( 'NONE',  ( 1.000000000000000000, 0.000000000000000000, 0.000000000000000000 ) ) ;
#2545 = LINE ( 'NONE', #683, #2682 ) ;
#2546 = EDGE_CURVE ( 'NONE', #1125, #2057, #876, .T. ) ;
#2547 = ORIENTED_EDGE ( 'NONE', *, *, #1967, .T. ) ;
#2548 = EDGE_CURVE ( 'NONE', #2398, #4507, #3896, .T. ) ;
#2549 = CARTESIAN_POINT ( 'NONE',  ( 5.754420856929291617, -0.2397343563014159573, -5.100000000000001421 ) ) ;
#2550 = EDGE_LOOP ( 'NONE', ( #2540, #4467, #1950, #1075 ) ) ;
#2551 = CARTESIAN_POINT ( 'NONE',  ( -7.092501351874456184, -0.09679998966227951196, 5.099999999999961453 ) ) ;
#2552 = EDGE_CURVE ( 'NONE', #2908, #4639, #4288, .T. ) ;
#2553 = APPLICATION_PROTOCOL_DEFINITION ( 'draft international standard', 'automotive_design', 1998, #3419 ) ;
#2554 = ORIENTED_EDGE ( 'NONE', *, *, #1212, .F. ) ;
#2555 = CARTESIAN_POINT ( 'NONE',  ( -7.047290026940884466, -0.03987221355289454622, 4.850000000000002309 ) ) ;
#2556 = CARTESIAN_POINT ( 'NONE',  ( 5.449999999999993072, -3.900000000000000355, 3.299999999999997158 ) ) ;
#2557 = CARTESIAN_POINT ( 'NONE',  ( 7.043009034233535637, -0.08574104439933152855, -4.850000000000000533 ) ) ;
#2558 = CARTESIAN_POINT ( 'NONE',  ( 5.552513419735564781, -0.05000000000000006523, 4.899999999999999467 ) ) ;
#2559 = MANIFOLD_SOLID_BREP ( 'Boss-Extrude5[3]', #2810 ) ;
#2560 = DIRECTION ( 'NONE',  ( -1.000000000000000000, 0.000000000000000000, 0.000000000000000000 ) ) ;
#2561 = ORIENTED_EDGE ( 'NONE', *, *, #3075, .T. ) ;
#2562 = CARTESIAN_POINT ( 'NONE',  ( -7.092501288939320858, -0.09680009177564571909, -4.900000000000118483 ) ) ;
#2563 = DIRECTION ( 'NONE',  ( 0.000000000000000000, 0.000000000000000000, -1.000000000000000000 ) ) ;
#2564 = B_SPLINE_CURVE_WITH_KNOTS ( 'NONE', 3,
 ( #3622, #276, #1765, #4376, #2892, #3254, #3395, #370 ),
 .UNSPECIFIED., .F., .F.,
 ( 4, 2, 2, 4 ),
 ( 0.000000000000000000, 6.947132448068212322E-05, 0.0001389426489613642464, 0.0002778852979227284387 ),
 .UNSPECIFIED. ) ;
#2565 = ORIENTED_EDGE ( 'NONE', *, *, #2522, .T. ) ;
#2566 =( BOUNDED_CURVE ( )  B_SPLINE_CURVE ( 2, ( #40, #4095, #80 ),
 .UNSPECIFIED., .F., .F. ) 
 B_SPLINE_CURVE_WITH_KNOTS ( ( 3, 3 ),
 ( 0.000000000000000000, 1.000000000000000000 ),
 .UNSPECIFIED. ) 
 CURVE ( )  GEOMETRIC_REPRESENTATION_ITEM ( )  RATIONAL_B_SPLINE_CURVE ( ( 0.9457047908995566132, 0.7373842891637752972, 1.000000000000000000 ) ) 
 REPRESENTATION_ITEM ( '' )  );
#2567 = CARTESIAN_POINT ( 'NONE',  ( 7.099999999999997868, -0.3000000000000006550, -4.837500000000003020 ) ) ;
#2568 = ADVANCED_FACE ( 'NONE', ( #4363 ), #1001, .F. ) ;
#2569 = CARTESIAN_POINT ( 'NONE',  ( 5.607498648125604390, -0.09679998966224914736, 5.099999999999879741 ) ) ;
#2570 = CARTESIAN_POINT ( 'NONE',  ( 5.754777600725596187, -0.2391130917404894474, -5.100000000000001421 ) ) ;
#2571 = ADVANCED_FACE ( 'NONE', ( #2076 ), #4737, .T. ) ;
#2572 = VERTEX_POINT ( 'NONE', #188 ) ;
#2573 = DIRECTION ( 'NONE',  ( 1.000000000000000000, 0.000000000000000000, 0.000000000000000000 ) ) ;
#2574 = DIRECTION ( 'NONE',  ( 1.000000000000000000, -0.000000000000000000, -0.000000000000000000 ) ) ;
#2575 = EDGE_CURVE ( 'NONE', #4827, #3428, #4383, .T. ) ;
#2576 = VERTEX_POINT ( 'NONE', #238 ) ;
#2577 = EDGE_CURVE ( 'NONE', #2380, #4639, #1499, .T. ) ;
#2578 = CARTESIAN_POINT ( 'NONE',  ( -7.043009034233682186, -0.08574104439934608635, 4.850000000000002309 ) ) ;
#2579 = CARTESIAN_POINT ( 'NONE',  ( 0.000000000000000000, 15.19999999999999929, -5.049999999999998934 ) ) ;
#2580 = CARTESIAN_POINT ( 'NONE',  ( 7.019786221758923084, -0.2438476363765106625, -4.850000000000020073 ) ) ;
#2581 = DIRECTION ( 'NONE',  ( 0.000000000000000000, 0.000000000000000000, -1.000000000000000000 ) ) ;
#2582 = DIRECTION ( 'NONE',  ( 1.000000000000000000, 0.000000000000000000, 0.000000000000000000 ) ) ;
#2583 = CARTESIAN_POINT ( 'NONE',  ( -5.761352311731509523, -0.2999989463168053483, 4.850000000000000533 ) ) ;
#2584 = ORIENTED_EDGE ( 'NONE', *, *, #1479, .T. ) ;
#2585 = CARTESIAN_POINT ( 'NONE',  ( 5.718131882530089527, -0.2102494280712604302, 4.849999999999999645 ) ) ;
#2586 = AXIS2_PLACEMENT_3D ( 'NONE', #1340, #4834, #689 ) ;
#2587 = DIRECTION ( 'NONE',  ( 1.000000000000000000, 0.000000000000000000, 0.000000000000000000 ) ) ;
#2588 = CARTESIAN_POINT ( 'NONE',  ( -5.800000000000002487, -0.2999999999999999889, -5.112499999999997158 ) ) ;
#2589 = CARTESIAN_POINT ( 'NONE',  ( 5.599999999999998757, 0.000000000000000000, -5.020833333333328596 ) ) ;
#2590 = CIRCLE ( 'NONE', #4446, 0.05000000000000039829 ) ;
#2591 = VERTEX_POINT ( 'NONE', #1754 ) ;
#2592 = CARTESIAN_POINT ( 'NONE',  ( 7.099999999999997868, 0.000000000000000000, -4.837500000000001243 ) ) ;
#2593 = MECHANICAL_DESIGN_GEOMETRIC_PRESENTATION_REPRESENTATION (  '', ( #937 ), #4211 ) ;
#2594 = LINE ( 'NONE', #3501, #468 ) ;
#2595 = CARTESIAN_POINT ( 'NONE',  ( 5.652709973059116599, -0.03987221355288105701, -5.099999999999998757 ) ) ;
#2596 = ORIENTED_EDGE ( 'NONE', *, *, #292, .T. ) ;
#2597 = AXIS2_PLACEMENT_3D ( 'NONE', #1590, #1299, #3107 ) ;
#2598 = DIRECTION ( 'NONE',  ( 0.000000000000000000, 0.000000000000000000, -1.000000000000000000 ) ) ;
#2599 = CARTESIAN_POINT ( 'NONE',  ( 7.043009034233456589, -0.08574104439929855492, 5.099999999999997868 ) ) ;
#2600 = AXIS2_PLACEMENT_3D ( 'NONE', #3457, #383, #3731 ) ;
#2601 = CARTESIAN_POINT ( 'NONE',  ( 6.981664854466779424, -0.2099445089812441989, 4.850000000000002309 ) ) ;
#2602 = ORIENTED_EDGE ( 'NONE', *, *, #3097, .F. ) ;
#2603 = CARTESIAN_POINT ( 'NONE',  ( -6.945222399274434188, -0.2391130917404779010, 4.850000000000002309 ) ) ;
#2604 = COLOUR_RGB ( '',0.7921568627450980005, 0.8196078431372548767, 0.9333333333333333481 ) ;
#2605 = CARTESIAN_POINT ( 'NONE',  ( -7.650000000000003908, 0.1000000000000000056, -3.549999999999999822 ) ) ;
#2606 = ADVANCED_FACE ( 'NONE', ( #4710 ), #1973, .T. ) ;
#2607 = EDGE_CURVE ( 'NONE', #4694, #1628, #2812, .T. ) ;
#2608 = FACE_OUTER_BOUND ( 'NONE', #1155, .T. ) ;
#2609 = AXIS2_PLACEMENT_3D ( 'NONE', #544, #966, #1687 ) ;
#2610 = FACE_OUTER_BOUND ( 'NONE', #491, .T. ) ;
#2611 = CARTESIAN_POINT ( 'NONE',  ( 5.652006451087619787, -0.03994332498388208225, -4.899999999999999467 ) ) ;
#2612 = CARTESIAN_POINT ( 'NONE',  ( -5.621050815842461468, -0.1483758298185659796, 4.850000000000020961 ) ) ;
#2613 = EDGE_LOOP ( 'NONE', ( #1830, #4324, #1543, #3340 ) ) ;
#2614 = EDGE_CURVE ( 'NONE', #2398, #2367, #1260, .T. ) ;
#2615 = ADVANCED_FACE ( 'NONE', ( #2272 ), #3684, .T. ) ;
#2616 = CARTESIAN_POINT ( 'NONE',  ( 7.047993548912375061, -0.03994332498389571717, 4.850000000000001421 ) ) ;
#2617 = CARTESIAN_POINT ( 'NONE',  ( 7.639999999999996128, -3.900000000000000355, -4.300000000000001599 ) ) ;
#2618 = CARTESIAN_POINT ( 'NONE',  ( 8.850000000000004974, 0.05000000000000000278, 4.850000000000001421 ) ) ;
#2619 = VECTOR ( 'NONE', #1402, 1000.000000000000000 ) ;
#2620 = ORIENTED_EDGE ( 'NONE', *, *, #3937, .F. ) ;
#2621 = DIRECTION ( 'NONE',  ( 0.000000000000000000, 0.000000000000000000, -1.000000000000000000 ) ) ;
#2622 = EDGE_LOOP ( 'NONE', ( #4528, #692, #1412, #1371 ) ) ;
#2623 = FACE_OUTER_BOUND ( 'NONE', #2448, .T. ) ;
#2624 = EDGE_LOOP ( 'NONE', ( #2844, #1380, #950, #2936 ) ) ;
#2625 =( GEOMETRIC_REPRESENTATION_CONTEXT ( 3 ) GLOBAL_UNCERTAINTY_ASSIGNED_CONTEXT ( ( #743 ) ) GLOBAL_UNIT_ASSIGNED_CONTEXT ( ( #55, #1156, #839 ) ) REPRESENTATION_CONTEXT ( 'NONE', 'WORKASPACE' ) );
#2626 =( BOUNDED_CURVE ( )  B_SPLINE_CURVE ( 2, ( #2971, #3795, #1157 ),
 .UNSPECIFIED., .F., .F. ) 
 B_SPLINE_CURVE_WITH_KNOTS ( ( 3, 3 ),
 ( 0.000000000000000000, 1.000000000000000000 ),
 .UNSPECIFIED. ) 
 CURVE ( )  GEOMETRIC_REPRESENTATION_ITEM ( )  RATIONAL_B_SPLINE_CURVE ( ( 0.9457047908995581675, 0.7373842891637745200, 1.000000000000000000 ) ) 
 REPRESENTATION_ITEM ( '' )  );
#2627 = CARTESIAN_POINT ( 'NONE',  ( 6.970804738822059754, -0.2836643946956210471, 4.849999999999981881 ) ) ;
#2628 = DIRECTION ( 'NONE',  ( 1.000000000000000000, 0.000000000000000000, 0.000000000000000000 ) ) ;
#2629 = ORIENTED_EDGE ( 'NONE', *, *, #2302, .F. ) ;
#2630 = CARTESIAN_POINT ( 'NONE',  ( 0.000000000000000000, -4.400000000000000355, 0.000000000000000000 ) ) ;
#2631 = LINE ( 'NONE', #3027, #3153 ) ;
#2632 = DIRECTION ( 'NONE',  ( 0.000000000000000000, 0.000000000000000000, -1.000000000000000000 ) ) ;
#2633 = CARTESIAN_POINT ( 'NONE',  ( -5.621050815842506765, -0.1483758298185910152, -4.850000000000081357 ) ) ;
#2634 = DIRECTION ( 'NONE',  ( 0.000000000000000000, 0.000000000000000000, -1.000000000000000000 ) ) ;
#2635 = ADVANCED_FACE ( 'NONE', ( #685 ), #183, .T. ) ;
#2636 = ORIENTED_EDGE ( 'NONE', *, *, #412, .F. ) ;
#2637 = DIRECTION ( 'NONE',  ( 1.000000000000000000, 0.000000000000000000, 0.000000000000000000 ) ) ;
#2638 = CARTESIAN_POINT ( 'NONE',  ( -6.981397188378655194, -0.2097064609223795728, -5.100000000000001421 ) ) ;
#2639 = ORIENTED_EDGE ( 'NONE', *, *, #2217, .F. ) ;
#2640 = FACE_OUTER_BOUND ( 'NONE', #1699, .T. ) ;
#2641 = ADVANCED_FACE ( 'NONE', ( #3024 ), #4023, .T. ) ;
#2642 = ORIENTED_EDGE ( 'NONE', *, *, #1694, .F. ) ;
#2643 = CARTESIAN_POINT ( 'NONE',  ( -5.628037993184787702, -0.2999999999999999889, -5.049999999999996270 ) ) ;
#2644 = ORIENTED_EDGE ( 'NONE', *, *, #2577, .F. ) ;
#2645 = CARTESIAN_POINT ( 'NONE',  ( -5.552513419735571887, -0.04999999999999989869, 4.974999999999999645 ) ) ;
#2646 = LINE ( 'NONE', #2721, #3289 ) ;
#2647 = CARTESIAN_POINT ( 'NONE',  ( 5.656990965766383717, -0.08574104439933039057, -5.099999999999998757 ) ) ;
#2648 = ORIENTED_EDGE ( 'NONE', *, *, #3505, .T. ) ;
#2649 = CARTESIAN_POINT ( 'NONE',  ( 7.037169605723907040, -0.2206393603763411870, 4.899999999999998579 ) ) ;
#2650 = ORIENTED_EDGE ( 'NONE', *, *, #230, .F. ) ;
#2651 = DIRECTION ( 'NONE',  ( 1.000000000000000000, 0.000000000000000000, 0.000000000000000000 ) ) ;
#2652 = PLANE ( 'NONE',  #2738 ) ;
#2653 = FACE_OUTER_BOUND ( 'NONE', #4207, .T. ) ;
#2654 = CARTESIAN_POINT ( 'NONE',  ( 8.850000000000004974, 0.1000000000000000056, 4.850000000000001421 ) ) ;
#2655 = ORIENTED_EDGE ( 'NONE', *, *, #3766, .T. ) ;
#2656 = EDGE_CURVE ( 'NONE', #2897, #1989, #1801, .T. ) ;
#2657 = CARTESIAN_POINT ( 'NONE',  ( -6.900000000000003908, -0.2999999999999999889, 5.020833333333328596 ) ) ;
#2658 = DIRECTION ( 'NONE',  ( 0.000000000000000000, -1.000000000000000000, 0.000000000000000000 ) ) ;
#2659 = ORIENTED_EDGE ( 'NONE', *, *, #4647, .F. ) ;
#2660 = CARTESIAN_POINT ( 'NONE',  ( -5.754420856929267636, -0.2397343563014021628, 5.100000000000000533 ) ) ;
#2661 = AXIS2_PLACEMENT_3D ( 'NONE', #4733, #2789, #2766 ) ;
#2662 = ORIENTED_EDGE ( 'NONE', *, *, #1731, .F. ) ;
#2663 = CARTESIAN_POINT ( 'NONE',  ( -7.147486580264432732, 0.05000000000000000278, -4.899999999999999467 ) ) ;
#2664 = ADVANCED_FACE ( 'NONE', ( #4415 ), #4043, .T. ) ;
#2665 = ADVANCED_FACE ( 'NONE', ( #2623 ), #3339, .F. ) ;
#2666 = AXIS2_PLACEMENT_3D ( 'NONE', #3843, #2064, #4597 ) ;
#2667 = CYLINDRICAL_SURFACE ( 'NONE', #4612, 0.04999999999999969746 ) ;
#2668 = ORIENTED_EDGE ( 'NONE', *, *, #4745, .T. ) ;
#2669 = CIRCLE ( 'NONE', #2353, 0.04999999999999969746 ) ;
#2670 = CIRCLE ( 'NONE', #3285, 0.04999999999999969746 ) ;
#2671 = ORIENTED_EDGE ( 'NONE', *, *, #3654, .F. ) ;
#2672 = LINE ( 'NONE', #1537, #3157 ) ;
#2673 = CIRCLE ( 'NONE', #4609, 0.04999999999999969746 ) ;
#2674 = LINE ( 'NONE', #392, #2435 ) ;
#2675 = DIRECTION ( 'NONE',  ( 0.000000000000000000, -1.000000000000000000, 0.000000000000000000 ) ) ;
#2676 = DIRECTION ( 'NONE',  ( 0.1710878697460358755, 0.9702875252478138091, -0.1710878697460358755 ) ) ;
#2677 = DIRECTION ( 'NONE',  ( 0.000000000000000000, -1.000000000000000000, 0.000000000000000000 ) ) ;
#2678 = VECTOR ( 'NONE', #3508, 1000.000000000000000 ) ;
#2679 = ORIENTED_EDGE ( 'NONE', *, *, #2482, .F. ) ;
#2680 = DIRECTION ( 'NONE',  ( -0.9848077530122080203, -0.1736481776669307198, 0.000000000000000000 ) ) ;
#2681 = ORIENTED_EDGE ( 'NONE', *, *, #3641, .T. ) ;
#2682 = VECTOR ( 'NONE', #3750, 1000.000000000000000 ) ;
#2683 = CARTESIAN_POINT ( 'NONE',  ( 8.039999999999995595, -3.900000000000000355, -4.300000000000001599 ) ) ;
#2684 = ORIENTED_EDGE ( 'NONE', *, *, #3901, .F. ) ;
#2685 = CARTESIAN_POINT ( 'NONE',  ( 8.850000000000004974, 0.05000000000000000278, -4.850000000000001421 ) ) ;
#2686 = VERTEX_POINT ( 'NONE', #897 ) ;
#2687 = DIRECTION ( 'NONE',  ( -1.000000000000000000, 3.523657060577910710E-15, 0.000000000000000000 ) ) ;
#2688 = CYLINDRICAL_SURFACE ( 'NONE', #4215, 0.04999999999999969746 ) ;
#2689 = DIRECTION ( 'NONE',  ( 0.000000000000000000, -1.000000000000000000, 0.000000000000000000 ) ) ;
#2690 = CIRCLE ( 'NONE', #662, 0.04999999999999969746 ) ;
#2691 = EDGE_CURVE ( 'NONE', #4316, #4563, #952, .T. ) ;
#2692 = DIRECTION ( 'NONE',  ( 0.000000000000000000, 0.000000000000000000, 1.000000000000000000 ) ) ;
#2693 = ORIENTED_EDGE ( 'NONE', *, *, #4330, .F. ) ;
#2694 = ADVANCED_FACE ( 'NONE', ( #2344 ), #111, .T. ) ;
#2695 = FACE_OUTER_BOUND ( 'NONE', #2940, .T. ) ;
#2696 = STYLED_ITEM ( 'NONE', ( #2287 ), #4242 ) ;
#2697 = VERTEX_POINT ( 'NONE', #155 ) ;
#2698 = EDGE_CURVE ( 'NONE', #1393, #193, #4582, .T. ) ;
#2699 = CARTESIAN_POINT ( 'NONE',  ( -5.800000000000005151, -0.2499999999999999445, -5.099999999999998757 ) ) ;
#2700 = VECTOR ( 'NONE', #4767, 1000.000000000000000 ) ;
#2701 = CARTESIAN_POINT ( 'NONE',  ( -7.650000000000003908, -3.900000000000000355, -3.549999999999999822 ) ) ;
#2702 = DIRECTION ( 'NONE',  ( -1.000000000000000000, 0.000000000000000000, 1.040834085586090568E-13 ) ) ;
#2703 = CARTESIAN_POINT ( 'NONE',  ( -5.602259935411596281, -0.04497166249194826243, -4.849999999999999645 ) ) ;
#2704 = CARTESIAN_POINT ( 'NONE',  ( 5.552513419735568334, 0.05000000000000000278, -4.899999999999999467 ) ) ;
#2705 = VERTEX_POINT ( 'NONE', #2299 ) ;
#2706 = CARTESIAN_POINT ( 'NONE',  ( 5.602259935411591840, -0.04497166249194823467, -4.900000000000000355 ) ) ;
#2707 = CYLINDRICAL_SURFACE ( 'NONE', #737, 0.04999999999999969746 ) ;
#2708 = VERTEX_POINT ( 'NONE', #1229 ) ;
#2709 = ORIENTED_EDGE ( 'NONE', *, *, #4652, .T. ) ;
#2710 = CARTESIAN_POINT ( 'NONE',  ( 5.718131882530093080, -0.2102494280712616515, -4.849999999999999645 ) ) ;
#2711 = CARTESIAN_POINT ( 'NONE',  ( 7.147486580264430067, -0.05000000000000014155, -4.975000000000000533 ) ) ;
#2712 = DIRECTION ( 'NONE',  ( -1.000000000000000000, 0.000000000000000000, 0.000000000000000000 ) ) ;
#2713 = ORIENTED_EDGE ( 'NONE', *, *, #1553, .T. ) ;
#2714 = ADVANCED_FACE ( 'NONE', ( #453 ), #3685, .T. ) ;
#2715 = ORIENTED_EDGE ( 'NONE', *, *, #3971, .F. ) ;
#2716 =( BOUNDED_SURFACE ( )  B_SPLINE_SURFACE ( 2, 3, ( 
 ( #1202, #99, #1222, #2725 ),
 ( #885, #3747, #1895, #37 ),
 ( #3017, #4499, #2657, #3775 ) ),
 .UNSPECIFIED., .F., .F., .F. ) 
 B_SPLINE_SURFACE_WITH_KNOTS ( ( 3, 3 ),
 ( 4, 4 ),
 ( 0.000000000000000000, 1.000000000000000000 ),
 ( 0.004837499999999999786, 0.005112500000000000724 ),
 .UNSPECIFIED. ) 
 GEOMETRIC_REPRESENTATION_ITEM ( )  RATIONAL_B_SPLINE_SURFACE ( (
 ( 1.000000000000000000, 1.000000000000000000, 1.000000000000000000, 1.000000000000000000),
 ( 0.7071067811865475727, 0.7071067811865475727, 0.7071067811865475727, 0.7071067811865475727),
 ( 1.000000000000000000, 1.000000000000000000, 1.000000000000000000, 1.000000000000000000) ) ) 
 REPRESENTATION_ITEM ( '' )  SURFACE ( )  );
#2717 = DIRECTION ( 'NONE',  ( -1.000000000000000000, 0.000000000000000000, 0.000000000000000000 ) ) ;
#2718 = CARTESIAN_POINT ( 'NONE',  ( 8.850000000000004974, 0.02071067811865475936, 4.849999999999999645 ) ) ;
#2719 = EDGE_CURVE ( 'NONE', #4420, #4788, #3827, .T. ) ;
#2720 = EDGE_CURVE ( 'NONE', #3746, #2908, #4606, .T. ) ;
#2721 = CARTESIAN_POINT ( 'NONE',  ( 8.039999999999995595, -3.900000000000000355, -3.300000000000000711 ) ) ;
#2722 = VERTEX_POINT ( 'NONE', #4238 ) ;
#2723 = CARTESIAN_POINT ( 'NONE',  ( -8.900000000000003908, 0.05000000000000000278, -4.850000000000001421 ) ) ;
#2724 = ORIENTED_EDGE ( 'NONE', *, *, #1431, .F. ) ;
#2725 = CARTESIAN_POINT ( 'NONE',  ( -7.100000000000004086, 0.000000000000000000, 5.112499999999997158 ) ) ;
#2726 = ORIENTED_EDGE ( 'NONE', *, *, #1077, .T. ) ;
#2727 = EDGE_CURVE ( 'NONE', #381, #4192, #4165, .T. ) ;
#2728 = DIRECTION ( 'NONE',  ( 0.000000000000000000, 0.000000000000000000, -1.000000000000000000 ) ) ;
#2729 = ORIENTED_EDGE ( 'NONE', *, *, #2518, .T. ) ;
#2730 = DIRECTION ( 'NONE',  ( -1.000000000000000000, 0.000000000000000000, 0.000000000000000000 ) ) ;
#2731 = CARTESIAN_POINT ( 'NONE',  ( 0.000000000000000000, -0.2499999999999999445, -5.049999999999998934 ) ) ;
#2732 = FACE_OUTER_BOUND ( 'NONE', #529, .T. ) ;
#2733 = AXIS2_PLACEMENT_3D ( 'NONE', #573, #3571, #2090 ) ;
#2734 = ORIENTED_EDGE ( 'NONE', *, *, #3433, .T. ) ;
#2735 = VECTOR ( 'NONE', #2893, 1000.000000000000000 ) ;
#2736 = DIRECTION ( 'NONE',  ( -1.000000000000000000, 0.000000000000000000, 0.000000000000000000 ) ) ;
#2737 = ORIENTED_EDGE ( 'NONE', *, *, #2119, .T. ) ;
#2738 = AXIS2_PLACEMENT_3D ( 'NONE', #2543, #2988, #2493 ) ;
#2739 = CARTESIAN_POINT ( 'NONE',  ( 7.099999999999996980, -0.2999999999999999889, 5.112500000000000711 ) ) ;
#2740 = CIRCLE ( 'NONE', #321, 0.04999999999999969746 ) ;
#2741 = CARTESIAN_POINT ( 'NONE',  ( 8.039999999999995595, -4.400000000000000355, -3.388163490354233254 ) ) ;
#2742 = ORIENTED_EDGE ( 'NONE', *, *, #703, .T. ) ;
#2743 = CARTESIAN_POINT ( 'NONE',  ( 5.662830545030015372, -0.2206392732179476568, -4.850000000000039613 ) ) ;
#2744 = VERTEX_POINT ( 'NONE', #3461 ) ;
#2745 = VECTOR ( 'NONE', #1849, 1000.000000000000000 ) ;
#2746 = ADVANCED_FACE ( 'NONE', ( #2732 ), #2667, .T. ) ;
#2747 = EDGE_CURVE ( 'NONE', #2472, #2232, #4145, .T. ) ;
#2748 = LINE ( 'NONE', #467, #4472 ) ;
#2749 = ORIENTED_EDGE ( 'NONE', *, *, #419, .F. ) ;
#2750 = CARTESIAN_POINT ( 'NONE',  ( -7.238163490354237339, -4.400000000000000355, -4.049999999999999822 ) ) ;
#2751 = VECTOR ( 'NONE', #2712, 1000.000000000000000 ) ;
#2752 = DIRECTION ( 'NONE',  ( 0.1005667501613225351, 0.9949303135204948800, 2.174094390649876818E-15 ) ) ;
#2753 = CARTESIAN_POINT ( 'NONE',  ( -7.150000000000004796, 0.1000000000000000056, -4.049999999999999822 ) ) ;
#2754 = CARTESIAN_POINT ( 'NONE',  ( -7.150000000000004796, -3.900000000000000355, -3.549999999999999378 ) ) ;
#2755 = DIRECTION ( 'NONE',  ( 0.000000000000000000, 0.000000000000000000, 1.000000000000000000 ) ) ;
#2756 = EDGE_CURVE ( 'NONE', #3936, #1909, #4301, .T. ) ;
#2757 = FACE_OUTER_BOUND ( 'NONE', #830, .T. ) ;
#2758 = CIRCLE ( 'NONE', #3372, 0.04999999999999969746 ) ;
#2759 = CARTESIAN_POINT ( 'NONE',  ( 5.656643459472725510, -0.08581869388644380869, 4.850000000000001421 ) ) ;
#2760 = SURFACE_SIDE_STYLE ('',( #2071 ) ) ;
#2761 = DIRECTION ( 'NONE',  ( 0.000000000000000000, -0.9848077530122080203, -0.1736481776669307198 ) ) ;
#2762 = DIRECTION ( 'NONE',  ( 1.000000000000000000, -0.000000000000000000, -0.000000000000000000 ) ) ;
#2763 = AXIS2_PLACEMENT_3D ( 'NONE', #1277, #935, #2826 ) ;
#2764 = ORIENTED_EDGE ( 'NONE', *, *, #3249, .T. ) ;
#2765 = AXIS2_PLACEMENT_3D ( 'NONE', #395, #793, #857 ) ;
#2766 = DIRECTION ( 'NONE',  ( 0.000000000000000000, 0.000000000000000000, 1.000000000000000000 ) ) ;
#2767 = VERTEX_POINT ( 'NONE', #3434 ) ;
#2768 = AXIS2_PLACEMENT_3D ( 'NONE', #4162, #3111, #2687 ) ;
#2769 = CARTESIAN_POINT ( 'NONE',  ( 7.147486580264428291, 0.000000000000000000, 5.050000000000000711 ) ) ;
#2770 = CYLINDRICAL_SURFACE ( 'NONE', #715, 0.7500000000000006661 ) ;
#2771 = ORIENTED_EDGE ( 'NONE', *, *, #473, .T. ) ;
#2772 = CARTESIAN_POINT ( 'NONE',  ( 5.621051117350193138, -0.1483756555017611278, -4.899999999999959499 ) ) ;
#2773 = CARTESIAN_POINT ( 'NONE',  ( -5.668994164560658966, -0.1314047628513043131, 5.099999999999997868 ) ) ;
#2774 = ORIENTED_EDGE ( 'NONE', *, *, #1975, .T. ) ;
#2775 = CARTESIAN_POINT ( 'NONE',  ( -8.850000000000003197, 0.05000000000000000278, 4.899999999999999467 ) ) ;
#2776 = ORIENTED_EDGE ( 'NONE', *, *, #2368, .T. ) ;
#2777 = CARTESIAN_POINT ( 'NONE',  ( -5.602259935411597169, -0.04497166249194785997, -4.900000000000000355 ) ) ;
#2778 = VECTOR ( 'NONE', #3079, 1000.000000000000000 ) ;
#2779 = FACE_OUTER_BOUND ( 'NONE', #4380, .T. ) ;
#2780 = EDGE_CURVE ( 'NONE', #4143, #1556, #2931, .T. ) ;
#2781 = CARTESIAN_POINT ( 'NONE',  ( -9.050000000000004263, 15.15000000000000036, 5.050000000000000711 ) ) ;
#2782 = CARTESIAN_POINT ( 'NONE',  ( 5.602259935411591840, -0.04497166249194795712, 5.049999999999999822 ) ) ;
#2783 = CARTESIAN_POINT ( 'NONE',  ( 7.639999999999996128, -3.900000000000000355, -4.300000000000001599 ) ) ;
#2784 = CARTESIAN_POINT ( 'NONE',  ( -6.900000000000004796, -0.2499999999999999445, 5.100000000000000533 ) ) ;
#2785 = CARTESIAN_POINT ( 'NONE',  ( -9.050000000000004263, 15.15000000000000036, 0.000000000000000000 ) ) ;
#2786 = EDGE_CURVE ( 'NONE', #1628, #4498, #3132, .T. ) ;
#2787 = CARTESIAN_POINT ( 'NONE',  ( -5.718602811621352977, -0.2097064609223676657, -5.099999999999996980 ) ) ;
#2788 = EDGE_LOOP ( 'NONE', ( #1729, #1744, #611, #1296 ) ) ;
#2789 = DIRECTION ( 'NONE',  ( -1.000000000000000000, 0.000000000000000000, 0.000000000000000000 ) ) ;
#2790 = CARTESIAN_POINT ( 'NONE',  ( -5.800000000000002487, -0.2496464466094067414, -4.850000000000001421 ) ) ;
#2791 = EDGE_LOOP ( 'NONE', ( #4802, #3930, #2709, #1676 ) ) ;
#2792 = CARTESIAN_POINT ( 'NONE',  ( 6.981397188378668517, -0.2097064609223615594, 5.100000000000002309 ) ) ;
#2793 = DIRECTION ( 'NONE',  ( -0.000000000000000000, -1.000000000000000000, -0.000000000000000000 ) ) ;
#2794 = ORIENTED_EDGE ( 'NONE', *, *, #560, .F. ) ;
#2795 = CARTESIAN_POINT ( 'NONE',  ( 8.850000000000004974, 0.1000000000000000056, -4.850000000000001421 ) ) ;
#2796 = ORIENTED_EDGE ( 'NONE', *, *, #3129, .T. ) ;
#2797 = CARTESIAN_POINT ( 'NONE',  ( -5.703859365461642739, -0.1916826843490212484, -5.099999999999996980 ) ) ;
#2798 = VERTEX_POINT ( 'NONE', #4188 ) ;
#2799 = FACE_OUTER_BOUND ( 'NONE', #112, .T. ) ;
#2800 = FACE_OUTER_BOUND ( 'NONE', #4041, .T. ) ;
#2801 = CARTESIAN_POINT ( 'NONE',  ( -7.037169454969999904, -0.2206392732179496829, 5.100000000000000533 ) ) ;
#2802 = SPHERICAL_SURFACE ( 'NONE', #4148, 0.05000000000000000278 ) ;
#2803 = PLANE ( 'NONE',  #4285 ) ;
#2804 = CARTESIAN_POINT ( 'NONE',  ( 6.899999999999999467, -0.2492928932188135105, -5.099999999999996092 ) ) ;
#2805 = B_SPLINE_CURVE_WITH_KNOTS ( 'NONE', 3,
 ( #3053, #435, #1930, #4569, #1955, #4101, #2257, #3373 ),
 .UNSPECIFIED., .F., .F.,
 ( 4, 2, 2, 4 ),
 ( 0.000000000000000000, 6.947132448068536227E-05, 0.0001389426489613707245, 0.0002778852979227427501 ),
 .UNSPECIFIED. ) ;
#2806 = DIRECTION ( 'NONE',  ( -1.000000000000000000, 2.642742795433410353E-15, 0.000000000000000000 ) ) ;
#2807 = VERTEX_POINT ( 'NONE', #2321 ) ;
#2808 = EDGE_CURVE ( 'NONE', #1803, #3504, #3804, .T. ) ;
#2809 = ADVANCED_FACE ( 'NONE', ( #1999 ), #499, .T. ) ;
#2810 = CLOSED_SHELL ( 'NONE', ( #3342, #1139, #4442, #3873, #4588, #667, #4256, #1275, #3814, #1601 ) ) ;
#2811 = CARTESIAN_POINT ( 'NONE',  ( -5.652006451087623340, -0.03994332498388147162, 5.050000000000000711 ) ) ;
#2812 = LINE ( 'NONE', #2129, #2525 ) ;
#2813 = ORIENTED_EDGE ( 'NONE', *, *, #1237, .T. ) ;
#2814 = VECTOR ( 'NONE', #4279, 1000.000000000000000 ) ;
#2815 = DIRECTION ( 'NONE',  ( 0.000000000000000000, -1.000000000000000000, 0.000000000000000000 ) ) ;
#2816 = VECTOR ( 'NONE', #2038, 1000.000000000000000 ) ;
#2817 = VERTEX_POINT ( 'NONE', #2414 ) ;
#2818 = CARTESIAN_POINT ( 'NONE',  ( 5.680213778241019362, -0.2438476363765144372, -4.849999999999981881 ) ) ;
#2819 = ORIENTED_EDGE ( 'NONE', *, *, #4774, .T. ) ;
#2820 = CARTESIAN_POINT ( 'NONE',  ( -7.150000000000004796, -3.900000000000000355, 3.549999999999999822 ) ) ;
#2821 = CIRCLE ( 'NONE', #2197, 0.04999999999999969746 ) ;
#2822 = ORIENTED_EDGE ( 'NONE', *, *, #3725, .F. ) ;
#2823 = CARTESIAN_POINT ( 'NONE',  ( -8.900000000000003908, 0.000000000000000000, 4.899999999999999467 ) ) ;
#2824 = CARTESIAN_POINT ( 'NONE',  ( -7.092501288939326187, -0.09680009177564102840, -5.049999999999859490 ) ) ;
#2825 = CARTESIAN_POINT ( 'NONE',  ( 7.097740064588402120, -0.04497166249194780446, 4.900000000000000355 ) ) ;
#2826 = DIRECTION ( 'NONE',  ( 1.000000000000000000, 0.000000000000000000, 0.000000000000000000 ) ) ;
#2827 = VECTOR ( 'NONE', #4581, 1000.000000000000000 ) ;
#2828 = CARTESIAN_POINT ( 'NONE',  ( 7.639999999999996128, -3.900000000000000355, -4.300000000000001599 ) ) ;
#2829 = CARTESIAN_POINT ( 'NONE',  ( 7.037169605723915033, -0.2206393603763329991, -5.049999999999998934 ) ) ;
#2830 = VECTOR ( 'NONE', #2582, 1000.000000000000000 ) ;
#2831 = CARTESIAN_POINT ( 'NONE',  ( -7.147486580264436284, 0.05000000000000000278, 4.899999999999999467 ) ) ;
#2832 = CARTESIAN_POINT ( 'NONE',  ( 5.552513419735568334, -0.05000000000000034972, -4.899999999999999467 ) ) ;
#2833 = CARTESIAN_POINT ( 'NONE',  ( -5.680213778241031797, -0.2438476363765053057, -5.100000000000017408 ) ) ;
#2834 = EDGE_LOOP ( 'NONE', ( #3560, #3619, #1335 ) ) ;
#2835 = AXIS2_PLACEMENT_3D ( 'NONE', #4562, #1210, #828 ) ;
#2836 = EDGE_CURVE ( 'NONE', #2576, #2380, #4284, .T. ) ;
#2837 = VECTOR ( 'NONE', #4722, 1000.000000000000000 ) ;
#2838 = CARTESIAN_POINT ( 'NONE',  ( 5.718602811621346760, -0.2097064609223670550, 5.099999999999998757 ) ) ;
#2839 = EDGE_CURVE ( 'NONE', #307, #2576, #3291, .T. ) ;
#2840 = ORIENTED_EDGE ( 'NONE', *, *, #922, .T. ) ;
#2841 = VECTOR ( 'NONE', #3739, 1000.000000000000000 ) ;
#2842 = LINE ( 'NONE', #3876, #4641 ) ;
#2843 = EDGE_CURVE ( 'NONE', #4760, #1162, #942, .T. ) ;
#2844 = ORIENTED_EDGE ( 'NONE', *, *, #987, .T. ) ;
#2845 = CARTESIAN_POINT ( 'NONE',  ( 5.704367503179602394, -0.1911749808269741779, -4.850000000000001421 ) ) ;
#2846 = ORIENTED_EDGE ( 'NONE', *, *, #4330, .T. ) ;
#2847 = CARTESIAN_POINT ( 'NONE',  ( -7.150000000000004796, -3.900000000000000355, -4.049999999999999822 ) ) ;
#2848 = EDGE_LOOP ( 'NONE', ( #3820, #1570, #778, #863 ) ) ;
#2849 = DIRECTION ( 'NONE',  ( -0.000000000000000000, -0.000000000000000000, -1.000000000000000000 ) ) ;
#2850 = CARTESIAN_POINT ( 'NONE',  ( -6.923533637261722440, -0.2492922824403186188, 5.100000000000000533 ) ) ;
#2851 = FACE_OUTER_BOUND ( 'NONE', #3957, .T. ) ;
#2852 = CYLINDRICAL_SURFACE ( 'NONE', #2733, 0.04999999999999969746 ) ;
#2853 = CARTESIAN_POINT ( 'NONE',  ( 5.238163490354225793, -4.400000000000000355, 4.211836509645763726 ) ) ;
#2854 = VECTOR ( 'NONE', #768, 1000.000000000000000 ) ;
#2855 = CARTESIAN_POINT ( 'NONE',  ( -7.078949184157667496, -0.1483758298185890445, -4.849999999999877076 ) ) ;
#2856 = PLANE ( 'NONE',  #4604 ) ;
#2857 = DIRECTION ( 'NONE',  ( 0.000000000000000000, 1.000000000000000000, 0.000000000000000000 ) ) ;
#2858 = CARTESIAN_POINT ( 'NONE',  ( -5.652006451087622452, -0.03994332498388181163, -5.099999999999998757 ) ) ;
#2859 = ORIENTED_EDGE ( 'NONE', *, *, #3551, .F. ) ;
#2860 = CARTESIAN_POINT ( 'NONE',  ( 6.899999999999998579, -0.2999999999999999889, -5.112499999999998934 ) ) ;
#2861 = CARTESIAN_POINT ( 'NONE',  ( 7.639999999999996128, -3.900000000000000355, -3.300000000000001155 ) ) ;
#2862 = ORIENTED_EDGE ( 'NONE', *, *, #4808, .F. ) ;
#2863 = CARTESIAN_POINT ( 'NONE',  ( -7.037169605723907928, -0.2206393603763555922, 5.050000000000000711 ) ) ;
#2864 =( NAMED_UNIT ( * ) SI_UNIT ( $, .STERADIAN. ) SOLID_ANGLE_UNIT ( ) );
#2865 = ORIENTED_EDGE ( 'NONE', *, *, #4743, .F. ) ;
#2866 = CARTESIAN_POINT ( 'NONE',  ( -7.037169605723910593, -0.2206393603763501243, 4.899999999999999467 ) ) ;
#2867 = CARTESIAN_POINT ( 'NONE',  ( 7.147486580264430067, 0.000000000000000000, -5.099999999999998757 ) ) ;
#2868 = EDGE_CURVE ( 'NONE', #480, #3446, #4540, .T. ) ;
#2869 = EDGE_CURVE ( 'NONE', #2708, #1571, #3532, .T. ) ;
#2870 = CARTESIAN_POINT ( 'NONE',  ( 6.923639019412616946, -0.2496458327427770740, -4.850000000000002309 ) ) ;
#2871 = LINE ( 'NONE', #277, #2735 ) ;
#2872 = DIRECTION ( 'NONE',  ( 1.000000000000000000, 0.000000000000000000, 0.000000000000000000 ) ) ;
#2873 = CARTESIAN_POINT ( 'NONE',  ( 9.049999999999997158, 15.15000000000000036, 5.050000000000000711 ) ) ;
#2874 = VERTEX_POINT ( 'NONE', #1668 ) ;
#2875 =( BOUNDED_SURFACE ( )  B_SPLINE_SURFACE ( 2, 3, ( 
 ( #4422, #745, #4402, #2138 ),
 ( #295, #275, #3621, #3324 ),
 ( #3253, #4053, #3346, #4081 ) ),
 .UNSPECIFIED., .F., .F., .F. ) 
 B_SPLINE_SURFACE_WITH_KNOTS ( ( 3, 3 ),
 ( 4, 4 ),
 ( 0.000000000000000000, 1.000000000000000000 ),
 ( -0.005112499999999998990, -0.004837499999999999786 ),
 .UNSPECIFIED. ) 
 GEOMETRIC_REPRESENTATION_ITEM ( )  RATIONAL_B_SPLINE_SURFACE ( (
 ( 1.000000000000000000, 1.000000000000000000, 1.000000000000000000, 1.000000000000000000),
 ( 0.7071067811865475727, 0.7071067811865475727, 0.7071067811865475727, 0.7071067811865475727),
 ( 1.000000000000000000, 1.000000000000000000, 1.000000000000000000, 1.000000000000000000) ) ) 
 REPRESENTATION_ITEM ( '' )  SURFACE ( )  );
#2876 = CARTESIAN_POINT ( 'NONE',  ( 7.047993548912379502, -0.03994332498388131897, -5.100000000000000533 ) ) ;
#2877 = CARTESIAN_POINT ( 'NONE',  ( -6.900000000000003020, -0.2999999999999999334, -4.899999999999999467 ) ) ;
#2878 = CARTESIAN_POINT ( 'NONE',  ( 5.669064527959367439, -0.1315785031656097892, 5.100000000000000533 ) ) ;
#2879 = DIRECTION ( 'NONE',  ( 0.000000000000000000, 0.000000000000000000, -1.000000000000000000 ) ) ;
#2880 = CARTESIAN_POINT ( 'NONE',  ( -5.718335145533209207, -0.2099445089812470300, -5.099999999999996980 ) ) ;
#2881 = ORIENTED_EDGE ( 'NONE', *, *, #812, .T. ) ;
#2882 = CARTESIAN_POINT ( 'NONE',  ( 5.652709973059114823, -0.03987221355288089741, 5.100000000000000533 ) ) ;
#2883 = EDGE_CURVE ( 'NONE', #1633, #1776, #90, .T. ) ;
#2884 = DIRECTION ( 'NONE',  ( 1.000000000000000000, 0.000000000000000000, 0.000000000000000000 ) ) ;
#2885 = EDGE_LOOP ( 'NONE', ( #3259, #2350, #3584, #3400 ) ) ;
#2886 = FACE_BOUND ( 'NONE', #3272, .T. ) ;
#2887 = DIRECTION ( 'NONE',  ( 0.000000000000000000, 0.000000000000000000, 1.000000000000000000 ) ) ;
#2888 = ORIENTED_EDGE ( 'NONE', *, *, #1234, .F. ) ;
#2889 = CARTESIAN_POINT ( 'NONE',  ( -9.100000000000003197, 0.000000000000000000, 5.050000000000000711 ) ) ;
#2890 = CARTESIAN_POINT ( 'NONE',  ( -7.150000000000004796, 0.1000000000000000056, 3.549999999999999822 ) ) ;
#2891 = AXIS2_PLACEMENT_3D ( 'NONE', #251, #4424, #1766 ) ;
#2892 = CARTESIAN_POINT ( 'NONE',  ( -6.996140634538360992, -0.1916826843490258003, 4.850000000000002309 ) ) ;
#2893 = DIRECTION ( 'NONE',  ( 1.000000000000000000, 0.000000000000000000, 0.000000000000000000 ) ) ;
#2894 = CYLINDRICAL_SURFACE ( 'NONE', #1415, 0.04999999999999969746 ) ;
#2895 = DIRECTION ( 'NONE',  ( 0.000000000000000000, -1.000000000000000000, 0.000000000000000000 ) ) ;
#2896 = EDGE_CURVE ( 'NONE', #972, #3236, #3445, .T. ) ;
#2897 = VERTEX_POINT ( 'NONE', #3241 ) ;
#2898 = AXIS2_PLACEMENT_3D ( 'NONE', #304, #1794, #4778 ) ;
#2899 = VECTOR ( 'NONE', #2436, 1000.000000000000000 ) ;
#2900 = CARTESIAN_POINT ( 'NONE',  ( 5.552513419735568334, 0.000000000000000000, -5.049999999999998934 ) ) ;
#2901 = CARTESIAN_POINT ( 'NONE',  ( 8.099999999999997868, 15.19999999999999929, 4.100000000000000533 ) ) ;
#2902 = CARTESIAN_POINT ( 'NONE',  ( -9.050000000000004263, 15.15000000000000036, 5.050000000000000711 ) ) ;
#2903 = CIRCLE ( 'NONE', #3511, 0.04999999999999969746 ) ;
#2904 = DIRECTION ( 'NONE',  ( 0.000000000000000000, -1.000000000000000000, 0.000000000000000000 ) ) ;
#2905 = EDGE_CURVE ( 'NONE', #2100, #171, #1796, .T. ) ;
#2906 = CYLINDRICAL_SURFACE ( 'NONE', #1343, 1.000000000000000666 ) ;
#2907 = EDGE_CURVE ( 'NONE', #4711, #3318, #4111, .T. ) ;
#2908 = VERTEX_POINT ( 'NONE', #1870 ) ;
#2909 = TOROIDAL_SURFACE ( 'NONE', #2363, 0.1000000000000000056, 0.05000000000000000278 ) ;
#2910 = STYLED_ITEM ( 'NONE', ( #3267 ), #2559 ) ;
#2911 = ORIENTED_EDGE ( 'NONE', *, *, #1376, .F. ) ;
#2912 = CARTESIAN_POINT ( 'NONE',  ( -7.097740064588411002, -0.04497166249193153970, 5.050000000000000711 ) ) ;
#2913 = AXIS2_PLACEMENT_3D ( 'NONE', #4305, #3497, #2114 ) ;
#2914 = PLANE ( 'NONE',  #3822 ) ;
#2915 = VERTEX_POINT ( 'NONE', #4826 ) ;
#2916 = CARTESIAN_POINT ( 'NONE',  ( 5.449999999999993072, -3.900000000000000355, 3.299999999999997158 ) ) ;
#2917 = VECTOR ( 'NONE', #595, 1000.000000000000000 ) ;
#2918 = CARTESIAN_POINT ( 'NONE',  ( -7.147486580264432732, 0.000000000000000000, -4.899999999999999467 ) ) ;
#2919 = CARTESIAN_POINT ( 'NONE',  ( 7.019785807144809375, -0.2438471263513056209, -4.900000000000010125 ) ) ;
#2920 = SPHERICAL_SURFACE ( 'NONE', #2891, 0.05000000000000000278 ) ;
#2921 = DIRECTION ( 'NONE',  ( 1.000000000000000000, -0.000000000000000000, -0.000000000000000000 ) ) ;
#2922 = DIRECTION ( 'NONE',  ( 0.1710878697460358477, 0.9702875252478136980, 0.1710878697460360420 ) ) ;
#2923 = ORIENTED_EDGE ( 'NONE', *, *, #1851, .T. ) ;
#2924 = EDGE_CURVE ( 'NONE', #2998, #2481, #2136, .T. ) ;
#2925 = CARTESIAN_POINT ( 'NONE',  ( -7.147486580264436284, -0.04999999999999975991, 4.850000000000001421 ) ) ;
#2926 = DIRECTION ( 'NONE',  ( 0.000000000000000000, 0.000000000000000000, -1.000000000000000000 ) ) ;
#2927 = ADVANCED_FACE ( 'NONE', ( #2640 ), #1036, .T. ) ;
#2928 = FACE_OUTER_BOUND ( 'NONE', #1596, .T. ) ;
#2929 = CARTESIAN_POINT ( 'NONE',  ( -5.800000000000003375, -0.2499999999999999445, -4.850000000000001421 ) ) ;
#2930 = ORIENTED_EDGE ( 'NONE', *, *, #1655, .T. ) ;
#2931 = B_SPLINE_CURVE_WITH_KNOTS ( 'NONE', 3,
 ( #4212, #1976, #1599, #1165, #87, #3047, #1618, #2372 ),
 .UNSPECIFIED., .F., .F.,
 ( 4, 2, 2, 4 ),
 ( 0.000000000000000000, 6.947132448068182506E-05, 0.0001389426489613636501, 0.0002778852979227273002 ),
 .UNSPECIFIED. ) ;
#2932 = EDGE_CURVE ( 'NONE', #434, #4835, #1090, .T. ) ;
#2933 = CARTESIAN_POINT ( 'NONE',  ( 5.657338472060133405, -0.08566339491221988678, 5.100000000000002309 ) ) ;
#2934 = CARTESIAN_POINT ( 'NONE',  ( 5.718602811621308568, -0.2097064609223555642, -5.100000000000001421 ) ) ;
#2935 = ORIENTED_EDGE ( 'NONE', *, *, #2698, .T. ) ;
#2936 = ORIENTED_EDGE ( 'NONE', *, *, #3, .F. ) ;
#2937 = CARTESIAN_POINT ( 'NONE',  ( -7.043009034233524979, -0.08574104439931971855, 5.100000000000000533 ) ) ;
#2938 = DIRECTION ( 'NONE',  ( 1.000000000000000000, 0.000000000000000000, 0.000000000000000000 ) ) ;
#2939 = PRODUCT_DEFINITION_CONTEXT ( 'detailed design', #3682, 'design' ) ;
#2940 = EDGE_LOOP ( 'NONE', ( #4488, #3723, #2724, #907 ) ) ;
#2941 = CARTESIAN_POINT ( 'NONE',  ( -7.030327814099599060, -0.1311647557205838366, 4.850000000000001421 ) ) ;
#2942 = CARTESIAN_POINT ( 'NONE',  ( 6.945579143070743200, -0.2397343563014016077, -4.850000000000001421 ) ) ;
#2943 = DIRECTION ( 'NONE',  ( 0.000000000000000000, 0.000000000000000000, 1.000000000000000000 ) ) ;
#2944 = CARTESIAN_POINT ( 'NONE',  ( -7.097740064588408337, -0.04497166249194763099, -5.049999999999998934 ) ) ;
#2945 = CARTESIAN_POINT ( 'NONE',  ( 8.099999999999997868, 15.19999999999999929, 4.850000000000001421 ) ) ;
#2946 = ORIENTED_EDGE ( 'NONE', *, *, #3576, .T. ) ;
#2947 = DIRECTION ( 'NONE',  ( 0.000000000000000000, 0.000000000000000000, -1.000000000000000000 ) ) ;
#2948 = DIRECTION ( 'NONE',  ( 0.000000000000000000, 0.000000000000000000, 1.000000000000000000 ) ) ;
#2949 = FACE_OUTER_BOUND ( 'NONE', #3150, .T. ) ;
#2950 = DIRECTION ( 'NONE',  ( 0.000000000000000000, 0.000000000000000000, 1.000000000000000000 ) ) ;
#2951 = ORIENTED_EDGE ( 'NONE', *, *, #1431, .T. ) ;
#2952 = DIRECTION ( 'NONE',  ( 0.000000000000000000, 0.000000000000000000, -1.000000000000000000 ) ) ;
#2953 = CARTESIAN_POINT ( 'NONE',  ( 5.704077888304679433, -0.1913804194949852433, -5.099999999999998757 ) ) ;
#2954 = ORIENTED_EDGE ( 'NONE', *, *, #2552, .T. ) ;
#2955 = ADVANCED_FACE ( 'NONE', ( #2266 ), #2906, .F. ) ;
#2956 = EDGE_CURVE ( 'NONE', #3318, #2241, #3706, .T. ) ;
#2957 = PLANE ( 'NONE',  #2145 ) ;
#2958 = CARTESIAN_POINT ( 'NONE',  ( 5.449999999999993072, -3.900000000000000355, 3.299999999999997158 ) ) ;
#2959 = EDGE_LOOP ( 'NONE', ( #2776, #1544, #1609, #2144 ) ) ;
#2960 = DIRECTION ( 'NONE',  ( 0.000000000000000000, 0.000000000000000000, -1.000000000000000000 ) ) ;
#2961 = EDGE_CURVE ( 'NONE', #381, #2897, #2973, .T. ) ;
#2962 = DIRECTION ( 'NONE',  ( 0.000000000000000000, -0.9848077530122080203, -0.1736481776669307198 ) ) ;
#2963 = DIRECTION ( 'NONE',  ( 1.000000000000000000, 0.000000000000000000, 0.000000000000000000 ) ) ;
#2964 = CARTESIAN_POINT ( 'NONE',  ( 6.923541329706880632, -0.2499999999999998890, 5.099999999999999645 ) ) ;
#2965 = CIRCLE ( 'NONE', #4833, 0.1000000000000002554 ) ;
#2966 = DIRECTION ( 'NONE',  ( 0.1005667501613206616, -0.9949303135204951021, -2.855789679687300736E-13 ) ) ;
#2967 = DIRECTION ( 'NONE',  ( 0.000000000000000000, 0.000000000000000000, 1.000000000000000000 ) ) ;
#2968 = ORIENTED_EDGE ( 'NONE', *, *, #2656, .T. ) ;
#2969 = DIRECTION ( 'NONE',  ( 1.000000000000000000, 0.000000000000000000, 0.000000000000000000 ) ) ;
#2970 = AXIS2_PLACEMENT_3D ( 'NONE', #941, #2072, #1358 ) ;
#2971 = CARTESIAN_POINT ( 'NONE',  ( -7.097740064588409226, -0.04497166249194773507, 4.900000000000000355 ) ) ;
#2972 = DIRECTION ( 'NONE',  ( 1.000000000000000000, 0.000000000000000000, 0.000000000000000000 ) ) ;
#2973 = LINE ( 'NONE', #1052, #647 ) ;
#2974 = AXIS2_PLACEMENT_3D ( 'NONE', #3139, #4655, #600 ) ;
#2975 = ORIENTED_EDGE ( 'NONE', *, *, #2461, .T. ) ;
#2976 = DIRECTION ( 'NONE',  ( 0.000000000000000000, 0.000000000000000000, 1.000000000000000000 ) ) ;
#2977 = VECTOR ( 'NONE', #2651, 1000.000000000000000 ) ;
#2978 = CARTESIAN_POINT ( 'NONE',  ( 5.621051117350195803, -0.1483756555017642365, -5.049999999999998934 ) ) ;
#2979 = ORIENTED_EDGE ( 'NONE', *, *, #3015, .T. ) ;
#2980 = AXIS2_PLACEMENT_3D ( 'NONE', #2307, #1838, #3696 ) ;
#2981 = AXIS2_PLACEMENT_3D ( 'NONE', #247, #2952, #1054 ) ;
#2982 = ADVANCED_FACE ( 'NONE', ( #1407 ), #3610, .T. ) ;
#2983 = VERTEX_POINT ( 'NONE', #2618 ) ;
#2984 = DIRECTION ( 'NONE',  ( -1.000000000000000000, 0.000000000000000000, 0.000000000000000000 ) ) ;
#2985 =( BOUNDED_CURVE ( )  B_SPLINE_CURVE ( 3, ( #3985, #1065, #372, #1862 ),
 .UNSPECIFIED., .F., .F. ) 
 B_SPLINE_CURVE_WITH_KNOTS ( ( 4, 4 ),
 ( 0.000000000000000000, 1.570796326794896558 ),
 .UNSPECIFIED. ) 
 CURVE ( )  GEOMETRIC_REPRESENTATION_ITEM ( )  RATIONAL_B_SPLINE_CURVE ( ( 1.000000000000000000, 0.8047378541243649375, 0.8047378541243649375, 1.000000000000000000 ) ) 
 REPRESENTATION_ITEM ( '' )  );
#2986 = FACE_OUTER_BOUND ( 'NONE', #4477, .T. ) ;
#2987 = CARTESIAN_POINT ( 'NONE',  ( 6.899999999999998579, -0.2499999999999999445, 5.050000000000000711 ) ) ;
#2988 = DIRECTION ( 'NONE',  ( 0.000000000000000000, 0.000000000000000000, 1.000000000000000000 ) ) ;
#2989 = EDGE_CURVE ( 'NONE', #2983, #4498, #2545, .T. ) ;
#2990 = AXIS2_PLACEMENT_3D ( 'NONE', #3109, #4599, #4206 ) ;
#2991 = CARTESIAN_POINT ( 'NONE',  ( -5.718602811621346760, -0.2097064609223733278, -4.850000000000002309 ) ) ;
#2992 = CARTESIAN_POINT ( 'NONE',  ( -5.703788273429717393, -0.1915858581630081880, 4.850000000000001421 ) ) ;
#2993 = VERTEX_POINT ( 'NONE', #2173 ) ;
#2994 = LINE ( 'NONE', #2263, #2619 ) ;
#2995 = AXIS2_PLACEMENT_3D ( 'NONE', #1241, #3516, #2008 ) ;
#2996 = CARTESIAN_POINT ( 'NONE',  ( -7.047993548912383943, -0.03994332498388145081, -5.099999999999998757 ) ) ;
#2997 = CARTESIAN_POINT ( 'NONE',  ( -6.945400771172602461, -0.2394237240209247941, -5.100000000000001421 ) ) ;
#2998 = VERTEX_POINT ( 'NONE', #2929 ) ;
#2999 = ORIENTED_EDGE ( 'NONE', *, *, #471, .T. ) ;
#3000 = CARTESIAN_POINT ( 'NONE',  ( -5.776255598436472738, -0.2499993830452319210, 5.100000000000000533 ) ) ;
#3001 = VERTEX_POINT ( 'NONE', #3264 ) ;
#3002 = DIRECTION ( 'NONE',  ( 0.000000000000000000, 0.000000000000000000, -1.000000000000000000 ) ) ;
#3003 =( BOUNDED_CURVE ( )  B_SPLINE_CURVE ( 3, ( #1713, #3525, #3160, #4278 ),
 .UNSPECIFIED., .F., .F. ) 
 B_SPLINE_CURVE_WITH_KNOTS ( ( 4, 4 ),
 ( 0.000000000000000000, 1.570796326794896558 ),
 .UNSPECIFIED. ) 
 CURVE ( )  GEOMETRIC_REPRESENTATION_ITEM ( )  RATIONAL_B_SPLINE_CURVE ( ( 1.000000000000000000, 0.8047378541243649375, 0.8047378541243649375, 1.000000000000000000 ) ) 
 REPRESENTATION_ITEM ( '' )  );
#3004 = CARTESIAN_POINT ( 'NONE',  ( 5.607498711060681096, -0.09680009177564097289, -5.050000000000018474 ) ) ;
#3005 = VERTEX_POINT ( 'NONE', #4756 ) ;
#3006 = AXIS2_PLACEMENT_3D ( 'NONE', #831, #1604, #48 ) ;
#3007 = CARTESIAN_POINT ( 'NONE',  ( 7.037169454970020332, -0.2206392732179435490, 4.850000000000008527 ) ) ;
#3008 = ORIENTED_EDGE ( 'NONE', *, *, #2243, .T. ) ;
#3009 = CARTESIAN_POINT ( 'NONE',  ( -5.552513419735571887, -0.04999999999999989869, 5.050000000000000711 ) ) ;
#3010 = PLANE ( 'NONE',  #4140 ) ;
#3011 = CARTESIAN_POINT ( 'NONE',  ( -5.703859365461591224, -0.1916826843489422838, 4.850000000000002309 ) ) ;
#3012 = CARTESIAN_POINT ( 'NONE',  ( -5.800000000000002487, -0.2500000000000000000, -4.850000000000001421 ) ) ;
#3013 = CARTESIAN_POINT ( 'NONE',  ( -5.552513419735571887, -0.04999999999999989869, 4.899999999999999467 ) ) ;
#3014 = EDGE_LOOP ( 'NONE', ( #4413, #3251, #1416, #1313 ) ) ;
#3015 = EDGE_CURVE ( 'NONE', #2245, #2767, #3329, .T. ) ;
#3016 = ADVANCED_FACE ( 'NONE', ( #3680 ), #334, .F. ) ;
#3017 = CARTESIAN_POINT ( 'NONE',  ( -6.900000000000003908, -0.2999999999999999889, 4.837499999999999467 ) ) ;
#3018 = ORIENTED_EDGE ( 'NONE', *, *, #1943, .T. ) ;
#3019 = CARTESIAN_POINT ( 'NONE',  ( 6.899999999999998579, -0.2499999999999999445, 4.850000000000001421 ) ) ;
#3020 = FACE_OUTER_BOUND ( 'NONE', #1550, .T. ) ;
#3021 = EDGE_LOOP ( 'NONE', ( #2681, #2693, #185, #3637 ) ) ;
#3022 = ORIENTED_EDGE ( 'NONE', *, *, #3587, .F. ) ;
#3023 = CARTESIAN_POINT ( 'NONE',  ( -7.047993548912383943, -0.03994332498388178387, -4.899999999999999467 ) ) ;
#3024 = FACE_OUTER_BOUND ( 'NONE', #4408, .T. ) ;
#3025 = VERTEX_POINT ( 'NONE', #2754 ) ;
#3026 = VERTEX_POINT ( 'NONE', #1994 ) ;
#3027 = CARTESIAN_POINT ( 'NONE',  ( -8.850000000000003197, 0.1000000000000000056, 4.850000000000001421 ) ) ;
#3028 = DIRECTION ( 'NONE',  ( 0.000000000000000000, 0.000000000000000000, -1.000000000000000000 ) ) ;
#3029 = CARTESIAN_POINT ( 'NONE',  ( 8.900000000000005684, 0.000000000000000000, 4.899999999999999467 ) ) ;
#3030 = CARTESIAN_POINT ( 'NONE',  ( 8.039999999999995595, -3.900000000000000355, -4.300000000000001599 ) ) ;
#3031 = CARTESIAN_POINT ( 'NONE',  ( 5.776466362738275073, -0.2492922824403236426, -4.850000000000001421 ) ) ;
#3032 = ORIENTED_EDGE ( 'NONE', *, *, #282, .T. ) ;
#3033 = PLANE ( 'NONE',  #3235 ) ;
#3034 = ADVANCED_FACE ( 'NONE', ( #4133 ), #3845, .F. ) ;
#3035 = VERTEX_POINT ( 'NONE', #4180 ) ;
#3036 = CARTESIAN_POINT ( 'NONE',  ( -7.238163490354237339, -4.400000000000000355, 3.549999999999999822 ) ) ;
#3037 = EDGE_CURVE ( 'NONE', #3060, #1005, #1968, .T. ) ;
#3038 = DIRECTION ( 'NONE',  ( 1.000000000000000000, 0.000000000000000000, 0.000000000000000000 ) ) ;
#3039 = ORIENTED_EDGE ( 'NONE', *, *, #3458, .T. ) ;
#3040 = CARTESIAN_POINT ( 'NONE',  ( -5.680213778241044231, -0.2438476363765013921, 5.100000000000000533 ) ) ;
#3041 = VECTOR ( 'NONE', #3498, 1000.000000000000000 ) ;
#3042 = ORIENTED_EDGE ( 'NONE', *, *, #3250, .T. ) ;
#3043 = CYLINDRICAL_SURFACE ( 'NONE', #1268, 0.04999999999999969746 ) ;
#3044 = CARTESIAN_POINT ( 'NONE',  ( 5.149999999999993250, -3.900000000000000355, 4.299999999999996270 ) ) ;
#3045 = COLOUR_RGB ( '',0.7921568627450980005, 0.8196078431372548767, 0.9333333333333333481 ) ;
#3046 = ADVANCED_FACE ( 'NONE', ( #426 ), #3218, .T. ) ;
#3047 = CARTESIAN_POINT ( 'NONE',  ( 7.030935472040626522, -0.1315785031656204196, -4.850000000000000533 ) ) ;
#3048 = ORIENTED_EDGE ( 'NONE', *, *, #1519, .T. ) ;
#3049 = AXIS2_PLACEMENT_3D ( 'NONE', #4725, #2587, #2948 ) ;
#3050 = CARTESIAN_POINT ( 'NONE',  ( 7.092501288939316417, -0.09680009177561682554, 4.899999999999879563 ) ) ;
#3051 = CIRCLE ( 'NONE', #2279, 0.04999999999999969746 ) ;
#3052 = VERTEX_POINT ( 'NONE', #2338 ) ;
#3053 = CARTESIAN_POINT ( 'NONE',  ( -6.900000000000004796, -0.2499999999999999445, -5.099999999999998757 ) ) ;
#3054 = AXIS2_PLACEMENT_3D ( 'NONE', #1598, #1533, #3093 ) ;
#3055 = DIRECTION ( 'NONE',  ( -0.000000000000000000, -0.000000000000000000, -1.000000000000000000 ) ) ;
#3056 = SPHERICAL_SURFACE ( 'NONE', #2274, 0.05000000000000000278 ) ;
#3057 = CARTESIAN_POINT ( 'NONE',  ( -5.656990965766503621, -0.08574104439932248023, -4.849999999999996980 ) ) ;
#3058 = CARTESIAN_POINT ( 'NONE',  ( 7.047993548912376838, -0.03994332498388185326, 5.050000000000000711 ) ) ;
#3059 = AXIS2_PLACEMENT_3D ( 'NONE', #2052, #1411, #2884 ) ;
#3060 = VERTEX_POINT ( 'NONE', #1159 ) ;
#3061 = CARTESIAN_POINT ( 'NONE',  ( -7.650000000000003908, 0.1000000000000000056, 3.549999999999999822 ) ) ;
#3062 = CIRCLE ( 'NONE', #810, 0.05000000000000043299 ) ;
#3063 = CARTESIAN_POINT ( 'NONE',  ( 7.030935472040641621, -0.1315785031655633264, 4.850000000000001421 ) ) ;
#3064 = CARTESIAN_POINT ( 'NONE',  ( 7.147486580264428291, -0.04999999999999996808, 4.975000000000000533 ) ) ;
#3065 = CARTESIAN_POINT ( 'NONE',  ( -5.602259935411598946, -0.04497166249194758242, 4.900000000000000355 ) ) ;
#3066 = FACE_OUTER_BOUND ( 'NONE', #3298, .T. ) ;
#3067 = CIRCLE ( 'NONE', #3141, 0.05000000000000041911 ) ;
#3068 = EDGE_LOOP ( 'NONE', ( #755, #4395, #310 ) ) ;
#3069 = CARTESIAN_POINT ( 'NONE',  ( 5.669064527959375432, -0.1315785031656197257, -4.849999999999999645 ) ) ;
#3070 = ADVANCED_FACE ( 'NONE', ( #3020 ), #3383, .F. ) ;
#3071 = CARTESIAN_POINT ( 'NONE',  ( -7.100000000000004086, 0.04999999999999969746, 5.100000000000000533 ) ) ;
#3072 = VECTOR ( 'NONE', #1498, 1000.000000000000000 ) ;
#3073 = DIRECTION ( 'NONE',  ( -1.000000000000000000, 0.000000000000000000, 0.000000000000000000 ) ) ;
#3074 = VERTEX_POINT ( 'NONE', #4526 ) ;
#3075 = EDGE_CURVE ( 'NONE', #3384, #4060, #1249, .T. ) ;
#3076 = ADVANCED_FACE ( 'NONE', ( #800 ), #1181, .T. ) ;
#3077 = AXIS2_PLACEMENT_3D ( 'NONE', #3816, #423, #3084 ) ;
#3078 = ORIENTED_EDGE ( 'NONE', *, *, #3815, .F. ) ;
#3079 = DIRECTION ( 'NONE',  ( -0.000000000000000000, -0.000000000000000000, -1.000000000000000000 ) ) ;
#3080 = CARTESIAN_POINT ( 'NONE',  ( -7.043319074543458846, -0.08618899009657837729, 5.099999999999999645 ) ) ;
#3081 = VERTEX_POINT ( 'NONE', #1225 ) ;
#3082 = LINE ( 'NONE', #817, #2219 ) ;
#3083 = ORIENTED_EDGE ( 'NONE', *, *, #1158, .F. ) ;
#3084 = DIRECTION ( 'NONE',  ( 0.000000000000000000, 0.000000000000000000, -1.000000000000000000 ) ) ;
#3085 = EDGE_LOOP ( 'NONE', ( #2124, #4275, #687, #867 ) ) ;
#3086 = DIRECTION ( 'NONE',  ( 0.1736481776669307198, 0.9848077530122080203, 0.000000000000000000 ) ) ;
#3087 = ADVANCED_FACE ( 'NONE', ( #4578 ), #4503, .F. ) ;
#3088 = CARTESIAN_POINT ( 'NONE',  ( -7.019785807144824474, -0.2438471263512950460, -5.049999999999980282 ) ) ;
#3089 = DIRECTION ( 'NONE',  ( -1.000000000000000000, -0.000000000000000000, -0.000000000000000000 ) ) ;
#3090 = VERTEX_POINT ( 'NONE', #58 ) ;
#3091 = CARTESIAN_POINT ( 'NONE',  ( -5.718602811621344983, -0.2097064609223688036, 5.100000000000000533 ) ) ;
#3092 = CARTESIAN_POINT ( 'NONE',  ( 5.656680925456549325, -0.08618899009659053423, -4.850000000000002309 ) ) ;
#3093 = DIRECTION ( 'NONE',  ( -0.9949303135205237458, 0.1005667501610367776, 0.000000000000000000 ) ) ;
#3094 = DIRECTION ( 'NONE',  ( 0.000000000000000000, 0.000000000000000000, 1.000000000000000000 ) ) ;
#3095 = EDGE_LOOP ( 'NONE', ( #584, #3721, #3557, #1894 ) ) ;
#3096 = CARTESIAN_POINT ( 'NONE',  ( -9.050000000000004263, 0.05000000000000000278, 5.050000000000000711 ) ) ;
#3097 = EDGE_CURVE ( 'NONE', #105, #3026, #841, .T. ) ;
#3098 = ORIENTED_EDGE ( 'NONE', *, *, #3223, .T. ) ;
#3099 = EDGE_CURVE ( 'NONE', #3482, #1138, #1121, .T. ) ;
#3100 = CARTESIAN_POINT ( 'NONE',  ( 0.000000000000000000, -0.2999999999999999889, 0.000000000000000000 ) ) ;
#3101 = ADVANCED_FACE ( 'NONE', ( #1612 ), #3404, .T. ) ;
#3102 = ORIENTED_EDGE ( 'NONE', *, *, #3700, .T. ) ;
#3103 = PLANE ( 'NONE',  #3454 ) ;
#3104 = ORIENTED_EDGE ( 'NONE', *, *, #627, .F. ) ;
#3105 = FACE_OUTER_BOUND ( 'NONE', #753, .T. ) ;
#3106 = EDGE_LOOP ( 'NONE', ( #4658, #3726, #1166, #764 ) ) ;
#3107 = DIRECTION ( 'NONE',  ( 1.000000000000000000, 0.000000000000000000, 0.000000000000000000 ) ) ;
#3108 = CARTESIAN_POINT ( 'NONE',  ( 7.147486580264430067, -0.05000000000000014155, -5.049999999999998934 ) ) ;
#3109 = CARTESIAN_POINT ( 'NONE',  ( -5.552513419735570999, -0.04999999999999985012, -5.049999999999998934 ) ) ;
#3110 = LINE ( 'NONE', #1279, #2190 ) ;
#3111 = DIRECTION ( 'NONE',  ( 0.000000000000000000, 0.000000000000000000, 1.000000000000000000 ) ) ;
#3112 = CARTESIAN_POINT ( 'NONE',  ( 5.754777600725556219, -0.2391130917404740153, 4.850000000000002309 ) ) ;
#3113 = CARTESIAN_POINT ( 'NONE',  ( 8.099999999999997868, 15.10000000000000142, 4.100000000000000533 ) ) ;
#3114 = CARTESIAN_POINT ( 'NONE',  ( 5.449999999999993072, -3.900000000000000355, 4.299999999999996270 ) ) ;
#3115 = DIRECTION ( 'NONE',  ( 1.000000000000000000, 2.642742795433410353E-15, 0.000000000000000000 ) ) ;
#3116 = AXIS2_PLACEMENT_3D ( 'NONE', #3096, #527, #2021 ) ;
#3117 = ORIENTED_EDGE ( 'NONE', *, *, #4264, .F. ) ;
#3118 = MECHANICAL_DESIGN_GEOMETRIC_PRESENTATION_REPRESENTATION (  '', ( #2506 ), #4367 ) ;
#3119 = ORIENTED_EDGE ( 'NONE', *, *, #4433, .T. ) ;
#3120 = VECTOR ( 'NONE', #3809, 1000.000000000000000 ) ;
#3121 = VECTOR ( 'NONE', #79, 1000.000000000000000 ) ;
#3122 = CARTESIAN_POINT ( 'NONE',  ( 6.899999999999998579, -0.2500000000000000000, 5.100000000000000533 ) ) ;
#3123 = ADVANCED_FACE ( 'NONE', ( #1546 ), #2707, .F. ) ;
#3124 = DIRECTION ( 'NONE',  ( 0.1736481776669307198, 0.9848077530122080203, 0.000000000000000000 ) ) ;
#3125 = CARTESIAN_POINT ( 'NONE',  ( -7.147486580264436284, 0.000000000000000000, 5.100000000000000533 ) ) ;
#3126 = ORIENTED_EDGE ( 'NONE', *, *, #2216, .F. ) ;
#3127 = CIRCLE ( 'NONE', #4297, 0.04999999999999969746 ) ;
#3128 = CARTESIAN_POINT ( 'NONE',  ( 0.000000000000000000, 0.000000000000000000, 0.000000000000000000 ) ) ;
#3129 = EDGE_CURVE ( 'NONE', #3090, #3035, #167, .T. ) ;
#3130 = VERTEX_POINT ( 'NONE', #3796 ) ;
#3131 = CARTESIAN_POINT ( 'NONE',  ( 9.049999999999997158, 0.000000000000000000, 5.100000000000000533 ) ) ;
#3132 = CIRCLE ( 'NONE', #3763, 0.04999999999999969746 ) ;
#3133 = CARTESIAN_POINT ( 'NONE',  ( -7.030327814099603501, -0.1311647557205631309, -5.100000000000001421 ) ) ;
#3134 = CARTESIAN_POINT ( 'NONE',  ( -6.900000000000003020, -0.2499999999999999445, 5.100000000000000533 ) ) ;
#3135 = CARTESIAN_POINT ( 'NONE',  ( 5.669064527959369215, -0.1315785031656106496, -5.099999999999996092 ) ) ;
#3136 = CARTESIAN_POINT ( 'NONE',  ( 9.049999999999995381, 15.19999999999999929, 5.100000000000000533 ) ) ;
#3137 = CARTESIAN_POINT ( 'NONE',  ( 6.981397188378658747, -0.2097064609223700804, -5.099999999999996980 ) ) ;
#3138 =( BOUNDED_SURFACE ( )  B_SPLINE_SURFACE ( 3, 2, ( 
 ( #576, #2469, #2018, #4630, #1718 ),
 ( #1283, #4702, #1327, #4210, #4258 ),
 ( #180, #1615, #916, #1667, #3112 ),
 ( #2412, #3188, #1998, #3889, #2093 ),
 ( #3212, #548, #871, #2045, #4234 ),
 ( #1356, #1690, #3479, #3529, #4602 ),
 ( #1305, #1255, #2759, #4281, #939 ),
 ( #2440, #894, #2390, #3868, #4674 ) ),
 .UNSPECIFIED., .F., .F., .F. ) 
 B_SPLINE_SURFACE_WITH_KNOTS ( ( 4, 2, 2, 4 ),
 ( 3, 2, 3 ),
 ( 0.000000000000000000, 6.954209021615290003E-05, 0.0001390841804323058001, 0.0002781683608646116001 ),
 ( 0.000000000000000000, 1.000000000000000000, 1.010000000000000009 ),
 .UNSPECIFIED. ) 
 GEOMETRIC_REPRESENTATION_ITEM ( )  RATIONAL_B_SPLINE_SURFACE ( (
 ( 1.000000000000000000, 0.7071067811865414665, 1.000000000000000000, 1.000000000000000000, 1.000000000000000000),
 ( 1.000000000000000000, 0.7071067811865414665, 1.000000000000000000, 1.000000000000000000, 1.000000000000000000),
 ( 1.000000000000000000, 0.7071067811865499042, 1.000000000000000000, 1.000000000000000000, 1.000000000000000000),
 ( 1.000000000000000000, 0.7071067811865499042, 1.000000000000000000, 1.000000000000000000, 1.000000000000000000),
 ( 1.000000000000000000, 0.7071067811865537900, 1.000000000000000000, 1.000000000000000000, 1.000000000000000000),
 ( 1.000000000000000000, 0.7071067811865537900, 1.000000000000000000, 1.000000000000000000, 1.000000000000000000),
 ( 1.000000000000000000, 0.7071067811865475727, 1.000000000000000000, 1.000000000000000000, 1.000000000000000000),
 ( 1.000000000000000000, 0.7071067811865475727, 1.000000000000000000, 1.000000000000000000, 1.000000000000000000) ) ) 
 REPRESENTATION_ITEM ( '' )  SURFACE ( )  );
#3139 = CARTESIAN_POINT ( 'NONE',  ( 8.099999999999997868, 15.19999999999999929, 4.100000000000000533 ) ) ;
#3140 = DIRECTION ( 'NONE',  ( 0.000000000000000000, 0.000000000000000000, 1.000000000000000000 ) ) ;
#3141 = AXIS2_PLACEMENT_3D ( 'NONE', #2131, #3687, #1831 ) ;
#3142 = ORIENTED_EDGE ( 'NONE', *, *, #1724, .F. ) ;
#3143 = CARTESIAN_POINT ( 'NONE',  ( 5.552513419735564781, 0.000000000000000000, 5.050000000000000711 ) ) ;
#3144 = CARTESIAN_POINT ( 'NONE',  ( 5.652006451087620675, -0.03994332498389634861, -4.850000000000001421 ) ) ;
#3145 = EDGE_CURVE ( 'NONE', #2380, #1901, #4732, .T. ) ;
#3146 = DIRECTION ( 'NONE',  ( 1.000000000000000000, 0.000000000000000000, 0.000000000000000000 ) ) ;
#3147 = VERTEX_POINT ( 'NONE', #2040 ) ;
#3148 = CARTESIAN_POINT ( 'NONE',  ( 6.981932520554956056, -0.2101825570401201493, 5.100000000000002309 ) ) ;
#3149 = DIRECTION ( 'NONE',  ( 0.000000000000000000, 0.000000000000000000, 1.000000000000000000 ) ) ;
#3150 = EDGE_LOOP ( 'NONE', ( #884, #3048, #1600, #3778 ) ) ;
#3151 = CARTESIAN_POINT ( 'NONE',  ( 9.099999999999997868, 0.04999999999999969746, 5.050000000000000711 ) ) ;
#3152 = EDGE_LOOP ( 'NONE', ( #2726, #2255, #517, #4579 ) ) ;
#3153 = VECTOR ( 'NONE', #3787, 1000.000000000000000 ) ;
#3154 = DIRECTION ( 'NONE',  ( 1.000000000000000000, 0.000000000000000000, 0.000000000000000000 ) ) ;
#3155 = ORIENTED_EDGE ( 'NONE', *, *, #2883, .F. ) ;
#3156 = FACE_OUTER_BOUND ( 'NONE', #2613, .T. ) ;
#3157 = VECTOR ( 'NONE', #1171, 1000.000000000000000 ) ;
#3158 = LINE ( 'NONE', #4302, #3353 ) ;
#3159 = DIRECTION ( 'NONE',  ( 1.000000000000000000, 0.000000000000000000, 0.000000000000000000 ) ) ;
#3160 = CARTESIAN_POINT ( 'NONE',  ( -8.870710678118658876, 1.534598087062810565E-17, 4.870710678118654435 ) ) ;
#3161 = ADVANCED_FACE ( 'NONE', ( #1379 ), #1302, .F. ) ;
#3162 = CARTESIAN_POINT ( 'NONE',  ( -7.650000000000003908, 0.1000000000000000056, 4.049999999999999822 ) ) ;
#3163 = ADVANCED_FACE ( 'NONE', ( #4352 ), #2802, .T. ) ;
#3164 = CARTESIAN_POINT ( 'NONE',  ( 5.799999999999999822, -0.2499999999999999445, -4.850000000000001421 ) ) ;
#3165 = CARTESIAN_POINT ( 'NONE',  ( -6.923541329706885961, -0.2499999999999998335, 5.099999999999998757 ) ) ;
#3166 = FILL_AREA_STYLE_COLOUR ( '', #3045 ) ;
#3167 = DIRECTION ( 'NONE',  ( -1.000000000000000000, 0.000000000000000000, 0.000000000000000000 ) ) ;
#3168 = DIRECTION ( 'NONE',  ( 0.000000000000000000, 1.000000000000000000, 0.000000000000000000 ) ) ;
#3169 = ORIENTED_EDGE ( 'NONE', *, *, #1881, .T. ) ;
#3170 =( BOUNDED_CURVE ( )  B_SPLINE_CURVE ( 2, ( #1613, #177, #2016 ),
 .UNSPECIFIED., .F., .F. ) 
 B_SPLINE_CURVE_WITH_KNOTS ( ( 3, 3 ),
 ( 0.000000000000000000, 1.000000000000000000 ),
 .UNSPECIFIED. ) 
 CURVE ( )  GEOMETRIC_REPRESENTATION_ITEM ( )  RATIONAL_B_SPLINE_CURVE ( ( 0.9457047908995577234, 0.7373842891637747421, 1.000000000000000000 ) ) 
 REPRESENTATION_ITEM ( '' )  );
#3171 = CARTESIAN_POINT ( 'NONE',  ( 5.149999999999993250, 0.1000000000000000056, 3.299999999999997158 ) ) ;
#3172 = DIRECTION ( 'NONE',  ( 0.000000000000000000, -1.084202172485510942E-15, 1.000000000000000000 ) ) ;
#3173 = ORIENTED_EDGE ( 'NONE', *, *, #4116, .T. ) ;
#3174 = DIRECTION ( 'NONE',  ( 0.000000000000000000, 0.000000000000000000, 1.000000000000000000 ) ) ;
#3175 = LINE ( 'NONE', #164, #1320 ) ;
#3176 = ORIENTED_EDGE ( 'NONE', *, *, #1131, .F. ) ;
#3177 = DIRECTION ( 'NONE',  ( 0.000000000000000000, 1.000000000000000000, 0.000000000000000000 ) ) ;
#3178 = ORIENTED_EDGE ( 'NONE', *, *, #2839, .F. ) ;
#3179 = CARTESIAN_POINT ( 'NONE',  ( -5.602259935411597169, -0.04497166249194785997, -4.900000000000000355 ) ) ;
#3180 = ORIENTED_EDGE ( 'NONE', *, *, #2548, .F. ) ;
#3181 = DIRECTION ( 'NONE',  ( 0.000000000000000000, -1.000000000000000000, 0.000000000000000000 ) ) ;
#3182 = DIRECTION ( 'NONE',  ( 0.000000000000000000, 0.000000000000000000, -1.000000000000000000 ) ) ;
#3183 = CARTESIAN_POINT ( 'NONE',  ( -6.900000000000003020, -0.2999999999999999889, 5.050000000000000711 ) ) ;
#3184 = CARTESIAN_POINT ( 'NONE',  ( -7.147486580264436284, 0.000000000000000000, 4.899999999999999467 ) ) ;
#3185 = PLANE ( 'NONE',  #3817 ) ;
#3186 = EDGE_CURVE ( 'NONE', #2200, #1530, #3003, .T. ) ;
#3187 = CARTESIAN_POINT ( 'NONE',  ( 6.981932520554946286, -0.2101825570401287535, -5.099999999999996980 ) ) ;
#3188 = CARTESIAN_POINT ( 'NONE',  ( 5.680213778241052225, -0.2438476363764990607, 4.850000000000031619 ) ) ;
#3189 = EDGE_CURVE ( 'NONE', #4490, #4044, #4073, .T. ) ;
#3190 = DIRECTION ( 'NONE',  ( -1.000000000000000000, 0.000000000000000000, 0.000000000000000000 ) ) ;
#3191 = CARTESIAN_POINT ( 'NONE',  ( -5.800000000000002487, -0.2492928932188134550, -5.099999999999998757 ) ) ;
#3192 = EDGE_LOOP ( 'NONE', ( #1619, #4220, #345, #2356 ) ) ;
#3193 = EDGE_CURVE ( 'NONE', #4127, #1516, #4701, .T. ) ;
#3194 = CARTESIAN_POINT ( 'NONE',  ( -7.147486580264436284, -0.04999999999999975991, 5.100000000000000533 ) ) ;
#3195 = CARTESIAN_POINT ( 'NONE',  ( -5.800000000000005151, -0.2999999999999999889, 4.929166666666664476 ) ) ;
#3196 = ORIENTED_EDGE ( 'NONE', *, *, #2244, .F. ) ;
#3197 = CIRCLE ( 'NONE', #1094, 0.04999999999999969746 ) ;
#3198 = CARTESIAN_POINT ( 'NONE',  ( -6.900000000000003020, -0.2999999999999999889, -4.899999999999997691 ) ) ;
#3199 = AXIS2_PLACEMENT_3D ( 'NONE', #3114, #4605, #2761 ) ;
#3200 = ORIENTED_EDGE ( 'NONE', *, *, #2328, .F. ) ;
#3201 = CARTESIAN_POINT ( 'NONE',  ( 5.668994164560572813, -0.1314047628512896859, -4.850000000000001421 ) ) ;
#3202 = VERTEX_POINT ( 'NONE', #150 ) ;
#3203 = CARTESIAN_POINT ( 'NONE',  ( -5.800000000000003375, -0.2999999999999999889, -5.049999999999996270 ) ) ;
#3204 = ORIENTED_EDGE ( 'NONE', *, *, #4535, .T. ) ;
#3205 = CARTESIAN_POINT ( 'NONE',  ( 7.030666824769506107, -0.1312847592859506807, -4.850000000000002309 ) ) ;
#3206 = LINE ( 'NONE', #2113, #172 ) ;
#3207 = CARTESIAN_POINT ( 'NONE',  ( -7.147486580264432732, 0.05000000000000000278, -4.850000000000001421 ) ) ;
#3208 = CIRCLE ( 'NONE', #2121, 0.04999999999999969746 ) ;
#3209 = PLANE ( 'NONE',  #70 ) ;
#3210 = CARTESIAN_POINT ( 'NONE',  ( 6.899999999999999467, -0.2500000000000000000, -5.099999999999996092 ) ) ;
#3211 = CIRCLE ( 'NONE', #4692, 0.05000000000000040523 ) ;
#3212 = CARTESIAN_POINT ( 'NONE',  ( 5.662830394276099355, -0.2206393603763617539, 4.900000000000033218 ) ) ;
#3213 = DIRECTION ( 'NONE',  ( 0.000000000000000000, 0.000000000000000000, -1.000000000000000000 ) ) ;
#3214 = CARTESIAN_POINT ( 'NONE',  ( -5.607498711060687313, -0.09680009177565916667, -5.049999999999958966 ) ) ;
#3215 = ORIENTED_EDGE ( 'NONE', *, *, #4387, .T. ) ;
#3216 = AXIS2_PLACEMENT_3D ( 'NONE', #3388, #4787, #22 ) ;
#3217 = ADVANCED_FACE ( 'NONE', ( #1636 ), #1011, .T. ) ;
#3218 = TOROIDAL_SURFACE ( 'NONE', #2990, 0.1000000000000000056, 0.05000000000000000278 ) ;
#3219 = CARTESIAN_POINT ( 'NONE',  ( 5.799999999999997158, -0.2499999999999999445, 5.100000000000000533 ) ) ;
#3220 = DIRECTION ( 'NONE',  ( 0.000000000000000000, 0.000000000000000000, -1.000000000000000000 ) ) ;
#3221 = ORIENTED_EDGE ( 'NONE', *, *, #225, .T. ) ;
#3222 = EDGE_CURVE ( 'NONE', #2367, #1497, #1041, .T. ) ;
#3223 = EDGE_CURVE ( 'NONE', #4507, #3455, #4653, .T. ) ;
#3224 = AXIS2_PLACEMENT_3D ( 'NONE', #3013, #4104, #3470 ) ;
#3225 = LINE ( 'NONE', #1078, #2449 ) ;
#3226 =( NAMED_UNIT ( * ) PLANE_ANGLE_UNIT ( ) SI_UNIT ( $, .RADIAN. ) );
#3227 = AXIS2_PLACEMENT_3D ( 'NONE', #4803, #1447, #2947 ) ;
#3228 = ORIENTED_EDGE ( 'NONE', *, *, #3901, .T. ) ;
#3229 = CARTESIAN_POINT ( 'NONE',  ( 5.652006451087617123, -0.03994332498388229041, -4.849999999999999645 ) ) ;
#3230 = LINE ( 'NONE', #908, #4319 ) ;
#3231 = CARTESIAN_POINT ( 'NONE',  ( 7.097740064588403008, -0.04497166249194805426, -4.900000000000001243 ) ) ;
#3232 = DIRECTION ( 'NONE',  ( 0.000000000000000000, 0.000000000000000000, 1.000000000000000000 ) ) ;
#3233 = FACE_OUTER_BOUND ( 'NONE', #3021, .T. ) ;
#3234 = DIRECTION ( 'NONE',  ( 1.000000000000000000, -1.761828530288940169E-15, 0.000000000000000000 ) ) ;
#3235 = AXIS2_PLACEMENT_3D ( 'NONE', #3447, #2680, #4521 ) ;
#3236 = VERTEX_POINT ( 'NONE', #3207 ) ;
#3237 = CARTESIAN_POINT ( 'NONE',  ( 7.097740064588405673, -0.04497166249193155357, -5.100000000000000533 ) ) ;
#3238 = CARTESIAN_POINT ( 'NONE',  ( 7.071962006815210700, -0.2999999999999999889, 4.899999999999999467 ) ) ;
#3239 = CARTESIAN_POINT ( 'NONE',  ( 5.628037993184782373, -0.2999999999999999889, 5.050000000000001599 ) ) ;
#3240 = DIRECTION ( 'NONE',  ( 0.000000000000000000, 0.000000000000000000, -1.000000000000000000 ) ) ;
#3241 = CARTESIAN_POINT ( 'NONE',  ( 5.149999999999993250, -3.900000000000000355, 3.299999999999997158 ) ) ;
#3242 = ORIENTED_EDGE ( 'NONE', *, *, #1100, .T. ) ;
#3243 = CARTESIAN_POINT ( 'NONE',  ( 6.899999999999998579, -0.2999999999999999889, -5.020833333333334814 ) ) ;
#3244 = DIRECTION ( 'NONE',  ( 0.000000000000000000, 0.000000000000000000, 1.000000000000000000 ) ) ;
#3245 =( NAMED_UNIT ( * ) PLANE_ANGLE_UNIT ( ) SI_UNIT ( $, .RADIAN. ) );
#3246 = EDGE_LOOP ( 'NONE', ( #4110, #2796, #59 ) ) ;
#3247 = CARTESIAN_POINT ( 'NONE',  ( 5.449999999999993072, -3.900000000000000355, 3.299999999999997158 ) ) ;
#3248 = DIRECTION ( 'NONE',  ( 0.000000000000000000, 0.000000000000000000, 1.000000000000000000 ) ) ;
#3249 = EDGE_CURVE ( 'NONE', #1309, #3147, #2758, .T. ) ;
#3250 = EDGE_CURVE ( 'NONE', #1945, #2897, #1352, .T. ) ;
#3251 = ORIENTED_EDGE ( 'NONE', *, *, #1785, .F. ) ;
#3252 = CARTESIAN_POINT ( 'NONE',  ( -7.150000000000004796, -3.900000000000000355, -3.549999999999999378 ) ) ;
#3253 = CARTESIAN_POINT ( 'NONE',  ( -6.900000000000003020, -0.2999999999999999889, -5.112499999999998934 ) ) ;
#3254 = CARTESIAN_POINT ( 'NONE',  ( -7.030935472040630962, -0.1315785031656203086, 4.850000000000002309 ) ) ;
#3255 = EDGE_CURVE ( 'NONE', #2358, #1734, #4254, .T. ) ;
#3256 = DIRECTION ( 'NONE',  ( 0.000000000000000000, 1.000000000000000000, 0.000000000000000000 ) ) ;
#3257 = FACE_OUTER_BOUND ( 'NONE', #1474, .T. ) ;
#3258 = CARTESIAN_POINT ( 'NONE',  ( -5.680214192855120636, -0.2438471263512454745, 4.900000000000000355 ) ) ;
#3259 = ORIENTED_EDGE ( 'NONE', *, *, #2546, .T. ) ;
#3260 = CARTESIAN_POINT ( 'NONE',  ( 5.799999999999996270, -0.2499999999999999445, 4.850000000000001421 ) ) ;
#3261 = CARTESIAN_POINT ( 'NONE',  ( -7.037169454969980364, -0.2206392732179432437, -4.850000000000059153 ) ) ;
#3262 = LINE ( 'NONE', #2259, #1719 ) ;
#3263 = CARTESIAN_POINT ( 'NONE',  ( -5.600000000000002309, -0.2999999999999999889, -5.112499999999997158 ) ) ;
#3264 = CARTESIAN_POINT ( 'NONE',  ( -5.552513419735570999, 0.05000000000000000278, -4.850000000000001421 ) ) ;
#3265 = ORIENTED_EDGE ( 'NONE', *, *, #868, .F. ) ;
#3266 =( BOUNDED_CURVE ( )  B_SPLINE_CURVE ( 2, ( #3231, #4329, #2112 ),
 .UNSPECIFIED., .F., .F. ) 
 B_SPLINE_CURVE_WITH_KNOTS ( ( 3, 3 ),
 ( 0.000000000000000000, 1.000000000000000000 ),
 .UNSPECIFIED. ) 
 CURVE ( )  GEOMETRIC_REPRESENTATION_ITEM ( )  RATIONAL_B_SPLINE_CURVE ( ( 0.9457047908995573904, 0.7373842891637739649, 1.000000000000000000 ) ) 
 REPRESENTATION_ITEM ( '' )  );
#3267 = PRESENTATION_STYLE_ASSIGNMENT (( #4000 ) ) ;
#3268 = ORIENTED_EDGE ( 'NONE', *, *, #2089, .T. ) ;
#3269 = CARTESIAN_POINT ( 'NONE',  ( 7.639999999999996128, 0.1000000000000000056, -3.300000000000001155 ) ) ;
#3270 =( LENGTH_UNIT ( ) NAMED_UNIT ( * ) SI_UNIT ( .MILLI., .METRE. ) );
#3271 = CARTESIAN_POINT ( 'NONE',  ( 7.031005835439382068, -0.1314047628513107246, 4.849999999999999645 ) ) ;
#3272 = EDGE_LOOP ( 'NONE', ( #245, #3155 ) ) ;
#3273 = DIRECTION ( 'NONE',  ( 0.1710878697460358477, 0.9702875252478136980, 0.1710878697460359865 ) ) ;
#3274 = EDGE_CURVE ( 'NONE', #1871, #193, #408, .T. ) ;
#3275 = DIRECTION ( 'NONE',  ( -1.000000000000000000, 0.000000000000000000, 0.000000000000000000 ) ) ;
#3276 = AXIS2_PLACEMENT_3D ( 'NONE', #2046, #130, #3530 ) ;
#3277 = CYLINDRICAL_SURFACE ( 'NONE', #1877, 0.04999999999999969746 ) ;
#3278 = DIRECTION ( 'NONE',  ( -0.000000000000000000, -0.000000000000000000, -1.000000000000000000 ) ) ;
#3279 = CARTESIAN_POINT ( 'NONE',  ( -5.776466362738256421, -0.2492922824403186188, 4.850000000000001421 ) ) ;
#3280 = ORIENTED_EDGE ( 'NONE', *, *, #3707, .F. ) ;
#3281 = CIRCLE ( 'NONE', #632, 0.7500000000000006661 ) ;
#3282 = EDGE_CURVE ( 'NONE', #1776, #1633, #3296, .T. ) ;
#3283 = CARTESIAN_POINT ( 'NONE',  ( 5.552513419735568334, 0.000000000000000000, -4.899999999999999467 ) ) ;
#3284 = CARTESIAN_POINT ( 'NONE',  ( -6.900000000000002132, -0.2999999999999999334, -4.850000000000000533 ) ) ;
#3285 = AXIS2_PLACEMENT_3D ( 'NONE', #2663, #4185, #43 ) ;
#3286 = CARTESIAN_POINT ( 'NONE',  ( -8.850000000000003197, 0.05000000000000000278, -4.899999999999999467 ) ) ;
#3287 = CARTESIAN_POINT ( 'NONE',  ( -5.754467464619039241, -0.2397576833101292826, 5.099999999999997868 ) ) ;
#3288 = ORIENTED_EDGE ( 'NONE', *, *, #3481, .F. ) ;
#3289 = VECTOR ( 'NONE', #324, 1000.000000000000000 ) ;
#3290 = CARTESIAN_POINT ( 'NONE',  ( 5.662830545030004714, -0.2206392732179485172, -5.099999999999998757 ) ) ;
#3291 = CIRCLE ( 'NONE', #1185, 0.04999999999999969746 ) ;
#3292 = ORIENTED_EDGE ( 'NONE', *, *, #1131, .T. ) ;
#3293 = VERTEX_POINT ( 'NONE', #3184 ) ;
#3294 = CARTESIAN_POINT ( 'NONE',  ( 0.000000000000000000, 15.19999999999999929, 0.000000000000000000 ) ) ;
#3295 = DIRECTION ( 'NONE',  ( -0.000000000000000000, -0.000000000000000000, -1.000000000000000000 ) ) ;
#3296 = CIRCLE ( 'NONE', #2609, 1.000000000000000666 ) ;
#3297 = DIRECTION ( 'NONE',  ( 0.000000000000000000, 0.000000000000000000, -1.000000000000000000 ) ) ;
#3298 = EDGE_LOOP ( 'NONE', ( #2764, #961, #3835, #2270 ) ) ;
#3299 = CARTESIAN_POINT ( 'NONE',  ( 5.552513419735564781, 0.000000000000000000, 4.899999999999999467 ) ) ;
#3300 = AXIS2_PLACEMENT_3D ( 'NONE', #175, #1712, #2408 ) ;
#3301 = DIRECTION ( 'NONE',  ( -1.000000000000000000, 0.000000000000000000, 0.000000000000000000 ) ) ;
#3302 = CIRCLE ( 'NONE', #1194, 0.04999999999999969746 ) ;
#3303 = CARTESIAN_POINT ( 'NONE',  ( 7.078948882649792829, -0.1483756555017845813, -4.900000000000040323 ) ) ;
#3304 = CARTESIAN_POINT ( 'NONE',  ( -5.552513419735571887, 0.000000000000000000, 5.050000000000000711 ) ) ;
#3305 = CARTESIAN_POINT ( 'NONE',  ( -5.729194846563880894, -0.2836649047208630314, 4.900000000000000355 ) ) ;
#3306 = ORIENTED_EDGE ( 'NONE', *, *, #2302, .T. ) ;
#3307 = CYLINDRICAL_SURFACE ( 'NONE', #3227, 0.04999999999999969746 ) ;
#3308 = CARTESIAN_POINT ( 'NONE',  ( -7.037169605723907040, -0.2206393603763577849, -4.900000000000038547 ) ) ;
#3309 = CARTESIAN_POINT ( 'NONE',  ( -5.800000000000002487, -0.2999999999999999889, -5.020833333333328596 ) ) ;
#3310 = ADVANCED_FACE ( 'NONE', ( #2851 ), #4333, .T. ) ;
#3311 = ADVANCED_FACE ( 'NONE', ( #992 ), #693, .T. ) ;
#3312 = DIRECTION ( 'NONE',  ( -0.1710878697460358755, 0.9702875252478138091, -0.1710878697460358755 ) ) ;
#3313 = ORIENTED_EDGE ( 'NONE', *, *, #4568, .F. ) ;
#3314 = AXIS2_PLACEMENT_3D ( 'NONE', #1007, #4818, #2164 ) ;
#3315 = EDGE_CURVE ( 'NONE', #2155, #1672, #3448, .T. ) ;
#3316 = CARTESIAN_POINT ( 'NONE',  ( 9.049999999999997158, 15.15000000000000036, 5.050000000000000711 ) ) ;
#3317 = CARTESIAN_POINT ( 'NONE',  ( 5.776360980587356586, -0.2496458327427782120, -5.099999999999998757 ) ) ;
#3318 = VERTEX_POINT ( 'NONE', #9 ) ;
#3319 = FACE_BOUND ( 'NONE', #98, .T. ) ;
#3320 = DIRECTION ( 'NONE',  ( 0.000000000000000000, 0.000000000000000000, 1.000000000000000000 ) ) ;
#3321 = DIRECTION ( 'NONE',  ( -0.1005667501613240200, 0.9949303135204947690, 0.000000000000000000 ) ) ;
#3322 = EDGE_LOOP ( 'NONE', ( #4432, #3811, #1703, #1984 ) ) ;
#3323 = DIRECTION ( 'NONE',  ( 1.000000000000000000, 0.000000000000000000, 0.000000000000000000 ) ) ;
#3324 = CARTESIAN_POINT ( 'NONE',  ( -7.100000000000003197, -0.2999999999999999889, -4.837500000000001243 ) ) ;
#3325 = DIRECTION ( 'NONE',  ( 1.000000000000000000, -1.761828530288940169E-15, 0.000000000000000000 ) ) ;
#3326 = DIRECTION ( 'NONE',  ( 0.000000000000000000, 0.000000000000000000, 1.000000000000000000 ) ) ;
#3327 = FACE_OUTER_BOUND ( 'NONE', #2624, .T. ) ;
#3328 = ORIENTED_EDGE ( 'NONE', *, *, #4745, .F. ) ;
#3329 = B_SPLINE_CURVE_WITH_KNOTS ( 'NONE', 3,
 ( #3656, #306, #3287, #4780, #1432, #1071, #705, #2194 ),
 .UNSPECIFIED., .F., .F.,
 ( 4, 2, 2, 4 ),
 ( 0.000000000000000000, 6.947132448068658200E-05, 0.0001389426489613731640, 0.0002778852979227464364 ),
 .UNSPECIFIED. ) ;
#3330 = DIRECTION ( 'NONE',  ( -1.000000000000000000, 8.809142651444700847E-16, 0.000000000000000000 ) ) ;
#3331 = CARTESIAN_POINT ( 'NONE',  ( -7.030666824769537193, -0.1312847592859333612, -4.850000000000000533 ) ) ;
#3332 = CARTESIAN_POINT ( 'NONE',  ( 0.000000000000000000, 0.1000000000000000056, 0.000000000000000000 ) ) ;
#3333 = DIRECTION ( 'NONE',  ( 0.000000000000000000, 1.000000000000000000, 0.000000000000000000 ) ) ;
#3334 = CARTESIAN_POINT ( 'NONE',  ( 5.599999999999998757, -0.2999999999999999889, -5.112499999999997158 ) ) ;
#3335 = EDGE_LOOP ( 'NONE', ( #4155, #288, #727, #2484 ) ) ;
#3336 = FACE_OUTER_BOUND ( 'NONE', #1606, .T. ) ;
#3337 = EDGE_CURVE ( 'NONE', #3001, #2083, #1643, .T. ) ;
#3338 = CARTESIAN_POINT ( 'NONE',  ( 5.703788273429691635, -0.1915858581630060786, 5.099999999999998757 ) ) ;
#3339 = PLANE ( 'NONE',  #20 ) ;
#3340 = ORIENTED_EDGE ( 'NONE', *, *, #2720, .F. ) ;
#3341 = LINE ( 'NONE', #4580, #95 ) ;
#3342 = ADVANCED_FACE ( 'NONE', ( #4476 ), #4013, .F. ) ;
#3343 = DIRECTION ( 'NONE',  ( 0.1710878697460358755, 0.9702875252478138091, 0.1710878697460358755 ) ) ;
#3344 = ORIENTED_EDGE ( 'NONE', *, *, #3785, .T. ) ;
#3345 = FACE_OUTER_BOUND ( 'NONE', #4715, .T. ) ;
#3346 = CARTESIAN_POINT ( 'NONE',  ( -6.900000000000003020, -0.2999999999999999889, -4.929166666666667140 ) ) ;
#3347 = CARTESIAN_POINT ( 'NONE',  ( -7.650000000000003908, -3.900000000000000355, 4.049999999999999822 ) ) ;
#3348 = CARTESIAN_POINT ( 'NONE',  ( 6.945532535380962713, -0.2397576833101297267, 5.099999999999999645 ) ) ;
#3349 = AXIS2_PLACEMENT_3D ( 'NONE', #366, #3321, #4815 ) ;
#3350 = CARTESIAN_POINT ( 'NONE',  ( -5.800000000000002487, -0.3000000000000000444, -4.899999999999999467 ) ) ;
#3351 = CARTESIAN_POINT ( 'NONE',  ( -5.800000000000003375, -0.2999999999999999889, 4.899999999999999467 ) ) ;
#3352 = ORIENTED_EDGE ( 'NONE', *, *, #2607, .F. ) ;
#3353 = VECTOR ( 'NONE', #4650, 1000.000000000000114 ) ;
#3354 = ORIENTED_EDGE ( 'NONE', *, *, #2244, .T. ) ;
#3355 = CARTESIAN_POINT ( 'NONE',  ( -6.945579143070754746, -0.2397343563013880907, -5.100000000000001421 ) ) ;
#3356 = VERTEX_POINT ( 'NONE', #2945 ) ;
#3357 = CARTESIAN_POINT ( 'NONE',  ( 5.599999999999998757, 0.000000000000000000, -5.112499999999997158 ) ) ;
#3358 = EDGE_LOOP ( 'NONE', ( #786, #4400, #3893, #3540 ) ) ;
#3359 = CARTESIAN_POINT ( 'NONE',  ( -5.800000000000006040, -0.3000000000000000444, 5.050000000000000711 ) ) ;
#3360 = EDGE_LOOP ( 'NONE', ( #2292, #1286, #3701, #4575 ) ) ;
#3361 = AXIS2_PLACEMENT_3D ( 'NONE', #3347, #2963, #1890 ) ;
#3362 = DIRECTION ( 'NONE',  ( 1.000000000000000000, 0.000000000000000000, 0.000000000000000000 ) ) ;
#3363 = CARTESIAN_POINT ( 'NONE',  ( 5.668994164560651861, -0.1314047628513029253, 5.099999999999998757 ) ) ;
#3364 = DIRECTION ( 'NONE',  ( 1.000000000000000000, 3.523657060577910710E-15, 0.000000000000000000 ) ) ;
#3365 = VERTEX_POINT ( 'NONE', #350 ) ;
#3366 = AXIS2_PLACEMENT_3D ( 'NONE', #1767, #1010, #2538 ) ;
#3367 = VECTOR ( 'NONE', #3094, 1000.000000000000000 ) ;
#3368 = CARTESIAN_POINT ( 'NONE',  ( 7.019785807144828027, -0.2438471263512878573, 4.900000000000011013 ) ) ;
#3369 = EDGE_CURVE ( 'NONE', #171, #4835, #4800, .T. ) ;
#3370 = ORIENTED_EDGE ( 'NONE', *, *, #1164, .T. ) ;
#3371 = ADVANCED_FACE ( 'NONE', ( #3327 ), #4407, .T. ) ;
#3372 = AXIS2_PLACEMENT_3D ( 'NONE', #2781, #223, #176 ) ;
#3373 = CARTESIAN_POINT ( 'NONE',  ( -7.047993548912383943, -0.03994332498388145081, -5.099999999999998757 ) ) ;
#3374 = CARTESIAN_POINT ( 'NONE',  ( -5.552513419735571887, 0.05000000000000000278, 5.050000000000000711 ) ) ;
#3375 = CARTESIAN_POINT ( 'NONE',  ( 5.703859365461638298, -0.1916826843490193055, 5.099999999999999645 ) ) ;
#3376 = ADVANCED_FACE ( 'NONE', ( #699 ), #1467, .T. ) ;
#3377 = AXIS2_PLACEMENT_3D ( 'NONE', #4397, #2573, #1805 ) ;
#3378 = CARTESIAN_POINT ( 'NONE',  ( -5.657338472060141399, -0.08566339491222925429, -4.849999999999994316 ) ) ;
#3379 = CARTESIAN_POINT ( 'NONE',  ( 5.799999999999998046, -0.2999999999999999889, -4.899999999999999467 ) ) ;
#3380 = ORIENTED_EDGE ( 'NONE', *, *, #1212, .T. ) ;
#3381 = DIRECTION ( 'NONE',  ( 1.000000000000000000, 0.000000000000000000, 0.000000000000000000 ) ) ;
#3382 = VECTOR ( 'NONE', #2527, 1000.000000000000000 ) ;
#3383 = PLANE ( 'NONE',  #1421 ) ;
#3384 = VERTEX_POINT ( 'NONE', #1200 ) ;
#3385 = CARTESIAN_POINT ( 'NONE',  ( 9.049999999999991829, 15.15000000000000036, -5.099999999999998757 ) ) ;
#3386 = ORIENTED_EDGE ( 'NONE', *, *, #2366, .T. ) ;
#3387 = FACE_OUTER_BOUND ( 'NONE', #3246, .T. ) ;
#3388 = CARTESIAN_POINT ( 'NONE',  ( -9.100000000000003197, 0.04999999999999969746, -5.049999999999998934 ) ) ;
#3389 = ORIENTED_EDGE ( 'NONE', *, *, #4135, .F. ) ;
#3390 = CIRCLE ( 'NONE', #4014, 0.04999999999999969746 ) ;
#3391 = VECTOR ( 'NONE', #2281, 1000.000000000000000 ) ;
#3392 = ORIENTED_EDGE ( 'NONE', *, *, #1355, .F. ) ;
#3393 = CYLINDRICAL_SURFACE ( 'NONE', #4564, 0.04999999999999969746 ) ;
#3394 = EDGE_CURVE ( 'NONE', #2915, #457, #3062, .T. ) ;
#3395 = CARTESIAN_POINT ( 'NONE',  ( -7.043319074543477498, -0.08618899009659793109, 4.850000000000002309 ) ) ;
#3396 = DIRECTION ( 'NONE',  ( 3.469446951953635015E-14, 0.000000000000000000, 1.000000000000000000 ) ) ;
#3397 = DIRECTION ( 'NONE',  ( 1.000000000000000000, 0.000000000000000000, 0.000000000000000000 ) ) ;
#3398 = CARTESIAN_POINT ( 'NONE',  ( -5.602259935411598946, -0.04497166249194758242, 4.900000000000000355 ) ) ;
#3399 = DIRECTION ( 'NONE',  ( 0.000000000000000000, -1.000000000000000000, 0.000000000000000000 ) ) ;
#3400 = ORIENTED_EDGE ( 'NONE', *, *, #1486, .F. ) ;
#3401 = ADVANCED_FACE ( 'NONE', ( #1985 ), #4468, .T. ) ;
#3402 = CARTESIAN_POINT ( 'NONE',  ( -9.050000000000004263, 0.04999999999999969746, 5.100000000000000533 ) ) ;
#3403 = CARTESIAN_POINT ( 'NONE',  ( -7.147486580264436284, -0.04999999999999975991, 5.050000000000000711 ) ) ;
#3404 = CYLINDRICAL_SURFACE ( 'NONE', #485, 0.04999999999999969746 ) ;
#3405 = VERTEX_POINT ( 'NONE', #4591 ) ;
#3406 = CARTESIAN_POINT ( 'NONE',  ( -5.800000000000006040, -0.2496464466094067414, 5.100000000000000533 ) ) ;
#3407 = ORIENTED_EDGE ( 'NONE', *, *, #114, .F. ) ;
#3408 = CARTESIAN_POINT ( 'NONE',  ( 5.799999999999996270, -0.2499999999999999445, 4.850000000000001421 ) ) ;
#3409 = CARTESIAN_POINT ( 'NONE',  ( 0.000000000000000000, 15.15000000000000036, -5.049999999999998934 ) ) ;
#3410 = VERTEX_POINT ( 'NONE', #3791 ) ;
#3411 = ORIENTED_EDGE ( 'NONE', *, *, #868, .T. ) ;
#3412 = PLANE ( 'NONE',  #2306 ) ;
#3413 = DIRECTION ( 'NONE',  ( 0.000000000000000000, 0.000000000000000000, 1.000000000000000000 ) ) ;
#3414 = CARTESIAN_POINT ( 'NONE',  ( 5.449999999999993072, -3.900000000000000355, 4.299999999999996270 ) ) ;
#3415 = CARTESIAN_POINT ( 'NONE',  ( -5.669672185900469508, -0.1311647557205863623, -4.849999999999999645 ) ) ;
#3416 =( BOUNDED_CURVE ( )  B_SPLINE_CURVE ( 2, ( #449, #2643, #3821 ),
 .UNSPECIFIED., .F., .F. ) 
 B_SPLINE_CURVE_WITH_KNOTS ( ( 3, 3 ),
 ( 0.000000000000000000, 1.000000000000000000 ),
 .UNSPECIFIED. ) 
 CURVE ( )  GEOMETRIC_REPRESENTATION_ITEM ( )  RATIONAL_B_SPLINE_CURVE ( ( 1.000000000000000000, 0.7373842891637747421, 0.9457047908995577234 ) ) 
 REPRESENTATION_ITEM ( '' )  );
#3417 = CARTESIAN_POINT ( 'NONE',  ( 7.639999999999996128, -3.900000000000000355, -3.300000000000001155 ) ) ;
#3418 = ORIENTED_EDGE ( 'NONE', *, *, #1355, .T. ) ;
#3419 = APPLICATION_CONTEXT ( 'automotive_design' ) ;
#3420 = DIRECTION ( 'NONE',  ( -1.000000000000000000, 0.000000000000000000, 0.000000000000000000 ) ) ;
#3421 = CARTESIAN_POINT ( 'NONE',  ( -6.981664854466798964, -0.2099445089812588816, -5.100000000000001421 ) ) ;
#3422 = CARTESIAN_POINT ( 'NONE',  ( 5.799999999999998934, -0.2500000000000001110, -5.099999999999998757 ) ) ;
#3423 = EDGE_CURVE ( 'NONE', #3446, #4166, #1123, .T. ) ;
#3424 = CARTESIAN_POINT ( 'NONE',  ( -7.100000000000003197, 0.05000000000000000278, -4.850000000000001421 ) ) ;
#3425 = EDGE_CURVE ( 'NONE', #1803, #2169, #4572, .T. ) ;
#3426 = CARTESIAN_POINT ( 'NONE',  ( 7.030935472040624745, -0.1315785031656100668, -5.099999999999996092 ) ) ;
#3427 = VECTOR ( 'NONE', #2793, 1000.000000000000000 ) ;
#3428 = VERTEX_POINT ( 'NONE', #121 ) ;
#3429 = CARTESIAN_POINT ( 'NONE',  ( -7.650000000000003908, -3.900000000000000355, -4.049999999999999822 ) ) ;
#3430 = FACE_OUTER_BOUND ( 'NONE', #2311, .T. ) ;
#3431 = CARTESIAN_POINT ( 'NONE',  ( 0.000000000000000000, -0.2999999999999999889, -5.049999999999998934 ) ) ;
#3432 = AXIS2_PLACEMENT_3D ( 'NONE', #602, #3190, #1257 ) ;
#3433 = EDGE_CURVE ( 'NONE', #190, #3026, #3847, .T. ) ;
#3434 = CARTESIAN_POINT ( 'NONE',  ( -5.652006451087623340, -0.03994332498388147162, 5.100000000000000533 ) ) ;
#3435 = EDGE_LOOP ( 'NONE', ( #3972, #1802, #4735, #1205 ) ) ;
#3436 = CIRCLE ( 'NONE', #2430, 0.04999999999999969746 ) ;
#3437 = CARTESIAN_POINT ( 'NONE',  ( -7.650000000000003908, -3.900000000000000355, -3.549999999999999822 ) ) ;
#3438 = VECTOR ( 'NONE', #1947, 1000.000000000000000 ) ;
#3439 = VERTEX_POINT ( 'NONE', #2654 ) ;
#3440 = CIRCLE ( 'NONE', #3601, 0.1000000000000002554 ) ;
#3441 = DIRECTION ( 'NONE',  ( -1.000000000000000000, 0.000000000000000000, 0.000000000000000000 ) ) ;
#3442 = CARTESIAN_POINT ( 'NONE',  ( 9.049999999999997158, 15.15000000000000036, -5.049999999999998934 ) ) ;
#3443 = ORIENTED_EDGE ( 'NONE', *, *, #3481, .T. ) ;
#3444 = DIRECTION ( 'NONE',  ( 0.000000000000000000, 0.000000000000000000, -1.000000000000000000 ) ) ;
#3445 = CIRCLE ( 'NONE', #3767, 0.1000000000000002554 ) ;
#3446 = VERTEX_POINT ( 'NONE', #464 ) ;
#3447 = CARTESIAN_POINT ( 'NONE',  ( 5.149999999999993250, -3.900000000000000355, 4.299999999999996270 ) ) ;
#3448 = CIRCLE ( 'NONE', #4784, 0.04999999999999969746 ) ;
#3449 = CARTESIAN_POINT ( 'NONE',  ( 6.945532535381088834, -0.2397576833100541760, 4.850000000000002309 ) ) ;
#3450 = DIRECTION ( 'NONE',  ( -1.000000000000000000, 3.523657060577910710E-15, 0.000000000000000000 ) ) ;
#3451 = DIRECTION ( 'NONE',  ( 0.000000000000000000, 0.000000000000000000, -1.000000000000000000 ) ) ;
#3452 = ORIENTED_EDGE ( 'NONE', *, *, #4679, .F. ) ;
#3453 = CARTESIAN_POINT ( 'NONE',  ( -5.703788273429698741, -0.1915858581630063007, 5.099999999999997868 ) ) ;
#3454 = AXIS2_PLACEMENT_3D ( 'NONE', #3417, #441, #1563 ) ;
#3455 = VERTEX_POINT ( 'NONE', #421 ) ;
#3456 = FACE_OUTER_BOUND ( 'NONE', #3902, .T. ) ;
#3457 = CARTESIAN_POINT ( 'NONE',  ( -9.100000000000003197, 0.04999999999999969746, 5.050000000000000711 ) ) ;
#3458 = EDGE_CURVE ( 'NONE', #3410, #4505, #3082, .T. ) ;
#3459 = ADVANCED_FACE ( 'NONE', ( #1541 ), #3103, .T. ) ;
#3460 = VECTOR ( 'NONE', #3627, 1000.000000000000000 ) ;
#3461 = CARTESIAN_POINT ( 'NONE',  ( -9.050000000000004263, 0.000000000000000000, 5.050000000000000711 ) ) ;
#3462 = ORIENTED_EDGE ( 'NONE', *, *, #835, .T. ) ;
#3463 = ADVANCED_FACE ( 'NONE', ( #1174 ), #4519, .T. ) ;
#3464 = DIRECTION ( 'NONE',  ( -0.000000000000000000, -0.000000000000000000, -1.000000000000000000 ) ) ;
#3465 = VECTOR ( 'NONE', #124, 1000.000000000000000 ) ;
#3466 = ORIENTED_EDGE ( 'NONE', *, *, #2336, .F. ) ;
#3467 = CARTESIAN_POINT ( 'NONE',  ( 5.602259935411591840, -0.04497166249194811671, 4.900000000000000355 ) ) ;
#3468 = DIRECTION ( 'NONE',  ( 0.000000000000000000, 1.000000000000000000, 0.000000000000000000 ) ) ;
#3469 = ORIENTED_EDGE ( 'NONE', *, *, #3255, .F. ) ;
#3470 = DIRECTION ( 'NONE',  ( 1.000000000000000000, 0.000000000000000000, 0.000000000000000000 ) ) ;
#3471 = ORIENTED_EDGE ( 'NONE', *, *, #4479, .T. ) ;
#3472 = ADVANCED_FACE ( 'NONE', ( #2261 ), #3745, .F. ) ;
#3473 = CARTESIAN_POINT ( 'NONE',  ( -7.147486580264436284, -0.04999999999999975991, 4.899999999999999467 ) ) ;
#3474 = ORIENTED_EDGE ( 'NONE', *, *, #4433, .F. ) ;
#3475 = DIRECTION ( 'NONE',  ( 0.000000000000000000, 0.000000000000000000, -1.000000000000000000 ) ) ;
#3476 = DIRECTION ( 'NONE',  ( -1.000000000000000000, -0.000000000000000000, -0.000000000000000000 ) ) ;
#3477 = EDGE_LOOP ( 'NONE', ( #1722, #2650, #2286, #413 ) ) ;
#3478 = DIRECTION ( 'NONE',  ( -1.734723475976847800E-14, 0.000000000000000000, -1.000000000000000000 ) ) ;
#3479 = CARTESIAN_POINT ( 'NONE',  ( 5.668994164560576365, -0.1314047628513026478, 4.850000000000002309 ) ) ;
#3480 = LINE ( 'NONE', #131, #3978 ) ;
#3481 = EDGE_CURVE ( 'NONE', #24, #3130, #2374, .T. ) ;
#3482 = VERTEX_POINT ( 'NONE', #1586 ) ;
#3483 = ADVANCED_FACE ( 'NONE', ( #837 ), #843, .T. ) ;
#3484 = VERTEX_POINT ( 'NONE', #589 ) ;
#3485 = ADVANCED_FACE ( 'NONE', ( #1270 ), #535, .F. ) ;
#3486 = CARTESIAN_POINT ( 'NONE',  ( 6.923533637261721552, -0.2492922824403203952, 5.100000000000002309 ) ) ;
#3487 = CARTESIAN_POINT ( 'NONE',  ( 9.049999999999997158, 0.04999999999999969746, 5.050000000000000711 ) ) ;
#3488 = VERTEX_POINT ( 'NONE', #612 ) ;
#3489 = DIRECTION ( 'NONE',  ( 0.000000000000000000, 0.000000000000000000, 1.000000000000000000 ) ) ;
#3490 = CARTESIAN_POINT ( 'NONE',  ( -5.607498648125392116, -0.09679998966228263446, 5.100000000000160405 ) ) ;
#3491 = VERTEX_POINT ( 'NONE', #166 ) ;
#3492 = LINE ( 'NONE', #1374, #1662 ) ;
#3493 = ORIENTED_EDGE ( 'NONE', *, *, #1332, .F. ) ;
#3494 = DIRECTION ( 'NONE',  ( 0.000000000000000000, 0.000000000000000000, -1.000000000000000000 ) ) ;
#3495 = CARTESIAN_POINT ( 'NONE',  ( -7.097740064588413667, -0.04497166249193144255, -5.049999999999999822 ) ) ;
#3496 = CARTESIAN_POINT ( 'NONE',  ( -6.981664854466818504, -0.2099445089812390641, 5.100000000000000533 ) ) ;
#3497 = DIRECTION ( 'NONE',  ( 1.000000000000000000, 0.000000000000000000, 0.000000000000000000 ) ) ;
#3498 = DIRECTION ( 'NONE',  ( 0.000000000000000000, 1.000000000000000000, 0.000000000000000000 ) ) ;
#3499 = LINE ( 'NONE', #1253, #4627 ) ;
#3500 = CARTESIAN_POINT ( 'NONE',  ( 0.000000000000000000, -0.2999999999999999889, 0.000000000000000000 ) ) ;
#3501 = CARTESIAN_POINT ( 'NONE',  ( 8.039999999999995595, -3.900000000000000355, -4.300000000000001599 ) ) ;
#3502 = DIRECTION ( 'NONE',  ( -1.000000000000000000, 0.000000000000000000, 0.000000000000000000 ) ) ;
#3503 = CIRCLE ( 'NONE', #2269, 0.05000000000000040523 ) ;
#3504 = VERTEX_POINT ( 'NONE', #4323 ) ;
#3505 = EDGE_CURVE ( 'NONE', #797, #3439, #2058, .T. ) ;
#3506 = VECTOR ( 'NONE', #4377, 1000.000000000000000 ) ;
#3507 = CARTESIAN_POINT ( 'NONE',  ( 5.799999999999997158, -0.2999999999999999889, 5.050000000000000711 ) ) ;
#3508 = DIRECTION ( 'NONE',  ( 0.000000000000000000, 0.000000000000000000, 1.000000000000000000 ) ) ;
#3509 = ORIENTED_EDGE ( 'NONE', *, *, #2691, .T. ) ;
#3510 = CARTESIAN_POINT ( 'NONE',  ( 7.019785807144840462, -0.2438471263512780596, 5.049999999999981171 ) ) ;
#3511 = AXIS2_PLACEMENT_3D ( 'NONE', #2987, #348, #2632 ) ;
#3512 = CARTESIAN_POINT ( 'NONE',  ( -7.150000000000004796, -3.900000000000000355, 3.549999999999999822 ) ) ;
#3513 = ADVANCED_FACE ( 'NONE', ( #1342 ), #982, .F. ) ;
#3514 = EDGE_CURVE ( 'NONE', #3293, #3081, #1629, .T. ) ;
#3515 = ORIENTED_EDGE ( 'NONE', *, *, #3337, .F. ) ;
#3516 = DIRECTION ( 'NONE',  ( -1.000000000000000000, 0.000000000000000000, 0.000000000000000000 ) ) ;
#3517 = VERTEX_POINT ( 'NONE', #3954 ) ;
#3518 = CIRCLE ( 'NONE', #1639, 0.04999999999999969746 ) ;
#3519 = DIRECTION ( 'NONE',  ( 0.000000000000000000, -1.000000000000000000, 0.000000000000000000 ) ) ;
#3520 = EDGE_LOOP ( 'NONE', ( #3386, #983, #1646, #2081 ) ) ;
#3521 = EDGE_CURVE ( 'NONE', #215, #1630, #4615, .T. ) ;
#3522 = CARTESIAN_POINT ( 'NONE',  ( 5.552513419735564781, 0.04999999999999969746, 5.050000000000000711 ) ) ;
#3523 = CIRCLE ( 'NONE', #1339, 0.04999999999999969746 ) ;
#3524 = CARTESIAN_POINT ( 'NONE',  ( -8.850000000000003197, 0.05000000000000000278, 4.899999999999999467 ) ) ;
#3525 = CARTESIAN_POINT ( 'NONE',  ( -8.850000000000003197, 0.02071067811865475936, 4.849999999999999645 ) ) ;
#3526 = DIRECTION ( 'NONE',  ( 0.000000000000000000, 0.000000000000000000, 1.000000000000000000 ) ) ;
#3527 = CARTESIAN_POINT ( 'NONE',  ( -6.900000000000003020, -0.2999999999999999889, -4.899999999999997691 ) ) ;
#3528 = AXIS2_PLACEMENT_3D ( 'NONE', #4158, #2658, #3777 ) ;
#3529 = CARTESIAN_POINT ( 'NONE',  ( 5.669333175230490518, -0.1312847592859372747, 4.850000000000003197 ) ) ;
#3530 = DIRECTION ( 'NONE',  ( -0.9949303135204945470, 0.1005667501613253384, 0.000000000000000000 ) ) ;
#3531 = DIRECTION ( 'NONE',  ( 0.000000000000000000, 1.000000000000000000, 0.000000000000000000 ) ) ;
#3532 = LINE ( 'NONE', #3891, #2207 ) ;
#3533 = VECTOR ( 'NONE', #2480, 1000.000000000000000 ) ;
#3534 = VERTEX_POINT ( 'NONE', #3151 ) ;
#3535 = EDGE_CURVE ( 'NONE', #307, #3746, #194, .T. ) ;
#3536 = CARTESIAN_POINT ( 'NONE',  ( -9.050000000000004263, 15.15000000000000036, -5.049999999999998934 ) ) ;
#3537 = ORIENTED_EDGE ( 'NONE', *, *, #4509, .F. ) ;
#3538 = CARTESIAN_POINT ( 'NONE',  ( 6.899999999999998579, -0.2999999999999999889, 4.929166666666664476 ) ) ;
#3539 = CARTESIAN_POINT ( 'NONE',  ( -6.900000000000003908, -0.2499999999999998890, -4.850000000000001421 ) ) ;
#3540 = ORIENTED_EDGE ( 'NONE', *, *, #114, .T. ) ;
#3541 = DIRECTION ( 'NONE',  ( 0.000000000000000000, 0.000000000000000000, 1.000000000000000000 ) ) ;
#3542 = ORIENTED_EDGE ( 'NONE', *, *, #1280, .T. ) ;
#3543 = CIRCLE ( 'NONE', #42, 0.7500000000000006661 ) ;
#3544 = EDGE_CURVE ( 'NONE', #4760, #1061, #4152, .T. ) ;
#3545 = CARTESIAN_POINT ( 'NONE',  ( -5.552513419735570999, 0.000000000000000000, -5.049999999999998934 ) ) ;
#3546 = EDGE_LOOP ( 'NONE', ( #2813, #3839, #4286, #2679 ) ) ;
#3547 = DIRECTION ( 'NONE',  ( 0.000000000000000000, 1.000000000000000000, 0.000000000000000000 ) ) ;
#3548 = LINE ( 'NONE', #2753, #4547 ) ;
#3549 = CARTESIAN_POINT ( 'NONE',  ( 5.149999999999993250, -3.900000000000000355, 4.299999999999996270 ) ) ;
#3550 = DIRECTION ( 'NONE',  ( 0.000000000000000000, 0.000000000000000000, -1.000000000000000000 ) ) ;
#3551 = EDGE_CURVE ( 'NONE', #2998, #3405, #2231, .T. ) ;
#3552 = CARTESIAN_POINT ( 'NONE',  ( 6.938647371985741330, -0.2999999999999986566, -5.050000000000101963 ) ) ;
#3553 = B_SPLINE_CURVE_WITH_KNOTS ( 'NONE', 3,
 ( #3260, #1470, #303, #2585, #2240, #3651, #4381, #352 ),
 .UNSPECIFIED., .F., .F.,
 ( 4, 2, 2, 4 ),
 ( 0.000000000000000000, 6.947132448068252979E-05, 0.0001389426489613650596, 0.0002778852979227301192 ),
 .UNSPECIFIED. ) ;
#3554 = CARTESIAN_POINT ( 'NONE',  ( -9.050000000000004263, 15.19999999999999929, 5.050000000000000711 ) ) ;
#3555 = DIRECTION ( 'NONE',  ( 0.000000000000000000, 0.000000000000000000, -1.000000000000000000 ) ) ;
#3556 = CARTESIAN_POINT ( 'NONE',  ( -5.754420856929254313, -0.2397343563014042722, -5.099999999999996980 ) ) ;
#3557 = ORIENTED_EDGE ( 'NONE', *, *, #1278, .F. ) ;
#3558 = DIRECTION ( 'NONE',  ( 1.000000000000000000, 1.761828530288940169E-15, 0.000000000000000000 ) ) ;
#3559 =( NAMED_UNIT ( * ) SI_UNIT ( $, .STERADIAN. ) SOLID_ANGLE_UNIT ( ) );
#3560 = ORIENTED_EDGE ( 'NONE', *, *, #4382, .F. ) ;
#3561 = CARTESIAN_POINT ( 'NONE',  ( 6.923639019412632045, -0.2496458327427771295, 5.100000000000001421 ) ) ;
#3562 = ORIENTED_EDGE ( 'NONE', *, *, #4678, .T. ) ;
#3563 = CARTESIAN_POINT ( 'NONE',  ( 5.718602811621329884, -0.2097064609223708298, -4.850000000000002309 ) ) ;
#3564 = ORIENTED_EDGE ( 'NONE', *, *, #1234, .T. ) ;
#3565 = CYLINDRICAL_SURFACE ( 'NONE', #1987, 0.04999999999999969746 ) ;
#3566 = VERTEX_POINT ( 'NONE', #3299 ) ;
#3567 = CARTESIAN_POINT ( 'NONE',  ( 7.147486580264428291, 0.000000000000000000, 4.899999999999999467 ) ) ;
#3568 = CARTESIAN_POINT ( 'NONE',  ( -6.900000000000003020, -0.2496464466094066859, 5.100000000000000533 ) ) ;
#3569 = EDGE_CURVE ( 'NONE', #2993, #1309, #2139, .T. ) ;
#3570 = CARTESIAN_POINT ( 'NONE',  ( -8.850000000000003197, 0.000000000000000000, -4.899999999999999467 ) ) ;
#3571 = DIRECTION ( 'NONE',  ( 0.000000000000000000, 0.000000000000000000, 1.000000000000000000 ) ) ;
#3572 = CARTESIAN_POINT ( 'NONE',  ( 7.030327814099496031, -0.1311647557205620485, -5.099999999999998757 ) ) ;
#3573 = PLANE ( 'NONE',  #4684 ) ;
#3574 = DIRECTION ( 'NONE',  ( 1.000000000000000000, 0.000000000000000000, 0.000000000000000000 ) ) ;
#3575 = FACE_OUTER_BOUND ( 'NONE', #3335, .T. ) ;
#3576 = EDGE_CURVE ( 'NONE', #3081, #2744, #2532, .T. ) ;
#3577 = EDGE_CURVE ( 'NONE', #1341, #144, #4443, .T. ) ;
#3578 = CARTESIAN_POINT ( 'NONE',  ( -5.602259935411596281, -0.04497166249193192827, -5.049999999999998934 ) ) ;
#3579 = ORIENTED_EDGE ( 'NONE', *, *, #1486, .T. ) ;
#3580 = ADVANCED_FACE ( 'NONE', ( #318 ), #1673, .T. ) ;
#3581 = VECTOR ( 'NONE', #927, 1000.000000000000000 ) ;
#3582 = LINE ( 'NONE', #2051, #3666 ) ;
#3583 = CARTESIAN_POINT ( 'NONE',  ( 6.899999999999998579, -0.2499999999999999445, 4.899999999999999467 ) ) ;
#3584 = ORIENTED_EDGE ( 'NONE', *, *, #2575, .F. ) ;
#3585 = DIRECTION ( 'NONE',  ( -1.000000000000000000, 0.000000000000000000, 0.000000000000000000 ) ) ;
#3586 = AXIS2_PLACEMENT_3D ( 'NONE', #1307, #578, #1617 ) ;
#3587 = EDGE_CURVE ( 'NONE', #2798, #3025, #1037, .T. ) ;
#3588 = DIRECTION ( 'NONE',  ( -1.000000000000000000, 0.000000000000000000, 0.000000000000000000 ) ) ;
#3589 = CIRCLE ( 'NONE', #1244, 0.04999999999999969746 ) ;
#3590 = EDGE_LOOP ( 'NONE', ( #3509, #1023, #825, #614 ) ) ;
#3591 = CARTESIAN_POINT ( 'NONE',  ( 5.669672185900401118, -0.1311647557205588566, -4.850000000000002309 ) ) ;
#3592 = DIRECTION ( 'NONE',  ( 1.000000000000000000, 0.000000000000000000, 0.000000000000000000 ) ) ;
#3593 = CIRCLE ( 'NONE', #3900, 0.04999999999999969746 ) ;
#3594 = ORIENTED_EDGE ( 'NONE', *, *, #1430, .F. ) ;
#3595 = CARTESIAN_POINT ( 'NONE',  ( 6.981932520554930299, -0.2101825570401335552, -4.850000000000001421 ) ) ;
#3596 = DIRECTION ( 'NONE',  ( 0.000000000000000000, -0.1736481776669307198, 0.9848077530122080203 ) ) ;
#3597 = CARTESIAN_POINT ( 'NONE',  ( -7.561836509645771365, -4.400000000000000355, -3.961836509645767279 ) ) ;
#3598 = VECTOR ( 'NONE', #2976, 1000.000000000000000 ) ;
#3599 = CARTESIAN_POINT ( 'NONE',  ( -8.900000000000003908, 0.000000000000000000, 4.850000000000001421 ) ) ;
#3600 = CARTESIAN_POINT ( 'NONE',  ( 6.900000000000001243, -0.3000000000000000444, -5.049999999999997158 ) ) ;
#3601 = AXIS2_PLACEMENT_3D ( 'NONE', #2324, #456, #657 ) ;
#3602 = CARTESIAN_POINT ( 'NONE',  ( -7.047993548912383943, -0.03994332498388165203, -4.849999999999997868 ) ) ;
#3603 = CARTESIAN_POINT ( 'NONE',  ( 7.097740064588403897, -0.04497166249194805426, -4.900000000000001243 ) ) ;
#3604 = DIRECTION ( 'NONE',  ( 0.000000000000000000, 0.000000000000000000, -1.000000000000000000 ) ) ;
#3605 = DIRECTION ( 'NONE',  ( 0.000000000000000000, 0.000000000000000000, 1.000000000000000000 ) ) ;
#3606 = ORIENTED_EDGE ( 'NONE', *, *, #4781, .F. ) ;
#3607 =( GEOMETRIC_REPRESENTATION_CONTEXT ( 3 ) GLOBAL_UNCERTAINTY_ASSIGNED_CONTEXT ( ( #3618 ) ) GLOBAL_UNIT_ASSIGNED_CONTEXT ( ( #3924, #3245, #3559 ) ) REPRESENTATION_CONTEXT ( 'NONE', 'WORKASPACE' ) );
#3608 = EDGE_CURVE ( 'NONE', #3005, #3025, #4401, .T. ) ;
#3609 = EDGE_CURVE ( 'NONE', #2897, #1341, #717, .T. ) ;
#3610 = TOROIDAL_SURFACE ( 'NONE', #4616, 0.1000000000000000056, 0.05000000000000000278 ) ;
#3611 = CARTESIAN_POINT ( 'NONE',  ( -5.800000000000005151, -0.2999999999999999889, 5.050000000000000711 ) ) ;
#3612 = DIRECTION ( 'NONE',  ( -0.000000000000000000, -0.000000000000000000, -1.000000000000000000 ) ) ;
#3613 = EDGE_LOOP ( 'NONE', ( #2930, #47, #433, #4822 ) ) ;
#3614 = AXIS2_PLACEMENT_3D ( 'NONE', #2704, #772, #3812 ) ;
#3615 = CARTESIAN_POINT ( 'NONE',  ( 7.639999999999996128, -3.900000000000000355, -4.300000000000001599 ) ) ;
#3616 = EDGE_CURVE ( 'NONE', #4112, #3491, #346, .T. ) ;
#3617 = CARTESIAN_POINT ( 'NONE',  ( 7.092501288939318194, -0.09680009177560333633, 5.050000000000038902 ) ) ;
#3618 = UNCERTAINTY_MEASURE_WITH_UNIT (LENGTH_MEASURE( 1.000000000000000082E-05 ), #3924, 'distance_accuracy_value', 'NONE');
#3619 = ORIENTED_EDGE ( 'NONE', *, *, #412, .T. ) ;
#3620 = CARTESIAN_POINT ( 'NONE',  ( -7.047641787926633761, -0.03990776926839492700, 4.850000000000002309 ) ) ;
#3621 = CARTESIAN_POINT ( 'NONE',  ( -7.100000000000003197, -0.2999999999999999889, -4.929166666666665364 ) ) ;
#3622 = CARTESIAN_POINT ( 'NONE',  ( -6.900000000000003908, -0.2499999999999999445, 4.850000000000001421 ) ) ;
#3623 = FACE_OUTER_BOUND ( 'NONE', #364, .T. ) ;
#3624 = CARTESIAN_POINT ( 'NONE',  ( 9.099999999999997868, 0.04999999999999969746, -5.049999999999998934 ) ) ;
#3625 = CARTESIAN_POINT ( 'NONE',  ( -5.652709973059121040, -0.03987221355288079333, 4.850000000000001421 ) ) ;
#3626 = ORIENTED_EDGE ( 'NONE', *, *, #1625, .T. ) ;
#3627 = DIRECTION ( 'NONE',  ( 0.000000000000000000, 1.000000000000000000, 0.000000000000000000 ) ) ;
#3628 = TOROIDAL_SURFACE ( 'NONE', #672, 0.1000000000000000056, 0.05000000000000000278 ) ;
#3629 = CARTESIAN_POINT ( 'NONE',  ( -7.030327814099622152, -0.1311647557205679604, -4.850000000000001421 ) ) ;
#3630 = CARTESIAN_POINT ( 'NONE',  ( -7.097740064588408337, -0.04497166249194785997, 5.049999999999998046 ) ) ;
#3631 = PLANE ( 'NONE',  #2111 ) ;
#3632 = CARTESIAN_POINT ( 'NONE',  ( -5.776360980587393890, -0.2496458327427772406, -5.099999999999999645 ) ) ;
#3633 = ORIENTED_EDGE ( 'NONE', *, *, #104, .T. ) ;
#3634 = ADVANCED_FACE ( 'NONE', ( #389 ), #881, .T. ) ;
#3635 = SURFACE_SIDE_STYLE ('',( #2474 ) ) ;
#3636 = ADVANCED_FACE ( 'NONE', ( #3345 ), #1, .T. ) ;
#3637 = ORIENTED_EDGE ( 'NONE', *, *, #3927, .T. ) ;
#3638 = CARTESIAN_POINT ( 'NONE',  ( -9.050000000000004263, 15.15000000000000036, -5.099999999999998757 ) ) ;
#3639 = CARTESIAN_POINT ( 'NONE',  ( -5.602259935411598946, -0.04497166249194758242, 4.900000000000000355 ) ) ;
#3640 = CARTESIAN_POINT ( 'NONE',  ( 7.030327814099554651, -0.1311647557205800063, 4.849999999999999645 ) ) ;
#3641 = EDGE_CURVE ( 'NONE', #1532, #1455, #3548, .T. ) ;
#3642 = ORIENTED_EDGE ( 'NONE', *, *, #2869, .F. ) ;
#3643 = CARTESIAN_POINT ( 'NONE',  ( -6.970804738822033109, -0.2836643946956108886, 4.849999999999991651 ) ) ;
#3644 = DIRECTION ( 'NONE',  ( 0.000000000000000000, -1.000000000000000000, 0.000000000000000000 ) ) ;
#3645 = CARTESIAN_POINT ( 'NONE',  ( 7.092501288939313753, -0.09680009177564583012, -4.899999999999939071 ) ) ;
#3646 = EDGE_CURVE ( 'NONE', #4192, #1341, #3912, .T. ) ;
#3647 = CARTESIAN_POINT ( 'NONE',  ( 8.850000000000004974, 0.05000000000000000278, 4.850000000000001421 ) ) ;
#3648 = FACE_OUTER_BOUND ( 'NONE', #1927, .T. ) ;
#3649 = CARTESIAN_POINT ( 'NONE',  ( -5.657338472060126300, -0.08566339491222618729, 4.850000000000004086 ) ) ;
#3650 = ORIENTED_EDGE ( 'NONE', *, *, #721, .T. ) ;
#3651 = CARTESIAN_POINT ( 'NONE',  ( 5.669064527959371880, -0.1315785031656199200, 4.850000000000002309 ) ) ;
#3652 = CARTESIAN_POINT ( 'NONE',  ( -6.995632496820391566, -0.1911749808269693485, -4.849999999999999645 ) ) ;
#3653 = DIRECTION ( 'NONE',  ( -1.000000000000000000, 0.000000000000000000, 0.000000000000000000 ) ) ;
#3654 = EDGE_CURVE ( 'NONE', #190, #3853, #3206, .T. ) ;
#3655 = FACE_OUTER_BOUND ( 'NONE', #4416, .T. ) ;
#3656 = CARTESIAN_POINT ( 'NONE',  ( -5.800000000000006040, -0.2499999999999999445, 5.100000000000000533 ) ) ;
#3657 = EDGE_LOOP ( 'NONE', ( #402, #2547, #4159, #4617 ) ) ;
#3658 = DIRECTION ( 'NONE',  ( 0.000000000000000000, 0.000000000000000000, -1.000000000000000000 ) ) ;
#3659 = EDGE_LOOP ( 'NONE', ( #4486, #3786, #785, #1053 ) ) ;
#3660 = ORIENTED_EDGE ( 'NONE', *, *, #2127, .T. ) ;
#3661 = FACE_OUTER_BOUND ( 'NONE', #3730, .T. ) ;
#3662 = DIRECTION ( 'NONE',  ( 0.000000000000000000, 1.000000000000000000, 0.000000000000000000 ) ) ;
#3663 = CARTESIAN_POINT ( 'NONE',  ( 6.995922111695346501, -0.1913804194949844939, 4.849999999999999645 ) ) ;
#3664 = EDGE_LOOP ( 'NONE', ( #4793, #525, #2911, #1360 ) ) ;
#3665 = CARTESIAN_POINT ( 'NONE',  ( -7.043356540527319964, -0.08581869388643934005, 4.850000000000002309 ) ) ;
#3666 = VECTOR ( 'NONE', #2128, 1000.000000000000000 ) ;
#3667 =( BOUNDED_SURFACE ( )  B_SPLINE_SURFACE ( 3, 2, ( 
 ( #315, #291, #3690, #2179, #387 ),
 ( #1127, #1102, #4048, #714, #2204 ),
 ( #1834, #1459, #1148, #2627, #669 ),
 ( #4489, #2601, #4399, #1884, #3368 ),
 ( #26, #3663, #1515, #3007, #2649 ),
 ( #3640, #1781, #3271, #4764, #2323 ),
 ( #4608, #1262, #1980, #2278, #3050 ),
 ( #3764, #455, #4512, #1907, #4541 ) ),
 .UNSPECIFIED., .F., .F., .T. ) 
 B_SPLINE_SURFACE_WITH_KNOTS ( ( 4, 2, 2, 4 ),
 ( 3, 2, 3 ),
 ( 0.000000000000000000, 6.954209021615708776E-05, 0.0001390841804323141755, 0.0002781683608646283510 ),
 ( -0.01000000000000000021, 0.000000000000000000, 1.000000000000000000 ),
 .UNSPECIFIED. ) 
 GEOMETRIC_REPRESENTATION_ITEM ( )  RATIONAL_B_SPLINE_SURFACE ( (
 ( 1.000000000000000000, 1.000000000000000000, 1.000000000000000000, 0.7071067811865475727, 1.000000000000000000),
 ( 1.000000000000000000, 1.000000000000000000, 1.000000000000000000, 0.7071067811865475727, 1.000000000000000000),
 ( 1.000000000000000000, 1.000000000000000000, 1.000000000000000000, 0.7071067811865536790, 1.000000000000000000),
 ( 1.000000000000000000, 1.000000000000000000, 1.000000000000000000, 0.7071067811865536790, 1.000000000000000000),
 ( 1.000000000000000000, 1.000000000000000000, 1.000000000000000000, 0.7071067811865414665, 1.000000000000000000),
 ( 1.000000000000000000, 1.000000000000000000, 1.000000000000000000, 0.7071067811865414665, 1.000000000000000000),
 ( 1.000000000000000000, 1.000000000000000000, 1.000000000000000000, 0.7071067811865475727, 1.000000000000000000),
 ( 1.000000000000000000, 1.000000000000000000, 1.000000000000000000, 0.7071067811865475727, 1.000000000000000000) ) ) 
 REPRESENTATION_ITEM ( '' )  SURFACE ( )  );
#3668 = FACE_OUTER_BOUND ( 'NONE', #3989, .T. ) ;
#3669 = EDGE_CURVE ( 'NONE', #2200, #898, #2434, .T. ) ;
#3670 = EDGE_CURVE ( 'NONE', #1628, #1293, #4277, .T. ) ;
#3671 = CARTESIAN_POINT ( 'NONE',  ( 6.945400771172590915, -0.2394237240209383388, -4.850000000000001421 ) ) ;
#3672 = CARTESIAN_POINT ( 'NONE',  ( -7.150000000000004796, -3.900000000000000355, 4.049999999999999822 ) ) ;
#3673 = CARTESIAN_POINT ( 'NONE',  ( -7.150000000000004796, -3.900000000000000355, -4.049999999999999822 ) ) ;
#3674 = CARTESIAN_POINT ( 'NONE',  ( -5.754777600725620168, -0.2391130917404964973, 4.850000000000002309 ) ) ;
#3675 = VERTEX_POINT ( 'NONE', #2825 ) ;
#3676 = CIRCLE ( 'NONE', #1956, 0.04999999999999969746 ) ;
#3677 = DIRECTION ( 'NONE',  ( 0.000000000000000000, 0.000000000000000000, 1.000000000000000000 ) ) ;
#3678 = CARTESIAN_POINT ( 'NONE',  ( -6.981932520554972932, -0.2101825570401199550, -4.849999999999999645 ) ) ;
#3679 = VECTOR ( 'NONE', #1521, 1000.000000000000000 ) ;
#3680 = FACE_OUTER_BOUND ( 'NONE', #4007, .T. ) ;
#3681 = ORIENTED_EDGE ( 'NONE', *, *, #3576, .F. ) ;
#3682 = APPLICATION_CONTEXT ( 'automotive_design' ) ;
#3683 = AXIS2_PLACEMENT_3D ( 'NONE', #1460, #4439, #2628 ) ;
#3684 = CYLINDRICAL_SURFACE ( 'NONE', #3216, 0.04999999999999969746 ) ;
#3685 = TOROIDAL_SURFACE ( 'NONE', #1573, 0.1000000000000000056, 0.05000000000000000278 ) ;
#3686 = VERTEX_POINT ( 'NONE', #3597 ) ;
#3687 = DIRECTION ( 'NONE',  ( 0.1005667501613262682, -0.9949303135204944359, 5.629838087063660462E-15 ) ) ;
#3688 = CARTESIAN_POINT ( 'NONE',  ( 8.099999999999997868, 15.10000000000000142, 4.100000000000000533 ) ) ;
#3689 = AXIS2_PLACEMENT_3D ( 'NONE', #822, #470, #3451 ) ;
#3690 = CARTESIAN_POINT ( 'NONE',  ( 6.899999999999997691, -0.2500000000000000000, 4.850000000000001421 ) ) ;
#3691 = ORIENTED_EDGE ( 'NONE', *, *, #386, .T. ) ;
#3692 = DIRECTION ( 'NONE',  ( 1.000000000000000000, 0.000000000000000000, 0.000000000000000000 ) ) ;
#3693 = AXIS2_PLACEMENT_3D ( 'NONE', #1031, #666, #2158 ) ;
#3694 = FACE_OUTER_BOUND ( 'NONE', #2036, .T. ) ;
#3695 = STYLED_ITEM ( 'NONE', ( #3702 ), #4189 ) ;
#3696 = DIRECTION ( 'NONE',  ( -1.000000000000000000, 0.000000000000000000, -8.673617379884027583E-16 ) ) ;
#3697 = DIRECTION ( 'NONE',  ( -1.000000000000000000, 0.000000000000000000, 0.000000000000000000 ) ) ;
#3698 = CARTESIAN_POINT ( 'NONE',  ( 7.728163490354228671, -4.400000000000000355, -3.388163490354233698 ) ) ;
#3699 = DIRECTION ( 'NONE',  ( 1.000000000000000000, 0.000000000000000000, 0.000000000000000000 ) ) ;
#3700 = EDGE_CURVE ( 'NONE', #3001, #3405, #4785, .T. ) ;
#3701 = ORIENTED_EDGE ( 'NONE', *, *, #987, .F. ) ;
#3702 = PRESENTATION_STYLE_ASSIGNMENT (( #1866 ) ) ;
#3703 = DIRECTION ( 'NONE',  ( -1.000000000000000000, 0.000000000000000000, 3.469446951953635015E-14 ) ) ;
#3704 = VECTOR ( 'NONE', #538, 1000.000000000000000 ) ;
#3705 = CARTESIAN_POINT ( 'NONE',  ( 5.599999999999996980, -0.2999999999999999889, 4.837499999999999467 ) ) ;
#3706 = LINE ( 'NONE', #734, #3996 ) ;
#3707 = EDGE_CURVE ( 'NONE', #972, #293, #4660, .T. ) ;
#3708 = VERTEX_POINT ( 'NONE', #571 ) ;
#3709 = VECTOR ( 'NONE', #2887, 1000.000000000000000 ) ;
#3710 = CARTESIAN_POINT ( 'NONE',  ( 5.799999999999998934, -0.2496464466094066859, -5.099999999999998757 ) ) ;
#3711 = VERTEX_POINT ( 'NONE', #2039 ) ;
#3712 = DIRECTION ( 'NONE',  ( 1.000000000000000000, 0.000000000000000000, 0.000000000000000000 ) ) ;
#3713 = CARTESIAN_POINT ( 'NONE',  ( 7.092501351874387794, -0.09679998966225716872, 5.100000000000017408 ) ) ;
#3714 = ORIENTED_EDGE ( 'NONE', *, *, #2180, .T. ) ;
#3715 = DIRECTION ( 'NONE',  ( 0.000000000000000000, 1.000000000000000000, 0.000000000000000000 ) ) ;
#3716 = DIRECTION ( 'NONE',  ( 0.000000000000000000, 0.000000000000000000, -1.000000000000000000 ) ) ;
#3717 = DIRECTION ( 'NONE',  ( -0.1710878697460358755, 0.9702875252478138091, 0.1710878697460358755 ) ) ;
#3718 = CARTESIAN_POINT ( 'NONE',  ( 6.996140634538357439, -0.1916826843490206100, 5.099999999999998757 ) ) ;
#3719 = CARTESIAN_POINT ( 'NONE',  ( 8.850000000000004974, 0.02071067811865475589, -4.849999999999999645 ) ) ;
#3720 = CARTESIAN_POINT ( 'NONE',  ( -5.776255598436436323, -0.2499993830452325039, 4.850000000000001421 ) ) ;
#3721 = ORIENTED_EDGE ( 'NONE', *, *, #54, .F. ) ;
#3722 =( NAMED_UNIT ( * ) PLANE_ANGLE_UNIT ( ) SI_UNIT ( $, .RADIAN. ) );
#3723 = ORIENTED_EDGE ( 'NONE', *, *, #812, .F. ) ;
#3724 = FACE_OUTER_BOUND ( 'NONE', #1867, .T. ) ;
#3725 = EDGE_CURVE ( 'NONE', #4830, #2200, #889, .T. ) ;
#3726 = ORIENTED_EDGE ( 'NONE', *, *, #4831, .T. ) ;
#3727 = CARTESIAN_POINT ( 'NONE',  ( 5.599999999999998757, -0.2999999999999999889, -5.020833333333328596 ) ) ;
#3728 = ORIENTED_EDGE ( 'NONE', *, *, #1014, .F. ) ;
#3729 = FACE_OUTER_BOUND ( 'NONE', #794, .T. ) ;
#3730 = EDGE_LOOP ( 'NONE', ( #4065, #3407, #2888, #1002 ) ) ;
#3731 = DIRECTION ( 'NONE',  ( 0.000000000000000000, 0.000000000000000000, 1.000000000000000000 ) ) ;
#3732 = ADVANCED_FACE ( 'NONE', ( #2779 ), #2088, .T. ) ;
#3733 = ADVANCED_FACE ( 'NONE', ( #965 ), #2348, .T. ) ;
#3734 = CARTESIAN_POINT ( 'NONE',  ( 5.704367503179560650, -0.1911749808269667394, 5.099999999999998757 ) ) ;
#3735 = CARTESIAN_POINT ( 'NONE',  ( 5.607498648125412544, -0.09679998966229350077, -5.099999999999979217 ) ) ;
#3736 = ORIENTED_EDGE ( 'NONE', *, *, #1908, .F. ) ;
#3737 = CARTESIAN_POINT ( 'NONE',  ( -7.650000000000003908, -3.900000000000000355, 4.049999999999999822 ) ) ;
#3738 = ORIENTED_EDGE ( 'NONE', *, *, #1452, .F. ) ;
#3739 = DIRECTION ( 'NONE',  ( 0.000000000000000000, 0.000000000000000000, -1.000000000000000000 ) ) ;
#3740 = DIRECTION ( 'NONE',  ( 0.000000000000000000, 0.000000000000000000, -1.000000000000000000 ) ) ;
#3741 = CARTESIAN_POINT ( 'NONE',  ( -5.652006451087622452, -0.03994332498388174918, -5.099999999999998757 ) ) ;
#3742 = CARTESIAN_POINT ( 'NONE',  ( -6.900000000000003908, -0.2499999999999999445, -5.049999999999998934 ) ) ;
#3743 = VECTOR ( 'NONE', #4681, 1000.000000000000000 ) ;
#3744 = CARTESIAN_POINT ( 'NONE',  ( -5.607498648125670115, -0.09679998966227015833, -4.850000000000319389 ) ) ;
#3745 = PLANE ( 'NONE',  #4621 ) ;
#3746 = VERTEX_POINT ( 'NONE', #1003 ) ;
#3747 = CARTESIAN_POINT ( 'NONE',  ( -7.100000000000004086, -0.2999999999999999889, 4.929166666666667140 ) ) ;
#3748 = AXIS2_PLACEMENT_3D ( 'NONE', #2832, #1692, #3968 ) ;
#3749 = CARTESIAN_POINT ( 'NONE',  ( 6.923541329706867309, -0.2500000000000000555, 4.850000000000002309 ) ) ;
#3750 = DIRECTION ( 'NONE',  ( -1.000000000000000000, 0.000000000000000000, 0.000000000000000000 ) ) ;
#3751 = AXIS2_PLACEMENT_3D ( 'NONE', #3442, #2675, #1561 ) ;
#3752 = ORIENTED_EDGE ( 'NONE', *, *, #2575, .T. ) ;
#3753 = CLOSED_SHELL ( 'NONE', ( #1214, #1370, #2955, #3161, #2665, #4320, #1887, #1103, #4435, #77, #3016, #1906, #3823, #782, #4471, #890, #3034, #3513, #4714, #75, #4341, #1292, #2185, #2927, #728, #4470, #4699, #751, #2571, #4291, #2664, #2157, #3935, #3733, #4534, #559, #2096, #3310, #3311, #2061, #1997, #4195, #1469, #2568, #3580, #3401, #686, #977, #1190, #4259, #4361, #1488, #530, #2091, #1055, #4403, #2641, #1680, #2982, #4290, #3163, #598, #2606, #3376, #1310, #4746, #4628, #3463, #296, #2746, #809, #46, #3371, #236, #2714, #2028, #1245, #661, #2354, #356, #3123, #1140, #2438, #2809, #1369, #4656, #3217, #2030, #3046, #3101, #3732, #2615, #4088, #2635, #1527, #3947, #2490, #954, #2453, #2191, #3634, #509, #2056, #267, #783, #2162, #567, #1626, #3483, #1508, #266, #720 ) ) ;
#3754 = CARTESIAN_POINT ( 'NONE',  ( -5.776466362738292837, -0.2492922824403181192, 5.100000000000000533 ) ) ;
#3755 = ORIENTED_EDGE ( 'NONE', *, *, #504, .F. ) ;
#3756 = DIRECTION ( 'NONE',  ( 0.000000000000000000, 0.000000000000000000, -1.000000000000000000 ) ) ;
#3757 = EDGE_CURVE ( 'NONE', #3708, #1672, #4078, .T. ) ;
#3758 = CARTESIAN_POINT ( 'NONE',  ( 5.776466362738266191, -0.2492922824403213111, -5.099999999999998757 ) ) ;
#3759 = ORIENTED_EDGE ( 'NONE', *, *, #980, .T. ) ;
#3760 = AXIS2_PLACEMENT_3D ( 'NONE', #2645, #3756, #2297 ) ;
#3761 = EDGE_CURVE ( 'NONE', #1929, #2241, #2202, .T. ) ;
#3762 = UNCERTAINTY_MEASURE_WITH_UNIT (LENGTH_MEASURE( 1.000000000000000082E-05 ), #1328, 'distance_accuracy_value', 'NONE');
#3763 = AXIS2_PLACEMENT_3D ( 'NONE', #4537, #1188, #2692 ) ;
#3764 = CARTESIAN_POINT ( 'NONE',  ( 7.047290026940878249, -0.03987221355288103619, 4.850000000000001421 ) ) ;
#3765 = ORIENTED_EDGE ( 'NONE', *, *, #1882, .T. ) ;
#3766 = EDGE_CURVE ( 'NONE', #3711, #2097, #637, .T. ) ;
#3767 = AXIS2_PLACEMENT_3D ( 'NONE', #2471, #3605, #1750 ) ;
#3768 = DIRECTION ( 'NONE',  ( 0.000000000000000000, 0.000000000000000000, 1.000000000000000000 ) ) ;
#3769 = PLANE ( 'NONE',  #719 ) ;
#3770 = CARTESIAN_POINT ( 'NONE',  ( -5.776458670293137310, -0.2500000000000000000, 4.850000000000001421 ) ) ;
#3771 = CIRCLE ( 'NONE', #2768, 0.04999999999999969746 ) ;
#3772 = CARTESIAN_POINT ( 'NONE',  ( -5.776466362738286620, -0.2492922824403195348, -4.850000000000002309 ) ) ;
#3773 = CARTESIAN_POINT ( 'NONE',  ( -9.050000000000004263, 0.04999999999999969746, -5.049999999999997158 ) ) ;
#3774 = VERTEX_POINT ( 'NONE', #3269 ) ;
#3775 = CARTESIAN_POINT ( 'NONE',  ( -6.900000000000003908, -0.2999999999999999889, 5.112499999999997158 ) ) ;
#3776 = ORIENTED_EDGE ( 'NONE', *, *, #4340, .F. ) ;
#3777 = DIRECTION ( 'NONE',  ( 0.000000000000000000, 0.000000000000000000, -1.000000000000000000 ) ) ;
#3778 = ORIENTED_EDGE ( 'NONE', *, *, #3790, .F. ) ;
#3779 = CARTESIAN_POINT ( 'NONE',  ( 6.981868117469909762, -0.2102494280712557673, -5.099999999999999645 ) ) ;
#3780 = ORIENTED_EDGE ( 'NONE', *, *, #2932, .T. ) ;
#3781 = CARTESIAN_POINT ( 'NONE',  ( 8.900000000000005684, 0.000000000000000000, -4.850000000000001421 ) ) ;
#3782 = CARTESIAN_POINT ( 'NONE',  ( -5.600000000000002309, 0.04999999999999969746, -5.099999999999998757 ) ) ;
#3783 = ORIENTED_EDGE ( 'NONE', *, *, #834, .T. ) ;
#3784 = VECTOR ( 'NONE', #1648, 1000.000000000000000 ) ;
#3785 = EDGE_CURVE ( 'NONE', #3384, #2161, #3225, .T. ) ;
#3786 = ORIENTED_EDGE ( 'NONE', *, *, #4584, .F. ) ;
#3787 = DIRECTION ( 'NONE',  ( -1.000000000000000000, -0.000000000000000000, -0.000000000000000000 ) ) ;
#3788 = CARTESIAN_POINT ( 'NONE',  ( 7.639999999999996128, -3.900000000000000355, -3.300000000000001155 ) ) ;
#3789 = DIRECTION ( 'NONE',  ( 0.000000000000000000, 0.000000000000000000, -1.000000000000000000 ) ) ;
#3790 = EDGE_CURVE ( 'NONE', #4723, #3074, #3067, .T. ) ;
#3791 = CARTESIAN_POINT ( 'NONE',  ( -5.552513419735571887, 0.04999999999999969746, 5.100000000000000533 ) ) ;
#3792 = ORIENTED_EDGE ( 'NONE', *, *, #4075, .F. ) ;
#3793 = FILL_AREA_STYLE ('',( #4128 ) ) ;
#3794 = ORIENTED_EDGE ( 'NONE', *, *, #204, .F. ) ;
#3795 = CARTESIAN_POINT ( 'NONE',  ( -7.071962006815217805, -0.2999999999999998779, 4.899999999999997691 ) ) ;
#3796 = CARTESIAN_POINT ( 'NONE',  ( -5.652006451087624228, -0.03994332498389588371, 4.850000000000001421 ) ) ;
#3797 = ORIENTED_EDGE ( 'NONE', *, *, #2251, .F. ) ;
#3798 = CARTESIAN_POINT ( 'NONE',  ( 6.899999999999999467, -0.2500000000000001110, -5.099999999999998757 ) ) ;
#3799 = ORIENTED_EDGE ( 'NONE', *, *, #4026, .T. ) ;
#3800 = CARTESIAN_POINT ( 'NONE',  ( 5.799999999999996270, -0.2499999999999999445, 5.100000000000000533 ) ) ;
#3801 = ADVANCED_FACE ( 'NONE', ( #1414 ), #241, .T. ) ;
#3802 = CARTESIAN_POINT ( 'NONE',  ( -5.552513419735570999, 0.000000000000000000, -4.899999999999999467 ) ) ;
#3803 = CARTESIAN_POINT ( 'NONE',  ( -5.800000000000006040, -0.2499999999999999445, 5.100000000000000533 ) ) ;
#3804 = LINE ( 'NONE', #848, #2370 ) ;
#3805 = ORIENTED_EDGE ( 'NONE', *, *, #163, .T. ) ;
#3806 = EDGE_LOOP ( 'NONE', ( #2024, #4551, #2313, #2009 ) ) ;
#3807 = CARTESIAN_POINT ( 'NONE',  ( -7.097740064588410114, -0.04497166249194799875, -4.899999999999999467 ) ) ;
#3808 = CARTESIAN_POINT ( 'NONE',  ( -6.900000000000003908, -0.2499999999999999445, -4.899999999999999467 ) ) ;
#3809 = DIRECTION ( 'NONE',  ( -1.000000000000000000, 0.000000000000000000, 0.000000000000000000 ) ) ;
#3810 = CARTESIAN_POINT ( 'NONE',  ( -5.718335145533202990, -0.2099445089812526921, -4.850000000000002309 ) ) ;
#3811 = ORIENTED_EDGE ( 'NONE', *, *, #1164, .F. ) ;
#3812 = DIRECTION ( 'NONE',  ( 0.000000000000000000, 0.000000000000000000, -1.000000000000000000 ) ) ;
#3813 = ORIENTED_EDGE ( 'NONE', *, *, #1195, .F. ) ;
#3814 = ADVANCED_FACE ( 'NONE', ( #268 ), #4712, .T. ) ;
#3815 = EDGE_CURVE ( 'NONE', #2245, #427, #4706, .T. ) ;
#3816 = CARTESIAN_POINT ( 'NONE',  ( 0.000000000000000000, -0.2499999999999999445, 5.050000000000000711 ) ) ;
#3817 = AXIS2_PLACEMENT_3D ( 'NONE', #203, #4698, #3941 ) ;
#3818 = CARTESIAN_POINT ( 'NONE',  ( 5.299999999999998046, 15.10000000000000142, 1.000000000000000666 ) ) ;
#3819 = DIRECTION ( 'NONE',  ( 0.000000000000000000, 0.000000000000000000, -1.000000000000000000 ) ) ;
#3820 = ORIENTED_EDGE ( 'NONE', *, *, #437, .T. ) ;
#3821 = CARTESIAN_POINT ( 'NONE',  ( -5.602259935411595393, -0.04497166249194819998, -5.049999999999998934 ) ) ;
#3822 = AXIS2_PLACEMENT_3D ( 'NONE', #3737, #1060, #2160 ) ;
#3823 = ADVANCED_FACE ( 'NONE', ( #2886, #3319, #1059 ), #4366, .F. ) ;
#3824 = ORIENTED_EDGE ( 'NONE', *, *, #437, .F. ) ;
#3825 = CARTESIAN_POINT ( 'NONE',  ( -5.652006451087622452, -0.03994332498389627922, -4.899999999999999467 ) ) ;
#3826 = DIRECTION ( 'NONE',  ( 1.000000000000000000, 0.000000000000000000, 0.000000000000000000 ) ) ;
#3827 = LINE ( 'NONE', #1554, #3367 ) ;
#3828 = ORIENTED_EDGE ( 'NONE', *, *, #4264, .T. ) ;
#3829 = CIRCLE ( 'NONE', #2116, 0.04999999999999969746 ) ;
#3830 = AXIS2_PLACEMENT_3D ( 'NONE', #297, #1396, #1375 ) ;
#3831 = ORIENTED_EDGE ( 'NONE', *, *, #921, .T. ) ;
#3832 = CARTESIAN_POINT ( 'NONE',  ( -7.650000000000003908, -3.900000000000000355, -3.549999999999999822 ) ) ;
#3833 = AXIS2_PLACEMENT_3D ( 'NONE', #428, #1872, #2621 ) ;
#3834 = FACE_OUTER_BOUND ( 'NONE', #564, .T. ) ;
#3835 = ORIENTED_EDGE ( 'NONE', *, *, #552, .F. ) ;
#3836 = DIRECTION ( 'NONE',  ( 1.000000000000000000, 0.000000000000000000, 0.000000000000000000 ) ) ;
#3837 = AXIS2_PLACEMENT_3D ( 'NONE', #2498, #4343, #634 ) ;
#3838 = FACE_OUTER_BOUND ( 'NONE', #3806, .T. ) ;
#3839 = ORIENTED_EDGE ( 'NONE', *, *, #4186, .F. ) ;
#3840 = SURFACE_STYLE_FILL_AREA ( #3793 ) ;
#3841 = ORIENTED_EDGE ( 'NONE', *, *, #3274, .F. ) ;
#3842 = CYLINDRICAL_SURFACE ( 'NONE', #4688, 0.04999999999999969746 ) ;
#3843 = CARTESIAN_POINT ( 'NONE',  ( 0.000000000000000000, -4.400000000000000355, 0.000000000000000000 ) ) ;
#3844 = EDGE_CURVE ( 'NONE', #1115, #1989, #4813, .T. ) ;
#3845 = PLANE ( 'NONE',  #1506 ) ;
#3846 = ORIENTED_EDGE ( 'NONE', *, *, #2378, .F. ) ;
#3847 = CIRCLE ( 'NONE', #659, 0.04999999999999969746 ) ;
#3848 = CARTESIAN_POINT ( 'NONE',  ( -7.150000000000004796, -3.900000000000000355, -4.049999999999999822 ) ) ;
#3849 = PLANE ( 'NONE',  #4129 ) ;
#3850 = CARTESIAN_POINT ( 'NONE',  ( 8.039999999999995595, 0.1000000000000000056, -3.300000000000000711 ) ) ;
#3851 = EDGE_CURVE ( 'NONE', #3074, #2273, #410, .T. ) ;
#3852 = DIRECTION ( 'NONE',  ( 0.000000000000000000, 0.000000000000000000, 1.000000000000000000 ) ) ;
#3853 = VERTEX_POINT ( 'NONE', #3638 ) ;
#3854 = ORIENTED_EDGE ( 'NONE', *, *, #1785, .T. ) ;
#3855 = CARTESIAN_POINT ( 'NONE',  ( -7.071962006815217805, -0.2999999999999999889, -4.899999999999997691 ) ) ;
#3856 = CARTESIAN_POINT ( 'NONE',  ( -7.097740064588408337, -0.04497166249194785997, 5.049999999999998046 ) ) ;
#3857 = ORIENTED_EDGE ( 'NONE', *, *, #3577, .T. ) ;
#3858 = CARTESIAN_POINT ( 'NONE',  ( 5.718335145533186115, -0.2099445089812502496, -4.850000000000002309 ) ) ;
#3859 = ORIENTED_EDGE ( 'NONE', *, *, #2156, .F. ) ;
#3860 = CARTESIAN_POINT ( 'NONE',  ( 5.552513419735564781, 0.000000000000000000, 5.100000000000000533 ) ) ;
#3861 = ORIENTED_EDGE ( 'NONE', *, *, #3609, .F. ) ;
#3862 = PLANE ( 'NONE',  #4374 ) ;
#3863 = CARTESIAN_POINT ( 'NONE',  ( -7.030666824769516765, -0.1312847592859285595, -5.100000000000001421 ) ) ;
#3864 = CARTESIAN_POINT ( 'NONE',  ( -6.995922111695326073, -0.1913804194949860205, 5.100000000000000533 ) ) ;
#3865 = CARTESIAN_POINT ( 'NONE',  ( 0.000000000000000000, -0.2499999999999999445, -4.899999999999999467 ) ) ;
#3866 = CARTESIAN_POINT ( 'NONE',  ( -9.050000000000004263, 0.04999999999999969746, -5.099999999999998757 ) ) ;
#3867 = LINE ( 'NONE', #3848, #4006 ) ;
#3868 = CARTESIAN_POINT ( 'NONE',  ( 5.652358212073368193, -0.03990776926839542660, 4.850000000000001421 ) ) ;
#3869 =( NAMED_UNIT ( * ) SI_UNIT ( $, .STERADIAN. ) SOLID_ANGLE_UNIT ( ) );
#3870 = PRODUCT_DEFINITION_SHAPE ( 'NONE', 'NONE',  #1874 ) ;
#3871 = ORIENTED_EDGE ( 'NONE', *, *, #4382, .T. ) ;
#3872 = EDGE_CURVE ( 'NONE', #1857, #2807, #1047, .T. ) ;
#3873 = ADVANCED_FACE ( 'NONE', ( #3661 ), #476, .F. ) ;
#3874 = CARTESIAN_POINT ( 'NONE',  ( 5.799999999999997158, -0.2999999999999999889, 5.100000000000000533 ) ) ;
#3875 = ORIENTED_EDGE ( 'NONE', *, *, #329, .F. ) ;
#3876 = CARTESIAN_POINT ( 'NONE',  ( 8.099999999999997868, 15.10000000000000142, 3.349999999999999645 ) ) ;
#3877 = FACE_OUTER_BOUND ( 'NONE', #803, .T. ) ;
#3878 = ORIENTED_EDGE ( 'NONE', *, *, #1938, .T. ) ;
#3879 = CARTESIAN_POINT ( 'NONE',  ( 5.652709973059115711, -0.03987221355288154273, -4.849999999999999645 ) ) ;
#3880 = CARTESIAN_POINT ( 'NONE',  ( -5.602259935411597169, -0.04497166249193155357, 5.050000000000000711 ) ) ;
#3881 = ORIENTED_EDGE ( 'NONE', *, *, #3909, .T. ) ;
#3882 = PLANE ( 'NONE',  #1911 ) ;
#3883 = EDGE_LOOP ( 'NONE', ( #3104, #3196, #1346, #1058 ) ) ;
#3884 = CARTESIAN_POINT ( 'NONE',  ( 6.923744401563527440, -0.2499993830452344190, -4.850000000000001421 ) ) ;
#3885 = CARTESIAN_POINT ( 'NONE',  ( -6.996140634538360992, -0.1916826843490242183, -4.850000000000000533 ) ) ;
#3886 = CARTESIAN_POINT ( 'NONE',  ( -5.552513419735570999, -0.04999999999999985012, -5.099999999999998757 ) ) ;
#3887 = DIRECTION ( 'NONE',  ( 0.000000000000000000, 1.000000000000000000, 0.000000000000000000 ) ) ;
#3888 = CARTESIAN_POINT ( 'NONE',  ( 6.970804738822042879, -0.2836643946956046158, -5.099999999999996092 ) ) ;
#3889 = CARTESIAN_POINT ( 'NONE',  ( 5.718335145533208319, -0.2099445089812553844, 4.850000000000002309 ) ) ;
#3890 = CARTESIAN_POINT ( 'NONE',  ( 7.047993548912378614, -0.03994332498388158265, -5.099999999999998757 ) ) ;
#3891 = CARTESIAN_POINT ( 'NONE',  ( 7.099999999999995204, 0.000000000000000000, -4.899999999999999467 ) ) ;
#3892 = VECTOR ( 'NONE', #2489, 1000.000000000000000 ) ;
#3893 = ORIENTED_EDGE ( 'NONE', *, *, #3250, .F. ) ;
#3894 = CIRCLE ( 'NONE', #1325, 0.04999999999999984318 ) ;
#3895 = CYLINDRICAL_SURFACE ( 'NONE', #2661, 0.04999999999999969746 ) ;
#3896 = LINE ( 'NONE', #4682, #4222 ) ;
#3897 = EDGE_CURVE ( 'NONE', #4665, #1594, #3341, .T. ) ;
#3898 = ORIENTED_EDGE ( 'NONE', *, *, #2905, .F. ) ;
#3899 = VECTOR ( 'NONE', #4546, 1000.000000000000000 ) ;
#3900 = AXIS2_PLACEMENT_3D ( 'NONE', #1682, #1321, #1634 ) ;
#3901 = EDGE_CURVE ( 'NONE', #2334, #234, #3771, .T. ) ;
#3902 = EDGE_LOOP ( 'NONE', ( #4224, #1226, #2636, #3681 ) ) ;
#3903 = CARTESIAN_POINT ( 'NONE',  ( 0.000000000000000000, 0.1000000000000000056, 0.000000000000000000 ) ) ;
#3904 = EDGE_LOOP ( 'NONE', ( #3564, #4070, #4036, #3344 ) ) ;
#3905 = VECTOR ( 'NONE', #2676, 1000.000000000000000 ) ;
#3906 = CARTESIAN_POINT ( 'NONE',  ( -5.800000000000005151, -0.2499999999999999445, -5.099999999999998757 ) ) ;
#3907 = EDGE_LOOP ( 'NONE', ( #4464, #351, #52, #3126 ) ) ;
#3908 = CARTESIAN_POINT ( 'NONE',  ( 6.899999999999996803, -0.2999999999999999334, -4.850000000000000533 ) ) ;
#3909 = EDGE_CURVE ( 'NONE', #3405, #1594, #1650, .T. ) ;
#3910 = VECTOR ( 'NONE', #2095, 1000.000000000000000 ) ;
#3911 = CARTESIAN_POINT ( 'NONE',  ( -6.995632496820401336, -0.1911749808269706530, -5.100000000000001421 ) ) ;
#3912 = LINE ( 'NONE', #2487, #28 ) ;
#3913 = DIRECTION ( 'NONE',  ( 0.000000000000000000, 0.000000000000000000, -1.000000000000000000 ) ) ;
#3914 = LINE ( 'NONE', #2437, #3460 ) ;
#3915 = AXIS2_PLACEMENT_3D ( 'NONE', #1922, #3476, #127 ) ;
#3916 = CARTESIAN_POINT ( 'NONE',  ( -6.945532535380973371, -0.2397576833101291993, 5.100000000000002309 ) ) ;
#3917 = DIRECTION ( 'NONE',  ( 0.000000000000000000, 1.000000000000000000, 0.000000000000000000 ) ) ;
#3918 = SPHERICAL_SURFACE ( 'NONE', #233, 0.05000000000000000278 ) ;
#3919 = CARTESIAN_POINT ( 'NONE',  ( 5.299999999999998046, 15.19999999999999929, 4.070618272395669116E-18 ) ) ;
#3920 = VECTOR ( 'NONE', #2082, 1000.000000000000000 ) ;
#3921 = ORIENTED_EDGE ( 'NONE', *, *, #1266, .F. ) ;
#3922 = CIRCLE ( 'NONE', #4554, 0.05000000000000039829 ) ;
#3923 = CARTESIAN_POINT ( 'NONE',  ( 5.754599228827401269, -0.2394237240209398099, 5.099999999999998757 ) ) ;
#3924 =( LENGTH_UNIT ( ) NAMED_UNIT ( * ) SI_UNIT ( .MILLI., .METRE. ) );
#3925 = ORIENTED_EDGE ( 'NONE', *, *, #3222, .F. ) ;
#3926 = CARTESIAN_POINT ( 'NONE',  ( -7.150000000000004796, -3.900000000000000355, 4.049999999999999822 ) ) ;
#3927 = EDGE_CURVE ( 'NONE', #3005, #1532, #3867, .T. ) ;
#3928 = MECHANICAL_DESIGN_GEOMETRIC_PRESENTATION_REPRESENTATION (  '', ( #2696 ), #2625 ) ;
#3929 = DIRECTION ( 'NONE',  ( -1.000000000000000000, 0.000000000000000000, 0.000000000000000000 ) ) ;
#3930 = ORIENTED_EDGE ( 'NONE', *, *, #4685, .T. ) ;
#3931 = CARTESIAN_POINT ( 'NONE',  ( -5.718131882530095744, -0.2102494280712612906, -4.850000000000002309 ) ) ;
#3932 = ORIENTED_EDGE ( 'NONE', *, *, #4144, .T. ) ;
#3933 = CIRCLE ( 'NONE', #583, 0.04999999999999969746 ) ;
#3934 = DIRECTION ( 'NONE',  ( 0.000000000000000000, 1.000000000000000000, 0.000000000000000000 ) ) ;
#3935 = ADVANCED_FACE ( 'NONE', ( #3456 ), #365, .T. ) ;
#3936 = VERTEX_POINT ( 'NONE', #1551 ) ;
#3937 = EDGE_CURVE ( 'NONE', #1630, #898, #2319, .T. ) ;
#3938 = CYLINDRICAL_SURFACE ( 'NONE', #397, 0.04999999999999969746 ) ;
#3939 = DIRECTION ( 'NONE',  ( 0.1710878697460358755, 0.9702875252478138091, -0.1710878697460358755 ) ) ;
#3940 = DIRECTION ( 'NONE',  ( 0.000000000000000000, 1.000000000000000000, 0.000000000000000000 ) ) ;
#3941 = DIRECTION ( 'NONE',  ( 0.000000000000000000, 0.000000000000000000, 1.000000000000000000 ) ) ;
#3942 = CARTESIAN_POINT ( 'NONE',  ( 6.945222399274432412, -0.2391130917404732936, -5.099999999999996980 ) ) ;
#3943 = FACE_OUTER_BOUND ( 'NONE', #2531, .T. ) ;
#3944 = CYLINDRICAL_SURFACE ( 'NONE', #1104, 0.04999999999999969746 ) ;
#3945 = CARTESIAN_POINT ( 'NONE',  ( 6.899999999999998579, -0.2499999999999999445, -5.049999999999998934 ) ) ;
#3946 = ORIENTED_EDGE ( 'NONE', *, *, #2843, .F. ) ;
#3947 = ADVANCED_FACE ( 'NONE', ( #4233 ), #3043, .F. ) ;
#3948 = CARTESIAN_POINT ( 'NONE',  ( 5.680213778241046896, -0.2438476363765027799, 5.100000000000009415 ) ) ;
#3949 = CARTESIAN_POINT ( 'NONE',  ( 5.799999999999999822, -0.2999999999999999889, -4.974999999999999645 ) ) ;
#3950 = ORIENTED_EDGE ( 'NONE', *, *, #1217, .T. ) ;
#3951 = DIRECTION ( 'NONE',  ( 0.9848077530122080203, -0.1736481776669307198, 0.000000000000000000 ) ) ;
#3952 = CARTESIAN_POINT ( 'NONE',  ( 7.099999999999996980, 0.000000000000000000, 5.020833333333341919 ) ) ;
#3953 = ORIENTED_EDGE ( 'NONE', *, *, #2548, .T. ) ;
#3954 = CARTESIAN_POINT ( 'NONE',  ( 7.639999999999996128, 0.1000000000000000056, -4.300000000000001599 ) ) ;
#3955 = ORIENTED_EDGE ( 'NONE', *, *, #2727, .T. ) ;
#3956 = DIRECTION ( 'NONE',  ( 0.000000000000000000, 0.000000000000000000, -1.000000000000000000 ) ) ;
#3957 = EDGE_LOOP ( 'NONE', ( #710, #513, #3875, #1105 ) ) ;
#3958 = DIRECTION ( 'NONE',  ( -1.000000000000000000, -1.761828530288940169E-15, 0.000000000000000000 ) ) ;
#3959 = B_SPLINE_CURVE_WITH_KNOTS ( 'NONE', 3,
 ( #4357, #1773, #418, #3011, #4703, #4754, #3770, #681 ),
 .UNSPECIFIED., .F., .F.,
 ( 4, 2, 2, 4 ),
 ( 0.000000000000000000, 0.0001390072422776465050, 0.0002085108634164697440, 0.0002780144845552930100 ),
 .UNSPECIFIED. ) ;
#3960 = CARTESIAN_POINT ( 'NONE',  ( -6.923541329706885961, -0.2499999999999999445, -4.850000000000001421 ) ) ;
#3961 = DIRECTION ( 'NONE',  ( 0.1005667501613245474, -0.9949303135204947690, 0.000000000000000000 ) ) ;
#3962 = EDGE_CURVE ( 'NONE', #105, #3365, #2690, .T. ) ;
#3963 = CARTESIAN_POINT ( 'NONE',  ( -5.800000000000005151, -0.2499999999999999445, 4.850000000000001421 ) ) ;
#3964 = EDGE_CURVE ( 'NONE', #1756, #3293, #4236, .T. ) ;
#3965 = CARTESIAN_POINT ( 'NONE',  ( -9.100000000000003197, 15.19999999999999929, 5.050000000000000711 ) ) ;
#3966 = CARTESIAN_POINT ( 'NONE',  ( -7.043356540527064169, -0.08581869388640990526, -4.849999999999997868 ) ) ;
#3967 = CARTESIAN_POINT ( 'NONE',  ( 9.049999999999997158, 0.04999999999999969746, 5.100000000000000533 ) ) ;
#3968 = DIRECTION ( 'NONE',  ( -1.000000000000000000, 0.000000000000000000, 0.000000000000000000 ) ) ;
#3969 = EDGE_CURVE ( 'NONE', #1842, #1909, #522, .T. ) ;
#3970 = CARTESIAN_POINT ( 'NONE',  ( -5.656990965766389934, -0.08574104439934426836, -5.099999999999999645 ) ) ;
#3971 = EDGE_CURVE ( 'NONE', #2334, #4490, #2342, .T. ) ;
#3972 = ORIENTED_EDGE ( 'NONE', *, *, #3851, .T. ) ;
#3973 = CARTESIAN_POINT ( 'NONE',  ( 6.899999999999998579, -0.2999999999999999889, -4.929166666666667140 ) ) ;
#3974 = AXIS2_PLACEMENT_3D ( 'NONE', #2501, #2103, #2027 ) ;
#3975 = DIRECTION ( 'NONE',  ( -0.1005667501610400388, 0.9949303135205235238, 0.000000000000000000 ) ) ;
#3976 = ORIENTED_EDGE ( 'NONE', *, *, #1306, .F. ) ;
#3977 = CARTESIAN_POINT ( 'NONE',  ( -7.097740064588411002, -0.04497166249193162296, 5.100000000000000533 ) ) ;
#3978 = VECTOR ( 'NONE', #3555, 1000.000000000000000 ) ;
#3979 = CARTESIAN_POINT ( 'NONE',  ( -5.628037993184789478, -0.2999999999999999889, 5.049999999999998934 ) ) ;
#3980 = ORIENTED_EDGE ( 'NONE', *, *, #922, .F. ) ;
#3981 = CARTESIAN_POINT ( 'NONE',  ( -7.097740064588409226, -0.04497166249194735343, 4.900000000000001243 ) ) ;
#3982 = DIRECTION ( 'NONE',  ( 0.000000000000000000, 0.000000000000000000, -1.000000000000000000 ) ) ;
#3983 = VECTOR ( 'NONE', #594, 1000.000000000000000 ) ;
#3984 = CYLINDRICAL_SURFACE ( 'NONE', #3830, 0.04999999999999969746 ) ;
#3985 = CARTESIAN_POINT ( 'NONE',  ( -8.850000000000003197, 0.05000000000000000278, -4.850000000000001421 ) ) ;
#3986 = CARTESIAN_POINT ( 'NONE',  ( -7.071962006815217805, -0.3000000000000000444, -5.049999999999998046 ) ) ;
#3987 = CARTESIAN_POINT ( 'NONE',  ( -5.621051117350210902, -0.1483756555017841094, 4.900000000000019895 ) ) ;
#3988 = VECTOR ( 'NONE', #2872, 1000.000000000000000 ) ;
#3989 = EDGE_LOOP ( 'NONE', ( #3306, #3142, #3606, #3857 ) ) ;
#3990 = CARTESIAN_POINT ( 'NONE',  ( 7.092501288939319970, -0.09680009177560582045, -5.050000000000039790 ) ) ;
#3991 = CARTESIAN_POINT ( 'NONE',  ( -7.047641787926634649, -0.03990776926838127819, -4.849999999999997868 ) ) ;
#3992 = DIRECTION ( 'NONE',  ( 1.000000000000000000, -0.000000000000000000, -0.000000000000000000 ) ) ;
#3993 = CARTESIAN_POINT ( 'NONE',  ( 5.799999999999997158, -0.2999999999999999889, 4.837499999999999467 ) ) ;
#3994 = CARTESIAN_POINT ( 'NONE',  ( -5.800000000000002487, -0.2999999999999999889, -5.049999999999998934 ) ) ;
#3995 = ORIENTED_EDGE ( 'NONE', *, *, #1158, .T. ) ;
#3996 = VECTOR ( 'NONE', #2563, 1000.000000000000000 ) ;
#3997 = EDGE_CURVE ( 'NONE', #4389, #4127, #3499, .T. ) ;
#3998 = AXIS2_PLACEMENT_3D ( 'NONE', #2630, #2256, #4100 ) ;
#3999 = CARTESIAN_POINT ( 'NONE',  ( 5.602259935411590952, -0.04497166249193190052, 5.100000000000000533 ) ) ;
#4000 = SURFACE_STYLE_USAGE ( .BOTH. , #3635 ) ;
#4001 = ORIENTED_EDGE ( 'NONE', *, *, #2546, .F. ) ;
#4002 = CIRCLE ( 'NONE', #4396, 0.04999999999999969746 ) ;
#4003 = CARTESIAN_POINT ( 'NONE',  ( -7.047993548912384831, -0.03994332498388138836, 5.100000000000000533 ) ) ;
#4004 = CARTESIAN_POINT ( 'NONE',  ( 7.043356540527095255, -0.08581869388639185026, 5.099999999999997868 ) ) ;
#4005 = CARTESIAN_POINT ( 'NONE',  ( -8.850000000000003197, 0.1000000000000000056, 4.850000000000001421 ) ) ;
#4006 = VECTOR ( 'NONE', #4437, 1000.000000000000000 ) ;
#4007 = EDGE_LOOP ( 'NONE', ( #3841, #3215, #2774, #2341, #1263, #1425, #932, #1978, #4029, #1316, #4136, #2737, #706, #744, #2639, #2935 ) ) ;
#4008 = CARTESIAN_POINT ( 'NONE',  ( -6.923639019412630269, -0.2496458327427788781, 4.850000000000001421 ) ) ;
#4009 = DIRECTION ( 'NONE',  ( 0.000000000000000000, 0.000000000000000000, -1.000000000000000000 ) ) ;
#4010 = CARTESIAN_POINT ( 'NONE',  ( 7.097740064588403008, -0.04497166249194839427, -4.849999999999999645 ) ) ;
#4011 = CARTESIAN_POINT ( 'NONE',  ( -8.850000000000003197, 0.05000000000000000278, -4.850000000000001421 ) ) ;
#4012 = DIRECTION ( 'NONE',  ( 0.000000000000000000, 0.000000000000000000, -1.000000000000000000 ) ) ;
#4013 = PLANE ( 'NONE',  #563 ) ;
#4014 = AXIS2_PLACEMENT_3D ( 'NONE', #2404, #2010, #615 ) ;
#4015 = VERTEX_POINT ( 'NONE', #3800 ) ;
#4016 = DIRECTION ( 'NONE',  ( 1.000000000000000000, 2.642742795433410353E-15, 0.000000000000000000 ) ) ;
#4017 = AXIS2_PLACEMENT_3D ( 'NONE', #3009, #2352, #813 ) ;
#4018 = CARTESIAN_POINT ( 'NONE',  ( -7.097740064588410114, -0.04497166249193196297, -4.899999999999997691 ) ) ;
#4019 = CARTESIAN_POINT ( 'NONE',  ( 0.000000000000000000, 0.000000000000000000, 0.000000000000000000 ) ) ;
#4020 = DIRECTION ( 'NONE',  ( 0.000000000000000000, 0.000000000000000000, -1.000000000000000000 ) ) ;
#4021 = CARTESIAN_POINT ( 'NONE',  ( 5.799999999999998934, -0.2999999999999999889, -4.929166666666668917 ) ) ;
#4022 = ORIENTED_EDGE ( 'NONE', *, *, #2275, .F. ) ;
#4023 = CYLINDRICAL_SURFACE ( 'NONE', #1038, 0.04999999999999969746 ) ;
#4024 = ORIENTED_EDGE ( 'NONE', *, *, #4809, .T. ) ;
#4025 = ADVANCED_FACE ( 'NONE', ( #2757 ), #2957, .F. ) ;
#4026 = EDGE_CURVE ( 'NONE', #4490, #24, #4002, .T. ) ;
#4027 = DIRECTION ( 'NONE',  ( 0.000000000000000000, -1.000000000000000000, 0.000000000000000000 ) ) ;
#4028 = FACE_OUTER_BOUND ( 'NONE', #550, .T. ) ;
#4029 = ORIENTED_EDGE ( 'NONE', *, *, #2156, .T. ) ;
#4030 = CARTESIAN_POINT ( 'NONE',  ( -7.150000000000004796, -3.900000000000000355, -4.049999999999999822 ) ) ;
#4031 = CARTESIAN_POINT ( 'NONE',  ( 8.039999999999995595, 0.1000000000000000056, -4.300000000000001599 ) ) ;
#4032 = CARTESIAN_POINT ( 'NONE',  ( 6.899999999999998579, -0.2499999999999999445, 5.100000000000000533 ) ) ;
#4033 = FILL_AREA_STYLE ('',( #2486 ) ) ;
#4034 = CARTESIAN_POINT ( 'NONE',  ( 5.599999999999998757, 0.05000000000000000278, -4.850000000000001421 ) ) ;
#4035 = DIRECTION ( 'NONE',  ( 0.000000000000000000, 0.000000000000000000, 1.000000000000000000 ) ) ;
#4036 = ORIENTED_EDGE ( 'NONE', *, *, #3075, .F. ) ;
#4037 = CARTESIAN_POINT ( 'NONE',  ( 7.147486580264428291, -0.04999999999999996808, 5.100000000000000533 ) ) ;
#4038 = CARTESIAN_POINT ( 'NONE',  ( 5.449999999999993072, -3.900000000000000355, 3.299999999999997158 ) ) ;
#4039 = CARTESIAN_POINT ( 'NONE',  ( 5.599999999999996980, -0.2999999999999999889, 4.929166666666667140 ) ) ;
#4040 = DIRECTION ( 'NONE',  ( 0.000000000000000000, 0.000000000000000000, 1.000000000000000000 ) ) ;
#4041 = EDGE_LOOP ( 'NONE', ( #1147, #2951, #2499, #2458 ) ) ;
#4042 = CARTESIAN_POINT ( 'NONE',  ( 5.607498711060677543, -0.09680009177560598699, 5.049999999999942091 ) ) ;
#4043 = CYLINDRICAL_SURFACE ( 'NONE', #4463, 0.04999999999999969746 ) ;
#4044 = VERTEX_POINT ( 'NONE', #451 ) ;
#4045 = CARTESIAN_POINT ( 'NONE',  ( 8.850000000000003197, 0.05000000000000000278, -4.850000000000001421 ) ) ;
#4046 = EDGE_CURVE ( 'NONE', #2169, #1219, #893, .T. ) ;
#4047 = CARTESIAN_POINT ( 'NONE',  ( 8.039999999999995595, 0.1000000000000000056, -4.300000000000001599 ) ) ;
#4048 = CARTESIAN_POINT ( 'NONE',  ( 6.923744401563516782, -0.2499993830452325594, 4.850000000000001421 ) ) ;
#4049 = EDGE_CURVE ( 'NONE', #480, #4662, #4552, .T. ) ;
#4050 = ORIENTED_EDGE ( 'NONE', *, *, #1218, .T. ) ;
#4051 = CARTESIAN_POINT ( 'NONE',  ( -5.652006451087622452, -0.03994332498389627922, -4.850000000000001421 ) ) ;
#4052 = VECTOR ( 'NONE', #3149, 1000.000000000000000 ) ;
#4053 = CARTESIAN_POINT ( 'NONE',  ( -6.900000000000003020, -0.2999999999999999889, -5.020833333333334814 ) ) ;
#4054 = AXIS2_PLACEMENT_3D ( 'NONE', #704, #4825, #4358 ) ;
#4055 = CARTESIAN_POINT ( 'NONE',  ( 7.047641787926627543, -0.03990776926839596783, -4.849999999999999645 ) ) ;
#4056 = EDGE_CURVE ( 'NONE', #3318, #1657, #3914, .T. ) ;
#4057 = DIRECTION ( 'NONE',  ( -1.000000000000000000, 0.000000000000000000, 0.000000000000000000 ) ) ;
#4058 = DIRECTION ( 'NONE',  ( 0.000000000000000000, 0.000000000000000000, -1.000000000000000000 ) ) ;
#4059 = CARTESIAN_POINT ( 'NONE',  ( -5.754420856929316486, -0.2397343563014231183, 4.850000000000002309 ) ) ;
#4060 = VERTEX_POINT ( 'NONE', #2853 ) ;
#4061 = CARTESIAN_POINT ( 'NONE',  ( 5.799999999999996270, -0.2499999999999999445, 5.050000000000000711 ) ) ;
#4062 = AXIS2_PLACEMENT_3D ( 'NONE', #821, #1203, #3420 ) ;
#4063 = FACE_OUTER_BOUND ( 'NONE', #2215, .T. ) ;
#4064 = DIRECTION ( 'NONE',  ( 0.000000000000000000, 1.000000000000000000, 0.000000000000000000 ) ) ;
#4065 = ORIENTED_EDGE ( 'NONE', *, *, #136, .T. ) ;
#4066 = CARTESIAN_POINT ( 'NONE',  ( 7.099999999999997868, -0.3000000000000006550, -5.112499999999998934 ) ) ;
#4067 = VECTOR ( 'NONE', #1228, 1000.000000000000000 ) ;
#4068 = CARTESIAN_POINT ( 'NONE',  ( 5.754599228827443902, -0.2394237240209527162, -5.100000000000001421 ) ) ;
#4069 = AXIS2_PLACEMENT_3D ( 'NONE', #664, #2153, #2524 ) ;
#4070 = ORIENTED_EDGE ( 'NONE', *, *, #4618, .F. ) ;
#4071 = DIRECTION ( 'NONE',  ( 0.000000000000000000, 0.000000000000000000, 1.000000000000000000 ) ) ;
#4072 = CARTESIAN_POINT ( 'NONE',  ( -9.050000000000004263, 0.000000000000000000, -5.099999999999998757 ) ) ;
#4073 = CIRCLE ( 'NONE', #2913, 0.04999999999999969746 ) ;
#4074 = CARTESIAN_POINT ( 'NONE',  ( -7.150000000000004796, -3.900000000000000355, 4.049999999999999822 ) ) ;
#4075 = EDGE_CURVE ( 'NONE', #2460, #2993, #179, .T. ) ;
#4076 = ORIENTED_EDGE ( 'NONE', *, *, #386, .F. ) ;
#4077 = DIRECTION ( 'NONE',  ( -1.000000000000000000, 0.000000000000000000, 0.000000000000000000 ) ) ;
#4078 = CIRCLE ( 'NONE', #568, 0.04999999999999969746 ) ;
#4079 =( BOUNDED_CURVE ( )  B_SPLINE_CURVE ( 2, ( #4749, #3986, #649 ),
 .UNSPECIFIED., .F., .T. ) 
 B_SPLINE_CURVE_WITH_KNOTS ( ( 3, 3 ),
 ( 0.000000000000000000, 1.000000000000000000 ),
 .UNSPECIFIED. ) 
 CURVE ( )  GEOMETRIC_REPRESENTATION_ITEM ( )  RATIONAL_B_SPLINE_CURVE ( ( 0.9457047908995575014, 0.7373842891637747421, 1.000000000000000000 ) ) 
 REPRESENTATION_ITEM ( '' )  );
#4080 = EDGE_CURVE ( 'NONE', #4270, #4420, #205, .T. ) ;
#4081 = CARTESIAN_POINT ( 'NONE',  ( -6.900000000000003020, -0.2999999999999999889, -4.837500000000001243 ) ) ;
#4082 = VECTOR ( 'NONE', #83, 1000.000000000000000 ) ;
#4083 = DIRECTION ( 'NONE',  ( 0.000000000000000000, -6.234162491791688361E-15, 1.000000000000000000 ) ) ;
#4084 = CARTESIAN_POINT ( 'NONE',  ( 7.047993548912376838, -0.03994332498388185326, 5.100000000000000533 ) ) ;
#4085 = CARTESIAN_POINT ( 'NONE',  ( -9.050000000000004263, 15.15000000000000036, -5.049999999999998934 ) ) ;
#4086 = CARTESIAN_POINT ( 'NONE',  ( -5.704367503179586407, -0.1911749808269685991, 4.850000000000001421 ) ) ;
#4087 = ORIENTED_EDGE ( 'NONE', *, *, #1457, .T. ) ;
#4088 = ADVANCED_FACE ( 'NONE', ( #575 ), #1717, .T. ) ;
#4089 = EDGE_CURVE ( 'NONE', #3052, #3517, #4724, .T. ) ;
#4090 = DIRECTION ( 'NONE',  ( -0.9949303135204947690, -0.1005667501613225212, 0.000000000000000000 ) ) ;
#4091 = VECTOR ( 'NONE', #960, 1000.000000000000000 ) ;
#4092 = PLANE ( 'NONE',  #1477 ) ;
#4093 = CARTESIAN_POINT ( 'NONE',  ( 5.799999999999998934, -0.2999999999999999889, -4.837499999999999467 ) ) ;
#4094 = ORIENTED_EDGE ( 'NONE', *, *, #1332, .T. ) ;
#4095 = CARTESIAN_POINT ( 'NONE',  ( 7.071962006815210700, -0.3000000000000000444, 5.049999999999999822 ) ) ;
#4096 = ORIENTED_EDGE ( 'NONE', *, *, #2577, .T. ) ;
#4097 = CARTESIAN_POINT ( 'NONE',  ( 5.799999999999998934, -0.2999999999999999889, -5.049999999999998934 ) ) ;
#4098 = ORIENTED_EDGE ( 'NONE', *, *, #985, .T. ) ;
#4099 = EDGE_LOOP ( 'NONE', ( #4645, #1389, #3452, #4607 ) ) ;
#4100 = DIRECTION ( 'NONE',  ( 0.000000000000000000, 0.000000000000000000, -1.000000000000000000 ) ) ;
#4101 = CARTESIAN_POINT ( 'NONE',  ( -7.030935472040634515, -0.1315785031656107329, -5.100000000000000533 ) ) ;
#4102 = CARTESIAN_POINT ( 'NONE',  ( 9.099999999999997868, 15.15000000000000036, 5.050000000000000711 ) ) ;
#4103 = CARTESIAN_POINT ( 'NONE',  ( -5.800000000000002487, -0.2492928932188135105, -4.850000000000001421 ) ) ;
#4104 = DIRECTION ( 'NONE',  ( 0.000000000000000000, 0.000000000000000000, 1.000000000000000000 ) ) ;
#4105 = ORIENTED_EDGE ( 'NONE', *, *, #225, .F. ) ;
#4106 = DIRECTION ( 'NONE',  ( -1.000000000000000000, 0.000000000000000000, 0.000000000000000000 ) ) ;
#4107 = FACE_OUTER_BOUND ( 'NONE', #3520, .T. ) ;
#4108 = EDGE_CURVE ( 'NONE', #1734, #3052, #4257, .T. ) ;
#4109 = EDGE_CURVE ( 'NONE', #4835, #2874, #915, .T. ) ;
#4110 = ORIENTED_EDGE ( 'NONE', *, *, #1278, .T. ) ;
#4111 = LINE ( 'NONE', #4412, #1736 ) ;
#4112 = VERTEX_POINT ( 'NONE', #3527 ) ;
#4113 = CARTESIAN_POINT ( 'NONE',  ( -7.147486580264436284, -0.04999999999999975991, 5.050000000000000711 ) ) ;
#4114 = ORIENTED_EDGE ( 'NONE', *, *, #703, .F. ) ;
#4115 = CYLINDRICAL_SURFACE ( 'NONE', #3760, 0.04999999999999969746 ) ;
#4116 = EDGE_CURVE ( 'NONE', #239, #2915, #1982, .T. ) ;
#4117 = EDGE_CURVE ( 'NONE', #4015, #1986, #3302, .T. ) ;
#4118 = CARTESIAN_POINT ( 'NONE',  ( 5.703788273429744926, -0.1915858581630050239, -5.099999999999998757 ) ) ;
#4119 = EDGE_LOOP ( 'NONE', ( #3204, #2584, #123, #1587 ) ) ;
#4120 = ORIENTED_EDGE ( 'NONE', *, *, #1851, .F. ) ;
#4121 = DIRECTION ( 'NONE',  ( -0.1710878697460358477, 0.9702875252478138091, 0.1710878697460357645 ) ) ;
#4122 = DIRECTION ( 'NONE',  ( 0.000000000000000000, 0.000000000000000000, -1.000000000000000000 ) ) ;
#4123 = FACE_OUTER_BOUND ( 'NONE', #3613, .T. ) ;
#4124 = AXIS2_PLACEMENT_3D ( 'NONE', #2133, #2423, #3929 ) ;
#4125 = CARTESIAN_POINT ( 'NONE',  ( -5.652358212073371746, -0.03990776926839582212, -4.849999999999999645 ) ) ;
#4126 = DIRECTION ( 'NONE',  ( 0.1005667501613297793, 0.9949303135204941029, 0.000000000000000000 ) ) ;
#4127 = VERTEX_POINT ( 'NONE', #2900 ) ;
#4128 = FILL_AREA_STYLE_COLOUR ( '', #2067 ) ;
#4129 = AXIS2_PLACEMENT_3D ( 'NONE', #4631, #3574, #503 ) ;
#4130 =( BOUNDED_CURVE ( )  B_SPLINE_CURVE ( 2, ( #1448, #3238, #4336 ),
 .UNSPECIFIED., .F., .T. ) 
 B_SPLINE_CURVE_WITH_KNOTS ( ( 3, 3 ),
 ( 0.000000000000000000, 1.000000000000000000 ),
 .UNSPECIFIED. ) 
 CURVE ( )  GEOMETRIC_REPRESENTATION_ITEM ( )  RATIONAL_B_SPLINE_CURVE ( ( 1.000000000000000000, 0.7373842891637748531, 0.9457047908995575014 ) ) 
 REPRESENTATION_ITEM ( '' )  );
#4131 = CARTESIAN_POINT ( 'NONE',  ( 5.449999999999993072, 0.1000000000000000056, 3.299999999999997158 ) ) ;
#4132 = CARTESIAN_POINT ( 'NONE',  ( 7.047993548912375061, -0.03994332498389571717, 4.850000000000001421 ) ) ;
#4133 = FACE_OUTER_BOUND ( 'NONE', #752, .T. ) ;
#4134 = VECTOR ( 'NONE', #1964, 1000.000000000000000 ) ;
#4135 = EDGE_CURVE ( 'NONE', #4830, #2697, #1583, .T. ) ;
#4136 = ORIENTED_EDGE ( 'NONE', *, *, #1725, .F. ) ;
#4137 = CARTESIAN_POINT ( 'NONE',  ( -5.754599228827419921, -0.2394237240209388662, 5.100000000000000533 ) ) ;
#4138 = ORIENTED_EDGE ( 'NONE', *, *, #202, .F. ) ;
#4139 = EDGE_CURVE ( 'NONE', #2057, #2232, #3553, .T. ) ;
#4140 = AXIS2_PLACEMENT_3D ( 'NONE', #4492, #1151, #4122 ) ;
#4141 = DIRECTION ( 'NONE',  ( 0.000000000000000000, -1.000000000000000000, 0.000000000000000000 ) ) ;
#4142 = CARTESIAN_POINT ( 'NONE',  ( -5.800000000000003375, -0.2499999999999999445, -5.049999999999998934 ) ) ;
#4143 = VERTEX_POINT ( 'NONE', #1770 ) ;
#4144 = EDGE_CURVE ( 'NONE', #1269, #943, #3922, .T. ) ;
#4145 = CIRCLE ( 'NONE', #405, 0.1000000000000002554 ) ;
#4146 = LINE ( 'NONE', #850, #1705 ) ;
#4147 = ORIENTED_EDGE ( 'NONE', *, *, #3669, .T. ) ;
#4148 = AXIS2_PLACEMENT_3D ( 'NONE', #2873, #620, #2015 ) ;
#4149 = FACE_OUTER_BOUND ( 'NONE', #1608, .T. ) ;
#4150 = LINE ( 'NONE', #1860, #4214 ) ;
#4151 = DIRECTION ( 'NONE',  ( -1.000000000000000000, 0.000000000000000000, 0.000000000000000000 ) ) ;
#4152 = CIRCLE ( 'NONE', #1347, 0.05000000000000040523 ) ;
#4153 = DIRECTION ( 'NONE',  ( -1.000000000000000000, 0.000000000000000000, 0.000000000000000000 ) ) ;
#4154 = CARTESIAN_POINT ( 'NONE',  ( 5.761352628014249966, -0.2999999999999999889, -4.899999999999989697 ) ) ;
#4155 = ORIENTED_EDGE ( 'NONE', *, *, #3423, .T. ) ;
#4156 = DIRECTION ( 'NONE',  ( 0.000000000000000000, 0.000000000000000000, 1.000000000000000000 ) ) ;
#4157 = AXIS2_PLACEMENT_3D ( 'NONE', #3825, #845, #2369 ) ;
#4158 = CARTESIAN_POINT ( 'NONE',  ( 0.000000000000000000, 0.1000000000000000056, 0.000000000000000000 ) ) ;
#4159 = ORIENTED_EDGE ( 'NONE', *, *, #1603, .T. ) ;
#4160 = CARTESIAN_POINT ( 'NONE',  ( -5.718335145533201214, -0.2099445089812481402, 5.100000000000000533 ) ) ;
#4161 = VERTEX_POINT ( 'NONE', #1844 ) ;
#4162 = CARTESIAN_POINT ( 'NONE',  ( -5.552513419735571887, -0.04999999999999989869, 5.050000000000000711 ) ) ;
#4163 = SPHERICAL_SURFACE ( 'NONE', #1728, 0.05000000000000000278 ) ;
#4164 = DIRECTION ( 'NONE',  ( -1.000000000000000000, 0.000000000000000000, -1.084202172485504040E-15 ) ) ;
#4165 = LINE ( 'NONE', #479, #162 ) ;
#4166 = VERTEX_POINT ( 'NONE', #3283 ) ;
#4167 = CARTESIAN_POINT ( 'NONE',  ( 7.147486580264428291, -0.04999999999999996808, 4.850000000000001421 ) ) ;
#4168 = EDGE_CURVE ( 'NONE', #2481, #4112, #4823, .T. ) ;
#4169 = ORIENTED_EDGE ( 'NONE', *, *, #3255, .T. ) ;
#4170 = ADVANCED_FACE ( 'NONE', ( #4453 ), #1426, .F. ) ;
#4171 = LINE ( 'NONE', #4491, #3391 ) ;
#4172 = CARTESIAN_POINT ( 'NONE',  ( -9.050000000000004263, 0.04999999999999969746, 5.050000000000000711 ) ) ;
#4173 = CARTESIAN_POINT ( 'NONE',  ( -5.552513419735570999, 0.000000000000000000, -5.099999999999998757 ) ) ;
#4174 = CARTESIAN_POINT ( 'NONE',  ( -5.652709973059121040, -0.03987221355289544134, -4.849999999999999645 ) ) ;
#4175 = CARTESIAN_POINT ( 'NONE',  ( 5.800000000000000711, -0.2999999999999999889, -4.850000000000000533 ) ) ;
#4176 = ORIENTED_EDGE ( 'NONE', *, *, #1620, .F. ) ;
#4177 = CARTESIAN_POINT ( 'NONE',  ( 6.899999999999998579, -0.2499999999999999445, -4.899999999999999467 ) ) ;
#4178 = CARTESIAN_POINT ( 'NONE',  ( 5.552513419735564781, -0.05000000000000006523, 4.975000000000001421 ) ) ;
#4179 = CARTESIAN_POINT ( 'NONE',  ( -6.970804738822072188, -0.2836643946955964557, -5.100000000000031619 ) ) ;
#4180 = CARTESIAN_POINT ( 'NONE',  ( 9.049999999999997158, 0.000000000000000000, 5.050000000000000711 ) ) ;
#4181 = ORIENTED_EDGE ( 'NONE', *, *, #2961, .T. ) ;
#4182 = LINE ( 'NONE', #1944, #3598 ) ;
#4183 = EDGE_LOOP ( 'NONE', ( #17, #882, #4024, #1708 ) ) ;
#4184 = CARTESIAN_POINT ( 'NONE',  ( 5.754467464619039241, -0.2397576833101317251, -4.849999999999999645 ) ) ;
#4185 = DIRECTION ( 'NONE',  ( 1.000000000000000000, 0.000000000000000000, 0.000000000000000000 ) ) ;
#4186 = EDGE_CURVE ( 'NONE', #1138, #2085, #12, .T. ) ;
#4187 = CARTESIAN_POINT ( 'NONE',  ( 9.049999999999991829, 0.04999999999999969746, -5.049999999999998934 ) ) ;
#4188 = CARTESIAN_POINT ( 'NONE',  ( -7.238163490354237339, -4.400000000000000355, -3.638163490354232366 ) ) ;
#4189 = MANIFOLD_SOLID_BREP ( 'Boss-Extrude5[1]', #458 ) ;
#4190 = EDGE_LOOP ( 'NONE', ( #2999, #217, #3861, #2968 ) ) ;
#4191 = DIRECTION ( 'NONE',  ( 1.000000000000000000, 0.000000000000000000, 0.000000000000000000 ) ) ;
#4192 = VERTEX_POINT ( 'NONE', #330 ) ;
#4193 = EDGE_CURVE ( 'NONE', #1857, #3534, #2994, .T. ) ;
#4194 = CARTESIAN_POINT ( 'NONE',  ( 5.799999999999999822, -0.2999999999999999889, -5.049999999999998934 ) ) ;
#4195 = ADVANCED_FACE ( 'NONE', ( #1819 ), #3307, .T. ) ;
#4196 = DIRECTION ( 'NONE',  ( 0.000000000000000000, 0.9848077530122080203, -0.1736481776669307198 ) ) ;
#4197 = EDGE_LOOP ( 'NONE', ( #454, #41, #2011, #2642 ) ) ;
#4198 = CARTESIAN_POINT ( 'NONE',  ( -7.650000000000003908, -3.900000000000000355, -3.549999999999999822 ) ) ;
#4199 = CARTESIAN_POINT ( 'NONE',  ( -5.669333175230572230, -0.1312847592859389678, 5.099999999999997868 ) ) ;
#4200 = ORIENTED_EDGE ( 'NONE', *, *, #3282, .T. ) ;
#4201 = EDGE_CURVE ( 'NONE', #4316, #2481, #4428, .T. ) ;
#4202 = EDGE_LOOP ( 'NONE', ( #2819, #341 ) ) ;
#4203 = AXIS2_PLACEMENT_3D ( 'NONE', #3194, #3244, #2497 ) ;
#4204 = CARTESIAN_POINT ( 'NONE',  ( 9.099999999999997868, 15.19999999999999929, -5.049999999999998934 ) ) ;
#4205 = CARTESIAN_POINT ( 'NONE',  ( -7.092501351874240356, -0.09679998966225511481, -5.099999999999799805 ) ) ;
#4206 = DIRECTION ( 'NONE',  ( 1.000000000000000000, 0.000000000000000000, 0.000000000000000000 ) ) ;
#4207 = EDGE_LOOP ( 'NONE', ( #904, #2395, #1526, #2859 ) ) ;
#4208 = AXIS2_PLACEMENT_3D ( 'NONE', #3672, #3596, #1813 ) ;
#4209 = CARTESIAN_POINT ( 'NONE',  ( 5.449999999999993072, -3.900000000000000355, 4.299999999999996270 ) ) ;
#4210 = CARTESIAN_POINT ( 'NONE',  ( 5.776360980587385896, -0.2496458327427789614, 4.849999999999998757 ) ) ;
#4211 =( GEOMETRIC_REPRESENTATION_CONTEXT ( 3 ) GLOBAL_UNCERTAINTY_ASSIGNED_CONTEXT ( ( #3762 ) ) GLOBAL_UNIT_ASSIGNED_CONTEXT ( ( #1328, #2470, #3869 ) ) REPRESENTATION_CONTEXT ( 'NONE', 'WORKASPACE' ) );
#4212 = CARTESIAN_POINT ( 'NONE',  ( 6.899999999999999467, -0.2499999999999999445, -4.850000000000001421 ) ) ;
#4213 = ORIENTED_EDGE ( 'NONE', *, *, #4321, .T. ) ;
#4214 = VECTOR ( 'NONE', #3717, 1000.000000000000000 ) ;
#4215 = AXIS2_PLACEMENT_3D ( 'NONE', #2711, #4487, #3362 ) ;
#4216 = EDGE_LOOP ( 'NONE', ( #2865, #631, #3759, #4094 ) ) ;
#4217 = CARTESIAN_POINT ( 'NONE',  ( 5.799999999999996270, -0.2999999999999999889, 4.974999999999998757 ) ) ;
#4218 = AXIS2_PLACEMENT_3D ( 'NONE', #3583, #1671, #3172 ) ;
#4219 = DIRECTION ( 'NONE',  ( -0.000000000000000000, -0.000000000000000000, -1.000000000000000000 ) ) ;
#4220 = ORIENTED_EDGE ( 'NONE', *, *, #4109, .F. ) ;
#4221 = CARTESIAN_POINT ( 'NONE',  ( 5.718067479445042345, -0.2101825570401296694, -4.850000000000002309 ) ) ;
#4222 = VECTOR ( 'NONE', #211, 1000.000000000000000 ) ;
#4223 = ORIENTED_EDGE ( 'NONE', *, *, #1049, .F. ) ;
#4224 = ORIENTED_EDGE ( 'NONE', *, *, #1575, .F. ) ;
#4225 = VECTOR ( 'NONE', #447, 1000.000000000000000 ) ;
#4226 = CARTESIAN_POINT ( 'NONE',  ( 7.047993548912375950, -0.03994332498389600167, -4.850000000000001421 ) ) ;
#4227 = CARTESIAN_POINT ( 'NONE',  ( -7.019786221758986144, -0.2438476363765033628, 5.100000000000020073 ) ) ;
#4228 = DIRECTION ( 'NONE',  ( 0.000000000000000000, 0.000000000000000000, -1.000000000000000000 ) ) ;
#4229 = EDGE_CURVE ( 'NONE', #2807, #3147, #796, .T. ) ;
#4230 = DIRECTION ( 'NONE',  ( 1.000000000000000000, 0.000000000000000000, 0.000000000000000000 ) ) ;
#4231 = EDGE_CURVE ( 'NONE', #4662, #4143, #4593, .T. ) ;
#4232 = VECTOR ( 'NONE', #3692, 1000.000000000000000 ) ;
#4233 = FACE_OUTER_BOUND ( 'NONE', #2303, .T. ) ;
#4234 = CARTESIAN_POINT ( 'NONE',  ( 5.704367503179604171, -0.1911749808269775086, 4.850000000000002309 ) ) ;
#4235 = SURFACE_STYLE_USAGE ( .BOTH. , #2760 ) ;
#4236 = CIRCLE ( 'NONE', #178, 0.04999999999999969746 ) ;
#4237 = EDGE_CURVE ( 'NONE', #1630, #797, #2748, .T. ) ;
#4238 = CARTESIAN_POINT ( 'NONE',  ( 9.049999999999997158, 15.19999999999999929, 5.050000000000000711 ) ) ;
#4239 = EDGE_LOOP ( 'NONE', ( #65, #72, #766, #2881 ) ) ;
#4240 = AXIS2_PLACEMENT_3D ( 'NONE', #1272, #4249, #4326 ) ;
#4241 = ORIENTED_EDGE ( 'NONE', *, *, #3646, .F. ) ;
#4242 = MANIFOLD_SOLID_BREP ( 'Cut-Extrude2', #3753 ) ;
#4243 = FACE_OUTER_BOUND ( 'NONE', #617, .T. ) ;
#4244 = CARTESIAN_POINT ( 'NONE',  ( -7.150000000000004796, -3.900000000000000355, 3.549999999999999822 ) ) ;
#4245 = ORIENTED_EDGE ( 'NONE', *, *, #2391, .F. ) ;
#4246 = CARTESIAN_POINT ( 'NONE',  ( -8.850000000000003197, 0.1000000000000000056, -4.850000000000001421 ) ) ;
#4247 = CARTESIAN_POINT ( 'NONE',  ( -5.607498711060682872, -0.09680009177560755518, 5.050000000000080647 ) ) ;
#4248 = ORIENTED_EDGE ( 'NONE', *, *, #3997, .T. ) ;
#4249 = DIRECTION ( 'NONE',  ( 0.000000000000000000, 1.000000000000000000, 0.000000000000000000 ) ) ;
#4250 = ORIENTED_EDGE ( 'NONE', *, *, #2004, .F. ) ;
#4251 = CARTESIAN_POINT ( 'NONE',  ( 7.147486580264430067, 0.000000000000000000, -4.899999999999999467 ) ) ;
#4252 = CARTESIAN_POINT ( 'NONE',  ( -7.037169454969999904, -0.2206392732179450478, -5.099999999999971223 ) ) ;
#4253 = CARTESIAN_POINT ( 'NONE',  ( -6.938647371985751100, -0.2999999999999999889, 5.050000000000000711 ) ) ;
#4254 = LINE ( 'NONE', #913, #1261 ) ;
#4255 = DIRECTION ( 'NONE',  ( 0.000000000000000000, -1.000000000000000000, 0.000000000000000000 ) ) ;
#4256 = ADVANCED_FACE ( 'NONE', ( #1988 ), #3033, .T. ) ;
#4257 = LINE ( 'NONE', #599, #1824 ) ;
#4258 = CARTESIAN_POINT ( 'NONE',  ( 5.776466362738296390, -0.2492922824403222271, 4.849999999999997868 ) ) ;
#4259 = ADVANCED_FACE ( 'NONE', ( #1177 ), #2152, .T. ) ;
#4260 = LINE ( 'NONE', #1616, #1170 ) ;
#4261 = CARTESIAN_POINT ( 'NONE',  ( -5.662830545030009155, -0.2206392732179670302, -5.100000000000025402 ) ) ;
#4262 = ORIENTED_EDGE ( 'NONE', *, *, #86, .T. ) ;
#4263 = EDGE_CURVE ( 'NONE', #3746, #4143, #4481, .T. ) ;
#4264 = EDGE_CURVE ( 'NONE', #2273, #2334, #2335, .T. ) ;
#4265 = PLANE ( 'NONE',  #1403 ) ;
#4266 = CARTESIAN_POINT ( 'NONE',  ( -5.776360980587376126, -0.2496458327427766855, -4.850000000000002309 ) ) ;
#4267 = ORIENTED_EDGE ( 'NONE', *, *, #1664, .T. ) ;
#4268 = DIRECTION ( 'NONE',  ( -1.000000000000000000, 0.000000000000000000, 0.000000000000000000 ) ) ;
#4269 = CARTESIAN_POINT ( 'NONE',  ( 7.147486580264428291, 0.04999999999999969746, 5.100000000000000533 ) ) ;
#4270 = VERTEX_POINT ( 'NONE', #3061 ) ;
#4271 = DIRECTION ( 'NONE',  ( 0.000000000000000000, -1.084202172485492207E-15, 1.000000000000000000 ) ) ;
#4272 = CARTESIAN_POINT ( 'NONE',  ( -5.602259935411597169, -0.04497166249193155357, 5.100000000000000533 ) ) ;
#4273 = ORIENTED_EDGE ( 'NONE', *, *, #3015, .F. ) ;
#4274 = CARTESIAN_POINT ( 'NONE',  ( -5.754467464619041017, -0.2397576833101309202, -5.100000000000003197 ) ) ;
#4275 = ORIENTED_EDGE ( 'NONE', *, *, #4168, .T. ) ;
#4276 = CARTESIAN_POINT ( 'NONE',  ( -5.552513419735570999, 0.04999999999999969746, -5.049999999999998934 ) ) ;
#4277 = LINE ( 'NONE', #2065, #338 ) ;
#4278 = CARTESIAN_POINT ( 'NONE',  ( -8.900000000000003908, 0.000000000000000000, 4.899999999999999467 ) ) ;
#4279 = DIRECTION ( 'NONE',  ( 1.000000000000000000, 0.000000000000000000, 0.000000000000000000 ) ) ;
#4280 = CARTESIAN_POINT ( 'NONE',  ( 6.899999999999999467, -0.2496464466094067414, -5.099999999999996092 ) ) ;
#4281 = CARTESIAN_POINT ( 'NONE',  ( 5.656990965766363288, -0.08574104439935055499, 4.850000000000000533 ) ) ;
#4282 = CARTESIAN_POINT ( 'NONE',  ( -7.561836509645771365, -4.400000000000000355, 3.961836509645767279 ) ) ;
#4283 = FACE_OUTER_BOUND ( 'NONE', #3068, .T. ) ;
#4284 = LINE ( 'NONE', #232, #4777 ) ;
#4285 = AXIS2_PLACEMENT_3D ( 'NONE', #2828, #2755, #4230 ) ;
#4286 = ORIENTED_EDGE ( 'NONE', *, *, #3099, .F. ) ;
#4287 = DIRECTION ( 'NONE',  ( -0.9949303135205233017, -0.1005667501610399972, 0.000000000000000000 ) ) ;
#4288 = LINE ( 'NONE', #3949, #482 ) ;
#4289 = EDGE_LOOP ( 'NONE', ( #580, #1971, #3921, #3642 ) ) ;
#4290 = ADVANCED_FACE ( 'NONE', ( #3105 ), #1243, .T. ) ;
#4291 = ADVANCED_FACE ( 'NONE', ( #4553 ), #2716, .T. ) ;
#4292 = CARTESIAN_POINT ( 'NONE',  ( 6.899999999999999467, -0.3000000000000000444, 5.100000000000000533 ) ) ;
#4293 = AXIS2_PLACEMENT_3D ( 'NONE', #864, #933, #2362 ) ;
#4294 = EDGE_LOOP ( 'NONE', ( #4223, #2174, #146, #2428 ) ) ;
#4295 = CARTESIAN_POINT ( 'NONE',  ( -5.776458670293119546, -0.2499999999999999445, -4.850000000000001421 ) ) ;
#4296 = EDGE_LOOP ( 'NONE', ( #3119, #2495, #555, #2520 ) ) ;
#4297 = AXIS2_PLACEMENT_3D ( 'NONE', #4085, #748, #1084 ) ;
#4298 = FACE_OUTER_BOUND ( 'NONE', #1436, .T. ) ;
#4299 = ORIENTED_EDGE ( 'NONE', *, *, #1419, .F. ) ;
#4300 = DIRECTION ( 'NONE',  ( 0.000000000000000000, 0.000000000000000000, 1.000000000000000000 ) ) ;
#4301 = CIRCLE ( 'NONE', #2050, 0.04999999999999969746 ) ;
#4302 = CARTESIAN_POINT ( 'NONE',  ( 7.639999999999996128, -3.900000000000000355, -3.300000000000001155 ) ) ;
#4303 = DIRECTION ( 'NONE',  ( 1.000000000000000000, 0.000000000000000000, 0.000000000000000000 ) ) ;
#4304 = EDGE_CURVE ( 'NONE', #1594, #2481, #1372, .T. ) ;
#4305 = CARTESIAN_POINT ( 'NONE',  ( -5.552513419735571887, 0.05000000000000000278, 4.899999999999999467 ) ) ;
#4306 = DIRECTION ( 'NONE',  ( 0.000000000000000000, 0.000000000000000000, 1.000000000000000000 ) ) ;
#4307 = CARTESIAN_POINT ( 'NONE',  ( 7.030666824769410184, -0.1312847592859273382, -5.099999999999998757 ) ) ;
#4308 = VECTOR ( 'NONE', #2922, 1000.000000000000114 ) ;
#4309 = DIRECTION ( 'NONE',  ( 1.000000000000000000, 0.000000000000000000, -3.469446951953635015E-14 ) ) ;
#4310 = DIRECTION ( 'NONE',  ( -1.000000000000000000, 0.000000000000000000, 0.000000000000000000 ) ) ;
#4311 = AXIS2_PLACEMENT_3D ( 'NONE', #4209, #1184, #826 ) ;
#4312 = EDGE_LOOP ( 'NONE', ( #168, #3950, #2729, #3032 ) ) ;
#4313 = PRESENTATION_LAYER_ASSIGNMENT (  '', '', ( #3695 ) ) ;
#4314 = CARTESIAN_POINT ( 'NONE',  ( 5.729195261177943976, -0.2836643946956045603, 5.099999999999988098 ) ) ;
#4315 = CARTESIAN_POINT ( 'NONE',  ( -5.800000000000005151, -0.2999999999999999889, 4.837500000000003020 ) ) ;
#4316 = VERTEX_POINT ( 'NONE', #3203 ) ;
#4317 = CARTESIAN_POINT ( 'NONE',  ( 5.149999999999993250, 0.1000000000000000056, 4.299999999999996270 ) ) ;
#4318 = DIRECTION ( 'NONE',  ( 0.000000000000000000, 1.000000000000000000, 0.000000000000000000 ) ) ;
#4319 = VECTOR ( 'NONE', #3154, 1000.000000000000000 ) ;
#4320 = ADVANCED_FACE ( 'NONE', ( #565 ), #4693, .T. ) ;
#4321 = EDGE_CURVE ( 'NONE', #1455, #3504, #3492, .T. ) ;
#4322 = ORIENTED_EDGE ( 'NONE', *, *, #4026, .F. ) ;
#4323 = CARTESIAN_POINT ( 'NONE',  ( -7.650000000000003908, 0.1000000000000000056, -3.549999999999999822 ) ) ;
#4324 = ORIENTED_EDGE ( 'NONE', *, *, #4231, .F. ) ;
#4325 = VECTOR ( 'NONE', #1584, 1000.000000000000000 ) ;
#4326 = DIRECTION ( 'NONE',  ( 0.000000000000000000, 0.000000000000000000, 1.000000000000000000 ) ) ;
#4327 = ORIENTED_EDGE ( 'NONE', *, *, #1825, .F. ) ;
#4328 = EDGE_CURVE ( 'NONE', #2572, #3005, #1737, .T. ) ;
#4329 = CARTESIAN_POINT ( 'NONE',  ( 7.071962006815212476, -0.3000000000000004885, -4.899999999999999467 ) ) ;
#4330 = EDGE_CURVE ( 'NONE', #3025, #1455, #2109, .T. ) ;
#4331 = SURFACE_STYLE_FILL_AREA ( #4033 ) ;
#4332 = CARTESIAN_POINT ( 'NONE',  ( -6.938647688268471114, -0.2999989463168053483, 5.100000000000000533 ) ) ;
#4333 = CYLINDRICAL_SURFACE ( 'NONE', #4391, 0.04999999999999969746 ) ;
#4334 = FACE_OUTER_BOUND ( 'NONE', #2205, .T. ) ;
#4335 = CARTESIAN_POINT ( 'NONE',  ( 7.047290026940880914, -0.03987221355288057129, -5.100000000000000533 ) ) ;
#4336 = CARTESIAN_POINT ( 'NONE',  ( 7.097740064588403008, -0.04497166249194781140, 4.900000000000000355 ) ) ;
#4337 = DIRECTION ( 'NONE',  ( 1.000000000000000000, 0.000000000000000000, 0.000000000000000000 ) ) ;
#4338 = CARTESIAN_POINT ( 'NONE',  ( -5.776466362738303495, -0.2492922824403206727, -5.100000000000000533 ) ) ;
#4339 = VERTEX_POINT ( 'NONE', #2483 ) ;
#4340 = EDGE_CURVE ( 'NONE', #1571, #1138, #2060, .T. ) ;
#4341 = ADVANCED_FACE ( 'NONE', ( #1318 ), #4668, .T. ) ;
#4342 = CARTESIAN_POINT ( 'NONE',  ( -7.047993548912380390, -0.03994332498389538411, 4.899999999999999467 ) ) ;
#4343 = DIRECTION ( 'NONE',  ( 0.000000000000000000, 0.000000000000000000, 1.000000000000000000 ) ) ;
#4344 = ORIENTED_EDGE ( 'NONE', *, *, #104, .F. ) ;
#4345 = CARTESIAN_POINT ( 'NONE',  ( -7.047290026940886243, -0.03987221355288064067, 5.100000000000000533 ) ) ;
#4346 = CARTESIAN_POINT ( 'NONE',  ( 7.097740064588403897, -0.04497166249194775589, -5.050000000000000711 ) ) ;
#4347 = FACE_OUTER_BOUND ( 'NONE', #2885, .T. ) ;
#4348 = ORIENTED_EDGE ( 'NONE', *, *, #2217, .T. ) ;
#4349 = CARTESIAN_POINT ( 'NONE',  ( -7.078948882649791052, -0.1483756555017984313, 4.899999999999999467 ) ) ;
#4350 = DIRECTION ( 'NONE',  ( 0.000000000000000000, 0.000000000000000000, 1.000000000000000000 ) ) ;
#4351 = CARTESIAN_POINT ( 'NONE',  ( 7.042661527939896970, -0.08566339491223803893, -4.850000000000001421 ) ) ;
#4352 = FACE_OUTER_BOUND ( 'NONE', #1875, .T. ) ;
#4353 = ORIENTED_EDGE ( 'NONE', *, *, #2808, .F. ) ;
#4354 = EDGE_CURVE ( 'NONE', #239, #3090, #3230, .T. ) ;
#4355 = CARTESIAN_POINT ( 'NONE',  ( 6.945579143070736095, -0.2397343563013998591, -5.099999999999996980 ) ) ;
#4356 = CARTESIAN_POINT ( 'NONE',  ( -6.995922111695326073, -0.1913804194949890736, -4.849999999999999645 ) ) ;
#4357 = CARTESIAN_POINT ( 'NONE',  ( -5.652006451087624228, -0.03994332498389588371, 4.850000000000001421 ) ) ;
#4358 = DIRECTION ( 'NONE',  ( 0.000000000000000000, 0.000000000000000000, 1.000000000000000000 ) ) ;
#4359 = CARTESIAN_POINT ( 'NONE',  ( -5.680214192855166822, -0.2438471263512846376, -5.050000000000008704 ) ) ;
#4360 = ORIENTED_EDGE ( 'NONE', *, *, #1337, .T. ) ;
#4361 = ADVANCED_FACE ( 'NONE', ( #516 ), #218, .T. ) ;
#4362 = CIRCLE ( 'NONE', #3349, 0.05000000000000040523 ) ;
#4363 = FACE_OUTER_BOUND ( 'NONE', #829, .T. ) ;
#4364 = ORIENTED_EDGE ( 'NONE', *, *, #328, .F. ) ;
#4365 = EDGE_CURVE ( 'NONE', #2686, #808, #1362, .T. ) ;
#4366 = PLANE ( 'NONE',  #1264 ) ;
#4367 =( GEOMETRIC_REPRESENTATION_CONTEXT ( 3 ) GLOBAL_UNCERTAINTY_ASSIGNED_CONTEXT ( ( #1514 ) ) GLOBAL_UNIT_ASSIGNED_CONTEXT ( ( #1422, #697, #2141 ) ) REPRESENTATION_CONTEXT ( 'NONE', 'WORKASPACE' ) );
#4368 = CARTESIAN_POINT ( 'NONE',  ( 7.071962006815214252, -0.3000000000000005440, -5.050000000000001599 ) ) ;
#4369 = LINE ( 'NONE', #1649, #3427 ) ;
#4370 = AXIS2_PLACEMENT_3D ( 'NONE', #2831, #523, #2926 ) ;
#4371 = EDGE_LOOP ( 'NONE', ( #3780, #472, #3898, #2975 ) ) ;
#4372 = CARTESIAN_POINT ( 'NONE',  ( -6.923744401563539874, -0.2499993830452357513, 4.850000000000001421 ) ) ;
#4373 = PLANE ( 'NONE',  #899 ) ;
#4374 = AXIS2_PLACEMENT_3D ( 'NONE', #4576, #3181, #2728 ) ;
#4375 = EDGE_CURVE ( 'NONE', #3566, #2273, #2034, .T. ) ;
#4376 = CARTESIAN_POINT ( 'NONE',  ( -6.981868117469915092, -0.2102494280712601527, 4.850000000000001421 ) ) ;
#4377 = DIRECTION ( 'NONE',  ( 1.000000000000000000, 0.000000000000000000, 0.000000000000000000 ) ) ;
#4378 = DIRECTION ( 'NONE',  ( 1.000000000000000000, 0.000000000000000000, 0.000000000000000000 ) ) ;
#4379 = DIRECTION ( 'NONE',  ( 0.000000000000000000, 0.000000000000000000, 1.000000000000000000 ) ) ;
#4380 = EDGE_LOOP ( 'NONE', ( #61, #2361, #700, #539 ) ) ;
#4381 = CARTESIAN_POINT ( 'NONE',  ( 5.656680925456524456, -0.08618899009659795885, 4.850000000000001421 ) ) ;
#4382 = EDGE_CURVE ( 'NONE', #2744, #2460, #3390, .T. ) ;
#4383 = CIRCLE ( 'NONE', #4218, 0.04999999999999969746 ) ;
#4384 = CARTESIAN_POINT ( 'NONE',  ( -7.042661527939788613, -0.08566339491222350888, -4.849999999999996092 ) ) ;
#4385 = CARTESIAN_POINT ( 'NONE',  ( -7.150000000000004796, -4.400000000000000355, -3.638163490354231921 ) ) ;
#4386 = ADVANCED_FACE ( 'NONE', ( #4646 ), #3882, .T. ) ;
#4387 = EDGE_CURVE ( 'NONE', #1871, #4563, #354, .T. ) ;
#4388 = DIRECTION ( 'NONE',  ( 0.000000000000000000, 0.000000000000000000, -1.000000000000000000 ) ) ;
#4389 = VERTEX_POINT ( 'NONE', #3545 ) ;
#4390 = CARTESIAN_POINT ( 'NONE',  ( 7.099999999999997868, 0.000000000000000000, -5.020833333333334814 ) ) ;
#4391 = AXIS2_PLACEMENT_3D ( 'NONE', #4672, #2465, #596 ) ;
#4392 = EDGE_CURVE ( 'NONE', #1548, #1386, #1679, .T. ) ;
#4393 = VECTOR ( 'NONE', #3715, 1000.000000000000000 ) ;
#4394 = CARTESIAN_POINT ( 'NONE',  ( -5.800000000000005151, -0.2999999999999999889, 5.112500000000000711 ) ) ;
#4395 = ORIENTED_EDGE ( 'NONE', *, *, #3962, .T. ) ;
#4396 = AXIS2_PLACEMENT_3D ( 'NONE', #108, #1597, #1854 ) ;
#4397 = CARTESIAN_POINT ( 'NONE',  ( -5.800000000000006040, -0.2499999999999999445, 5.050000000000000711 ) ) ;
#4398 =( BOUNDED_CURVE ( )  B_SPLINE_CURVE ( 2, ( #707, #1434, #1361 ),
 .UNSPECIFIED., .F., .T. ) 
 B_SPLINE_CURVE_WITH_KNOTS ( ( 3, 3 ),
 ( 0.000000000000000000, 1.000000000000000000 ),
 .UNSPECIFIED. ) 
 CURVE ( )  GEOMETRIC_REPRESENTATION_ITEM ( )  RATIONAL_B_SPLINE_CURVE ( ( 1.000000000000000000, 0.7373842891637747421, 0.9457047908995577234 ) ) 
 REPRESENTATION_ITEM ( '' )  );
#4399 = CARTESIAN_POINT ( 'NONE',  ( 6.981932520554923194, -0.2101825570401234522, 4.850000000000002309 ) ) ;
#4400 = ORIENTED_EDGE ( 'NONE', *, *, #2656, .F. ) ;
#4401 = LINE ( 'NONE', #4030, #1820 ) ;
#4402 = CARTESIAN_POINT ( 'NONE',  ( -7.100000000000003197, 0.000000000000000000, -4.929166666666667140 ) ) ;
#4403 = ADVANCED_FACE ( 'NONE', ( #4298 ), #3565, .T. ) ;
#4404 = CARTESIAN_POINT ( 'NONE',  ( 7.037169605723899046, -0.2206393603763568412, -4.899999999999980815 ) ) ;
#4405 = LINE ( 'NONE', #1444, #3506 ) ;
#4406 = DIRECTION ( 'NONE',  ( 0.000000000000000000, 0.000000000000000000, 1.000000000000000000 ) ) ;
#4407 = CYLINDRICAL_SURFACE ( 'NONE', #337, 0.04999999999999969746 ) ;
#4408 = EDGE_LOOP ( 'NONE', ( #3418, #3736, #1738, #3980 ) ) ;
#4409 = FILL_AREA_STYLE ('',( #729 ) ) ;
#4410 = CARTESIAN_POINT ( 'NONE',  ( -7.019786221758987921, -0.2438476363765016142, -4.850000000000000533 ) ) ;
#4411 = PLANE ( 'NONE',  #4054 ) ;
#4412 = CARTESIAN_POINT ( 'NONE',  ( -7.150000000000004796, -3.900000000000000355, 4.049999999999999822 ) ) ;
#4413 = ORIENTED_EDGE ( 'NONE', *, *, #2907, .T. ) ;
#4414 = EDGE_CURVE ( 'NONE', #3708, #3365, #1811, .T. ) ;
#4415 = FACE_OUTER_BOUND ( 'NONE', #1535, .T. ) ;
#4416 = EDGE_LOOP ( 'NONE', ( #1869, #1835, #2419, #2077 ) ) ;
#4417 = CARTESIAN_POINT ( 'NONE',  ( -7.078948882649807928, -0.1483756555017653467, 5.050000000000000711 ) ) ;
#4418 = EDGE_CURVE ( 'NONE', #1400, #1497, #2070, .T. ) ;
#4419 = CARTESIAN_POINT ( 'NONE',  ( -5.800000000000005151, -0.2499999999999999445, 4.899999999999999467 ) ) ;
#4420 = VERTEX_POINT ( 'NONE', #2890 ) ;
#4421 = CARTESIAN_POINT ( 'NONE',  ( -7.092501288939320858, -0.09680009177563567158, 4.899999999999981704 ) ) ;
#4422 = CARTESIAN_POINT ( 'NONE',  ( -7.100000000000003197, 0.000000000000000000, -5.112499999999998934 ) ) ;
#4423 = CARTESIAN_POINT ( 'NONE',  ( 6.996211726570260581, -0.1915858581630102697, -4.850000000000002309 ) ) ;
#4424 = DIRECTION ( 'NONE',  ( 0.000000000000000000, 0.000000000000000000, -1.000000000000000000 ) ) ;
#4425 = DIRECTION ( 'NONE',  ( -0.9949303135204951021, -0.1005667501613206477, 5.204170427930381525E-14 ) ) ;
#4426 = CARTESIAN_POINT ( 'NONE',  ( -5.776360980587345928, -0.2496458327427755475, 4.850000000000001421 ) ) ;
#4427 = ORIENTED_EDGE ( 'NONE', *, *, #627, .T. ) ;
#4428 = LINE ( 'NONE', #1087, #493 ) ;
#4429 = CARTESIAN_POINT ( 'NONE',  ( -6.923533637261730433, -0.2492922824403248916, -4.850000000000002309 ) ) ;
#4430 = CARTESIAN_POINT ( 'NONE',  ( -5.800000000000002487, -0.2999999999999999889, -4.929166666666668917 ) ) ;
#4431 = CARTESIAN_POINT ( 'NONE',  ( 5.599999999999998757, 0.000000000000000000, -4.929166666666668917 ) ) ;
#4432 = ORIENTED_EDGE ( 'NONE', *, *, #3790, .T. ) ;
#4433 = EDGE_CURVE ( 'NONE', #3504, #1219, #4795, .T. ) ;
#4434 = CARTESIAN_POINT ( 'NONE',  ( 5.704367503179613941, -0.1911749808269654627, -5.099999999999998757 ) ) ;
#4435 = ADVANCED_FACE ( 'NONE', ( #2986 ), #4373, .T. ) ;
#4436 = VERTEX_POINT ( 'NONE', #1442 ) ;
#4437 = DIRECTION ( 'NONE',  ( 0.000000000000000000, 1.000000000000000000, 0.000000000000000000 ) ) ;
#4438 = CARTESIAN_POINT ( 'NONE',  ( 6.899999999999998579, -0.2999999999999999334, -5.050000000000001599 ) ) ;
#4439 = DIRECTION ( 'NONE',  ( 0.000000000000000000, 0.000000000000000000, 1.000000000000000000 ) ) ;
#4440 = EDGE_CURVE ( 'NONE', #2722, #3708, #4445, .T. ) ;
#4441 = ORIENTED_EDGE ( 'NONE', *, *, #1686, .F. ) ;
#4442 = ADVANCED_FACE ( 'NONE', ( #3668 ), #1039, .F. ) ;
#4443 = LINE ( 'NONE', #2916, #4393 ) ;
#4444 = CIRCLE ( 'NONE', #1627, 0.04999999999999969746 ) ;
#4445 = LINE ( 'NONE', #2505, #1755 ) ;
#4446 = AXIS2_PLACEMENT_3D ( 'NONE', #1247, #2752, #888 ) ;
#4447 = DIRECTION ( 'NONE',  ( 1.000000000000000000, 0.000000000000000000, 0.000000000000000000 ) ) ;
#4448 = CARTESIAN_POINT ( 'NONE',  ( 7.030935472040628298, -0.1315785031656116211, 5.099999999999997868 ) ) ;
#4449 = CARTESIAN_POINT ( 'NONE',  ( -7.147486580264432732, -0.04999999999999995420, -4.899999999999999467 ) ) ;
#4450 = CARTESIAN_POINT ( 'NONE',  ( -5.718067479445005930, -0.2101825570401057164, 4.850000000000002309 ) ) ;
#4451 = ORIENTED_EDGE ( 'NONE', *, *, #362, .T. ) ;
#4452 = AXIS2_PLACEMENT_3D ( 'NONE', #3967, #625, #4474 ) ;
#4453 = FACE_OUTER_BOUND ( 'NONE', #3477, .T. ) ;
#4454 = CYLINDRICAL_SURFACE ( 'NONE', #1885, 0.04999999999999969746 ) ;
#4455 = VECTOR ( 'NONE', #1118, 1000.000000000000000 ) ;
#4456 = CARTESIAN_POINT ( 'NONE',  ( 5.599999999999996980, 0.000000000000000000, 5.112499999999997158 ) ) ;
#4457 = DIRECTION ( 'NONE',  ( 0.000000000000000000, 0.000000000000000000, 1.000000000000000000 ) ) ;
#4458 = ORIENTED_EDGE ( 'NONE', *, *, #471, .F. ) ;
#4459 = DIRECTION ( 'NONE',  ( -1.000000000000000000, 0.000000000000000000, 0.000000000000000000 ) ) ;
#4460 = ORIENTED_EDGE ( 'NONE', *, *, #2868, .F. ) ;
#4461 = TOROIDAL_SURFACE ( 'NONE', #2981, 0.1000000000000000056, 0.05000000000000000278 ) ;
#4462 = CARTESIAN_POINT ( 'NONE',  ( 5.656643459472745050, -0.08581869388642372753, -5.099999999999998757 ) ) ;
#4463 = AXIS2_PLACEMENT_3D ( 'NONE', #2199, #384, #1852 ) ;
#4464 = ORIENTED_EDGE ( 'NONE', *, *, #3569, .T. ) ;
#4465 = AXIS2_PLACEMENT_3D ( 'NONE', #1823, #777, #4388 ) ;
#4466 = DIRECTION ( 'NONE',  ( 0.000000000000000000, 0.000000000000000000, 1.000000000000000000 ) ) ;
#4467 = ORIENTED_EDGE ( 'NONE', *, *, #1280, .F. ) ;
#4468 = TOROIDAL_SURFACE ( 'NONE', #3224, 0.1000000000000000056, 0.05000000000000000278 ) ;
#4469 = CARTESIAN_POINT ( 'NONE',  ( 5.149999999999993250, -3.900000000000000355, 4.299999999999996270 ) ) ;
#4470 = ADVANCED_FACE ( 'NONE', ( #1764 ), #2875, .T. ) ;
#4471 = ADVANCED_FACE ( 'NONE', ( #1063 ), #369, .F. ) ;
#4472 = VECTOR ( 'NONE', #73, 1000.000000000000000 ) ;
#4473 = CARTESIAN_POINT ( 'NONE',  ( -8.850000000000003197, 0.1000000000000000056, 4.850000000000001421 ) ) ;
#4474 = DIRECTION ( 'NONE',  ( 1.000000000000000000, 0.000000000000000000, 0.000000000000000000 ) ) ;
#4475 = LINE ( 'NONE', #3030, #3905 ) ;
#4476 = FACE_OUTER_BOUND ( 'NONE', #3358, .T. ) ;
#4477 = EDGE_LOOP ( 'NONE', ( #82, #4098, #716, #3828 ) ) ;
#4478 =( LENGTH_UNIT ( ) NAMED_UNIT ( * ) SI_UNIT ( .MILLI., .METRE. ) );
#4479 = EDGE_CURVE ( 'NONE', #4507, #2817, #3933, .T. ) ;
#4480 =( BOUNDED_CURVE ( )  B_SPLINE_CURVE ( 2, ( #258, #3239, #1383 ),
 .UNSPECIFIED., .F., .T. ) 
 B_SPLINE_CURVE_WITH_KNOTS ( ( 3, 3 ),
 ( 0.000000000000000000, 1.000000000000000000 ),
 .UNSPECIFIED. ) 
 CURVE ( )  GEOMETRIC_REPRESENTATION_ITEM ( )  RATIONAL_B_SPLINE_CURVE ( ( 1.000000000000000000, 0.7373842891637749641, 0.9457047908995575014 ) ) 
 REPRESENTATION_ITEM ( '' )  );
#4481 = CIRCLE ( 'NONE', #2227, 0.04999999999999969746 ) ;
#4482 = CARTESIAN_POINT ( 'NONE',  ( -7.019786221758947953, -0.2438476363765088861, -5.099999999999970335 ) ) ;
#4483 = ORIENTED_EDGE ( 'NONE', *, *, #1022, .F. ) ;
#4484 = CARTESIAN_POINT ( 'NONE',  ( 5.599999999999998757, -0.2999999999999999889, -4.837499999999999467 ) ) ;
#4485 = ORIENTED_EDGE ( 'NONE', *, *, #1014, .T. ) ;
#4486 = ORIENTED_EDGE ( 'NONE', *, *, #3222, .T. ) ;
#4487 = DIRECTION ( 'NONE',  ( 0.000000000000000000, 0.000000000000000000, 1.000000000000000000 ) ) ;
#4488 = ORIENTED_EDGE ( 'NONE', *, *, #3425, .T. ) ;
#4489 = CARTESIAN_POINT ( 'NONE',  ( 6.981397188378635654, -0.2097064609223649456, 4.850000000000002309 ) ) ;
#4490 = VERTEX_POINT ( 'NONE', #673 ) ;
#4491 = CARTESIAN_POINT ( 'NONE',  ( -7.561836509645771365, -4.400000000000000355, 4.049999999999999822 ) ) ;
#4493 = EDGE_CURVE ( 'NONE', #2686, #1633, #4744, .T. ) ;
#4492 = CARTESIAN_POINT ( 'NONE',  ( 0.000000000000000000, 0.000000000000000000, 0.000000000000000000 ) ) ;
#4494 = FACE_OUTER_BOUND ( 'NONE', #4190, .T. ) ;
#4495 = CARTESIAN_POINT ( 'NONE',  ( -5.754599228827419921, -0.2394237240209377837, -4.850000000000002309 ) ) ;
#4496 = CARTESIAN_POINT ( 'NONE',  ( 5.799999999999998046, -0.2492928932188134550, -4.850000000000001421 ) ) ;
#4497 = ADVANCED_FACE ( 'NONE', ( #3694 ), #1395, .T. ) ;
#4498 = VERTEX_POINT ( 'NONE', #1107 ) ;
#4499 = CARTESIAN_POINT ( 'NONE',  ( -6.900000000000003908, -0.2999999999999999889, 4.929166666666668917 ) ) ;
#4500 =( BOUNDED_CURVE ( )  B_SPLINE_CURVE ( 2, ( #3198, #3855, #2102 ),
 .UNSPECIFIED., .F., .F. ) 
 B_SPLINE_CURVE_WITH_KNOTS ( ( 3, 3 ),
 ( 0.000000000000000000, 1.000000000000000000 ),
 .UNSPECIFIED. ) 
 CURVE ( )  GEOMETRIC_REPRESENTATION_ITEM ( )  RATIONAL_B_SPLINE_CURVE ( ( 1.000000000000000000, 0.7373842891637747421, 0.9457047908995575014 ) ) 
 REPRESENTATION_ITEM ( '' )  );
#4501 = EDGE_LOOP ( 'NONE', ( #1246, #317, #3288, #515 ) ) ;
#4502 = DIRECTION ( 'NONE',  ( 0.000000000000000000, 0.000000000000000000, -1.000000000000000000 ) ) ;
#4503 = PLANE ( 'NONE',  #3528 ) ;
#4504 = EDGE_CURVE ( 'NONE', #4807, #2874, #1490, .T. ) ;
#4505 = VERTEX_POINT ( 'NONE', #1418 ) ;
#4506 = CARTESIAN_POINT ( 'NONE',  ( 6.996140634538358327, -0.1916826843490200272, -5.099999999999996092 ) ) ;
#4507 = VERTEX_POINT ( 'NONE', #2918 ) ;
#4508 = DIRECTION ( 'NONE',  ( 0.1005667501613244225, -0.9949303135204947690, -2.847699387631870101E-13 ) ) ;
#4509 = EDGE_CURVE ( 'NONE', #4339, #1803, #1196, .T. ) ;
#4510 = DIRECTION ( 'NONE',  ( 1.000000000000000000, 0.000000000000000000, 0.000000000000000000 ) ) ;
#4511 = ORIENTED_EDGE ( 'NONE', *, *, #3872, .F. ) ;
#4512 = CARTESIAN_POINT ( 'NONE',  ( 7.047993548912376838, -0.03994332498388177694, 4.850000000000001421 ) ) ;
#4513 = ORIENTED_EDGE ( 'NONE', *, *, #3785, .F. ) ;
#4514 = CARTESIAN_POINT ( 'NONE',  ( 5.799999999999999822, -0.2499999999999999445, -4.850000000000001421 ) ) ;
#4515 = FACE_OUTER_BOUND ( 'NONE', #2181, .T. ) ;
#4516 = CARTESIAN_POINT ( 'NONE',  ( -7.650000000000003908, 0.1000000000000000056, -4.049999999999999822 ) ) ;
#4517 = AXIS2_PLACEMENT_3D ( 'NONE', #1392, #610, #4713 ) ;
#4518 = CARTESIAN_POINT ( 'NONE',  ( -5.800000000000003375, -0.3000000000000000444, -4.850000000000000533 ) ) ;
#4519 = CYLINDRICAL_SURFACE ( 'NONE', #261, 0.04999999999999969746 ) ;
#4520 = VERTEX_POINT ( 'NONE', #29 ) ;
#4521 = DIRECTION ( 'NONE',  ( 0.1736481776669307198, -0.9848077530122080203, 0.000000000000000000 ) ) ;
#4522 = CIRCLE ( 'NONE', #3748, 0.04999999999999969746 ) ;
#4523 = ORIENTED_EDGE ( 'NONE', *, *, #4418, .T. ) ;
#4524 = FACE_OUTER_BOUND ( 'NONE', #3435, .T. ) ;
#4525 = DIRECTION ( 'NONE',  ( 0.000000000000000000, 0.000000000000000000, 1.000000000000000000 ) ) ;
#4526 = CARTESIAN_POINT ( 'NONE',  ( 5.602259935411593617, -0.04497166249194803345, 5.050000000000000711 ) ) ;
#4527 = AXIS2_PLACEMENT_3D ( 'NONE', #4244, #94, #3124 ) ;
#4528 = ORIENTED_EDGE ( 'NONE', *, *, #860, .T. ) ;
#4529 = CARTESIAN_POINT ( 'NONE',  ( -5.718067479445057444, -0.2101825570401274768, 5.100000000000000533 ) ) ;
#4530 = ORIENTED_EDGE ( 'NONE', *, *, #4686, .F. ) ;
#4531 = DIRECTION ( 'NONE',  ( 0.000000000000000000, 1.000000000000000000, -3.469446951953635015E-14 ) ) ;
#4532 = VECTOR ( 'NONE', #3547, 1000.000000000000000 ) ;
#4533 = CARTESIAN_POINT ( 'NONE',  ( 9.099999999999997868, 0.04999999999999969746, -5.099999999999998757 ) ) ;
#4534 = ADVANCED_FACE ( 'NONE', ( #4149 ), #4717, .T. ) ;
#4535 = EDGE_CURVE ( 'NONE', #1269, #1756, #459, .T. ) ;
#4536 = CARTESIAN_POINT ( 'NONE',  ( -7.650000000000003908, -3.900000000000000355, 3.549999999999999822 ) ) ;
#4537 = CARTESIAN_POINT ( 'NONE',  ( 7.147486580264428291, 0.05000000000000000278, 4.899999999999999467 ) ) ;
#4538 = ORIENTED_EDGE ( 'NONE', *, *, #2698, .F. ) ;
#4539 = AXIS2_PLACEMENT_3D ( 'NONE', #2731, #827, #1876 ) ;
#4540 = CIRCLE ( 'NONE', #2445, 0.1000000000000002554 ) ;
#4541 = CARTESIAN_POINT ( 'NONE',  ( 7.097740064588403008, -0.04497166249193212256, 4.899999999999999467 ) ) ;
#4542 = ORIENTED_EDGE ( 'NONE', *, *, #1519, .F. ) ;
#4543 = VECTOR ( 'NONE', #4457, 1000.000000000000000 ) ;
#4544 = CARTESIAN_POINT ( 'NONE',  ( 0.000000000000000000, 0.1000000000000000056, 0.000000000000000000 ) ) ;
#4545 = CARTESIAN_POINT ( 'NONE',  ( -6.900000000000003908, -0.2999999999999999889, 5.049999999999998934 ) ) ;
#4546 = DIRECTION ( 'NONE',  ( 1.000000000000000000, 0.000000000000000000, 0.000000000000000000 ) ) ;
#4547 = VECTOR ( 'NONE', #2464, 1000.000000000000000 ) ;
#4548 = CARTESIAN_POINT ( 'NONE',  ( -5.776255598436466521, -0.2499993830452338639, -4.850000000000001421 ) ) ;
#4549 = CARTESIAN_POINT ( 'NONE',  ( 5.776360980587365468, -0.2496458327427806545, -4.850000000000001421 ) ) ;
#4550 = CARTESIAN_POINT ( 'NONE',  ( -5.652709973059121928, -0.03987221355288046720, 5.100000000000000533 ) ) ;
#4551 = ORIENTED_EDGE ( 'NONE', *, *, #4647, .T. ) ;
#4552 = B_SPLINE_CURVE_WITH_KNOTS ( 'NONE', 3,
 ( #1572, #3092, #3069, #1208, #2710, #4184, #1665, #3164 ),
 .UNSPECIFIED., .F., .F.,
 ( 4, 2, 2, 4 ),
 ( 0.000000000000000000, 0.0001390072422777308559, 0.0002085108634165962975, 0.0002780144845554617661 ),
 .UNSPECIFIED. ) ;
#4553 = FACE_OUTER_BOUND ( 'NONE', #4119, .T. ) ;
#4554 = AXIS2_PLACEMENT_3D ( 'NONE', #1792, #281, #4090 ) ;
#4555 = CYLINDRICAL_SURFACE ( 'NONE', #870, 0.04999999999999969746 ) ;
#4556 = CARTESIAN_POINT ( 'NONE',  ( 5.449999999999993072, -4.400000000000000355, 4.211836509645763726 ) ) ;
#4557 = EDGE_LOOP ( 'NONE', ( #2107, #4538, #4105, #928 ) ) ;
#4558 = CARTESIAN_POINT ( 'NONE',  ( 7.047993548912378614, -0.03994332498388158265, -5.099999999999998757 ) ) ;
#4559 = ORIENTED_EDGE ( 'NONE', *, *, #1625, .F. ) ;
#4560 = CARTESIAN_POINT ( 'NONE',  ( -5.552513419735571887, 0.000000000000000000, 4.850000000000001421 ) ) ;
#4561 = CARTESIAN_POINT ( 'NONE',  ( -6.900000000000003020, -0.2499999999999999445, -5.099999999999998757 ) ) ;
#4562 = CARTESIAN_POINT ( 'NONE',  ( 0.000000000000000000, -4.400000000000000355, 0.000000000000000000 ) ) ;
#4563 = VERTEX_POINT ( 'NONE', #2699 ) ;
#4564 = AXIS2_PLACEMENT_3D ( 'NONE', #118, #2717, #1132 ) ;
#4565 = EDGE_CURVE ( 'NONE', #3439, #215, #2631, .T. ) ;
#4566 = DIRECTION ( 'NONE',  ( 0.1736481776669307198, -0.9848077530122080203, 0.000000000000000000 ) ) ;
#4567 = ORIENTED_EDGE ( 'NONE', *, *, #1218, .F. ) ;
#4568 = EDGE_CURVE ( 'NONE', #2705, #1125, #1683, .T. ) ;
#4569 = CARTESIAN_POINT ( 'NONE',  ( -6.981868117469915980, -0.2102494280712557673, -5.099999999999998757 ) ) ;
#4570 = CARTESIAN_POINT ( 'NONE',  ( -7.030935472040632739, -0.1315785031656095394, 5.100000000000002309 ) ) ;
#4571 = EDGE_LOOP ( 'NONE', ( #1918, #4513, #4610, #2479 ) ) ;
#4572 = LINE ( 'NONE', #4198, #2054 ) ;
#4573 = ORIENTED_EDGE ( 'NONE', *, *, #4365, .T. ) ;
#4574 = CARTESIAN_POINT ( 'NONE',  ( -8.850000000000003197, -0.2499999999999999445, -4.850000000000001421 ) ) ;
#4575 = ORIENTED_EDGE ( 'NONE', *, *, #3669, .F. ) ;
#4576 = CARTESIAN_POINT ( 'NONE',  ( 0.000000000000000000, -4.400000000000000355, 0.000000000000000000 ) ) ;
#4577 = EDGE_CURVE ( 'NONE', #1005, #1929, #4171, .T. ) ;
#4578 = FACE_OUTER_BOUND ( 'NONE', #1880, .T. ) ;
#4579 = ORIENTED_EDGE ( 'NONE', *, *, #2517, .F. ) ;
#4580 = CARTESIAN_POINT ( 'NONE',  ( -5.602259935411597169, -0.04497166249194806120, -5.049999999999999822 ) ) ;
#4581 = DIRECTION ( 'NONE',  ( -0.000000000000000000, -0.000000000000000000, -1.000000000000000000 ) ) ;
#4582 = LINE ( 'NONE', #3782, #2751 ) ;
#4583 = ORIENTED_EDGE ( 'NONE', *, *, #4535, .F. ) ;
#4584 = EDGE_CURVE ( 'NONE', #1144, #1497, #2805, .T. ) ;
#4585 = ORIENTED_EDGE ( 'NONE', *, *, #835, .F. ) ;
#4586 = CARTESIAN_POINT ( 'NONE',  ( 7.099999999999996980, -0.2999999999999999889, 5.020833333333341919 ) ) ;
#4587 = LINE ( 'NONE', #3414, #3120 ) ;
#4588 = ADVANCED_FACE ( 'NONE', ( #1150 ), #3412, .F. ) ;
#4589 = EDGE_CURVE ( 'NONE', #3428, #2057, #93, .T. ) ;
#4590 = EDGE_LOOP ( 'NONE', ( #107, #1762, #3466, #1959 ) ) ;
#4591 = CARTESIAN_POINT ( 'NONE',  ( -5.652006451087622452, -0.03994332498389627922, -4.850000000000001421 ) ) ;
#4592 = ORIENTED_EDGE ( 'NONE', *, *, #3097, .T. ) ;
#4593 = LINE ( 'NONE', #4574, #1745 ) ;
#4594 = ORIENTED_EDGE ( 'NONE', *, *, #2396, .T. ) ;
#4595 = CIRCLE ( 'NONE', #1622, 0.1000000000000002554 ) ;
#4596 = LINE ( 'NONE', #3131, #3983 ) ;
#4597 = DIRECTION ( 'NONE',  ( 0.000000000000000000, 0.000000000000000000, -1.000000000000000000 ) ) ;
#4598 = CARTESIAN_POINT ( 'NONE',  ( -6.923744401563542539, -0.2499993830452325039, 5.100000000000000533 ) ) ;
#4599 = DIRECTION ( 'NONE',  ( 0.000000000000000000, 0.000000000000000000, 1.000000000000000000 ) ) ;
#4600 = FACE_OUTER_BOUND ( 'NONE', #287, .T. ) ;
#4601 = CARTESIAN_POINT ( 'NONE',  ( -5.552513419735570999, -0.04999999999999985012, -4.974999999999998757 ) ) ;
#4602 = CARTESIAN_POINT ( 'NONE',  ( 5.669672185900403782, -0.1311647557205719294, 4.850000000000004086 ) ) ;
#4603 = DIRECTION ( 'NONE',  ( 0.000000000000000000, 0.000000000000000000, 1.000000000000000000 ) ) ;
#4604 = AXIS2_PLACEMENT_3D ( 'NONE', #4019, #2514, #791 ) ;
#4605 = DIRECTION ( 'NONE',  ( 0.000000000000000000, -0.1736481776669307198, 0.9848077530122080203 ) ) ;
#4606 = LINE ( 'NONE', #1577, #1893 ) ;
#4607 = ORIENTED_EDGE ( 'NONE', *, *, #3505, .F. ) ;
#4608 = CARTESIAN_POINT ( 'NONE',  ( 7.042661527940076382, -0.08566339491223785851, 4.850000000000004086 ) ) ;
#4609 = AXIS2_PLACEMENT_3D ( 'NONE', #2167, #3278, #4771 ) ;
#4610 = ORIENTED_EDGE ( 'NONE', *, *, #1817, .F. ) ;
#4611 = CARTESIAN_POINT ( 'NONE',  ( 6.899999999999998579, -0.2999999999999999889, 4.837500000000003020 ) ) ;
#4612 = AXIS2_PLACEMENT_3D ( 'NONE', #3409, #3073, #3852 ) ;
#4613 = LINE ( 'NONE', #2741, #1883 ) ;
#4614 = ORIENTED_EDGE ( 'NONE', *, *, #4832, .F. ) ;
#4615 = LINE ( 'NONE', #4246, #3920 ) ;
#4616 = AXIS2_PLACEMENT_3D ( 'NONE', #401, #4040, #1119 ) ;
#4617 = ORIENTED_EDGE ( 'NONE', *, *, #1022, .T. ) ;
#4618 = EDGE_CURVE ( 'NONE', #4060, #1945, #486, .T. ) ;
#4619 = DIRECTION ( 'NONE',  ( 0.000000000000000000, 0.000000000000000000, -1.000000000000000000 ) ) ;
#4620 = ORIENTED_EDGE ( 'NONE', *, *, #4618, .T. ) ;
#4621 = AXIS2_PLACEMENT_3D ( 'NONE', #1524, #2677, #3444 ) ;
#4622 = CARTESIAN_POINT ( 'NONE',  ( 6.899999999999998579, -0.2492928932188133995, -4.850000000000001421 ) ) ;
#4623 = CARTESIAN_POINT ( 'NONE',  ( -7.078949184157627528, -0.1483758298185829105, -5.100000000000061817 ) ) ;
#4624 = CARTESIAN_POINT ( 'NONE',  ( -6.900000000000002132, -0.2999999999999999889, 5.100000000000000533 ) ) ;
#4625 = CARTESIAN_POINT ( 'NONE',  ( 5.652006451087618011, -0.03994332498388182551, -5.099999999999998757 ) ) ;
#4626 = CARTESIAN_POINT ( 'NONE',  ( -7.650000000000003908, -3.900000000000000355, 3.549999999999999822 ) ) ;
#4627 = VECTOR ( 'NONE', #152, 1000.000000000000000 ) ;
#4628 = ADVANCED_FACE ( 'NONE', ( #1983 ), #3393, .T. ) ;
#4629 = CARTESIAN_POINT ( 'NONE',  ( 7.019785807144829803, -0.2438471263512874132, -5.050000000000008704 ) ) ;
#4630 = CARTESIAN_POINT ( 'NONE',  ( 5.799999999999998046, -0.2496464466094066859, 4.849999999999999645 ) ) ;
#4631 = CARTESIAN_POINT ( 'NONE',  ( -7.650000000000003908, -3.900000000000000355, -3.549999999999999822 ) ) ;
#4632 = CARTESIAN_POINT ( 'NONE',  ( 5.552513419735568334, -0.05000000000000034972, -4.899999999999999467 ) ) ;
#4633 = CARTESIAN_POINT ( 'NONE',  ( -5.800000000000002487, -0.2496464466094066859, -5.099999999999998757 ) ) ;
#4634 = ORIENTED_EDGE ( 'NONE', *, *, #4139, .T. ) ;
#4635 = DIRECTION ( 'NONE',  ( -0.000000000000000000, -0.000000000000000000, -1.000000000000000000 ) ) ;
#4636 =( BOUNDED_SURFACE ( )  B_SPLINE_SURFACE ( 3, 2, ( 
 ( #732, #2192, #1048, #3284, #2877 ),
 ( #4429, #2147, #4824, #283, #353 ),
 ( #2492, #1017, #1088, #1821, #1772 ),
 ( #1845, #257, #3678, #4410, #1069 ),
 ( #3652, #4356, #654, #3261, #3308 ),
 ( #3629, #3331, #1428, #2855, #1404 ),
 ( #4384, #2513, #3966, #624, #2562 ),
 ( #4753, #3991, #3602, #2542, #4018 ) ),
 .UNSPECIFIED., .F., .F., .F. ) 
 B_SPLINE_SURFACE_WITH_KNOTS ( ( 4, 2, 2, 4 ),
 ( 3, 2, 3 ),
 ( 0.000000000000000000, 6.954209021615658632E-05, 0.0001390841804323131726, 0.0002781683608646263453 ),
 ( -0.01000000000000000021, 0.000000000000000000, 1.000000000000000000 ),
 .UNSPECIFIED. ) 
 GEOMETRIC_REPRESENTATION_ITEM ( )  RATIONAL_B_SPLINE_SURFACE ( (
 ( 1.000000000000000000, 1.000000000000000000, 1.000000000000000000, 0.7071067811865475727, 1.000000000000000000),
 ( 1.000000000000000000, 1.000000000000000000, 1.000000000000000000, 0.7071067811865475727, 1.000000000000000000),
 ( 1.000000000000000000, 1.000000000000000000, 1.000000000000000000, 0.7071067811865452413, 1.000000000000000000),
 ( 1.000000000000000000, 1.000000000000000000, 1.000000000000000000, 0.7071067811865452413, 1.000000000000000000),
 ( 1.000000000000000000, 1.000000000000000000, 1.000000000000000000, 0.7071067811865414665, 1.000000000000000000),
 ( 1.000000000000000000, 1.000000000000000000, 1.000000000000000000, 0.7071067811865414665, 1.000000000000000000),
 ( 1.000000000000000000, 1.000000000000000000, 1.000000000000000000, 0.7071067811865414665, 1.000000000000000000),
 ( 1.000000000000000000, 1.000000000000000000, 1.000000000000000000, 0.7071067811865414665, 1.000000000000000000) ) ) 
 REPRESENTATION_ITEM ( '' )  SURFACE ( )  );
#4637 = CARTESIAN_POINT ( 'NONE',  ( -5.621051117350234883, -0.1483756555018302947, -4.900000000000060751 ) ) ;
#4638 = PRESENTATION_LAYER_ASSIGNMENT (  '', '', ( #2696 ) ) ;
#4639 = VERTEX_POINT ( 'NONE', #4194 ) ;
#4640 = CARTESIAN_POINT ( 'NONE',  ( 6.981664854466812287, -0.2099445089812408682, 5.100000000000002309 ) ) ;
#4641 = VECTOR ( 'NONE', #4318, 1000.000000000000000 ) ;
#4642 = PLANE ( 'NONE',  #3974 ) ;
#4643 = ORIENTED_EDGE ( 'NONE', *, *, #3551, .T. ) ;
#4644 = CARTESIAN_POINT ( 'NONE',  ( 5.656990965766458324, -0.08574104439933472044, -4.849999999999999645 ) ) ;
#4645 = ORIENTED_EDGE ( 'NONE', *, *, #204, .T. ) ;
#4646 = FACE_OUTER_BOUND ( 'NONE', #761, .T. ) ;
#4647 = EDGE_CURVE ( 'NONE', #3711, #1556, #1917, .T. ) ;
#4648 = ORIENTED_EDGE ( 'NONE', *, *, #3897, .F. ) ;
#4649 = DIRECTION ( 'NONE',  ( 1.000000000000000000, 0.000000000000000000, 0.000000000000000000 ) ) ;
#4650 = DIRECTION ( 'NONE',  ( -0.1710878697460358477, 0.9702875252478138091, 0.1710878697460357090 ) ) ;
#4651 = CARTESIAN_POINT ( 'NONE',  ( -6.945400771172579368, -0.2394237240209475259, 5.100000000000000533 ) ) ;
#4652 = EDGE_CURVE ( 'NONE', #2817, #2367, #391, .T. ) ;
#4653 = LINE ( 'NONE', #3570, #23 ) ;
#4654 = DIRECTION ( 'NONE',  ( -1.000000000000000000, 0.000000000000000000, 0.000000000000000000 ) ) ;
#4655 = DIRECTION ( 'NONE',  ( 0.000000000000000000, 1.000000000000000000, 0.000000000000000000 ) ) ;
#4656 = ADVANCED_FACE ( 'NONE', ( #1558 ), #3628, .T. ) ;
#4657 = CARTESIAN_POINT ( 'NONE',  ( -5.800000000000003375, -0.2999999999999999889, -5.099999999999998757 ) ) ;
#4658 = ORIENTED_EDGE ( 'NONE', *, *, #138, .T. ) ;
#4659 = CARTESIAN_POINT ( 'NONE',  ( -7.650000000000003908, -3.900000000000000355, -4.049999999999999822 ) ) ;
#4660 = B_SPLINE_CURVE_WITH_KNOTS ( 'NONE', 3,
 ( #1635, #1660, #4696, #3885, #252, #543, #3960, #1351 ),
 .UNSPECIFIED., .F., .F.,
 ( 4, 2, 2, 4 ),
 ( 0.000000000000000000, 0.0001390072422777307204, 0.0002085108634165960806, 0.0002780144845554614408 ),
 .UNSPECIFIED. ) ;
#4661 = DIRECTION ( 'NONE',  ( -1.000000000000000000, -0.000000000000000000, -0.000000000000000000 ) ) ;
#4662 = VERTEX_POINT ( 'NONE', #4514 ) ;
#4663 = CARTESIAN_POINT ( 'NONE',  ( 7.099999999999996980, 0.000000000000000000, 5.112500000000000711 ) ) ;
#4664 = CYLINDRICAL_SURFACE ( 'NONE', #462, 0.04999999999999969746 ) ;
#4665 = VERTEX_POINT ( 'NONE', #788 ) ;
#4666 = CARTESIAN_POINT ( 'NONE',  ( 7.047993548912378614, -0.03994332498388154101, -5.050000000000000711 ) ) ;
#4667 = ORIENTED_EDGE ( 'NONE', *, *, #3569, .F. ) ;
#4668 = PLANE ( 'NONE',  #1588 ) ;
#4669 = ORIENTED_EDGE ( 'NONE', *, *, #2119, .F. ) ;
#4670 = DIRECTION ( 'NONE',  ( 1.000000000000000000, 0.000000000000000000, 0.000000000000000000 ) ) ;
#4671 = DIRECTION ( 'NONE',  ( -1.000000000000000000, 0.000000000000000000, 0.000000000000000000 ) ) ;
#4672 = CARTESIAN_POINT ( 'NONE',  ( 0.000000000000000000, -0.2499999999999999445, 4.899999999999999467 ) ) ;
#4673 = CARTESIAN_POINT ( 'NONE',  ( 6.995922111695380252, -0.1913804194949914050, -5.099999999999998757 ) ) ;
#4674 = CARTESIAN_POINT ( 'NONE',  ( 5.652709973059117488, -0.03987221355289504582, 4.850000000000001421 ) ) ;
#4675 = CARTESIAN_POINT ( 'NONE',  ( -7.147486580264436284, 0.04999999999999969746, 5.100000000000000533 ) ) ;
#4676 = DIRECTION ( 'NONE',  ( 0.000000000000000000, 0.000000000000000000, 1.000000000000000000 ) ) ;
#4677 = ORIENTED_EDGE ( 'NONE', *, *, #4116, .F. ) ;
#4678 = EDGE_CURVE ( 'NONE', #3675, #457, #2672, .T. ) ;
#4679 = EDGE_CURVE ( 'NONE', #3439, #2983, #1674, .T. ) ;
#4680 = AXIS2_PLACEMENT_3D ( 'NONE', #1406, #2972, #3240 ) ;
#4681 = DIRECTION ( 'NONE',  ( -1.000000000000000000, 0.000000000000000000, 0.000000000000000000 ) ) ;
#4682 = CARTESIAN_POINT ( 'NONE',  ( -7.147486580264432732, 0.000000000000000000, -4.850000000000001421 ) ) ;
#4683 = ORIENTED_EDGE ( 'NONE', *, *, #2905, .T. ) ;
#4684 = AXIS2_PLACEMENT_3D ( 'NONE', #3500, #229, #2371 ) ;
#4685 = EDGE_CURVE ( 'NONE', #4112, #2817, #4500, .T. ) ;
#4686 = EDGE_CURVE ( 'NONE', #4827, #4520, #2477, .T. ) ;
#4687 = CARTESIAN_POINT ( 'NONE',  ( 7.099999999999996980, 0.000000000000000000, 4.929166666666664476 ) ) ;
#4688 = AXIS2_PLACEMENT_3D ( 'NONE', #2063, #541, #1610 ) ;
#4689 = ORIENTED_EDGE ( 'NONE', *, *, #2127, .F. ) ;
#4690 = CARTESIAN_POINT ( 'NONE',  ( 5.704077888304667887, -0.1913804194949939030, -4.850000000000001421 ) ) ;
#4691 = EDGE_LOOP ( 'NONE', ( #2267, #4592, #3292, #930 ) ) ;
#4692 = AXIS2_PLACEMENT_3D ( 'NONE', #3023, #4508, #1574 ) ;
#4693 = PLANE ( 'NONE',  #1282 ) ;
#4694 = VERTEX_POINT ( 'NONE', #2769 ) ;
#4695 = CARTESIAN_POINT ( 'NONE',  ( -8.850000000000003197, 0.1000000000000000056, -4.850000000000001421 ) ) ;
#4696 = CARTESIAN_POINT ( 'NONE',  ( -7.030935472040627410, -0.1315785031656184767, -4.849999999999996980 ) ) ;
#4697 = CARTESIAN_POINT ( 'NONE',  ( -7.047993548912383943, -0.03994332498388145081, -5.049999999999998934 ) ) ;
#4698 = DIRECTION ( 'NONE',  ( -1.000000000000000000, 0.000000000000000000, 0.000000000000000000 ) ) ;
#4699 = ADVANCED_FACE ( 'NONE', ( #4243 ), #508, .T. ) ;
#4700 = CARTESIAN_POINT ( 'NONE',  ( 7.043009034233459253, -0.08574104439931447275, -5.100000000000000533 ) ) ;
#4701 = CIRCLE ( 'NONE', #2763, 0.04999999999999969746 ) ;
#4702 = CARTESIAN_POINT ( 'NONE',  ( 5.761352311731553932, -0.2999989463167807013, 4.850000000000060929 ) ) ;
#4703 = CARTESIAN_POINT ( 'NONE',  ( -5.718131882530023802, -0.2102494280711734720, 4.850000000000000533 ) ) ;
#4704 = LINE ( 'NONE', #2047, #855 ) ;
#4705 = CARTESIAN_POINT ( 'NONE',  ( -5.652709973059121040, -0.03987221355288107782, -5.099999999999998757 ) ) ;
#4706 = CIRCLE ( 'NONE', #3377, 0.04999999999999969746 ) ;
#4707 = ORIENTED_EDGE ( 'NONE', *, *, #3186, .F. ) ;
#4708 = FACE_OUTER_BOUND ( 'NONE', #925, .T. ) ;
#4709 =( GEOMETRIC_REPRESENTATION_CONTEXT ( 3 ) GLOBAL_UNCERTAINTY_ASSIGNED_CONTEXT ( ( #1759 ) ) GLOBAL_UNIT_ASSIGNED_CONTEXT ( ( #4478, #3722, #701 ) ) REPRESENTATION_CONTEXT ( 'NONE', 'WORKASPACE' ) );
#4710 = FACE_OUTER_BOUND ( 'NONE', #1319, .T. ) ;
#4711 = VERTEX_POINT ( 'NONE', #3926 ) ;
#4712 = PLANE ( 'NONE',  #1979 ) ;
#4713 = DIRECTION ( 'NONE',  ( 0.000000000000000000, 0.000000000000000000, 1.000000000000000000 ) ) ;
#4714 = ADVANCED_FACE ( 'NONE', ( #511 ), #1700, .T. ) ;
#4715 = EDGE_LOOP ( 'NONE', ( #566, #4169, #3765, #4683 ) ) ;
#4716 = CARTESIAN_POINT ( 'NONE',  ( -6.900000000000003908, -0.2999999999999999889, 4.850000000000000533 ) ) ;
#4717 = TOROIDAL_SURFACE ( 'NONE', #4017, 0.1000000000000000056, 0.05000000000000000278 ) ;
#4718 = CARTESIAN_POINT ( 'NONE',  ( -5.669064527959372768, -0.1315785031656113713, -5.099999999999996980 ) ) ;
#4719 = CARTESIAN_POINT ( 'NONE',  ( 5.299999999999998046, 15.10000000000000142, 1.000000000000000666 ) ) ;
#4720 = FACE_OUTER_BOUND ( 'NONE', #3014, .T. ) ;
#4721 = PLANE ( 'NONE',  #1254 ) ;
#4722 = DIRECTION ( 'NONE',  ( 0.000000000000000000, 0.000000000000000000, -1.000000000000000000 ) ) ;
#4723 = VERTEX_POINT ( 'NONE', #242 ) ;
#4724 = LINE ( 'NONE', #2783, #415 ) ;
#4725 = CARTESIAN_POINT ( 'NONE',  ( -9.050000000000004263, 0.04999999999999969746, -5.049999999999998934 ) ) ;
#4726 = DIRECTION ( 'NONE',  ( 0.000000000000000000, 0.000000000000000000, 1.000000000000000000 ) ) ;
#4727 = EDGE_CURVE ( 'NONE', #4694, #239, #1137, .T. ) ;
#4728 = CARTESIAN_POINT ( 'NONE',  ( 5.599999999999996980, -0.2999999999999999889, 5.020833333333328596 ) ) ;
#4729 = CARTESIAN_POINT ( 'NONE',  ( -5.761352628014269506, -0.2999999999999999889, -5.049999999999946532 ) ) ;
#4730 = ORIENTED_EDGE ( 'NONE', *, *, #1881, .F. ) ;
#4731 = CARTESIAN_POINT ( 'NONE',  ( -7.650000000000003908, -4.400000000000000355, -3.961836509645767279 ) ) ;
#4732 = B_SPLINE_CURVE_WITH_KNOTS ( 'NONE', 3,
 ( #3422, #78, #1569, #1204, #1323, #3135, #1661, #4625 ),
 .UNSPECIFIED., .F., .F.,
 ( 4, 2, 2, 4 ),
 ( 0.000000000000000000, 6.947132448068583661E-05, 0.0001389426489613716732, 0.0002778852979227447017 ),
 .UNSPECIFIED. ) ;
#4733 = CARTESIAN_POINT ( 'NONE',  ( -8.850000000000003197, 0.05000000000000000278, -4.899999999999999467 ) ) ;
#4734 = CARTESIAN_POINT ( 'NONE',  ( -5.600000000000004086, 0.000000000000000000, 5.020833333333341919 ) ) ;
#4735 = ORIENTED_EDGE ( 'NONE', *, *, #921, .F. ) ;
#4736 = DIRECTION ( 'NONE',  ( 1.000000000000000000, 0.000000000000000000, 0.000000000000000000 ) ) ;
#4737 =( BOUNDED_SURFACE ( )  B_SPLINE_SURFACE ( 2, 3, ( 
 ( #1727, #4734, #582, #1698 ),
 ( #606, #1028, #947, #1388 ),
 ( #4394, #1057, #3195, #4315 ) ),
 .UNSPECIFIED., .F., .F., .F. ) 
 B_SPLINE_SURFACE_WITH_KNOTS ( ( 3, 3 ),
 ( 4, 4 ),
 ( 0.000000000000000000, 1.000000000000000000 ),
 ( -0.005112500000000000724, -0.004837499999999999786 ),
 .UNSPECIFIED. ) 
 GEOMETRIC_REPRESENTATION_ITEM ( )  RATIONAL_B_SPLINE_SURFACE ( (
 ( 1.000000000000000000, 1.000000000000000000, 1.000000000000000000, 1.000000000000000000),
 ( 0.7071067811865475727, 0.7071067811865475727, 0.7071067811865475727, 0.7071067811865475727),
 ( 1.000000000000000000, 1.000000000000000000, 1.000000000000000000, 1.000000000000000000) ) ) 
 REPRESENTATION_ITEM ( '' )  SURFACE ( )  );
#4738 = CARTESIAN_POINT ( 'NONE',  ( 7.030666824769446599, -0.1312847592859538448, 5.099999999999997868 ) ) ;
#4739 = UNCERTAINTY_MEASURE_WITH_UNIT (LENGTH_MEASURE( 1.000000000000000082E-05 ), #3270, 'distance_accuracy_value', 'NONE');
#4740 = LINE ( 'NONE', #3512, #4052 ) ;
#4741 = ORIENTED_EDGE ( 'NONE', *, *, #1167, .T. ) ;
#4742 = CARTESIAN_POINT ( 'NONE',  ( -6.981932520554946286, -0.2101825570401294196, 4.850000000000002309 ) ) ;
#4743 = EDGE_CURVE ( 'NONE', #959, #684, #2842, .T. ) ;
#4744 = LINE ( 'NONE', #2209, #4801 ) ;
#4745 = EDGE_CURVE ( 'NONE', #1986, #1125, #191, .T. ) ;
#4746 = ADVANCED_FACE ( 'NONE', ( #586 ), #1349, .T. ) ;
#4747 = CARTESIAN_POINT ( 'NONE',  ( 6.981397188378642760, -0.2097064609223748266, -4.850000000000001421 ) ) ;
#4748 = LINE ( 'NONE', #723, #787 ) ;
#4749 = CARTESIAN_POINT ( 'NONE',  ( -7.097740064588408337, -0.04497166249194763099, -5.049999999999998934 ) ) ;
#4750 = CARTESIAN_POINT ( 'NONE',  ( -5.704077888304651900, -0.1913804194949883797, 4.850000000000001421 ) ) ;
#4751 = ORIENTED_EDGE ( 'NONE', *, *, #4589, .T. ) ;
#4752 = CARTESIAN_POINT ( 'NONE',  ( -6.900000000000003908, -0.2999999999999999889, -4.899999999999999467 ) ) ;
#4753 = CARTESIAN_POINT ( 'NONE',  ( -7.047290026940885355, -0.03987221355288090435, -4.849999999999997868 ) ) ;
#4754 = CARTESIAN_POINT ( 'NONE',  ( -5.754467464618914896, -0.2397576833100539262, 4.850000000000000533 ) ) ;
#4755 = CARTESIAN_POINT ( 'NONE',  ( 8.850000000000004974, 0.1000000000000000056, -4.850000000000001421 ) ) ;
#4756 = CARTESIAN_POINT ( 'NONE',  ( -7.150000000000004796, -3.900000000000000355, -4.049999999999999822 ) ) ;
#4757 = EDGE_LOOP ( 'NONE', ( #3626, #1149, #3469, #3783 ) ) ;
#4758 = CLOSED_SHELL ( 'NONE', ( #1012, #298, #2416, #1786, #3472, #4386, #357, #526, #1576, #859 ) ) ;
#4759 = AXIS2_PLACEMENT_3D ( 'NONE', #1856, #765, #3297 ) ;
#4760 = VERTEX_POINT ( 'NONE', #4346 ) ;
#4761 = DIRECTION ( 'NONE',  ( 0.1710878697460358755, 0.9702875252478138091, 0.1710878697460358755 ) ) ;
#4762 = AXIS2_PLACEMENT_3D ( 'NONE', #323, #1741, #2212 ) ;
#4763 = CARTESIAN_POINT ( 'NONE',  ( 7.078949184157534269, -0.1483758298185911262, 5.099999999999997868 ) ) ;
#4764 = CARTESIAN_POINT ( 'NONE',  ( 7.078949184157557362, -0.1483758298185916258, 4.849999999999978328 ) ) ;
#4765 = ORIENTED_EDGE ( 'NONE', *, *, #2137, .T. ) ;
#4766 = CARTESIAN_POINT ( 'NONE',  ( -6.900000000000003908, -0.2499999999999999445, 4.850000000000001421 ) ) ;
#4767 = DIRECTION ( 'NONE',  ( 0.000000000000000000, 0.000000000000000000, 1.000000000000000000 ) ) ;
#4768 = AXIS2_PLACEMENT_3D ( 'NONE', #3808, #460, #2343 ) ;
#4769 = DIRECTION ( 'NONE',  ( 0.000000000000000000, 0.000000000000000000, 1.000000000000000000 ) ) ;
#4770 = CARTESIAN_POINT ( 'NONE',  ( -7.047993548912384831, -0.03994332498388174224, 5.100000000000000533 ) ) ;
#4771 = DIRECTION ( 'NONE',  ( 1.000000000000000000, 3.523657060577910710E-15, 0.000000000000000000 ) ) ;
#4772 = CARTESIAN_POINT ( 'NONE',  ( -5.718602811621293469, -0.2097064609223470988, 4.850000000000002309 ) ) ;
#4773 = CIRCLE ( 'NONE', #2126, 0.04999999999999969746 ) ;
#4774 = EDGE_CURVE ( 'NONE', #4161, #959, #3543, .T. ) ;
#4775 = ORIENTED_EDGE ( 'NONE', *, *, #2756, .T. ) ;
#4776 = DIRECTION ( 'NONE',  ( 0.000000000000000000, 0.000000000000000000, 1.000000000000000000 ) ) ;
#4777 = VECTOR ( 'NONE', #4310, 1000.000000000000000 ) ;
#4778 = DIRECTION ( 'NONE',  ( 0.000000000000000000, 0.000000000000000000, 1.000000000000000000 ) ) ;
#4779 = DIRECTION ( 'NONE',  ( -1.000000000000000000, 0.000000000000000000, 0.000000000000000000 ) ) ;
#4780 = CARTESIAN_POINT ( 'NONE',  ( -5.718131882530089527, -0.2102494280712567665, 5.099999999999997868 ) ) ;
#4781 = EDGE_CURVE ( 'NONE', #1341, #2161, #1004, .T. ) ;
#4782 = ORIENTED_EDGE ( 'NONE', *, *, #2004, .T. ) ;
#4783 = B_SPLINE_CURVE_WITH_KNOTS ( 'NONE', 3,
 ( #32, #1357, #2878, #3375, #393, #284, #655, #1493 ),
 .UNSPECIFIED., .F., .F.,
 ( 4, 2, 2, 4 ),
 ( 0.000000000000000000, 0.0001390072422777373883, 0.0002085108634166061366, 0.0002780144845554748849 ),
 .UNSPECIFIED. ) ;
#4784 = AXIS2_PLACEMENT_3D ( 'NONE', #1445, #2895, #4379 ) ;
#4785 = CIRCLE ( 'NONE', #3300, 0.1000000000000002554 ) ;
#4786 = CARTESIAN_POINT ( 'NONE',  ( 5.669333175230566013, -0.1312847592859374413, 5.099999999999997868 ) ) ;
#4787 = DIRECTION ( 'NONE',  ( 1.000000000000000000, 0.000000000000000000, 0.000000000000000000 ) ) ;
#4788 = VERTEX_POINT ( 'NONE', #314 ) ;
#4789 = ORIENTED_EDGE ( 'NONE', *, *, #2251, .T. ) ;
#4790 = VECTOR ( 'NONE', #1972, 1000.000000000000000 ) ;
#4791 = CARTESIAN_POINT ( 'NONE',  ( -7.092501288939322635, -0.09680009177564014022, 5.049999999999960743 ) ) ;
#4792 = CARTESIAN_POINT ( 'NONE',  ( 0.000000000000000000, 0.000000000000000000, 0.000000000000000000 ) ) ;
#4793 = ORIENTED_EDGE ( 'NONE', *, *, #2420, .T. ) ;
#4794 = CARTESIAN_POINT ( 'NONE',  ( -6.945400771172585586, -0.2394237240209411977, 4.850000000000002309 ) ) ;
#4795 = LINE ( 'NONE', #2605, #1287 ) ;
#4796 = CARTESIAN_POINT ( 'NONE',  ( 7.097740064588403008, -0.04497166249194830406, -4.899999999999998579 ) ) ;
#4797 = PRESENTATION_STYLE_ASSIGNMENT (( #2166 ) ) ;
#4798 = CARTESIAN_POINT ( 'NONE',  ( -5.800000000000003375, -0.2499999999999999445, -4.850000000000001421 ) ) ;
#4799 =( BOUNDED_CURVE ( )  B_SPLINE_CURVE ( 2, ( #1368, #3979, #2530 ),
 .UNSPECIFIED., .F., .F. ) 
 B_SPLINE_CURVE_WITH_KNOTS ( ( 3, 3 ),
 ( 0.000000000000000000, 1.000000000000000000 ),
 .UNSPECIFIED. ) 
 CURVE ( )  GEOMETRIC_REPRESENTATION_ITEM ( )  RATIONAL_B_SPLINE_CURVE ( ( 0.9457047908995579455, 0.7373842891637745200, 1.000000000000000000 ) ) 
 REPRESENTATION_ITEM ( '' )  );
#4800 = LINE ( 'NONE', #1424, #4308 ) ;
#4801 = VECTOR ( 'NONE', #1082, 1000.000000000000000 ) ;
#4802 = ORIENTED_EDGE ( 'NONE', *, *, #3616, .F. ) ;
#4803 = CARTESIAN_POINT ( 'NONE',  ( -9.050000000000004263, 15.19999999999999929, 5.050000000000000711 ) ) ;
#4804 = CARTESIAN_POINT ( 'NONE',  ( -7.650000000000003908, -3.900000000000000355, -4.049999999999999822 ) ) ;
#4805 = DIRECTION ( 'NONE',  ( 1.000000000000000000, 0.000000000000000000, 0.000000000000000000 ) ) ;
#4806 = CARTESIAN_POINT ( 'NONE',  ( -9.100000000000003197, 15.19999999999999929, -5.099999999999998757 ) ) ;
#4807 = VERTEX_POINT ( 'NONE', #4047 ) ;
#4808 = EDGE_CURVE ( 'NONE', #307, #4760, #531, .T. ) ;
#4809 = EDGE_CURVE ( 'NONE', #24, #234, #2528, .T. ) ;
#4810 = CARTESIAN_POINT ( 'NONE',  ( -5.628037993184790366, -0.2999999999999999334, 4.899999999999998579 ) ) ;
#4811 = CARTESIAN_POINT ( 'NONE',  ( 5.761352628014237531, -0.2999999999999999889, -5.049999999999979394 ) ) ;
#4812 = ORIENTED_EDGE ( 'NONE', *, *, #3394, .T. ) ;
#4813 = LINE ( 'NONE', #4317, #1900 ) ;
#4814 = CARTESIAN_POINT ( 'NONE',  ( 6.996211726570292555, -0.1915858581629986401, 5.099999999999997868 ) ) ;
#4815 = DIRECTION ( 'NONE',  ( -0.9949303135204946580, -0.1005667501613239923, 0.000000000000000000 ) ) ;
#4816 = ORIENTED_EDGE ( 'NONE', *, *, #4392, .T. ) ;
#4817 = CARTESIAN_POINT ( 'NONE',  ( -6.995922111695333179, -0.1913804194949912940, 4.850000000000001421 ) ) ;
#4818 = DIRECTION ( 'NONE',  ( -0.000000000000000000, -0.000000000000000000, -1.000000000000000000 ) ) ;
#4819 = CARTESIAN_POINT ( 'NONE',  ( 9.049999999999991829, 0.04999999999999969746, -5.099999999999998757 ) ) ;
#4820 = LINE ( 'NONE', #1466, #3988 ) ;
#4821 = CARTESIAN_POINT ( 'NONE',  ( -5.669333175230531374, -0.1312847592859339163, 4.850000000000001421 ) ) ;
#4822 = ORIENTED_EDGE ( 'NONE', *, *, #1967, .F. ) ;
#4823 = LINE ( 'NONE', #4752, #2454 ) ;
#4824 = CARTESIAN_POINT ( 'NONE',  ( -6.923744401563550532, -0.2499993830452395538, -4.850000000000001421 ) ) ;
#4825 = DIRECTION ( 'NONE',  ( 0.000000000000000000, 1.000000000000000000, 0.000000000000000000 ) ) ;
#4826 = CARTESIAN_POINT ( 'NONE',  ( 7.047993548912376838, -0.03994332498388185326, 5.100000000000000533 ) ) ;
#4827 = VERTEX_POINT ( 'NONE', #290 ) ;
#4828 = CARTESIAN_POINT ( 'NONE',  ( 6.945532535380963601, -0.2397576833101286164, -5.099999999999999645 ) ) ;
#4829 = DIRECTION ( 'NONE',  ( -0.000000000000000000, -0.000000000000000000, -1.000000000000000000 ) ) ;
#4830 = VERTEX_POINT ( 'NONE', #1367 ) ;
#4831 = EDGE_CURVE ( 'NONE', #1309, #2722, #1101, .T. ) ;
#4832 = EDGE_CURVE ( 'NONE', #2744, #2591, #638, .T. ) ;
#4833 = AXIS2_PLACEMENT_3D ( 'NONE', #4167, #3464, #1232 ) ;
#4834 = DIRECTION ( 'NONE',  ( 0.000000000000000000, 0.000000000000000000, 1.000000000000000000 ) ) ;
#4835 = VERTEX_POINT ( 'NONE', #742 ) ;
ENDSEC;
END-ISO-10303-21;
